# Rhino

mtllib crawler_base.mtl
usemtl diffuse_DimGray
v -854.0032958984375 117.01594543457031 96.511756896972656
v -854.0032958984375 317.01593017578125 96.511756896972656
v -804.0032958984375 117.01594543457031 96.511756896972656
v -804.0032958984375 317.01593017578125 96.511756896972656
v -804.0032958984375 137.01594543457031 96.511756896972656
v -804.0032958984375 157.01594543457031 96.511756896972656
v -804.0032958984375 177.01594543457031 96.511756896972656
v -804.0032958984375 197.01594543457031 96.511756896972656
v -804.0032958984375 217.01594543457031 96.511756896972656
v -804.0032958984375 237.01594543457031 96.511756896972656
v -804.0032958984375 257.01593017578125 96.511756896972656
v -804.0032958984375 277.01593017578125 96.511756896972656
v -804.0032958984375 297.01593017578125 96.511756896972656
v -854.0032958984375 217.01594543457031 96.511756896972656
v -829.0032958984375 217.01594543457031 96.511756896972656
v -816.5032958984375 217.01594543457031 96.511756896972656
v -829.0032958984375 167.01594543457031 96.511756896972656
v -816.5032958984375 167.01594543457031 96.511756896972656
v -829.0032958984375 267.01593017578125 96.511756896972656
v -816.5032958984375 267.01593017578125 96.511756896972656
v -854.0032958984375 297.01593017578125 96.511756896972656
v -854.0032958984375 277.01593017578125 96.511756896972656
v -854.0032958984375 257.01593017578125 96.511756896972656
v -854.0032958984375 237.01594543457031 96.511756896972656
v -854.0032958984375 197.01594543457031 96.511756896972656
v -854.0032958984375 177.01594543457031 96.511756896972656
v -854.0032958984375 157.01594543457031 96.511756896972656
v -854.0032958984375 137.01594543457031 96.511756896972656
v -841.5032958984375 217.01594543457031 96.511756896972656
v -841.5032958984375 267.01593017578125 96.511756896972656
v -841.5032958984375 167.01594543457031 96.511756896972656
v -804.0032958984375 117.01594543457031 -96.511756896972656
v -804.0032958984375 317.01593017578125 -96.511756896972656
v -854.0032958984375 117.01594543457031 -96.511756896972656
v -854.0032958984375 317.01593017578125 -96.511756896972656
v -804.0032958984375 297.01593017578125 -96.511756896972656
v -804.0032958984375 277.01593017578125 -96.511756896972656
v -804.0032958984375 257.01593017578125 -96.511756896972656
v -804.0032958984375 237.01594543457031 -96.511756896972656
v -804.0032958984375 217.01594543457031 -96.511756896972656
v -804.0032958984375 197.01594543457031 -96.511756896972656
v -804.0032958984375 177.01594543457031 -96.511756896972656
v -804.0032958984375 157.01594543457031 -96.511756896972656
v -804.0032958984375 137.01594543457031 -96.511756896972656
v -854.0032958984375 217.01594543457031 -96.511756896972656
v -829.0032958984375 217.01594543457031 -96.511756896972656
v -829.0032958984375 267.01593017578125 -96.511756896972656
v -816.5032958984375 217.01594543457031 -96.511756896972656
v -816.5032958984375 267.01593017578125 -96.511756896972656
v -829.0032958984375 167.01594543457031 -96.511756896972656
v -816.5032958984375 167.01594543457031 -96.511756896972656
v -854.0032958984375 137.01594543457031 -96.511756896972656
v -854.0032958984375 157.01594543457031 -96.511756896972656
v -854.0032958984375 177.01594543457031 -96.511756896972656
v -854.0032958984375 197.01594543457031 -96.511756896972656
v -854.0032958984375 237.01594543457031 -96.511756896972656
v -854.0032958984375 257.01593017578125 -96.511756896972656
v -854.0032958984375 277.01593017578125 -96.511756896972656
v -854.0032958984375 297.01593017578125 -96.511756896972656
v -841.5032958984375 217.01594543457031 -96.511756896972656
v -841.5032958984375 167.01594543457031 -96.511756896972656
v -841.5032958984375 267.01593017578125 -96.511756896972656
v -854.0032958984375 145.58737182617188 -68.936973571777344
v -854.0032958984375 174.15879821777344 -68.936973571777344
v -854.0032958984375 202.730224609375 -68.936973571777344
v -854.0032958984375 231.30165100097656 -68.936973571777344
v -854.0032958984375 259.87307739257813 -68.936973571777344
v -854.0032958984375 288.44451904296875 -68.936973571777344
v -854.0032958984375 145.58737182617188 -41.3621826171875
v -854.0032958984375 174.15879821777344 -41.3621826171875
v -854.0032958984375 202.730224609375 -41.3621826171875
v -854.0032958984375 231.30165100097656 -41.3621826171875
v -854.0032958984375 259.87307739257813 -41.3621826171875
v -854.0032958984375 288.44451904296875 -41.3621826171875
v -854.0032958984375 145.58737182617188 -13.787394523620605
v -854.0032958984375 174.15879821777344 -13.787394523620605
v -854.0032958984375 202.730224609375 -13.787394523620605
v -854.0032958984375 145.58737182617188 13.787394523620605
v -854.0032958984375 174.15879821777344 13.787394523620605
v -854.0032958984375 202.730224609375 13.787394523620605
v -854.0032958984375 145.58737182617188 41.3621826171875
v -854.0032958984375 174.15879821777344 41.3621826171875
v -854.0032958984375 202.730224609375 41.3621826171875
v -854.0032958984375 231.30165100097656 41.3621826171875
v -854.0032958984375 259.87307739257813 41.3621826171875
v -854.0032958984375 288.44451904296875 41.3621826171875
v -854.0032958984375 145.58737182617188 68.936973571777344
v -854.0032958984375 174.15879821777344 68.936973571777344
v -854.0032958984375 202.730224609375 68.936973571777344
v -854.0032958984375 231.30165100097656 68.936973571777344
v -854.0032958984375 259.87307739257813 68.936973571777344
v -854.0032958984375 288.44451904296875 68.936973571777344
v -854.0032958984375 117.01594543457031 -77.20941162109375
v -854.0032958984375 117.01594543457031 -57.907054901123047
v -854.0032958984375 117.01594543457031 -38.604705810546875
v -854.0032958984375 117.01594543457031 -19.302352905273438
v -854.0032958984375 117.01594543457031 1.1191048088221578E-11
v -854.0032958984375 117.01594543457031 19.302352905273438
v -854.0032958984375 117.01594543457031 38.604705810546875
v -854.0032958984375 117.01594543457031 57.907054901123047
v -854.0032958984375 117.01594543457031 77.20941162109375
v -854.0032958984375 317.01593017578125 77.20941162109375
v -854.0032958984375 317.01593017578125 57.907054901123047
v -854.0032958984375 317.01593017578125 38.604705810546875
v -854.0032958984375 317.01593017578125 19.302352905273438
v -854.0032958984375 317.01593017578125 1.1191048088221578E-11
v -854.0032958984375 317.01593017578125 -19.302352905273438
v -854.0032958984375 317.01593017578125 -38.604705810546875
v -854.0032958984375 317.01593017578125 -57.907054901123047
v -854.0032958984375 317.01593017578125 -77.20941162109375
v -854.0032958984375 249.17655944824219 -25.347732543945313
v -854.0032958984375 258.5006103515625 -23.569229125976563
v -854.0032958984375 267.08798217773438 -17.928579330444336
v -854.0032958984375 272.7286376953125 -9.3412084579467773
v -854.0032958984375 274.50714111328125 -0.017158119007945061
v -854.0032958984375 272.7286376953125 9.3068923950195313
v -854.0032958984375 267.08798217773438 17.894262313842773
v -854.0032958984375 258.5006103515625 23.534914016723633
v -854.0032958984375 249.17655944824219 25.31341552734375
v -854.0032958984375 239.85250854492188 23.534914016723633
v -854.0032958984375 231.26513671875 17.894262313842773
v -854.0032958984375 225.62449645996094 9.3068923950195313
v -854.0032958984375 223.84599304199219 -0.017158119007945061
v -854.0032958984375 225.62449645996094 -9.3412084579467773
v -854.0032958984375 231.26513671875 -17.928579330444336
v -854.0032958984375 239.85250854492188 -23.569229125976563
v -854.0032958984375 288.44451904296875 13.787394523620605
v -804.0032958984375 317.01593017578125 77.20941162109375
v -804.0032958984375 317.01593017578125 57.907054901123047
v -804.0032958984375 317.01593017578125 38.604705810546875
v -804.0032958984375 317.01593017578125 19.302352905273438
v -804.0032958984375 317.01593017578125 1.0835776720341528E-11
v -804.0032958984375 317.01593017578125 -19.302352905273438
v -804.0032958984375 317.01593017578125 -38.604705810546875
v -804.0032958984375 317.01593017578125 -57.907054901123047
v -804.0032958984375 317.01593017578125 -77.20941162109375
v -829.0032958984375 317.01593017578125 1.1013412404281553E-11
v -829.0032958984375 317.01593017578125 48.255878448486328
v -816.5032958984375 317.01593017578125 1.1009859690602752E-11
v -816.5032958984375 317.01593017578125 48.255878448486328
v -829.0032958984375 317.01593017578125 -48.255878448486328
v -816.5032958984375 317.01593017578125 -48.255878448486328
v -841.5032958984375 317.01593017578125 1.1006306976923952E-11
v -841.5032958984375 317.01593017578125 -48.255878448486328
v -841.5032958984375 317.01593017578125 48.255878448486328
v -804.0032958984375 223.84599304199219 -0.017158119007945061
v -804.0032958984375 249.17655944824219 -25.347732543945313
v -804.0032958984375 239.85250854492188 -23.569229125976563
v -804.0032958984375 231.26513671875 -17.928579330444336
v -804.0032958984375 225.62449645996094 -9.3412084579467773
v -804.0032958984375 225.62449645996094 9.3068923950195313
v -804.0032958984375 231.26513671875 17.894262313842773
v -804.0032958984375 239.85250854492188 23.534914016723633
v -804.0032958984375 249.17655944824219 25.31341552734375
v -804.0032958984375 258.5006103515625 23.534914016723633
v -804.0032958984375 267.08798217773438 17.894262313842773
v -804.0032958984375 272.7286376953125 9.3068923950195313
v -804.0032958984375 274.50714111328125 -0.017158119007945061
v -804.0032958984375 272.7286376953125 -9.3412084579467773
v -804.0032958984375 267.08798217773438 -17.928579330444336
v -804.0032958984375 258.5006103515625 -23.569229125976563
v -829.0032958984375 249.17655944824219 -25.347732543945313
v 836.43548583984375 117.06343841552734 119.66326904296875
v 836.4241943359375 317.06344604492188 119.66311645507813
v 837.18902587890625 145.6348876953125 92.098808288574219
v 837.18743896484375 174.20631408691406 92.098785400390625
v 837.185791015625 202.77774047851563 92.098762512207031
v 837.1842041015625 231.34918212890625 92.098739624023438
v 837.1826171875 259.92059326171875 92.098716735839844
v 837.18096923828125 288.49203491210938 92.09869384765625
v 837.94415283203125 145.63491821289063 64.534355163574219
v 837.94256591796875 174.20634460449219 64.534339904785156
v 837.94097900390625 202.77777099609375 64.534317016601563
v 837.93939208984375 231.34919738769531 64.534294128417969
v 837.937744140625 259.92062377929688 64.534271240234375
v 837.9361572265625 288.4920654296875 64.534248352050781
v 838.6993408203125 145.63493347167969 36.969913482666016
v 838.69775390625 174.20635986328125 36.969890594482422
v 838.69610595703125 202.77778625488281 36.969867706298828
v 838.69451904296875 231.34921264648438 36.969844818115234
v 838.69293212890625 259.920654296875 36.969825744628906
v 838.69134521484375 288.4920654296875 36.969802856445313
v 839.45452880859375 145.63494873046875 9.4054660797119141
v 839.452880859375 174.20637512207031 9.4054441452026367
v 839.4512939453125 202.77781677246094 9.4054222106933594
v 840.20965576171875 145.63497924804688 -18.158979415893555
v 840.20806884765625 174.20640563964844 -18.159002304077148
v 840.20648193359375 202.77783203125 -18.159023284912109
v 840.96484375 145.63499450683594 -45.723426818847656
v 840.9632568359375 174.2064208984375 -45.72344970703125
v 840.96160888671875 202.77784729003906 -45.723468780517578
v 841.72161865234375 117.06359100341797 -73.287849426269531
v 841.71038818359375 317.0635986328125 -73.288002014160156
v 836.96405029296875 117.06345367431641 100.3681640625
v 837.49267578125 117.06346893310547 81.073051452636719
v 838.02130126953125 117.06348419189453 61.777935028076172
v 838.5499267578125 117.06349945068359 42.482822418212891
v 839.07855224609375 117.06351470947266 23.187711715698242
v 839.60711669921875 117.06352996826172 3.8925988674163818
v 840.1357421875 117.06354522705078 -15.40251350402832
v 840.66436767578125 117.06356048583984 -34.697624206542969
v 841.1929931640625 117.06357574462891 -53.99273681640625
v 841.720458984375 137.06358337402344 -73.287864685058594
v 841.7193603515625 157.06358337402344 -73.287879943847656
v 841.71820068359375 177.06358337402344 -73.287895202636719
v 841.71710205078125 197.06358337402344 -73.287910461425781
v 841.71600341796875 217.06358337402344 -73.287925720214844
v 841.71484375 237.06358337402344 -73.287940979003906
v 841.7137451171875 257.0635986328125 -73.287956237792969
v 841.71258544921875 277.0635986328125 -73.287971496582031
v 841.71148681640625 297.0635986328125 -73.287986755371094
v 841.1817626953125 317.06356811523438 -53.992893218994141
v 840.65313720703125 317.06356811523438 -34.697780609130859
v 840.12451171875 317.06353759765625 -15.402667045593262
v 839.59588623046875 317.06353759765625 3.8924448490142822
v 839.06732177734375 317.06350708007813 23.187557220458984
v 838.5386962890625 317.06350708007813 42.482669830322266
v 838.01007080078125 317.0634765625 61.777782440185547
v 837.4814453125 317.0634765625 81.072891235351563
v 836.95281982421875 317.06344604492188 100.36800384521484
v 836.42535400390625 297.06344604492188 119.66313171386719
v 836.42645263671875 277.06344604492188 119.66314697265625
v 836.4276123046875 257.06344604492188 119.66316223144531
v 836.4287109375 237.06344604492188 119.66317749023438
v 836.42987060546875 217.06344604492188 119.66319274902344
v 836.43096923828125 197.06344604492188 119.6632080078125
v 836.43206787109375 177.06344604492188 119.66322326660156
v 836.4332275390625 157.06344604492188 119.66323852539063
v 836.434326171875 137.06344604492188 119.66325378417969
v 840.40081787109375 249.17655944824219 -25.347732543945313
v 840.3468017578125 239.31454467773438 -23.356391906738281
v 840.198486328125 231.26316833496094 -17.926610946655273
v 839.97821044921875 225.83584594726563 -9.8747463226318359
v 839.708251953125 223.84599304199219 -0.017158119007945061
v 839.4381103515625 225.83584594726563 9.8404302597045898
v 839.2171630859375 231.26316833496094 17.892293930053711
v 839.0679931640625 239.31454467773438 23.322074890136719
v 839.01287841796875 249.17655944824219 25.31341552734375
v 839.06689453125 259.03857421875 23.322074890136719
v 839.21514892578125 267.08993530273438 17.892293930053711
v 839.43548583984375 272.51727294921875 9.8404302597045898
v 839.70538330078125 274.50714111328125 -0.017158119007945061
v 839.9755859375 272.51727294921875 -9.8747463226318359
v 840.19647216796875 267.08993530273438 -17.926610946655273
v 840.345703125 259.03857421875 -23.356391906738281
v 840.20166015625 288.49212646484375 -18.159090042114258
v 840.956787109375 288.49212646484375 -45.723537445068359
v 840.95843505859375 259.92071533203125 -45.723514556884766
v 791.7403564453125 117.06077575683594 -74.657150268554688
v 791.7347412109375 217.06077575683594 -74.6572265625
v 791.7291259765625 317.060791015625 -74.657302856445313
v 791.73846435546875 150.39411926269531 -74.657173156738281
v 791.73663330078125 183.72744750976563 -74.657203674316406
v 791.73284912109375 250.39411926269531 -74.657249450683594
v 791.73101806640625 283.72744750976563 -74.657279968261719
v 789.0860595703125 317.06069946289063 21.818258285522461
v 787.767333984375 267.0606689453125 70.056076049804688
v 786.4542236328125 117.06063079833984 118.29397583007813
v 786.4486083984375 217.06063842773438 118.29389953613281
v 786.4429931640625 317.06063842773438 118.29381561279297
v 791.40728759765625 117.06076812744141 -62.5
v 786.45233154296875 150.39396667480469 118.2939453125
v 786.450439453125 183.727294921875 118.29392242431641
v 786.44671630859375 250.39396667480469 118.29386901855469
v 786.44482421875 283.727294921875 118.29384613037109
v 787.323974609375 317.0606689453125 86.135299682617188
v 788.20501708984375 317.0606689453125 53.976779937744141
v 789.967041015625 317.06072998046875 -10.340263366699219
v 790.84808349609375 317.06076049804688 -42.498783111572266
v 790.38201904296875 249.17655944824219 -25.347732543945313
v 790.326904296875 259.03857421875 -23.356391906738281
v 790.177734375 267.08993530273438 -17.926610946655273
v 789.95684814453125 272.51727294921875 -9.8747463226318359
v 789.6866455078125 274.50714111328125 -0.017158119007945061
v 789.41668701171875 272.51727294921875 9.8404302597045898
v 789.1964111328125 267.08993530273438 17.892293930053711
v 789.048095703125 259.03857421875 23.322074890136719
v 788.99407958984375 249.17655944824219 25.31341552734375
v 789.060791015625 238.37394714355469 22.901252746582031
v 789.23944091796875 229.88417053222656 16.398185729980469
v 787.76873779296875 242.0606689453125 70.056098937988281
v 788.4281005859375 267.06069946289063 45.937187194824219
v 788.42950439453125 242.06068420410156 45.937206268310547
v 791.400634765625 228.10012817382813 -62.484539031982422
v 790.75762939453125 228.63093566894531 -39.014541625976563
v 790.11456298828125 229.1617431640625 -15.54454231262207
v 788.607666015625 230.40567016601563 39.457023620605469
v 787.9759521484375 230.92718505859375 62.515857696533203
v 787.9776611328125 202.46055603027344 62.511898040771484
v 787.9793701171875 173.99392700195313 62.5079345703125
v 787.9810791015625 145.52729797363281 62.503971099853516
v 787.9827880859375 117.06067657470703 62.5
v 791.4056396484375 144.82145690917969 -62.496131896972656
v 791.40399169921875 172.5814208984375 -62.492267608642578
v 791.40228271484375 200.34089660644531 -62.4884033203125
v 787.218505859375 117.06065368652344 90.396987915039063
v 790.30963134765625 237.85395812988281 -22.682706832885742
v 787.77294921875 167.0606689453125 70.05615234375
v 814.69744873046875 249.17655944824219 -25.347732543945313
v 814.69744873046875 223.84599304199219 -0.017158119007945061
v 814.69744873046875 224.2972412109375 -4.7771544456481934
v 814.69744873046875 225.5782470703125 9.1892261505126953
v 814.69744873046875 224.25799560546875 4.5329298973083496
v 814.69744873046875 227.8685302734375 13.679767608642578
v 794.36798095703125 225.62554931640625 9.3118934631347656
v 795.93499755859375 224.32463073730469 4.9044194221496582
v 796.51214599609375 223.84599304199219 -0.017158119007945061
v 794.6553955078125 225.38935852050781 -8.7294406890869141
v 801.84576416015625 225.5782470703125 9.1892261505126953
v 814.69744873046875 226.60235595703125 11.473849296569824
v 801.84576416015625 227.8685302734375 13.679767608642578
v 801.84576416015625 226.60235595703125 11.473849296569824
v 801.84576416015625 224.25799560546875 4.5329298973083496
v 814.69744873046875 224.79843139648438 6.8636083602905273
v 801.84576416015625 224.79843139648438 6.8636083602905273
v 801.84576416015625 223.84599304199219 -0.017158119007945061
v 814.69744873046875 223.94584655761719 2.2298784255981445
v 801.84576416015625 223.94584655761719 2.2298784255981445
v 801.84576416015625 224.2972412109375 -4.7771544456481934
v 814.69744873046875 223.95523071289063 -2.3672263622283936
v 801.84576416015625 223.95523071289063 -2.3672263622283936
v -766.77581787109375 -0.021544689312577248 433
v -766.77911376953125 117.01347351074219 433
v 255.58865356445313 117.04220581054688 433
v 766.77581787109375 0.021544689312577248 433
v 766.77252197265625 117.05656433105469 433
v -575.08184814453125 -0.016158517450094223 433
v -383.38790893554688 -0.010772344656288624 433
v -191.69395446777344 -0.0053861723281443119 433
v 2.950173438875936E-11 0 433
v 191.69395446777344 0.0053861723281443119 433
v 383.38790893554688 0.010772344656288624 433
v 575.08184814453125 0.016158517450094223 433
v 596.3779296875 117.05178070068359 433
v 425.9832763671875 117.04698944091797 433
v 85.194023132324219 117.03741455078125 433
v -85.200599670410156 117.03263092041016 433
v -255.59523010253906 117.02783966064453 433
v -425.9898681640625 117.02304840087891 433
v -596.38446044921875 117.01826477050781 433
v 979 0.027507714927196503 220.77583312988281
v 978.9967041015625 117.06253051757813 220.77583312988281
v 872.887939453125 0.02452620305120945 326.88790893554688
v 872.8846435546875 117.05954742431641 326.88790893554688
v 979 0.027507714927196503 -220.77583312988281
v 978.9967041015625 117.06253051757813 -220.77583312988281
v 979 0.027507714927196503 73.591941833496094
v 979 0.027507714927196503 -73.591941833496094
v 978.99835205078125 58.545017242431641 -220.77583312988281
v 978.9967041015625 117.06253051757813 -73.591941833496094
v 978.9967041015625 117.06253051757813 73.591941833496094
v 766.77581787109375 0.021544689312577248 -433
v 766.77252197265625 117.05656433105469 -433
v 908.25860595703125 0.025520039722323418 -291.5172119140625
v 837.5172119140625 0.023532364517450333 -362.25860595703125
v 766.774169921875 58.539054870605469 -433
v 837.513916015625 117.05855560302734 -362.25860595703125
v 908.25531005859375 117.06053924560547 -291.5172119140625
v 255.58865356445313 117.04220581054688 -433
v -255.59523010253906 117.02783966064453 -433
v -766.77581787109375 -0.021544689312577248 -433
v -766.77911376953125 117.01347351074219 -433
v 511.1822509765625 58.531871795654297 -433
v 511.18142700195313 87.790626525878906 -433
v 638.97821044921875 58.535465240478516 -433
v 638.9774169921875 87.794219970703125 -433
v 511.18307495117188 29.27311897277832 -433
v 638.97906494140625 29.276708602905273 -433
v 575.08184814453125 0.016158517450094223 -433
v 383.38790893554688 0.010772344656288624 -433
v 191.69395446777344 0.0053861723281443119 -433
v 0 0 -433
v -191.69395446777344 -0.0053861723281443119 -433
v -383.38790893554688 -0.010772344656288624 -433
v -575.08184814453125 -0.016158517450094223 -433
v -766.7774658203125 58.495964050292969 -433
v -511.18551635742188 58.503147125244141 -433
v -638.98150634765625 58.499557495117188 -433
v -511.1846923828125 29.244392395019531 -433
v -638.98065185546875 29.240800857543945 -433
v -511.18634033203125 87.76190185546875 -433
v -638.9822998046875 87.758308410644531 -433
v -596.38446044921875 117.01826477050781 -433
v -425.9898681640625 117.02304840087891 -433
v -85.200599670410156 117.03263092041016 -433
v 85.194023132324219 117.03741455078125 -433
v 425.9832763671875 117.04698944091797 -433
v 596.3779296875 117.05178070068359 -433
v -979 -0.027507714927196503 -220.77583312988281
v -979.0032958984375 117.00751495361328 -220.77583312988281
v -837.5172119140625 -0.023532364517450333 -362.25860595703125
v -908.25860595703125 -0.025520039722323418 -291.5172119140625
v -979.00164794921875 58.490001678466797 -220.77583312988281
v -908.26190185546875 117.00949859619141 -291.5172119140625
v -837.5205078125 117.01148986816406 -362.25860595703125
v -979 -0.027507714927196503 220.77583312988281
v -979.0032958984375 117.00751495361328 220.77583312988281
v -979 -0.027507714927196503 -73.591941833496094
v -979 -0.027507714927196503 73.591941833496094
v -979.0032958984375 117.00751495361328 73.591941833496094
v -979.0032958984375 117.00751495361328 -73.591941833496094
v -872.887939453125 -0.02452620305120945 326.88790893554688
v -872.89117431640625 117.010498046875 326.88790893554688
v -542.51177978515625 -0.015243370085954666 -233
v -361.67449951171875 -0.010162246413528919 -233
v -180.83724975585938 -0.0050811232067644596 -233
v -4.2064129956997931E-12 0 -233
v 180.83724975585938 0.0050811232067644596 -233
v 361.67449951171875 0.010162246413528919 -233
v 542.51177978515625 0.015243370085954666 -233
v -679 -0.019078385084867477 -96.511756896972656
v -610.755859375 -0.017160877585411072 -164.75587463378906
v -679 -0.019078385084867477 96.511756896972656
v -679 -0.019078385084867477 9.7699626167013776E-12
v -542.51177978515625 -0.015243370085954666 233
v -610.755859375 -0.017160877585411072 164.75587463378906
v 542.51177978515625 0.015243370085954666 233
v 361.67449951171875 0.010162246413528919 233
v 180.83724975585938 0.0050811232067644596 233
v 5.9685589803848416E-12 0 233
v -180.83724975585938 -0.0050811232067644596 233
v -361.67449951171875 -0.010162246413528919 233
v 679 0.019078385084867477 96.511756896972656
v 610.755859375 0.017160877585411072 164.75587463378906
v 679 0.019078385084867477 -96.511756896972656
v 679 0.019078385084867477 -8.3488771451811772E-12
v 610.755859375 0.017160877585411072 -164.75587463378906
v -699.28570556640625 -0.019648367539048195 309.28570556640625
v -699.28570556640625 -0.019648367539048195 61.857143402099609
v -699.28570556640625 -0.019648367539048195 -61.857143402099609
v -139.85714721679688 -0.0039296736940741539 309.28570556640625
v 139.85714721679688 0.0039296736940741539 309.28570556640625
v -699.28570556640625 -0.019648367539048195 -185.57142639160156
v -699.28570556640625 -0.019648367539048195 -309.28570556640625
v -139.85714721679688 -0.0039296736940741539 -309.28570556640625
v 139.85714721679688 0.0039296736940741539 -309.28570556640625
v 419.57144165039063 0.011789021082222462 309.28570556640625
v 699.28570556640625 0.019648367539048195 309.28570556640625
v 699.28570556640625 0.019648367539048195 61.857143402099609
v 699.28570556640625 0.019648367539048195 -61.857143402099609
v 699.28570556640625 0.019648367539048195 -309.28570556640625
v 419.57144165039063 0.011789021082222462 -309.28570556640625
v 699.28570556640625 0.019648367539048195 -185.57142639160156
v -734.2532958984375 117.01438903808594 324.75
v -734.2532958984375 117.01438903808594 216.5
v -734.2532958984375 117.01438903808594 108.25
v -734.2532958984375 117.01438903808594 -108.25
v -734.2532958984375 117.01438903808594 -216.5
v -734.2532958984375 117.01438903808594 -324.75
v -244.75328063964844 117.02814483642578 324.75
v -244.75328063964844 117.02814483642578 -324.75
v 244.7467041015625 117.04190063476563 324.75
v 244.7467041015625 117.04190063476563 -324.75
v 734.2467041015625 117.05564880371094 324.75
v 734.2467041015625 117.05564880371094 216.5
v 734.2467041015625 117.05564880371094 -108.25
v 734.2467041015625 117.05564880371094 -216.5
v 734.2467041015625 117.05564880371094 -324.75
v -856.6282958984375 117.01094818115234 108.25
v -804.0032958984375 117.01594543457031 62.5
v -804.0032958984375 117.01594543457031 79.505882263183594
v -795.4407958984375 117.01267242431641 108.25
v -734.2532958984375 117.01438903808594 162.375
v -856.6282958984375 117.01094818115234 216.5
v -856.6282958984375 117.01094818115234 162.375
v -856.6282958984375 117.01094818115234 -108.25
v -795.4407958984375 117.01267242431641 -108.25
v -734.2532958984375 117.01438903808594 -162.375
v -856.6282958984375 117.01094818115234 -216.5
v -856.6282958984375 117.01094818115234 -162.375
v 856.6217041015625 117.05908966064453 -108.25
v 856.6217041015625 117.05908966064453 -81.1875
v 795.4342041015625 117.057373046875 -108.25
v 734.2467041015625 117.05564880371094 -81.1875
v 795.4342041015625 117.057373046875 -81.1875
v 856.6217041015625 117.05908966064453 -216.5
v 734.2467041015625 117.05564880371094 -162.375
v 856.6217041015625 117.05908966064453 -162.375
v 734.2467041015625 117.05564880371094 162.375
v 856.6217041015625 117.05908966064453 216.5
v 856.6217041015625 117.05908966064453 162.375
v 856.6217041015625 117.05908966064453 135.3125
v 734.2467041015625 117.05564880371094 135.3125
v 795.4342041015625 117.057373046875 162.375
v 795.4342041015625 117.057373046875 135.3125
v 611.8717041015625 117.05221557617188 216.5
v 764.8404541015625 117.05651092529297 -81.1875
v 734.2467041015625 117.05564880371094 -67.65625
v 764.8404541015625 117.05651092529297 -67.65625
v 611.8717041015625 117.05221557617188 -216.5
v -542.51507568359375 117.019775390625 -233
v -508.5032958984375 117.02073669433594 -233
v -611.8782958984375 117.01782989501953 -324.75
v -734.2532958984375 117.01438903808594 -270.625
v -611.8782958984375 117.01782989501953 -216.5
v -611.8782958984375 117.01782989501953 -270.625
v -679.0032958984375 117.01594543457031 -96.511756896972656
v -610.7591552734375 117.01786041259766 -164.75587463378906
v -679.0032958984375 117.01594543457031 96.511756896972656
v -679.0032958984375 117.01594543457031 62.5
v -542.51507568359375 117.019775390625 233
v -610.7591552734375 117.01786041259766 164.75587463378906
v 542.50848388671875 117.05026245117188 233
v 508.4967041015625 117.04930877685547 233
v 734.2467041015625 117.05564880371094 270.625
v 611.8717041015625 117.05221557617188 324.75
v 611.8717041015625 117.05221557617188 270.625
v 678.9967041015625 117.05410003662109 96.511756896972656
v 610.7525634765625 117.05218505859375 164.75587463378906
v 678.9967041015625 117.05410003662109 -96.511756896972656
v 678.9967041015625 117.05410003662109 -62.5
v 542.50848388671875 117.05026245117188 -233
v 610.7525634765625 117.05218505859375 -164.75587463378906
v 508.4967041015625 117.05537414550781 358
v 445.9967041015625 117.06231689453125 358
v 383.4967041015625 117.06925964355469 358
v 734.2467041015625 117.05564880371094 378.875
v 611.8717041015625 117.05221557617188 378.875
v 244.7467041015625 117.04190063476563 378.875
v 383.4967041015625 117.05752563476563 295.5
v 383.4967041015625 117.04579925537109 233
v 244.7467041015625 117.04190063476563 270.625
v 508.4967041015625 117.05234527587891 295.5
v 222.9967041015625 117.04129028320313 233
v 62.496711730957031 117.03677368164063 233
v 62.496711730957031 117.0428466796875 358
v -0.0032875537872314453 117.04978942871094 358
v -62.503288269042969 117.05673217773438 358
v 122.37171173095703 117.03845977783203 324.75
v 122.37171173095703 117.03845977783203 378.875
v -122.37828826904297 117.03158569335938 324.75
v -244.75328063964844 117.02814483642578 378.875
v -122.37828826904297 117.03158569335938 378.875
v -62.503288269042969 117.04499816894531 295.5
v -62.503288269042969 117.03326416015625 233
v -244.75328063964844 117.02814483642578 270.625
v -122.37828826904297 117.03158569335938 270.625
v 62.496711730957031 117.03981018066406 295.5
v 122.37171173095703 117.03845977783203 270.625
v -223.0032958984375 117.02875518798828 233
v -383.5032958984375 117.02424621582031 233
v -383.5032958984375 117.02249145507813 358
v -446.0032958984375 117.02943420410156 358
v -508.5032958984375 117.036376953125 358
v -611.8782958984375 117.01782989501953 324.75
v -734.2532958984375 117.01438903808594 378.875
v -611.8782958984375 117.01782989501953 378.875
v -508.5032958984375 117.02855682373047 295.5
v -508.5032958984375 117.02073669433594 233
v -611.8782958984375 117.01782989501953 216.5
v -734.2532958984375 117.01438903808594 270.625
v -611.8782958984375 117.01782989501953 270.625
v -383.5032958984375 117.02336883544922 295.5
v 751.654052734375 117.05847930908203 62.5
v 715.32537841796875 117.05628967285156 62.5
v 678.9967041015625 117.05410003662109 62.5
v -741.5032958984375 117.01594543457031 62.5
v -804.0032958984375 117.01594543457031 -62.5
v -762.33660888671875 117.01594543457031 -62.5
v -720.66998291015625 117.01594543457031 -62.5
v -679.0032958984375 117.01594543457031 -62.5
v 383.4967041015625 117.06925964355469 -358
v 445.9967041015625 117.06231689453125 -358
v 508.4967041015625 117.05537414550781 -358
v 244.7467041015625 117.04190063476563 -378.875
v 734.2467041015625 117.05564880371094 -378.875
v 611.8717041015625 117.05221557617188 -324.75
v 611.8717041015625 117.05221557617188 -378.875
v 383.4967041015625 117.04579925537109 -233
v 383.4967041015625 117.05752563476563 -295.5
v 244.7467041015625 117.04190063476563 -270.625
v 508.4967041015625 117.05234527587891 -295.5
v 508.4967041015625 117.04930877685547 -233
v 734.2467041015625 117.05564880371094 -270.625
v 611.8717041015625 117.05221557617188 -270.625
v -62.503288269042969 117.05673217773438 -358
v -0.0032875537872314453 117.04978942871094 -358
v 62.496711730957031 117.0428466796875 -358
v -244.75328063964844 117.02814483642578 -378.875
v -122.37828826904297 117.03158569335938 -324.75
v -122.37828826904297 117.03158569335938 -378.875
v 122.37171173095703 117.03845977783203 -324.75
v 122.37171173095703 117.03845977783203 -378.875
v -62.503288269042969 117.03326416015625 -233
v -62.503288269042969 117.04499816894531 -295.5
v -244.75328063964844 117.02814483642578 -270.625
v -122.37828826904297 117.03158569335938 -270.625
v 62.496711730957031 117.03981018066406 -295.5
v 62.496711730957031 117.03677368164063 -233
v 122.37171173095703 117.03845977783203 -270.625
v 222.9967041015625 117.04129028320313 -233
v -508.5032958984375 117.036376953125 -358
v -446.0032958984375 117.02943420410156 -358
v -383.5032958984375 117.02249145507813 -358
v -734.2532958984375 117.01438903808594 -378.875
v -611.8782958984375 117.01782989501953 -378.875
v -508.5032958984375 117.02855682373047 -295.5
v -383.5032958984375 117.02336883544922 -295.5
v -383.5032958984375 117.02424621582031 -233
v -223.0032958984375 117.02875518798828 -233
v 735.2020263671875 117.05743408203125 -62.5
v -804.0032958984375 117.01594543457031 -79.505882263183594
v 271.25424194335938 58.525131225585938 -233
v -0.0016442114720121026 58.517509460449219 -233
v -271.25753784179688 58.5098876953125 -233
v -271.25833129882813 87.768646240234375 -233
v -406.88546752929688 58.506076812744141 -233
v -406.88629150390625 87.76483154296875 -233
v 271.25341796875 87.783889770507813 -233
v 406.88217163085938 58.528942108154297 -233
v 406.88134765625 87.787696838378906 -233
v 445.9967041015625 117.04755401611328 -233
v -0.0032884229440242052 117.03501892089844 -233
v -0.0024663172662258148 87.776268005371094 -233
v -135.62957763671875 58.513698577880859 -233
v -135.63040161132813 87.772453308105469 -233
v 135.62629699707031 58.521320343017578 -233
v 135.62547302246094 87.780075073242188 -233
v -466.83660888671875 117.02190399169922 -233
v -425.16995239257813 117.0230712890625 -233
v -679.0032958984375 117.01594543457031 20.833332061767578
v -679.0032958984375 117.01594543457031 -20.833332061767578
v -271.25753784179688 58.5098876953125 233
v -0.0016442114720121026 58.517509460449219 233
v 271.25424194335938 58.525131225585938 233
v 271.25341796875 87.783889770507813 233
v 406.88217163085938 58.528942108154297 233
v 406.88134765625 87.787696838378906 233
v 445.9967041015625 117.04755401611328 233
v -0.0032884229440242052 117.03501892089844 233
v -0.0024663172662258148 87.776268005371094 233
v 135.62629699707031 58.521320343017578 233
v 135.62547302246094 87.780075073242188 233
v -271.25833129882813 87.768646240234375 233
v -135.62957763671875 58.513698577880859 233
v -135.63040161132813 87.772453308105469 233
v -406.88546752929688 58.506076812744141 233
v -406.88629150390625 87.76483154296875 233
v -425.16995239257813 117.0230712890625 233
v -466.83660888671875 117.02190399169922 233
v 678.9967041015625 117.05410003662109 7.815970093361102E-12
v 508.51229858398438 257.3275146484375 232.98342895507813
v 383.51229858398438 257.34140014648438 232.98344421386719
v 508.51229858398438 257.33663940429688 310.17794799804688
v 383.51229858398438 257.35052490234375 310.17794799804688
v 425.178955078125 257.3367919921875 232.98344421386719
v 466.84561157226563 257.3321533203125 232.98342895507813
v 508.51229858398438 257.33209228515625 271.5806884765625
v 466.84564208984375 257.34127807617188 310.17794799804688
v 425.178955078125 257.34588623046875 310.17794799804688
v 383.51229858398438 257.34597778320313 271.5806884765625
v 508.51010131835938 237.48065185546875 334.08306884765625
v 383.51010131835938 237.49452209472656 334.08309936523438
v 508.50790405273438 217.62464904785156 357.98822021484375
v 383.50790405273438 217.63853454589844 357.98822021484375
v 466.84121704101563 217.6292724609375 357.98822021484375
v 425.174560546875 217.63389587402344 357.98822021484375
v 508.505615234375 197.05537414550781 357.99053955078125
v 508.50115966796875 157.05537414550781 357.99526977539063
v 383.50115966796875 157.06925964355469 357.99526977539063
v 383.505615234375 197.06925964355469 357.99057006835938
v 508.50558471679688 197.04434204101563 232.99055480957031
v 383.50558471679688 197.05075073242188 232.99055480957031
v 62.512294769287109 257.31500244140625 232.98342895507813
v -62.487709045410156 257.32888793945313 232.98344421386719
v -62.487705230712891 257.33343505859375 271.5806884765625
v 62.512302398681641 257.32412719726563 310.17794799804688
v -62.487701416015625 257.33798217773438 310.17794799804688
v -20.821041107177734 257.32424926757813 232.98344421386719
v 20.845626831054688 257.31961059570313 232.98342895507813
v 62.512298583984375 257.31954956054688 271.5806884765625
v 20.845634460449219 257.3287353515625 310.17794799804688
v -20.821033477783203 257.3333740234375 310.17794799804688
v 0.012296221219003201 257.32650756835938 271.5806884765625
v 62.507896423339844 217.61212158203125 357.98822021484375
v -62.492107391357422 217.62599182128906 357.98822021484375
v 20.841228485107422 217.61674499511719 357.98822021484375
v -20.825441360473633 217.62136840820313 357.98822021484375
v 62.510097503662109 237.46810913085938 334.08306884765625
v -62.489906311035156 237.48199462890625 334.08309936523438
v 62.505611419677734 197.0428466796875 357.99053955078125
v 62.501163482666016 157.0428466796875 357.99526977539063
v -62.49884033203125 157.05673217773438 357.99526977539063
v -62.494392395019531 197.05673217773438 357.99057006835938
v 62.505599975585938 197.03181457519531 232.99055480957031
v -62.494407653808594 197.03822326660156 232.99055480957031
v -383.48770141601563 257.29464721679688 232.98342895507813
v -508.48770141601563 257.30853271484375 232.98344421386719
v -383.48770141601563 257.2991943359375 271.5806884765625
v -508.48770141601563 257.31307983398438 271.5806884765625
v -383.48770141601563 257.30377197265625 310.17794799804688
v -508.48770141601563 257.31765747070313 310.17794799804688
v -466.821044921875 257.30389404296875 232.98344421386719
v -425.15438842773438 257.29925537109375 232.98342895507813
v -425.15435791015625 257.30838012695313 310.17794799804688
v -466.821044921875 257.31301879882813 310.17794799804688
v -383.49209594726563 217.59176635742188 357.98822021484375
v -508.49209594726563 217.60563659667969 357.98822021484375
v -425.15878295898438 217.59638977050781 357.98822021484375
v -466.825439453125 217.60101318359375 357.98822021484375
v -383.48989868164063 237.44775390625 334.08306884765625
v -508.48989868164063 237.46163940429688 334.08309936523438
v -383.494384765625 197.02249145507813 357.99053955078125
v -383.49884033203125 157.02249145507813 357.99526977539063
v -508.49884033203125 157.036376953125 357.99526977539063
v -508.494384765625 197.036376953125 357.99057006835938
v -383.49884033203125 157.01953125 232.99526977539063
v -383.49441528320313 197.01481628417969 232.99055480957031
v -383.49105834960938 227.15473937988281 232.98698425292969
v -508.49105834960938 227.16487121582031 232.98699951171875
v -508.49441528320313 197.02122497558594 232.99057006835938
v -508.49884033203125 157.02098083496094 232.99528503417969
v 678.9761962890625 257.33230590820313 62.519523620605469
v 678.9761962890625 257.34970092773438 -62.480480194091797
v 717.573486328125 257.3553466796875 -62.480476379394531
v 756.17071533203125 257.34359741210938 62.51953125
v 756.17071533203125 257.36099243164063 -62.480472564697266
v 678.9761962890625 257.34390258789063 -20.813812255859375
v 678.9761962890625 257.33810424804688 20.852855682373047
v 717.57342529296875 257.33795166015625 62.519527435302734
v 756.17071533203125 257.34939575195313 20.852865219116211
v 756.17071533203125 257.35519409179688 -20.813802719116211
v 717.573486328125 257.34664916992188 0.019526520743966103
v 678.9908447265625 157.05162048339844 62.505565643310547
v 678.9849853515625 197.04913330078125 62.511135101318359
v 678.9805908203125 227.19071960449219 62.515331268310547
v 678.98504638671875 197.05905151367188 -62.488868713378906
v -678.99066162109375 257.29415893554688 -62.519523620605469
v -678.99066162109375 257.31155395507813 62.480480194091797
v -756.1851806640625 257.30111694335938 -62.51953125
v -756.1851806640625 257.31851196289063 62.480472564697266
v -678.99066162109375 257.30575561523438 20.813812255859375
v -678.99066162109375 257.29995727539063 -20.852855682373047
v -717.587890625 257.29763793945313 -62.519527435302734
v -756.1851806640625 257.30691528320313 -20.852865219116211
v -756.1851806640625 257.31271362304688 20.813802719116211
v -717.58795166015625 257.31503295898438 62.480476379394531
v -803.99432373046875 217.5877685546875 -62.514011383056641
v -803.99432373046875 217.60516357421875 62.485992431640625
v -803.99432373046875 217.59066772460938 -41.680675506591797
v -803.99432373046875 217.59356689453125 -20.847341537475586
v -803.99432373046875 217.59646606445313 -0.014008245430886745
v -803.99432373046875 217.599365234375 20.819326400756836
v -803.99432373046875 217.60226440429688 41.652660369873047
v -780.0897216796875 237.44444274902344 -62.516773223876953
v -780.08978271484375 237.46183776855469 62.483234405517578
v -678.99969482421875 157.01345825195313 -62.505565643310547
v -678.99609375 197.010986328125 -62.511135101318359
v -678.99334716796875 227.15257263183594 -62.515331268310547
v -678.993408203125 227.16622924804688 62.484676361083984
v -678.99609375 197.02090454101563 62.488868713378906
v -678.99969482421875 157.01841735839844 62.494434356689453
v -741.4969482421875 187.15350341796875 -62.509769439697266
v -803.99609375 197.01797485351563 -62.511146545410156
v -803.99786376953125 177.01747131347656 -62.50836181640625
v -803.99969482421875 157.01695251464844 -62.505573272705078
v -804.00146484375 137.01644897460938 -62.502788543701172
v -772.7510986328125 187.15263366699219 -62.509773254394531
v -741.49798583984375 222.22750854492188 -62.5146484375
v -772.7520751953125 222.22663879394531 -62.514652252197266
v -741.4959716796875 152.07949829101563 -62.504886627197266
v -772.7501220703125 152.07861328125 -62.504890441894531
v -803.99609375 197.03181457519531 62.488857269287109
v -803.9979248046875 177.02784729003906 62.491641998291016
v -803.99969482421875 157.02388000488281 62.494426727294922
v -804.00146484375 137.01991271972656 62.497211456298828
v 508.51229858398438 257.3275146484375 -232.98342895507813
v 383.51229858398438 257.34140014648438 -232.98344421386719
v 508.51229858398438 257.33209228515625 -271.5806884765625
v 383.51229858398438 257.34597778320313 -271.5806884765625
v 508.51229858398438 257.33663940429688 -310.17794799804688
v 383.51229858398438 257.35052490234375 -310.17794799804688
v 425.178955078125 257.3367919921875 -232.98344421386719
v 466.84561157226563 257.3321533203125 -232.98342895507813
v 466.84564208984375 257.34127807617188 -310.17794799804688
v 425.178955078125 257.34588623046875 -310.17794799804688
v 508.50790405273438 217.62464904785156 -357.98822021484375
v 383.50790405273438 217.63853454589844 -357.98822021484375
v 466.84121704101563 217.6292724609375 -357.98822021484375
v 425.174560546875 217.63389587402344 -357.98822021484375
v 508.51010131835938 237.48065185546875 -334.08306884765625
v 383.51010131835938 237.49452209472656 -334.08309936523438
v 508.505615234375 197.05537414550781 -357.99053955078125
v 508.50115966796875 157.05537414550781 -357.99526977539063
v 383.50115966796875 157.06925964355469 -357.99526977539063
v 383.505615234375 197.06925964355469 -357.99057006835938
v 508.50558471679688 197.04434204101563 -232.99055480957031
v 383.50558471679688 197.05075073242188 -232.99055480957031
v 62.512294769287109 257.31500244140625 -232.98342895507813
v -62.487709045410156 257.32888793945313 -232.98344421386719
v 62.512298583984375 257.31954956054688 -271.5806884765625
v -62.487705230712891 257.33343505859375 -271.5806884765625
v 62.512302398681641 257.32412719726563 -310.17794799804688
v -62.487701416015625 257.33798217773438 -310.17794799804688
v -20.821041107177734 257.32424926757813 -232.98344421386719
v 20.845626831054688 257.31961059570313 -232.98342895507813
v 20.845634460449219 257.3287353515625 -310.17794799804688
v -20.821033477783203 257.3333740234375 -310.17794799804688
v 62.507896423339844 217.61212158203125 -357.98822021484375
v -62.492107391357422 217.62599182128906 -357.98822021484375
v 20.841228485107422 217.61674499511719 -357.98822021484375
v -20.825441360473633 217.62136840820313 -357.98822021484375
v 62.510097503662109 237.46810913085938 -334.08306884765625
v -62.489906311035156 237.48199462890625 -334.08309936523438
v 62.505611419677734 197.0428466796875 -357.99053955078125
v 62.501163482666016 157.0428466796875 -357.99526977539063
v -62.49884033203125 157.05673217773438 -357.99526977539063
v -62.494392395019531 197.05673217773438 -357.99057006835938
v 62.505599975585938 197.03181457519531 -232.99055480957031
v -62.494407653808594 197.03822326660156 -232.99055480957031
v -383.48770141601563 257.29464721679688 -232.98342895507813
v -508.48770141601563 257.30853271484375 -232.98344421386719
v -508.48770141601563 257.31307983398438 -271.5806884765625
v -383.48770141601563 257.30377197265625 -310.17794799804688
v -508.48770141601563 257.31765747070313 -310.17794799804688
v -466.821044921875 257.30389404296875 -232.98344421386719
v -425.15438842773438 257.29925537109375 -232.98342895507813
v -383.48770141601563 257.2991943359375 -271.5806884765625
v -425.15435791015625 257.30838012695313 -310.17794799804688
v -466.821044921875 257.31301879882813 -310.17794799804688
v -445.98770141601563 257.30615234375 -271.5806884765625
v -383.49209594726563 217.59176635742188 -357.98822021484375
v -508.49209594726563 217.60563659667969 -357.98822021484375
v -425.15878295898438 217.59638977050781 -357.98822021484375
v -466.825439453125 217.60101318359375 -357.98822021484375
v -383.48989868164063 237.44775390625 -334.08306884765625
v -508.48989868164063 237.46163940429688 -334.08309936523438
v -383.494384765625 197.02249145507813 -357.99053955078125
v -383.49884033203125 157.02249145507813 -357.99526977539063
v -508.49884033203125 157.036376953125 -357.99526977539063
v -508.494384765625 197.036376953125 -357.99057006835938
v -383.49884033203125 157.01953125 -232.99526977539063
v -383.49441528320313 197.01481628417969 -232.99055480957031
v -383.49105834960938 227.15473937988281 -232.98698425292969
v -508.49105834960938 227.16487121582031 -232.98699951171875
v -508.49441528320313 197.02122497558594 -232.99057006835938
v -508.49884033203125 157.02098083496094 -232.99528503417969
v 776.3414306640625 240.59913635253906 0.017200801521539688
v 776.3414306640625 240.59478759765625 31.267202377319336
v 786.4267578125 232.22256469726563 0.01603592187166214
v 776.3414306640625 240.59696960449219 15.64220142364502
v 786.4267578125 232.21821594238281 31.266036987304688
v 786.4267578125 232.22038269042969 15.641036033630371
v 776.3414306640625 240.60348510742188 -31.232799530029297
v 776.3414306640625 240.601318359375 -15.607799530029297
v 786.4267578125 232.2247314453125 -15.608964920043945
v -804.0032958984375 231.30165100097656 68.936973571777344
v -804.0032958984375 259.87307739257813 68.936973571777344
v -804.0032958984375 288.44451904296875 68.936973571777344
v -804.0032958984375 231.30165100097656 41.3621826171875
v -804.0032958984375 259.87307739257813 41.3621826171875
v -804.0032958984375 288.44451904296875 41.3621826171875
v -804.0032958984375 231.30165100097656 -41.3621826171875
v -804.0032958984375 259.87307739257813 -41.3621826171875
v -804.0032958984375 288.44451904296875 -41.3621826171875
v -804.0032958984375 231.30165100097656 -68.936973571777344
v -804.0032958984375 259.87307739257813 -68.936973571777344
v -804.0032958984375 288.44451904296875 -68.936973571777344
v -804.0032958984375 145.58737182617188 68.936973571777344
v -804.0032958984375 202.730224609375 68.936973571777344
v -804.0032958984375 288.44451904296875 -13.787394523620605
v -804.0032958984375 145.58737182617188 -68.936973571777344
v -804.0032958984375 202.730224609375 -68.936973571777344
vt 0.034758534282445908 0.11275261640548706
vt 0.034758534282445908 0.18467274308204651
vt 0.052738569676876068 0.11275261640548706
vt 0.052738569676876068 0.18467274308204651
vt 0.052738569676876068 0.11994462460279465
vt 0.052738569676876068 0.12713664770126343
vt 0.052738569676876068 0.13432864844799042
vt 0.052738569676876068 0.1415206640958786
vt 0.052738569676876068 0.14871267974376678
vt 0.052738569676876068 0.15590469539165497
vt 0.052738569676876068 0.16309671103954315
vt 0.052738569676876068 0.17028872668743134
vt 0.052738569676876068 0.17748072743415833
vt 0.034758534282445908 0.14871267974376678
vt 0.043748553842306137 0.14871267974376678
vt 0.048243559896945953 0.14871267974376678
vt 0.043748553842306137 0.13073264062404633
vt 0.048243559896945953 0.13073264062404633
vt 0.043748553842306137 0.16669271886348724
vt 0.048243559896945953 0.16669271886348724
vt 0.034758534282445908 0.17748072743415833
vt 0.034758534282445908 0.17028872668743134
vt 0.034758534282445908 0.16309671103954315
vt 0.034758534282445908 0.15590469539165497
vt 0.034758534282445908 0.1415206640958786
vt 0.034758534282445908 0.13432864844799042
vt 0.034758534282445908 0.12713664770126343
vt 0.034758534282445908 0.11994462460279465
vt 0.039253544062376022 0.14871267974376678
vt 0.039253544062376022 0.16669271886348724
vt 0.039253544062376022 0.13073264062404633
vt 0 0.11275261640548706
vt 0 0.18467274308204651
vt 0.017980033531785011 0.11275261640548706
vt 0.017980033531785011 0.18467274308204651
vt 0 0.17748072743415833
vt 0 0.17028872668743134
vt 0 0.16309671103954315
vt 0 0.15590469539165497
vt 0 0.14871267974376678
vt 0 0.1415206640958786
vt 0 0.13432864844799042
vt 0 0.12713664770126343
vt 0 0.11994462460279465
vt 0.017980033531785011 0.14871267974376678
vt 0.0089900167658925056 0.14871267974376678
vt 0.0089900167658925056 0.16669271886348724
vt 0.0044950083829462528 0.14871267974376678
vt 0.0044950083829462528 0.16669271886348724
vt 0.0089900167658925056 0.13073264062404633
vt 0.0044950083829462528 0.13073264062404633
vt 0.017980033531785011 0.11994462460279465
vt 0.017980033531785011 0.12713664770126343
vt 0.017980033531785011 0.13432864844799042
vt 0.017980033531785011 0.1415206640958786
vt 0.017980033531785011 0.15590469539165497
vt 0.017980033531785011 0.16309671103954315
vt 0.017980033531785011 0.17028872668743134
vt 0.017980033531785011 0.17748072743415833
vt 0.013485024683177471 0.14871267974376678
vt 0.013485024683177471 0.13073264062404633
vt 0.013485024683177471 0.16669271886348724
vt 0.25551789999008179 0.30925709009170532
vt 0.25551789999008179 0.38117721676826477
vt 0.26537221670150757 0.31953138113021851
vt 0.26537221670150757 0.32980570197105408
vt 0.26537221670150757 0.34007999300956726
vt 0.26537221670150757 0.35035431385040283
vt 0.26537221670150757 0.36062860488891602
vt 0.26537221670150757 0.37090292572975159
vt 0.27522653341293335 0.31953138113021851
vt 0.27522653341293335 0.32980570197105408
vt 0.27522653341293335 0.34007999300956726
vt 0.27522653341293335 0.35035431385040283
vt 0.27522653341293335 0.36062860488891602
vt 0.27522653341293335 0.37090292572975159
vt 0.28508085012435913 0.31953138113021851
vt 0.28508085012435913 0.32980570197105408
vt 0.28508085012435913 0.34007999300956726
vt 0.29493516683578491 0.31953138113021851
vt 0.29493516683578491 0.32980570197105408
vt 0.29493516683578491 0.34007999300956726
vt 0.30478948354721069 0.31953138113021851
vt 0.30478948354721069 0.32980570197105408
vt 0.30478948354721069 0.34007999300956726
vt 0.30478948354721069 0.35035431385040283
vt 0.30478948354721069 0.36062860488891602
vt 0.30478948354721069 0.37090292572975159
vt 0.31464380025863647 0.31953138113021851
vt 0.31464380025863647 0.32980570197105408
vt 0.31464380025863647 0.34007999300956726
vt 0.31464380025863647 0.35035431385040283
vt 0.31464380025863647 0.36062860488891602
vt 0.31464380025863647 0.37090292572975159
vt 0.32449811697006226 0.30925709009170532
vt 0.32449811697006226 0.38117721676826477
vt 0.32449811697006226 0.31644910573959351
vt 0.32449811697006226 0.32364112138748169
vt 0.32449811697006226 0.33083313703536987
vt 0.32449811697006226 0.33802512288093567
vt 0.32449811697006226 0.34521713852882385
vt 0.32449811697006226 0.35240915417671204
vt 0.32449811697006226 0.35960116982460022
vt 0.32449811697006226 0.3667931854724884
vt 0.32449811697006226 0.37398520112037659
vt 0.25551789999008179 0.37398520112037659
vt 0.25551789999008179 0.3667931854724884
vt 0.25551789999008179 0.35960116982460022
vt 0.25551789999008179 0.35240915417671204
vt 0.25551789999008179 0.34521713852882385
vt 0.25551789999008179 0.33802512288093567
vt 0.25551789999008179 0.33083313703536987
vt 0.25551789999008179 0.32364112138748169
vt 0.25551789999008179 0.31644910573959351
vt 0.26241591572761536 0.30925709009170532
vt 0.26931396126747131 0.30925709009170532
vt 0.27621197700500488 0.30925709009170532
vt 0.28310999274253845 0.30925709009170532
vt 0.29000800848007202 0.30925709009170532
vt 0.29690605401992798 0.30925709009170532
vt 0.30380406975746155 0.30925709009170532
vt 0.31070208549499512 0.30925709009170532
vt 0.31760010123252869 0.30925709009170532
vt 0.31760010123252869 0.38117721676826477
vt 0.31070208549499512 0.38117721676826477
vt 0.30380406975746155 0.38117721676826477
vt 0.29690605401992798 0.38117721676826477
vt 0.29000800848007202 0.38117721676826477
vt 0.28310999274253845 0.38117721676826477
vt 0.27621197700500488 0.38117721676826477
vt 0.26931396126747131 0.38117721676826477
vt 0.26241591572761536 0.38117721676826477
vt 0.28094956278800964 0.35678213834762573
vt 0.28158515691757202 0.36013507843017578
vt 0.28360092639923096 0.36322307586669922
vt 0.28666979074478149 0.36525148153305054
vt 0.29000189900398254 0.36589100956916809
vt 0.29333397746086121 0.36525148153305054
vt 0.29640284180641174 0.36322307586669922
vt 0.29841861128807068 0.36013507843017578
vt 0.29905420541763306 0.35678213834762573
vt 0.29841861128807068 0.35342919826507568
vt 0.29640284180641174 0.35034117102622986
vt 0.29333397746086121 0.34831279516220093
vt 0.29000189900398254 0.34767323732376099
vt 0.28666979074478149 0.34831279516220093
vt 0.28360092639923096 0.35034117102622986
vt 0.28158515691757202 0.35342919826507568
vt 0.29493516683578491 0.37090292572975159
vt 0.10813766717910767 0.19008935987949371
vt 0.10813766717910767 0.25950074195861816
vt 0.12611770629882813 0.19008935987949371
vt 0.12611770629882813 0.25950074195861816
vt 0.10813766717910767 0.2525596022605896
vt 0.10813766717910767 0.24561847746372223
vt 0.10813766717910767 0.23867733776569366
vt 0.10813766717910767 0.2317361980676651
vt 0.10813766717910767 0.22479505836963654
vt 0.10813766717910767 0.21785391867160797
vt 0.10813766717910767 0.21091277897357941
vt 0.10813766717910767 0.20397163927555084
vt 0.10813766717910767 0.19703049957752228
vt 0.1171276792883873 0.22479505836963654
vt 0.1171276792883873 0.24214790761470795
vt 0.11263267695903778 0.22479505836963654
vt 0.11263267695903778 0.24214790761470795
vt 0.1171276792883873 0.20744220912456512
vt 0.11263267695903778 0.20744220912456512
vt 0.12611770629882813 0.19703049957752228
vt 0.12611770629882813 0.20397163927555084
vt 0.12611770629882813 0.21091277897357941
vt 0.12611770629882813 0.21785391867160797
vt 0.12611770629882813 0.22479505836963654
vt 0.12611770629882813 0.2317361980676651
vt 0.12611770629882813 0.23867733776569366
vt 0.12611770629882813 0.24561847746372223
vt 0.12611770629882813 0.2525596022605896
vt 0.12162268906831741 0.22479505836963654
vt 0.12162268906831741 0.20744220912456512
vt 0.12162268906831741 0.24214790761470795
vt 0.16904814541339874 0
vt 0.16904814541339874 0.01394234411418438
vt 0.16904814541339874 0.027884688228368759
vt 0.16904814541339874 0.04182703047990799
vt 0.15106812119483948 0.04182703047990799
vt 0.16904814541339874 0.055769376456737518
vt 0.15106812119483948 0.055769376456737518
vt 0.15106812119483948 0.052283789962530136
vt 0.15106812119483948 0.048798203468322754
vt 0.15106812119483948 0.045312616974115372
vt 0.15106812119483948 0.038341443985700607
vt 0.15106812119483948 0.034855861216783524
vt 0.15106812119483948 0.031370274722576141
vt 0.15106812119483948 0.027884688228368759
vt 0.15106812119483948 0.024399101734161377
vt 0.15106812119483948 0.020913515239953995
vt 0.15106812119483948 0.017427930608391762
vt 0.15106812119483948 0.01394234411418438
vt 0.15106812119483948 0.010456757619976997
vt 0.15106812119483948 0.0069711720570921898
vt 0.15106812119483948 0.0034855860285460949
vt 0.15106812119483948 0
vt 0.16005812585353851 0.055769376456737518
vt 0.16005812585353851 0
vt 0.16904814541339874 0.0034855860285460949
vt 0.16904814541339874 0.0069711720570921898
vt 0.16904814541339874 0.010456757619976997
vt 0.16904814541339874 0.017427930608391762
vt 0.16904814541339874 0.020913515239953995
vt 0.16904814541339874 0.024399101734161377
vt 0.16904814541339874 0.031370274722576141
vt 0.16904814541339874 0.034855861216783524
vt 0.16904814541339874 0.038341443985700607
vt 0.16904814541339874 0.045312616974115372
vt 0.16904814541339874 0.048798203468322754
vt 0.16904814541339874 0.052283789962530136
vt 0.30298221111297607 0
vt 0.30298221111297607 0.071920134127140045
vt 0.31289812922477722 0.010274305008351803
vt 0.31289812922477722 0.020548610016703606
vt 0.31289812922477722 0.030822914093732834
vt 0.31289812922477722 0.041097220033407211
vt 0.31289812922477722 0.051371525973081589
vt 0.31289812922477722 0.061645828187465668
vt 0.32281401753425598 0.010274305008351803
vt 0.32281401753425598 0.020548610016703606
vt 0.32281401753425598 0.030822914093732834
vt 0.32281401753425598 0.041097220033407211
vt 0.32281401753425598 0.051371525973081589
vt 0.32281401753425598 0.061645828187465668
vt 0.33272993564605713 0.010274305008351803
vt 0.33272993564605713 0.020548610016703606
vt 0.33272993564605713 0.030822914093732834
vt 0.33272993564605713 0.041097220033407211
vt 0.33272993564605713 0.051371525973081589
vt 0.33272993564605713 0.061645828187465668
vt 0.34264585375785828 0.010274305008351803
vt 0.34264585375785828 0.020548610016703606
vt 0.34264585375785828 0.030822914093732834
vt 0.35256177186965942 0.010274305008351803
vt 0.35256177186965942 0.020548610016703606
vt 0.35256177186965942 0.030822914093732834
vt 0.36247768998146057 0.010274305008351803
vt 0.36247768998146057 0.020548610016703606
vt 0.36247768998146057 0.030822914093732834
vt 0.37239357829093933 0
vt 0.37239357829093933 0.071920134127140045
vt 0.30992335081100464 0
vt 0.3168644905090332 0
vt 0.32380563020706177 0
vt 0.33074676990509033 0
vt 0.3376879096031189 0
vt 0.34462904930114746 0
vt 0.35157015919685364 0
vt 0.3585112988948822 0
vt 0.36545243859291077 0
vt 0.37239357829093933 0.0071920133195817471
vt 0.37239357829093933 0.014384026639163494
vt 0.37239357829093933 0.021576041355729103
vt 0.37239357829093933 0.028768053278326988
vt 0.37239357829093933 0.035960067063570023
vt 0.37239357829093933 0.043152082711458206
vt 0.37239357829093933 0.050344094634056091
vt 0.37239357829093933 0.057536106556653976
vt 0.37239357829093933 0.064728118479251862
vt 0.36545243859291077 0.071920134127140045
vt 0.3585112988948822 0.071920134127140045
vt 0.35157015919685364 0.071920134127140045
vt 0.34462904930114746 0.071920134127140045
vt 0.3376879096031189 0.071920134127140045
vt 0.33074676990509033 0.071920134127140045
vt 0.32380563020706177 0.071920134127140045
vt 0.3168644905090332 0.071920134127140045
vt 0.30992335081100464 0.071920134127140045
vt 0.30298221111297607 0.064728118479251862
vt 0.30298221111297607 0.057536106556653976
vt 0.30298221111297607 0.050344094634056091
vt 0.30298221111297607 0.043152082711458206
vt 0.30298221111297607 0.035960067063570023
vt 0.30298221111297607 0.028768053278326988
vt 0.30298221111297607 0.021576041355729103
vt 0.30298221111297607 0.014384026639163494
vt 0.30298221111297607 0.0071920133195817471
vt 0.35514777898788452 0.047507923096418381
vt 0.35443726181983948 0.043960876762866974
vt 0.35247814655303955 0.041066262871026993
vt 0.34957557916641235 0.039118435233831406
vt 0.34603548049926758 0.038399044424295425
vt 0.34249541163444519 0.039118438959121704
vt 0.33959281444549561 0.04106627032160759
vt 0.33763366937637329 0.043960887938737869
vt 0.33692318201065063 0.047507941722869873
vt 0.33763366937637329 0.051054991781711578
vt 0.33959281444549561 0.053949605673551559
vt 0.3424953818321228 0.055897437036037445
vt 0.34603548049926758 0.056616827845573425
vt 0.34957554936408997 0.055897429585456848
vt 0.35247814655303955 0.053949594497680664
vt 0.35443726181983948 0.051054976880550385
vt 0.35256177186965942 0.061645828187465668
vt 0.36247768998146057 0.061645828187465668
vt 0.36247768998146057 0.051371525973081589
vt 0.10427560657262802 0.11275261640548706
vt 0.10427560657262802 0.14871267974376678
vt 0.10427560657262802 0.18467274308204651
vt 0.12225563824176788 0.11275261640548706
vt 0.12225563824176788 0.14871267974376678
vt 0.12225563824176788 0.18467274308204651
vt 0.10427560657262802 0.17748072743415833
vt 0.10427560657262802 0.17028872668743134
vt 0.10427560657262802 0.16309671103954315
vt 0.10427560657262802 0.15590469539165497
vt 0.10427560657262802 0.1415206640958786
vt 0.10427560657262802 0.13432864844799042
vt 0.10427560657262802 0.12713664770126343
vt 0.10427560657262802 0.11994462460279465
vt 0.12225563824176788 0.12473930418491364
vt 0.12225563824176788 0.13672599196434021
vt 0.12225563824176788 0.16069936752319336
vt 0.12225563824176788 0.17268605530261993
vt 0.37490233778953552 0.091715514659881592
vt 0.3389422595500946 0.091715514659881592
vt 0.30298221111297607 0.091715514659881592
vt 0.30298221111297607 0.12642121315002441
vt 0.32096225023269653 0.14377406239509583
vt 0.37490233778953552 0.16112691164016724
vt 0.3389422595500946 0.16112691164016724
vt 0.30298221111297607 0.16112691164016724
vt 0.31496888399124146 0.091715514659881592
vt 0.32695558667182922 0.091715514659881592
vt 0.35092896223068237 0.091715514659881592
vt 0.36291563510894775 0.091715514659881592
vt 0.37490233778953552 0.096088878810405731
vt 0.36291563510894775 0.16112691164016724
vt 0.35092896223068237 0.16112691164016724
vt 0.32695558667182922 0.16112691164016724
vt 0.31496888399124146 0.16112691164016724
vt 0.30298221111297607 0.14955833554267883
vt 0.30298221111297607 0.13798977434635162
vt 0.30298221111297607 0.11485264450311661
vt 0.30298221111297607 0.1032840833067894
vt 0.32739341259002686 0.10945390909910202
vt 0.32384634017944336 0.11016442626714706
vt 0.32095173001289368 0.11212355643510818
vt 0.31900390982627869 0.11502613872289658
vt 0.31828451156616211 0.11856622248888016
vt 0.3190038800239563 0.12210630625486374
vt 0.32095173001289368 0.12500889599323273
vt 0.32384634017944336 0.12696801126003265
vt 0.32739338278770447 0.1276785284280777
vt 0.33127877116203308 0.12681680917739868
vt 0.33433017134666443 0.12446898967027664
vt 0.32995223999023438 0.14377406239509583
vt 0.32096225023269653 0.13509763777256012
vt 0.32995223999023438 0.13509763777256012
vt 0.33497250080108643 0.096094466745853424
vt 0.3347814679145813 0.10453744977712631
vt 0.33458948135375977 0.11298410594463348
vt 0.33414331078529358 0.1327664703130722
vt 0.33395585417747498 0.14106155931949615
vt 0.34419247508049011 0.14106012880802155
vt 0.35442909598350525 0.14105869829654694
vt 0.36466571688652039 0.14105726778507233
vt 0.37490233778953552 0.14105582237243652
vt 0.36491957306861877 0.096090279519557953
vt 0.35493707656860352 0.096091672778129578
vt 0.34495475888252258 0.096093073487281799
vt 0.37490233778953552 0.15109136700630188
vt 0.33146584033966064 0.11040657013654709
vt 0.35692229866981506 0.14377406239509583
vt 0.069517068564891815 0.11275261640548706
vt 0.069517068564891815 0.14871267974376678
vt 0.069517068564891815 0.18467274308204651
vt 0.087497107684612274 0.11275261640548706
vt 0.087497107684612274 0.14871267974376678
vt 0.087497107684612274 0.18467274308204651
vt 0.087497107684612274 0.11994462460279465
vt 0.087497107684612274 0.12713664770126343
vt 0.087497107684612274 0.13432864844799042
vt 0.087497107684612274 0.1415206640958786
vt 0.087497107684612274 0.15590469539165497
vt 0.087497107684612274 0.16309671103954315
vt 0.087497107684612274 0.17028872668743134
vt 0.087497107684612274 0.17748072743415833
vt 0.069517068564891815 0.17268605530261993
vt 0.069517068564891815 0.16069936752319336
vt 0.069517068564891815 0.13672599196434021
vt 0.069517068564891815 0.12473930418491364
vt 0.077241189777851105 0.19008935987949371
vt 0.077241189777851105 0.25950074195861816
vt 0.095221221446990967 0.19008935987949371
vt 0.095221221446990967 0.25950074195861816
vt 0.077241189777851105 0.2525596022605896
vt 0.077241189777851105 0.24561847746372223
vt 0.077241189777851105 0.23867733776569366
vt 0.077241189777851105 0.2317361980676651
vt 0.077241189777851105 0.22479505836963654
vt 0.077241189777851105 0.21785391867160797
vt 0.077241189777851105 0.21091277897357941
vt 0.077241189777851105 0.20397163927555084
vt 0.077241189777851105 0.19703049957752228
vt 0.095221221446990967 0.20165793597698212
vt 0.095221221446990967 0.21322649717330933
vt 0.095221221446990967 0.22479505836963654
vt 0.095221221446990967 0.23636361956596375
vt 0.095221221446990967 0.24793218076229095
vt 0.1846170574426651 0.055769376456737518
vt 0.18464180827140808 0.052083916962146759
vt 0.18469738960266113 0.048797424882650375
vt 0.18477259576320648 0.04551103338599205
vt 0.18486608564853668 0.04182703047990799
vt 0.18495967984199524 0.038143027573823929
vt 0.18503512442111969 0.034856636077165604
vt 0.18509100377559662 0.03157014399766922
vt 0.18511615693569183 0.027884688228368759
vt 0.18509139120578766 0.024199228733778
vt 0.1850358247756958 0.020912738516926765
vt 0.18496060371398926 0.017626345157623291
vt 0.18486711382865906 0.01394234411418438
vt 0.1847735196352005 0.010258340276777744
vt 0.18469807505607605 0.0069719487801194191
vt 0.18464219570159912 0.003685458330437541
vt 0.1846170574426651 0
vt 0.19385999441146851 0.055769376456737518
vt 0.19385999441146851 0.04182703047990799
vt 0.19385999441146851 0.043625656515359879
vt 0.19385999441146851 0.038385272026062012
vt 0.19385999441146851 0.040106151252985001
vt 0.19385999441146851 0.036664385348558426
vt 0.19385999441146851 0
vt 0.20260383188724518 0
vt 0.20262898504734039 0.003685458330437541
vt 0.20268486440181732 0.0069719487801194191
vt 0.20276030898094177 0.010258340276777744
vt 0.20285390317440033 0.01394234411418438
vt 0.20294739305973053 0.017626345157623291
vt 0.20302259922027588 0.020912738516926765
vt 0.20307818055152893 0.024199228733778
vt 0.20310293138027191 0.027884688228368759
vt 0.20307305455207825 0.031924072653055191
vt 0.20300760865211487 0.035532627254724503
vt 0.20116990804672241 0.038339447230100632
vt 0.20060831308364868 0.039969198405742645
vt 0.20039944350719452 0.04182703047990799
vt 0.20106859505176544 0.045084338635206223
vt 0.20270676910877228 0.047740105539560318
vt 0.19848147034645081 0.038385272026062012
vt 0.19385999441146851 0.037524830549955368
vt 0.19848147034645081 0.036664385348558426
vt 0.19848147034645081 0.037524830549955368
vt 0.19848147034645081 0.040106151252985001
vt 0.19385999441146851 0.039245709776878357
vt 0.19848147034645081 0.039245709776878357
vt 0.19848147034645081 0.04182703047990799
vt 0.19385999441146851 0.040966592729091644
vt 0.19848147034645081 0.040966592729091644
vt 0.19848147034645081 0.043625656515359879
vt 0.19385999441146851 0.042726345360279083
vt 0.19848147034645081 0.042726345360279083
vt 0.20263606309890747 0.051532503217458725
vt 0.20260383188724518 0.055769376456737518
vt 0.33362093567848206 0.38535165786743164
vt 0.29299989342689514 0.38535165786743164
vt 0.29299989342689514 0.75299578905105591
vt 0.33362093567848206 0.93681788444519043
vt 0.29299989342689514 0.93681788444519043
vt 0.33362093567848206 0.45428493618965149
vt 0.33362093567848206 0.52321821451187134
vt 0.33362093567848206 0.5921514630317688
vt 0.33362093567848206 0.66108477115631104
vt 0.33362093567848206 0.7300180196762085
vt 0.33362093567848206 0.79895132780075073
vt 0.33362093567848206 0.86788457632064819
vt 0.29299989342689514 0.87554383277893066
vt 0.29299989342689514 0.81426984071731567
vt 0.29299989342689514 0.69172179698944092
vt 0.29299989342689514 0.63044774532318115
vt 0.29299989342689514 0.56917375326156616
vt 0.29299989342689514 0.5078997015953064
vt 0.29299989342689514 0.44662567973136902
vt 0.18507283926010132 0.26472842693328857
vt 0.18507283926010132 0.30681431293487549
vt 0.29299989342689514 0.26472842693328857
vt 0.29299989342689514 0.30681431293487549
vt 0.23903636634349823 0.26472842693328857
vt 0.23903636634349823 0.30681431293487549
vt 0.65355098247528076 0.091715514659881592
vt 0.61146509647369385 0.091715514659881592
vt 0.65355098247528076 0.25049778819084167
vt 0.61146509647369385 0.25049778819084167
vt 0.65355098247528076 0.14464294910430908
vt 0.65355098247528076 0.19757036864757538
vt 0.6325080394744873 0.25049778819084167
vt 0.61146509647369385 0.19757036864757538
vt 0.61146509647369385 0.14464294910430908
vt 0.18507283926010132 0.68672603368759155
vt 0.18507283926010132 0.72881191968917847
vt 0.29153504967689514 0.68672603368759155
vt 0.29153504967689514 0.72881191968917847
vt 0.18507283926010132 0.70776897668838501
vt 0.22056025266647339 0.68672603368759155
vt 0.25604763627052307 0.68672603368759155
vt 0.29153504967689514 0.70776897668838501
vt 0.25604763627052307 0.72881191968917847
vt 0.22056025266647339 0.72881191968917847
vt 0.37570679187774658 0.38535165786743164
vt 0.33508577942848206 0.38535165786743164
vt 0.33508577942848206 0.56917375326156616
vt 0.33508577942848206 0.75299578905105591
vt 0.37570679187774658 0.93681788444519043
vt 0.33508577942848206 0.93681788444519043
vt 0.35539627075195313 0.38535165786743164
vt 0.35539627075195313 0.4772627055644989
vt 0.34524103999137878 0.4772627055644989
vt 0.35539627075195313 0.43130719661712646
vt 0.34524103999137878 0.43130719661712646
vt 0.36555153131484985 0.4772627055644989
vt 0.36555153131484985 0.43130719661712646
vt 0.37570679187774658 0.45428493618965149
vt 0.37570679187774658 0.52321821451187134
vt 0.37570679187774658 0.5921514630317688
vt 0.37570679187774658 0.66108477115631104
vt 0.37570679187774658 0.7300180196762085
vt 0.37570679187774658 0.79895132780075073
vt 0.37570679187774658 0.86788457632064819
vt 0.35539627075195313 0.93681788444519043
vt 0.35539627075195313 0.84490680694580078
vt 0.35539627075195313 0.89086234569549561
vt 0.36555153131484985 0.84490680694580078
vt 0.36555153131484985 0.89086234569549561
vt 0.34524103999137878 0.84490680694580078
vt 0.34524103999137878 0.89086234569549561
vt 0.33508577942848206 0.87554383277893066
vt 0.33508577942848206 0.81426984071731567
vt 0.33508577942848206 0.69172179698944092
vt 0.33508577942848206 0.63044774532318115
vt 0.33508577942848206 0.5078997015953064
vt 0.33508577942848206 0.44662567973136902
vt 0.18507283926010132 0.82777631282806396
vt 0.18507283926010132 0.8698621392250061
vt 0.29153504967689514 0.82777631282806396
vt 0.29153504967689514 0.8698621392250061
vt 0.18507283926010132 0.84881919622421265
vt 0.22056025266647339 0.82777631282806396
vt 0.25604763627052307 0.82777631282806396
vt 0.29153504967689514 0.84881919622421265
vt 0.25604763627052307 0.8698621392250061
vt 0.22056025266647339 0.8698621392250061
vt 0.42027416825294495 0.045857757329940796
vt 0.42027416825294495 0.087943628430366516
vt 0.57905644178390503 0.045857757329940796
vt 0.57905644178390503 0.087943628430366516
vt 0.42027416825294495 0.066900692880153656
vt 0.47320160269737244 0.045857757329940796
vt 0.52612900733947754 0.045857757329940796
vt 0.52612900733947754 0.087943628430366516
vt 0.47320160269737244 0.087943628430366516
vt 0.42027416825294495 0
vt 0.42027416825294495 0.04208587110042572
vt 0.52820122241973877 0
vt 0.52820122241973877 0.04208587110042572
vt 0.47423768043518066 0
vt 0.47423768043518066 0.04208587110042572
vt 0.68712097406387329 0.34088560938835144
vt 0.68712097406387329 0.4096754789352417
vt 0.68712097406387329 0.47846534848213196
vt 0.68712097406387329 0.54725521802902222
vt 0.68712097406387329 0.61604505777359009
vt 0.68712097406387329 0.68483495712280273
vt 0.68712097406387329 0.75362479686737061
vt 0.68712097406387329 0.82241463661193848
vt 0.68712097406387329 0.89120453596115112
vt 0.64914250373840332 0.92928314208984375
vt 0.61116397380828857 0.9673616886138916
vt 0.55848556756973267 0.9673616886138916
vt 0.50580704212188721 0.9673616886138916
vt 0.45312860608100891 0.9673616886138916
vt 0.42780962586402893 0.94197595119476318
vt 0.40249061584472656 0.91659021377563477
vt 0.37717163562774658 0.89120453596115112
vt 0.37717163562774658 0.82241463661193848
vt 0.37717163562774658 0.75362479686737061
vt 0.37717163562774658 0.68483495712280273
vt 0.37717163562774658 0.61604505777359009
vt 0.37717163562774658 0.54725521802902222
vt 0.37717163562774658 0.47846534848213196
vt 0.37717163562774658 0.4096754789352417
vt 0.37717163562774658 0.34088560938835144
vt 0.40249061584472656 0.31549987196922302
vt 0.42780962586402893 0.29011416435241699
vt 0.45312860608100891 0.26472842693328857
vt 0.50580704212188721 0.26472842693328857
vt 0.55848556756973267 0.26472842693328857
vt 0.61116397380828857 0.26472842693328857
vt 0.64914250373840332 0.30280700325965881
vt 0.4487534761428833 0.42136335372924805
vt 0.4487534761428833 0.48625725507736206
vt 0.4487534761428833 0.55115115642547607
vt 0.4487534761428833 0.61604505777359009
vt 0.4487534761428833 0.6809389591217041
vt 0.4487534761428833 0.74583286046981812
vt 0.4487534761428833 0.81072676181793213
vt 0.49760386347770691 0.37238419055938721
vt 0.4731786847114563 0.39687377214431763
vt 0.56668877601623535 0.37238419055938721
vt 0.53214633464813232 0.37238419055938721
vt 0.61553913354873657 0.42136335372924805
vt 0.59111392498016357 0.39687377214431763
vt 0.61553913354873657 0.81072676181793213
vt 0.61553913354873657 0.74583286046981812
vt 0.61553913354873657 0.6809389591217041
vt 0.61553913354873657 0.61604505777359009
vt 0.61553913354873657 0.55115115642547607
vt 0.61553913354873657 0.48625725507736206
vt 0.56668877601623535 0.85970592498779297
vt 0.59111392498016357 0.83521634340286255
vt 0.49760386347770691 0.85970592498779297
vt 0.53214633464813232 0.85970592498779297
vt 0.4731786847114563 0.83521634340286255
vt 0.64284247159957886 0.36510461568832397
vt 0.55428552627563477 0.36510461568832397
vt 0.51000708341598511 0.36510461568832397
vt 0.64284247159957886 0.56585699319839478
vt 0.64284247159957886 0.66623318195343018
vt 0.46572858095169067 0.36510461568832397
vt 0.42145010828971863 0.36510461568832397
vt 0.42145010828971863 0.56585699319839478
vt 0.42145010828971863 0.66623318195343018
vt 0.64284247159957886 0.76660937070846558
vt 0.64284247159957886 0.8669854998588562
vt 0.55428552627563477 0.8669854998588562
vt 0.51000708341598511 0.8669854998588562
vt 0.42145010828971863 0.8669854998588562
vt 0.42145010828971863 0.76660937070846558
vt 0.46572858095169067 0.8669854998588562
vt 0.95979148149490356 0.088012263178825378
vt 0.92104780673980713 0.088012263178825378
vt 0.88230413198471069 0.088012263178825378
vt 0.8048168420791626 0.088012263178825378
vt 0.76607316732406616 0.088012263178825378
vt 0.72732949256896973 0.088012263178825378
vt 0.95979148149490356 0.26403680443763733
vt 0.72732949256896973 0.26403680443763733
vt 0.95979148149490356 0.44006133079528809
vt 0.72732949256896973 0.44006133079528809
vt 0.95979148149490356 0.61608582735061646
vt 0.92104780673980713 0.61608582735061646
vt 0.8048168420791626 0.61608582735061646
vt 0.76607316732406616 0.61608582735061646
vt 0.72732949256896973 0.61608582735061646
vt 0.87810295820236206 0.062930114567279816
vt 0.87810295820236206 0.044950079172849655
vt 0.88230413198471069 0.044006131589412689
vt 0.86592984199523926 0.062930122017860413
vt 0.87201637029647827 0.062930122017860413
vt 0.88230413198471069 0.066009201109409332
vt 0.9016759991645813 0.088012263178825378
vt 0.92104780673980713 0.044006131589412689
vt 0.9016759991645813 0.044006131589412689
vt 0.80901807546615601 0.044950079172849655
vt 0.80901807546615601 0.062930114567279816
vt 0.8048168420791626 0.044006131589412689
vt 0.87119442224502563 0.044950079172849655
vt 0.86428594589233398 0.044950079172849655
vt 0.85737746953964233 0.044950079172849655
vt 0.85046899318695068 0.044950079172849655
vt 0.84356051683425903 0.044950079172849655
vt 0.83665198087692261 0.044950079172849655
vt 0.82974350452423096 0.044950079172849655
vt 0.82283502817153931 0.044950079172849655
vt 0.81592655181884766 0.044950079172849655
vt 0.8048168420791626 0.066009201109409332
vt 0.78544497489929199 0.088012263178825378
vt 0.76607316732406616 0.044006131589412689
vt 0.78544497489929199 0.044006131589412689
vt 0.81733012199401855 0.65473389625549316
vt 0.82423597574234009 0.65454381704330444
vt 0.8311418890953064 0.65435373783111572
vt 0.83804780244827271 0.65416359901428223
vt 0.84495365619659424 0.65397351980209351
vt 0.85185956954956055 0.65378344058990479
vt 0.85876548290252686 0.65359336137771606
vt 0.86567139625549316 0.65340328216552734
vt 0.8725772500038147 0.65321314334869385
vt 0.87948316335678101 0.6530231237411499
vt 0.88638907670974731 0.65283298492431641
vt 0.8048168420791626 0.66009199619293213
vt 0.81450271606445313 0.66009199619293213
vt 0.8048168420791626 0.63808894157409668
vt 0.81450271606445313 0.61608582735061646
vt 0.81450271606445313 0.63808894157409668
vt 0.76607316732406616 0.66009199619293213
vt 0.78544497489929199 0.61608582735061646
vt 0.78544497489929199 0.66009199619293213
vt 0.9016759991645813 0.61608582735061646
vt 0.92104780673980713 0.66009199619293213
vt 0.9016759991645813 0.66009199619293213
vt 0.891990065574646 0.66009199619293213
vt 0.891990065574646 0.61608582735061646
vt 0.9016759991645813 0.63808894157409668
vt 0.891990065574646 0.63808894157409668
vt 0.92104780673980713 0.57207971811294556
vt 0.81683999300003052 0.63676059246063232
vt 0.82119113206863403 0.63664084672927856
vt 0.81450271606445313 0.62708735466003418
vt 0.81934571266174316 0.61608582735061646
vt 0.81934571266174316 0.62708735466003418
vt 0.76607316732406616 0.57207971811294556
vt 0.88589900732040405 0.63485968112945557
vt 0.99853515625 0.076315954327583313
vt 0.99853515625 0.13758997619152069
vt 0.99853515625 0.19886401295661926
vt 0.99853515625 0.26013803482055664
vt 0.99853515625 0.32141205668449402
vt 0.99853515625 0.38268604874610901
vt 0.99853515625 0.44396010041236877
vt 0.99853515625 0.50523412227630615
vt 0.99853515625 0.56650817394256592
vt 0.99853515625 0.62778216600418091
vt 0.96055668592453003 0.66594016551971436
vt 0.92257815599441528 0.70409810543060303
vt 0.8698996901512146 0.70409810543060303
vt 0.81722122430801392 0.70409810543060303
vt 0.76454281806945801 0.70409810543060303
vt 0.73922377824783325 0.67865943908691406
vt 0.71390479803085327 0.65322083234786987
vt 0.68858581781387329 0.62778216600418091
vt 0.68858581781387329 0.56650817394256592
vt 0.68858581781387329 0.50523412227630615
vt 0.68858581781387329 0.44396010041236877
vt 0.68858581781387329 0.38268604874610901
vt 0.68858581781387329 0.32141205668449402
vt 0.68858581781387329 0.26013803482055664
vt 0.68858581781387329 0.19886401295661926
vt 0.68858581781387329 0.13758997619152069
vt 0.68858581781387329 0.076315954327583313
vt 0.71390479803085327 0.050877299159765244
vt 0.73922377824783325 0.025438649579882622
vt 0.76454281806945801 0
vt 0.81722122430801392 0
vt 0.8698996901512146 0
vt 0.92257815599441528 0
vt 0.96055668592453003 0.038157977163791656
vt 0.76016765832901001 0.15696147084236145
vt 0.76016765832901001 0.1691921055316925
vt 0.72732949256896973 0.13201840221881866
vt 0.74670130014419556 0.088012263178825378
vt 0.76607316732406616 0.13201840221881866
vt 0.74670130014419556 0.13201840221881866
vt 0.80901807546615601 0.10788019746541977
vt 0.78459286689758301 0.13242083787918091
vt 0.87810295820236206 0.10788019746541977
vt 0.86592984199523926 0.10788019746541977
vt 0.92695331573486328 0.15696147084236145
vt 0.90252810716629028 0.13242083787918091
vt 0.92695331573486328 0.54713666439056396
vt 0.92695331573486328 0.53490597009658813
vt 0.94041967391967773 0.61608582735061646
vt 0.95979148149490356 0.57207971811294556
vt 0.94041967391967773 0.57207971811294556
vt 0.87810295820236206 0.59621793031692505
vt 0.90252810716629028 0.57167726755142212
vt 0.80901807546615601 0.59621793031692505
vt 0.82119113206863403 0.59621793031692505
vt 0.76016765832901001 0.54713666439056396
vt 0.78459286689758301 0.57167726755142212
vt 0.97169196605682373 0.53490597009658813
vt 0.97169196605682373 0.51243096590042114
vt 0.97169196605682373 0.48995590209960938
vt 0.97916334867477417 0.61608582735061646
vt 0.97916334867477417 0.57207971811294556
vt 0.97916334867477417 0.44006133079528809
vt 0.94932264089584351 0.48995590209960938
vt 0.92695331573486328 0.48995590209960938
vt 0.94041967391967773 0.44006133079528809
vt 0.94932264089584351 0.53490597009658813
vt 0.92695331573486328 0.43224000930786133
vt 0.92695331573486328 0.37452408671379089
vt 0.97169196605682373 0.37452408671379089
vt 0.97169196605682373 0.35204905271530151
vt 0.97169196605682373 0.32957401871681213
vt 0.95979148149490356 0.3960551917552948
vt 0.97916334867477417 0.3960551917552948
vt 0.95979148149490356 0.30804291367530823
vt 0.97916334867477417 0.26403680443763733
vt 0.97916334867477417 0.30804291367530823
vt 0.94932264089584351 0.32957401871681213
vt 0.92695331573486328 0.32957401871681213
vt 0.94041967391967773 0.26403680443763733
vt 0.94041967391967773 0.30804291367530823
vt 0.94932264089584351 0.37452408671379089
vt 0.94041967391967773 0.3960551917552948
vt 0.92695331573486328 0.2718580961227417
vt 0.92695331573486328 0.21414220333099365
vt 0.97169196605682373 0.21414220333099365
vt 0.97169196605682373 0.19166716933250427
vt 0.97169196605682373 0.1691921055316925
vt 0.95979148149490356 0.13201840221881866
vt 0.97916334867477417 0.088012263178825378
vt 0.97916334867477417 0.13201840221881866
vt 0.94932264089584351 0.1691921055316925
vt 0.92695331573486328 0.1691921055316925
vt 0.92104780673980713 0.13201840221881866
vt 0.94041967391967773 0.088012263178825378
vt 0.94041967391967773 0.13201840221881866
vt 0.94932264089584351 0.21414220333099365
vt 0.86592984199523926 0.63540935516357422
vt 0.86592984199523926 0.62234556674957275
vt 0.86592984199523926 0.60928171873092651
vt 0.86592984199523926 0.59621793031692505
vt 0.86592984199523926 0.085405156016349792
vt 0.82119113206863403 0.062930122017860413
vt 0.82119113206863403 0.077913478016853333
vt 0.82119113206863403 0.092896841466426849
vt 0.82119113206863403 0.10788019746541977
vt 0.71542900800704956 0.48995590209960938
vt 0.71542900800704956 0.51243096590042114
vt 0.71542900800704956 0.53490597009658813
vt 0.70795762538909912 0.44006133079528809
vt 0.70795762538909912 0.61608582735061646
vt 0.72732949256896973 0.57207971811294556
vt 0.70795762538909912 0.57207971811294556
vt 0.76016765832901001 0.48995590209960938
vt 0.73779833316802979 0.48995590209960938
vt 0.74670130014419556 0.44006133079528809
vt 0.73779833316802979 0.53490597009658813
vt 0.76016765832901001 0.53490597009658813
vt 0.74670130014419556 0.61608582735061646
vt 0.74670130014419556 0.57207971811294556
vt 0.71542900800704956 0.32957401871681213
vt 0.71542900800704956 0.35204905271530151
vt 0.71542900800704956 0.37452408671379089
vt 0.70795762538909912 0.26403680443763733
vt 0.72732949256896973 0.30804291367530823
vt 0.70795762538909912 0.30804291367530823
vt 0.72732949256896973 0.3960551917552948
vt 0.70795762538909912 0.3960551917552948
vt 0.76016765832901001 0.32957401871681213
vt 0.73779833316802979 0.32957401871681213
vt 0.74670130014419556 0.26403680443763733
vt 0.74670130014419556 0.30804291367530823
vt 0.73779833316802979 0.37452408671379089
vt 0.76016765832901001 0.37452408671379089
vt 0.74670130014419556 0.3960551917552948
vt 0.76016765832901001 0.43224000930786133
vt 0.71542900800704956 0.1691921055316925
vt 0.71542900800704956 0.19166716933250427
vt 0.71542900800704956 0.21414220333099365
vt 0.70795762538909912 0.088012263178825378
vt 0.70795762538909912 0.13201840221881866
vt 0.73779833316802979 0.1691921055316925
vt 0.73779833316802979 0.21414220333099365
vt 0.76016765832901001 0.21414220333099365
vt 0.76016765832901001 0.2718580961227417
vt 0.87591439485549927 0.63513451814651489
vt 0.82119113206863403 0.61642932891845703
vt 0.81510460376739502 0.062930122017860413
vt 0.12121161073446274 0.50695037841796875
vt 0.12121161073446274 0.60449421405792236
vt 0.12121161073446274 0.7020379900932312
vt 0.1415221244096756 0.79958176612854004
vt 0.10090109705924988 0.79958176612854004
vt 0.1415221244096756 0.40940660238265991
vt 0.1415221244096756 0.47443580627441406
vt 0.1415221244096756 0.53946501016616821
vt 0.1415221244096756 0.60449421405792236
vt 0.1415221244096756 0.66952341794967651
vt 0.1415221244096756 0.73455256223678589
vt 0.11105635017156601 0.7020379900932312
vt 0.12121161073446274 0.75080990791320801
vt 0.11105635017156601 0.75080990791320801
vt 0.10090109705924988 0.40940660238265991
vt 0.10090109705924988 0.42163726687431335
vt 0.11105635017156601 0.50695037841796875
vt 0.12121161073446274 0.45817852020263672
vt 0.11105635017156601 0.45817852020263672
vt 0.10090109705924988 0.46658733487129211
vt 0.10090109705924988 0.44411230087280273
vt 0.10090109705924988 0.5820191502571106
vt 0.10090109705924988 0.52430325746536255
vt 0.10090109705924988 0.62696927785873413
vt 0.10090109705924988 0.60449421405792236
vt 0.11105635017156601 0.60449421405792236
vt 0.12121161073446274 0.65326607227325439
vt 0.11105635017156601 0.65326607227325439
vt 0.12121161073446274 0.55572229623794556
vt 0.11105635017156601 0.55572229623794556
vt 0.10090109705924988 0.74240106344223022
vt 0.10090109705924988 0.68468517065048218
vt 0.10090109705924988 0.78735113143920898
vt 0.10090109705924988 0.77236777544021606
vt 0.10090109705924988 0.75738441944122314
vt 0.42218878865242004 0.17822197079658508
vt 0.38010293245315552 0.24763335287570953
vt 0.42218878865242004 0.21292766928672791
vt 0.38010293245315552 0.21292766928672791
vt 0.38010293245315552 0.17822197079658508
vt 0.42218878865242004 0.24763335287570953
vt 0.5343443751335144 0.17822197079658508
vt 0.57643026113510132 0.24763335287570953
vt 0.5343443751335144 0.24763335287570953
vt 0.57643026113510132 0.17822197079658508
vt 0.57643026113510132 0.21292766928672791
vt 0.5343443751335144 0.23540270328521729
vt 0.5343443751335144 0.19045262038707733
vt 0.5343443751335144 0.22041934728622437
vt 0.5343443751335144 0.20543599128723145
vt 0.30298221111297607 0.17822197079658508
vt 0.3450680673122406 0.24763335287570953
vt 0.3450680673122406 0.17822197079658508
vt 0.3450680673122406 0.21292766928672791
vt 0.30298221111297607 0.24763335287570953
vt 0.30298221111297607 0.21292766928672791
vt 0.1429869681596756 0.40940660238265991
vt 0.16329748928546906 0.50695037841796875
vt 0.16329748928546906 0.60449421405792236
vt 0.16329748928546906 0.7020379900932312
vt 0.18360799551010132 0.79958176612854004
vt 0.18360799551010132 0.40940660238265991
vt 0.18360799551010132 0.47443580627441406
vt 0.18360799551010132 0.53946501016616821
vt 0.18360799551010132 0.60449421405792236
vt 0.18360799551010132 0.66952341794967651
vt 0.18360799551010132 0.73455256223678589
vt 0.1429869681596756 0.79958176612854004
vt 0.15314222872257233 0.7020379900932312
vt 0.16329748928546906 0.75080990791320801
vt 0.15314222872257233 0.75080990791320801
vt 0.1429869681596756 0.74240106344223022
vt 0.1429869681596756 0.68468517065048218
vt 0.1429869681596756 0.78735113143920898
vt 0.1429869681596756 0.76487606763839722
vt 0.1429869681596756 0.5820191502571106
vt 0.1429869681596756 0.52430325746536255
vt 0.1429869681596756 0.62696927785873413
vt 0.1429869681596756 0.60449421405792236
vt 0.15314222872257233 0.60449421405792236
vt 0.16329748928546906 0.65326607227325439
vt 0.15314222872257233 0.65326607227325439
vt 0.15314222872257233 0.50695037841796875
vt 0.16329748928546906 0.55572229623794556
vt 0.15314222872257233 0.55572229623794556
vt 0.1429869681596756 0.42163726687431335
vt 0.16329748928546906 0.45817852020263672
vt 0.15314222872257233 0.45817852020263672
vt 0.1429869681596756 0.46658733487129211
vt 0.1429869681596756 0.45160397887229919
vt 0.1429869681596756 0.43662062287330627
vt 0.5343443751335144 0.091715514659881592
vt 0.57643026113510132 0.16112691164016724
vt 0.5343443751335144 0.16112691164016724
vt 0.57643026113510132 0.091715514659881592
vt 0.57643026113510132 0.12642121315002441
vt 0.5343443751335144 0.12642121315002441
vt 0.45722365379333496 0.17822197079658508
vt 0.49930950999259949 0.24763335287570953
vt 0.49930950999259949 0.17822197079658508
vt 0.49930950999259949 0.21292766928672791
vt 0.45722365379333496 0.24763335287570953
vt 0.45722365379333496 0.19045262038707733
vt 0.45722365379333496 0.23540270328521729
vt 0.45722365379333496 0.21292766928672791
vt 0.49930950999259949 0.091715514659881592
vt 0.45722365379333496 0.16112691164016724
vt 0.49930950999259949 0.12642121315002441
vt 0.45722365379333496 0.12642121315002441
vt 0.49930950999259949 0.16112691164016724
vt 0.45722365379333496 0.091715514659881592
vt 0.19601820409297943 0.084993414580821991
vt 0.15106812119483948 0.084993414580821991
vt 0.19601820409297943 0.11128777265548706
vt 0.15106812119483948 0.11128777265548706
vt 0.1660514771938324 0.084993414580821991
vt 0.18103483319282532 0.084993414580821991
vt 0.19601820409297943 0.098140589892864227
vt 0.18103483319282532 0.11128777265548706
vt 0.1660514771938324 0.11128777265548706
vt 0.15106812119483948 0.098140589892864227
vt 0 0.05637630820274353
vt 0 0.10132639110088348
vt 0.011174942366778851 0.05637630820274353
vt 0.011174942366778851 0.10132639110088348
vt 0.022349884733557701 0.05637630820274353
vt 0.022349884733557701 0.10132639110088348
vt 0.022349884733557701 0.071359671652317047
vt 0.022349884733557701 0.086343027651309967
vt 0 0.086343027651309967
vt 0 0.071359671652317047
vt 0.13903816044330597 0.14893215894699097
vt 0.15402151644229889 0.14893215894699097
vt 0.169004887342453 0.14893215894699097
vt 0.18398824334144592 0.14893215894699097
vt 0.18398824334144592 0.1836325079202652
vt 0.16151319444179535 0.1836325079202652
vt 0.13903816044330597 0.1836325079202652
vt 0.18398824334144592 0.15602937340736389
vt 0.18398824334144592 0.16983093321323395
vt 0.13903816044330597 0.16983093321323395
vt 0.13903816044330597 0.15602937340736389
vt 0.28948864340782166 0.38535726070404053
vt 0.28948864340782166 0.40034061670303345
vt 0.28948864340782166 0.41532400250434875
vt 0.28948864340782166 0.43030735850334167
vt 0.23904135823249817 0.38535726070404053
vt 0.26781076192855835 0.38535726070404053
vt 0.26780807971954346 0.43030735850334167
vt 0.23904135823249817 0.43030735850334167
vt 0.23904135823249817 0.40783232450485229
vt 0.046265508979558945 0.33707079291343689
vt 0.060097139328718185 0.33706915378570557
vt 0.073928765952587128 0.33706751465797424
vt 0.082495361566543579 0.344207763671875
vt 0.091061949729919434 0.35134798288345337
vt 0.091066174209117889 0.38751274347305298
vt 0.06866881251335144 0.38751542568206787
vt 0.091062791645526886 0.35874471068382263
vt 0.091064482927322388 0.373128741979599
vt 0.046271447092294693 0.38751807808876038
vt 0.046268060803413391 0.3587486743927002
vt 0.048982519656419754 0.40940660238265991
vt 0.048984114080667496 0.42328619956970215
vt 0.048985704779624939 0.43716579675674438
vt 0.042052790522575378 0.44576209783554077
vt 0.035119879990816116 0.45435842871665955
vt 5.1563233682827558E-06 0.4543626606464386
vt 2.5781616841413779E-06 0.43188759684562683
vt 0.027937920764088631 0.4543592631816864
vt 0.013971537351608276 0.4543609619140625
vt 0 0.40941256284713745
vt 0.027931459248065948 0.40940916538238525
vt 0.19601820409297943 0.057234220206737518
vt 0.15106812119483948 0.057234220206737518
vt 0.15106812119483948 0.070381395518779755
vt 0.19601820409297943 0.083528570830821991
vt 0.15106812119483948 0.083528570830821991
vt 0.1660514771938324 0.057234220206737518
vt 0.18103483319282532 0.057234220206737518
vt 0.19601820409297943 0.070381395518779755
vt 0.18103483319282532 0.083528570830821991
vt 0.1660514771938324 0.083528570830821991
vt 0.17354315519332886 0.070381395518779755
vt 0.075534060597419739 0.05637630820274353
vt 0.075534060597419739 0.10132639110088348
vt 0.097883939743041992 0.05637630820274353
vt 0.097883939743041992 0.10132639110088348
vt 0.097883939743041992 0.071359671652317047
vt 0.097883939743041992 0.086343027651309967
vt 0.075534060597419739 0.086343027651309967
vt 0.075534060597419739 0.071359671652317047
vt 0.086709000170230865 0.05637630820274353
vt 0.086709000170230865 0.10132639110088348
vt 0.22101218998432159 0.14893215894699097
vt 0.23599556088447571 0.14893215894699097
vt 0.25097891688346863 0.14893215894699097
vt 0.26596227288246155 0.14893215894699097
vt 0.26596227288246155 0.1836325079202652
vt 0.24348722398281097 0.1836325079202652
vt 0.22101218998432159 0.1836325079202652
vt 0.26596227288246155 0.15602937340736389
vt 0.26596227288246155 0.16983093321323395
vt 0.22101218998432159 0.16983093321323395
vt 0.22101218998432159 0.15602937340736389
vt 0.23552510142326355 0.53604447841644287
vt 0.23552510142326355 0.55102783441543579
vt 0.23552510142326355 0.56601119041442871
vt 0.23552510142326355 0.58099454641342163
vt 0.18507783114910126 0.53604447841644287
vt 0.21384723484516144 0.53604447841644287
vt 0.21384453773498535 0.58099454641342163
vt 0.18507783114910126 0.58099454641342163
vt 0.18507783114910126 0.55851948261260986
vt 0 0.33707079291343689
vt 0.013831628486514091 0.33706915378570557
vt 0.027663256973028183 0.33706751465797424
vt 0.036229848861694336 0.344207763671875
vt 0.044796444475650787 0.35134798288345337
vt 0.044800665229558945 0.38751274347305298
vt 0.022403301671147346 0.38751542568206787
vt 0.044797278940677643 0.35874471068382263
vt 0.044798973947763443 0.373128741979599
vt 5.9380231505201664E-06 0.38751807808876038
vt 2.5514027583994903E-06 0.3587486743927002
vt 0.048982519656419754 0.68911653757095337
vt 0.048984110355377197 0.70299619436264038
vt 0.048985704779624939 0.71687579154968262
vt 0.042052790522575378 0.725472092628479
vt 0.035119879990816116 0.73406839370727539
vt 5.1563233682827558E-06 0.73407262563705444
vt 2.5781616841413779E-06 0.71159756183624268
vt 0.027937918901443481 0.73406922817230225
vt 0.013971537351608276 0.73407089710235596
vt 0 0.68912249803543091
vt 0.027931459248065948 0.68911910057067871
vt 0.27197524905204773 0.084993414580821991
vt 0.22702516615390778 0.084993414580821991
vt 0.27197524905204773 0.098140589892864227
vt 0.22702516615390778 0.098140589892864227
vt 0.27197524905204773 0.11128777265548706
vt 0.22702516615390778 0.11128777265548706
vt 0.2420085221529007 0.084993414580821991
vt 0.25699189305305481 0.084993414580821991
vt 0.25699189305305481 0.11128777265548706
vt 0.2420085221529007 0.11128777265548706
vt 0.11176595836877823 0
vt 0.11176595836877823 0.044950086623430252
vt 0.13411584496498108 0
vt 0.13411584496498108 0.044950086623430252
vt 0.13411584496498108 0.014983362518250942
vt 0.13411584496498108 0.029966725036501884
vt 0.11176595836877823 0.029966725036501884
vt 0.11176595836877823 0.014983362518250942
vt 0.12294089794158936 0
vt 0.12294089794158936 0.044950086623430252
vt 0.13903816044330597 0.22492027282714844
vt 0.15402151644229889 0.22492027282714844
vt 0.169004887342453 0.22492027282714844
vt 0.18398824334144592 0.22492027282714844
vt 0.18398824334144592 0.26108506321907043
vt 0.16151319444179535 0.26108506321907043
vt 0.13903816044330597 0.26108506321907043
vt 0.18398824334144592 0.2323170006275177
vt 0.18398824334144592 0.24670103192329407
vt 0.13903816044330597 0.24670103192329407
vt 0.13903816044330597 0.2323170006275177
vt 0.13733150064945221 0.38751497864723206
vt 0.12239986658096313 0.38751497864723206
vt 0.10746823251247406 0.38751497864723206
vt 0.092536598443984985 0.38751497864723206
vt 0.13733150064945221 0.33706769347190857
vt 0.13733150064945221 0.35145598649978638
vt 0.13733150064945221 0.36583831906318665
vt 0.13733150064945221 0.37667664885520935
vt 0.092536598443984985 0.3766753077507019
vt 0.092536598443984985 0.36583563685417175
vt 0.092536605894565582 0.35145151615142822
vt 0.092536605894565582 0.33706769347190857
vt 0.10746823251247406 0.33706769347190857
vt 0.12239986658096313 0.33706769347190857
vt 0.099433071911334991 0.82897156476974487
vt 0.099434658885002136 0.84285116195678711
vt 0.099436253309249878 0.85673075914382935
vt 0.092503339052200317 0.86532706022262573
vt 0.085570424795150757 0.87392336130142212
vt 0.05045570433139801 0.87392759323120117
vt 0.050453126430511475 0.8514525294303894
vt 0.07838846743106842 0.87392419576644897
vt 0.064422085881233215 0.87392586469650269
vt 0.050450548529624939 0.82897752523422241
vt 0.06442105770111084 0.82897579669952393
vt 0.078385792672634125 0.82897412776947021
vt 0.088909432291984558 0.82897281646728516
vt 0.048982519656419754 0.82897156476974487
vt 0.048984110355377197 0.84285116195678711
vt 0.048985704779624939 0.85673075914382935
vt 0.042052790522575378 0.86532706022262573
vt 0.035119879990816116 0.87392336130142212
vt 5.1563233682827558E-06 0.87392759323120117
vt 2.5781616841413779E-06 0.8514525294303894
vt 0.027937918901443481 0.87392419576644897
vt 0.013971537351608276 0.87392586469650269
vt 0 0.82897752523422241
vt 0.013966161757707596 0.82897579669952393
vt 0.027932632714509964 0.82897412776947021
vt 0.038457576185464859 0.82897281646728516
vt 0.044950086623430252 0.19008935987949371
vt 0 0.19008935987949371
vt 0 0.20396897196769714
vt 0.044950086623430252 0.21784856915473938
vt 0 0.21784856915473938
vt 0.014983360655605793 0.19008935987949371
vt 0.029966723173856735 0.19008935987949371
vt 0.044950086623430252 0.20396897196769714
vt 0.029966723173856735 0.21784856915473938
vt 0.014983360655605793 0.21784856915473938
vt 0.022475043311715126 0.20396897196769714
vt 0.37570187449455261 0.32504564523696899
vt 0.37570187449455261 0.34002900123596191
vt 0.37570187449455261 0.35501238703727722
vt 0.37570187449455261 0.36999574303627014
vt 0.32596790790557861 0.32504564523696899
vt 0.34015074372291565 0.32504564523696899
vt 0.35433050990104675 0.32504564523696899
vt 0.36501619219779968 0.32504564523696899
vt 0.35432785749435425 0.36999574303627014
vt 0.32596790790557861 0.36999574303627014
vt 0.32596790790557861 0.34752067923545837
vt 0.044950086623430252 0.22740890085697174
vt 0 0.22740890085697174
vt 0.044950086623430252 0.25516808032989502
vt 0 0.25516808032989502
vt 0.014983360655605793 0.22740890085697174
vt 0.029966723173856735 0.22740890085697174
vt 0.044950086623430252 0.24128849804401398
vt 0.029966723173856735 0.25516808032989502
vt 0.014983360655605793 0.25516808032989502
vt 0 0.24128849804401398
vt 0.11330108344554901 0.05637630820274353
vt 0.11330108344554901 0.10132639110088348
vt 0.13565097749233246 0.05637630820274353
vt 0.13565097749233246 0.10132639110088348
vt 0.13565097749233246 0.06386798620223999
vt 0.13565097749233246 0.071359671652317047
vt 0.13565097749233246 0.078851349651813507
vt 0.13565097749233246 0.086343027651309967
vt 0.13565097749233246 0.093834713101387024
vt 0.11330108344554901 0.086343027651309967
vt 0.11330108344554901 0.071359671652317047
vt 0.12447603046894073 0.05637630820274353
vt 0.12447603046894073 0.10132639110088348
vt 0.28948864340782166 0.53604447841644287
vt 0.28948864340782166 0.55102783441543579
vt 0.28948864340782166 0.56601119041442871
vt 0.28948864340782166 0.58099454641342163
vt 0.23904135823249817 0.53604447841644287
vt 0.25342762470245361 0.53604447841644287
vt 0.26781076192855835 0.53604447841644287
vt 0.27864968776702881 0.53604447841644287
vt 0.27864834666252136 0.58099454641342163
vt 0.26780807971954346 0.58099454641342163
vt 0.25342315435409546 0.58099454641342163
vt 0.23904135823249817 0.58099454641342163
vt 0.23904135823249817 0.56601119041442871
vt 0.23904135823249817 0.55102783441543579
vt 0.1149340495467186 0.28995370864868164
vt 0.092531017959117889 0.26473170518875122
vt 0.10636431723833084 0.2647300660610199
vt 0.1201976090669632 0.26472842693328857
vt 0.12876524031162262 0.27186864614486694
vt 0.13733285665512085 0.2790088951587677
vt 0.1373370885848999 0.31517365574836731
vt 0.12240371108055115 0.31517544388771057
vt 0.10747033357620239 0.31517720222473145
vt 0.1373337060213089 0.28640580177307129
vt 0.13733454048633575 0.2935979962348938
vt 0.1373353898525238 0.30079019069671631
vt 0.13733623921871185 0.30798238515853882
vt 0.12613557279109955 0.28995370864868164
vt 0.1149340495467186 0.27734106779098511
vt 0.12613557279109955 0.27734106779098511
vt 0.1149340495467186 0.30256634950637817
vt 0.12613557279109955 0.30256634950637817
vt 0.092536956071853638 0.31517899036407471
vt 0.092535264790058136 0.30079272389411926
vt 0.092533573508262634 0.28640958666801453
vt 0.092532292008399963 0.27557063102722168
vt 0.099433071911334991 0.54926156997680664
vt 0.099434658885002136 0.56314116716384888
vt 0.099436253309249878 0.57702076435089111
vt 0.092503339052200317 0.5856170654296875
vt 0.085570424795150757 0.59421336650848389
vt 0.05045570433139801 0.59421759843826294
vt 0.050453126430511475 0.57174259424209595
vt 0.078387044370174408 0.59421426057815552
vt 0.071402467787265778 0.59421509504318237
vt 0.064417891204357147 0.59421592950820923
vt 0.057433314621448517 0.59421676397323608
vt 0.050450548529624939 0.54926753044128418
vt 0.064414761960506439 0.54926586151123047
vt 0.078382007777690887 0.54926413297653198
vt 0.088907539844512939 0.5492628812789917
vt 0.26405993103981018 0.028617110103368759
vt 0.21910984814167023 0.028617110103368759
vt 0.26405993103981018 0.04219324141740799
vt 0.21910984814167023 0.04219324141740799
vt 0.26405993103981018 0.055769376456737518
vt 0.21910984814167023 0.055769376456737518
vt 0.23409321904182434 0.028617110103368759
vt 0.24907657504081726 0.028617110103368759
vt 0.24907657504081726 0.055769376456737518
vt 0.23409321904182434 0.055769376456737518
vt 0.072463802993297577 0
vt 0.072463802993297577 0.044950086623430252
vt 0.094813689589500427 0
vt 0.094813689589500427 0.044950086623430252
vt 0.094813689589500427 0.014983362518250942
vt 0.094813689589500427 0.029966725036501884
vt 0.072463802993297577 0.029966725036501884
vt 0.072463802993297577 0.014983362518250942
vt 0.083638742566108704 0
vt 0.083638742566108704 0.044950086623430252
vt 0.13903816044330597 0.11275740712881088
vt 0.15402151644229889 0.11275740712881088
vt 0.169004887342453 0.11275740712881088
vt 0.18398824334144592 0.11275740712881088
vt 0.18398824334144592 0.14745774865150452
vt 0.16151319444179535 0.14745773375034332
vt 0.13903816044330597 0.14745773375034332
vt 0.18398824334144592 0.11985460668802261
vt 0.18398824334144592 0.13365617394447327
vt 0.13903816044330597 0.13365617394447327
vt 0.13903816044330597 0.11985460668802261
vt 0.23552510142326355 0.38535726070404053
vt 0.23552510142326355 0.40034061670303345
vt 0.23552510142326355 0.41532400250434875
vt 0.23552510142326355 0.43030735850334167
vt 0.18507783114910126 0.38535726070404053
vt 0.21384723484516144 0.38535726070404053
vt 0.21384453773498535 0.43030735850334167
vt 0.18507783114910126 0.43030735850334167
vt 0.18507783114910126 0.40783232450485229
vt 0.046265508979558945 0.26473170518875122
vt 0.060097139328718185 0.2647300660610199
vt 0.073928765952587128 0.26472842693328857
vt 0.082495361566543579 0.27186864614486694
vt 0.091061949729919434 0.2790088951587677
vt 0.091066174209117889 0.31517365574836731
vt 0.06866881251335144 0.31517630815505981
vt 0.091062791645526886 0.28640562295913696
vt 0.091064482927322388 0.30078965425491333
vt 0.046271447092294693 0.31517899036407471
vt 0.046268060803413391 0.28640958666801453
vt 0.099433071911334991 0.40940660238265991
vt 0.099434658885002136 0.42328619956970215
vt 0.099436253309249878 0.43716579675674438
vt 0.092503339052200317 0.44576209783554077
vt 0.085570424795150757 0.45435842871665955
vt 0.05045570433139801 0.4543626606464386
vt 0.050453126430511475 0.43188759684562683
vt 0.07838846743106842 0.4543592631816864
vt 0.064422085881233215 0.4543609619140625
vt 0.050450548529624939 0.40941256284713745
vt 0.078382007777690887 0.40940916538238525
vt 0.26405993103981018 0
vt 0.21910984814167023 0
vt 0.26405993103981018 0.01357613317668438
vt 0.21910984814167023 0.01357613317668438
vt 0.26405993103981018 0.027152266353368759
vt 0.21910984814167023 0.027152266353368759
vt 0.23409321904182434 0
vt 0.24907657504081726 0
vt 0.24907657504081726 0.027152266353368759
vt 0.23409321904182434 0.027152266353368759
vt 0.037767030298709869 0.05637630820274353
vt 0.037767030298709869 0.10132639110088348
vt 0.060116913169622421 0.05637630820274353
vt 0.060116913169622421 0.10132639110088348
vt 0.060116913169622421 0.071359671652317047
vt 0.060116913169622421 0.086343027651309967
vt 0.037767030298709869 0.086343027651309967
vt 0.037767030298709869 0.071359671652317047
vt 0.048941969871520996 0.05637630820274353
vt 0.048941969871520996 0.10132639110088348
vt 0.22101218998432159 0.11275740712881088
vt 0.23599556088447571 0.11275740712881088
vt 0.25097891688346863 0.11275740712881088
vt 0.26596227288246155 0.11275740712881088
vt 0.26596227288246155 0.14745774865150452
vt 0.24348722398281097 0.14745773375034332
vt 0.22101218998432159 0.14745773375034332
vt 0.26596227288246155 0.11985460668802261
vt 0.26596227288246155 0.13365617394447327
vt 0.22101218998432159 0.13365617394447327
vt 0.22101218998432159 0.11985460668802261
vt 0.18360240757465363 0.38751497864723206
vt 0.16867077350616455 0.38751497864723206
vt 0.15373913943767548 0.38751497864723206
vt 0.1388075053691864 0.38751497864723206
vt 0.18360240757465363 0.33706769347190857
vt 0.18360240757465363 0.36583709716796875
vt 0.1388075053691864 0.36583441495895386
vt 0.1388075202703476 0.33706769347190857
vt 0.16120496392250061 0.33706769347190857
vt 0 0.26473170518875122
vt 0.013831628486514091 0.2647300660610199
vt 0.027663256973028183 0.26472842693328857
vt 0.036229848861694336 0.27186864614486694
vt 0.044796444475650787 0.2790088951587677
vt 0.044800665229558945 0.31517365574836731
vt 0.022403301671147346 0.31517630815505981
vt 0.044797278940677643 0.28640562295913696
vt 0.044798973947763443 0.30078965425491333
vt 5.9380231505201664E-06 0.31517899036407471
vt 2.5514027583994903E-06 0.28640958666801453
vt 0.099433071911334991 0.68911653757095337
vt 0.099434658885002136 0.70299619436264038
vt 0.099436253309249878 0.71687579154968262
vt 0.092503339052200317 0.725472092628479
vt 0.085570424795150757 0.73406839370727539
vt 0.05045570433139801 0.73407262563705444
vt 0.050453126430511475 0.71159756183624268
vt 0.07838846743106842 0.73406922817230225
vt 0.064422085881233215 0.73407089710235596
vt 0.050450548529624939 0.68912249803543091
vt 0.078382007777690887 0.68911910057067871
vt 0.27197524905204773 0.057234220206737518
vt 0.22702516615390778 0.057234220206737518
vt 0.22702516615390778 0.070381395518779755
vt 0.27197524905204773 0.083528570830821991
vt 0.22702516615390778 0.083528570830821991
vt 0.2420085221529007 0.057234220206737518
vt 0.25699189305305481 0.057234220206737518
vt 0.27197524905204773 0.070381395518779755
vt 0.25699189305305481 0.083528570830821991
vt 0.2420085221529007 0.083528570830821991
vt 0.24950020015239716 0.070381395518779755
vt 0.033161643892526627 0
vt 0.033161643892526627 0.044950086623430252
vt 0.055511530488729477 0
vt 0.055511530488729477 0.044950086623430252
vt 0.055511530488729477 0.014983362518250942
vt 0.055511530488729477 0.029966725036501884
vt 0.033161643892526627 0.029966725036501884
vt 0.033161643892526627 0.014983362518250942
vt 0.044336587190628052 0
vt 0.044336587190628052 0.044950086623430252
vt 0.13903816044330597 0.18510712683200836
vt 0.15402151644229889 0.18510712683200836
vt 0.169004887342453 0.18510712683200836
vt 0.18398824334144592 0.18510712683200836
vt 0.18398824334144592 0.22127191722393036
vt 0.16151319444179535 0.22127190232276917
vt 0.13903816044330597 0.22127190232276917
vt 0.18398824334144592 0.19250385463237762
vt 0.18398824334144592 0.20688788592815399
vt 0.13903816044330597 0.20688788592815399
vt 0.13903816044330597 0.19250385463237762
vt 0.37570187449455261 0.26473402976989746
vt 0.37570187449455261 0.27971738576889038
vt 0.37570187449455261 0.2947007417678833
vt 0.37570187449455261 0.30968412756919861
vt 0.32596790790557861 0.26473402976989746
vt 0.34015274047851563 0.26473402976989746
vt 0.35433170199394226 0.26473402976989746
vt 0.36501678824424744 0.26473402976989746
vt 0.36501547694206238 0.30968412756919861
vt 0.35432904958724976 0.30968412756919861
vt 0.34014832973480225 0.30968412756919861
vt 0.32596790790557861 0.30968412756919861
vt 0.32596790790557861 0.2947007417678833
vt 0.32596790790557861 0.27971738576889038
vt 0.1388019323348999 0.26473170518875122
vt 0.15263523161411285 0.2647300660610199
vt 0.16646851599216461 0.26472842693328857
vt 0.17503614723682404 0.27186864614486694
vt 0.18360377848148346 0.2790088951587677
vt 0.18360799551010132 0.31517365574836731
vt 0.16120792925357819 0.31517630815505981
vt 0.18360461294651031 0.28640562295913696
vt 0.18360629677772522 0.30078965425491333
vt 0.13880786299705505 0.31517899036407471
vt 0.13880617916584015 0.3007906973361969
vt 0.13880448043346405 0.28640836477279663
vt 0.13880319893360138 0.27557003498077393
vt 0.048982519656419754 0.54926156997680664
vt 0.048984114080667496 0.56314116716384888
vt 0.048985704779624939 0.57702076435089111
vt 0.042052790522575378 0.5856170654296875
vt 0.035119879990816116 0.59421336650848389
vt 5.1563233682827558E-06 0.59421759843826294
vt 2.5781616841413779E-06 0.57174259424209595
vt 0.027937920764088631 0.59421426057815552
vt 0.013971537351608276 0.59421592950820923
vt 0 0.54926753044128418
vt 0.013966161757707596 0.54926586151123047
vt 0.027932634577155113 0.54926413297653198
vt 0.038457576185464859 0.5492628812789917
vt 0 0
vt 0 0.044950086623430252
vt 0 0.029966725036501884
vt 0 0.014983362518250942
vt 0.014867646619677544 0
vt 0.016468551009893417 0.044950086623430252
vt 0.015867382287979126 0.028070483356714249
vt 0.016167966648936272 0.03651028499007225
vt 0.015162967145442963 0.0082919467240571976
vt 0.015458285808563232 0.016583893448114395
vt 0.017855765298008919 0.019131766632199287
vt 0.018588894978165627 0.020716223865747452
vt 0.018857970833778381 0.022486560046672821
vt 0.017990237101912498 0.025619909167289734
vt 0.0094289854168891907 0.022475043311715126
vt 0.0094289854168891907 0.011237521655857563
vt 0.014143478125333786 0.022475043311715126
vt 0.0094289854168891907 0.016856282949447632
vt 0.014143478125333786 0.011237521655857563
vt 0.014143478125333786 0.016856282949447632
vt 0.0094289854168891907 0.033712565898895264
vt 0.0094289854168891907 0.02809380367398262
vt 0.014143478125333786 0.02809380367398262
vt 0.26673641800880432 0.18510213494300842
vt 0.26673805713653564 0.19846303761005402
vt 0.26673969626426697 0.2118239551782608
vt 0.25723999738693237 0.22283345460891724
vt 0.21629376709461212 0.22283470630645752
vt 0.21629223227500916 0.2102590948343277
vt 0.216290682554245 0.19768348336219788
vt 0.21628914773464203 0.18510787189006805
vt 0.23067539930343628 0.18510623276233673
vt 0.24505853652954102 0.1851046085357666
vt 0.25589746236801147 0.18510337173938751
vt 0.24700339138507843 0.22283376753330231
vt 0.23676677048206329 0.22283408045768738
vt 0.22653014957904816 0.22283439338207245
vt 0.26673641800880432 0.22429955005645752
vt 0.26673805713653564 0.23767626285552979
vt 0.26673969626426697 0.25105297565460205
vt 0.25621709227561951 0.26326236128807068
vt 0.21628914773464203 0.22430528700351715
vt 0.24505585432052612 0.2243020236492157
vt 0.24623486399650574 0.26326265931129456
vt 0.2362525463104248 0.26326295733451843
vt 0.22627003490924835 0.2632632851600647
vt 0.21629391610622406 0.26326358318328857
vt 0.21629153192043304 0.24378444254398346
vt 0.18507283926010132 0.30925709009170532
vt 0.18507283926010132 0.38117721676826477
vt 0.1949271559715271 0.35035431385040283
vt 0.1949271559715271 0.36062860488891602
vt 0.1949271559715271 0.37090292572975159
vt 0.20478147268295288 0.35035431385040283
vt 0.20478147268295288 0.36062860488891602
vt 0.20478147268295288 0.37090292572975159
vt 0.23434442281723022 0.35035431385040283
vt 0.23434442281723022 0.36062860488891602
vt 0.23434442281723022 0.37090292572975159
vt 0.24419873952865601 0.35035431385040283
vt 0.24419873952865601 0.36062860488891602
vt 0.24419873952865601 0.37090292572975159
vt 0.25405305624008179 0.30925709009170532
vt 0.25405305624008179 0.38117721676826477
vt 0.18507283926010132 0.37398520112037659
vt 0.18507283926010132 0.3667931854724884
vt 0.18507283926010132 0.35960116982460022
vt 0.18507283926010132 0.35240915417671204
vt 0.18507283926010132 0.34521713852882385
vt 0.18507283926010132 0.33802512288093567
vt 0.18507283926010132 0.33083313703536987
vt 0.18507283926010132 0.32364112138748169
vt 0.18507283926010132 0.31644910573959351
vt 0.19115017354488373 0.30925709009170532
vt 0.19722752273082733 0.30925709009170532
vt 0.25405305624008179 0.31644910573959351
vt 0.25405305624008179 0.32364112138748169
vt 0.25405305624008179 0.33083313703536987
vt 0.25405305624008179 0.33802512288093567
vt 0.25405305624008179 0.34521713852882385
vt 0.25405305624008179 0.35240915417671204
vt 0.25405305624008179 0.35960116982460022
vt 0.25405305624008179 0.3667931854724884
vt 0.25405305624008179 0.37398520112037659
vt 0.24715504050254822 0.38117721676826477
vt 0.24025702476501465 0.38117721676826477
vt 0.23335899412631989 0.38117721676826477
vt 0.22646097838878632 0.38117721676826477
vt 0.21956294775009155 0.38117721676826477
vt 0.21266493201255798 0.38117721676826477
vt 0.20576690137386322 0.38117721676826477
vt 0.19886888563632965 0.38117721676826477
vt 0.19197085499763489 0.38117721676826477
vt 0.22862139344215393 0.35678213834762573
vt 0.22798581421375275 0.35342919826507568
vt 0.22597002983093262 0.35034117102622986
vt 0.22290119528770447 0.34831279516220093
vt 0.21956908702850342 0.34767323732376099
vt 0.21623697876930237 0.34831279516220093
vt 0.21316812932491302 0.35034117102622986
vt 0.2111523449420929 0.35342919826507568
vt 0.21051678061485291 0.35678213834762573
vt 0.2111523449420929 0.36013507843017578
vt 0.21316812932491302 0.36322307586669922
vt 0.21623697876930237 0.36525148153305054
vt 0.21956908702850342 0.36589100956916809
vt 0.22290119528770447 0.36525148153305054
vt 0.22597002983093262 0.36322307586669922
vt 0.22798581421375275 0.36013507843017578
vt 0.19723252952098846 0.34542903304100037
vt 0.20467767119407654 0.3454279899597168
vt 0.21212281286716461 0.34542694687843323
vt 0.21956795454025269 0.34542590379714966
vt 0.22701309621334076 0.34542486071586609
vt 0.23445825278759003 0.34542381763458252
vt 0.2419033944606781 0.34542277455329895
vt 0.24190236628055573 0.33802586793899536
vt 0.24190136790275574 0.33083367347717285
vt 0.24190038442611694 0.32364147901535034
vt 0.24189938604831696 0.31644928455352783
vt 0.24189838767051697 0.30925709009170532
vt 0.19722852110862732 0.31645053625106812
vt 0.19722950458526611 0.32364395260810852
vt 0.1972305029630661 0.33083739876747131
vt 0.19723150134086609 0.33803084492683411
vt 0.24797572195529938 0.30925709009170532
vt 0.1949271559715271 0.31953138113021851
vt 0.1949271559715271 0.34007999300956726
vt 0.22449010610580444 0.37090292572975159
vt 0.24419873952865601 0.31953138113021851
vt 0.24419873952865601 0.34007999300956726
vn 0 0 1
vn 0 0 1
vn 0 0 1
vn 0 0 1
vn 0 0 1
vn 0 0 1
vn 0 0 1
vn 0 0 1
vn 0 0 1
vn 0 0 1
vn 0 0 1
vn 0 0 1
vn 0 0 1
vn 0 0 1
vn 0 0 1
vn 0 0 1
vn 0 0 1
vn 0 0 1
vn 0 0 1
vn 0 0 1
vn 0 0 1
vn 0 0 1
vn 0 0 1
vn 0 0 1
vn 0 0 1
vn 0 0 1
vn 0 0 1
vn 0 0 1
vn 0 0 1
vn 0 0 1
vn 0 0 1
vn 0 0 -1
vn 0 0 -1
vn 0 0 -1
vn 0 0 -1
vn 0 0 -1
vn 0 0 -1
vn 0 0 -1
vn 0 0 -1
vn 0 0 -1
vn 0 0 -1
vn 0 0 -1
vn 0 0 -1
vn 0 0 -1
vn 0 0 -1
vn 0 0 -1
vn 0 0 -1
vn 0 0 -1
vn 0 0 -1
vn 0 0 -1
vn 0 0 -1
vn 0 0 -1
vn 0 0 -1
vn 0 0 -1
vn 0 0 -1
vn 0 0 -1
vn 0 0 -1
vn 0 0 -1
vn 0 0 -1
vn 0 0 -1
vn 0 0 -1
vn 0 0 -1
vn -1 0 0
vn -1 0 0
vn -1 0 0
vn -1 0 0
vn -1 0 0
vn -1 0 0
vn -1 0 0
vn -1 0 0
vn -1 0 0
vn -1 0 0
vn -1 0 0
vn -1 0 0
vn -1 0 0
vn -1 0 0
vn -1 0 0
vn -1 0 0
vn -1 0 0
vn -1 0 0
vn -1 0 0
vn -1 0 0
vn -1 0 0
vn -1 0 0
vn -1 0 0
vn -1 0 0
vn -1 0 0
vn -1 0 0
vn -1 0 0
vn -1 0 0
vn -1 0 0
vn -1 0 0
vn -1 0 0
vn -1 0 0
vn -1 0 0
vn -1 0 0
vn -1 0 0
vn -1 0 0
vn -1 0 0
vn -1 0 0
vn -1 0 0
vn -1 0 0
vn -1 0 0
vn -1 0 0
vn -1 0 0
vn -1 0 0
vn -1 0 0
vn -1 0 0
vn -1 0 0
vn -1 0 0
vn -1 0 0
vn -1 0 0
vn -1 0 0
vn -1 0 0
vn -1 0 0
vn -1 0 0
vn -1 0 0
vn -1 0 0
vn -1 0 0
vn -1 0 0
vn -1 0 0
vn -1 0 0
vn -1 0 0
vn -1 0 0
vn -1 0 0
vn -1 0 0
vn -1 0 0
vn -1 0 0
vn -1 0 0
vn -1 0 0
vn -1 0 0
vn -1 0 0
vn -1 0 0
vn -1 0 0
vn -1 0 0
vn -1 0 0
vn -1 0 0
vn -1 0 0
vn -1 0 0
vn -1 0 0
vn -1 0 0
vn -1 0 0
vn -1 0 0
vn -1 0 0
vn -1 0 0
vn -1 0 0
vn -1 0 0
vn -1 0 0
vn -1 0 0
vn 0 1 0
vn 0 1 0
vn 0 1 0
vn 0 1 0
vn 0 1 0
vn 0 1 0
vn 0 1 0
vn 0 1 0
vn 0 1 0
vn 0 1 0
vn 0 1 0
vn 0 1 0
vn 0 1 0
vn 0 1 0
vn 0 1 0
vn 0 1 0
vn 0 1 0
vn 0 1 0
vn 0 1 0
vn 0 1 0
vn 0 1 0
vn 0 1 0
vn 0 1 0
vn 0 1 0
vn 0 1 0
vn 0 1 0
vn 0 1 0
vn 0 1 0
vn 0 1 0
vn 0 1 0
vn 0 1 0
vn 0 0 1
vn 0 -1 0
vn 0 0 -1
vn 0 1 0
vn 0 1 0
vn 0 0 1
vn 0 0 1
vn 0 0.36809471249580383 0.92978829145431519
vn 0 0.70710676908493042 0.70710676908493042
vn 0 0.92978829145431519 0.36809471249580383
vn 0 0.92978829145431519 -0.36809471249580383
vn 0 0.70710676908493042 -0.70710676908493042
vn 0 0.36809471249580383 -0.92978829145431519
vn 0 0 -1
vn 0 -0.36809471249580383 -0.92978829145431519
vn 0 -0.70710676908493042 -0.70710676908493042
vn 0 -0.92978829145431519 -0.36809471249580383
vn 0 -1 0
vn 0 -0.92978829145431519 0.36809471249580383
vn 0 -0.70710676908493042 0.70710676908493042
vn 0 -0.36809471249580383 0.92978829145431519
vn 0 0 1
vn 0 0 1
vn 0 0 1
vn 0 -0.36809471249580383 0.92978829145431519
vn 0 -0.70710676908493042 0.70710676908493042
vn 0 -0.92978829145431519 0.36809471249580383
vn 0 -0.92978829145431519 -0.36809471249580383
vn 0 -0.70710676908493042 -0.70710676908493042
vn 0 -0.36809471249580383 -0.92978829145431519
vn 0 0.36809471249580383 -0.92978829145431519
vn 0 0.70710676908493042 -0.70710676908493042
vn 0 0.92978829145431519 -0.36809471249580383
vn 0 0.92978829145431519 0.36809471249580383
vn 0 0.70710676908493042 0.70710676908493042
vn 0 0.36809471249580383 0.92978829145431519
vn 0.99962490797042847 5.6184999266406521E-05 0.027385992929339409
vn 0.99962490797042847 5.6184999266406521E-05 0.027385992929339409
vn 0.99962490797042847 5.6184999266406521E-05 0.027385992929339409
vn 0.99962490797042847 5.6184999266406521E-05 0.027385992929339409
vn 0.99962490797042847 5.6184999266406521E-05 0.027385992929339409
vn 0.99962490797042847 5.6184999266406521E-05 0.027385992929339409
vn 0.99962490797042847 5.6184999266406521E-05 0.027385992929339409
vn 0.99962490797042847 5.6184999266406521E-05 0.027385992929339409
vn 0.99962490797042847 5.6184999266406521E-05 0.027385992929339409
vn 0.99962490797042847 5.6184999266406521E-05 0.027385992929339409
vn 0.99962490797042847 5.6184999266406521E-05 0.027385992929339409
vn 0.99962490797042847 5.6184999266406521E-05 0.027385992929339409
vn 0.99962490797042847 5.6184999266406521E-05 0.027385992929339409
vn 0.99962490797042847 5.6184999266406521E-05 0.027385992929339409
vn 0.99962490797042847 5.6184999266406521E-05 0.027385992929339409
vn 0.99962490797042847 5.6184999266406521E-05 0.027385992929339409
vn 0.99962490797042847 5.6184999266406521E-05 0.027385992929339409
vn 0.99962490797042847 5.6184999266406521E-05 0.027385992929339409
vn 0.99962490797042847 5.6184999266406521E-05 0.027385992929339409
vn 0.99962490797042847 5.6184999266406521E-05 0.027385992929339409
vn 0.99962490797042847 5.6184999266406521E-05 0.027385992929339409
vn 0.99962490797042847 5.6184999266406521E-05 0.027385992929339409
vn 0.99962490797042847 5.6184999266406521E-05 0.027385992929339409
vn 0.99962490797042847 5.6184999266406521E-05 0.027385992929339409
vn 0.99962490797042847 5.6184999266406521E-05 0.027385992929339409
vn 0.99962490797042847 5.6184999266406521E-05 0.027385992929339409
vn 0.99962490797042847 5.6184999266406521E-05 0.027385992929339409
vn 0.99962490797042847 5.6184999266406521E-05 0.027385992929339409
vn 0.99962490797042847 5.6184999266406521E-05 0.027385992929339409
vn 0.99962490797042847 5.6184999266406521E-05 0.027385992929339409
vn 0.99962490797042847 5.6184999266406521E-05 0.027385992929339409
vn 0.99962490797042847 5.6184999266406521E-05 0.027385992929339409
vn 0.99962490797042847 5.6184999266406521E-05 0.027385992929339409
vn 0.99962490797042847 5.6184999266406521E-05 0.027385992929339409
vn 0.99962490797042847 5.6184999266406521E-05 0.027385992929339409
vn 0.99962490797042847 5.6184999266406521E-05 0.027385992929339409
vn 0.99962490797042847 5.6184999266406521E-05 0.027385992929339409
vn 0.99962490797042847 5.6184999266406521E-05 0.027385992929339409
vn 0.99962490797042847 5.6184999266406521E-05 0.027385992929339409
vn 0.99962490797042847 5.6184999266406521E-05 0.027385992929339409
vn 0.99962490797042847 5.6184999266406521E-05 0.027385992929339409
vn 0.99962490797042847 5.6184999266406521E-05 0.027385992929339409
vn 0.99962490797042847 5.6184999266406521E-05 0.027385992929339409
vn 0.99962490797042847 5.6184999266406521E-05 0.027385992929339409
vn 0.99962490797042847 5.6184999266406521E-05 0.027385992929339409
vn 0.99962490797042847 5.6184999266406521E-05 0.027385992929339409
vn 0.99962490797042847 5.6184999266406521E-05 0.027385992929339409
vn 0.99962490797042847 5.6184999266406521E-05 0.027385992929339409
vn 0.99962490797042847 5.6184999266406521E-05 0.027385992929339409
vn 0.99962490797042847 5.6184999266406521E-05 0.027385992929339409
vn 0.99962490797042847 5.6184999266406521E-05 0.027385992929339409
vn 0.99962490797042847 5.6184999266406521E-05 0.027385992929339409
vn 0.99962490797042847 5.6184999266406521E-05 0.027385992929339409
vn 0.99962490797042847 5.6184999266406521E-05 0.027385992929339409
vn 0.99962490797042847 5.6184999266406521E-05 0.027385992929339409
vn 0.99962490797042847 5.6184999266406521E-05 0.027385992929339409
vn 0.99962490797042847 5.6184999266406521E-05 0.027385992929339409
vn 0.99962490797042847 5.6184999266406521E-05 0.027385992929339409
vn 0.99962490797042847 5.6184999266406521E-05 0.027385992929339409
vn 0.99962490797042847 5.6184999266406521E-05 0.027385992929339409
vn 0.99962490797042847 5.6184999266406521E-05 0.027385992929339409
vn 0.99962490797042847 5.6184999266406521E-05 0.027385992929339409
vn 0.99962490797042847 5.6184999266406521E-05 0.027385992929339409
vn 0.99962490797042847 5.6184999266406521E-05 0.027385992929339409
vn 0.99962490797042847 5.6184999266406521E-05 0.027385992929339409
vn 0.99962490797042847 5.6184999266406521E-05 0.027385992929339409
vn 0.99962490797042847 5.6184999266406521E-05 0.027385992929339409
vn 0.99962490797042847 5.6184999266406521E-05 0.027385992929339409
vn 0.99962490797042847 5.6184999266406521E-05 0.027385992929339409
vn 0.99962490797042847 5.6184999266406521E-05 0.027385992929339409
vn 0.99962490797042847 5.6184999266406521E-05 0.027385992929339409
vn 0.99962490797042847 5.6184999266406521E-05 0.027385992929339409
vn 0.99962490797042847 5.6184999266406521E-05 0.027385992929339409
vn 0.99962490797042847 5.6184999266406521E-05 0.027385992929339409
vn 0.99962490797042847 5.6184999266406521E-05 0.027385992929339409
vn 0.99962490797042847 5.6184999266406521E-05 0.027385992929339409
vn 0.99962490797042847 5.6184999266406521E-05 0.027385992929339409
vn 0.99962490797042847 5.6184999266406521E-05 0.027385992929339409
vn 0.99962490797042847 5.6184999266406521E-05 0.027385992929339409
vn 0.99962490797042847 5.6184999266406521E-05 0.027385992929339409
vn 0.99962490797042847 5.6184999266406521E-05 0.027385992929339409
vn 0.99962490797042847 5.6184999266406521E-05 0.027385992929339409
vn 0.99962490797042847 5.6184999266406521E-05 0.027385992929339409
vn 0.99962490797042847 5.6184999266406521E-05 0.027385992929339409
vn 0.99962490797042847 5.6184999266406521E-05 0.027385992929339409
vn 0.99962490797042847 5.6184999266406521E-05 0.027385992929339409
vn 0.027385992929339409 7.6948526839260012E-07 -0.99962490797042847
vn 0.027385992929339409 7.6948526839260012E-07 -0.99962490797042847
vn 0.027385992929339409 7.6948526839260012E-07 -0.99962490797042847
vn 0.027385992929339409 7.6948526839260012E-07 -0.99962490797042847
vn 0.027385992929339409 7.6948526839260012E-07 -0.99962490797042847
vn 0.027385992929339409 7.6948526839260012E-07 -0.99962490797042847
vn 0.027385992929339409 7.6948526839260012E-07 -0.99962490797042847
vn 0.027385992929339409 7.6948526839260012E-07 -0.99962490797042847
vn 0.027385992929339409 7.6948526839260012E-07 -0.99962490797042847
vn 0.027385992929339409 7.6948526839260012E-07 -0.99962490797042847
vn 0.027385992929339409 7.6948526839260012E-07 -0.99962490797042847
vn 0.027385992929339409 7.6948526839260012E-07 -0.99962490797042847
vn 0.027385992929339409 7.6948526839260012E-07 -0.99962490797042847
vn 0.027385992929339409 7.6948526839260012E-07 -0.99962490797042847
vn 0.027385992929339409 7.6948526839260012E-07 -0.99962490797042847
vn 0.027385992929339409 7.6948526839260012E-07 -0.99962490797042847
vn 0.027385992929339409 7.6948526839260012E-07 -0.99962490797042847
vn 0.027385992929339409 7.6948526839260012E-07 -0.99962490797042847
vn -0.99962490797042847 -5.6184999266406521E-05 -0.027385992929339409
vn -0.99962490797042847 -5.6184999266406521E-05 -0.027385992929339409
vn -0.99962490797042847 -5.6184999266406521E-05 -0.027385992929339409
vn -0.99962490797042847 -5.6184999266406521E-05 -0.027385992929339409
vn -0.99962490797042847 -5.6184999266406521E-05 -0.027385992929339409
vn -0.99962490797042847 -5.6184999266406521E-05 -0.027385992929339409
vn -0.99962490797042847 -5.6184999266406521E-05 -0.027385992929339409
vn -0.99962490797042847 -5.6184999266406521E-05 -0.027385992929339409
vn -0.99962490797042847 -5.6184999266406521E-05 -0.027385992929339409
vn -0.99962490797042847 -5.6184999266406521E-05 -0.027385992929339409
vn -0.99962490797042847 -5.6184999266406521E-05 -0.027385992929339409
vn -0.99962490797042847 -5.6184999266406521E-05 -0.027385992929339409
vn -0.99962490797042847 -5.6184999266406521E-05 -0.027385992929339409
vn -0.99962490797042847 -5.6184999266406521E-05 -0.027385992929339409
vn -0.99962490797042847 -5.6184999266406521E-05 -0.027385992929339409
vn -0.99962490797042847 -5.6184999266406521E-05 -0.027385992929339409
vn -0.99962490797042847 -5.6184999266406521E-05 -0.027385992929339409
vn -0.99962490797042847 -5.6184999266406521E-05 -0.027385992929339409
vn -0.99962490797042847 -5.6184999266406521E-05 -0.027385992929339409
vn -0.99962490797042847 -5.6184999266406521E-05 -0.027385992929339409
vn -0.99962490797042847 -5.6184999266406521E-05 -0.027385992929339409
vn -0.99962490797042847 -5.6184999266406521E-05 -0.027385992929339409
vn -0.99962490797042847 -5.6184999266406521E-05 -0.027385992929339409
vn -0.99962490797042847 -5.6184999266406521E-05 -0.027385992929339409
vn -0.99962490797042847 -5.6184999266406521E-05 -0.027385992929339409
vn -0.99962490797042847 -5.6184999266406521E-05 -0.027385992929339409
vn -0.99962490797042847 -5.6184999266406521E-05 -0.027385992929339409
vn -0.99962490797042847 -5.6184999266406521E-05 -0.027385992929339409
vn -0.99962490797042847 -5.6184999266406521E-05 -0.027385992929339409
vn -0.99962490797042847 -5.6184999266406521E-05 -0.027385992929339409
vn -0.99962490797042847 -5.6184999266406521E-05 -0.027385992929339409
vn -0.99962490797042847 -5.6184999266406521E-05 -0.027385992929339409
vn -0.99962490797042847 -5.6184999266406521E-05 -0.027385992929339409
vn -0.99962490797042847 -5.6184999266406521E-05 -0.027385992929339409
vn -0.99962490797042847 -5.6184999266406521E-05 -0.027385992929339409
vn -0.99962490797042847 -5.6184999266406521E-05 -0.027385992929339409
vn -0.99962490797042847 -5.6184999266406521E-05 -0.027385992929339409
vn -0.99962490797042847 -5.6184999266406521E-05 -0.027385992929339409
vn -0.99962490797042847 -5.6184999266406521E-05 -0.027385992929339409
vn -0.99962490797042847 -5.6184999266406521E-05 -0.027385992929339409
vn -0.99962490797042847 -5.6184999266406521E-05 -0.027385992929339409
vn -0.99962490797042847 -5.6184999266406521E-05 -0.027385992929339409
vn -0.99962490797042847 -5.6184999266406521E-05 -0.027385992929339409
vn -0.99962490797042847 -5.6184999266406521E-05 -0.027385992929339409
vn -0.99962490797042847 -5.6184999266406521E-05 -0.027385992929339409
vn -0.99962490797042847 -5.6184999266406521E-05 -0.027385992929339409
vn -0.99962490797042847 -5.6184999266406521E-05 -0.027385992929339409
vn -0.99962490797042847 -5.6184999266406521E-05 -0.027385992929339409
vn -0.99962490797042847 -5.6184999266406521E-05 -0.027385992929339409
vn -0.99962490797042847 -5.6184999266406521E-05 -0.027385992929339409
vn -0.027385992929339409 -7.6948526839260012E-07 0.99962490797042847
vn -0.027385992929339409 -7.6948526839260012E-07 0.99962490797042847
vn -0.027385992929339409 -7.6948526839260012E-07 0.99962490797042847
vn -0.027385992929339409 -7.6948526839260012E-07 0.99962490797042847
vn -0.027385992929339409 -7.6948526839260012E-07 0.99962490797042847
vn -0.027385992929339409 -7.6948526839260012E-07 0.99962490797042847
vn -0.027385992929339409 -7.6948526839260012E-07 0.99962490797042847
vn -0.027385992929339409 -7.6948526839260012E-07 0.99962490797042847
vn -0.027385992929339409 -7.6948526839260012E-07 0.99962490797042847
vn -0.027385992929339409 -7.6948526839260012E-07 0.99962490797042847
vn -0.027385992929339409 -7.6948526839260012E-07 0.99962490797042847
vn -0.027385992929339409 -7.6948526839260012E-07 0.99962490797042847
vn -0.027385992929339409 -7.6948526839260012E-07 0.99962490797042847
vn -0.027385992929339409 -7.6948526839260012E-07 0.99962490797042847
vn -0.027385992929339409 -7.6948526839260012E-07 0.99962490797042847
vn -0.027385992929339409 -7.6948526839260012E-07 0.99962490797042847
vn -0.027385992929339409 -7.6948526839260012E-07 0.99962490797042847
vn -0.027385992929339409 -7.6948526839260012E-07 0.99962490797042847
vn -5.6184999266406521E-05 1 -7.6948526839260012E-07
vn -5.6184999266406521E-05 1 -7.6948526839260012E-07
vn -5.6184999266406521E-05 1 -7.6948526839260012E-07
vn -5.6184999266406521E-05 1 -7.6948526839260012E-07
vn -5.6184999266406521E-05 1 -7.6948526839260012E-07
vn -5.6184999266406521E-05 1 -7.6948526839260012E-07
vn -5.6184999266406521E-05 1 -7.6948526839260012E-07
vn -5.6184999266406521E-05 1 -7.6948526839260012E-07
vn -5.6184999266406521E-05 1 -7.6948526839260012E-07
vn -5.6184999266406521E-05 1 -7.6948526839260012E-07
vn -5.6184999266406521E-05 1 -7.6948526839260012E-07
vn -5.6184999266406521E-05 1 -7.6948526839260012E-07
vn -5.6184999266406521E-05 1 -7.6948526839260012E-07
vn -5.6184999266406521E-05 1 -7.6948526839260012E-07
vn -5.6184999266406521E-05 1 -7.6948526839260012E-07
vn -5.6184999266406521E-05 1 -7.6948526839260012E-07
vn -5.6184999266406521E-05 1 -7.6948526839260012E-07
vn -5.6184999266406521E-05 1 -7.6948526839260012E-07
vn 0 0 1
vn 0 0.38922223448753357 0.92114388942718506
vn 0 0.70717209577560425 0.70704150199890137
vn 0 0.92120873928070068 0.38906872272491455
vn 0 1 0
vn 0 0.92120873928070068 -0.38906869292259216
vn 0 0.70717209577560425 -0.70704150199890137
vn 0 0.38922217488288879 -0.92114388942718506
vn 0 0 -1
vn 0 -0.38922223448753357 -0.92114388942718506
vn 0 -0.70717209577560425 -0.70704150199890137
vn 0 -0.92120873928070068 -0.38906872272491455
vn 0 -1 0
vn 0 -0.92120873928070068 0.38906869292259216
vn 0 -0.70717209577560425 0.70704150199890137
vn 0 -0.38922217488288879 0.92114388942718506
vn 0 0 1
vn 0 0 1
vn 0 1 0
vn 0 0.98218530416488647 0.18791507184505463
vn 0 0.93161392211914063 -0.36344948410987854
vn 0 0.98373454809188843 -0.17962829768657684
vn 0 0.8411981463432312 -0.54072701930999756
vn 0 0 1
vn 0 0 1
vn 0 -0.38922217488288879 0.92114388942718506
vn 0 -0.70717209577560425 0.70704150199890137
vn 0 -0.92120873928070068 0.38906869292259216
vn 0 -1 0
vn 0 -0.92120873928070068 -0.38906872272491455
vn 0 -0.70717209577560425 -0.70704150199890137
vn 0 -0.38922223448753357 -0.92114388942718506
vn 0 0 -1
vn 0 0.42635339498519897 -0.90455669164657593
vn 0 0.76160049438476563 -0.64804685115814209
vn 0 0.92970448732376099 -0.36830627918243408
vn 0 0.98095566034317017 -0.19423191249370575
vn 0 1 0
vn 0 0.93902307748794556 0.34385409951210022
vn 0 0.79010069370269775 0.61297708749771118
vn 0 0.93161392211914063 -0.36344948410987854
vn 0 0.89118409156799316 -0.45364180207252502
vn 0 0.8411981463432312 -0.54072701930999756
vn 0 0.89118409156799316 -0.45364180207252502
vn 0 0.98373454809188843 -0.17962829768657684
vn 0 0.96239930391311646 -0.27163878083229065
vn 0 0.96239930391311646 -0.27163878083229065
vn 0 1 0
vn 0 0.99605762958526611 -0.088708475232124329
vn 0 0.99605762958526611 -0.088708475232124329
vn 0 0.98218530416488647 0.18791507184505463
vn 0 0.99568700790405273 0.09277595579624176
vn 0 0.99568700790405273 0.09277595579624176
vn 0 0.44688379764556885 0.8945920467376709
vn 0 0 1
vn 0 0 1
vn 0 0 1
vn 0 0 1
vn 0 0 1
vn 0 0 1
vn 0 0 1
vn 0 0 1
vn 0 0 1
vn 0 0 1
vn 0 0 1
vn 0 0 1
vn 0 0 1
vn 0 0 1
vn 0 0 1
vn 0 0 1
vn 0 0 1
vn 0 0 1
vn 0 0 1
vn 0 0 1
vn 0.70710676908493042 1.9868122763000429E-05 0.70710676908493042
vn 0.70710676908493042 1.9868122763000429E-05 0.70710676908493042
vn 0.70710676908493042 1.9868122763000429E-05 0.70710676908493042
vn 0.70710676908493042 1.9868122763000429E-05 0.70710676908493042
vn 0.70710676908493042 1.9868122763000429E-05 0.70710676908493042
vn 0.70710676908493042 1.9868122763000429E-05 0.70710676908493042
vn 1 2.8097767426515929E-05 0
vn 1 2.8097767426515929E-05 0
vn 1 2.8097767426515929E-05 0
vn 1 2.8097767426515929E-05 0
vn 1 2.8097767426515929E-05 0
vn 1 2.8097767426515929E-05 0
vn 1 2.8097767426515929E-05 0
vn 1 2.8097767426515929E-05 0
vn 1 2.8097767426515929E-05 0
vn 0.70710676908493042 1.9868122763000429E-05 -0.70710676908493042
vn 0.70710676908493042 1.9868122763000429E-05 -0.70710676908493042
vn 0.70710676908493042 1.9868122763000429E-05 -0.70710676908493042
vn 0.70710676908493042 1.9868122763000429E-05 -0.70710676908493042
vn 0.70710676908493042 1.9868122763000429E-05 -0.70710676908493042
vn 0.70710676908493042 1.9868122763000429E-05 -0.70710676908493042
vn 0.70710676908493042 1.9868122763000429E-05 -0.70710676908493042
vn 0.70710676908493042 1.9868122763000429E-05 -0.70710676908493042
vn 0.70710676908493042 1.9868122763000429E-05 -0.70710676908493042
vn 0.70710676908493042 1.9868122763000429E-05 -0.70710676908493042
vn 0 0 -1
vn 0 0 -1
vn 0 0 -1
vn 0 0 -1
vn 0 0 -1
vn 0 0 -1
vn 0 0 -1
vn 0 0 -1
vn 0 0 -1
vn 0 0 -1
vn 0 0 -1
vn 0 0 -1
vn 0 0 -1
vn 0 0 -1
vn 0 0 -1
vn 0 0 -1
vn 0 0 -1
vn 0 0 -1
vn 0 0 -1
vn 0 0 -1
vn 0 0 -1
vn 0 0 -1
vn 0 0 -1
vn 0 0 -1
vn 0 0 -1
vn 0 0 -1
vn 0 0 -1
vn 0 0 -1
vn 0 0 -1
vn 0 0 -1
vn 0 0 -1
vn 0 0 -1
vn 0 0 -1
vn -0.70710676908493042 -1.9868122763000429E-05 -0.70710676908493042
vn -0.70710676908493042 -1.9868122763000429E-05 -0.70710676908493042
vn -0.70710676908493042 -1.9868122763000429E-05 -0.70710676908493042
vn -0.70710676908493042 -1.9868122763000429E-05 -0.70710676908493042
vn -0.70710676908493042 -1.9868122763000429E-05 -0.70710676908493042
vn -0.70710676908493042 -1.9868122763000429E-05 -0.70710676908493042
vn -0.70710676908493042 -1.9868122763000429E-05 -0.70710676908493042
vn -0.70710676908493042 -1.9868122763000429E-05 -0.70710676908493042
vn -0.70710676908493042 -1.9868122763000429E-05 -0.70710676908493042
vn -0.70710676908493042 -1.9868122763000429E-05 -0.70710676908493042
vn -1 -2.8097767426515929E-05 0
vn -1 -2.8097767426515929E-05 0
vn -1 -2.8097767426515929E-05 0
vn -1 -2.8097767426515929E-05 0
vn -1 -2.8097767426515929E-05 0
vn -1 -2.8097767426515929E-05 0
vn -1 -2.8097767426515929E-05 0
vn -1 -2.8097767426515929E-05 0
vn -1 -2.8097767426515929E-05 0
vn -0.70710676908493042 -1.9868122763000429E-05 0.70710676908493042
vn -0.70710676908493042 -1.9868122763000429E-05 0.70710676908493042
vn -0.70710676908493042 -1.9868122763000429E-05 0.70710676908493042
vn -0.70710676908493042 -1.9868122763000429E-05 0.70710676908493042
vn -0.70710676908493042 -1.9868122763000429E-05 0.70710676908493042
vn -0.70710676908493042 -1.9868122763000429E-05 0.70710676908493042
vn 2.8097767426515929E-05 -1 0
vn 2.8097767426515929E-05 -1 0
vn 2.8097767426515929E-05 -1 0
vn 2.8097767426515929E-05 -1 0
vn 2.8097767426515929E-05 -1 0
vn 2.8097767426515929E-05 -1 0
vn 2.8097767426515929E-05 -1 0
vn 2.8097767426515929E-05 -1 0
vn 2.8097767426515929E-05 -1 0
vn 2.8097767426515929E-05 -1 0
vn 2.8097767426515929E-05 -1 0
vn 2.8097767426515929E-05 -1 0
vn 2.8097767426515929E-05 -1 0
vn 2.8097767426515929E-05 -1 0
vn 2.8097767426515929E-05 -1 0
vn 2.8097767426515929E-05 -1 0
vn 2.8097767426515929E-05 -1 0
vn 2.8097767426515929E-05 -1 0
vn 2.8097767426515929E-05 -1 0
vn 2.8097767426515929E-05 -1 0
vn 2.8097767426515929E-05 -1 0
vn 2.8097767426515929E-05 -1 0
vn 2.8097767426515929E-05 -1 0
vn 2.8097767426515929E-05 -1 0
vn 2.8097767426515929E-05 -1 0
vn 2.8097767426515929E-05 -1 0
vn 2.8097767426515929E-05 -1 0
vn 2.8097767426515929E-05 -1 0
vn 2.8097767426515929E-05 -1 0
vn 2.8097767426515929E-05 -1 0
vn 2.8097767426515929E-05 -1 0
vn 2.8097767426515929E-05 -1 0
vn 2.8097767426515929E-05 -1 0
vn 2.8097767426515929E-05 -1 0
vn 2.8097767426515929E-05 -1 0
vn 2.8097767426515929E-05 -1 0
vn 2.8097767426515929E-05 -1 0
vn 2.8097767426515929E-05 -1 0
vn 2.8097767426515929E-05 -1 0
vn 2.8097767426515929E-05 -1 0
vn 2.8097767426515929E-05 -1 0
vn 2.8097767426515929E-05 -1 0
vn 2.8097767426515929E-05 -1 0
vn 2.8097767426515929E-05 -1 0
vn 2.8097767426515929E-05 -1 0
vn 2.8097767426515929E-05 -1 0
vn 2.8097767426515929E-05 -1 0
vn 2.8097767426515929E-05 -1 0
vn 2.8097767426515929E-05 -1 0
vn 2.8097767426515929E-05 -1 0
vn 2.8097767426515929E-05 -1 0
vn 2.8097767426515929E-05 -1 0
vn 2.8097767426515929E-05 -1 0
vn 2.8097767426515929E-05 -1 0
vn 2.8097767426515929E-05 -1 0
vn 2.8097767426515929E-05 -1 0
vn 2.8097767426515929E-05 -1 0
vn 2.8097767426515929E-05 -1 0
vn 2.8097767426515929E-05 -1 0
vn 2.8097767426515929E-05 -1 0
vn 2.8097767426515929E-05 -1 0
vn 2.8097767426515929E-05 -1 0
vn 2.8097767426515929E-05 -1 0
vn 2.8097767426515929E-05 -1 0
vn 2.8097767426515929E-05 -1 0
vn 2.8097767426515929E-05 -1 0
vn 2.8097767426515929E-05 -1 0
vn 2.8097767426515929E-05 -1 0
vn 2.8097767426515929E-05 -1 0
vn 2.8097767426515929E-05 -1 0
vn 2.8097767426515929E-05 -1 0
vn 2.8097767426515929E-05 -1 0
vn -2.8097767426515929E-05 1 0
vn -2.8097767426515929E-05 1 0
vn -2.8097767426515929E-05 1 0
vn -2.8097767426515929E-05 1 0
vn -2.8097767426515929E-05 1 0
vn -2.8097767426515929E-05 1 0
vn -2.8097767426515929E-05 1 0
vn -2.8097767426515929E-05 1 0
vn -2.8097767426515929E-05 1 0
vn -2.8097767426515929E-05 1 0
vn -2.8097767426515929E-05 1 0
vn -2.8097767426515929E-05 1 0
vn -2.8097767426515929E-05 1 0
vn -2.8097767426515929E-05 1 0
vn -2.8097767426515929E-05 1 0
vn -2.8097767426515929E-05 1 0
vn -2.8097767426515929E-05 1 0
vn -2.8097767426515929E-05 1 0
vn -2.8097767426515929E-05 1 0
vn -2.8097767426515929E-05 1 0
vn -2.8097767426515929E-05 1 0
vn -2.8097767426515929E-05 1 0
vn -2.8097767426515929E-05 1 0
vn -2.8097767426515929E-05 1 0
vn -2.8097767426515929E-05 1 0
vn -2.8097767426515929E-05 1 0
vn -2.8097767426515929E-05 1 0
vn -2.8097767426515929E-05 1 0
vn -2.8097767426515929E-05 1 0
vn -2.8097767426515929E-05 1 0
vn -2.8097767426515929E-05 1 0
vn -2.8097767426515929E-05 1 0
vn -2.8097767426515929E-05 1 0
vn -2.8097767426515929E-05 1 0
vn -2.8097767426515929E-05 1 0
vn -2.8097767426515929E-05 1 0
vn -2.8097767426515929E-05 1 0
vn -2.8097767426515929E-05 1 0
vn -2.8097767426515929E-05 1 0
vn -2.8097767426515929E-05 1 0
vn -2.8097767426515929E-05 1 0
vn -2.8097767426515929E-05 1 0
vn -2.8097767426515929E-05 1 0
vn -2.8097767426515929E-05 1 0
vn -2.8097767426515929E-05 1 0
vn -2.8097767426515929E-05 1 0
vn -2.8097767426515929E-05 1 0
vn -2.8097767426515929E-05 1 0
vn -2.8097767426515929E-05 1 0
vn -2.8097767426515929E-05 1 0
vn -2.8097767426515929E-05 1 0
vn -2.8097767426515929E-05 1 0
vn -2.8097767426515929E-05 1 0
vn -2.8097767426515929E-05 1 0
vn -2.8097767426515929E-05 1 0
vn -2.8097767426515929E-05 1 0
vn -2.8097767426515929E-05 1 0
vn -2.8097767426515929E-05 1 0
vn -2.8097767426515929E-05 1 0
vn -2.8097767426515929E-05 1 0
vn -2.8097767426515929E-05 1 0
vn -2.8097767426515929E-05 1 0
vn -2.8097767426515929E-05 1 0
vn -2.8097767426515929E-05 1 0
vn -2.8097767426515929E-05 1 0
vn -2.8097767426515929E-05 1 0
vn -2.8097767426515929E-05 1 0
vn -2.8097767426515929E-05 1 0
vn -2.8097767426515929E-05 1 0
vn -2.8097767426515929E-05 1 0
vn -2.8097767426515929E-05 1 0
vn -2.8097767426515929E-05 1 0
vn -2.8097767426515929E-05 1 0
vn -2.8097767426515929E-05 1 0
vn -2.8097767426515929E-05 1 0
vn -2.8097767426515929E-05 1 0
vn -2.8097767426515929E-05 1 0
vn -2.8097767426515929E-05 1 0
vn -2.8097767426515929E-05 1 0
vn -2.8097767426515929E-05 1 0
vn -2.8097767426515929E-05 1 0
vn -2.8097767426515929E-05 1 0
vn -2.8097767426515929E-05 1 0
vn -2.8097767426515929E-05 1 0
vn -2.8097767426515929E-05 1 0
vn -2.8097767426515929E-05 1 0
vn -2.8097767426515929E-05 1 0
vn -2.8097767426515929E-05 1 0
vn -2.8097767426515929E-05 1 0
vn -2.8097767426515929E-05 1 0
vn -2.8097767426515929E-05 1 0
vn -2.8097767426515929E-05 1 0
vn -2.8097767426515929E-05 1 0
vn -2.8097767426515929E-05 1 0
vn -2.8097767426515929E-05 1 0
vn -2.8097767426515929E-05 1 0
vn -2.8097767426515929E-05 1 0
vn -2.8097767426515929E-05 1 0
vn -2.8097767426515929E-05 1 0
vn -2.8097767426515929E-05 1 0
vn -2.8097767426515929E-05 1 0
vn -2.8097767426515929E-05 1 0
vn -2.8097767426515929E-05 1 0
vn -2.8097767426515929E-05 1 0
vn -2.8097767426515929E-05 1 0
vn -2.8097767426515929E-05 1 0
vn -2.8097767426515929E-05 1 0
vn -2.8097767426515929E-05 1 0
vn -2.8097767426515929E-05 1 0
vn -2.8097767426515929E-05 1 0
vn -2.8097767426515929E-05 1 0
vn -2.8097767426515929E-05 1 0
vn -2.8097767426515929E-05 1 0
vn -2.8097767426515929E-05 1 0
vn -2.8097767426515929E-05 1 0
vn -2.8097767426515929E-05 1 0
vn -2.8097767426515929E-05 1 0
vn -2.8097767426515929E-05 1 0
vn -2.8097767426515929E-05 1 0
vn -2.8097767426515929E-05 1 0
vn -2.8097767426515929E-05 1 0
vn -2.8097767426515929E-05 1 0
vn -2.8097767426515929E-05 1 0
vn -2.8097767426515929E-05 1 0
vn -2.8097767426515929E-05 1 0
vn -2.8097767426515929E-05 1 0
vn -2.8097767426515929E-05 1 0
vn -2.8097767426515929E-05 1 0
vn -2.8097767426515929E-05 1 0
vn -2.8097767426515929E-05 1 0
vn -2.8097767426515929E-05 1 0
vn -2.8097767426515929E-05 1 0
vn -2.8097767426515929E-05 1 0
vn -2.8097767426515929E-05 1 0
vn -2.8097767426515929E-05 1 0
vn -2.8097767426515929E-05 1 0
vn -2.8097767426515929E-05 1 0
vn -2.8097767426515929E-05 1 0
vn -2.8097767426515929E-05 1 0
vn -2.8097767426515929E-05 1 0
vn -2.8097767426515929E-05 1 0
vn -2.8097767426515929E-05 1 0
vn -2.8097767426515929E-05 1 0
vn -2.8097767426515929E-05 1 0
vn -2.8097767426515929E-05 1 0
vn -2.8097767426515929E-05 1 0
vn -2.8097767426515929E-05 1 0
vn -2.8097767426515929E-05 1 0
vn -2.8097767426515929E-05 1 0
vn -2.8097767426515929E-05 1 0
vn -2.8097767426515929E-05 1 0
vn -2.8097767426515929E-05 1 0
vn -2.8097767426515929E-05 1 0
vn -2.8097767426515929E-05 1 0
vn -2.8097767426515929E-05 1 0
vn -2.8097767426515929E-05 1 0
vn -2.8097767426515929E-05 1 0
vn -2.8097767426515929E-05 1 0
vn -2.8097767426515929E-05 1 0
vn -2.8097767426515929E-05 1 0
vn -2.8097767426515929E-05 1 0
vn -2.8097767426515929E-05 1 0
vn -2.8097767426515929E-05 1 0
vn -2.8097767426515929E-05 1 0
vn -2.8097767426515929E-05 1 0
vn -2.8097767426515929E-05 1 0
vn -2.8097767426515929E-05 1 0
vn -2.8097767426515929E-05 1 0
vn -2.8097767426515929E-05 1 0
vn -2.8097767426515929E-05 1 0
vn -2.8097767426515929E-05 1 0
vn -2.8097767426515929E-05 1 0
vn -2.8097767426515929E-05 1 0
vn -2.8097767426515929E-05 1 0
vn -2.8097767426515929E-05 1 0
vn -2.8097767426515929E-05 1 0
vn -2.8097767426515929E-05 1 0
vn -2.8097767426515929E-05 1 0
vn -2.8097767426515929E-05 1 0
vn -2.8097767426515929E-05 1 0
vn -2.8097767426515929E-05 1 0
vn -2.8097767426515929E-05 1 0
vn -2.8097767426515929E-05 1 0
vn -2.8097767426515929E-05 1 0
vn -2.8097767426515929E-05 1 0
vn -2.8097767426515929E-05 1 0
vn -2.8097767426515929E-05 1 0
vn -2.8097767426515929E-05 1 0
vn -2.8097767426515929E-05 1 0
vn -2.8097767426515929E-05 1 0
vn -2.8097767426515929E-05 1 0
vn -2.8097767426515929E-05 1 0
vn -2.8097767426515929E-05 1 0
vn -2.8097767426515929E-05 1 0
vn -2.8097767426515929E-05 1 0
vn -2.8097767426515929E-05 1 0
vn -2.8097767426515929E-05 1 0
vn -2.8097767426515929E-05 1 0
vn -2.8097767426515929E-05 1 0
vn -2.8097767426515929E-05 1 0
vn -2.8097767426515929E-05 1 0
vn -2.8097767426515929E-05 1 0
vn -2.8097767426515929E-05 1 0
vn -2.8097767426515929E-05 1 0
vn -2.8097767426515929E-05 1 0
vn -2.8097767426515929E-05 1 0
vn -2.8097767426515929E-05 1 0
vn -2.8097767426515929E-05 1 0
vn -2.8097767426515929E-05 1 0
vn -2.8097767426515929E-05 1 0
vn -2.8097767426515929E-05 1 0
vn -2.8097767426515929E-05 1 0
vn -2.8097767426515929E-05 1 0
vn -2.8097767426515929E-05 1 0
vn -2.8097767426515929E-05 1 0
vn -2.8097767426515929E-05 1 0
vn -2.8097767426515929E-05 1 0
vn -2.8097767426515929E-05 1 0
vn -2.8097767426515929E-05 1 0
vn -2.8097767426515929E-05 1 0
vn -2.8097767426515929E-05 1 0
vn -2.8097767426515929E-05 1 0
vn 0 0 1
vn 0 0 1
vn 0 0 1
vn 0 0 1
vn 0 0 1
vn 0 0 1
vn 0 0 1
vn 0 0 1
vn 0 0 1
vn 0 0 1
vn 0 0 1
vn 0 0 1
vn 0 0 1
vn 0 0 1
vn 0 0 1
vn 0 0 1
vn 0 0 1
vn 0 0 1
vn 0 0 1
vn 0 0 1
vn 0 0 1
vn 0 0 1
vn 0 0 1
vn 0 0 1
vn 0 0 1
vn 0 0 1
vn 0 0 1
vn 0 0 1
vn 0 0 1
vn 0 0 1
vn 0 0 1
vn 0 0 1
vn 0 0 1
vn 0 0 1
vn 0 0 1
vn 0.70710676908493042 1.9868122763000429E-05 0.70710676908493042
vn 0.70710676908493042 1.9868122763000429E-05 0.70710676908493042
vn 0.70710676908493042 1.9868122763000429E-05 0.70710676908493042
vn 0.70710676908493042 1.9868122763000429E-05 0.70710676908493042
vn 0.70710676908493042 1.9868122763000429E-05 0.70710676908493042
vn 0.70710676908493042 1.9868122763000429E-05 0.70710676908493042
vn 1 2.8097767426515929E-05 0
vn 1 2.8097767426515929E-05 0
vn 1 2.8097767426515929E-05 0
vn 1 2.8097767426515929E-05 0
vn 1 2.8097767426515929E-05 0
vn 1 2.8097767426515929E-05 0
vn 1 2.8097767426515929E-05 0
vn 1 2.8097767426515929E-05 0
vn 1 2.8097767426515929E-05 0
vn 0.70710676908493042 1.9868122763000429E-05 -0.70710676908493042
vn 0.70710676908493042 1.9868122763000429E-05 -0.70710676908493042
vn 0.70710676908493042 1.9868122763000429E-05 -0.70710676908493042
vn 0.70710676908493042 1.9868122763000429E-05 -0.70710676908493042
vn 0.70710676908493042 1.9868122763000429E-05 -0.70710676908493042
vn 0.70710676908493042 1.9868122763000429E-05 -0.70710676908493042
vn 0 0 -1
vn 0 0 -1
vn 0 0 -1
vn 0 0 -1
vn 0 0 -1
vn 0 0 -1
vn 0 0 -1
vn 0 0 -1
vn 0 0 -1
vn 0 0 -1
vn 0 0 -1
vn 0 0 -1
vn 0 0 -1
vn 0 0 -1
vn 0 0 -1
vn 0 0 -1
vn 0 0 -1
vn 0 0 -1
vn 0 0 -1
vn 0 0 -1
vn 0 0 -1
vn 0 0 -1
vn 0 0 -1
vn 0 0 -1
vn 0 0 -1
vn 0 0 -1
vn 0 0 -1
vn 0 0 -1
vn 0 0 -1
vn 0 0 -1
vn 0 0 -1
vn 0 0 -1
vn 0 0 -1
vn 0 0 -1
vn 0 0 -1
vn -0.70710676908493042 -1.9868122763000429E-05 -0.70710676908493042
vn -0.70710676908493042 -1.9868122763000429E-05 -0.70710676908493042
vn -0.70710676908493042 -1.9868122763000429E-05 -0.70710676908493042
vn -0.70710676908493042 -1.9868122763000429E-05 -0.70710676908493042
vn -0.70710676908493042 -1.9868122763000429E-05 -0.70710676908493042
vn -0.70710676908493042 -1.9868122763000429E-05 -0.70710676908493042
vn -1 -2.8097767426515929E-05 0
vn -1 -2.8097767426515929E-05 0
vn -1 -2.8097767426515929E-05 0
vn -1 -2.8097767426515929E-05 0
vn -1 -2.8097767426515929E-05 0
vn -1 -2.8097767426515929E-05 0
vn -1 -2.8097767426515929E-05 0
vn -1 -2.8097767426515929E-05 0
vn -0.70710676908493042 -1.9868122763000429E-05 0.70710676908493042
vn -0.70710676908493042 -1.9868122763000429E-05 0.70710676908493042
vn -0.70710676908493042 -1.9868122763000429E-05 0.70710676908493042
vn -0.70710676908493042 -1.9868122763000429E-05 0.70710676908493042
vn -0.70710676908493042 -1.9868122763000429E-05 0.70710676908493042
vn -0.70710676908493042 -1.9868122763000429E-05 0.70710676908493042
vn 0.00011106744932476431 1 -0.00011812433513114229
vn 0.00011106744932476431 1 -0.00011812433513114229
vn 0.00011106744932476431 1 -0.00011812433513114229
vn 0.00011106744932476431 1 -0.00011812433513114229
vn 0.00011106744932476431 1 -0.00011812433513114229
vn 0.00011106744932476431 1 -0.00011812433513114229
vn 0.00011106744932476431 1 -0.00011812433513114229
vn 0.00011106744932476431 1 -0.00011812433513114229
vn 0.00011106744932476431 1 -0.00011812433513114229
vn 0.00011106744932476431 1 -0.00011812433513114229
vn 8.5494786617346108E-05 0.76924818754196167 0.63895010948181152
vn 8.5494786617346108E-05 0.76924818754196167 0.63895010948181152
vn 8.5494786617346108E-05 0.76924818754196167 0.63895010948181152
vn 8.5494786617346108E-05 0.76924818754196167 0.63895010948181152
vn 8.5494786617346108E-05 0.76924818754196167 0.63895010948181152
vn 8.5494786617346108E-05 0.76924818754196167 0.63895010948181152
vn 8.5494786617346108E-05 0.76924818754196167 0.63895010948181152
vn 8.5494786617346108E-05 0.76924818754196167 0.63895010948181152
vn 8.5494786617346108E-05 0.76924818754196167 0.63895010948181152
vn 8.5494786617346108E-05 0.76924818754196167 0.63895010948181152
vn 1.0076271195202935E-07 0.00011330658890074119 1
vn 1.0076271195202935E-07 0.00011330658890074119 1
vn 1.0076271195202935E-07 0.00011330658890074119 1
vn 1.0076271195202935E-07 0.00011330658890074119 1
vn 1.0076271195202935E-07 0.00011330658890074119 1
vn 1.0076271195202935E-07 0.00011330658890074119 1
vn 1.0076271195202935E-07 0.00011330658890074119 1
vn 1.0076271195202935E-07 0.00011330658890074119 1
vn 1.0076271195202935E-07 0.00011330658890074119 1
vn 1.0076271195202935E-07 0.00011330658890074119 1
vn 1.0076271195202935E-07 0.00011330658890074119 1
vn -1.0129559058213999E-07 -0.00011810436262749135 -1
vn -1.0129559058213999E-07 -0.00011810436262749135 -1
vn -1.0129559058213999E-07 -0.00011810436262749135 -1
vn -1.0129559058213999E-07 -0.00011810436262749135 -1
vn -1.0129559058213999E-07 -0.00011810436262749135 -1
vn -1.0129559058213999E-07 -0.00011810436262749135 -1
vn -1.0129559058213999E-07 -0.00011810436262749135 -1
vn -1.0129559058213999E-07 -0.00011810436262749135 -1
vn -1.0129559058213999E-07 -0.00011810436262749135 -1
vn 1 -0.00011106746387667954 -8.8178033763597341E-08
vn 1 -0.00011106746387667954 -8.8178033763597341E-08
vn 1 -0.00011106746387667954 -8.8178033763597341E-08
vn 1 -0.00011106746387667954 -8.8178033763597341E-08
vn 1 -0.00011106746387667954 -8.8178033763597341E-08
vn 1 -0.00011106746387667954 -8.8178033763597341E-08
vn 1 -0.00011106746387667954 -8.8178033763597341E-08
vn 1 -0.00011106746387667954 -8.8178033763597341E-08
vn 1 -0.00011106746387667954 -8.8178033763597341E-08
vn 1 -0.00011106746387667954 -8.8178033763597341E-08
vn 1 -0.00011106746387667954 -8.8178033763597341E-08
vn -1 0.00011106746387667954 8.8178033763597341E-08
vn -1 0.00011106746387667954 8.8178033763597341E-08
vn -1 0.00011106746387667954 8.8178033763597341E-08
vn -1 0.00011106746387667954 8.8178033763597341E-08
vn -1 0.00011106746387667954 8.8178033763597341E-08
vn -1 0.00011106746387667954 8.8178033763597341E-08
vn -1 0.00011106746387667954 8.8178033763597341E-08
vn -1 0.00011106746387667954 8.8178033763597341E-08
vn -1 0.00011106746387667954 8.8178033763597341E-08
vn -1 0.00011106746387667954 8.8178033763597341E-08
vn -1 0.00011106746387667954 8.8178033763597341E-08
vn 0.00011106744932476431 1 -0.00011812433513114229
vn 0.00011106744932476431 1 -0.00011812433513114229
vn 0.00011106744932476431 1 -0.00011812433513114229
vn 0.00011106744932476431 1 -0.00011812433513114229
vn 0.00011106744932476431 1 -0.00011812433513114229
vn 0.00011106744932476431 1 -0.00011812433513114229
vn 0.00011106744932476431 1 -0.00011812433513114229
vn 0.00011106744932476431 1 -0.00011812433513114229
vn 0.00011106744932476431 1 -0.00011812433513114229
vn 0.00011106744932476431 1 -0.00011812433513114229
vn 0.00011106744932476431 1 -0.00011812433513114229
vn 8.5494786617346108E-05 0.76924818754196167 0.63895010948181152
vn 8.5494786617346108E-05 0.76924818754196167 0.63895010948181152
vn 8.5494786617346108E-05 0.76924818754196167 0.63895010948181152
vn 8.5494786617346108E-05 0.76924818754196167 0.63895010948181152
vn 8.5494786617346108E-05 0.76924818754196167 0.63895010948181152
vn 8.5494786617346108E-05 0.76924818754196167 0.63895010948181152
vn 8.5494786617346108E-05 0.76924818754196167 0.63895010948181152
vn 8.5494786617346108E-05 0.76924818754196167 0.63895010948181152
vn 8.5494786617346108E-05 0.76924818754196167 0.63895010948181152
vn 8.5494786617346108E-05 0.76924818754196167 0.63895010948181152
vn 1.0076271195202935E-07 0.00011330658890074119 1
vn 1.0076271195202935E-07 0.00011330658890074119 1
vn 1.0076271195202935E-07 0.00011330658890074119 1
vn 1.0076271195202935E-07 0.00011330658890074119 1
vn 1.0076271195202935E-07 0.00011330658890074119 1
vn 1.0076271195202935E-07 0.00011330658890074119 1
vn 1.0076271195202935E-07 0.00011330658890074119 1
vn 1.0076271195202935E-07 0.00011330658890074119 1
vn 1.0076271195202935E-07 0.00011330658890074119 1
vn 1.0076271195202935E-07 0.00011330658890074119 1
vn 1.0076271195202935E-07 0.00011330658890074119 1
vn -1.0129559058213999E-07 -0.00011810436262749135 -1
vn -1.0129559058213999E-07 -0.00011810436262749135 -1
vn -1.0129559058213999E-07 -0.00011810436262749135 -1
vn -1.0129559058213999E-07 -0.00011810436262749135 -1
vn -1.0129559058213999E-07 -0.00011810436262749135 -1
vn -1.0129559058213999E-07 -0.00011810436262749135 -1
vn -1.0129559058213999E-07 -0.00011810436262749135 -1
vn -1.0129559058213999E-07 -0.00011810436262749135 -1
vn -1.0129559058213999E-07 -0.00011810436262749135 -1
vn 1 -0.00011106746387667954 -8.8178033763597341E-08
vn 1 -0.00011106746387667954 -8.8178033763597341E-08
vn 1 -0.00011106746387667954 -8.8178033763597341E-08
vn 1 -0.00011106746387667954 -8.8178033763597341E-08
vn 1 -0.00011106746387667954 -8.8178033763597341E-08
vn 1 -0.00011106746387667954 -8.8178033763597341E-08
vn 1 -0.00011106746387667954 -8.8178033763597341E-08
vn 1 -0.00011106746387667954 -8.8178033763597341E-08
vn 1 -0.00011106746387667954 -8.8178033763597341E-08
vn 1 -0.00011106746387667954 -8.8178033763597341E-08
vn 1 -0.00011106746387667954 -8.8178033763597341E-08
vn -1 0.00011106746387667954 8.8178033763597341E-08
vn -1 0.00011106746387667954 8.8178033763597341E-08
vn -1 0.00011106746387667954 8.8178033763597341E-08
vn -1 0.00011106746387667954 8.8178033763597341E-08
vn -1 0.00011106746387667954 8.8178033763597341E-08
vn -1 0.00011106746387667954 8.8178033763597341E-08
vn -1 0.00011106746387667954 8.8178033763597341E-08
vn -1 0.00011106746387667954 8.8178033763597341E-08
vn -1 0.00011106746387667954 8.8178033763597341E-08
vn -1 0.00011106746387667954 8.8178033763597341E-08
vn -1 0.00011106746387667954 8.8178033763597341E-08
vn 0.00011106744932476431 1 -0.00011812433513114229
vn 0.00011106744932476431 1 -0.00011812433513114229
vn 0.00011106744932476431 1 -0.00011812433513114229
vn 0.00011106744932476431 1 -0.00011812433513114229
vn 0.00011106744932476431 1 -0.00011812433513114229
vn 0.00011106744932476431 1 -0.00011812433513114229
vn 0.00011106744932476431 1 -0.00011812433513114229
vn 0.00011106744932476431 1 -0.00011812433513114229
vn 0.00011106744932476431 1 -0.00011812433513114229
vn 0.00011106744932476431 1 -0.00011812433513114229
vn 8.5494786617346108E-05 0.76924818754196167 0.63895010948181152
vn 8.5494786617346108E-05 0.76924818754196167 0.63895010948181152
vn 8.5494786617346108E-05 0.76924818754196167 0.63895010948181152
vn 8.5494786617346108E-05 0.76924818754196167 0.63895010948181152
vn 8.5494786617346108E-05 0.76924818754196167 0.63895010948181152
vn 8.5494786617346108E-05 0.76924818754196167 0.63895010948181152
vn 8.5494786617346108E-05 0.76924818754196167 0.63895010948181152
vn 8.5494786617346108E-05 0.76924818754196167 0.63895010948181152
vn 8.5494786617346108E-05 0.76924818754196167 0.63895010948181152
vn 8.5494786617346108E-05 0.76924818754196167 0.63895010948181152
vn 1.0076271195202935E-07 0.00011330658890074119 1
vn 1.0076271195202935E-07 0.00011330658890074119 1
vn 1.0076271195202935E-07 0.00011330658890074119 1
vn 1.0076271195202935E-07 0.00011330658890074119 1
vn 1.0076271195202935E-07 0.00011330658890074119 1
vn 1.0076271195202935E-07 0.00011330658890074119 1
vn 1.0076271195202935E-07 0.00011330658890074119 1
vn 1.0076271195202935E-07 0.00011330658890074119 1
vn 1.0076271195202935E-07 0.00011330658890074119 1
vn 1.0076271195202935E-07 0.00011330658890074119 1
vn 1.0076271195202935E-07 0.00011330658890074119 1
vn -1.0129559058213999E-07 -0.00011810436262749135 -1
vn -1.0129559058213999E-07 -0.00011810436262749135 -1
vn -1.0129559058213999E-07 -0.00011810436262749135 -1
vn -1.0129559058213999E-07 -0.00011810436262749135 -1
vn -1.0129559058213999E-07 -0.00011810436262749135 -1
vn -1.0129559058213999E-07 -0.00011810436262749135 -1
vn -1.0129559058213999E-07 -0.00011810436262749135 -1
vn -1.0129559058213999E-07 -0.00011810436262749135 -1
vn -1.0129559058213999E-07 -0.00011810436262749135 -1
vn -1.0129559058213999E-07 -0.00011810436262749135 -1
vn -1.0129559058213999E-07 -0.00011810436262749135 -1
vn -1.0129559058213999E-07 -0.00011810436262749135 -1
vn -1.0129559058213999E-07 -0.00011810436262749135 -1
vn -1.0129559058213999E-07 -0.00011810436262749135 -1
vn 1 -0.00011106746387667954 -8.8178033763597341E-08
vn 1 -0.00011106746387667954 -8.8178033763597341E-08
vn 1 -0.00011106746387667954 -8.8178033763597341E-08
vn 1 -0.00011106746387667954 -8.8178033763597341E-08
vn 1 -0.00011106746387667954 -8.8178033763597341E-08
vn 1 -0.00011106746387667954 -8.8178033763597341E-08
vn 1 -0.00011106746387667954 -8.8178033763597341E-08
vn 1 -0.00011106746387667954 -8.8178033763597341E-08
vn 1 -0.00011106746387667954 -8.8178033763597341E-08
vn 1 -0.00011106746387667954 -8.8178033763597341E-08
vn 1 -0.00011106746387667954 -8.8178033763597341E-08
vn 1 -0.00011106746387667954 -8.8178033763597341E-08
vn 1 -0.00011106746387667954 -8.8178033763597341E-08
vn -1 0.00011106746387667954 8.8178033763597341E-08
vn -1 0.00011106746387667954 8.8178033763597341E-08
vn -1 0.00011106746387667954 8.8178033763597341E-08
vn -1 0.00011106746387667954 8.8178033763597341E-08
vn -1 0.00011106746387667954 8.8178033763597341E-08
vn -1 0.00011106746387667954 8.8178033763597341E-08
vn -1 0.00011106746387667954 8.8178033763597341E-08
vn -1 0.00011106746387667954 8.8178033763597341E-08
vn -1 0.00011106746387667954 8.8178033763597341E-08
vn -1 0.00011106746387667954 8.8178033763597341E-08
vn -1 0.00011106746387667954 8.8178033763597341E-08
vn -1 0.00011106746387667954 8.8178033763597341E-08
vn -1 0.00011106746387667954 8.8178033763597341E-08
vn -0.00014622211165260524 1 0.00013916521857026964
vn -0.00014622211165260524 1 0.00013916521857026964
vn -0.00014622211165260524 1 0.00013916521857026964
vn -0.00014622211165260524 1 0.00013916521857026964
vn -0.00014622211165260524 1 0.00013916521857026964
vn -0.00014622211165260524 1 0.00013916521857026964
vn -0.00014622211165260524 1 0.00013916521857026964
vn -0.00014622211165260524 1 0.00013916521857026964
vn -0.00014622211165260524 1 0.00013916521857026964
vn -0.00014622211165260524 1 0.00013916521857026964
vn -0.00014622211165260524 1 0.00013916521857026964
vn -1 -0.00014620213187299669 -1.046140525318151E-07
vn -1 -0.00014620213187299669 -1.046140525318151E-07
vn -1 -0.00014620213187299669 -1.046140525318151E-07
vn -1 -0.00014620213187299669 -1.046140525318151E-07
vn -1 -0.00014620213187299669 -1.0461405963724246E-07
vn -1 -0.00014620213187299669 -1.0461405963724246E-07
vn -1 -0.00014620213187299669 -1.046140525318151E-07
vn -1 -0.00014620213187299669 -1.046140525318151E-07
vn -1 -0.00014620213187299669 -1.046140525318151E-07
vn -1 -0.00014620213187299669 -1.0461405963724246E-07
vn -1 -0.00014620213187299669 -1.0461405963724246E-07
vn 9.002657316159457E-05 1 -0.00013916521857026964
vn 9.002657316159457E-05 1 -0.00013916521857026964
vn 9.002657316159457E-05 1 -0.00013916521857026964
vn 9.002657316159457E-05 1 -0.00013916521857026964
vn 9.002657316159457E-05 1 -0.00013916521857026964
vn 9.002657316159457E-05 1 -0.00013916521857026964
vn 9.002657316159457E-05 1 -0.00013916521857026964
vn 9.002657316159457E-05 1 -0.00013916521857026964
vn 9.002657316159457E-05 1 -0.00013916521857026964
vn 9.002657316159457E-05 1 -0.00013916521857026964
vn -0.63897174596786499 0.7692301869392395 -0.00010710894275689498
vn -0.63897174596786499 0.7692301869392395 -0.00010710894275689498
vn -0.63897174596786499 0.7692301869392395 -0.00010710894275689498
vn -0.63897174596786499 0.7692301869392395 -0.00010710894275689498
vn -0.63897174596786499 0.7692301869392395 -0.00010710894275689498
vn -0.63897174596786499 0.7692301869392395 -0.00010710894275689498
vn -0.63897174596786499 0.7692301869392395 -0.00010710894275689498
vn -0.63897174596786499 0.7692301869392395 -0.00010710894275689498
vn -0.63897174596786499 0.7692301869392395 -0.00010710894275689498
vn -0.63897174596786499 0.7692301869392395 -0.00010710894275689498
vn -0.63897174596786499 0.7692301869392395 -0.00010710894275689498
vn -0.63897174596786499 0.7692301869392395 -0.00010710894275689498
vn -0.63897174596786499 0.7692301869392395 -0.00010710894275689498
vn 1 -9.0006593381986022E-05 1.046140525318151E-07
vn 1 -9.0006593381986022E-05 1.046140525318151E-07
vn 1 -9.0006593381986022E-05 1.046140525318151E-07
vn 1 -9.0006593381986022E-05 1.046140525318151E-07
vn 1 -9.0006593381986022E-05 1.0461405963724246E-07
vn 1 -9.0006593381986022E-05 1.0461405963724246E-07
vn 1 -9.0006593381986022E-05 1.0461405963724246E-07
vn 1 -9.0006593381986022E-05 1.046140525318151E-07
vn 1 -9.0006593381986022E-05 1.046140525318151E-07
vn 1 -9.0006593381986022E-05 1.046140525318151E-07
vn 1 -9.0006593381986022E-05 1.0461405963724246E-07
vn 1 -9.0006593381986022E-05 1.0461405963724246E-07
vn 1 -9.0006593381986022E-05 1.0461405963724246E-07
vn 1 -9.0006593381986022E-05 1.0461405963724246E-07
vn 9.2088264125322894E-08 -0.00013916523312218487 -1
vn 9.2088264125322894E-08 -0.00013916523312218487 -1
vn 9.2088264125322894E-08 -0.00013916523312218487 -1
vn 9.2088264125322894E-08 -0.00013916523312218487 -1
vn 9.2088264125322894E-08 -0.00013916523312218487 -1
vn 9.2088264125322894E-08 -0.00013916523312218487 -1
vn 9.2088264125322894E-08 -0.00013916523312218487 -1
vn 9.2088264125322894E-08 -0.00013916523312218487 -1
vn 9.2088264125322894E-08 -0.00013916523312218487 -1
vn 9.2088264125322894E-08 -0.00013916523312218487 -1
vn 9.2088264125322894E-08 -0.00013916523312218487 -1
vn 9.2088264125322894E-08 -0.00013916523312218487 -1
vn 9.2088264125322894E-08 -0.00013916523312218487 -1
vn 9.2088264125322894E-08 -0.00013916523312218487 -1
vn 9.2088264125322894E-08 -0.00013916523312218487 -1
vn 9.2088264125322894E-08 -0.00013916523312218487 -1
vn 9.2088264125322894E-08 -0.00013916523312218487 -1
vn 9.2088264125322894E-08 -0.00013916523312218487 -1
vn 9.2088264125322894E-08 -0.00013916523312218487 -1
vn 9.2088264125322894E-08 -0.00013916523312218487 -1
vn 9.2088264125322894E-08 -0.00013916523312218487 -1
vn 9.2088264125322894E-08 -0.00013916523312218487 -1
vn -9.2088264125322894E-08 0.00013916523312218487 1
vn -9.2088264125322894E-08 0.00013916523312218487 1
vn -9.2088264125322894E-08 0.00013916523312218487 1
vn -9.2088264125322894E-08 0.00013916523312218487 1
vn -9.2088264125322894E-08 0.00013916523312218487 1
vn -9.2088264125322894E-08 0.00013916523312218487 1
vn -9.2088264125322894E-08 0.00013916523312218487 1
vn -9.2088264125322894E-08 0.00013916523312218487 1
vn -9.2088264125322894E-08 0.00013916523312218487 1
vn -9.2088264125322894E-08 0.00013916523312218487 1
vn -9.2088264125322894E-08 0.00013916523312218487 1
vn -9.2088264125322894E-08 0.00013916523312218487 1
vn -9.2088264125322894E-08 0.00013916523312218487 1
vn -9.2088264125322894E-08 0.00013916523312218487 1
vn -9.2088264125322894E-08 0.00013916523312218487 1
vn 0.00011106744932476431 1 0.00011812433513114229
vn 0.00011106744932476431 1 0.00011812433513114229
vn 0.00011106744932476431 1 0.00011812433513114229
vn 0.00011106744932476431 1 0.00011812433513114229
vn 0.00011106744932476431 1 0.00011812433513114229
vn 0.00011106744932476431 1 0.00011812433513114229
vn 0.00011106744932476431 1 0.00011812433513114229
vn 0.00011106744932476431 1 0.00011812433513114229
vn 0.00011106744932476431 1 0.00011812433513114229
vn 0.00011106744932476431 1 0.00011812433513114229
vn 8.5494786617346108E-05 0.76924818754196167 -0.63895010948181152
vn 8.5494786617346108E-05 0.76924818754196167 -0.63895010948181152
vn 8.5494786617346108E-05 0.76924818754196167 -0.63895010948181152
vn 8.5494786617346108E-05 0.76924818754196167 -0.63895010948181152
vn 8.5494786617346108E-05 0.76924818754196167 -0.63895010948181152
vn 8.5494786617346108E-05 0.76924818754196167 -0.63895010948181152
vn 8.5494786617346108E-05 0.76924818754196167 -0.63895010948181152
vn 8.5494786617346108E-05 0.76924818754196167 -0.63895010948181152
vn 8.5494786617346108E-05 0.76924818754196167 -0.63895010948181152
vn 8.5494786617346108E-05 0.76924818754196167 -0.63895010948181152
vn 1.0076271195202935E-07 0.00011330658890074119 -1
vn 1.0076271195202935E-07 0.00011330658890074119 -1
vn 1.0076271195202935E-07 0.00011330658890074119 -1
vn 1.0076271195202935E-07 0.00011330658890074119 -1
vn 1.0076271195202935E-07 0.00011330658890074119 -1
vn 1.0076271195202935E-07 0.00011330658890074119 -1
vn 1.0076271195202935E-07 0.00011330658890074119 -1
vn 1.0076271195202935E-07 0.00011330658890074119 -1
vn 1.0076271195202935E-07 0.00011330658890074119 -1
vn 1.0076271195202935E-07 0.00011330658890074119 -1
vn 1.0076271195202935E-07 0.00011330658890074119 -1
vn -1.0129559058213999E-07 -0.00011810436262749135 1
vn -1.0129559058213999E-07 -0.00011810436262749135 1
vn -1.0129559058213999E-07 -0.00011810436262749135 1
vn -1.0129559058213999E-07 -0.00011810436262749135 1
vn -1.0129559058213999E-07 -0.00011810436262749135 1
vn -1.0129559058213999E-07 -0.00011810436262749135 1
vn -1.0129559058213999E-07 -0.00011810436262749135 1
vn -1.0129559058213999E-07 -0.00011810436262749135 1
vn -1.0129559058213999E-07 -0.00011810436262749135 1
vn 1 -0.00011106746387667954 8.8178033763597341E-08
vn 1 -0.00011106746387667954 8.8178033763597341E-08
vn 1 -0.00011106746387667954 8.8178033763597341E-08
vn 1 -0.00011106746387667954 8.8178033763597341E-08
vn 1 -0.00011106746387667954 8.8178033763597341E-08
vn 1 -0.00011106746387667954 8.8178033763597341E-08
vn 1 -0.00011106746387667954 8.8178033763597341E-08
vn 1 -0.00011106746387667954 8.8178033763597341E-08
vn 1 -0.00011106746387667954 8.8178033763597341E-08
vn 1 -0.00011106746387667954 8.8178033763597341E-08
vn 1 -0.00011106746387667954 8.8178033763597341E-08
vn -1 0.00011106746387667954 -8.8178033763597341E-08
vn -1 0.00011106746387667954 -8.8178033763597341E-08
vn -1 0.00011106746387667954 -8.8178033763597341E-08
vn -1 0.00011106746387667954 -8.8178033763597341E-08
vn -1 0.00011106746387667954 -8.8178033763597341E-08
vn -1 0.00011106746387667954 -8.8178033763597341E-08
vn -1 0.00011106746387667954 -8.8178033763597341E-08
vn -1 0.00011106746387667954 -8.8178033763597341E-08
vn -1 0.00011106746387667954 -8.8178033763597341E-08
vn -1 0.00011106746387667954 -8.8178033763597341E-08
vn -1 0.00011106746387667954 -8.8178033763597341E-08
vn 0.00011106744932476431 1 0.00011812433513114229
vn 0.00011106744932476431 1 0.00011812433513114229
vn 0.00011106744932476431 1 0.00011812433513114229
vn 0.00011106744932476431 1 0.00011812433513114229
vn 0.00011106744932476431 1 0.00011812433513114229
vn 0.00011106744932476431 1 0.00011812433513114229
vn 0.00011106744932476431 1 0.00011812433513114229
vn 0.00011106744932476431 1 0.00011812433513114229
vn 0.00011106744932476431 1 0.00011812433513114229
vn 0.00011106744932476431 1 0.00011812433513114229
vn 8.5494786617346108E-05 0.76924818754196167 -0.63895010948181152
vn 8.5494786617346108E-05 0.76924818754196167 -0.63895010948181152
vn 8.5494786617346108E-05 0.76924818754196167 -0.63895010948181152
vn 8.5494786617346108E-05 0.76924818754196167 -0.63895010948181152
vn 8.5494786617346108E-05 0.76924818754196167 -0.63895010948181152
vn 8.5494786617346108E-05 0.76924818754196167 -0.63895010948181152
vn 8.5494786617346108E-05 0.76924818754196167 -0.63895010948181152
vn 8.5494786617346108E-05 0.76924818754196167 -0.63895010948181152
vn 8.5494786617346108E-05 0.76924818754196167 -0.63895010948181152
vn 8.5494786617346108E-05 0.76924818754196167 -0.63895010948181152
vn 1.0076271195202935E-07 0.00011330658890074119 -1
vn 1.0076271195202935E-07 0.00011330658890074119 -1
vn 1.0076271195202935E-07 0.00011330658890074119 -1
vn 1.0076271195202935E-07 0.00011330658890074119 -1
vn 1.0076271195202935E-07 0.00011330658890074119 -1
vn 1.0076271195202935E-07 0.00011330658890074119 -1
vn 1.0076271195202935E-07 0.00011330658890074119 -1
vn 1.0076271195202935E-07 0.00011330658890074119 -1
vn 1.0076271195202935E-07 0.00011330658890074119 -1
vn 1.0076271195202935E-07 0.00011330658890074119 -1
vn 1.0076271195202935E-07 0.00011330658890074119 -1
vn -1.0129559058213999E-07 -0.00011810436262749135 1
vn -1.0129559058213999E-07 -0.00011810436262749135 1
vn -1.0129559058213999E-07 -0.00011810436262749135 1
vn -1.0129559058213999E-07 -0.00011810436262749135 1
vn -1.0129559058213999E-07 -0.00011810436262749135 1
vn -1.0129559058213999E-07 -0.00011810436262749135 1
vn -1.0129559058213999E-07 -0.00011810436262749135 1
vn -1.0129559058213999E-07 -0.00011810436262749135 1
vn -1.0129559058213999E-07 -0.00011810436262749135 1
vn 1 -0.00011106746387667954 8.8178033763597341E-08
vn 1 -0.00011106746387667954 8.8178033763597341E-08
vn 1 -0.00011106746387667954 8.8178033763597341E-08
vn 1 -0.00011106746387667954 8.8178033763597341E-08
vn 1 -0.00011106746387667954 8.8178033763597341E-08
vn 1 -0.00011106746387667954 8.8178033763597341E-08
vn 1 -0.00011106746387667954 8.8178033763597341E-08
vn 1 -0.00011106746387667954 8.8178033763597341E-08
vn 1 -0.00011106746387667954 8.8178033763597341E-08
vn 1 -0.00011106746387667954 8.8178033763597341E-08
vn 1 -0.00011106746387667954 8.8178033763597341E-08
vn -1 0.00011106746387667954 -8.8178033763597341E-08
vn -1 0.00011106746387667954 -8.8178033763597341E-08
vn -1 0.00011106746387667954 -8.8178033763597341E-08
vn -1 0.00011106746387667954 -8.8178033763597341E-08
vn -1 0.00011106746387667954 -8.8178033763597341E-08
vn -1 0.00011106746387667954 -8.8178033763597341E-08
vn -1 0.00011106746387667954 -8.8178033763597341E-08
vn -1 0.00011106746387667954 -8.8178033763597341E-08
vn -1 0.00011106746387667954 -8.8178033763597341E-08
vn -1 0.00011106746387667954 -8.8178033763597341E-08
vn -1 0.00011106746387667954 -8.8178033763597341E-08
vn 0.00011106744932476431 1 0.00011812433513114229
vn 0.00011106744932476431 1 0.00011812433513114229
vn 0.00011106744932476431 1 0.00011812433513114229
vn 0.00011106744932476431 1 0.00011812433513114229
vn 0.00011106744932476431 1 0.00011812433513114229
vn 0.00011106744932476431 1 0.00011812433513114229
vn 0.00011106744932476431 1 0.00011812433513114229
vn 0.00011106744932476431 1 0.00011812433513114229
vn 0.00011106744932476431 1 0.00011812433513114229
vn 0.00011106744932476431 1 0.00011812433513114229
vn 0.00011106744932476431 1 0.00011812433513114229
vn 8.5494786617346108E-05 0.76924818754196167 -0.63895010948181152
vn 8.5494786617346108E-05 0.76924818754196167 -0.63895010948181152
vn 8.5494786617346108E-05 0.76924818754196167 -0.63895010948181152
vn 8.5494786617346108E-05 0.76924818754196167 -0.63895010948181152
vn 8.5494786617346108E-05 0.76924818754196167 -0.63895010948181152
vn 8.5494786617346108E-05 0.76924818754196167 -0.63895010948181152
vn 8.5494786617346108E-05 0.76924818754196167 -0.63895010948181152
vn 8.5494786617346108E-05 0.76924818754196167 -0.63895010948181152
vn 8.5494786617346108E-05 0.76924818754196167 -0.63895010948181152
vn 8.5494786617346108E-05 0.76924818754196167 -0.63895010948181152
vn 1.0076271195202935E-07 0.00011330658890074119 -1
vn 1.0076271195202935E-07 0.00011330658890074119 -1
vn 1.0076271195202935E-07 0.00011330658890074119 -1
vn 1.0076271195202935E-07 0.00011330658890074119 -1
vn 1.0076271195202935E-07 0.00011330658890074119 -1
vn 1.0076271195202935E-07 0.00011330658890074119 -1
vn 1.0076271195202935E-07 0.00011330658890074119 -1
vn 1.0076271195202935E-07 0.00011330658890074119 -1
vn 1.0076271195202935E-07 0.00011330658890074119 -1
vn 1.0076271195202935E-07 0.00011330658890074119 -1
vn 1.0076271195202935E-07 0.00011330658890074119 -1
vn -1.0129559058213999E-07 -0.00011810436262749135 1
vn -1.0129559058213999E-07 -0.00011810436262749135 1
vn -1.0129559058213999E-07 -0.00011810436262749135 1
vn -1.0129559058213999E-07 -0.00011810436262749135 1
vn -1.0129559058213999E-07 -0.00011810436262749135 1
vn -1.0129559058213999E-07 -0.00011810436262749135 1
vn -1.0129559058213999E-07 -0.00011810436262749135 1
vn -1.0129559058213999E-07 -0.00011810436262749135 1
vn -1.0129559058213999E-07 -0.00011810436262749135 1
vn -1.0129559058213999E-07 -0.00011810436262749135 1
vn -1.0129559058213999E-07 -0.00011810436262749135 1
vn -1.0129559058213999E-07 -0.00011810436262749135 1
vn -1.0129559058213999E-07 -0.00011810436262749135 1
vn -1.0129559058213999E-07 -0.00011810436262749135 1
vn 1 -0.00011106746387667954 8.8178033763597341E-08
vn 1 -0.00011106746387667954 8.8178033763597341E-08
vn 1 -0.00011106746387667954 8.8178033763597341E-08
vn 1 -0.00011106746387667954 8.8178033763597341E-08
vn 1 -0.00011106746387667954 8.8178033763597341E-08
vn 1 -0.00011106746387667954 8.8178033763597341E-08
vn 1 -0.00011106746387667954 8.8178033763597341E-08
vn 1 -0.00011106746387667954 8.8178033763597341E-08
vn 1 -0.00011106746387667954 8.8178033763597341E-08
vn 1 -0.00011106746387667954 8.8178033763597341E-08
vn 1 -0.00011106746387667954 8.8178033763597341E-08
vn 1 -0.00011106746387667954 8.8178033763597341E-08
vn 1 -0.00011106746387667954 8.8178033763597341E-08
vn -1 0.00011106746387667954 -8.8178033763597341E-08
vn -1 0.00011106746387667954 -8.8178033763597341E-08
vn -1 0.00011106746387667954 -8.8178033763597341E-08
vn -1 0.00011106746387667954 -8.8178033763597341E-08
vn -1 0.00011106746387667954 -8.8178033763597341E-08
vn -1 0.00011106746387667954 -8.8178033763597341E-08
vn -1 0.00011106746387667954 -8.8178033763597341E-08
vn -1 0.00011106746387667954 -8.8178033763597341E-08
vn -1 0.00011106746387667954 -8.8178033763597341E-08
vn -1 0.00011106746387667954 -8.8178033763597341E-08
vn -1 0.00011106746387667954 -8.8178033763597341E-08
vn -1 0.00011106746387667954 -8.8178033763597341E-08
vn -1 0.00011106746387667954 -8.8178033763597341E-08
vn 0.63892847299575806 0.76926612854003906 0.00010710894275689498
vn 0.63892847299575806 0.76926612854003906 0.00010710894275689498
vn 0.63892847299575806 0.76926612854003906 0.00010710894275689498
vn 0.63892847299575806 0.76926612854003906 0.00010710894275689498
vn 0.63892847299575806 0.76926612854003906 0.00010710894275689498
vn 0.63892847299575806 0.76926612854003906 0.00010710894275689498
vn 0.63892847299575806 0.76926612854003906 0.00010710894275689498
vn 0.63892847299575806 0.76926612854003906 0.00010710894275689498
vn 0.63892847299575806 0.76926612854003906 0.00010710894275689498
vn 0.63892847299575806 0.76926612854003906 0.00010710894275689498
vn 0.63892847299575806 0.76926612854003906 0.00010710894275689498
vn 0.63892847299575806 0.76926612854003906 0.00010710894275689498
vn 0.63892847299575806 0.76926612854003906 0.00010710894275689498
vn 0.63892847299575806 0.76926612854003906 0.00010710894275689498
vn 0.63892847299575806 0.76926612854003906 0.00010710894275689498
vn 0.63892847299575806 0.76926612854003906 0.00010710894275689498
vn 0.63892847299575806 0.76926612854003906 0.00010710894275689498
vn 0.63892847299575806 0.76926612854003906 0.00010710894275689498
vn 0.63892847299575806 0.76926612854003906 0.00010710894275689498
vn 0.63892847299575806 0.76926612854003906 0.00010710894275689498
vn 0.63892847299575806 0.76926612854003906 0.00010710894275689498
vn 0.63892847299575806 0.76926612854003906 0.00010710894275689498
vn 0.63892847299575806 0.76926612854003906 0.00010710894275689498
vn -8.4267803401871788E-08 -0.00013916523312218487 1
vn -8.4267803401871788E-08 -0.00013916523312218487 1
vn -8.4267803401871788E-08 -0.00013916523312218487 1
vn -8.4267803401871788E-08 -0.00013916523312218487 1
vn -8.4267803401871788E-08 -0.00013916523312218487 1
vn -8.4267803401871788E-08 -0.00013916523312218487 1
vn -8.4267803401871788E-08 -0.00013916523312218487 1
vn -8.4267803401871788E-08 -0.00013916523312218487 1
vn -8.4267803401871788E-08 -0.00013916523312218487 1
vn -8.4267803401871788E-08 -0.00013916523312218487 1
vn -8.4267803401871788E-08 -0.00013916523312218487 1
vn -8.4267803401871788E-08 -0.00013916523312218487 1
vn -8.4267803401871788E-08 -0.00013916523312218487 1
vn -8.4267803401871788E-08 -0.00013916523312218487 1
vn 8.4267803401871788E-08 0.00013916523312218487 -1
vn 8.4267803401871788E-08 0.00013916523312218487 -1
vn 8.4267803401871788E-08 0.00013916523312218487 -1
vn 8.4267803401871788E-08 0.00013916523312218487 -1
vn 8.4267803401871788E-08 0.00013916523312218487 -1
vn 8.4267803401871788E-08 0.00013916523312218487 -1
vn 8.4267803401871788E-08 0.00013916523312218487 -1
vn 8.4267803401871788E-08 0.00013916523312218487 -1
vn 8.4267803401871788E-08 0.00013916523312218487 -1
vn 8.4267803401871788E-08 0.00013916523312218487 -1
vn 8.4267803401871788E-08 0.00013916523312218487 -1
vn 1 0 0
vn 1 0 0
vn 1 0 0
vn 1 0 0
vn 1 0 0
vn 1 0 0
vn 1 0 0
vn 1 0 0
vn 1 0 0
vn 1 0 0
vn 1 0 0
vn 1 0 0
vn 1 0 0
vn 1 0 0
vn 1 0 0
vn 1 0 0
vn 1 0 0
vn 1 0 0
vn 1 0 0
vn 1 0 0
vn 1 0 0
vn 1 0 0
vn 1 0 0
vn 1 0 0
vn 1 0 0
vn 1 0 0
vn 1 0 0
vn 1 0 0
vn 1 0 0
vn 1 0 0
vn 1 0 0
vn 1 0 0
vn 1 0 0
vn 1 0 0
vn 1 0 0
vn 1 0 0
vn 1 0 0
vn 1 0 0
vn 1 0 0
vn 1 0 0
vn 1 0 0
vn 1 0 0
vn 1 0 0
vn 1 0 0
vn 1 0 0
vn 1 0 0
vn 1 0 0
vn 1 0 0
vn 1 0 0
vn 1 0 0
vn 1 0 0
vn 1 0 0
vn 1 0 0
vn 1 0 0
vn 1 0 0
vn 1 0 0
vn 1 0 0
vn 1 0 0
vn 1 0 0
vn 1 0 0
vn 1 0 0
vn 1 0 0
vn 1 0 0
vn 1 0 0
vn 1 0 0
vn 1 0 0
vn 1 0 0
vn 1 0 0
vn 1 0 0
vn 1 0 0
vn 1 0 0
vn 1 0 0
vn 1 0 0
vn 1 0 0
vn 1 0 0
vn 1 0 0
vn 1 0 0
vn 1 0 0
vn 1 0 0
vn 1 0 0
vn 1 0 0
vn 1 0 0
vn 1 0 0
f 20/20/20 19/19/19 15/15/15 16/16/16
f 19/19/19 30/30/30 29/29/29 15/15/15
f 15/15/15 29/29/29 31/31/31 17/17/17
f 16/16/16 15/15/15 17/17/17 18/18/18
f 31/31/31 28/28/28 1/1/1
f 31/31/31 27/27/27 28/28/28
f 31/31/31 29/29/29 25/25/25 26/26/26
f 1/1/1 17/17/17 31/31/31
f 27/27/27 31/31/31 26/26/26
f 17/17/17 1/1/1 3/3/3
f 29/29/29 24/24/24 14/14/14
f 30/30/30 22/22/22 23/23/23
f 23/23/23 24/24/24 30/30/30
f 22/22/22 30/30/30 21/21/21
f 30/30/30 2/2/2 21/21/21
f 2/2/2 30/30/30 19/19/19
f 29/29/29 30/30/30 24/24/24
f 29/29/29 14/14/14 25/25/25
f 16/16/16 18/18/18 7/7/7 8/8/8
f 17/17/17 3/3/3 18/18/18
f 3/3/3 5/5/5 18/18/18
f 18/18/18 5/5/5 6/6/6
f 18/18/18 6/6/6 7/7/7
f 9/9/9 16/16/16 8/8/8
f 20/20/20 16/16/16 10/10/10 11/11/11
f 4/4/4 19/19/19 20/20/20
f 10/10/10 16/16/16 9/9/9
f 20/20/20 11/11/11 12/12/12
f 20/20/20 13/13/13 4/4/4
f 20/20/20 12/12/12 13/13/13
f 2/2/2 19/19/19 4/4/4
f 62/62/62 47/47/47 46/46/46 60/60/60
f 47/47/47 49/49/49 48/48/48 46/46/46
f 46/46/46 48/48/48 51/51/51 50/50/50
f 60/60/60 46/46/46 50/50/50 61/61/61
f 51/51/51 44/44/44 32/32/32
f 51/51/51 43/43/43 44/44/44
f 51/51/51 48/48/48 41/41/41 42/42/42
f 32/32/32 50/50/50 51/51/51
f 43/43/43 51/51/51 42/42/42
f 50/50/50 32/32/32 34/34/34
f 48/48/48 39/39/39 40/40/40
f 49/49/49 37/37/37 38/38/38
f 38/38/38 39/39/39 49/49/49
f 37/37/37 49/49/49 36/36/36
f 49/49/49 33/33/33 36/36/36
f 33/33/33 49/49/49 47/47/47
f 48/48/48 49/49/49 39/39/39
f 48/48/48 40/40/40 41/41/41
f 60/60/60 61/61/61 54/54/54 55/55/55
f 50/50/50 34/34/34 61/61/61
f 34/34/34 52/52/52 61/61/61
f 61/61/61 52/52/52 53/53/53
f 61/61/61 53/53/53 54/54/54
f 45/45/45 60/60/60 55/55/55
f 62/62/62 60/60/60 56/56/56 57/57/57
f 35/35/35 47/47/47 62/62/62
f 56/56/56 60/60/60 45/45/45
f 62/62/62 57/57/57 58/58/58
f 62/62/62 59/59/59 35/35/35
f 62/62/62 58/58/58 59/59/59
f 33/33/33 47/47/47 35/35/35
f 70/72/72 64/66/66 63/65/65 69/71/71
f 71/73/73 65/67/67 64/66/66 70/72/72
f 72/74/74 66/68/68 65/67/67 71/73/73
f 73/75/75 67/69/69 66/68/68 72/74/74
f 74/76/76 68/70/70 67/69/69 73/75/75
f 76/78/78 70/72/72 69/71/71 75/77/77
f 77/79/79 71/73/73 70/72/72 76/78/78
f 79/81/81 76/78/78 75/77/77 78/80/80
f 80/82/82 77/79/79 76/78/78 79/81/81
f 82/84/84 79/81/81 78/80/80 81/83/83
f 83/85/85 80/82/82 79/81/81 82/84/84
f 88/90/90 82/84/84 81/83/83 87/89/89
f 89/91/91 83/85/85 82/84/84 88/90/90
f 90/92/92 84/86/86 83/85/85 89/91/91
f 91/93/93 85/87/87 84/86/86 90/92/92
f 92/94/94 86/88/88 85/87/87 91/93/93
f 93/115/115 52/114/114 34/63/63
f 53/113/113 52/114/114 63/65/65
f 93/115/115 63/65/65 52/114/114
f 94/116/116 63/65/65 93/115/115
f 63/65/65 64/66/66 54/112/112 53/113/113
f 55/111/111 54/112/112 64/66/66 65/67/67
f 45/110/110 55/111/111 65/67/67
f 65/67/67 66/68/68 45/110/110
f 95/117/117 69/71/71 94/116/116
f 75/77/77 69/71/71 95/117/117 96/118/118
f 97/119/119 75/77/77 96/118/118
f 77/79/79 125/147/147 71/73/73
f 124/146/146 77/79/79 123/145/145
f 77/79/79 80/82/82 123/145/145
f 125/147/147 77/79/79 124/146/146
f 94/116/116 69/71/71 63/65/65
f 71/73/73 125/147/147 72/74/74
f 57/108/108 56/109/109 66/68/68 67/69/69
f 58/107/107 57/108/108 67/69/69
f 68/70/70 58/107/107 67/69/69
f 66/68/68 56/109/109 45/110/110
f 110/132/132 35/64/64 59/106/106
f 109/131/131 110/132/132 68/70/70
f 59/106/106 68/70/70 110/132/132
f 68/70/70 74/76/76 108/130/130 109/131/131
f 68/70/70 59/106/106 58/107/107
f 111/133/133 73/75/75 72/74/74
f 72/74/74 126/148/148 111/133/133
f 73/75/75 111/133/133 112/134/134
f 126/148/148 72/74/74 125/147/147
f 113/135/135 73/75/75 112/134/134
f 108/130/130 74/76/76 107/129/129
f 114/136/136 115/137/137 127/149/149
f 74/76/76 127/149/149 106/128/128 107/129/129
f 74/76/76 113/135/135 114/136/136
f 113/135/135 74/76/76 73/75/75
f 114/136/136 127/149/149 74/76/76
f 98/120/120 78/80/80 97/119/119
f 98/120/120 99/121/121 81/83/83 78/80/80
f 100/122/122 81/83/83 99/121/121
f 121/143/143 122/144/144 80/82/82
f 80/82/82 122/144/144 123/145/145
f 84/86/86 121/143/143 83/85/85
f 80/82/82 83/85/85 121/143/143
f 120/142/142 121/143/143 84/86/86
f 101/123/123 87/89/89 100/122/122
f 28/97/97 101/123/123 1/95/95
f 87/89/89 101/123/123 28/97/97
f 27/98/98 87/89/89 28/97/97
f 89/91/91 88/90/90 26/99/99 25/100/100
f 88/90/90 87/89/89 27/98/98 26/99/99
f 89/91/91 25/100/100 14/101/101
f 87/89/89 81/83/83 100/122/122
f 14/101/101 90/92/92 89/91/91
f 85/87/87 117/139/139 118/140/140
f 120/142/142 84/86/86 119/141/141
f 119/141/141 84/86/86 85/87/87
f 118/140/140 119/141/141 85/87/87
f 86/88/88 127/149/149 117/139/139
f 127/149/149 115/137/137 116/138/138
f 104/126/126 105/127/127 127/149/149 86/88/88
f 117/139/139 127/149/149 116/138/138
f 106/128/128 127/149/149 105/127/127
f 85/87/87 86/88/88 117/139/139
f 91/93/93 90/92/92 24/102/102 23/103/103
f 91/93/93 23/103/103 22/104/104
f 24/102/102 90/92/92 14/101/101
f 92/94/94 91/93/93 22/104/104
f 86/88/88 92/94/94 103/125/125 104/126/126
f 102/124/124 103/125/125 92/94/94
f 2/96/96 102/124/124 21/105/105
f 92/94/94 21/105/105 102/124/124
f 21/105/105 92/94/94 22/104/104
f 75/77/77 97/119/119 78/80/80
f 145/180/180 138/164/164 137/163/163 143/178/178
f 138/164/164 140/166/166 139/165/165 137/163/163
f 137/163/163 139/165/165 142/168/168 141/167/167
f 143/178/178 137/163/163 141/167/167 144/179/179
f 142/168/168 136/162/162 33/150/150
f 142/168/168 135/161/161 136/162/162
f 142/168/168 139/165/165 133/159/159 134/160/160
f 33/150/150 141/167/167 142/168/168
f 135/161/161 142/168/168 134/160/160
f 141/167/167 33/150/150 35/152/152
f 139/165/165 131/157/157 132/158/158
f 140/166/166 129/155/155 130/156/156
f 130/156/156 131/157/157 140/166/166
f 129/155/155 140/166/166 128/154/154
f 140/166/166 4/151/151 128/154/154
f 4/151/151 140/166/166 138/164/164
f 139/165/165 140/166/166 131/157/157
f 139/165/165 132/158/158 133/159/159
f 143/178/178 144/179/179 108/171/171 107/172/172
f 141/167/167 35/152/152 144/179/179
f 35/152/152 110/169/169 144/179/179
f 144/179/179 110/169/169 109/170/170
f 144/179/179 109/170/170 108/171/171
f 106/173/173 143/178/178 107/172/172
f 145/180/180 143/178/178 105/174/174 104/175/175
f 2/153/153 138/164/164 145/180/180
f 105/174/174 143/178/178 106/173/173
f 145/180/180 104/175/175 103/176/176
f 145/180/180 102/177/177 2/153/153
f 145/180/180 103/176/176 102/177/177
f 4/151/151 138/164/164 2/153/153
f 162/204/204 112/205/205 111/181/181
f 113/206/206 160/200/200 159/199/199 114/207/207
f 112/205/205 161/201/201 160/200/200 113/206/206
f 116/208/208 115/182/182 158/198/198 157/197/197
f 117/209/209 156/196/196 155/195/195 118/210/210
f 155/195/195 154/194/194 119/183/183 118/210/210
f 116/208/208 157/197/197 156/196/196 117/209/209
f 115/182/182 114/207/207 159/199/199 158/198/198
f 161/201/201 162/204/204 147/202/202
f 112/205/205 162/204/204 161/201/201
f 120/211/211 153/193/193 152/192/192 121/212/212
f 123/184/184 122/213/213 151/191/191 146/185/185
f 121/212/212 152/192/192 151/191/191 122/213/213
f 125/215/215 124/214/214 150/190/190 149/189/189
f 162/203/203 111/186/186 126/216/216
f 125/215/215 149/189/189 148/188/188 126/216/216
f 124/214/214 123/184/184 146/185/185 150/190/190
f 148/188/188 162/203/203 126/216/216
f 120/211/211 119/183/183 154/194/194 153/193/193
f 162/203/203 148/188/188 147/187/187
f 172/226/226 166/220/220 165/219/219 171/225/225
f 173/227/227 167/221/221 166/220/220 172/226/226
f 174/228/228 168/222/222 167/221/221 173/227/227
f 175/229/229 169/223/223 168/222/222 174/228/228
f 176/230/230 170/224/224 169/223/223 175/229/229
f 178/232/232 172/226/226 171/225/225 177/231/231
f 179/233/233 173/227/227 172/226/226 178/232/232
f 180/234/234 174/228/228 173/227/227 179/233/233
f 181/235/235 175/229/229 174/228/228 180/234/234
f 182/236/236 176/230/230 175/229/229 181/235/235
f 184/238/238 178/232/232 177/231/231 183/237/237
f 185/239/239 179/233/233 178/232/232 184/238/238
f 187/241/241 184/238/238 183/237/237 186/240/240
f 188/242/242 185/239/239 184/238/238 187/241/241
f 190/244/244 187/241/241 186/240/240 189/243/243
f 191/245/245 188/242/242 187/241/241 190/244/244
f 194/248/248 229/283/283 163/217/217
f 229/283/283 194/248/248 165/219/219
f 195/249/249 165/219/219 194/248/248
f 228/282/282 229/283/283 165/219/219
f 166/220/220 227/281/281 228/282/282
f 167/221/221 225/279/279 226/280/280
f 226/280/280 227/281/281 166/220/220 167/221/221
f 166/220/220 228/282/282 165/219/219
f 196/250/250 171/225/225 195/249/249
f 196/250/250 197/251/251 177/231/231 171/225/225
f 198/252/252 177/231/231 197/251/251
f 225/279/279 167/221/221 168/222/222
f 236/290/290 179/233/233 185/239/239
f 236/290/290 180/234/234 179/233/233
f 183/237/237 177/231/231 198/252/252
f 195/249/249 171/225/225 165/219/219
f 224/278/278 225/279/279 168/222/222
f 223/277/277 224/278/278 168/222/222 169/223/223
f 169/223/223 170/224/224 222/276/276 223/277/277
f 221/275/275 222/276/276 170/224/224
f 220/274/274 164/218/218 221/275/275
f 220/274/274 170/224/224 219/273/273
f 170/224/224 220/274/274 221/275/275
f 218/272/272 219/273/273 176/230/230
f 170/224/224 176/230/230 219/273/273
f 238/292/292 181/235/235 180/234/234
f 180/234/234 237/291/291 238/292/292
f 181/235/235 238/292/292 239/293/293
f 237/291/291 180/234/234 236/290/290
f 240/294/294 181/235/235 239/293/293
f 217/271/271 218/272/272 176/230/230 182/236/236
f 182/236/236 241/295/295 242/296/296
f 181/235/235 240/294/294 182/236/236
f 240/294/294 241/295/295 182/236/236
f 217/271/271 182/236/236 216/270/270
f 186/240/240 183/237/237 199/253/253 200/254/254
f 198/252/252 199/253/253 183/237/237
f 186/240/240 200/254/254 201/255/255
f 234/288/288 235/289/289 185/239/239
f 185/239/239 235/289/289 236/290/290
f 233/287/287 234/288/288 188/242/242
f 185/239/239 188/242/242 234/288/288
f 188/242/242 232/286/286 233/287/287
f 189/243/243 186/240/240 201/255/255
f 203/257/257 189/243/243 202/256/256
f 201/255/255 202/256/256 189/243/243
f 202/256/256 192/246/246 203/257/257
f 189/243/243 203/257/257 204/258/258
f 190/244/244 189/243/243 204/258/258 205/259/259
f 191/245/245 190/244/244 205/259/259 206/260/260
f 191/245/245 206/260/260 207/261/261
f 191/245/245 232/286/286 188/242/242
f 207/261/261 208/262/262 191/245/245
f 246/300/300 243/297/297 244/298/298
f 231/285/285 232/286/286 191/245/245
f 247/301/301 246/300/300 244/298/298
f 182/236/236 215/269/269 216/270/270
f 182/236/236 242/296/296 246/300/300
f 215/269/269 246/300/300 214/268/268
f 243/297/297 246/300/300 242/296/296
f 246/300/300 213/267/267 214/268/268
f 246/300/300 215/269/269 182/236/236
f 245/299/299 248/302/302 244/298/298
f 247/301/301 244/298/298 248/302/302
f 248/302/302 230/284/284 231/285/285
f 248/302/302 208/262/262 209/263/263
f 248/302/302 209/263/263 210/264/264
f 231/285/285 191/245/245 248/302/302
f 210/264/264 247/301/301 248/302/302
f 212/266/266 213/267/267 247/301/301
f 247/301/301 213/267/267 246/300/300
f 193/247/247 212/266/266 211/265/265
f 247/301/301 211/265/265 212/266/266
f 211/265/265 247/301/301 210/264/264
f 248/302/302 245/299/299 230/284/284
f 191/245/245 208/262/262 248/302/302
f 249/306/306 203/316/316 192/303/303
f 205/314/314 204/315/315 252/317/317 253/318/318
f 204/315/315 203/316/316 252/317/317
f 250/307/307 207/304/304 206/313/313
f 254/319/319 209/311/311 208/312/312
f 210/310/310 209/311/311 254/319/319 255/320/320
f 208/312/312 207/304/304 250/307/307
f 206/313/313 205/314/314 253/318/318
f 250/307/307 254/319/319 208/312/312
f 253/318/318 250/307/307 206/313/313
f 251/308/308 193/305/305 211/309/309
f 210/310/310 255/320/320 211/309/309
f 211/309/309 255/320/320 251/308/308
f 249/306/306 252/317/317 203/316/316
f 257/325/325 282/354/354 283/355/355 281/353/353
f 293/365/365 249/321/321 261/333/333
f 252/332/332 249/321/321 293/365/365
f 252/332/332 294/366/366 253/331/331
f 253/331/331 295/367/367 250/322/322
f 293/365/365 294/366/366 252/332/332
f 250/322/322 295/367/367 284/356/356
f 294/366/366 295/367/367 253/331/331
f 254/330/330 284/356/356 285/357/357
f 286/358/358 297/369/369 285/357/357
f 254/330/330 250/322/322 284/356/356
f 271/343/343 254/330/330 270/342/342
f 270/342/342 254/330/330 285/357/357
f 255/329/329 254/330/330 271/343/343
f 251/323/323 255/329/329 269/341/341
f 255/329/329 272/344/344 269/341/341
f 272/344/344 255/329/329 271/343/343
f 272/344/344 273/345/345 269/341/341
f 274/346/346 268/340/340 273/345/345
f 273/345/345 268/340/340 269/341/341
f 256/324/324 268/340/340 274/346/346
f 274/346/346 275/347/347 256/324/324
f 256/324/324 275/347/347 276/348/348
f 270/342/342 285/357/357 297/369/369
f 296/368/368 291/363/363 292/364/364
f 298/370/370 290/362/362 291/363/363
f 289/361/361 298/370/370 281/353/353
f 283/355/355 287/359/359 288/360/360
f 289/361/361 290/362/362 298/370/370
f 287/359/359 279/351/351 280/352/352
f 262/334/334 296/368/368 258/326/326
f 291/363/363 262/334/334 298/370/370
f 281/353/353 298/370/370 263/335/335 259/327/327
f 262/334/334 263/335/335 298/370/370
f 296/368/368 262/334/334 291/363/363
f 289/361/361 281/353/353 288/360/360
f 278/350/350 279/351/351 283/355/355
f 283/355/355 279/351/351 287/359/359
f 282/354/354 278/350/350 283/355/355
f 256/324/324 276/348/348 282/354/354
f 282/354/354 276/348/348 277/349/349
f 278/350/350 282/354/354 277/349/349
f 267/339/339 256/324/324 282/354/354
f 257/325/325 281/353/353 264/336/336
f 259/327/327 264/336/336 281/353/353
f 265/337/337 257/325/325 264/336/336
f 282/354/354 257/325/325 267/339/339
f 266/338/338 267/339/339 257/325/325
f 266/338/338 265/337/337 260/328/328
f 266/338/338 257/325/325 265/337/337
f 283/355/355 288/360/360 281/353/353
f 262/388/388 258/371/371 163/374/374 229/377/377
f 263/387/387 262/388/388 228/378/378 227/379/379
f 259/372/372 263/387/387 226/380/380 225/375/375
f 265/385/385 264/386/386 223/382/382 222/383/383
f 260/373/373 265/385/385 221/384/384 164/376/376
f 264/386/386 259/372/372 225/375/375 224/381/381
f 229/377/377 228/378/378 262/388/388
f 263/387/387 227/379/379 226/380/380
f 264/386/386 224/381/381 223/382/382
f 265/385/385 222/383/383 221/384/384
f 251/391/391 212/401/401 193/389/389
f 214/399/399 213/400/400 269/402/402 268/403/403
f 213/400/400 212/401/401 269/402/402
f 256/404/404 216/397/397 215/398/398
f 267/405/405 218/395/395 217/396/396
f 219/394/394 218/395/395 267/405/405 266/406/406
f 217/396/396 216/397/397 256/404/404
f 215/398/398 214/399/399 268/403/403
f 256/404/404 267/405/405 217/396/396
f 268/403/403 256/404/404 215/398/398
f 260/392/392 164/390/390 220/393/393
f 219/394/394 266/406/406 220/393/393
f 220/393/393 266/406/406 260/392/392
f 251/391/391 269/402/402 212/401/401
f 302/427/427 309/447/447 312/450/450 310/448/448
f 310/448/448 312/450/450 311/449/449 304/429/429
f 303/428/428 313/451/451 315/453/453 314/452/452
f 314/452/452 315/453/453 309/447/447 302/427/427
f 300/425/425 316/454/454 318/456/456 317/455/455
f 317/455/455 318/456/456 313/451/451 303/428/428
f 301/426/426 319/457/457 321/459/459 320/458/458
f 320/458/458 321/459/459 316/454/454 300/425/425
f 273/434/434 242/419/419 274/435/435
f 274/435/435 241/418/418 275/436/436
f 272/433/433 271/432/432 244/421/421
f 271/432/432 270/431/431 299/430/430
f 243/420/420 273/434/434 272/433/433
f 277/438/438 238/415/415 278/439/439
f 278/439/439 237/414/414 279/440/440
f 239/416/416 277/438/438 276/437/437
f 279/440/440 236/413/413 280/441/441
f 311/449/449 312/450/450 305/442/442
f 305/442/442 280/441/441 311/449/449
f 240/417/417 276/437/437 275/436/436
f 311/449/449 280/441/441 304/429/429
f 273/434/434 243/420/420 242/419/419
f 242/419/419 241/418/418 274/435/435
f 272/433/433 244/421/421 243/420/420
f 245/422/422 299/430/430 230/423/423
f 245/422/422 271/432/432 299/430/430
f 271/432/432 245/422/422 244/421/421
f 237/414/414 278/439/439 238/415/415
f 277/438/438 239/416/416 238/415/415
f 304/429/429 236/413/413 235/412/412
f 239/416/416 276/437/437 240/417/417
f 236/413/413 279/440/440 237/414/414
f 235/412/412 310/448/448 304/429/429
f 275/436/436 241/418/418 240/417/417
f 304/429/429 280/441/441 236/413/413
f 318/456/456 307/444/444 306/443/443
f 315/453/453 306/443/443 305/442/442
f 305/442/442 309/447/447 315/453/453
f 306/443/443 313/451/451 318/456/456
f 313/451/451 306/443/443 315/453/453
f 318/456/456 316/454/454 307/444/444
f 297/460/460 286/446/446 232/409/409
f 286/446/446 308/445/445 233/410/410
f 321/459/459 307/444/444 316/454/454
f 308/445/445 319/457/457 301/426/426
f 307/444/444 321/459/459 319/457/457
f 307/444/444 319/457/457 308/445/445
f 299/424/424 270/461/461 297/460/460
f 235/412/412 314/452/452 302/427/427
f 235/412/412 303/428/428 314/452/452
f 235/412/412 234/411/411 303/428/428
f 317/455/455 303/428/428 234/411/411
f 317/455/455 234/411/411 300/425/425
f 320/458/458 300/425/425 234/411/411
f 302/427/427 310/448/448 235/412/412
f 234/411/411 233/410/410 301/426/426
f 231/408/408 299/424/424 297/460/460
f 286/446/446 233/410/410 232/409/409
f 233/410/410 308/445/445 301/426/426
f 231/408/408 297/460/460 232/409/409
f 299/424/424 231/408/408 230/407/407
f 320/458/458 234/411/411 301/426/426
f 309/447/447 305/442/442 312/450/450
f 322/462/462 327/467/467 340/480/480 323/463/463
f 328/468/468 329/469/469 338/478/478 339/479/479
f 327/467/467 328/468/468 339/479/479 340/480/480
f 337/477/477 338/478/478 329/469/469 330/470/470
f 330/470/470 331/471/471 324/464/464 336/476/476
f 332/472/472 333/473/473 334/474/474 335/475/475
f 333/473/473 325/465/465 326/466/466 334/474/474
f 331/471/471 332/472/472 335/475/475 324/464/464
f 337/477/477 330/470/470 336/476/476
f 326/482/482 325/481/481 343/485/485 344/486/486
f 341/483/483 342/484/484 344/486/486 343/485/485
f 347/491/491 351/495/495 342/488/488 341/487/487
f 351/495/495 347/491/491 349/493/493
f 349/493/493 348/492/492 345/489/489
f 346/490/490 350/494/494 349/493/493
f 349/493/493 350/494/494 351/495/495
f 348/492/492 349/493/493 347/491/491
f 349/500/500 345/496/496 354/501/501
f 346/497/497 349/500/500 358/505/505
f 354/501/501 358/505/505 349/500/500
f 358/505/505 354/501/501 355/502/502 357/504/504
f 356/503/503 355/502/502 352/498/498
f 353/499/499 357/504/504 356/503/503
f 355/502/502 356/503/503 357/504/504
f 364/514/514 366/516/516 365/515/515 363/513/513
f 363/513/513 365/515/515 368/518/518 367/517/517
f 382/532/532 381/531/531 377/527/527 378/528/528
f 378/528/528 377/527/527 379/529/529 380/530/530
f 356/512/512 352/506/506 368/518/518
f 369/519/519 368/518/518 352/506/506
f 366/516/516 356/512/512 365/515/515
f 368/518/518 365/515/515 356/512/512
f 367/517/517 369/519/519 370/520/520
f 367/517/517 370/520/520 363/513/513
f 368/518/518 369/519/519 367/517/517
f 370/520/520 371/521/521 363/513/513
f 364/514/514 388/538/538 366/516/516
f 356/512/512 366/516/516 353/507/507
f 366/516/516 388/538/538 353/507/507
f 388/538/538 364/514/514 387/537/537
f 359/508/508 387/537/537 364/514/514
f 363/513/513 359/508/508 364/514/514
f 363/513/513 371/521/521 359/508/508
f 386/536/536 359/508/508 371/521/521 372/522/522
f 372/522/522 373/523/523 360/509/509 385/535/535
f 377/527/527 373/523/523 374/524/524
f 375/525/525 379/529/529 374/524/524
f 374/524/524 379/529/529 377/527/527
f 380/530/530 375/525/525 361/510/510
f 376/526/526 380/530/530 361/510/510
f 375/525/525 380/530/530 379/529/529
f 377/527/527 360/509/509 373/523/523
f 360/509/509 377/527/527 381/531/531
f 381/531/531 384/534/534 360/509/509
f 384/534/534 381/531/531 383/533/533
f 382/532/532 378/528/528 376/526/526
f 380/530/530 376/526/526 378/528/528
f 362/511/511 383/533/533 382/532/532
f 382/532/532 383/533/533 381/531/531
f 376/526/526 362/511/511 382/532/532
f 386/536/536 372/522/522 385/535/535
f 376/543/543 361/539/539 391/544/544
f 362/540/540 376/543/543 395/548/548
f 391/544/544 395/548/548 376/543/543
f 395/548/548 391/544/544 392/545/545 394/547/547
f 393/546/546 392/545/545 389/541/541
f 390/542/542 394/547/547 393/546/546
f 392/545/545 393/546/546 394/547/547
f 393/553/553 389/549/549 398/554/554
f 393/553/553 401/557/557 390/550/550
f 399/555/555 393/553/553 398/554/554
f 396/551/551 397/552/552 400/556/556 399/555/555
f 400/556/556 401/557/557 393/553/553
f 399/555/555 400/556/556 393/553/553
f 397/559/559 396/558/558 402/562/562 403/563/563
f 322/560/560 323/561/561 403/563/563 402/562/562
f 428/620/620 402/595/595 396/594/594
f 402/595/595 428/620/620 322/564/564
f 327/565/565 322/564/564 428/620/620
f 428/620/620 429/621/621 413/605/605
f 429/621/621 430/622/622 414/606/606
f 399/593/593 429/621/621 396/594/594
f 398/592/592 430/622/622 429/621/621 399/593/593
f 413/605/605 429/621/621 414/606/606
f 414/606/606 430/622/622 411/603/603
f 396/594/594 429/621/621 428/620/620
f 413/605/605 416/608/608 428/620/620
f 431/623/623 328/566/566 327/565/565 428/620/620
f 328/566/566 431/623/623 329/567/567
f 432/624/624 431/623/623 420/612/612
f 422/614/614 431/623/623 428/620/620
f 415/607/607 428/620/620 416/608/608
f 431/623/623 422/614/614 421/613/613
f 431/623/623 421/613/613 420/612/612
f 415/607/607 422/614/614 428/620/620
f 330/568/568 329/567/567 431/623/623
f 389/591/591 433/625/625 430/622/622 398/592/592
f 433/625/625 412/604/604 411/603/603
f 433/625/625 411/603/603 430/622/622
f 404/596/596 433/625/625 434/626/626
f 392/590/590 433/625/625 389/591/591
f 361/588/588 434/626/626 391/589/589
f 392/590/590 391/589/589 434/626/626
f 434/626/626 361/588/588 375/587/587
f 392/590/590 434/626/626 433/625/625
f 412/604/604 433/625/625 404/596/596
f 405/597/597 434/626/626 435/627/627
f 435/627/627 407/599/599 406/598/598
f 435/627/627 406/598/598 405/597/597
f 375/587/587 374/586/586 434/626/626
f 372/584/584 435/627/627 373/585/585
f 374/586/586 373/585/585 435/627/627
f 435/627/627 372/584/584 371/583/583 436/628/628
f 434/626/626 374/586/586 435/627/627
f 407/599/599 435/627/627 436/628/628
f 405/597/597 404/596/596 434/626/626
f 432/624/624 331/569/569 330/568/568
f 437/629/629 333/571/571 332/570/570
f 331/569/569 432/624/624 437/629/629 332/570/570
f 432/624/624 420/612/612 419/611/611
f 418/610/610 432/624/624 419/611/611
f 417/609/609 437/629/629 418/610/610
f 432/624/624 418/610/610 437/629/629
f 437/629/629 417/609/609 438/630/630
f 438/630/630 333/571/571 437/629/629
f 343/573/573 325/572/572 438/630/630
f 417/609/609 424/616/616 438/630/630
f 438/630/630 341/574/574 343/573/573
f 347/575/575 341/574/574 439/631/631
f 423/615/615 439/631/631 438/630/630
f 423/615/615 438/630/630 424/616/616
f 347/575/575 439/631/631 440/632/632 348/576/576
f 426/618/618 439/631/631 423/615/615
f 439/631/631 341/574/574 438/630/630
f 325/572/572 333/571/571 438/630/630
f 409/601/601 408/600/600 436/628/628
f 410/602/602 442/634/634 441/633/633
f 410/602/602 409/601/601 442/634/634
f 436/628/628 371/583/583 370/582/582 442/634/634
f 369/581/581 442/634/634 370/582/582
f 442/634/634 369/581/581 441/633/633
f 442/634/634 409/601/601 436/628/628
f 443/635/635 427/619/619 410/602/602
f 408/600/600 407/599/599 436/628/628
f 443/635/635 345/577/577 348/576/576 440/632/632
f 440/632/632 425/617/617 443/635/635
f 440/632/632 439/631/631 426/618/618
f 410/602/602 441/633/633 443/635/635
f 369/581/581 352/580/580 441/633/633
f 355/579/579 441/633/633 352/580/580
f 355/579/579 354/578/578 441/633/633
f 354/578/578 443/635/635 441/633/633
f 354/578/578 345/577/577 443/635/635
f 425/617/617 427/619/619 443/635/635
f 425/617/617 440/632/632 426/618/618
f 431/623/623 432/624/624 330/568/568
f 462/656/656 459/653/653 465/659/659
f 463/657/657 446/638/638 462/656/656
f 465/659/659 463/657/657 462/656/656
f 463/657/657 465/659/659 464/658/658 445/637/637
f 448/640/640 469/674/674 470/675/675 468/673/673
f 467/672/672 447/639/639 468/673/673
f 470/675/675 466/662/662 467/672/672
f 468/673/673 470/675/675 467/672/672
f 545/798/798 444/636/636 546/799/799 547/800/800
f 550/803/803 445/637/637 551/804/804 552/805/805
f 552/805/805 551/804/804 444/636/636 545/798/798
f 493/746/746 449/641/641 494/747/747 496/749/749
f 496/749/749 494/747/747 448/640/640 495/748/748
f 596/850/850 595/849/849 449/641/641 493/746/746
f 531/784/784 450/642/642 532/785/785 533/786/786
f 537/790/790 536/789/789 450/642/642 531/784/784
f 580/834/834 451/643/643 586/840/840 587/841/841
f 581/835/835 579/833/833 451/643/643 580/834/834
f 452/644/644 529/782/782 530/783/783 519/772/772
f 522/775/775 539/792/792 529/782/782 452/644/644
f 453/645/645 582/836/836 590/844/844 571/825/825
f 565/819/819 583/837/837 582/836/836 453/645/645
f 454/646/646 506/759/759 518/771/771 517/770/770
f 455/647/647 486/702/702 507/760/760 505/758/758
f 505/758/758 507/760/760 506/759/759 454/646/646
f 458/650/650 567/821/821 575/829/829 574/828/828
f 574/828/828 575/829/829 490/708/708 457/649/649
f 566/820/820 568/822/822 567/821/821 458/650/650
f 485/701/701 483/699/699 479/695/695 484/700/700
f 482/698/698 485/701/701 484/700/700 481/697/697
f 484/700/700 479/695/695 455/647/647
f 480/696/696 481/697/697 484/700/700
f 455/647/647 480/696/696 484/700/700
f 471/687/687 473/689/689 475/691/691 472/688/688
f 487/705/705 475/691/691 473/689/689
f 456/648/648 474/690/690 487/705/705
f 473/689/689 456/648/648 487/705/705
f 487/705/705 474/690/690 488/706/706 489/707/707
f 476/692/692 457/649/649 477/693/693 478/694/694
f 473/689/689 471/687/687 478/694/694
f 477/693/693 456/648/648 473/689/689
f 478/694/694 477/693/693 473/689/689
f 464/658/658 397/742/742 403/743/743
f 465/659/659 397/742/742 464/658/658
f 3/651/651 459/653/653 462/656/656
f 400/741/741 397/742/742 465/659/659 459/653/653
f 551/804/804 464/658/658 403/743/743
f 403/743/743 546/799/799 444/636/636
f 323/710/710 340/711/711 547/800/800 546/799/799
f 403/743/743 444/636/636 551/804/804
f 551/804/804 445/637/637 464/658/658
f 445/637/637 502/755/755 463/657/657
f 499/752/752 446/638/638 463/657/657
f 499/752/752 463/657/657 502/755/755
f 546/799/799 403/743/743 323/710/710
f 3/651/651 462/656/656 446/638/638
f 100/664/664 400/741/741 101/663/663
f 1/652/652 101/663/663 400/741/741
f 99/665/665 400/741/741 100/664/664
f 401/740/740 400/741/741 97/667/667
f 400/741/741 99/665/665 98/666/666
f 98/666/666 97/667/667 400/741/741
f 96/668/668 401/740/740 97/667/667
f 459/653/653 3/651/651 1/652/652
f 499/752/752 557/811/811 446/638/638
f 461/655/655 446/638/638 557/811/811
f 557/811/811 460/654/654 461/655/655
f 446/638/638 461/655/655 3/651/651
f 557/811/811 499/752/752 500/753/753
f 1/652/652 400/741/741 459/653/653
f 340/711/711 544/797/797 547/800/800
f 339/712/712 544/797/797 340/711/711
f 544/797/797 548/801/801 545/798/798
f 547/800/800 544/797/797 545/798/798
f 339/712/712 542/795/795 543/796/796
f 543/796/796 544/797/797 339/712/712
f 542/795/795 339/712/712 338/713/713
f 533/786/786 532/785/785 338/713/713 337/714/714
f 542/795/795 532/785/785 450/642/642
f 528/781/781 531/784/784 533/786/786
f 337/714/714 528/781/781 533/786/786
f 528/781/781 337/714/714 527/780/780
f 527/780/780 337/714/714 336/715/715
f 338/713/713 532/785/785 542/795/795
f 542/795/795 450/642/642 553/806/806
f 548/801/801 501/754/754 552/805/805
f 545/798/798 548/801/801 552/805/805
f 445/637/637 550/803/803 502/755/755
f 501/754/754 502/755/755 550/803/803
f 548/801/801 549/802/802 501/754/754
f 501/754/754 550/803/803 552/805/805
f 536/789/789 553/806/806 450/642/642
f 528/781/781 534/787/787 531/784/784
f 534/787/787 537/790/790 531/784/784
f 536/789/789 540/793/793 541/794/794
f 537/790/790 540/793/793 536/789/789
f 540/793/793 537/790/790 535/788/788
f 534/787/787 535/788/788 537/790/790
f 553/806/806 536/789/789 541/794/794
f 94/670/670 401/740/740 95/669/669
f 96/668/668 95/669/669 401/740/740
f 93/671/671 401/740/740 94/670/670
f 466/662/662 401/740/740 34/660/660
f 93/671/671 34/660/660 401/740/740
f 32/661/661 466/662/662 34/660/660
f 470/675/675 401/740/740 466/662/662
f 559/813/813 560/814/814 447/639/639
f 561/815/815 497/750/750 560/814/814
f 447/639/639 32/661/661 602/857/857
f 558/812/812 559/813/813 602/857/857
f 559/813/813 447/639/639 602/857/857
f 467/672/672 466/662/662 32/661/661
f 498/751/751 468/673/673 497/750/750
f 447/639/639 560/814/814 497/750/750
f 401/740/740 470/675/675 390/739/739
f 394/738/738 469/674/674 494/747/747
f 390/739/739 470/675/675 469/674/674
f 394/738/738 390/739/739 469/674/674
f 395/737/737 595/849/849 362/736/736
f 395/737/737 394/738/738 449/641/641
f 468/673/673 447/639/639 497/750/750
f 498/751/751 495/748/748 448/640/640
f 394/738/738 494/747/747 449/641/641
f 383/735/735 362/736/736 595/849/849 596/850/850
f 395/737/737 449/641/641 595/849/849
f 498/751/751 448/640/640 468/673/673
f 469/674/674 448/640/640 494/747/747
f 447/639/639 467/672/672 32/661/661
f 597/851/851 491/744/744 492/745/745
f 495/748/748 491/744/744 496/749/749
f 597/851/851 493/746/746 496/749/749
f 491/744/744 597/851/851 496/749/749
f 597/851/851 592/846/846 493/746/746
f 498/751/751 491/744/744 495/748/748
f 584/838/838 587/841/841 600/854/854
f 586/840/840 451/643/643 598/852/852
f 586/840/840 598/852/852 599/853/853
f 584/838/838 585/839/839 587/841/841
f 587/841/841 586/840/840 600/854/854
f 600/854/854 586/840/840 599/853/853
f 580/834/834 587/841/841 585/839/839
f 384/734/734 593/847/847 594/848/848
f 384/734/734 592/846/846 593/847/847
f 383/735/735 596/850/850 592/846/846
f 384/734/734 383/735/735 592/846/846
f 384/734/734 594/848/848 360/733/733
f 360/733/733 594/848/848 579/833/833
f 493/746/746 592/846/846 596/850/850
f 576/830/830 580/834/834 585/839/839
f 576/830/830 581/835/835 580/834/834
f 385/732/732 360/733/733 579/833/833 581/835/835
f 386/731/731 385/732/732 577/831/831
f 576/830/830 385/732/732 581/835/835
f 576/830/830 577/831/831 385/732/732
f 594/848/848 451/643/643 579/833/833
f 598/852/852 451/643/643 594/848/848
f 519/772/772 530/783/783 336/715/715 324/716/716
f 526/779/779 336/715/715 530/783/783
f 526/779/779 530/783/783 529/782/782
f 538/791/791 526/779/779 529/782/782
f 452/644/644 519/772/772 516/769/769
f 527/780/780 336/715/715 526/779/779
f 516/769/769 324/716/716 335/717/717
f 514/767/767 335/717/717 334/718/718
f 515/768/768 516/769/769 335/717/717
f 506/759/759 514/767/767 518/771/771
f 335/717/717 514/767/767 515/768/768
f 334/718/718 518/771/771 514/767/767
f 452/644/644 516/769/769 520/773/773
f 517/770/770 518/771/771 334/718/718 326/719/719
f 519/772/772 324/716/716 516/769/769
f 539/792/792 538/791/791 529/782/782
f 522/775/775 452/644/644 520/773/773
f 525/778/778 538/791/791 539/792/792
f 524/777/777 525/778/778 539/792/792
f 524/777/777 522/775/775 521/774/774
f 520/773/773 521/774/774 522/775/775
f 524/777/777 539/792/792 522/775/775
f 507/760/760 523/776/776 506/759/759
f 503/756/756 523/776/776 507/760/760
f 523/776/776 503/756/756 504/757/757
f 455/647/647 509/762/762 486/702/702
f 503/756/756 486/702/702 509/762/762
f 486/702/702 503/756/756 507/760/760
f 514/767/767 506/759/759 523/776/776
f 344/720/720 454/646/646 517/770/770
f 344/720/720 505/758/758 454/646/646
f 455/647/647 479/695/695 509/762/762
f 505/758/758 480/696/696 455/647/647
f 509/762/762 483/699/699 508/761/761
f 479/695/695 483/699/699 509/762/762
f 326/719/719 344/720/720 517/770/770
f 342/721/721 480/696/696 344/720/720
f 481/697/697 480/696/696 342/721/721
f 258/709/709 483/699/699 485/701/701
f 482/698/698 163/686/686 485/701/701
f 342/721/721 482/698/698 481/697/697
f 482/698/698 194/685/685 163/686/686
f 351/722/722 482/698/698 342/721/721
f 344/720/720 480/696/696 505/758/758
f 163/686/686 258/709/709 485/701/701
f 296/855/855 508/761/761 258/709/709
f 483/699/699 258/709/709 508/761/761
f 555/809/809 508/761/761 296/855/855
f 555/809/809 556/810/810 508/761/761
f 296/855/855 554/808/808 555/809/809
f 296/855/855 292/807/807 554/808/808
f 195/684/684 194/685/685 351/722/722
f 196/683/683 195/684/684 351/722/722
f 351/722/722 197/682/682 196/683/683
f 351/722/722 198/681/681 197/682/682
f 198/681/681 351/722/722 199/680/680
f 199/680/680 351/722/722 350/723/723
f 194/685/685 482/698/698 351/722/722
f 591/845/845 571/825/825 590/844/844
f 591/845/845 590/844/844 589/843/843
f 569/823/823 571/825/825 591/845/845
f 588/842/842 590/844/844 582/836/836
f 569/823/823 570/824/824 571/825/825
f 570/824/824 453/645/645 571/825/825
f 590/844/844 588/842/842 589/843/843
f 457/649/649 490/708/708 513/766/766
f 512/765/765 513/766/766 490/708/708
f 512/765/765 572/826/826 573/827/827
f 572/826/826 512/765/765 575/829/829
f 490/708/708 575/829/829 512/765/765
f 567/821/821 572/826/826 575/829/829
f 582/836/836 583/837/837 578/832/832
f 588/842/842 582/836/836 578/832/832
f 359/730/730 386/731/731 583/837/837 565/819/819
f 578/832/832 583/837/837 386/731/731
f 565/819/819 562/816/816 359/730/730
f 562/816/816 565/819/819 453/645/645
f 577/831/831 578/832/832 386/731/731
f 453/645/645 570/824/824 562/816/816
f 387/729/729 562/816/816 563/817/817
f 388/728/728 387/729/729 564/818/818
f 563/817/817 564/818/818 387/729/729
f 568/822/822 566/820/820 353/727/727 388/728/728
f 564/818/818 568/822/822 388/728/728
f 568/822/822 564/818/818 567/821/821
f 359/730/730 562/816/816 387/729/729
f 572/826/826 567/821/821 564/818/818
f 477/693/693 513/766/766 510/763/763
f 601/856/856 488/706/706 511/764/764
f 261/704/704 489/707/707 601/856/856
f 511/764/764 488/706/706 474/690/690
f 489/707/707 249/703/703 487/705/705
f 489/707/707 488/706/706 601/856/856
f 249/703/703 489/707/707 261/704/704
f 510/763/763 474/690/690 456/648/648
f 350/723/723 201/678/678 200/679/679
f 350/723/723 202/677/677 201/678/678
f 487/705/705 249/703/703 475/691/691
f 192/676/676 475/691/691 249/703/703
f 472/688/688 475/691/691 192/676/676
f 192/676/676 202/677/677 472/688/688
f 202/677/677 350/723/723 472/688/688
f 350/723/723 200/679/679 199/680/680
f 456/648/648 477/693/693 510/763/763
f 457/649/649 476/692/692 574/828/828
f 477/693/693 457/649/649 513/766/766
f 458/650/650 357/726/726 566/820/820
f 566/820/820 357/726/726 353/727/727
f 574/828/828 358/725/725 458/650/650
f 471/687/687 472/688/688 350/723/723
f 478/694/694 471/687/687 350/723/723
f 357/726/726 458/650/650 358/725/725
f 358/725/725 574/828/828 476/692/692
f 476/692/692 346/724/724 358/725/725
f 346/724/724 476/692/692 478/694/694
f 350/723/723 346/724/724 478/694/694
f 510/763/763 511/764/764 474/690/690
f 609/874/874 603/858/858 610/875/875 611/876/876
f 618/887/887 617/886/886 603/858/858 609/874/874
f 614/883/883 604/859/859 617/886/886 618/887/887
f 616/885/885 615/884/884 604/859/859 614/883/883
f 606/869/869 605/860/860 615/884/884 616/885/885
f 608/871/871 607/870/870 605/860/860 606/869/869
f 610/875/875 409/864/864 410/863/863
f 409/864/864 610/875/875 603/858/858
f 409/864/864 603/858/858 617/886/886 408/865/865
f 512/872/872 610/875/875 410/863/863
f 408/865/865 617/886/886 604/859/859 407/866/866
f 615/884/884 406/867/867 407/866/866 604/859/859
f 573/873/873 611/876/876 512/872/872
f 610/875/875 512/872/872 611/876/876
f 611/876/876 573/873/873 612/878/878
f 612/878/878 569/877/877 611/876/876
f 591/880/880 618/887/887 609/874/874
f 591/880/880 609/874/874 611/876/876 569/877/877
f 618/887/887 591/880/880 589/879/879
f 614/883/883 618/887/887 589/879/879
f 584/881/881 616/885/885 614/883/883
f 605/860/860 406/867/867 615/884/884
f 607/870/870 404/861/861 405/868/868
f 405/868/868 605/860/860 607/870/870
f 607/870/870 491/862/862 404/861/861
f 406/867/867 605/860/860 405/868/868
f 600/889/889 606/869/869 616/885/885
f 584/881/881 614/883/883 613/882/882
f 599/888/888 608/871/871 606/869/869 600/889/889
f 584/881/881 600/889/889 616/885/885
f 599/888/888 620/892/892 608/871/871
f 619/891/891 608/871/871 620/892/892
f 608/871/871 619/891/891 492/890/890
f 608/871/871 492/890/890 491/862/862
f 491/862/862 607/870/870 608/871/871
f 589/879/879 613/882/882 614/883/883
f 404/893/893 491/897/897 498/896/896 412/895/895
f 497/894/894 411/898/898 412/895/895 498/896/896
f 561/905/905 411/902/902 497/899/899
f 561/905/905 622/907/907 414/903/903
f 414/903/903 411/902/902 561/905/905
f 414/903/903 621/906/906 500/904/904 413/900/900
f 413/900/900 500/904/904 499/901/901
f 622/907/907 621/906/906 414/903/903
f 502/913/913 416/911/911 413/910/910 499/908/908
f 416/911/911 502/913/913 501/912/912 415/909/909
f 634/940/940 623/915/915 637/944/944 638/945/945
f 636/942/942 635/941/941 623/915/915 634/940/940
f 631/937/937 624/916/916 635/941/941 636/942/942
f 633/939/939 632/938/938 624/916/916 631/937/937
f 626/926/926 625/917/917 632/938/938 633/939/939
f 628/928/928 627/927/927 625/917/917 626/926/926
f 637/944/944 422/920/920 415/919/919
f 501/914/914 637/944/944 415/919/919
f 623/915/915 422/920/920 637/944/944
f 638/945/945 637/944/944 501/914/914
f 635/941/941 421/921/921 623/915/915
f 422/920/920 623/915/915 421/921/921
f 638/945/945 541/946/946 540/934/934 634/940/940
f 549/943/943 638/945/945 501/914/914
f 639/947/947 638/945/945 640/948/948
f 549/943/943 640/948/948 638/945/945
f 638/945/945 639/947/947 541/946/946
f 535/933/933 636/942/942 634/940/940 540/934/934
f 535/933/933 630/936/936 631/937/937
f 636/942/942 535/933/933 631/937/937
f 421/921/921 635/941/941 624/916/916 420/922/922
f 632/938/938 419/923/923 420/922/922 624/916/916
f 419/923/923 632/938/938 625/917/917 418/924/924
f 625/917/917 627/927/927 418/924/924
f 417/918/918 418/924/924 627/927/927
f 503/925/925 417/918/918 627/927/927
f 524/930/930 626/926/926 633/939/939
f 633/939/939 525/935/935 524/930/930
f 521/929/929 628/928/928 626/926/926 524/930/930
f 631/937/937 525/935/935 633/939/939
f 629/932/932 628/928/928 521/929/929
f 628/928/928 629/932/932 504/931/931
f 628/928/928 504/931/931 503/925/925
f 503/925/925 627/927/927 628/928/928
f 630/936/936 525/935/935 631/937/937
f 503/949/949 509/954/954 424/953/953 417/952/952
f 423/950/950 424/953/953 509/954/954 508/951/951
f 556/960/960 423/957/957 508/955/955
f 556/960/960 641/962/962 426/958/958
f 426/958/958 423/957/957 556/960/960
f 426/958/958 641/962/962 511/961/961 425/956/956
f 425/956/956 511/961/961 510/959/959
f 510/968/968 513/966/966 427/965/965 425/963/963
f 410/967/967 427/965/965 513/966/966 512/964/964
f 647/974/974 648/975/975 642/969/969
f 647/974/974 646/973/973 651/978/978
f 646/973/973 643/970/970 651/978/978
f 648/975/975 647/974/974 651/978/978
f 651/978/978 650/977/977 649/976/976 648/975/975
f 645/972/972 650/977/977 651/978/978
f 644/971/971 648/975/975 649/976/976
f 649/988/988 652/981/981 644/979/979
f 649/988/988 650/987/987 653/982/982
f 650/987/987 645/980/980 653/982/982
f 652/981/981 649/988/988 653/982/982
f 656/985/985 652/981/981 657/986/986
f 655/984/984 657/986/986 653/982/982
f 657/986/986 652/981/981 653/982/982
f 654/983/983 652/981/981 656/985/985
f 656/991/991 657/990/990 515/994/994
f 661/999/999 657/990/990 655/989/989
f 657/990/990 661/999/999 660/998/998
f 658/996/996 654/992/992 656/991/991
f 515/994/994 514/993/993 659/997/997
f 656/991/991 515/994/994 659/997/997
f 516/995/995 515/994/994 660/998/998
f 515/994/994 657/990/990 660/998/998
f 659/997/997 658/996/996 656/991/991
f 646/1002/1002 629/1008/1008 663/1006/1006
f 629/1008/1008 521/1007/1007 663/1006/1006
f 662/1005/1005 504/1004/1004 629/1008/1008
f 647/1001/1001 642/1000/1000 662/1005/1005
f 647/1001/1001 629/1008/1008 646/1002/1002
f 646/1002/1002 663/1006/1006 643/1003/1003
f 647/1001/1001 662/1005/1005 629/1008/1008
f 662/1019/1019 642/1009/1009 648/1010/1010
f 504/1018/1018 662/1019/1019 523/1015/1015
f 648/1010/1010 523/1015/1015 662/1019/1019
f 523/1015/1015 648/1010/1010 644/1011/1011
f 523/1015/1015 652/1012/1012 659/1017/1017
f 654/1013/1013 658/1016/1016 652/1012/1012
f 652/1012/1012 658/1016/1016 659/1017/1017
f 659/1017/1017 514/1014/1014 523/1015/1015
f 644/1011/1011 652/1012/1012 523/1015/1015
f 663/1030/1030 651/1021/1021 643/1020/1020
f 521/1029/1029 520/1026/1026 663/1030/1030
f 651/1021/1021 663/1030/1030 520/1026/1026
f 520/1026/1026 645/1022/1022 651/1021/1021
f 520/1026/1026 660/1028/1028 653/1023/1023
f 655/1024/1024 653/1023/1023 661/1027/1027
f 660/1028/1028 520/1026/1026 516/1025/1025
f 653/1023/1023 660/1028/1028 661/1027/1027
f 645/1022/1022 520/1026/1026 653/1023/1023
f 671/1038/1038 670/1037/1037 674/1041/1041
f 666/1033/1033 669/1036/1036 665/1032/1032
f 670/1037/1037 669/1036/1036 674/1041/1041
f 674/1041/1041 669/1036/1036 666/1033/1033
f 671/1038/1038 664/1031/1031 670/1037/1037
f 672/1039/1039 667/1034/1034 671/1038/1038
f 674/1041/1041 673/1040/1040 672/1039/1039
f 673/1040/1040 674/1041/1041 666/1033/1033 668/1035/1035
f 672/1039/1039 671/1038/1038 674/1041/1041
f 672/1049/1049 679/1050/1050 667/1042/1042
f 673/1048/1048 678/1047/1047 677/1046/1046 672/1049/1049
f 673/1048/1048 668/1043/1043 680/1051/1051
f 679/1050/1050 672/1049/1049 677/1046/1046
f 676/1045/1045 678/1047/1047 680/1051/1051
f 678/1047/1047 673/1048/1048 680/1051/1051
f 675/1044/1044 679/1050/1050 677/1046/1046
f 677/1054/1054 678/1053/1053 527/1057/1057
f 684/1062/1062 678/1053/1053 676/1052/1052
f 678/1053/1053 684/1062/1062 683/1061/1061
f 681/1059/1059 675/1055/1055 677/1054/1054
f 527/1057/1057 526/1056/1056 682/1060/1060
f 677/1054/1054 527/1057/1057 682/1060/1060
f 528/1058/1058 527/1057/1057 683/1061/1061
f 527/1057/1057 678/1053/1053 683/1061/1061
f 682/1060/1060 681/1059/1059 677/1054/1054
f 685/1068/1068 630/1071/1071 686/1069/1069
f 630/1071/1071 535/1070/1070 686/1069/1069
f 685/1068/1068 525/1067/1067 630/1071/1071
f 670/1064/1064 664/1063/1063 685/1068/1068
f 685/1068/1068 669/1065/1065 670/1064/1064
f 669/1065/1065 686/1069/1069 665/1066/1066
f 685/1068/1068 686/1069/1069 669/1065/1065
f 685/1082/1082 664/1072/1072 671/1073/1073
f 525/1081/1081 685/1082/1082 538/1078/1078
f 671/1073/1073 538/1078/1078 685/1082/1082
f 538/1078/1078 671/1073/1073 667/1074/1074
f 538/1078/1078 679/1075/1075 682/1080/1080
f 675/1076/1076 681/1079/1079 679/1075/1075
f 679/1075/1075 681/1079/1079 682/1080/1080
f 682/1080/1080 526/1077/1077 538/1078/1078
f 667/1074/1074 679/1075/1075 538/1078/1078
f 686/1093/1093 666/1084/1084 665/1083/1083
f 535/1092/1092 534/1089/1089 686/1093/1093
f 666/1084/1084 686/1093/1093 534/1089/1089
f 534/1089/1089 668/1085/1085 666/1084/1084
f 534/1089/1089 683/1091/1091 680/1086/1086
f 676/1087/1087 680/1086/1086 684/1090/1090
f 683/1091/1091 534/1089/1089 528/1088/1088
f 680/1086/1086 683/1091/1091 684/1090/1090
f 668/1085/1085 534/1089/1089 680/1086/1086
f 694/1101/1101 689/1096/1096 687/1094/1094
f 689/1096/1096 694/1101/1101 693/1100/1100
f 693/1100/1100 688/1095/1095 690/1097/1097
f 690/1097/1097 689/1096/1096 693/1100/1100
f 695/1102/1102 689/1096/1096 696/1103/1103
f 692/1099/1099 696/1103/1103 690/1097/1097
f 696/1103/1103 689/1096/1096 690/1097/1097
f 691/1098/1098 689/1096/1096 695/1102/1102
f 695/1111/1111 701/1112/1112 691/1104/1104
f 696/1110/1110 700/1109/1109 699/1108/1108 695/1111/1111
f 696/1110/1110 692/1105/1105 702/1113/1113
f 701/1112/1112 695/1111/1111 699/1108/1108
f 698/1107/1107 700/1109/1109 702/1113/1113
f 700/1109/1109 696/1110/1110 702/1113/1113
f 697/1106/1106 701/1112/1112 699/1108/1108
f 699/1116/1116 700/1115/1115 543/1119/1119
f 706/1124/1124 700/1115/1115 698/1114/1114
f 700/1115/1115 706/1124/1124 705/1123/1123
f 703/1121/1121 697/1117/1117 699/1116/1116
f 543/1119/1119 704/1122/1122 699/1116/1116
f 542/1118/1118 704/1122/1122 543/1119/1119
f 544/1120/1120 543/1119/1119 705/1123/1123
f 543/1119/1119 700/1115/1115 705/1123/1123
f 704/1122/1122 703/1121/1121 699/1116/1116
f 639/1138/1138 707/1130/1130 541/1129/1129
f 708/1131/1131 639/1138/1138 711/1134/1134
f 712/1135/1135 640/1137/1137 549/1136/1136
f 640/1137/1137 712/1135/1135 711/1134/1134
f 711/1134/1134 639/1138/1138 640/1137/1137
f 708/1131/1131 707/1130/1130 639/1138/1138
f 694/1126/1126 709/1132/1132 708/1131/1131
f 694/1126/1126 687/1125/1125 709/1132/1132
f 711/1134/1134 710/1133/1133 693/1127/1127
f 693/1127/1127 694/1126/1126 711/1134/1134
f 710/1133/1133 688/1128/1128 693/1127/1127
f 694/1126/1126 708/1131/1131 711/1134/1134
f 709/1151/1151 687/1139/1139 689/1140/1140
f 708/1150/1150 709/1151/1151 689/1140/1140
f 708/1150/1150 689/1140/1140 707/1149/1149
f 553/1145/1145 541/1148/1148 707/1149/1149
f 553/1145/1145 707/1149/1149 689/1140/1140
f 701/1142/1142 553/1145/1145 691/1141/1141
f 697/1143/1143 703/1146/1146 701/1142/1142
f 553/1145/1145 701/1142/1142 704/1147/1147
f 703/1146/1146 704/1147/1147 701/1142/1142
f 553/1145/1145 704/1147/1147 542/1144/1144
f 689/1140/1140 691/1141/1141 553/1145/1145
f 710/1164/1164 690/1153/1153 688/1152/1152
f 711/1163/1163 690/1153/1153 710/1164/1164
f 711/1163/1163 712/1162/1162 690/1153/1153
f 548/1158/1158 712/1162/1162 549/1161/1161
f 548/1158/1158 690/1153/1153 712/1162/1162
f 702/1155/1155 692/1154/1154 548/1158/1158
f 698/1156/1156 702/1155/1155 706/1159/1159
f 548/1158/1158 705/1160/1160 702/1155/1155
f 706/1159/1159 702/1155/1155 705/1160/1160
f 548/1158/1158 544/1157/1157 705/1160/1160
f 690/1153/1153 548/1158/1158 692/1154/1154
f 720/1172/1172 723/1175/1175 719/1171/1171
f 715/1167/1167 714/1166/1166 718/1170/1170
f 719/1171/1171 723/1175/1175 718/1170/1170
f 723/1175/1175 715/1167/1167 718/1170/1170
f 720/1172/1172 719/1171/1171 713/1165/1165
f 721/1173/1173 720/1172/1172 716/1168/1168
f 721/1173/1173 722/1174/1174 723/1175/1175
f 717/1169/1169 715/1167/1167 722/1174/1174
f 722/1174/1174 715/1167/1167 723/1175/1175
f 720/1172/1172 721/1173/1173 723/1175/1175
f 641/1186/1186 556/1180/1180 724/1181/1181
f 511/1185/1185 641/1186/1186 727/1184/1184
f 641/1186/1186 718/1178/1178 727/1184/1184
f 719/1177/1177 641/1186/1186 724/1181/1181
f 719/1177/1177 725/1182/1182 726/1183/1183
f 719/1177/1177 726/1183/1183 713/1176/1176
f 719/1177/1177 718/1178/1178 641/1186/1186
f 718/1178/1178 714/1179/1179 727/1184/1184
f 719/1177/1177 724/1181/1181 725/1182/1182
f 732/1191/1191 733/1192/1192 735/1194/1194 736/1195/1195
f 729/1188/1188 732/1191/1191 737/1196/1196
f 732/1191/1191 736/1195/1195 737/1196/1196
f 734/1193/1193 733/1192/1192 728/1187/1187
f 735/1194/1194 734/1193/1193 730/1189/1189
f 736/1195/1195 731/1190/1190 737/1196/1196
f 735/1194/1194 733/1192/1192 734/1193/1193
f 735/1207/1207 730/1197/1197 745/1208/1208
f 736/1206/1206 735/1207/1207 742/1203/1203 743/1204/1204
f 731/1198/1198 736/1206/1206 746/1209/1209
f 736/1206/1206 743/1204/1204 746/1209/1209
f 741/1202/1202 735/1207/1207 745/1208/1208
f 745/1208/1208 738/1199/1199 740/1201/1201
f 745/1208/1208 740/1201/1201 741/1202/1202
f 746/1209/1209 744/1205/1205 739/1200/1200
f 746/1209/1209 743/1204/1204 744/1205/1205
f 735/1207/1207 741/1202/1202 742/1203/1203
f 622/1223/1223 561/1214/1214 747/1215/1215
f 748/1216/1216 751/1219/1219 622/1223/1223
f 752/1220/1220 500/1221/1221 621/1222/1222
f 621/1222/1222 751/1219/1219 752/1220/1220
f 751/1219/1219 621/1222/1222 622/1223/1223
f 748/1216/1216 622/1223/1223 747/1215/1215
f 733/1211/1211 748/1216/1216 749/1217/1217
f 733/1211/1211 749/1217/1217 728/1210/1210
f 751/1219/1219 732/1212/1212 750/1218/1218
f 732/1212/1212 751/1219/1219 733/1211/1211
f 750/1218/1218 732/1212/1212 729/1213/1213
f 733/1211/1211 751/1219/1219 748/1216/1216
f 758/1237/1237 760/1239/1239 759/1238/1238 753/1224/1224
f 762/1241/1241 758/1237/1237 753/1224/1224 761/1240/1240
f 734/1226/1226 728/1225/1225 749/1245/1245
f 759/1238/1238 730/1227/1227 734/1226/1226
f 749/1245/1245 759/1238/1238 734/1226/1226
f 748/1244/1244 759/1238/1238 749/1245/1245
f 561/1242/1242 560/1232/1232 747/1243/1243
f 748/1244/1244 747/1243/1243 753/1224/1224
f 560/1232/1232 761/1240/1240 747/1243/1243
f 753/1224/1224 747/1243/1243 761/1240/1240
f 559/1231/1231 761/1240/1240 560/1232/1232
f 753/1224/1224 759/1238/1238 748/1244/1244
f 730/1227/1227 759/1238/1238 760/1239/1239
f 754/1233/1233 760/1239/1239 758/1237/1237
f 760/1239/1239 754/1233/1233 738/1229/1229
f 745/1228/1228 760/1239/1239 738/1229/1229
f 745/1228/1228 730/1227/1227 760/1239/1239
f 755/1234/1234 754/1233/1233 758/1237/1237
f 762/1241/1241 559/1231/1231 757/1236/1236
f 762/1241/1241 761/1240/1240 559/1231/1231
f 758/1237/1237 762/1241/1241 755/1234/1234
f 755/1234/1234 762/1241/1241 756/1235/1235
f 559/1231/1231 558/1230/1230 757/1236/1236
f 762/1241/1241 757/1236/1236 756/1235/1235
f 750/1260/1260 729/1246/1246 737/1247/1247
f 751/1259/1259 750/1260/1260 737/1247/1247
f 752/1258/1258 751/1259/1259 737/1247/1247
f 752/1258/1258 557/1252/1252 500/1257/1257
f 752/1258/1258 737/1247/1247 557/1252/1252
f 557/1252/1252 737/1247/1247 731/1248/1248
f 557/1252/1252 746/1249/1249 765/1255/1255
f 746/1249/1249 739/1250/1250 763/1253/1253
f 763/1253/1253 764/1254/1254 746/1249/1249
f 746/1249/1249 764/1254/1254 765/1255/1255
f 766/1256/1256 460/1251/1251 557/1252/1252
f 765/1255/1255 766/1256/1256 557/1252/1252
f 746/1249/1249 557/1252/1252 731/1248/1248
f 774/1268/1268 767/1261/1261 769/1263/1263
f 774/1268/1268 770/1264/1264 773/1267/1267
f 773/1267/1267 770/1264/1264 768/1262/1262
f 769/1263/1263 770/1264/1264 774/1268/1268
f 770/1264/1264 769/1263/1263 775/1269/1269 776/1270/1270
f 772/1266/1266 770/1264/1264 776/1270/1270
f 771/1265/1265 775/1269/1269 769/1263/1263
f 775/1278/1278 771/1271/1271 781/1279/1279
f 776/1277/1277 775/1278/1278 779/1275/1275 780/1276/1276
f 776/1277/1277 782/1280/1280 772/1272/1272
f 781/1279/1279 779/1275/1275 775/1278/1278
f 778/1274/1274 782/1280/1280 780/1276/1276
f 780/1276/1276 782/1280/1280 776/1277/1277
f 777/1273/1273 779/1275/1275 781/1279/1279
f 779/1283/1283 563/1286/1286 780/1282/1282
f 786/1291/1291 778/1281/1281 780/1282/1282
f 780/1282/1282 785/1290/1290 786/1291/1291
f 783/1288/1288 779/1283/1283 777/1284/1284
f 563/1286/1286 784/1289/1289 564/1285/1285
f 779/1283/1283 784/1289/1289 563/1286/1286
f 562/1287/1287 785/1290/1290 563/1286/1286
f 563/1286/1286 785/1290/1290 780/1282/1282
f 784/1289/1289 779/1283/1283 783/1288/1288
f 773/1294/1294 788/1298/1298 612/1300/1300
f 612/1300/1300 788/1298/1298 569/1299/1299
f 787/1297/1297 612/1300/1300 573/1296/1296
f 774/1293/1293 787/1297/1297 767/1292/1292
f 774/1293/1293 773/1294/1294 612/1300/1300
f 773/1294/1294 768/1295/1295 788/1298/1298
f 774/1293/1293 612/1300/1300 787/1297/1297
f 787/1311/1311 769/1302/1302 767/1301/1301
f 573/1310/1310 572/1307/1307 787/1311/1311
f 769/1302/1302 787/1311/1311 572/1307/1307
f 572/1307/1307 771/1303/1303 769/1302/1302
f 783/1308/1308 777/1305/1305 781/1304/1304
f 781/1304/1304 572/1307/1307 784/1309/1309
f 781/1304/1304 784/1309/1309 783/1308/1308
f 784/1309/1309 572/1307/1307 564/1306/1306
f 771/1303/1303 572/1307/1307 781/1304/1304
f 788/1322/1322 768/1312/1312 770/1313/1313
f 569/1321/1321 788/1322/1322 570/1318/1318
f 770/1313/1313 570/1318/1318 788/1322/1322
f 570/1318/1318 770/1313/1313 772/1314/1314
f 570/1318/1318 782/1315/1315 785/1320/1320
f 778/1316/1316 786/1319/1319 782/1315/1315
f 785/1320/1320 562/1317/1317 570/1318/1318
f 782/1315/1315 786/1319/1319 785/1320/1320
f 772/1314/1314 782/1315/1315 570/1318/1318
f 796/1330/1330 789/1323/1323 791/1325/1325
f 796/1330/1330 792/1326/1326 795/1329/1329
f 795/1329/1329 792/1326/1326 790/1324/1324
f 791/1325/1325 792/1326/1326 796/1330/1330
f 797/1331/1331 798/1332/1332 791/1325/1325
f 794/1328/1328 792/1326/1326 798/1332/1332
f 798/1332/1332 792/1326/1326 791/1325/1325
f 793/1327/1327 797/1331/1331 791/1325/1325
f 797/1340/1340 793/1333/1333 803/1341/1341
f 798/1339/1339 797/1340/1340 801/1337/1337 802/1338/1338
f 798/1339/1339 804/1342/1342 794/1334/1334
f 803/1341/1341 801/1337/1337 797/1340/1340
f 800/1336/1336 804/1342/1342 802/1338/1338
f 802/1338/1338 804/1342/1342 798/1339/1339
f 799/1335/1335 801/1337/1337 803/1341/1341
f 801/1345/1345 577/1348/1348 802/1344/1344
f 808/1353/1353 800/1343/1343 802/1344/1344
f 802/1344/1344 807/1352/1352 808/1353/1353
f 805/1350/1350 801/1345/1345 799/1346/1346
f 577/1348/1348 806/1351/1351 578/1347/1347
f 801/1345/1345 806/1351/1351 577/1348/1348
f 576/1349/1349 807/1352/1352 577/1348/1348
f 577/1348/1348 807/1352/1352 802/1344/1344
f 806/1351/1351 801/1345/1345 805/1350/1350
f 809/1359/1359 810/1360/1360 613/1362/1362
f 613/1362/1362 810/1360/1360 584/1361/1361
f 809/1359/1359 613/1362/1362 589/1358/1358
f 796/1355/1355 809/1359/1359 789/1354/1354
f 809/1359/1359 796/1355/1355 795/1356/1356
f 795/1356/1356 790/1357/1357 810/1360/1360
f 809/1359/1359 795/1356/1356 810/1360/1360
f 809/1373/1373 791/1364/1364 789/1363/1363
f 589/1372/1372 588/1369/1369 809/1373/1373
f 791/1364/1364 809/1373/1373 588/1369/1369
f 588/1369/1369 793/1365/1365 791/1364/1364
f 588/1369/1369 806/1371/1371 803/1366/1366
f 799/1367/1367 803/1366/1366 805/1370/1370
f 803/1366/1366 806/1371/1371 805/1370/1370
f 806/1371/1371 588/1369/1369 578/1368/1368
f 793/1365/1365 588/1369/1369 803/1366/1366
f 810/1384/1384 790/1374/1374 792/1375/1375
f 584/1383/1383 810/1384/1384 585/1380/1380
f 792/1375/1375 585/1380/1380 810/1384/1384
f 585/1380/1380 792/1375/1375 794/1376/1376
f 585/1380/1380 804/1377/1377 807/1382/1382
f 800/1378/1378 808/1381/1381 804/1377/1377
f 807/1382/1382 576/1379/1379 585/1380/1380
f 804/1377/1377 808/1381/1381 807/1382/1382
f 794/1376/1376 804/1377/1377 585/1380/1380
f 818/1392/1392 821/1395/1395 817/1391/1391
f 812/1386/1386 816/1390/1390 821/1395/1395 813/1387/1387
f 817/1391/1391 821/1395/1395 816/1390/1390
f 818/1392/1392 817/1391/1391 811/1385/1385
f 819/1393/1393 818/1392/1392 814/1388/1388
f 821/1395/1395 819/1393/1393 820/1394/1394
f 820/1394/1394 815/1389/1389 813/1387/1387 821/1395/1395
f 819/1393/1393 821/1395/1395 818/1392/1392
f 819/1403/1403 814/1396/1396 826/1404/1404
f 820/1402/1402 819/1403/1403 824/1400/1400 825/1401/1401
f 820/1402/1402 827/1405/1405 815/1397/1397
f 826/1404/1404 824/1400/1400 819/1403/1403
f 823/1399/1399 827/1405/1405 825/1401/1401
f 825/1401/1401 827/1405/1405 820/1402/1402
f 822/1398/1398 824/1400/1400 826/1404/1404
f 824/1408/1408 593/1411/1411 825/1407/1407
f 831/1416/1416 823/1406/1406 825/1407/1407
f 825/1407/1407 830/1415/1415 831/1416/1416
f 828/1413/1413 824/1408/1408 822/1409/1409
f 593/1411/1411 824/1408/1408 829/1414/1414
f 594/1410/1410 593/1411/1411 829/1414/1414
f 592/1412/1412 830/1415/1415 593/1411/1411
f 593/1411/1411 830/1415/1415 825/1407/1407
f 829/1414/1414 824/1408/1408 828/1413/1413
f 620/1430/1430 599/1421/1421 832/1422/1422
f 833/1423/1423 836/1426/1426 620/1430/1430
f 837/1427/1427 492/1428/1428 619/1429/1429
f 619/1429/1429 836/1426/1426 837/1427/1427
f 836/1426/1426 619/1429/1429 620/1430/1430
f 833/1423/1423 620/1430/1430 832/1422/1422
f 817/1418/1418 833/1423/1423 834/1424/1424
f 817/1418/1418 834/1424/1424 811/1417/1417
f 836/1426/1426 816/1419/1419 835/1425/1425
f 816/1419/1419 836/1426/1426 817/1418/1418
f 835/1425/1425 816/1419/1419 812/1420/1420
f 817/1418/1418 836/1426/1426 833/1423/1423
f 834/1443/1443 818/1432/1432 811/1431/1431
f 833/1442/1442 818/1432/1432 834/1443/1443
f 833/1442/1442 832/1441/1441 818/1432/1432
f 598/1437/1437 832/1441/1441 599/1440/1440
f 598/1437/1437 818/1432/1432 832/1441/1441
f 826/1434/1434 814/1433/1433 598/1437/1437
f 822/1435/1435 826/1434/1434 828/1438/1438
f 598/1437/1437 829/1439/1439 826/1434/1434
f 828/1438/1438 826/1434/1434 829/1439/1439
f 598/1437/1437 594/1436/1436 829/1439/1439
f 818/1432/1432 598/1437/1437 814/1433/1433
f 835/1456/1456 812/1444/1444 813/1445/1445
f 836/1455/1455 835/1456/1456 813/1445/1445
f 836/1455/1455 813/1445/1445 837/1454/1454
f 597/1450/1450 492/1453/1453 837/1454/1454
f 597/1450/1450 837/1454/1454 813/1445/1445
f 831/1451/1451 827/1447/1447 823/1448/1448
f 597/1450/1450 815/1446/1446 827/1447/1447
f 597/1450/1450 827/1447/1447 830/1452/1452
f 831/1451/1451 830/1452/1452 827/1447/1447
f 597/1450/1450 830/1452/1452 592/1449/1449
f 813/1445/1445 815/1446/1446 597/1450/1450
f 840/1473/1473 838/1471/1471 841/1474/1474 843/1476/1476
f 843/1476/1476 841/1474/1474 839/1472/1472 842/1475/1475
f 844/1477/1477 845/1478/1478 846/1479/1479
f 846/1479/1479 845/1478/1478 838/1471/1471 840/1473/1473
f 839/1472/1472 721/1460/1460 716/1457/1457
f 839/1472/1472 287/1465/1465 842/1475/1475
f 721/1460/1460 839/1472/1472 841/1474/1474
f 288/1461/1461 839/1472/1472 716/1457/1457
f 838/1471/1471 721/1460/1460 841/1474/1474
f 844/1477/1477 717/1458/1458 722/1459/1459
f 838/1471/1471 722/1459/1459 721/1460/1460
f 838/1471/1471 845/1478/1478 722/1459/1459
f 722/1459/1459 845/1478/1478 844/1477/1477
f 284/1462/1462 717/1458/1458 844/1477/1477
f 843/1476/1476 842/1475/1475 280/1466/1466
f 842/1475/1475 287/1465/1465 280/1466/1466
f 288/1461/1461 287/1465/1465 839/1472/1472
f 840/1473/1473 843/1476/1476 280/1466/1466
f 840/1473/1473 305/1467/1467 306/1468/1468
f 280/1466/1466 305/1467/1467 840/1473/1473
f 307/1469/1469 840/1473/1473 306/1468/1468
f 285/1464/1464 846/1479/1479 286/1463/1463
f 286/1463/1463 846/1479/1479 840/1473/1473
f 844/1477/1477 285/1464/1464 284/1462/1462
f 308/1470/1470 286/1463/1463 840/1473/1473
f 308/1470/1470 840/1473/1473 307/1469/1469
f 846/1479/1479 285/1464/1464 844/1477/1477
f 726/1490/1490 720/1481/1481 713/1480/1480
f 725/1489/1489 720/1481/1481 726/1490/1490
f 555/1486/1486 725/1489/1489 724/1488/1488
f 724/1488/1488 556/1487/1487 555/1486/1486
f 290/1492/1492 725/1489/1489 555/1486/1486
f 289/1491/1491 720/1481/1481 725/1489/1489
f 289/1491/1491 288/1483/1483 716/1482/1482
f 289/1491/1491 725/1489/1489 290/1492/1492
f 291/1493/1493 290/1492/1492 554/1485/1485
f 290/1492/1492 555/1486/1486 554/1485/1485
f 554/1485/1485 292/1484/1484 291/1493/1493
f 716/1482/1482 720/1481/1481 289/1491/1491
f 727/1499/1499 714/1494/1494 715/1495/1495
f 511/1498/1498 727/1499/1499 601/1504/1504
f 727/1499/1499 295/1500/1500 601/1504/1504
f 295/1500/1500 727/1499/1499 715/1495/1495
f 295/1500/1500 717/1496/1496 284/1497/1497
f 601/1504/1504 295/1500/1500 294/1501/1501
f 293/1502/1502 261/1503/1503 601/1504/1504
f 293/1502/1502 601/1504/1504 294/1501/1501
f 715/1495/1495 717/1496/1496 295/1500/1500
f 851/1511/1511 848/1508/1508 847/1507/1507 850/1510/1510
f 852/1512/1512 849/1509/1509 848/1508/1508 851/1511/1511
f 857/1517/1517 854/1514/1514 853/1513/1513 856/1516/1516
f 858/1518/1518 855/1515/1515 854/1514/1514 857/1517/1517
f 461/1530/1530 5/1529/1529 3/1505/1505
f 766/1578/1578 859/1583/1583 461/1530/1530
f 765/1579/1579 764/1580/1580 859/1583/1583
f 5/1529/1529 461/1530/1530 859/1583/1583
f 6/1528/1528 5/1529/1529 859/1583/1583
f 7/1527/1527 6/1528/1528 859/1583/1583
f 9/1525/1525 8/1526/1526 860/1584/1584
f 7/1527/1527 860/1584/1584 8/1526/1526
f 847/1507/1507 860/1584/1584 739/1566/1566
f 7/1527/1527 859/1583/1583 860/1584/1584
f 460/1531/1531 766/1578/1578 461/1530/1530
f 764/1580/1580 860/1584/1584 859/1583/1583
f 860/1584/1584 763/1581/1581 739/1566/1566
f 860/1584/1584 764/1580/1580 763/1581/1581
f 744/1567/1567 850/1510/1510 739/1566/1566
f 152/1556/1556 743/1568/1568 151/1555/1555
f 742/1569/1569 151/1555/1555 743/1568/1568
f 850/1510/1510 744/1567/1567 743/1568/1568
f 9/1525/1525 860/1584/1584 847/1507/1507
f 766/1578/1578 765/1579/1579 859/1583/1583
f 850/1510/1510 743/1568/1568 152/1556/1556
f 11/1523/1523 10/1524/1524 847/1507/1507 848/1508/1508
f 12/1522/1522 11/1523/1523 848/1508/1508
f 849/1509/1509 12/1522/1522 848/1508/1508
f 847/1507/1507 10/1524/1524 9/1525/1525
f 128/1549/1549 4/1506/1506 13/1521/1521
f 129/1548/1548 128/1549/1549 849/1509/1509
f 13/1521/1521 849/1509/1509 128/1549/1549
f 849/1509/1509 852/1512/1512 130/1547/1547 129/1548/1548
f 849/1509/1509 13/1521/1521 12/1522/1522
f 154/1558/1558 851/1511/1511 850/1510/1510
f 850/1510/1510 153/1557/1557 154/1558/1558
f 851/1511/1511 154/1558/1558 155/1559/1559
f 153/1557/1557 850/1510/1510 152/1556/1556
f 156/1560/1560 851/1511/1511 155/1559/1559
f 130/1547/1547 852/1512/1512 131/1546/1546
f 157/1561/1561 158/1562/1562 861/1585/1585
f 852/1512/1512 861/1585/1585 132/1545/1545 131/1546/1546
f 852/1512/1512 157/1561/1561 861/1585/1585
f 156/1560/1560 157/1561/1561 852/1512/1512
f 156/1560/1560 852/1512/1512 851/1511/1511
f 850/1510/1510 847/1507/1507 739/1566/1566
f 742/1569/1569 146/1554/1554 151/1555/1555
f 756/1575/1575 757/1576/1576 862/1586/1586
f 755/1574/1574 756/1575/1575 862/1586/1586
f 558/1577/1577 602/1582/1582 757/1576/1576
f 738/1572/1572 853/1513/1513 740/1571/1571
f 150/1553/1553 146/1554/1554 742/1569/1569
f 853/1513/1513 149/1552/1552 741/1570/1570
f 150/1553/1553 741/1570/1570 149/1552/1552
f 740/1571/1571 853/1513/1513 741/1570/1570
f 148/1551/1551 149/1552/1552 853/1513/1513
f 742/1569/1569 741/1570/1570 150/1553/1553
f 44/1532/1532 862/1586/1586 602/1582/1582
f 757/1576/1576 602/1582/1582 862/1586/1586
f 602/1582/1582 32/1519/1519 44/1532/1532
f 862/1586/1586 44/1532/1532 43/1533/1533
f 863/1587/1587 862/1586/1586 43/1533/1533 42/1534/1534
f 738/1572/1572 754/1573/1573 863/1587/1587
f 863/1587/1587 754/1573/1573 755/1574/1574
f 856/1516/1516 863/1587/1587 40/1536/1536
f 863/1587/1587 42/1534/1534 41/1535/1535
f 863/1587/1587 41/1535/1535 40/1536/1536
f 862/1586/1586 863/1587/1587 755/1574/1574
f 856/1516/1516 853/1513/1513 738/1572/1572
f 856/1516/1516 738/1572/1572 863/1587/1587
f 854/1514/1514 161/1565/1565 147/1550/1550
f 853/1513/1513 147/1550/1550 148/1551/1551
f 160/1564/1564 161/1565/1565 854/1514/1514
f 853/1513/1513 854/1514/1514 147/1550/1550
f 855/1515/1515 861/1585/1585 160/1564/1564
f 861/1585/1585 158/1562/1562 159/1563/1563
f 134/1543/1543 133/1544/1544 861/1585/1585 855/1515/1515
f 160/1564/1564 861/1585/1585 159/1563/1563
f 861/1585/1585 133/1544/1544 132/1545/1545
f 854/1514/1514 855/1515/1515 160/1564/1564
f 857/1517/1517 856/1516/1516 39/1537/1537 38/1538/1538
f 857/1517/1517 38/1538/1538 37/1539/1539
f 39/1537/1537 856/1516/1516 40/1536/1536
f 858/1518/1518 857/1517/1517 37/1539/1539
f 855/1515/1515 858/1518/1518 135/1542/1542 134/1543/1543
f 136/1541/1541 135/1542/1542 858/1518/1518
f 33/1520/1520 136/1541/1541 36/1540/1540
f 858/1518/1518 36/1540/1540 136/1541/1541
f 36/1540/1540 858/1518/1518 37/1539/1539
