# Rhino

mtllib roads1-2d.mtl
usemtl diffuse_0
v -6692.20751953125 -2674.378173828125 39071.6953125
v -14952.017578125 -2674.378173828125 39073.08203125
v -16799.5390625 -2674.378173828125 38828.57421875
v -18519.609375 -2674.378173828125 38111.296875
v -23831.509765625 -2674.378173828125 35021.5546875
v -25397.392578125 -2674.378173828125 33811.30078125
v -26595.857421875 -2674.378173828125 32236.375
v -42926.38671875 -2674.378173828125 3669.5390625
v -43686.859375 -2674.378173828125 1816.80859375
v -43946.1484375 -2674.378173828125 -169.06622314453125
v -43946.1484375 -2674.378173828125 -21918.595703125
v -43720.1875 -2674.378173828125 -23661.328125
v -43025.99609375 -2674.378173828125 -25343.3515625
v -41912.5078125 -2674.378173828125 -26782.533203125
v -40513.34375 -2674.378173828125 -27845.79296875
v -38598.1328125 -2674.378173828125 -28944.62109375
v -37405.76171875 -2674.378173828125 -30157.720703125
v -37980.421875 -2674.378173828125 -31228.162109375
v -33947.05859375 -2674.378173828125 -33393.44140625
v -33452.671875 -2674.378173828125 -32472.525390625
v -32808.6015625 -2674.378173828125 -32266.2890625
v -21464.298828125 -2674.378173828125 -38774.9375
v -20127.115234375 -2674.378173828125 -39324.20703125
v -18693.244140625 -2674.378173828125 -39507.9921875
v 18589.521484375 -2674.378173828125 -39371.74609375
v 20426.376953125 -2674.378173828125 -39121.00390625
v 22134.140625 -2674.378173828125 -38399.5859375
v 38293.60546875 -2674.378173828125 -28894.330078125
v 39202.21875 -2674.378173828125 -28894.330078125
v 39319.15625 -2674.378173828125 -29091.552734375
v 42280.625 -2674.378173828125 -27335.638671875
v 44036.5390625 -2674.378173828125 -24950.73828125
v 43638.0625 -2674.378173828125 -24168.3203125
v 43985.6015625 -2674.378173828125 -22982.314453125
v 44102.84765625 -2674.378173828125 -21752.013671875
v 44102.84765625 -2674.378173828125 -18207.6640625
v 46076.4609375 -2674.378173828125 -18207.6640625
v 46076.4609375 -2674.378173828125 -11525.3447265625
v 45123.50390625 -2674.378173828125 -11525.3447265625
v 44747.80859375 -2674.378173828125 -11453.6865234375
v 44401.79296875 -2674.378173828125 -11226.41015625
v 44174.51171875 -2674.378173828125 -10880.400390625
v 44102.84765625 -2674.378173828125 -10504.70703125
v 44102.84765625 -2674.378173828125 182.06732177734375
v 43896.08984375 -2674.378173828125 1758.5108642578125
v 43289.80078125 -2674.378173828125 3228.319091796875
v 29172.400390625 -2674.378173828125 27791.224609375
v 29510.8359375 -2674.378173828125 28826.4375
v 30216.396484375 -2674.378173828125 29258.4140625
v 31038.482421875 -2674.378173828125 29258.4140625
v 35951.3125 -2674.378173828125 20532.232421875
v 36824.82421875 -2674.378173828125 19393.265625
v 38037.1484375 -2674.378173828125 18514.14453125
v 39452.84765625 -2674.378173828125 18025.90625
v 40886.88671875 -2674.378173828125 17964.25390625
v 44027.6484375 -2674.378173828125 18274.6796875
v 46603.3203125 -2674.378173828125 18409.0546875
v 51090.21875 -2674.378173828125 18434.767578125
v 50670.98828125 -2674.378173828125 19232.37890625
v 46598.734375 -2674.378173828125 19209.041015625
v 43948.9609375 -2674.378173828125 19070.798828125
v 40808.19921875 -2674.378173828125 18760.375
v 39599.5703125 -2674.378173828125 18812.3359375
v 38406.3984375 -2674.378173828125 19223.83203125
v 37384.6328125 -2674.378173828125 19964.767578125
v 36648.42578125 -2674.378173828125 20924.705078125
v 28958.62890625 -2674.378173828125 34583.33984375
v 27323.369140625 -2674.378173828125 36703.828125
v 25152.70703125 -2674.378173828125 38271.875
v 19848.921875 -2674.378173828125 41042.83203125
v 17168.208984375 -2674.378173828125 42831.1171875
v 14751.166015625 -2674.378173828125 44962.33203125
v 11272.7216796875 -2674.378173828125 48490.82421875
v 11391.337890625 -2674.378173828125 48797.828125
v 9816.9169921875 -2674.378173828125 50394.90234375
v 8434.552734375 -2674.378173828125 51565.4375
v 6865.1005859375 -2674.378173828125 52469.8125
v 5570.67431640625 -2674.378173828125 53067.92578125
v 5169.72705078125 -2674.378173828125 56256.4140625
v 10048.6689453125 -2674.378173828125 59688.8359375
v -2552.669189453125 -2674.378173828125 77600.734375
v -10634.6689453125 -2674.378173828125 71914.90625
v -11886.0341796875 -2674.378173828125 71914.90625
v -16170.3466796875 -2674.378173828125 74216.65625
v -53906.69140625 -2674.378173828125 90577.296875
v -54217.390625 -2674.378173828125 89840.046875
v -16488.56640625 -2674.378173828125 73482.671875
v -13454.310546875 -2674.378173828125 71943.578125
v -10607.369140625 -2674.378173828125 70035.203125
v -8012.83447265625 -2674.378173828125 67795.703125
v -5724.74755859375 -2674.378173828125 65277.734375
v -4256.67724609375 -2674.378173828125 63452.13671875
v -3415.1025390625 -2674.378173828125 62138.8984375
v -2872.687255859375 -2674.378173828125 60676.48828125
v -2331.60693359375 -2674.378173828125 58537.93359375
v -1963.27587890625 -2674.378173828125 55580.4921875
v -1963.27587890625 -2674.378173828125 53143.79296875
v -6692.20751953125 -2674.378173828125 53143.79296875
v 27730.16015625 -2674.378173828125 30300.583984375
v 26467.998046875 -2674.378173828125 32496.623046875
v 25493.673828125 -2674.378173828125 33774.13671875
v 24223.830078125 -2674.378173828125 34758.4296875
v 18274.6328125 -2674.378173828125 38239.94140625
v 16803.009765625 -2674.378173828125 38857.1875
v 15221.16796875 -2674.378173828125 39068.0078125
v 7355.474609375 -2674.378173828125 39069.328125
v 6851.51904296875 -2674.378173828125 39712.6640625
v 5699.5830078125 -2674.378173828125 40216.63671875
v 5080.41748046875 -2674.378173828125 40216.63671875
v 5080.41748046875 -2674.378173828125 40519.01953125
v 8910.6044921875 -2674.378173828125 40519.01953125
v 10601.81640625 -2674.378173828125 42729.46484375
v 15692.458984375 -2674.378173828125 42311.76953125
v 17238.03125 -2674.378173828125 41780.61328125
v 19464.517578125 -2674.378173828125 40341.0625
v 24782.259765625 -2674.378173828125 37562.8125
v 26766.611328125 -2674.378173828125 36129.3515625
v 28261.517578125 -2674.378173828125 34190.8671875
v 29629.955078125 -2674.378173828125 31760.244140625
v 29381.244140625 -2674.378173828125 30727.130859375
v 28373.298828125 -2674.378173828125 30122.365234375
v 1885.0374755859375 -2674.378173828125 39070.25
v -3417.025634765625 -2674.378173828125 39071.14453125
v -3559.48095703125 -2674.378173828125 50053.78515625
v 1454.0736083984375 -2674.378173828125 50053.78515625
v 1676.40185546875 -2674.378173828125 48455.796875
v 1885.0374755859375 -2674.378173828125 45587.79296875
v -42092.37109375 -2674.378173828125 3629.916748046875
v -41985.3515625 -2674.378173828125 3761.916015625
v -41832.6015625 -2674.378173828125 3856.8427734375
v -41656.828125 -2674.378173828125 3894.8701171875
v -41488.125 -2674.378173828125 3874.458251953125
v -41251.1640625 -2674.378173828125 3805.711181640625
v -40867.38671875 -2674.378173828125 3590.845703125
v -40617.4609375 -2674.378173828125 3228.9228515625
v -40015.01953125 -2674.378173828125 1704.3685302734375
v -39731.86328125 -2674.378173828125 217.3323974609375
v -39731.86328125 -2674.378173828125 -3887.35107421875
v -39857.98046875 -2674.378173828125 -4512.59326171875
v -40216.61328125 -2674.378173828125 -5040.05859375
v -41970.5390625 -2674.378173828125 -6756.669921875
v -42137.7578125 -2674.378173828125 -6878.91796875
v -42341.8828125 -2674.378173828125 -6950.6865234375
v -42558.09375 -2674.378173828125 -6959.00927734375
v -42758.55078125 -2674.378173828125 -6906.81884765625
v -42936.0625 -2674.378173828125 -6800.06396484375
v -43081.34375 -2674.378173828125 -6639.72265625
v -43172.83203125 -2674.378173828125 -6443.642578125
v -43202.42578125 -2674.378173828125 -6238.62890625
v -43202.42578125 -2674.378173828125 -169.06654357910156
v -42968.0703125 -2674.378173828125 1625.856201171875
v -42280.72265625 -2674.378173828125 3300.43701171875
v -12752.8720703125 -2674.378173828125 2241.3134765625
v -13768.4560546875 -2674.378173828125 2241.3134765625
v -17452.3046875 -2674.378173828125 4367.98876953125
v -15206.5263671875 -2674.378173828125 8105.82373046875
v -14739.61328125 -2674.378173828125 8616.53125
v -14110.904296875 -2674.378173828125 8905.591796875
v -13419.2763671875 -2674.378173828125 8927.546875
v -12773.5009765625 -2674.378173828125 8678.9423828125
v -9354.3388671875 -2674.378173828125 6501.3759765625
v -10790.6611328125 -2674.378173828125 2634.303466796875
v -11135.998046875 -2674.378173828125 2043.041748046875
v -11661.3818359375 -2674.378173828125 1603.928466796875
v -12245.2021484375 -2674.378173828125 1603.928466796875
v -12245.2021484375 -2674.378173828125 2043.908935546875
v -12752.8720703125 -2674.378173828125 2043.908935546875
v -29529.05078125 -2674.378173828125 -28034.97265625
v -29774.908203125 -2674.378173828125 -28303.076171875
v -30117.560546875 -2674.378173828125 -28425.208984375
v -30477.568359375 -2674.378173828125 -28373.0546875
v -30771.474609375 -2674.378173828125 -28158.70703125
v -34295.41796875 -2674.378173828125 -23954.001953125
v -34465.8046875 -2674.378173828125 -23582.212890625
v -34494.58984375 -2674.378173828125 -23145.53125
v -34360.86328125 -2674.378173828125 -22728.83203125
v -34105.4765625 -2674.378173828125 -22409.400390625
v -33755.734375 -2674.378173828125 -22197.412109375
v -33325.25390625 -2674.378173828125 -22118.625
v -32895.94921875 -2674.378173828125 -22203.5703125
v -32549.279296875 -2674.378173828125 -22420.548828125
v -29483.947265625 -2674.378173828125 -26145.091796875
v -29277.380859375 -2674.378173828125 -26486.97265625
v -29175.4140625 -2674.378173828125 -26892.0546875
v -29199.2109375 -2674.378173828125 -27309.09375
v -29337.642578125 -2674.378173828125 -27683.779296875
v -18848.55859375 -2674.378173828125 -18286.638671875
v -18857.212890625 -2674.378173828125 -18707.3828125
v -19577.208984375 -2674.378173828125 -19430.49609375
v -20038.166015625 -2674.378173828125 -19473.0625
v -20074.55859375 -2674.378173828125 -19122.744140625
v -19131.671875 -2674.378173828125 -18277.63671875
v 14562.1884765625 -2674.378173828125 17842.646484375
v 10745.4873046875 -2674.378173828125 17842.646484375
v 10745.4873046875 -2674.378173828125 18694.384765625
v 14562.1884765625 -2674.378173828125 20871.232421875
v 25595.130859375 -2674.378173828125 32489.03125
v 25683.16015625 -2674.378173828125 32300.46875
v 25705.177734375 -2674.378173828125 32081.087890625
v 25651.369140625 -2674.378173828125 31867.271484375
v 25536.75390625 -2674.378173828125 31693.580078125
v 25372.431640625 -2674.378173828125 31565.89453125
v 25163.41015625 -2674.378173828125 31495.734375
v 24942.984375 -2674.378173828125 31500.744140625
v 24748.185546875 -2674.378173828125 31573.947265625
v 14703.34765625 -2674.378173828125 37364.2578125
v 14576.7646484375 -2674.378173828125 37467.05859375
v 14485.0908203125 -2674.378173828125 37612.84375
v 14446.6708984375 -2674.378173828125 37780.71875
v 14463.3359375 -2674.378173828125 37942.93359375
v 14529.935546875 -2674.378173828125 38091.78125
v 14647.080078125 -2674.378173828125 38218.015625
v 14799.32421875 -2674.378173828125 38298.51171875
v 14960.3359375 -2674.378173828125 38324.328125
v 15221.04296875 -2674.378173828125 38324.28515625
v 16608.3515625 -2674.378173828125 38139.39453125
v 17898.99609375 -2674.378173828125 37598.0546875
v 23848.193359375 -2674.378173828125 34116.54296875
v 24811.765625 -2674.378173828125 33399.50390625
v 34140.55078125 -2674.378173828125 15803.2236328125
v 31933.771484375 -2674.378173828125 14510.40234375
v 31577.138671875 -2674.378173828125 14387.26171875
v 31200.58203125 -2674.378173828125 14410.8173828125
v 30862.07421875 -2674.378173828125 14577.4423828125
v 30613.73828125 -2674.378173828125 14861.4833984375
v 27876.701171875 -2674.378173828125 19631.171875
v 27686.921875 -2674.378173828125 20196.712890625
v 27729.015625 -2674.378173828125 20791.7578125
v 27996.521484375 -2674.378173828125 21324.94921875
v 28448.365234375 -2674.378173828125 21714.421875
v 29786.17578125 -2674.378173828125 22470.1328125
v 30275.99609375 -2674.378173828125 22636.015625
v 30834.166015625 -2674.378173828125 22600.07421875
v 31332.67578125 -2674.378173828125 22346.4375
v 31669.498046875 -2674.378173828125 21954.01953125
v 34476.86328125 -2674.378173828125 17069.470703125
v 34590.625 -2674.378173828125 16741.708984375
v 34569.41796875 -2674.378173828125 16367.1025390625
v 34401.953125 -2674.378173828125 16031.341796875
v 42136.33203125 -2674.378173828125 3742.7431640625
v 42644.9921875 -2674.378173828125 2857.7197265625
v 43177.5234375 -2674.378173828125 1566.7247314453125
v 43359.12890625 -2674.378173828125 182.06732177734375
v 43359.12890625 -2674.378173828125 -6404.60595703125
v 42539.25390625 -2674.378173828125 -6849.96923828125
v 40266.41015625 -2674.378173828125 -4791.03857421875
v 39889.5390625 -2674.378173828125 -4269.8447265625
v 39756.2890625 -2674.378173828125 -3640.623291015625
v 39756.2890625 -2674.378173828125 744.04461669921875
v 39935.98828125 -2674.378173828125 1754.087890625
v 40619.41015625 -2674.378173828125 3613.883056640625
v 40729.0390625 -2674.378173828125 3818.93359375
v 40898.40625 -2674.378173828125 3992.04638671875
v 41110.1171875 -2674.378173828125 4109.65087890625
v 41336.84765625 -2674.378173828125 4161.20458984375
v 41569.02734375 -2674.378173828125 4148.634765625
v 41797.54296875 -2674.378173828125 4068.426513671875
v 41993.68359375 -2674.378173828125 3926.363037109375
v 28091.41015625 -2674.378173828125 -29115.6875
v 27932.3828125 -2674.378173828125 -28700.791015625
v 27908.64453125 -2674.378173828125 -28234.041015625
v 28034.388671875 -2674.378173828125 -27783.919921875
v 28280.716796875 -2674.378173828125 -27414.12109375
v 31516.912109375 -2674.378173828125 -23878.54296875
v 31876.931640625 -2674.378173828125 -23686.2734375
v 32308.70703125 -2674.378173828125 -23628.3671875
v 32732.306640625 -2674.378173828125 -23730.078125
v 33070.80078125 -2674.378173828125 -23958.119140625
v 33312.08203125 -2674.378173828125 -24287.3046875
v 33430.51171875 -2674.378173828125 -24706.541015625
v 33389.76953125 -2674.378173828125 -25140.2734375
v 33211.92578125 -2674.378173828125 -25507.630859375
v 29483.880859375 -2674.378173828125 -29482.27734375
v 29177.302734375 -2674.378173828125 -29684.8203125
v 28812.359375 -2674.378173828125 -29727.595703125
v 28467.25390625 -2674.378173828125 -29601.4375
v 28215.9375 -2674.378173828125 -29333.3828125
v 8084.39013671875 -2674.378173828125 -37661.6640625
v 8084.39013671875 -2674.378173828125 -29238.759765625
v 8141.310546875 -2674.378173828125 -28940.34765625
v 8321.837890625 -2674.378173828125 -28665.51171875
v 8596.6748046875 -2674.378173828125 -28484.984375
v 8895.087890625 -2674.378173828125 -28428.064453125
v 10478.4140625 -2674.378173828125 -28428.064453125
v 10478.4140625 -2674.378173828125 -25492.802734375
v 8492.634765625 -2674.378173828125 -25492.802734375
v 7937.24609375 -2674.378173828125 -24924.79296875
v 7937.24609375 -2674.378173828125 -23793.583984375
v 7889.14501953125 -2674.378173828125 -23487.451171875
v 7739.55517578125 -2674.378173828125 -23197.267578125
v 7504.3369140625 -2674.378173828125 -22970.8671875
v 7224.78662109375 -2674.378173828125 -22837.14453125
v 5143.14453125 -2674.378173828125 -21929.169921875
v 3339.682373046875 -2674.378173828125 -20548.888671875
v 2863.7001953125 -2674.378173828125 -18798.27734375
v 1802.288818359375 -2674.378173828125 -16220.564453125
v 1802.288818359375 -2674.378173828125 -13020.0185546875
v -1169.6627197265625 -2674.378173828125 -13020.0185546875
v -1169.6627197265625 -2674.378173828125 -22959.009765625
v 1207.8985595703125 -2674.378173828125 -22959.009765625
v 1207.8985595703125 -2674.378173828125 -22371.265625
v 1230.1376953125 -2674.378173828125 -22216.412109375
v 1298.8590087890625 -2674.378173828125 -22068.232421875
v 1408.0511474609375 -2674.378173828125 -21946.7578125
v 1541.6676025390625 -2674.378173828125 -21865.388671875
v 1692.7828369140625 -2674.378173828125 -21824.912109375
v 1856.0479736328125 -2674.378173828125 -21829.794921875
v 2010.6865234375 -2674.378173828125 -21882.390625
v 2138.06103515625 -2674.378173828125 -21973.21875
v 3952.018798828125 -2674.378173828125 -23381.134765625
v 6013.71630859375 -2674.378173828125 -24392.109375
v 6540.39599609375 -2674.378173828125 -24681.451171875
v 6976.22607421875 -2674.378173828125 -25136.1640625
v 7251.75048828125 -2674.378173828125 -25702.5546875
v 7340.66943359375 -2674.378173828125 -26296.86328125
v 7340.66943359375 -2674.378173828125 -37673.48046875
v 7270.8017578125 -2674.378173828125 -38040.5703125
v 7049.2734375 -2674.378173828125 -38378.796875
v 6711.8603515625 -2674.378173828125 -38601.55859375
v 6345.02783203125 -2674.378173828125 -38672.765625
v -18695.966796875 -2674.378173828125 -38764.27734375
v -19936.9140625 -2674.378173828125 -38605.22265625
v -21094.18359375 -2674.378173828125 -38129.8515625
v -27352.51953125 -2674.378173828125 -34539.21484375
v -27605.18359375 -2674.378173828125 -34322.68359375
v -27768.638671875 -2674.378173828125 -34002.05859375
v -27792.0625 -2674.378173828125 -33642.93359375
v -27685.59765625 -2674.378173828125 -33327.671875
v -21578.66796875 -2674.378173828125 -22494.67578125
v -20189.76171875 -2674.378173828125 -21099.7578125
v -19373.80078125 -2674.378173828125 -21099.7578125
v -17996.630859375 -2674.378173828125 -22570.4375
v -15891.1962890625 -2674.378173828125 -20598.875
v -17263.58984375 -2674.378173828125 -19133.29296875
v -17263.58984375 -2674.378173828125 -18160.91796875
v -5740.9462890625 -2674.378173828125 -6588.39404296875
v -6267.97021484375 -2674.378173828125 -6063.64111328125
v -17975.59765625 -2674.378173828125 -17821.951171875
v -18616.76953125 -2674.378173828125 -17821.951171875
v -19765.845703125 -2674.378173828125 -16460.08203125
v -21865.740234375 -2674.378173828125 -18231.869140625
v -20519.01953125 -2674.378173828125 -19853.43359375
v -20511.70703125 -2674.378173828125 -20369.0390625
v -22176.943359375 -2674.378173828125 -22041.484375
v -28358.57421875 -2674.378173828125 -33006.98828125
v -28568.818359375 -2674.378173828125 -33251.28515625
v -28856.822265625 -2674.378173828125 -33395.984375
v -29178.322265625 -2674.378173828125 -33418.84765625
v -29483.90234375 -2674.378173828125 -33316.359375
v -31043.322265625 -2674.378173828125 -32421.6640625
v -31138.689453125 -2674.378173828125 -31765.34765625
v -29011.12890625 -2674.378173828125 -27861.736328125
v -28845.42578125 -2674.378173828125 -27430.51953125
v -28798.71875 -2674.378173828125 -26953.572265625
v -28882.916015625 -2674.378173828125 -26481.80078125
v -29082.130859375 -2674.378173828125 -26065.001953125
v -29005.41015625 -2674.378173828125 -25751.248046875
v -31710.16796875 -2674.378173828125 -22464.822265625
v -32040.96484375 -2674.378173828125 -22453.00390625
v -32278.375 -2674.378173828125 -22164.53515625
v -32734.634765625 -2674.378173828125 -21867.87109375
v -33305.1953125 -2674.378173828125 -21746.998046875
v -33879.828125 -2674.378173828125 -21846.740234375
v -34346.71875 -2674.378173828125 -22126.373046875
v -34687.34765625 -2674.378173828125 -22550.8203125
v -34864.4375 -2674.378173828125 -23106.5078125
v -34822.4140625 -2674.378173828125 -23688.216796875
v -34590.66796875 -2674.378173828125 -24180.634765625
v -30796.486328125 -2674.378173828125 -28707.783203125
v -30606.275390625 -2674.378173828125 -29017.056640625
v -30511.443359375 -2674.378173828125 -29384.990234375
v -30531.84765625 -2674.378173828125 -29764.400390625
v -30657.328125 -2674.378173828125 -30105.11328125
v -31477.376953125 -2674.378173828125 -31609.7265625
v -32191.25390625 -2674.378173828125 -31763.05078125
v -35396.8359375 -2674.378173828125 -29923.890625
v -35396.8359375 -2674.378173828125 -28183.291015625
v -33798.16796875 -2674.378173828125 -27449.474609375
v -36853.15234375 -2674.378173828125 -20793.974609375
v -42965.76953125 -2674.378173828125 -23599.765625
v -43202.42578125 -2674.378173828125 -21918.595703125
v -43202.42578125 -2674.378173828125 -9273.8291015625
v -42090.33984375 -2674.378173828125 -7394.24462890625
v -39956.49609375 -2674.378173828125 -5305.80419921875
v -39580.24609375 -2674.378173828125 -4796.06298828125
v -39383.79296875 -2674.378173828125 -4193.72998046875
v -39022.0625 -2674.378173828125 -3800.6416015625
v -39022.0625 -2674.378173828125 -3146.033203125
v -38283.890625 -2674.378173828125 -2574.99169921875
v -38283.890625 -2674.378173828125 1324.8031005859375
v -39501.0546875 -2674.378173828125 1324.8031005859375
v -39669.1796875 -2674.378173828125 1841.0301513671875
v -40292.3828125 -2674.378173828125 3418.1103515625
v -40312.0390625 -2674.378173828125 3506.813720703125
v -40301.78125 -2674.378173828125 3602.147705078125
v -40260.82421875 -2674.378173828125 3688.8447265625
v -40197.796875 -2674.378173828125 3754.284423828125
v -40117.53515625 -2674.378173828125 3796.860107421875
v -40022.9140625 -2674.378173828125 3812.365234375
v -39928.44140625 -2674.378173828125 3795.981201171875
v -39848.578125 -2674.378173828125 3752.6611328125
v -37745.47265625 -2674.378173828125 2136.386962890625
v -37745.47265625 -2674.378173828125 3724.805419921875
v -39960 -2674.378173828125 4699.75439453125
v -40531.0390625 -2674.378173828125 5396.14599609375
v -40531.0390625 -2674.378173828125 6361.13916015625
v -39797.87890625 -2674.378173828125 7643.6494140625
v -39033.94921875 -2674.378173828125 7880.73046875
v -38179.41796875 -2674.378173828125 9047.896484375
v -36544.04296875 -2674.378173828125 8144.5458984375
v -36132.60546875 -2674.378173828125 8966.453125
v -37892.89453125 -2674.378173828125 9948.9384765625
v -37971.1796875 -2674.378173828125 10839.080078125
v -36591.875 -2674.378173828125 13251.8837890625
v -36302.46875 -2674.378173828125 13584.39453125
v -35907.63671875 -2674.378173828125 13780.4248046875
v -35467.8125 -2674.378173828125 13809.97265625
v -35050.30859375 -2674.378173828125 13668.5146484375
v -12662.759765625 -2674.378173828125 744.24322509765625
v -12662.759765625 -2674.378173828125 -4234.10205078125
v -6725.1240234375 -2674.378173828125 -4234.10205078125
v -6725.1240234375 -2674.378173828125 5708.6455078125
v -12373.9892578125 -2674.378173828125 9306.2470703125
v -13292.712890625 -2674.378173828125 9660.421875
v -14276.8876953125 -2674.378173828125 9630.564453125
v -15172.4521484375 -2674.378173828125 9221.3486328125
v -15839.2138671875 -2674.378173828125 8496.8330078125
v -24275.962890625 -2674.378173828125 13423.89453125
v -26077.94921875 -2674.378173828125 10338.2998046875
v -26289.568359375 -2674.378173828125 10095.310546875
v -26601.478515625 -2674.378173828125 9939.666015625
v -26949.525390625 -2674.378173828125 9920.21875
v -27253.765625 -2674.378173828125 10026.3466796875
v -34661.203125 -2674.378173828125 14302.6396484375
v -34989.48046875 -2674.378173828125 14585.703125
v -35200.859375 -2674.378173828125 15004.3369140625
v -35229.13671875 -2674.378173828125 15472.45703125
v -35088.140625 -2674.378173828125 15882.3486328125
v -34160.82421875 -2674.378173828125 17504.494140625
v -33950.328125 -2674.378173828125 17750.798828125
v -33638.21875 -2674.378173828125 17910.265625
v -33288.484375 -2674.378173828125 17933.21875
v -32981.51953125 -2674.378173828125 17829.537109375
v -32731.095703125 -2674.378173828125 17688.279296875
v -32117.5546875 -2674.378173828125 18765.33203125
v -32464.392578125 -2674.378173828125 18960.97265625
v -32685.703125 -2674.378173828125 19151.4453125
v -32816.90234375 -2674.378173828125 19412.296875
v -32837.87109375 -2674.378173828125 19703.53125
v -32745.396484375 -2674.378173828125 19980.48828125
v -32646.556640625 -2674.378173828125 20153.388671875
v -32475.140625 -2674.378173828125 20354.833984375
v -32221.765625 -2674.378173828125 20486.537109375
v -31937.072265625 -2674.378173828125 20508.783203125
v -31685.044921875 -2674.378173828125 20428.490234375
v -31291.048828125 -2674.378173828125 20216.240234375
v -30922.826171875 -2674.378173828125 20862.646484375
v -31189.66015625 -2674.378173828125 21006.39453125
v -31439.814453125 -2674.378173828125 21214.388671875
v -31589.517578125 -2674.378173828125 21503.228515625
v -31615.248046875 -2674.378173828125 21827.5390625
v -31512.96484375 -2674.378173828125 22136.37109375
v -30850.107421875 -2674.378173828125 23295.90234375
v -30633.765625 -2674.378173828125 23543.9453125
v -30338.513671875 -2674.378173828125 23689.392578125
v -30010.01171875 -2674.378173828125 23709.751953125
v -29699.060546875 -2674.378173828125 23601.875
v -29446.939453125 -2674.378173828125 23453.525390625
v -28833.345703125 -2674.378173828125 24530.673828125
v -29232.765625 -2674.378173828125 24765.6953125
v -29424.03515625 -2674.378173828125 24933.095703125
v -29546.576171875 -2674.378173828125 25179.0234375
v -29562.326171875 -2674.378173828125 25453.3359375
v -29479.427734375 -2674.378173828125 25693.6171875
v -28127.466796875 -2674.378173828125 28058.58984375
v -27723.439453125 -2674.378173828125 28580.673828125
v -27166.771484375 -2674.378173828125 28984.6328125
v -26517.76171875 -2674.378173828125 29212.341796875
v -25858.529296875 -2674.378173828125 29247.310546875
v -23153.44140625 -2674.378173828125 29364.87109375
v -22746 -2674.378173828125 29374.857421875
v -22335.419921875 -2674.378173828125 29256.779296875
v -21980.8515625 -2674.378173828125 29018.453125
v -21726.3359375 -2674.378173828125 28700.12890625
v -20747.2421875 -2674.378173828125 27012.939453125
v -20427.154296875 -2674.378173828125 26643.755859375
v -19954.14453125 -2674.378173828125 26407.154296875
v -19426.072265625 -2674.378173828125 26377.884765625
v -18964.986328125 -2674.378173828125 26539.603515625
v -18076.509765625 -2674.378173828125 27055.197265625
v -19604.6015625 -2674.378173828125 29621.8203125
v -19755.958984375 -2674.378173828125 30049.80078125
v -19731.35546875 -2674.378173828125 30503.08984375
v -19534.560546875 -2674.378173828125 30912.173828125
v -19195.755859375 -2674.378173828125 31214.3125
v -15416.759765625 -2674.378173828125 33434.47265625
v -14139.2529296875 -2674.378173828125 34561.34375
v -13375.88671875 -2674.378173828125 36084.2109375
v -13036.953125 -2674.378173828125 37294.69140625
v -12851.0244140625 -2674.378173828125 37699.171875
v -12529.037109375 -2674.378173828125 38041.109375
v -12112.9091796875 -2674.378173828125 38258.90234375
v -11673.2646484375 -2674.378173828125 38328.8125
v 4454.955078125 -2674.378173828125 38326.09765625
v 5111.4453125 -2674.378173828125 37848.125
v 5511.96630859375 -2674.378173828125 31845.759765625
v 7689.5400390625 -2674.378173828125 31845.759765625
v 8366.3134765625 -2674.378173828125 32069.376953125
v 8366.3134765625 -2674.378173828125 35284.73046875
v 8056.8056640625 -2674.378173828125 35319.12109375
v 8056.8056640625 -2674.378173828125 38015.515625
v 8328.5908203125 -2674.378173828125 38325.4453125
v 12292.4716796875 -2674.378173828125 38324.77734375
v 27199.244140625 -2674.378173828125 29731.82421875
v 27420.6484375 -2674.378173828125 29346.60546875
v 26292.080078125 -2674.378173828125 28702.927734375
v 25222.533203125 -2674.378173828125 29685.056640625
v 23784.849609375 -2674.378173828125 30266.279296875
v 22234.267578125 -2674.378173828125 30287.451171875
v 20867.748046875 -2674.378173828125 29796.40234375
v 19749.408203125 -2674.378173828125 28870.216796875
v 18978.234375 -2674.378173828125 27524.837890625
v 18746.58203125 -2674.378173828125 25991.509765625
v 19047.40625 -2674.378173828125 24570.943359375
v 5318.6982421875 -2674.378173828125 16740.802734375
v 5789.82958984375 -2674.378173828125 12366.01171875
v 15965.2978515625 -2674.378173828125 12366.01171875
v 16859.404296875 -2674.378173828125 10984.208984375
v 20159.6328125 -2674.378173828125 13119.650390625
v 17109.583984375 -2674.378173828125 22324.134765625
v 19523.0078125 -2674.378173828125 23700.625
v 20584.376953125 -2674.378173828125 22660.798828125
v 22046.33984375 -2674.378173828125 22029.86328125
v 23638.064453125 -2674.378173828125 21987.1484375
v 25038.408203125 -2674.378173828125 22483.91796875
v 26178.892578125 -2674.378173828125 23436.3046875
v 26952.466796875 -2674.378173828125 24828.064453125
v 27153.6953125 -2674.378173828125 26407.595703125
v 26799.044921875 -2674.378173828125 27850.498046875
v 27914.783203125 -2674.378173828125 28486.857421875
v 29634.275390625 -2674.378173828125 25495.107421875
v 29877.931640625 -2674.378173828125 24770.453125
v 29824.30859375 -2674.378173828125 24007.81640625
v 29481.646484375 -2674.378173828125 23324.388671875
v 28902.6015625 -2674.378173828125 22825.19140625
v 26743.671875 -2674.378173828125 21605.642578125
v 26607.6015625 -2674.378173828125 21842.765625
v 26517.8046875 -2674.378173828125 21947.7109375
v 26385.005859375 -2674.378173828125 22015.865234375
v 26236.107421875 -2674.378173828125 22026.306640625
v 26104.94921875 -2674.378173828125 21983.009765625
v 22283.634765625 -2674.378173828125 19867.25390625
v 22177.326171875 -2674.378173828125 19779.072265625
v 22107.1484375 -2674.378173828125 19647.333984375
v 22094.427734375 -2674.378173828125 19498.61328125
v 22135.712890625 -2674.378173828125 19366.80859375
v 22934.17578125 -2674.378173828125 17871.09765625
v 23026.333984375 -2674.378173828125 17758.75
v 23154.513671875 -2674.378173828125 17690.298828125
v 23299.13671875 -2674.378173828125 17676.1953125
v 23438.125 -2674.378173828125 17718.59375
v 25619.177734375 -2674.378173828125 18889.62890625
v 26191.677734375 -2674.378173828125 19071.353515625
v 26837.953125 -2674.378173828125 19020.65625
v 27413.310546875 -2674.378173828125 18721.986328125
v 27803.166015625 -2674.378173828125 18265.046875
v 29943.873046875 -2674.378173828125 14534.55078125
v 30070.291015625 -2674.378173828125 14169.6083984375
v 30046.50390625 -2674.378173828125 13752.634765625
v 29860.001953125 -2674.378173828125 13378.9365234375
v 29568.98828125 -2674.378173828125 13125.0166015625
v 21868.396484375 -2674.378173828125 8613.6953125
v 21746.76171875 -2674.378173828125 8829.75390625
v 5418.59716796875 -2674.378173828125 -735.94964599609375
v 5418.59716796875 -2674.378173828125 -2172.531005859375
v 22354.927734375 -2674.378173828125 7749.4609375
v 22233.294921875 -2674.378173828125 7965.51953125
v 34526.94921875 -2674.378173828125 15167.6435546875
v 34859.42578125 -2674.378173828125 15282.474609375
v 35210.4921875 -2674.378173828125 15260.6025390625
v 35526.1484375 -2674.378173828125 15105.3935546875
v 35757.828125 -2674.378173828125 14840.7216796875
v 40577.16015625 -2674.378173828125 6455.548828125
v 40458.35546875 -2674.378173828125 4253.7177734375
v 39586.94921875 -2674.378173828125 1882.3475341796875
v 39384.4296875 -2674.378173828125 744.03448486328125
v 39384.4296875 -2674.378173828125 -3640.623291015625
v 39549.59765625 -2674.378173828125 -4420.5810546875
v 40016.75390625 -2674.378173828125 -5066.63232421875
v 42439.44921875 -2674.378173828125 -7261.3095703125
v 43359.12890625 -2674.378173828125 -9010.5029296875
v 43359.12890625 -2674.378173828125 -16291.1767578125
v 43229.9296875 -2674.378173828125 -16775.92578125
v 42876.609375 -2674.378173828125 -17132.068359375
v 42392.90234375 -2674.378173828125 -17265.119140625
v 41907.14453125 -2674.378173828125 -17139.78125
v 39985.99609375 -2674.378173828125 -16057.615234375
v 40852.10546875 -2674.378173828125 -14520.0224609375
v 37980.4140625 -2674.378173828125 -12902.4228515625
v 36222.04296875 -2674.378173828125 -16024.0244140625
v 42930.1640625 -2674.378173828125 -19802.6484375
v 43104.8046875 -2674.378173828125 -19933.458984375
v 43244.0234375 -2674.378173828125 -20111.560546875
v 43330.87109375 -2674.378173828125 -20320.271484375
v 43359.12890625 -2674.378173828125 -20536.634765625
v 43359.12890625 -2674.378173828125 -21752.017578125
v 43262.31640625 -2674.378173828125 -22804.541015625
v 43090.4375 -2674.378173828125 -23190.810546875
v 42762.15234375 -2674.378173828125 -23457.220703125
v 42348.7734375 -2674.378173828125 -23545.8984375
v 41940.1015625 -2674.378173828125 -23437.580078125
v 40826.5234375 -2674.378173828125 -22837.447265625
v 38528.12109375 -2674.378173828125 -26655.67578125
v 38663.5 -2674.378173828125 -27813.91015625
v 30707.986328125 -2674.378173828125 -32493.470703125
v 30489.97265625 -2674.378173828125 -32569.083984375
v 30259.66015625 -2674.378173828125 -32554.814453125
v 30052.646484375 -2674.378173828125 -32452.8671875
v 29900.931640625 -2674.378173828125 -32278.998046875
v 29483.470703125 -2674.378173828125 -31549.216796875
v 29321.13671875 -2674.378173828125 -31123.89453125
v 29298.921875 -2674.378173828125 -30645.091796875
v 29431.455078125 -2674.378173828125 -30184.458984375
v 29687.908203125 -2674.378173828125 -29808.31640625
v 33498.5546875 -2674.378173828125 -25745.6015625
v 33741.953125 -2674.378173828125 -25260.802734375
v 33801.8046875 -2674.378173828125 -24683.853515625
v 33646.63671875 -2674.378173828125 -24124.947265625
v 33325.8515625 -2674.378173828125 -23687.490234375
v 32874.609375 -2674.378173828125 -23386.40625
v 32309.375 -2674.378173828125 -23256.162109375
v 31735.646484375 -2674.378173828125 -23341.5234375
v 31262.109375 -2674.378173828125 -23606.1640625
v 31142.5546875 -2674.378173828125 -23736.779296875
v 30878.017578125 -2674.378173828125 -23658.62109375
v 27678.1328125 -2674.378173828125 -27154.53125
v 27762.91796875 -2674.378173828125 -27498.955078125
v 27527.888671875 -2674.378173828125 -28400.3984375
v 27768.630859375 -2674.378173828125 -29300.33203125
v 29614.515625 -2674.378173828125 -32527.21484375
v 29679.095703125 -2674.378173828125 -32714.255859375
v 29666.861328125 -2674.378173828125 -32927.81640625
v 29571.462890625 -2674.378173828125 -33119.27734375
v 29422.55078125 -2674.378173828125 -33249.5859375
v 28360.40234375 -2674.378173828125 -33874.35546875
v 25642.447265625 -2674.378173828125 -29085.580078125
v 22110.603515625 -2674.378173828125 -31090.140625
v 22832.7890625 -2674.378173828125 -32362.560546875
v 23311.26953125 -2674.378173828125 -36844.3359375
v 21757.0703125 -2674.378173828125 -37758.54296875
v 20229.6640625 -2674.378173828125 -38403.76953125
v 18586.8046875 -2674.378173828125 -38628.03125
v 9089.1259765625 -2674.378173828125 -38662.73828125
v 8704.908203125 -2674.378173828125 -38587.58984375
v 8378.892578125 -2674.378173828125 -38370.828125
v 8160.9423828125 -2674.378173828125 -38045.60546875
v -23457.572265625 -2674.378173828125 34378.67578125
v -18145.669921875 -2674.378173828125 37468.41796875
v -16799.84375 -2674.378173828125 38054.8984375
v -15355.30078125 -2674.378173828125 38316.62109375
v -15163.994140625 -2674.378173828125 38297.58984375
v -14979.3037109375 -2674.378173828125 38212.03515625
v -14834.3310546875 -2674.378173828125 38069.1640625
v -14749.3193359375 -2674.378173828125 37896.73046875
v -14723.8232421875 -2674.378173828125 37706.17578125
v -14764.5888671875 -2674.378173828125 37506.7578125
v -14870.2724609375 -2674.378173828125 37332.8046875
v -15018.521484375 -2674.378173828125 37210.3984375
v -25075.267578125 -2674.378173828125 31349.234375
v -25237.9765625 -2674.378173828125 31286.828125
v -25422.220703125 -2674.378173828125 31280.57421875
v -25597.90625 -2674.378173828125 31336.4296875
v -25737.669921875 -2674.378173828125 31440.517578125
v -25837.18359375 -2674.378173828125 31583.57421875
v -25887.326171875 -2674.378173828125 31760.974609375
v -25875.1171875 -2674.378173828125 31944.921875
v -25807.482421875 -2674.378173828125 32105.525390625
v -24770.708984375 -2674.378173828125 33384.94921875
v -15793.4892578125 -2674.378173828125 34075.71875
v -22061.908203125 -2674.378173828125 30393.021484375
v -23569.70703125 -2674.378173828125 30051.51953125
v -25112.576171875 -2674.378173828125 29953.34375
v -25269.423828125 -2674.378173828125 29980.916015625
v -25416.990234375 -2674.378173828125 30061.29296875
v -25530.111328125 -2674.378173828125 30185.548828125
v -25594.14453125 -2674.378173828125 30331.361328125
v -25609.701171875 -2674.378173828125 30489.853515625
v -25571.90234375 -2674.378173828125 30653.58203125
v -25482.5859375 -2674.378173828125 30795.9140625
v -25359.322265625 -2674.378173828125 30896.748046875
v -14404.32421875 -2674.378173828125 37281.421875
v -14315.53125 -2674.378173828125 37317.17578125
v -14215.818359375 -2674.378173828125 37325.80859375
v -14118.07421875 -2674.378173828125 37304.28515625
v -14034.68359375 -2674.378173828125 37257.29296875
v -13968.197265625 -2674.378173828125 37188.4296875
v -13922.744140625 -2674.378173828125 37099.26171875
v -13905.9775390625 -2674.378173828125 37000.58984375
v -13918.20703125 -2674.378173828125 36905.65234375
v -14092.0625 -2674.378173828125 36284.7421875
v -14728.4619140625 -2674.378173828125 35015.1640625
v 2698.609619140625 -2674.378173828125 59340.25390625
v 3272.086181640625 -2674.378173828125 58539.19140625
v 2190.238525390625 -2674.378173828125 57764.69921875
v 3906.325927734375 -2674.378173828125 55367.58984375
v 4364.28515625 -2674.378173828125 55689.7734375
v 4661.06005859375 -2674.378173828125 54205.8984375
v 4671.11572265625 -2674.378173828125 54045.16796875
v 4635.7998046875 -2674.378173828125 53881.6015625
v 4556.591796875 -2674.378173828125 53734.1953125
v 4444.6904296875 -2674.378173828125 53618.37890625
v 4305.9658203125 -2674.378173828125 53536.5859375
v 4144.1513671875 -2674.378173828125 53493.94921875
v 3976.857666015625 -2674.378173828125 53497.765625
v 3822.90869140625 -2674.378173828125 53545.0390625
v 3235.39697265625 -2674.378173828125 53816.5078125
v 1969.870849609375 -2674.378173828125 54723.00390625
v 1127.5660400390625 -2674.378173828125 56032.12890625
v -335.24945068359375 -2674.378173828125 59663.046875
v -1020.9519653320313 -2674.378173828125 60252.76171875
v -1050.4327392578125 -2674.378173828125 60675.69140625
v -791.80908203125 -2674.378173828125 60869.25
v -2295.927490234375 -2674.378173828125 62878.95703125
v -689.8912353515625 -2674.378173828125 64080.95703125
v -1030.063720703125 -2674.378173828125 64535.47265625
v -2947.344482421875 -2674.378173828125 63100.52734375
v -5101.31884765625 -2674.378173828125 65779.0703125
v -7439.02734375 -2674.378173828125 68353.546875
v -10067.95703125 -2674.378173828125 70629.84375
v -10067.95703125 -2674.378173828125 71381.46875
v -8628.0380859375 -2674.378173828125 72187.8203125
v -8127.5419921875 -2674.378173828125 72065.1484375
v -3936.206298828125 -2674.378173828125 66081.578125
v -2666.242431640625 -2674.378173828125 66971.15625
v -2393.02880859375 -2674.378173828125 66581.1171875
v -1239.9483642578125 -2674.378173828125 67388.8203125
v -1513.1617431640625 -2674.378173828125 67778.859375
v -281.80767822265625 -2674.378173828125 68641.390625
v 2098.148193359375 -2674.378173828125 65316.95703125
v 1317.2965087890625 -2674.378173828125 64757.94921875
v 2067.246826171875 -2674.378173828125 63710.3828125
v 2848.098388671875 -2674.378173828125 64269.39453125
v 5703.97216796875 -2674.378173828125 60280.17578125
v 4692.6650390625 -2674.378173828125 59556.18359375
v 4119.1884765625 -2674.378173828125 60357.2421875
v 3391.768310546875 -2674.378173828125 45536.3125
v 3391.768310546875 -2674.378173828125 44665.4296875
v 3366.9580078125 -2674.378173828125 44535.35546875
v 3288.27001953125 -2674.378173828125 44415.5625
v 3168.474853515625 -2674.378173828125 44336.875
v 3038.40283203125 -2674.378173828125 44312.0625
v 2908.3310546875 -2674.378173828125 44336.875
v 2788.535888671875 -2674.378173828125 44415.5625
v 2709.847900390625 -2674.378173828125 44535.35546875
v 2685.03759765625 -2674.378173828125 44665.4296875
v 2685.03759765625 -2674.378173828125 45599.61328125
v 2470.01513671875 -2674.378173828125 48557.08984375
v 2124.64697265625 -2674.378173828125 51039.421875
v 2122.1103515625 -2674.378173828125 51411.46875
v 2221.63427734375 -2674.378173828125 51784.2109375
v 2417.84619140625 -2674.378173828125 52116.390625
v 2685.07275390625 -2674.378173828125 52375.265625
v 3010.385009765625 -2674.378173828125 52555.8125
v 3385.225341796875 -2674.378173828125 52647.12109375
v 3770.8076171875 -2674.378173828125 52634.12890625
v 4126.08935546875 -2674.378173828125 52523.671875
v 6403.7021484375 -2674.378173828125 51471.2578125
v 7801.9765625 -2674.378173828125 50665.5234375
v 9033.568359375 -2674.378173828125 49622.65625
v 14506.9794921875 -2674.378173828125 44070.4921875
v 14506.9794921875 -2674.378173828125 42976.3671875
v 11146.5205078125 -2674.378173828125 43241.6640625
v 9947.3466796875 -2674.378173828125 43658.046875
v 8480.5478515625 -2674.378173828125 43643.6640625
v 8493.7060546875 -2674.378173828125 45536.3125
v 3070.156494140625 -2674.378173828125 42819.67578125
v 4760.42822265625 -2674.378173828125 42819.67578125
v 4760.42822265625 -2674.378173828125 40901.16796875
v 4242.05712890625 -2674.378173828125 40901.16796875
v 4242.05712890625 -2674.378173828125 41283.41015625
v 3070.156494140625 -2674.378173828125 41283.41015625
vt 0.45129865407943726 0.60406279563903809
vt 0.37286359071731567 0.60407352447509766
vt 0.35531952977180481 0.60219389200210571
vt 0.33898577094078064 0.59667998552322388
vt 0.28854402899742126 0.57292830944061279
vt 0.27367439866065979 0.56362473964691162
vt 0.26229378581047058 0.55151790380477905
vt 0.10721924901008606 0.33191707730293274
vt 0.099997811019420624 0.3176746666431427
vt 0.0975356325507164 0.30240872502326965
vt 0.0975356325507164 0.13521432876586914
vt 0.099681347608566284 0.12181748449802399
vt 0.10627338290214539 0.10888732969760895
vt 0.11684706062078476 0.097823955118656158
vt 0.13013347983360291 0.089650392532348633
vt 0.14832031726837158 0.081203415989875793
vt 0.15964305400848389 0.071877993643283844
vt 0.15418611466884613 0.06364922970533371
vt 0.19248688220977783 0.047004159539937973
vt 0.19718156754970551 0.054083481431007385
vt 0.20329762995243073 0.055668871849775314
vt 0.31102302670478821 0.0056351711973547935
vt 0.32372093200683594 0.0014127809554338455
vt 0.33733692765235901 0
vt 0.69137370586395264 0.0010473394067957997
vt 0.70881646871566772 0.0029748613014817238
vt 0.72503340244293213 0.0085205957293510437
vt 0.87848353385925293 0.081590019166469574
vt 0.88711166381835938 0.081590019166469574
vt 0.8882220983505249 0.080073907971382141
vt 0.91634422540664673 0.093572095036506653
vt 0.93301832675933838 0.11190544068813324
vt 0.92923444509506226 0.11792010068893433
vt 0.93253463506698608 0.12703724205493927
vt 0.93364799022674561 0.13649488985538483
vt 0.93364799022674561 0.16374124586582184
vt 0.9523894190788269 0.16374124586582184
vt 0.9523894190788269 0.21511000394821167
vt 0.94334012269973755 0.21511000394821167
vt 0.93977254629135132 0.21566085517406464
vt 0.93648678064346313 0.21740798652172089
vt 0.93432849645614624 0.22006785869598389
vt 0.93364799022674561 0.22295591235160828
vt 0.93364799022674561 0.30510798096656799
vt 0.93168461322784424 0.31722649931907654
vt 0.92592728137969971 0.32852530479431152
vt 0.79186862707138062 0.51734685897827148
vt 0.79508239030838013 0.52530479431152344
vt 0.80178236961364746 0.52862554788589478
vt 0.80958890914916992 0.52862554788589478
vt 0.85624110698699951 0.46154507994651794
vt 0.86453598737716675 0.4527895450592041
vt 0.87604820728302002 0.44603151082992554
vt 0.88949161767959595 0.44227829575538635
vt 0.90310925245285034 0.44180434942245483
vt 0.93293392658233643 0.44419065117835999
vt 0.95739245414733887 0.44522362947463989
vt 1 0.44542130827903748
vt 0.99601900577545166 0.45155274868011475
vt 0.95734894275665283 0.45137333869934082
vt 0.93218672275543213 0.45031064748764038
vt 0.90236204862594604 0.44792434573173523
vt 0.89088493585586548 0.44832378625869751
vt 0.87955456972122192 0.45148703455924988
vt 0.86985188722610474 0.45718282461166382
vt 0.86286085844039917 0.46456211805343628
vt 0.78983867168426514 0.56955963373184204
vt 0.77431023120880127 0.58586037158966064
vt 0.75369763374328613 0.59791439771652222
vt 0.70333296060562134 0.61921548843383789
vt 0.67787694931030273 0.63296246528625488
vt 0.65492475032806396 0.64934569597244263
vt 0.62189346551895142 0.67647016048431396
vt 0.62301981449127197 0.67883020639419556
vt 0.60806912183761597 0.69110733270645142
vt 0.59494221210479736 0.70010554790496826
vt 0.58003872632980347 0.70705771446228027
vt 0.56774687767028809 0.71165555715560913
vt 0.56393945217132568 0.73616629838943481
vt 0.61026984453201294 0.76255226135253906
vt 0.49060767889022827 0.9002457857131958
vt 0.41386109590530396 0.85653728246688843
vt 0.40197813510894775 0.85653728246688843
vt 0.36129435896873474 0.87423145771026611
vt 0.0029504147823899984 1
vt 0 0.99433261156082153
vt 0.35827252268791199 0.86858910322189331
vt 0.38708579540252686 0.85675770044326782
vt 0.41412031650543213 0.8420875072479248
vt 0.43875801563262939 0.82487189769744873
vt 0.46048566699028015 0.8055155873298645
vt 0.47442644834518433 0.79148173332214355
vt 0.48241803050041199 0.78138649463653564
vt 0.48756879568099976 0.77014458179473877
vt 0.49270689487457275 0.75370496511459351
vt 0.49620455503463745 0.73097032308578491
vt 0.49620455503463745 0.71223878860473633
vt 0.45129865407943726 0.71223878860473633
vt 0.77817314863204956 0.53663694858551025
vt 0.76618766784667969 0.55351853370666504
vt 0.7569354772567749 0.56333905458450317
vt 0.74487704038619995 0.57090562582015991
vt 0.68838351964950562 0.59766888618469238
vt 0.67440903186798096 0.6024138331413269
vt 0.65938782691955566 0.60403448343276978
vt 0.58469533920288086 0.60404461622238159
vt 0.57990974187850952 0.6089901328086853
vt 0.56897097826004028 0.61286431550979614
vt 0.56309139728546143 0.61286431550979614
vt 0.56309139728546143 0.61518877744674683
vt 0.59946280717849731 0.61518877744674683
vt 0.61552256345748901 0.63218104839324951
vt 0.66386324167251587 0.62897014617919922
vt 0.67853999137878418 0.62488698959350586
vt 0.69968265295028687 0.61382079124450684
vt 0.75017988681793213 0.59246367216110229
vt 0.76902329921722412 0.58144426345825195
vt 0.7832188606262207 0.56654256582260132
vt 0.79621356725692749 0.54785776138305664
vt 0.79385179281234741 0.53991597890853882
vt 0.78428035974502563 0.5352669358253479
vt 0.53274810314178467 0.60405170917510986
vt 0.48239976167678833 0.60405856370925903
vt 0.48104700446128845 0.68848502635955811
vt 0.52865564823150635 0.68848502635955811
vt 0.53076690435409546 0.67620092630386353
vt 0.53274810314178467 0.65415376424789429
vt 0.11513905227184296 0.33161249756813049
vt 0.11615533381700516 0.33262720704078674
vt 0.11760582029819489 0.33335694670677185
vt 0.11927497386932373 0.33364927768707275
vt 0.1208769828081131 0.33349236845970154
vt 0.12312716990709305 0.33296388387680054
vt 0.12677149474620819 0.3313121497631073
vt 0.12914478778839111 0.328529953956604
vt 0.13486559689044952 0.31681030988693237
vt 0.13755443692207336 0.30537906289100647
vt 0.13755443692207336 0.27382528781890869
vt 0.13635680079460144 0.26901888847351074
vt 0.13295125961303711 0.26496410369873047
vt 0.11629597097635269 0.25176805257797241
vt 0.1147080659866333 0.25082829594612122
vt 0.112769715487957 0.2502765953540802
vt 0.1107165738940239 0.25021263957023621
vt 0.10881303995847702 0.25061383843421936
vt 0.10712739825248718 0.25143447518348694
vt 0.10574778169393539 0.25266706943511963
vt 0.10487903654575348 0.25417438149452209
vt 0.10459799319505692 0.2557503879070282
vt 0.10459799319505692 0.30240872502326965
vt 0.10682342201471329 0.31620675325393677
vt 0.11335048079490662 0.32907971739768982
vt 0.39374664425849915 0.32093793153762817
vt 0.38410267233848572 0.32093793153762817
vt 0.34912088513374329 0.33728626370429993
vt 0.37044677138328552 0.36601999402046204
vt 0.3748805820941925 0.36994591355323792
vt 0.38085079193115234 0.37216800451278687
vt 0.3874184787273407 0.37233677506446838
vt 0.39355075359344482 0.37042570114135742
vt 0.4260191023349762 0.35368615388870239
vt 0.41237980127334595 0.32395896315574646
vt 0.40910047292709351 0.31941378116607666
vt 0.40411144495010376 0.31603819131851196
vt 0.39856746792793274 0.31603819131851196
vt 0.39856746792793274 0.31942042708396912
vt 0.39374664425849915 0.31942042708396912
vt 0.23444023728370667 0.088196128606796265
vt 0.2321055680513382 0.086135134100914001
vt 0.22885175049304962 0.085196271538734436
vt 0.2254331111907959 0.085597194731235504
vt 0.22264218330383301 0.087244950234889984
vt 0.18917885422706604 0.1195676177740097
vt 0.18756087124347687 0.12242566049098969
vt 0.18728753924369812 0.1257825493812561
vt 0.18855740129947662 0.12898582220077515
vt 0.19098253548145294 0.1314413845539093
vt 0.19430367648601532 0.13307100534439087
vt 0.19839151203632355 0.13367664813995361
vt 0.20246820151805878 0.13302364945411682
vt 0.2057601660490036 0.13135568797588348
vt 0.23486852645874023 0.10272414237260818
vt 0.23683008551597595 0.10009600967168808
vt 0.23779836297035217 0.096982039511203766
vt 0.23757238686084747 0.093776151537895203
vt 0.23625783622264862 0.090895839035511017
vt 0.33586207032203674 0.1631341427564621
vt 0.33577990531921387 0.15989977121353149
vt 0.32894280552864075 0.15434101223945618
vt 0.324565589427948 0.15401378273963928
vt 0.3242199718952179 0.15670678019523621
vt 0.33317363262176514 0.16320334374904633
vt 0.6531301736831665 0.44086951017379761
vt 0.61688685417175293 0.44086951017379761
vt 0.61688685417175293 0.44741705060005188
vt 0.6531301736831665 0.4641510546207428
vt 0.75789892673492432 0.55346018075942993
vt 0.75873482227325439 0.55201059579849243
vt 0.75894391536712646 0.5503242015838623
vt 0.75843292474746704 0.54868054389953613
vt 0.75734454393386841 0.54734528064727783
vt 0.75578415393829346 0.54636377096176147
vt 0.75379931926727295 0.54582440853118896
vt 0.75170612335205078 0.54586291313171387
vt 0.74985635280609131 0.54642564058303833
vt 0.65447062253952026 0.59093731641769409
vt 0.65326863527297974 0.59172755479812622
vt 0.65239804983139038 0.59284824132919312
vt 0.65203326940536499 0.5941387414932251
vt 0.65219146013259888 0.59538573026657104
vt 0.65282392501831055 0.59652996063232422
vt 0.65393632650375366 0.59750038385391235
vt 0.65538203716278076 0.59811913967132568
vt 0.65691101551055908 0.59831762313842773
vt 0.65938669443130493 0.59831726551055908
vt 0.67256051301956177 0.59689599275588989
vt 0.68481647968292236 0.59273457527160645
vt 0.7413100004196167 0.5659712553024292
vt 0.75046008825302124 0.5604591965675354
vt 0.83904612064361572 0.42519193887710571
vt 0.81809055805206299 0.41525366902351379
vt 0.81470400094985962 0.41430705785751343
vt 0.81112819910049438 0.41448813676834106
vt 0.80791378021240234 0.41576901078224182
vt 0.80555552244186401 0.41795250773429871
vt 0.77956467866897583 0.45461839437484741
vt 0.77776253223419189 0.45896583795547485
vt 0.77816224098205566 0.46354010701179504
vt 0.78070247173309326 0.46763890981674194
vt 0.78499317169189453 0.4706328809261322
vt 0.79769700765609741 0.47644221782684326
vt 0.80234837532043457 0.47771739959716797
vt 0.80764871835708618 0.47744110226631165
vt 0.81238257884979248 0.47549134492874146
vt 0.81558102369308472 0.47247472405433655
vt 0.84223973751068115 0.43492591381072998
vt 0.84332001209259033 0.43240633606910706
vt 0.84311866760253906 0.42952662706375122
vt 0.84152841567993164 0.42694553732872009
vt 0.91497397422790527 0.33247983455657959
vt 0.91980421543121338 0.32567641139030457
vt 0.92486113309860229 0.31575220823287964
vt 0.9265856146812439 0.30510798096656799
vt 0.9265856146812439 0.2544744610786438
vt 0.91880011558532715 0.25105085968971252
vt 0.89721721410751343 0.2668783962726593
vt 0.89363843202590942 0.27088496088981628
vt 0.89237314462661743 0.27572193741798401
vt 0.89237314462661743 0.30942803621292114
vt 0.89407956600189209 0.31719249486923218
vt 0.90056931972503662 0.33148923516273499
vt 0.90161037445068359 0.33306550979614258
vt 0.90321862697601318 0.33439627289772034
vt 0.90522909164428711 0.33530035614967346
vt 0.90738213062286377 0.33569666743278503
vt 0.90958684682846069 0.33560001850128174
vt 0.91175687313079834 0.33498343825340271
vt 0.91361939907073975 0.333891361951828
vt 0.78160357475280762 0.079888373613357544
vt 0.78009343147277832 0.083077795803546906
vt 0.77986800670623779 0.086665838956832886
vt 0.78106206655502319 0.09012603759765625
vt 0.78340119123458862 0.092968776822090149
vt 0.81413209438323975 0.120147705078125
vt 0.81755083799362183 0.12162572890520096
vt 0.8216509222984314 0.12207087129354477
vt 0.82567346096038818 0.12128898501396179
vt 0.82888782024383545 0.11953597515821457
vt 0.83117902278900146 0.11700543016195297
vt 0.83230358362197876 0.11378265917301178
vt 0.8319166898727417 0.1104484498500824
vt 0.83022791147232056 0.10762446373701096
vt 0.7948264479637146 0.07707030326128006
vt 0.7919151782989502 0.075513310730457306
vt 0.78844964504241943 0.07518448680639267
vt 0.78517258167266846 0.07615429162979126
vt 0.78278607130050659 0.07821490615606308
vt 0.59161710739135742 0.014193189330399036
vt 0.59161710739135742 0.078942291438579559
vt 0.59215760231018066 0.081236273050308228
vt 0.59387189149856567 0.083349011838436127
vt 0.59648174047470093 0.084736764430999756
vt 0.59931546449661255 0.085174329578876495
vt 0.61435073614120483 0.085174329578876495
vt 0.61435073614120483 0.10773845016956329
vt 0.59549379348754883 0.10773845016956329
vt 0.59021979570388794 0.11210490018129349
vt 0.59021979570388794 0.12080080062150955
vt 0.58976304531097412 0.12315411865711212
vt 0.58834254741668701 0.1253848522901535
vt 0.58610892295837402 0.12712523341178894
vt 0.58345431089401245 0.12815320491790771
vt 0.5636870265007019 0.1351330429315567
vt 0.54656141996383667 0.14574362337589264
vt 0.54204148054122925 0.15920104086399078
vt 0.53196233510971069 0.1790166050195694
vt 0.53196233510971069 0.20362004637718201
vt 0.50374066829681396 0.20362004637718201
vt 0.50374066829681396 0.1272163987159729
vt 0.5263180136680603 0.1272163987159729
vt 0.5263180136680603 0.13173454999923706
vt 0.52652919292449951 0.13292494416236877
vt 0.52718174457550049 0.13406403362751007
vt 0.52821862697601318 0.13499784469604492
vt 0.52948743104934692 0.13562335073947906
vt 0.53092247247695923 0.1359345018863678
vt 0.53247278928756714 0.1358969658613205
vt 0.53394126892089844 0.13549265265464783
vt 0.53515082597732544 0.13479442894458771
vt 0.5523761510848999 0.12397141009569168
vt 0.57195401191711426 0.11619978398084641
vt 0.57695531845092773 0.11397553235292435
vt 0.58109396696090698 0.11048003286123276
vt 0.58371037244796753 0.10612604767084122
vt 0.58455473184585571 0.10155743360519409
vt 0.58455473184585571 0.014102364890277386
vt 0.58389127254486084 0.011280445381999016
vt 0.58178764581680298 0.0086804227903485298
vt 0.57858353853225708 0.0069679827429354191
vt 0.5751001238822937 0.0064205825328826904
vt 0.33731108903884888 0.0057171364314854145
vt 0.32552707195281982 0.0069398311898112297
vt 0.3145376443862915 0.010594110004603863
vt 0.2551085352897644 0.038196306675672531
vt 0.25270923972129822 0.03986082598567009
vt 0.25115710496902466 0.042325571179389954
vt 0.2509346604347229 0.045086253434419632
vt 0.25194564461708069 0.047509748488664627
vt 0.3099370002746582 0.13078585267066956
vt 0.32312601804733276 0.14150895178318024
vt 0.33087438344955444 0.14150895178318024
vt 0.34395197033882141 0.13020344078540802
vt 0.36394515633583069 0.14535938203334808
vt 0.35091292858123779 0.15662568807601929
vt 0.35091292858123779 0.16410058736801147
vt 0.46033182740211487 0.25306165218353271
vt 0.45532721281051636 0.25709554553031921
vt 0.34415170550346375 0.16670632362365723
vt 0.33806315064430237 0.16670632362365723
vt 0.32715153694152832 0.17717535793781281
vt 0.30721095204353333 0.16355517506599426
vt 0.31999939680099487 0.15108978748321533
vt 0.3200688362121582 0.14712618291378021
vt 0.30425578355789185 0.13426965475082397
vt 0.24555507302284241 0.049974929541349411
vt 0.24355858564376831 0.048096954822540283
vt 0.24082370102405548 0.046984612941741943
vt 0.23777075111865997 0.046808861196041107
vt 0.23486894369125366 0.047596707940101624
vt 0.22006072103977203 0.054474472999572754
vt 0.21915511786937714 0.059519749134778976
vt 0.23935841023921967 0.089527830481529236
vt 0.2409319281578064 0.092842720448970795
vt 0.24137544631958008 0.09650912880897522
vt 0.24057592451572418 0.10013577342033386
vt 0.23868417739868164 0.10333980619907379
vt 0.23941272497177124 0.10575171560049057
vt 0.21372836828231812 0.131015345454216
vt 0.21058712899684906 0.13110619783401489
vt 0.20833267271518707 0.13332372903823853
vt 0.20400004088878632 0.13560426235198975
vt 0.1985819935798645 0.1365334540605545
vt 0.19312529265880585 0.13576669991016388
vt 0.18869169056415558 0.1336170881986618
vt 0.18545711040496826 0.13035425543785095
vt 0.18377545475959778 0.12608252465724945
vt 0.18417450785636902 0.12161078304052353
vt 0.18637517094612122 0.11782543361186981
vt 0.22240467369556427 0.083024054765701294
vt 0.22421091794967651 0.080646581947803497
vt 0.22511143982410431 0.07781817764043808
vt 0.22491768002510071 0.074901551008224487
vt 0.22372612357139587 0.072282396256923676
vt 0.21593894064426422 0.060716040432453156
vt 0.2091599702835083 0.059537395834922791
vt 0.17871980369091034 0.07367551326751709
vt 0.17871980369091034 0.087055966258049011
vt 0.19390074908733368 0.092696994543075562
vt 0.16489064693450928 0.14385959506034851
vt 0.10684527456760406 0.12229073047637939
vt 0.10459799319505692 0.13521432876586914
vt 0.10459799319505692 0.23241798579692841
vt 0.11515837162733078 0.2468668520450592
vt 0.13542130589485168 0.26292124390602112
vt 0.13899417221546173 0.26683977246284485
vt 0.1408596932888031 0.27147006988525391
vt 0.14429466426372528 0.27449184656143188
vt 0.14429466426372528 0.27952396869659424
vt 0.15130437910556793 0.28391373157501221
vt 0.15130437910556793 0.31389248371124268
vt 0.13974617421627045 0.31389248371124268
vt 0.13814966380596161 0.31786087155342102
vt 0.13223175704479218 0.32998427748680115
vt 0.13204506039619446 0.330666184425354
vt 0.13214248418807983 0.33139902353286743
vt 0.13253140449523926 0.33206549286842346
vt 0.13312990963459015 0.33256855607032776
vt 0.13389207422733307 0.33289584517478943
vt 0.13479061424732208 0.33301502466201782
vt 0.13568773865699768 0.33288908004760742
vt 0.13644611835479736 0.33255606889724731
vt 0.15641717612743378 0.3201313316822052
vt 0.15641717612743378 0.33234193921089172
vt 0.13538804650306702 0.33983662724494934
vt 0.12996543943881989 0.34518995881080627
vt 0.12996543943881989 0.35260814428329468
vt 0.136927530169487 0.36246713995933533
vt 0.14418180286884308 0.36428964138031006
vt 0.15229642391204834 0.37326192855834961
vt 0.16782593727111816 0.36631765961647034
vt 0.17173293232917786 0.37263587117195129
vt 0.15501727163791656 0.38018849492073059
vt 0.1542738676071167 0.38703125715255737
vt 0.1673717200756073 0.40557911992073059
vt 0.17011992633342743 0.40813520550727844
vt 0.17386923730373383 0.40964213013648987
vt 0.17804582417011261 0.40986928343772888
vt 0.18201042711734772 0.40878185629844666
vt 0.39460235834121704 0.30942955613136292
vt 0.39460235834121704 0.27115970849990845
vt 0.45098608732223511 0.27115970849990845
vt 0.45098608732223511 0.34759223461151123
vt 0.39734452962875366 0.37524795532226563
vt 0.38862034678459167 0.37797057628631592
vt 0.37927460670471191 0.37774106860160828
vt 0.37077033519744873 0.37459531426429749
vt 0.36443880200386047 0.36902576684951782
vt 0.28432351350784302 0.40690138936042786
vt 0.26721185445785522 0.38318160176277161
vt 0.26520231366157532 0.38131368160247803
vt 0.26224040985107422 0.38011720776557922
vt 0.25893539190292358 0.37996771931648254
vt 0.25604629516601563 0.3807835578918457
vt 0.18570536375045776 0.41365653276443481
vt 0.18258804082870483 0.41583251953125
vt 0.18058077991008759 0.4190506637096405
vt 0.18031226098537445 0.42264923453330994
vt 0.18165116012096405 0.42580017447471619
vt 0.19045694172382355 0.43827003240585327
vt 0.19245584309101105 0.44016346335411072
vt 0.19541960954666138 0.44138932228088379
vt 0.19874069094657898 0.44156575202941895
vt 0.20165561139583588 0.44076874852180481
vt 0.20403365790843964 0.43968284130096436
vt 0.20985981822013855 0.4479624330997467
vt 0.20656624436378479 0.44946637749671936
vt 0.20446470379829407 0.45093059539794922
vt 0.20321883261203766 0.4529358446598053
vt 0.20301970839500427 0.45517462491989136
vt 0.20389783382415771 0.45730367302894592
vt 0.2048364132642746 0.45863279700279236
vt 0.20646418631076813 0.46018135547637939
vt 0.20887024700641632 0.46119379997253418
vt 0.21157369017601013 0.46136480569839478
vt 0.21396692097187042 0.46074756979942322
vt 0.21770830452442169 0.45911595225334167
vt 0.22120495140552521 0.46408504247665405
vt 0.21867109835147858 0.46519008278846741
vt 0.21629562973976135 0.46678897738456726
vt 0.21487405896186829 0.46900936961174011
vt 0.21462972462177277 0.47150242328643799
vt 0.21560101211071014 0.47387650609016418
vt 0.2218955010175705 0.48279014229774475
vt 0.2239498645067215 0.4846968948841095
vt 0.22675357758998871 0.48581498861312866
vt 0.22987303137779236 0.48597151041030884
vt 0.23282583057880402 0.48514223098754883
vt 0.23521995544433594 0.48400181531906128
vt 0.24104663729667664 0.49228215217590332
vt 0.23725374042987823 0.49408882856369019
vt 0.23543746769428253 0.49537566304206848
vt 0.23427380621433258 0.49726617336273193
vt 0.23412425816059113 0.49937489628791809
vt 0.23491145670413971 0.50122201442718506
vt 0.24774965643882751 0.5194021463394165
vt 0.25158628821372986 0.52341556549072266
vt 0.25687241554260254 0.52652090787887573
vt 0.26303538680076599 0.5282713770866394
vt 0.26929545402526855 0.52854019403457642
vt 0.29498293995857239 0.52944391965866089
vt 0.29885199666023254 0.52952069044113159
vt 0.30275088548660278 0.52861297130584717
vt 0.30611786246299744 0.52678090333938599
vt 0.30853474140167236 0.52433383464813232
vt 0.31783220171928406 0.51136398315429688
vt 0.3208717405796051 0.50852596759796143
vt 0.32536342740058899 0.50670713186264038
vt 0.33037799596786499 0.50648212432861328
vt 0.33475649356842041 0.5077252984046936
vt 0.34319344162940979 0.51168882846832275
vt 0.32868269085884094 0.53141915798187256
vt 0.32724541425704956 0.53470915555953979
vt 0.3274790346622467 0.53819370269775391
vt 0.32934781908988953 0.54133844375610352
vt 0.33256509900093079 0.54366105794906616
vt 0.36845040321350098 0.56072801351547241
vt 0.38058158755302429 0.56939053535461426
vt 0.38783052563667297 0.58109724521636963
vt 0.39104902744293213 0.59040248394012451
vt 0.39281460642814636 0.59351187944412231
vt 0.39587217569351196 0.59614044427871704
vt 0.39982372522354126 0.59781467914581299
vt 0.40399858355522156 0.59835207462310791
vt 0.55715203285217285 0.59833121299743652
vt 0.56338602304458618 0.59465694427490234
vt 0.56718939542770386 0.54851514101028442
vt 0.5878676176071167 0.54851514101028442
vt 0.59429425001144409 0.55023413896560669
vt 0.59429425001144409 0.5749514102935791
vt 0.59135514497756958 0.57521581649780273
vt 0.59135514497756958 0.59594368934631348
vt 0.59393602609634399 0.59832620620727539
vt 0.63157695531845093 0.59832108020782471
vt 0.77313154935836792 0.53226476907730103
vt 0.77523398399353027 0.52930349111557007
vt 0.76451712846755981 0.52435535192489624
vt 0.75436073541641235 0.53190523386001587
vt 0.74070847034454346 0.53637325763702393
vt 0.72598415613174438 0.53653603792190552
vt 0.71300774812698364 0.53276121616363525
vt 0.70238798856735229 0.52564138174057007
vt 0.69506490230560303 0.51529908180236816
vt 0.69286513328552246 0.50351196527481079
vt 0.69572180509567261 0.49259170889854431
vt 0.5653541088104248 0.43239936232566833
vt 0.56982797384262085 0.39876917004585266
vt 0.66645407676696777 0.39876917004585266
vt 0.67494451999664307 0.38814687728881836
vt 0.70628345012664795 0.40456259250640869
vt 0.67732024192810059 0.47531989216804504
vt 0.70023810863494873 0.4859013557434082
vt 0.71031683683395386 0.4779079258441925
vt 0.72419959306716919 0.47305777668952942
vt 0.73931461572647095 0.4727293848991394
vt 0.75261229276657104 0.47654819488525391
vt 0.7634422779083252 0.48386943340301514
vt 0.77078813314437866 0.49456825852394104
vt 0.77269899845123291 0.50671052932739258
vt 0.76933127641677856 0.51780253648757935
vt 0.77992630004882813 0.52269434928894043
vt 0.79625457525253296 0.49969598650932312
vt 0.79856836795806885 0.49412539601325989
vt 0.79805916547775269 0.48826280236244202
vt 0.79480522871017456 0.48300909996032715
vt 0.789306640625 0.47917166352272034
vt 0.76880544424057007 0.46979665756225586
vt 0.76751333475112915 0.47161948680877686
vt 0.76666063070297241 0.47242623567581177
vt 0.76539957523345947 0.47295016050338745
vt 0.76398563385009766 0.47303041815757751
vt 0.76274013519287109 0.47269758582115173
vt 0.72645294666290283 0.45643320679664612
vt 0.72544348239898682 0.4557553231716156
vt 0.72477704286575317 0.45474264025688171
vt 0.72465628385543823 0.45359936356544495
vt 0.72504830360412598 0.45258614420890808
vt 0.73263049125671387 0.4410882294178009
vt 0.73350566625595093 0.44022458791732788
vt 0.7347227931022644 0.43969836831092834
vt 0.73609620332717896 0.43958994746208191
vt 0.73741602897644043 0.43991589546203613
vt 0.75812727212905884 0.44891795516014099
vt 0.76356369256973267 0.45031490921974182
vt 0.76970070600509644 0.44992518424987793
vt 0.77516430616378784 0.44762924313545227
vt 0.77886641025543213 0.44411662220954895
vt 0.79919451475143433 0.41543930768966675
vt 0.80039501190185547 0.41263389587402344
vt 0.80016911029815674 0.40942850708961487
vt 0.79839807748794556 0.40655580163002014
vt 0.79563462734222412 0.40460383892059326
vt 0.72250986099243164 0.36992412805557251
vt 0.72135484218597412 0.37158504128456116
vt 0.56630271673202515 0.29805094003677368
vt 0.56630271673202515 0.28700754046440125
vt 0.72712999582290649 0.3632805347442627
vt 0.7259749174118042 0.36494141817092896
vt 0.84271538257598877 0.42030605673789978
vt 0.84587258100509644 0.42118880152702332
vt 0.84920626878738403 0.42102065682411194
vt 0.85220372676849365 0.41982752084732056
vt 0.85440373420715332 0.4177929162979126
vt 0.90016812086105347 0.35333389043807983
vt 0.89903992414474487 0.33640781044960022
vt 0.89076507091522217 0.31817847490310669
vt 0.88884192705154419 0.30942794680595398
vt 0.88884192705154419 0.27572193741798401
vt 0.89041042327880859 0.26972618699073792
vt 0.89484649896621704 0.26475983858108521
vt 0.91785240173339844 0.24788875877857208
vt 0.9265856146812439 0.23444224894046783
vt 0.9265856146812439 0.17847378551959991
vt 0.92535877227783203 0.17474740743637085
vt 0.92200362682342529 0.17200963199138641
vt 0.91741037368774414 0.1709868311882019
vt 0.91279762983322144 0.17195034027099609
vt 0.89455437660217285 0.18026924133300781
vt 0.9027789831161499 0.19208912551403046
vt 0.87550944089889526 0.20452404022216797
vt 0.85881197452545166 0.180527463555336
vt 0.92251217365264893 0.15148018300533295
vt 0.92417061328887939 0.15047460794448853
vt 0.92549264430999756 0.1491054892539978
vt 0.92631733417510986 0.14750106632709503
vt 0.9265856146812439 0.14583782851696014
vt 0.9265856146812439 0.13649486005306244
vt 0.92566633224487305 0.12840384244918823
vt 0.92403417825698853 0.12543448805809021
vt 0.92091679573059082 0.12338650971651077
vt 0.91699135303497314 0.12270482629537582
vt 0.91311061382293701 0.12353749573230743
vt 0.90253603458404541 0.12815088033676147
vt 0.8807104229927063 0.098799146711826324
vt 0.88199597597122192 0.089895486831665039
vt 0.80645054578781128 0.053922474384307861
vt 0.80438029766082764 0.05334121361374855
vt 0.80219322443008423 0.05345090851187706
vt 0.80022740364074707 0.054234609007835388
vt 0.79878675937652588 0.055571176111698151
vt 0.7948225736618042 0.061181195080280304
vt 0.79328101873397827 0.064450763165950775
vt 0.79307007789611816 0.068131454288959503
vt 0.79432857036590576 0.071672447025775909
vt 0.79676389694213867 0.074563965201377869
vt 0.83294975757598877 0.10579513013362885
vt 0.83526104688644409 0.10952191054821014
vt 0.83582937717437744 0.11395706981420517
vt 0.83435595035552979 0.11825352162122726
vt 0.8313097357749939 0.12161636352539063
vt 0.82702475786209106 0.12393087893724442
vt 0.82165729999542236 0.12493210285902023
vt 0.81620919704437256 0.12427591532468796
vt 0.81171250343322754 0.1222415417432785
vt 0.81057721376419067 0.12123747169971466
vt 0.80806511640548706 0.1218382939696312
vt 0.77767908573150635 0.094964310526847839
vt 0.77848416566848755 0.0923166424036026
vt 0.77625232934951782 0.085387006402015686
vt 0.77853846549987793 0.078468970954418182
vt 0.79606693983078003 0.05366307869553566
vt 0.79668021202087402 0.052225243300199509
vt 0.79656404256820679 0.050583533942699432
vt 0.79565811157226563 0.049111723899841309
vt 0.79424405097961426 0.048110019415616989
vt 0.78415787220001221 0.043307233601808548
vt 0.75834822654724121 0.080119825899600983
vt 0.72480988502502441 0.064710244536399841
vt 0.73166775703430176 0.054928813129663467
vt 0.73621135950088501 0.020476207137107849
vt 0.72145271301269531 0.01344846747815609
vt 0.70694851875305176 0.0084884287789463997
vt 0.69134789705276489 0.0067644757218658924
vt 0.6011580228805542 0.0064976690337061882
vt 0.59750950336456299 0.0070753674954175949
vt 0.59441369771957397 0.0087416702881455421
vt 0.59234404563903809 0.011241731233894825
vt 0.29209494590759277 0.56798636913299561
vt 0.34253668785095215 0.59173804521560669
vt 0.3553166389465332 0.59624642133712769
vt 0.36903402209281921 0.598258376121521
vt 0.37085068225860596 0.59811204671859741
vt 0.37260448932647705 0.59745442867279053
vt 0.37398114800453186 0.5963560938835144
vt 0.37478840351104736 0.59503054618835449
vt 0.375030517578125 0.59356570243835449
vt 0.37464341521263123 0.59203273057937622
vt 0.37363985180854797 0.59069550037384033
vt 0.37223207950592041 0.58975452184677124
vt 0.27673330903053284 0.54469823837280273
vt 0.27518823742866516 0.54421848058700562
vt 0.27343863248825073 0.54417043924331665
vt 0.27177032828330994 0.54459977149963379
vt 0.2704431414604187 0.54539996385574341
vt 0.26949816942214966 0.54649966955184937
vt 0.26902198791503906 0.54786336421966553
vt 0.26913794875144958 0.54927742481231689
vt 0.26978021860122681 0.55051201581954956
vt 0.27962538599967957 0.56034731864929199
vt 0.36487299203872681 0.56565743684768677
vt 0.30534812808036804 0.53734755516052246
vt 0.29103010892868042 0.53472232818603516
vt 0.27637901902198792 0.53396767377853394
vt 0.27488958835601807 0.53417962789535522
vt 0.27348831295967102 0.53479748964309692
vt 0.27241411805152893 0.53575265407562256
vt 0.27180606126785278 0.53687357902526855
vt 0.27165833115577698 0.53809195756912231
vt 0.27201727032661438 0.53935056924819946
vt 0.2728654146194458 0.54044467210769653
vt 0.27403593063354492 0.54121983051300049
vt 0.37806448340415955 0.59030050039291382
vt 0.37890765070915222 0.59057533740997314
vt 0.37985453009605408 0.59064173698425293
vt 0.38078269362449646 0.59047627449035645
vt 0.3815746009349823 0.5901150107383728
vt 0.38220593333244324 0.58958566188812256
vt 0.38263756036758423 0.58890020847320557
vt 0.38279679417610168 0.58814167976379395
vt 0.38268065452575684 0.58741188049316406
vt 0.38102972507476807 0.58263874053955078
vt 0.37498646974563599 0.57287919521331787
vt 0.54047375917434692 0.75987255573272705
vt 0.54591947793960571 0.75371462106704712
vt 0.53564625978469849 0.74776089191436768
vt 0.55194222927093506 0.72933369874954224
vt 0.55629098415374756 0.73181039094924927
vt 0.5591091513633728 0.72040343284606934
vt 0.55920469760894775 0.71916788816452026
vt 0.55886930227279663 0.71791046857833862
vt 0.55811715126037598 0.71677732467651367
vt 0.55705451965332031 0.71588706970214844
vt 0.5557371973991394 0.71525824069976807
vt 0.55420064926147461 0.71493047475814819
vt 0.55261200666427612 0.71495985984802246
vt 0.55115008354187012 0.71532320976257324
vt 0.54557108879089355 0.71741008758544922
vt 0.53355365991592407 0.72437858581542969
vt 0.52555513381958008 0.73444217443466187
vt 0.51166427135467529 0.76235395669937134
vt 0.50515282154083252 0.76688724756240845
vt 0.50487291812896729 0.7701384425163269
vt 0.50732880830764771 0.77162641286849976
vt 0.49304568767547607 0.78707551956176758
vt 0.50829660892486572 0.79631561040878296
vt 0.50506633520126343 0.79980963468551636
vt 0.48685985803604126 0.78877878189086914
vt 0.4664057195186615 0.80936950445175171
vt 0.44420686364173889 0.82916015386581421
vt 0.41924259066581726 0.84665870666503906
vt 0.41924259066581726 0.8524366021156311
vt 0.43291604518890381 0.85863524675369263
vt 0.43766874074935913 0.8576921820640564
vt 0.47746962308883667 0.8116949200630188
vt 0.48952919244766235 0.81853336095809937
vt 0.49212363362312317 0.81553500890731812
vt 0.50307327508926392 0.82174402475357056
vt 0.50047880411148071 0.82474237680435181
vt 0.51217174530029297 0.83137291669845581
vt 0.53477180004119873 0.8058171272277832
vt 0.52735686302185059 0.80151987075805664
vt 0.53447836637496948 0.79346692562103271
vt 0.54189330339431763 0.79776418209075928
vt 0.56901264190673828 0.76709800958633423
vt 0.55940932035446167 0.7615324854850769
vt 0.55396354198455811 0.76769042015075684
vt 0.54705601930618286 0.65375804901123047
vt 0.54705601930618286 0.64706331491470337
vt 0.54682040214538574 0.64606344699859619
vt 0.54607319831848145 0.64514255523681641
vt 0.54493558406829834 0.64453762769699097
vt 0.5437004566192627 0.64434689283370972
vt 0.54246526956558228 0.64453762769699097
vt 0.54132771492004395 0.64514255523681641
vt 0.54058051109313965 0.64606344699859619
vt 0.54034489393234253 0.64706331491470337
vt 0.54034489393234253 0.65424466133117676
vt 0.53830301761627197 0.67697954177856445
vt 0.53502345085144043 0.69606190919876099
vt 0.5349993109703064 0.69892191886901855
vt 0.53594440221786499 0.70178729295730591
vt 0.5378076434135437 0.70434087514877319
vt 0.54034525156021118 0.70633089542388916
vt 0.54343438148498535 0.70771878957748413
vt 0.54699385166168213 0.70842069387435913
vt 0.55065536499023438 0.70832079648971558
vt 0.55402910709381104 0.70747172832489014
vt 0.57565730810165405 0.69938153028488159
vt 0.58893531560897827 0.6931876540184021
vt 0.60063046216964722 0.68517088890075684
vt 0.65260595083236694 0.64248991012573242
vt 0.65260595083236694 0.63407903909683228
vt 0.62069505453109741 0.63611847162246704
vt 0.60930770635604858 0.63931930065155029
vt 0.59537899494171143 0.63920873403549194
vt 0.59550392627716064 0.65375804901123047
vt 0.5440019965171814 0.63287454843521118
vt 0.56005275249481201 0.63287454843521118
vt 0.56005275249481201 0.61812645196914673
vt 0.55513036251068115 0.61812645196914673
vt 0.55513036251068115 0.62106484174728394
vt 0.5440019965171814 0.62106484174728394
vn 0 1 0
vn 0 1 0
vn 0 1 0
vn 0 1 0
vn 0 1 0
vn 0 1 0
vn 0 1 0
vn 0 1 0
vn 0 1 0
vn 0 1 0
vn 0 1 0
vn 0 1 0
vn 0 1 0
vn 0 1 0
vn 0 1 0
vn 0 1 0
vn 0 1 0
vn 0 1 0
vn 0 1 0
vn 0 1 0
vn 0 1 0
vn 0 1 0
vn 0 1 0
vn 0 1 0
vn 0 1 0
vn 0 1 0
vn 0 1 0
vn 0 1 0
vn 0 1 0
vn 0 1 0
vn 0 1 0
vn 0 1 0
vn 0 1 0
vn 0 1 0
vn 0 1 0
vn 0 1 0
vn 0 1 0
vn 0 1 0
vn 0 1 0
vn 0 1 0
vn 0 1 0
vn 0 1 0
vn 0 1 0
vn 0 1 0
vn 0 1 0
vn 0 1 0
vn 0 1 0
vn 0 1 0
vn 0 1 0
vn 0 1 0
vn 0 1 0
vn 0 1 0
vn 0 1 0
vn 0 1 0
vn 0 1 0
vn 0 1 0
vn 0 1 0
vn 0 1 0
vn 0 1 0
vn 0 1 0
vn 0 1 0
vn 0 1 0
vn 0 1 0
vn 0 1 0
vn 0 1 0
vn 0 1 0
vn 0 1 0
vn 0 1 0
vn 0 1 0
vn 0 1 0
vn 0 1 0
vn 0 1 0
vn 0 1 0
vn 0 1 0
vn 0 1 0
vn 0 1 0
vn 0 1 0
vn 0 1 0
vn 0 1 0
vn 0 1 0
vn 0 1 0
vn 0 1 0
vn 0 1 0
vn 0 1 0
vn 0 1 0
vn 0 1 0
vn 0 1 0
vn 0 1 0
vn 0 1 0
vn 0 1 0
vn 0 1 0
vn 0 1 0
vn 0 1 0
vn 0 1 0
vn 0 1 0
vn 0 1 0
vn 0 1 0
vn 0 1 0
vn 0 1 0
vn 0 1 0
vn 0 1 0
vn 0 1 0
vn 0 1 0
vn 0 1 0
vn 0 1 0
vn 0 1 0
vn 0 1 0
vn 0 1 0
vn 0 1 0
vn 0 1 0
vn 0 1 0
vn 0 1 0
vn 0 1 0
vn 0 1 0
vn 0 1 0
vn 0 1 0
vn 0 1 0
vn 0 1 0
vn 0 1 0
vn 0 1 0
vn 0 1 0
vn 0 1 0
vn 0 1 0
vn 0 1 0
vn 0 1 0
vn 0 1 0
vn 0 1 0
vn 0 1 0
vn 0 1 0
vn 0 1 0
vn 0 1 0
vn 0 1 0
vn 0 1 0
vn 0 1 0
vn 0 1 0
vn 0 1 0
vn 0 1 0
vn 0 1 0
vn 0 1 0
vn 0 1 0
vn 0 1 0
vn 0 1 0
vn 0 1 0
vn 0 1 0
vn 0 1 0
vn 0 1 0
vn 0 1 0
vn 0 1 0
vn 0 1 0
vn 0 1 0
vn 0 1 0
vn 0 1 0
vn 0 1 0
vn 0 1 0
vn 0 1 0
vn 0 1 0
vn 0 1 0
vn 0 1 0
vn 0 1 0
vn 0 1 0
vn 0 1 0
vn 0 1 0
vn 0 1 0
vn 0 1 0
vn 0 1 0
vn 0 1 0
vn 0 1 0
vn 0 1 0
vn 0 1 0
vn 0 1 0
vn 0 1 0
vn 0 1 0
vn 0 1 0
vn 0 1 0
vn 0 1 0
vn 0 1 0
vn 0 1 0
vn 0 1 0
vn 0 1 0
vn 0 1 0
vn 0 1 0
vn 0 1 0
vn 0 1 0
vn 0 1 0
vn 0 1 0
vn 0 1 0
vn 0 1 0
vn 0 1 0
vn 0 1 0
vn 0 1 0
vn 0 1 0
vn 0 1 0
vn 0 1 0
vn 0 1 0
vn 0 1 0
vn 0 1 0
vn 0 1 0
vn 0 1 0
vn 0 1 0
vn 0 1 0
vn 0 1 0
vn 0 1 0
vn 0 1 0
vn 0 1 0
vn 0 1 0
vn 0 1 0
vn 0 1 0
vn 0 1 0
vn 0 1 0
vn 0 1 0
vn 0 1 0
vn 0 1 0
vn 0 1 0
vn 0 1 0
vn 0 1 0
vn 0 1 0
vn 0 1 0
vn 0 1 0
vn 0 1 0
vn 0 1 0
vn 0 1 0
vn 0 1 0
vn 0 1 0
vn 0 1 0
vn 0 1 0
vn 0 1 0
vn 0 1 0
vn 0 1 0
vn 0 1 0
vn 0 1 0
vn 0 1 0
vn 0 1 0
vn 0 1 0
vn 0 1 0
vn 0 1 0
vn 0 1 0
vn 0 1 0
vn 0 1 0
vn 0 1 0
vn 0 1 0
vn 0 1 0
vn 0 1 0
vn 0 1 0
vn 0 1 0
vn 0 1 0
vn 0 1 0
vn 0 1 0
vn 0 1 0
vn 0 1 0
vn 0 1 0
vn 0 1 0
vn 0 1 0
vn 0 1 0
vn 0 1 0
vn 0 1 0
vn 0 1 0
vn 0 1 0
vn 0 1 0
vn 0 1 0
vn 0 1 0
vn 0 1 0
vn 0 1 0
vn 0 1 0
vn 0 1 0
vn 0 1 0
vn 0 1 0
vn 0 1 0
vn 0 1 0
vn 0 1 0
vn 0 1 0
vn 0 1 0
vn 0 1 0
vn 0 1 0
vn 0 1 0
vn 0 1 0
vn 0 1 0
vn 0 1 0
vn 0 1 0
vn 0 1 0
vn 0 1 0
vn 0 1 0
vn 0 1 0
vn 0 1 0
vn 0 1 0
vn 0 1 0
vn 0 1 0
vn 0 1 0
vn 0 1 0
vn 0 1 0
vn 0 1 0
vn 0 1 0
vn 0 1 0
vn 0 1 0
vn 0 1 0
vn 0 1 0
vn 0 1 0
vn 0 1 0
vn 0 1 0
vn 0 1 0
vn 0 1 0
vn 0 1 0
vn 0 1 0
vn 0 1 0
vn 0 1 0
vn 0 1 0
vn 0 1 0
vn 0 1 0
vn 0 1 0
vn 0 1 0
vn 0 1 0
vn 0 1 0
vn 0 1 0
vn 0 1 0
vn 0 1 0
vn 0 1 0
vn 0 1 0
vn 0 1 0
vn 0 1 0
vn 0 1 0
vn 0 1 0
vn 0 1 0
vn 0 1 0
vn 0 1 0
vn 0 1 0
vn 0 1 0
vn 0 1 0
vn 0 1 0
vn 0 1 0
vn 0 1 0
vn 0 1 0
vn 0 1 0
vn 0 1 0
vn 0 1 0
vn 0 1 0
vn 0 1 0
vn 0 1 0
vn 0 1 0
vn 0 1 0
vn 0 1 0
vn 0 1 0
vn 0 1 0
vn 0 1 0
vn 0 1 0
vn 0 1 0
vn 0 1 0
vn 0 1 0
vn 0 1 0
vn 0 1 0
vn 0 1 0
vn 0 1 0
vn 0 1 0
vn 0 1 0
vn 0 1 0
vn 0 1 0
vn 0 1 0
vn 0 1 0
vn 0 1 0
vn 0 1 0
vn 0 1 0
vn 0 1 0
vn 0 1 0
vn 0 1 0
vn 0 1 0
vn 0 1 0
vn 0 1 0
vn 0 1 0
vn 0 1 0
vn 0 1 0
vn 0 1 0
vn 0 1 0
vn 0 1 0
vn 0 1 0
vn 0 1 0
vn 0 1 0
vn 0 1 0
vn 0 1 0
vn 0 1 0
vn 0 1 0
vn 0 1 0
vn 0 1 0
vn 0 1 0
vn 0 1 0
vn 0 1 0
vn 0 1 0
vn 0 1 0
vn 0 1 0
vn 0 1 0
vn 0 1 0
vn 0 1 0
vn 0 1 0
vn 0 1 0
vn 0 1 0
vn 0 1 0
vn 0 1 0
vn 0 1 0
vn 0 1 0
vn 0 1 0
vn 0 1 0
vn 0 1 0
vn 0 1 0
vn 0 1 0
vn 0 1 0
vn 0 1 0
vn 0 1 0
vn 0 1 0
vn 0 1 0
vn 0 1 0
vn 0 1 0
vn 0 1 0
vn 0 1 0
vn 0 1 0
vn 0 1 0
vn 0 1 0
vn 0 1 0
vn 0 1 0
vn 0 1 0
vn 0 1 0
vn 0 1 0
vn 0 1 0
vn 0 1 0
vn 0 1 0
vn 0 1 0
vn 0 1 0
vn 0 1 0
vn 0 1 0
vn 0 1 0
vn 0 1 0
vn 0 1 0
vn 0 1 0
vn 0 1 0
vn 0 1 0
vn 0 1 0
vn 0 1 0
vn 0 1 0
vn 0 1 0
vn 0 1 0
vn 0 1 0
vn 0 1 0
vn 0 1 0
vn 0 1 0
vn 0 1 0
vn 0 1 0
vn 0 1 0
vn 0 1 0
vn 0 1 0
vn 0 1 0
vn 0 1 0
vn 0 1 0
vn 0 1 0
vn 0 1 0
vn 0 1 0
vn 0 1 0
vn 0 1 0
vn 0 1 0
vn 0 1 0
vn 0 1 0
vn 0 1 0
vn 0 1 0
vn 0 1 0
vn 0 1 0
vn 0 1 0
vn 0 1 0
vn 0 1 0
vn 0 1 0
vn 0 1 0
vn 0 1 0
vn 0 1 0
vn 0 1 0
vn 0 1 0
vn 0 1 0
vn 0 1 0
vn 0 1 0
vn 0 1 0
vn 0 1 0
vn 0 1 0
vn 0 1 0
vn 0 1 0
vn 0 1 0
vn 0 1 0
vn 0 1 0
vn 0 1 0
vn 0 1 0
vn 0 1 0
vn 0 1 0
vn 0 1 0
vn 0 1 0
vn 0 1 0
vn 0 1 0
vn 0 1 0
vn 0 1 0
vn 0 1 0
vn 0 1 0
vn 0 1 0
vn 0 1 0
vn 0 1 0
vn 0 1 0
vn 0 1 0
vn 0 1 0
vn 0 1 0
vn 0 1 0
vn 0 1 0
vn 0 1 0
vn 0 1 0
vn 0 1 0
vn 0 1 0
vn 0 1 0
vn 0 1 0
vn 0 1 0
vn 0 1 0
vn 0 1 0
vn 0 1 0
vn 0 1 0
vn 0 1 0
vn 0 1 0
vn 0 1 0
vn 0 1 0
vn 0 1 0
vn 0 1 0
vn 0 1 0
vn 0 1 0
vn 0 1 0
vn 0 1 0
vn 0 1 0
vn 0 1 0
vn 0 1 0
vn 0 1 0
vn 0 1 0
vn 0 1 0
vn 0 1 0
vn 0 1 0
vn 0 1 0
vn 0 1 0
vn 0 1 0
vn 0 1 0
vn 0 1 0
vn 0 1 0
vn 0 1 0
vn 0 1 0
vn 0 1 0
vn 0 1 0
vn 0 1 0
vn 0 1 0
vn 0 1 0
vn 0 1 0
vn 0 1 0
vn 0 1 0
vn 0 1 0
vn 0 1 0
vn 0 1 0
vn 0 1 0
vn 0 1 0
vn 0 1 0
vn 0 1 0
vn 0 1 0
vn 0 1 0
vn 0 1 0
vn 0 1 0
vn 0 1 0
vn 0 1 0
vn 0 1 0
vn 0 1 0
vn 0 1 0
vn 0 1 0
vn 0 1 0
vn 0 1 0
vn 0 1 0
vn 0 1 0
vn 0 1 0
vn 0 1 0
vn 0 1 0
vn 0 1 0
vn 0 1 0
vn 0 1 0
vn 0 1 0
vn 0 1 0
vn 0 1 0
vn 0 1 0
vn 0 1 0
vn 0 1 0
vn 0 1 0
vn 0 1 0
vn 0 1 0
vn 0 1 0
vn 0 1 0
vn 0 1 0
vn 0 1 0
vn 0 1 0
vn 0 1 0
vn 0 1 0
vn 0 1 0
vn 0 1 0
vn 0 1 0
vn 0 1 0
vn 0 1 0
vn 0 1 0
vn 0 1 0
vn 0 1 0
vn 0 1 0
vn 0 1 0
vn 0 1 0
vn 0 1 0
vn 0 1 0
vn 0 1 0
vn 0 1 0
vn 0 1 0
vn 0 1 0
vn 0 1 0
vn 0 1 0
vn 0 1 0
vn 0 1 0
vn 0 1 0
vn 0 1 0
vn 0 1 0
vn 0 1 0
vn 0 1 0
vn 0 1 0
vn 0 1 0
vn 0 1 0
vn 0 1 0
vn 0 1 0
vn 0 1 0
vn 0 1 0
vn 0 1 0
vn 0 1 0
vn 0 1 0
vn 0 1 0
vn 0 1 0
vn 0 1 0
vn 0 1 0
vn 0 1 0
vn 0 1 0
vn 0 1 0
vn 0 1 0
vn 0 1 0
vn 0 1 0
vn 0 1 0
vn 0 1 0
vn 0 1 0
vn 0 1 0
vn 0 1 0
vn 0 1 0
vn 0 1 0
vn 0 1 0
vn 0 1 0
vn 0 1 0
vn 0 1 0
vn 0 1 0
vn 0 1 0
vn 0 1 0
vn 0 1 0
vn 0 1 0
vn 0 1 0
vn 0 1 0
vn 0 1 0
vn 0 1 0
vn 0 1 0
vn 0 1 0
vn 0 1 0
vn 0 1 0
vn 0 1 0
vn 0 1 0
vn 0 1 0
vn 0 1 0
vn 0 1 0
vn 0 1 0
vn 0 1 0
vn 0 1 0
vn 0 1 0
vn 0 1 0
vn 0 1 0
vn 0 1 0
vn 0 1 0
vn 0 1 0
vn 0 1 0
vn 0 1 0
vn 0 1 0
vn 0 1 0
vn 0 1 0
vn 0 1 0
vn 0 1 0
vn 0 1 0
vn 0 1 0
vn 0 1 0
vn 0 1 0
vn 0 1 0
vn 0 1 0
vn 0 1 0
vn 0 1 0
vn 0 1 0
vn 0 1 0
vn 0 1 0
vn 0 1 0
vn 0 1 0
vn 0 1 0
vn 0 1 0
vn 0 1 0
vn 0 1 0
vn 0 1 0
vn 0 1 0
vn 0 1 0
vn 0 1 0
vn 0 1 0
vn 0 1 0
vn 0 1 0
vn 0 1 0
vn 0 1 0
vn 0 1 0
vn 0 1 0
vn 0 1 0
vn 0 1 0
vn 0 1 0
vn 0 1 0
vn 0 1 0
vn 0 1 0
vn 0 1 0
vn 0 1 0
vn 0 1 0
vn 0 1 0
vn 0 1 0
vn 0 1 0
vn 0 1 0
vn 0 1 0
vn 0 1 0
vn 0 1 0
vn 0 1 0
vn 0 1 0
vn 0 1 0
vn 0 1 0
vn 0 1 0
vn 0 1 0
vn 0 1 0
vn 0 1 0
vn 0 1 0
vn 0 1 0
vn 0 1 0
vn 0 1 0
vn 0 1 0
vn 0 1 0
vn 0 1 0
vn 0 1 0
vn 0 1 0
vn 0 1 0
vn 0 1 0
vn 0 1 0
vn 0 1 0
vn 0 1 0
vn 0 1 0
vn 0 1 0
vn 0 1 0
vn 0 1 0
vn 0 1 0
vn 0 1 0
vn 0 1 0
vn 0 1 0
vn 0 1 0
vn 0 1 0
vn 0 1 0
vn 0 1 0
vn 0 1 0
vn 0 1 0
vn 0 1 0
vn 0 1 0
vn 0 1 0
vn 0 1 0
vn 0 1 0
vn 0 1 0
vn 0 1 0
vn 0 1 0
vn 0 1 0
vn 0 1 0
vn 0 1 0
vn 0 1 0
vn 0 1 0
vn 0 1 0
vn 0 1 0
vn 0 1 0
vn 0 1 0
vn 0 1 0
vn 0 1 0
vn 0 1 0
vn 0 1 0
f 14/14/14 380/380/380 379/379/379
f 379/379/379 15/15/15 14/14/14
f 380/380/380 13/13/13 12/12/12
f 14/14/14 13/13/13 380/380/380
f 381/381/381 380/380/380 12/12/12
f 16/16/16 15/15/15 379/379/379
f 17/17/17 376/376/376 18/18/18
f 19/19/19 18/18/18 376/376/376
f 377/377/377 376/376/376 17/17/17
f 377/377/377 17/17/17 16/16/16
f 377/377/377 16/16/16 379/379/379
f 175/175/175 367/367/367 366/366/366
f 377/377/377 379/379/379 378/378/378
f 382/382/382 381/381/381 11/11/11
f 12/12/12 11/11/11 381/381/381
f 383/383/383 382/382/382 145/145/145
f 382/382/382 11/11/11 10/10/10
f 382/382/382 147/147/147 146/146/146
f 382/382/382 146/146/146 145/145/145
f 147/147/147 382/382/382 148/148/148
f 144/144/144 383/383/383 145/145/145
f 383/383/383 141/141/141 384/384/384
f 143/143/143 383/383/383 144/144/144
f 383/383/383 143/143/143 142/142/142
f 383/383/383 142/142/142 141/141/141
f 174/174/174 173/173/173 368/368/368
f 367/367/367 175/175/175 174/174/174
f 176/176/176 175/175/175 365/365/365
f 175/175/175 366/366/366 365/365/365
f 364/364/364 176/176/176 365/365/365
f 174/174/174 368/368/368 367/367/367
f 21/21/21 375/375/375 350/350/350
f 21/21/21 376/376/376 375/375/375
f 20/20/20 376/376/376 21/21/21
f 375/375/375 374/374/374 350/350/350
f 368/368/368 173/173/173 172/172/172
f 376/376/376 20/20/20 19/19/19
f 182/182/182 181/181/181 359/359/359
f 177/177/177 364/364/364 363/363/363
f 176/176/176 364/364/364 177/177/177
f 178/178/178 177/177/177 363/363/363
f 363/363/363 362/362/362 178/178/178
f 179/179/179 178/178/178 362/362/362
f 180/180/180 179/179/179 362/362/362
f 359/359/359 181/181/181 360/360/360
f 180/180/180 361/361/361 181/181/181
f 360/360/360 181/181/181 361/361/361
f 362/362/362 361/361/361 180/180/180
f 10/10/10 150/150/150 149/149/149
f 382/382/382 149/149/149 148/148/148
f 10/10/10 9/9/9 150/150/150
f 151/151/151 150/150/150 9/9/9
f 151/151/151 9/9/9 8/8/8
f 382/382/382 10/10/10 149/149/149
f 136/136/136 135/135/135 393/393/393
f 134/134/134 394/394/394 135/135/135
f 393/393/393 135/135/135 394/394/394
f 395/395/395 394/394/394 134/134/134
f 152/152/152 151/151/151 8/8/8
f 129/129/129 128/128/128 8/8/8
f 152/152/152 8/8/8 128/128/128
f 130/130/130 129/129/129 8/8/8
f 405/405/405 132/132/132 131/131/131
f 406/406/406 130/130/130 8/8/8
f 131/131/131 130/130/130 405/405/405
f 134/134/134 405/405/405 404/404/404
f 396/396/396 134/134/134 397/397/397
f 130/130/130 406/406/406 405/405/405
f 405/405/405 134/134/134 133/133/133
f 133/133/133 132/132/132 405/405/405
f 397/397/397 134/134/134 404/404/404
f 134/134/134 396/396/396 395/395/395
f 407/407/407 406/406/406 8/8/8
f 139/139/139 385/385/385 384/384/384
f 386/386/386 139/139/139 138/138/138
f 138/138/138 137/137/137 388/388/388
f 391/391/391 137/137/137 136/136/136
f 385/385/385 139/139/139 386/386/386
f 136/136/136 393/393/393 392/392/392
f 138/138/138 388/388/388 387/387/387
f 388/388/388 137/137/137 389/389/389
f 391/391/391 390/390/390 137/137/137
f 390/390/390 389/389/389 137/137/137
f 392/392/392 391/391/391 136/136/136
f 387/387/387 386/386/386 138/138/138
f 404/404/404 401/401/401 400/400/400
f 400/400/400 399/399/399 404/404/404
f 399/399/399 398/398/398 404/404/404
f 403/403/403 401/401/401 404/404/404
f 398/398/398 397/397/397 404/404/404
f 401/401/401 403/403/403 402/402/402
f 407/407/407 409/409/409 408/408/408
f 412/412/412 410/410/410 409/409/409
f 410/410/410 412/412/412 411/411/411
f 413/413/413 409/409/409 407/407/407
f 139/139/139 384/384/384 140/140/140
f 140/140/140 384/384/384 141/141/141
f 413/413/413 407/407/407 8/8/8
f 374/374/374 351/351/351 350/350/350
f 352/352/352 351/351/351 373/373/373
f 171/171/171 370/370/370 369/369/369
f 369/369/369 368/368/368 172/172/172
f 324/324/324 349/349/349 348/348/348
f 325/325/325 348/348/348 347/347/347
f 371/371/371 169/169/169 372/372/372
f 370/370/370 171/171/171 170/170/170
f 169/169/169 371/371/371 170/170/170
f 371/371/371 370/370/370 170/170/170
f 372/372/372 352/352/352 373/373/373
f 21/21/21 350/350/350 349/349/349
f 172/172/172 171/171/171 369/369/369
f 352/352/352 169/169/169 168/168/168
f 356/356/356 183/183/183 182/182/182
f 186/186/186 352/352/352 168/168/168
f 182/182/182 358/358/358 357/357/357
f 354/354/354 184/184/184 355/355/355
f 186/186/186 185/185/185 352/352/352
f 184/184/184 354/354/354 185/185/185
f 355/355/355 183/183/183 356/356/356
f 182/182/182 357/357/357 356/356/356
f 352/352/352 185/185/185 353/353/353
f 184/184/184 183/183/183 355/355/355
f 352/352/352 372/372/372 169/169/169
f 373/373/373 351/351/351 374/374/374
f 347/347/347 346/346/346 326/326/326
f 348/348/348 325/325/325 324/324/324
f 327/327/327 346/346/346 345/345/345
f 326/326/326 346/346/346 327/327/327
f 328/328/328 327/327/327 345/345/345
f 325/325/325 347/347/347 326/326/326
f 23/23/23 22/22/22 323/323/323
f 24/24/24 23/23/23 322/322/322
f 23/23/23 323/323/323 322/322/322
f 24/24/24 322/322/322 321/321/321
f 324/324/324 323/323/323 22/22/22
f 349/349/349 324/324/324 21/21/21
f 344/344/344 328/328/328 345/345/345
f 185/185/185 354/354/354 353/353/353
f 329/329/329 344/344/344 343/343/343
f 344/344/344 329/329/329 328/328/328
f 301/301/301 300/300/300 299/299/299
f 302/302/302 301/301/301 299/299/299
f 299/299/299 303/303/303 302/302/302
f 299/299/299 304/304/304 303/303/303
f 299/299/299 296/296/296 304/304/304
f 24/24/24 321/321/321 320/320/320
f 22/22/22 21/21/21 324/324/324
f 343/343/343 342/342/342 190/190/190
f 343/343/343 190/190/190 331/331/331
f 342/342/342 191/191/191 190/190/190
f 190/190/190 189/189/189 331/331/331
f 330/330/330 343/343/343 331/331/331
f 341/341/341 191/191/191 342/342/342
f 331/331/331 334/334/334 332/332/332
f 334/334/334 333/333/333 332/332/332
f 188/188/188 334/334/334 331/331/331
f 188/188/188 187/187/187 338/338/338
f 339/339/339 187/187/187 192/192/192
f 338/338/338 334/334/334 188/188/188
f 331/331/331 189/189/189 188/188/188
f 340/340/340 192/192/192 191/191/191
f 192/192/192 340/340/340 339/339/339
f 338/338/338 335/335/335 334/334/334
f 339/339/339 338/338/338 187/187/187
f 341/341/341 340/340/340 191/191/191
f 156/156/156 427/427/427 426/426/426
f 155/155/155 427/427/427 156/156/156
f 157/157/157 156/156/156 426/426/426
f 426/426/426 425/425/425 157/157/157
f 158/158/158 157/157/157 425/425/425
f 158/158/158 425/425/425 424/424/424
f 427/427/427 155/155/155 428/428/428
f 338/338/338 337/337/337 335/335/335
f 433/433/433 432/432/432 155/155/155
f 330/330/330 329/329/329 343/343/343
f 337/337/337 336/336/336 335/335/335
f 164/164/164 420/420/420 419/419/419
f 421/421/421 420/420/420 164/164/164
f 419/419/419 155/155/155 154/154/154
f 304/304/304 296/296/296 295/295/295
f 307/307/307 306/306/306 295/295/295
f 296/296/296 298/298/298 297/297/297
f 305/305/305 295/295/295 306/306/306
f 307/307/307 294/294/294 308/308/308
f 304/304/304 295/295/295 305/305/305
f 296/296/296 299/299/299 298/298/298
f 153/153/153 167/167/167 154/154/154
f 167/167/167 419/419/419 154/154/154
f 160/160/160 159/159/159 424/424/424
f 160/160/160 423/423/423 161/161/161
f 159/159/159 158/158/158 424/424/424
f 419/419/419 165/165/165 164/164/164
f 163/163/163 421/421/421 164/164/164
f 423/423/423 422/422/422 161/161/161
f 162/162/162 161/161/161 422/422/422
f 162/162/162 421/421/421 163/163/163
f 421/421/421 162/162/162 422/422/422
f 167/167/167 166/166/166 165/165/165
f 167/167/167 165/165/165 419/419/419
f 155/155/155 419/419/419 433/433/433
f 160/160/160 424/424/424 423/423/423
f 359/359/359 358/358/358 182/182/182
f 414/414/414 413/413/413 8/8/8
f 414/414/414 8/8/8 438/438/438
f 436/436/436 417/417/417 416/416/416
f 437/437/437 416/416/416 415/415/415
f 438/438/438 415/415/415 414/414/414
f 435/435/435 434/434/434 418/418/418
f 433/433/433 418/418/418 434/434/434
f 417/417/417 436/436/436 435/435/435
f 416/416/416 437/437/437 436/436/436
f 415/415/415 438/438/438 437/437/437
f 418/418/418 417/417/417 435/435/435
f 8/8/8 439/439/439 438/438/438
f 440/440/440 439/439/439 450/450/450
f 448/448/448 441/441/441 449/449/449
f 441/441/441 448/448/448 442/442/442
f 440/440/440 449/449/449 441/441/441
f 447/447/447 443/443/443 442/442/442
f 449/449/449 440/440/440 450/450/450
f 448/448/448 447/447/447 442/442/442
f 443/443/443 447/447/447 446/446/446
f 462/462/462 452/452/452 451/451/451
f 7/7/7 451/451/451 450/450/450
f 444/444/444 443/443/443 446/446/446
f 439/439/439 8/8/8 7/7/7
f 450/450/450 439/439/439 7/7/7
f 445/445/445 444/444/444 446/446/446
f 459/459/459 455/455/455 454/454/454
f 460/460/460 454/454/454 453/453/453
f 455/455/455 458/458/458 456/456/456
f 431/431/431 155/155/155 432/432/432
f 429/429/429 155/155/155 430/430/430
f 428/428/428 155/155/155 429/429/429
f 431/431/431 430/430/430 155/155/155
f 455/455/455 459/459/459 458/458/458
f 456/456/456 458/458/458 457/457/457
f 453/453/453 461/461/461 460/460/460
f 461/461/461 452/452/452 462/462/462
f 454/454/454 460/460/460 459/459/459
f 473/473/473 464/464/464 463/463/463
f 471/471/471 467/467/467 466/466/466
f 472/472/472 466/466/466 465/465/465
f 467/467/467 470/470/470 468/468/468
f 473/473/473 465/465/465 464/464/464
f 7/7/7 462/462/462 451/451/451
f 453/453/453 452/452/452 461/461/461
f 418/418/418 433/433/433 419/419/419
f 7/7/7 463/463/463 462/462/462
f 467/467/467 471/471/471 470/470/470
f 468/468/468 470/470/470 469/469/469
f 473/473/473 463/463/463 474/474/474
f 474/474/474 463/463/463 7/7/7
f 466/466/466 472/472/472 471/471/471
f 477/477/477 476/476/476 7/7/7
f 7/7/7 476/476/476 475/475/475
f 479/479/479 478/478/478 686/686/686
f 684/684/684 479/479/479 685/685/685
f 7/7/7 478/478/478 477/477/477
f 686/686/686 685/685/685 479/479/479
f 7/7/7 475/475/475 474/474/474
f 7/7/7 675/675/675 674/674/674
f 7/7/7 676/676/676 675/675/675
f 86/86/86 85/85/85 87/87/87
f 677/677/677 676/676/676 7/7/7
f 674/674/674 478/478/478 7/7/7
f 674/674/674 673/673/673 687/687/687
f 673/673/673 688/688/688 687/687/687
f 688/688/688 673/673/673 672/672/672
f 689/689/689 688/688/688 672/672/672
f 674/674/674 687/687/687 478/478/478
f 687/687/687 686/686/686 478/478/478
f 677/677/677 7/7/7 6/6/6
f 472/472/472 465/465/465 473/473/473
f 483/483/483 482/482/482 680/680/680
f 479/479/479 682/682/682 480/480/480
f 480/480/480 682/682/682 681/681/681
f 480/480/480 681/681/681 481/481/481
f 680/680/680 482/482/482 481/481/481
f 683/683/683 682/682/682 479/479/479
f 487/487/487 486/486/486 485/485/485
f 491/491/491 487/487/487 485/485/485
f 492/492/492 491/491/491 484/484/484
f 485/485/485 484/484/484 491/491/491
f 680/680/680 484/484/484 483/483/483
f 491/491/491 488/488/488 487/487/487
f 683/683/683 479/479/479 684/684/684
f 484/484/484 680/680/680 492/492/492
f 669/669/669 690/690/690 670/670/670
f 671/671/671 690/690/690 689/689/689
f 6/6/6 678/678/678 677/677/677
f 690/690/690 671/671/671 670/670/670
f 689/689/689 672/672/672 671/671/671
f 681/681/681 680/680/680 481/481/481
f 493/493/493 492/492/492 680/680/680
f 680/680/680 495/495/495 494/494/494
f 679/679/679 495/495/495 680/680/680
f 657/657/657 5/5/5 4/4/4
f 678/678/678 5/5/5 657/657/657
f 6/6/6 5/5/5 678/678/678
f 494/494/494 493/493/493 680/680/680
f 412/412/412 409/409/409 413/413/413
f 491/491/491 490/490/490 489/489/489
f 496/496/496 495/495/495 679/679/679
f 668/668/668 690/690/690 669/669/669
f 488/488/488 491/491/491 489/489/489
f 496/496/496 701/701/701 497/497/497
f 691/691/691 690/690/690 668/668/668
f 496/496/496 679/679/679 701/701/701
f 691/691/691 667/667/667 666/666/666
f 668/668/668 667/667/667 691/691/691
f 692/692/692 691/691/691 665/665/665
f 659/659/659 658/658/658 4/4/4
f 658/658/658 657/657/657 4/4/4
f 3/3/3 659/659/659 4/4/4
f 660/660/660 3/3/3 2/2/2
f 659/659/659 3/3/3 660/660/660
f 661/661/661 660/660/660 2/2/2
f 691/691/691 666/666/666 665/665/665
f 665/665/665 664/664/664 693/693/693
f 2/2/2 663/663/663 662/662/662
f 664/664/664 663/663/663 2/2/2
f 661/661/661 2/2/2 662/662/662
f 500/500/500 664/664/664 2/2/2
f 692/692/692 665/665/665 693/693/693
f 497/497/497 700/700/700 498/498/498
f 695/695/695 694/694/694 500/500/500
f 500/500/500 694/694/694 664/664/664
f 695/695/695 499/499/499 696/696/696
f 497/497/497 701/701/701 700/700/700
f 699/699/699 498/498/498 700/700/700
f 499/499/499 498/498/498 699/699/699
f 499/499/499 698/698/698 697/697/697
f 699/699/699 698/698/698 499/499/499
f 696/696/696 499/499/499 697/697/697
f 695/695/695 500/500/500 499/499/499
f 503/503/503 502/502/502 2/2/2
f 500/500/500 2/2/2 501/501/501
f 123/123/123 1/1/1 124/124/124
f 503/503/503 1/1/1 123/123/123
f 2/2/2 1/1/1 503/503/503
f 755/755/755 754/754/754 127/127/127
f 127/127/127 776/776/776 122/122/122
f 756/756/756 755/755/755 127/127/127
f 757/757/757 126/126/126 125/125/125
f 127/127/127 126/126/126 757/757/757
f 757/757/757 756/756/756 127/127/127
f 758/758/758 757/757/757 125/125/125
f 502/502/502 501/501/501 2/2/2
f 503/503/503 123/123/123 504/504/504
f 693/693/693 664/664/664 694/694/694
f 727/727/727 92/92/92 91/91/91
f 91/91/91 728/728/728 727/727/727
f 90/90/90 728/728/728 91/91/91
f 726/726/726 92/92/92 727/727/727
f 93/93/93 723/723/723 94/94/94
f 723/723/723 93/93/93 726/726/726
f 734/734/734 732/732/732 737/737/737
f 124/124/124 98/98/98 97/97/97
f 93/93/93 92/92/92 726/726/726
f 124/124/124 1/1/1 98/98/98
f 732/732/732 734/734/734 733/733/733
f 82/82/82 89/89/89 83/83/83
f 88/88/88 83/83/83 89/89/89
f 729/729/729 89/89/89 82/82/82
f 84/84/84 88/88/88 87/87/87
f 83/83/83 88/88/88 84/84/84
f 85/85/85 84/84/84 87/87/87
f 82/82/82 81/81/81 731/731/731
f 90/90/90 89/89/89 729/729/729
f 82/82/82 730/730/730 729/729/729
f 81/81/81 732/732/732 731/731/731
f 81/81/81 737/737/737 732/732/732
f 730/730/730 82/82/82 731/731/731
f 729/729/729 728/728/728 90/90/90
f 737/737/737 735/735/735 734/734/734
f 760/760/760 97/97/97 717/717/717
f 759/759/759 125/125/125 97/97/97
f 759/759/759 97/97/97 760/760/760
f 718/718/718 717/717/717 97/97/97
f 96/96/96 95/95/95 719/719/719
f 97/97/97 96/96/96 718/718/718
f 96/96/96 719/719/719 718/718/718
f 761/761/761 717/717/717 762/762/762
f 760/760/760 717/717/717 761/761/761
f 716/716/716 762/762/762 717/717/717
f 97/97/97 125/125/125 124/124/124
f 94/94/94 723/723/723 721/721/721
f 721/721/721 720/720/720 94/94/94
f 721/721/721 723/723/723 722/722/722
f 724/724/724 723/723/723 725/725/725
f 737/737/737 736/736/736 735/735/735
f 723/723/723 726/726/726 725/725/725
f 741/741/741 740/740/740 739/739/739
f 81/81/81 739/739/739 738/738/738
f 742/742/742 741/741/741 739/739/739
f 719/719/719 95/95/95 720/720/720
f 81/81/81 738/738/738 737/737/737
f 720/720/720 95/95/95 94/94/94
f 125/125/125 759/759/759 758/758/758
f 80/80/80 739/739/739 81/81/81
f 308/308/308 294/294/294 309/309/309
f 654/654/654 653/653/653 319/319/319
f 320/320/320 319/319/319 653/653/653
f 318/318/318 654/654/654 319/319/319
f 656/656/656 655/655/655 318/318/318
f 654/654/654 318/318/318 655/655/655
f 317/317/317 656/656/656 318/318/318
f 25/25/25 653/653/653 652/652/652
f 320/320/320 653/653/653 25/25/25
f 26/26/26 25/25/25 651/651/651
f 652/652/652 651/651/651 25/25/25
f 26/26/26 651/651/651 650/650/650
f 25/25/25 24/24/24 320/320/320
f 26/26/26 650/650/650 27/27/27
f 316/316/316 278/278/278 317/317/317
f 278/278/278 656/656/656 317/317/317
f 279/279/279 278/278/278 316/316/316
f 316/316/316 315/315/315 279/279/279
f 315/315/315 281/281/281 280/280/280
f 315/315/315 280/280/280 279/279/279
f 27/27/27 650/650/650 649/649/649
f 645/645/645 648/648/648 646/646/646
f 648/648/648 647/647/647 646/646/646
f 645/645/645 649/649/649 648/648/648
f 315/315/315 282/282/282 281/281/281
f 649/649/649 645/645/645 27/27/27
f 644/644/644 27/27/27 645/645/645
f 615/615/615 644/644/644 643/643/643
f 640/640/640 621/621/621 620/620/620
f 619/619/619 640/640/640 620/620/620
f 642/642/642 617/617/617 643/643/643
f 640/640/640 639/639/639 621/621/621
f 642/642/642 618/618/618 617/617/617
f 616/616/616 643/643/643 617/617/617
f 641/641/641 618/618/618 642/642/642
f 641/641/641 619/619/619 618/618/618
f 615/615/615 643/643/643 616/616/616
f 640/640/640 619/619/619 641/641/641
f 27/27/27 644/644/644 28/28/28
f 639/639/639 277/277/277 276/276/276
f 622/622/622 276/276/276 275/275/275
f 260/260/260 259/259/259 639/639/639
f 277/277/277 639/639/639 259/259/259
f 621/621/621 639/639/639 276/276/276
f 622/622/622 275/275/275 623/623/623
f 275/275/275 274/274/274 623/623/623
f 273/273/273 624/624/624 274/274/274
f 623/623/623 274/274/274 624/624/624
f 621/621/621 276/276/276 622/622/622
f 272/272/272 624/624/624 273/273/273
f 639/639/639 638/638/638 260/260/260
f 314/314/314 313/313/313 287/287/287
f 313/313/313 312/312/312 288/288/288
f 312/312/312 311/311/311 292/292/292
f 291/291/291 288/288/288 312/312/312
f 288/288/288 290/290/290 289/289/289
f 286/286/286 315/315/315 314/314/314
f 285/285/285 284/284/284 283/283/283 286/286/286
f 314/314/314 287/287/287 286/286/286
f 313/313/313 288/288/288 287/287/287
f 286/286/286 282/282/282 315/315/315
f 293/293/293 310/310/310 294/294/294
f 307/307/307 295/295/295 294/294/294
f 293/293/293 311/311/311 310/310/310
f 294/294/294 310/310/310 309/309/309
f 292/292/292 291/291/291 312/312/312
f 292/292/292 311/311/311 293/293/293
f 194/194/194 526/526/526 525/525/525
f 576/576/576 575/575/575 574/574/574
f 288/288/288 291/291/291 290/290/290
f 526/526/526 194/194/194 527/527/527
f 286/286/286 283/283/283 282/282/282
f 637/637/637 261/261/261 638/638/638
f 260/260/260 638/638/638 261/261/261
f 637/637/637 636/636/636 263/263/263
f 574/574/574 577/577/577 576/576/576
f 262/262/262 261/261/261 637/637/637
f 574/574/574 572/572/572 577/577/577
f 634/634/634 264/264/264 263/263/263
f 637/637/637 263/263/263 262/262/262
f 263/263/263 635/635/635 634/634/634
f 264/264/264 634/634/634 633/633/633
f 636/636/636 635/635/635 263/263/263
f 573/573/573 572/572/572 574/574/574
f 527/527/527 193/193/193 529/529/529
f 571/571/571 577/577/577 572/572/572
f 528/528/528 527/527/527 529/529/529
f 223/223/223 570/570/570 569/569/569
f 224/224/224 569/569/569 568/568/568
f 225/225/225 568/568/568 567/567/567
f 224/224/224 568/568/568 225/225/225
f 224/224/224 223/223/223 569/569/569
f 222/222/222 570/570/570 223/223/223
f 571/571/571 570/570/570 222/222/222
f 567/567/567 566/566/566 225/225/225
f 632/632/632 264/264/264 633/633/633
f 625/625/625 272/272/272 271/271/271
f 624/624/624 272/272/272 625/625/625
f 626/626/626 625/625/625 271/271/271
f 626/626/626 271/271/271 270/270/270
f 269/269/269 628/628/628 270/270/270
f 627/627/627 626/626/626 270/270/270
f 28/28/28 644/644/644 615/615/615
f 29/29/29 614/614/614 31/31/31
f 614/614/614 29/29/29 28/28/28
f 614/614/614 613/613/613 31/31/31
f 627/627/627 270/270/270 628/628/628
f 614/614/614 28/28/28 615/615/615
f 631/631/631 267/267/267 266/266/266
f 631/631/631 266/266/266 265/265/265
f 632/632/632 631/631/631 265/265/265
f 630/630/630 267/267/267 631/631/631
f 630/630/630 268/268/268 267/267/267
f 264/264/264 632/632/632 265/265/265
f 268/268/268 629/629/629 269/269/269
f 599/599/599 597/597/597 600/600/600
f 598/598/598 597/597/597 599/599/599
f 268/268/268 630/630/630 629/629/629
f 269/269/269 629/629/629 628/628/628
f 30/30/30 29/29/29 31/31/31
f 609/609/609 33/33/33 610/610/610
f 33/33/33 609/609/609 608/608/608
f 611/611/611 610/610/610 31/31/31
f 611/611/611 613/613/613 612/612/612
f 31/31/31 610/610/610 33/33/33
f 31/31/31 613/613/613 611/611/611
f 31/31/31 33/33/33 32/32/32
f 608/608/608 607/607/607 34/34/34
f 607/607/607 606/606/606 34/34/34
f 35/35/35 34/34/34 606/606/606
f 605/605/605 35/35/35 606/606/606
f 33/33/33 608/608/608 34/34/34
f 601/601/601 595/595/595 594/594/594
f 596/596/596 595/595/595 601/601/601
f 601/601/601 594/594/594 36/36/36
f 36/36/36 602/602/602 601/601/601
f 597/597/597 596/596/596 601/601/601
f 604/604/604 35/35/35 605/605/605
f 36/36/36 604/604/604 603/603/603
f 36/36/36 593/593/593 592/592/592
f 592/592/592 37/37/37 36/36/36
f 35/35/35 604/604/604 36/36/36
f 593/593/593 36/36/36 594/594/594
f 592/592/592 42/42/42 41/41/41
f 603/603/603 602/602/602 36/36/36
f 37/37/37 592/592/592 38/38/38
f 597/597/597 601/601/601 600/600/600
f 248/248/248 588/588/588 587/587/587
f 247/247/247 588/588/588 248/248/248
f 586/586/586 248/248/248 587/587/587
f 585/585/585 249/249/249 586/586/586
f 248/248/248 586/586/586 249/249/249
f 250/250/250 249/249/249 585/585/585
f 571/571/571 578/578/578 577/577/577
f 246/246/246 589/589/589 247/247/247
f 588/588/588 247/247/247 589/589/589
f 245/245/245 589/589/589 246/246/246
f 585/585/585 251/251/251 250/250/250
f 584/584/584 583/583/583 254/254/254
f 585/585/585 584/584/584 251/251/251
f 571/571/571 221/221/221 578/578/578
f 221/221/221 571/571/571 222/222/222
f 220/220/220 578/578/578 221/221/221
f 578/578/578 220/220/220 239/239/239
f 579/579/579 578/578/578 239/239/239
f 582/582/582 581/581/581 236/236/236
f 237/237/237 581/581/581 580/580/580
f 238/238/238 580/580/580 579/579/579
f 239/239/239 238/238/238 579/579/579
f 237/237/237 580/580/580 238/238/238
f 237/237/237 236/236/236 581/581/581
f 582/582/582 47/47/47 46/46/46
f 582/582/582 46/46/46 583/583/583
f 244/244/244 43/43/43 591/591/591
f 244/244/244 591/591/591 590/590/590
f 590/590/590 245/245/245 244/244/244
f 244/244/244 243/243/243 44/44/44
f 592/592/592 40/40/40 39/39/39
f 592/592/592 39/39/39 38/38/38
f 591/591/591 43/43/43 42/42/42
f 43/43/43 244/244/244 44/44/44
f 592/592/592 41/41/41 40/40/40
f 45/45/45 44/44/44 243/243/243
f 584/584/584 253/253/253 252/252/252
f 584/584/584 252/252/252 251/251/251
f 583/583/583 256/256/256 255/255/255
f 583/583/583 255/255/255 254/254/254
f 584/584/584 254/254/254 253/253/253
f 242/242/242 241/241/241 46/46/46
f 243/243/243 242/242/242 45/45/45
f 45/45/45 242/242/242 46/46/46
f 583/583/583 46/46/46 258/258/258
f 258/258/258 46/46/46 240/240/240
f 241/241/241 240/240/240 46/46/46
f 257/257/257 583/583/583 258/258/258
f 583/583/583 257/257/257 256/256/256
f 590/590/590 589/589/589 245/245/245
f 42/42/42 592/592/592 591/591/591
f 510/510/510 507/507/507 506/506/506
f 508/508/508 507/507/507 510/510/510
f 505/505/505 510/510/510 506/506/506
f 505/505/505 504/504/504 109/109/109
f 505/505/505 106/106/106 511/511/511
f 106/106/106 505/505/505 107/107/107
f 511/511/511 510/510/510 505/505/505
f 504/504/504 122/122/122 779/779/779
f 524/524/524 195/195/195 525/525/525
f 513/513/513 106/106/106 105/105/105
f 106/106/106 512/512/512 511/511/511
f 508/508/508 510/510/510 509/509/509
f 195/195/195 194/194/194 525/525/525
f 512/512/512 106/106/106 513/513/513
f 779/779/779 781/781/781 780/780/780
f 781/781/781 779/779/779 122/122/122
f 109/109/109 779/779/779 778/778/778
f 749/749/749 777/777/777 776/776/776
f 777/777/777 110/110/110 778/778/778
f 127/127/127 754/754/754 776/776/776
f 109/109/109 108/108/108 505/505/505
f 107/107/107 505/505/505 108/108/108
f 777/777/777 774/774/774 110/110/110
f 111/111/111 110/110/110 774/774/774
f 778/778/778 110/110/110 109/109/109
f 779/779/779 109/109/109 504/504/504
f 112/112/112 111/111/111 773/773/773
f 524/524/524 196/196/196 195/195/195
f 123/123/123 122/122/122 504/504/504
f 206/206/206 513/513/513 207/207/207
f 193/193/193 196/196/196 530/530/530
f 208/208/208 207/207/207 513/513/513
f 513/513/513 210/210/210 209/209/209
f 208/208/208 513/513/513 209/209/209
f 530/530/530 524/524/524 531/531/531
f 522/522/522 524/524/524 523/523/523
f 218/218/218 217/217/217 103/103/103
f 196/196/196 524/524/524 530/530/530
f 530/530/530 529/529/529 193/193/193
f 105/105/105 212/212/212 513/513/513
f 513/513/513 212/212/212 211/211/211
f 213/213/213 212/212/212 105/105/105
f 105/105/105 215/215/215 214/214/214
f 214/214/214 213/213/213 105/105/105
f 210/210/210 513/513/513 211/211/211
f 216/216/216 104/104/104 217/217/217
f 103/103/103 217/217/217 104/104/104
f 105/105/105 104/104/104 216/216/216
f 112/112/112 772/772/772 771/771/771
f 70/70/70 114/114/114 71/71/71
f 71/71/71 114/114/114 113/113/113
f 215/215/215 105/105/105 216/216/216
f 531/531/531 524/524/524 522/522/522
f 194/194/194 193/193/193 527/527/527
f 113/113/113 112/112/112 771/771/771
f 776/776/776 752/752/752 751/751/751
f 750/750/750 776/776/776 751/751/751
f 776/776/776 754/754/754 753/753/753
f 716/716/716 763/763/763 762/762/762
f 776/776/776 753/753/753 752/752/752
f 748/748/748 777/777/777 749/749/749
f 747/747/747 777/777/777 748/748/748
f 766/766/766 711/711/711 78/78/78
f 714/714/714 766/766/766 765/765/765
f 750/750/750 749/749/749 776/776/776
f 715/715/715 764/764/764 716/716/716
f 763/763/763 716/716/716 764/764/764
f 715/715/715 765/765/765 764/764/764
f 702/702/702 745/745/745 703/703/703
f 705/705/705 704/704/704 703/703/703
f 705/705/705 703/703/703 706/706/706
f 714/714/714 765/765/765 715/715/715
f 713/713/713 766/766/766 714/714/714
f 745/745/745 744/744/744 703/703/703
f 706/706/706 703/703/703 79/79/79
f 713/713/713 712/712/712 766/766/766
f 712/712/712 711/711/711 766/766/766
f 746/746/746 777/777/777 747/747/747
f 774/774/774 773/773/773 111/111/111
f 775/775/775 774/774/774 777/777/777
f 73/73/73 769/769/769 75/75/75
f 76/76/76 75/75/75 769/769/769
f 771/771/771 770/770/770 113/113/113
f 72/72/72 71/71/71 113/113/113
f 770/770/770 72/72/72 113/113/113
f 73/73/73 72/72/72 770/770/770
f 769/769/769 73/73/73 770/770/770
f 75/75/75 74/74/74 73/73/73
f 78/78/78 710/710/710 709/709/709
f 708/708/708 707/707/707 78/78/78
f 703/703/703 744/744/744 79/79/79
f 707/707/707 79/79/79 78/78/78
f 743/743/743 79/79/79 744/744/744
f 79/79/79 707/707/707 706/706/706
f 78/78/78 709/709/709 708/708/708
f 768/768/768 767/767/767 77/77/77
f 769/769/769 768/768/768 76/76/76
f 76/76/76 768/768/768 77/77/77
f 79/79/79 743/743/743 80/80/80
f 77/77/77 767/767/767 78/78/78
f 742/742/742 80/80/80 743/743/743
f 711/711/711 710/710/710 78/78/78
f 766/766/766 78/78/78 767/767/767
f 777/777/777 746/746/746 775/775/775
f 112/112/112 773/773/773 772/772/772
f 739/739/739 80/80/80 742/742/742
f 115/115/115 114/114/114 70/70/70
f 776/776/776 781/781/781 122/122/122
f 556/556/556 553/553/553 552/552/552
f 552/552/552 557/557/557 556/556/556
f 555/555/555 554/554/554 556/556/556
f 553/553/553 556/556/556 554/554/554
f 559/559/559 558/558/558 557/557/557
f 557/557/557 552/552/552 561/561/561
f 557/557/557 561/561/561 560/560/560
f 563/563/563 562/562/562 551/551/551
f 562/562/562 561/561/561 552/552/552
f 227/227/227 226/226/226 564/564/564
f 560/560/560 559/559/559 557/557/557
f 564/564/564 563/563/563 546/546/546
f 562/562/562 552/552/552 551/551/551
f 547/547/547 551/551/551 550/550/550
f 519/519/519 534/534/534 533/533/533
f 535/535/535 534/534/534 518/518/518
f 228/228/228 227/227/227 546/546/546
f 546/546/546 551/551/551 547/547/547
f 546/546/546 230/230/230 229/229/229
f 548/548/548 547/547/547 549/549/549
f 547/547/547 550/550/550 549/549/549
f 228/228/228 546/546/546 229/229/229
f 546/546/546 563/563/563 551/551/551
f 564/564/564 546/546/546 227/227/227
f 226/226/226 565/565/565 564/564/564
f 64/64/64 54/54/54 53/53/53
f 66/66/66 51/51/51 50/50/50
f 54/54/54 64/64/64 63/63/63
f 63/63/63 62/62/62 55/55/55
f 55/55/55 54/54/54 63/63/63
f 64/64/64 53/53/53 65/65/65
f 60/60/60 57/57/57 56/56/56
f 61/61/61 56/56/56 55/55/55
f 61/61/61 60/60/60 56/56/56
f 57/57/57 60/60/60 59/59/59
f 58/58/58 57/57/57 59/59/59
f 62/62/62 61/61/61 55/55/55
f 230/230/230 546/546/546 545/545/545
f 543/543/543 233/233/233 232/232/232
f 545/545/545 231/231/231 230/230/230
f 52/52/52 65/65/65 53/53/53
f 66/66/66 65/65/65 52/52/52
f 47/47/47 236/236/236 235/235/235
f 52/52/52 51/51/51 66/66/66
f 234/234/234 233/233/233 542/542/542
f 225/225/225 566/566/566 226/226/226
f 582/582/582 236/236/236 47/47/47
f 565/565/565 226/226/226 566/566/566
f 232/232/232 231/231/231 544/544/544
f 521/521/521 532/532/532 531/531/531
f 520/520/520 532/532/532 521/521/521
f 532/532/532 520/520/520 533/533/533
f 520/520/520 519/519/519 533/533/533
f 513/513/513 206/206/206 205/205/205
f 534/534/534 519/519/519 518/518/518
f 204/204/204 203/203/203 514/514/514
f 204/204/204 514/514/514 205/205/205
f 203/203/203 202/202/202 514/514/514
f 513/513/513 205/205/205 514/514/514
f 201/201/201 514/514/514 202/202/202
f 517/517/517 535/535/535 518/518/518
f 536/536/536 535/535/535 517/517/517
f 102/102/102 219/219/219 218/218/218
f 69/69/69 116/116/116 70/70/70
f 116/116/116 115/115/115 70/70/70
f 69/69/69 117/117/117 116/116/116
f 219/219/219 102/102/102 101/101/101
f 102/102/102 218/218/218 103/103/103
f 201/201/201 200/200/200 514/514/514
f 200/200/200 199/199/199 100/100/100
f 197/197/197 101/101/101 100/100/100
f 197/197/197 219/219/219 101/101/101
f 198/198/198 197/197/197 100/100/100
f 199/199/199 198/198/198 100/100/100
f 536/536/536 517/517/517 516/516/516
f 531/531/531 522/522/522 521/521/521
f 539/539/539 538/538/538 537/537/537
f 539/539/539 516/516/516 515/515/515
f 539/539/539 536/536/536 516/516/516
f 539/539/539 515/515/515 540/540/540
f 537/537/537 536/536/536 539/539/539
f 232/232/232 544/544/544 543/543/543
f 542/542/542 233/233/233 543/543/543
f 47/47/47 541/541/541 540/540/540
f 47/47/47 234/234/234 541/541/541
f 540/540/540 48/48/48 47/47/47
f 234/234/234 542/542/542 541/541/541
f 544/544/544 231/231/231 545/545/545
f 48/48/48 540/540/540 121/121/121
f 99/99/99 515/515/515 514/514/514
f 121/121/121 515/515/515 99/99/99
f 100/100/100 99/99/99 514/514/514
f 68/68/68 118/118/118 117/117/117
f 69/69/69 68/68/68 117/117/117
f 514/514/514 200/200/200 100/100/100
f 120/120/120 48/48/48 121/121/121
f 540/540/540 515/515/515 121/121/121
f 50/50/50 49/49/49 120/120/120
f 68/68/68 67/67/67 118/118/118
f 119/119/119 118/118/118 67/67/67
f 50/50/50 120/120/120 119/119/119
f 50/50/50 119/119/119 67/67/67
f 50/50/50 67/67/67 66/66/66
f 48/48/48 120/120/120 49/49/49
f 234/234/234 47/47/47 235/235/235
