# Rhino

mtllib psycheThrusterEngine1_a.mtl
usemtl diffuse_Fuchsia
v -8.7132139205932617 1.7367914915084839 0
v -8.2209043502807617 3.3694639205932617 0
v -7.4001011848449707 4.9168133735656738 0
v -6.2618107795715332 6.3028783798217773 0
v -4.8558459281921387 7.4402494430541992 0
v -3.2504849433898926 8.2686700820922852 0
v -1.5487942695617676 8.7485876083374023 0
v 0.1434018611907959 8.8834667205810547 0
v 1.7367914915084839 8.7132139205932617 0
v 3.3694639205932617 8.2209043502807617 0
v 4.9168133735656738 7.4001011848449707 0
v 6.3028783798217773 6.2618107795715332 0
v 7.4402494430541992 4.8558459281921387 0
v 8.2686700820922852 3.2504849433898926 0
v 8.7485876083374023 1.5487942695617676 0
v 8.8834667205810547 -0.1434018611907959 0
v 8.7132139205932617 -1.7367914915084839 0
v 8.2209043502807617 -3.3694639205932617 0
v 7.4001011848449707 -4.9168133735656738 0
v 6.2618107795715332 -6.3028783798217773 0
v 4.8558459281921387 -7.4402494430541992 0
v 3.2504849433898926 -8.2686700820922852 0
v 1.5487942695617676 -8.7485876083374023 0
v -0.1434018611907959 -8.8834667205810547 0
v -1.7367914915084839 -8.7132139205932617 0
v -3.3694639205932617 -8.2209043502807617 0
v -4.9168133735656738 -7.4001011848449707 0
v -6.3028783798217773 -6.2618107795715332 0
v -7.4402494430541992 -4.8558459281921387 0
v -8.2686700820922852 -3.2504849433898926 0
v -8.7485876083374023 -1.5487942695617676 0
v -8.8834667205810547 0.1434018611907959 0
v 0 0 0
v 0 4.4423122406005859 0
v -4.4423122406005859 0 0
v -4.4423122406005859 4.4423122406005859 0
v 4.4423122406005859 0 0
v 4.4423122406005859 4.4423122406005859 0
v 0 -4.4423122406005859 0
v 4.4423122406005859 -4.4423122406005859 0
v -4.4423122406005859 -4.4423122406005859 0
v -53.449542999267578 26.683504104614258 -17.293087005615234
v -57.286273956298828 23.406597137451172 -17.292901992797852
v -52.383502960205078 25.435306549072266 -17.900468826293945
v -51.280994415283203 24.144426345825195 -18.290670394897461
v -50.114551544189453 22.778697967529297 -18.46265983581543
v -48.924491882324219 21.385335922241211 -18.392301559448242
v -47.750686645507813 20.011020660400391 -18.075820922851563
v -46.605735778808594 18.670495986938477 -17.513162612915039
v -45.521717071533203 17.401332855224609 -16.717041015625
v -44.527309417724609 16.237098693847656 -15.712893486022949
v -43.645294189453125 15.204466819763184 -14.536296844482422
v -42.891006469726563 14.321391105651855 -13.229202270507813
v -42.245231628417969 13.565373420715332 -11.766607284545898
v -41.787849426269531 13.029930114746094 -10.398582458496094
v -41.393337249755859 12.568114280700684 -8.757105827331543
v -41.139873504638672 12.271444320678711 -7.0594921112060547
v -41.028125762939453 12.140706062316895 -5.2634396553039551
v -41.073768615722656 12.194249153137207 -3.4310367107391357
v -41.279258728027344 12.434946060180664 -1.6236754655838013
v -41.644626617431641 12.862833976745605 0.13925614953041077
v -42.161624908447266 13.468247413635254 1.8083471059799194
v -42.813724517822266 14.231840133666992 3.339454174041748
v -43.577831268310547 15.126560211181641 4.6974959373474121
v -44.426692962646484 16.120506286621094 5.858863353729248
v -45.376548767089844 17.232690811157227 6.8531413078308105
v -46.264995574951172 18.272958755493164 7.5573415756225586
v -47.331039428710938 19.521156311035156 8.1647233963012695
v -48.433547973632813 20.812036514282227 8.5549249649047852
v -49.599990844726563 22.177762985229492 8.7269144058227539
v -50.790050506591797 23.571126937866211 8.6565570831298828
v -51.963851928710938 24.945442199707031 8.3400754928588867
v -53.108806610107422 26.285966873168945 7.7774171829223633
v -54.192821502685547 27.555130004882813 6.9812955856323242
v -55.187229156494141 28.719364166259766 5.9771485328674316
v -56.069244384765625 29.751995086669922 4.8005514144897461
v -56.823532104492188 30.63507080078125 3.4934566020965576
v -57.469310760498047 31.391088485717773 2.0308616161346436
v -57.926692962646484 31.926530838012695 0.66283720731735229
v -58.321201324462891 32.388347625732422 -0.97863936424255371
v -58.574665069580078 32.685016632080078 -2.6762533187866211
v -58.686416625976563 32.815757751464844 -4.4723057746887207
v -58.640773773193359 32.762214660644531 -6.3047084808349609
v -58.435283660888672 32.521514892578125 -8.1120700836181641
v -58.069911956787109 32.0936279296875 -9.8750019073486328
v -57.55291748046875 31.488214492797852 -11.544092178344727
v -56.900814056396484 30.72462272644043 -13.075199127197266
v -56.136711120605469 29.829900741577148 -14.43324089050293
v -55.287845611572266 28.835954666137695 -15.594609260559082
v -54.337989807128906 27.723770141601563 -16.588886260986328
v -52.835186004638672 10.437317848205566 -16.392189025878906
v -54.359897613525391 12.221314430236816 -17.564258575439453
v -56.038158416748047 14.18497371673584 -18.273576736450195
v -57.757801055908203 16.197052001953125 -18.463415145874023
v -59.468673706054688 18.198863983154297 -18.135791778564453
v -61.120613098144531 20.131729125976563 -17.292716979980469
v -62.626476287841797 21.893669128417969 -15.974983215332031
v -63.936378479003906 23.426326751708984 -14.230393409729004
v -64.999984741210938 24.670803070068359 -12.125993728637695
v -65.776412963867188 25.579273223876953 -9.7426538467407227
v -66.237258911132813 26.118488311767578 -7.1595330238342285
v -66.360603332519531 26.262800216674805 -4.5127177238464355
v -66.147743225097656 26.013744354248047 -1.8794052600860596
v -65.599990844726563 25.37285041809082 0.66320627927780151
v -64.743858337402344 24.371124267578125 2.9809741973876953
v -63.610393524169922 23.044906616210938 4.9971294403076172
v -62.243160247802734 21.445167541503906 6.6341924667358398
v -60.694694519042969 19.633380889892578 7.829251766204834
v -59.209510803222656 17.895631790161133 8.4843597412109375
v -57.687320709228516 16.114583969116211 8.7308063507080078
v -56.163097381591797 14.331157684326172 8.5699930191040039
v -54.67181396484375 12.586274147033691 8.003321647644043
v -47.306976318359375 18.877862930297852 8.003321647644043
v -46.551109313964844 18.028591156005859 7.5573554039001465
v -45.009944915771484 16.296976089477539 6.2397103309631348
v -43.669269561767578 14.79062557220459 4.4951839447021484
v -42.580623626708984 13.567451477050781 2.3907594680786133
v -41.785884857177734 12.674504280090332 0.0072865025140345097
v -41.315666198730469 12.146176338195801 -2.563389778137207
v -41.187973022460938 12.002702713012695 -5.2226614952087402
v -41.407722473144531 12.249607086181641 -7.8682923316955566
v -41.966453552246094 12.877386093139648 -10.398573875427246
v -42.635166168212891 13.62873363494873 -12.254855155944824
v -43.486824035644531 14.585636138916016 -13.933095932006836
v -44.372959136962891 15.581275939941406 -15.232440948486328
v -45.368076324462891 16.699361801147461 -16.337026596069336
v -47.234764099121094 15.133743286132813 -16.35081672668457
v -49.101509094238281 13.568196296691895 -16.364606857299805
v -50.968318939208984 12.002720832824707 -16.378396987915039
v -52.830604553222656 14.159171104431152 8.003321647644043
v -50.989395141601563 15.732068061828613 8.003321647644043
v -49.148185729980469 17.304965972900391 8.003321647644043
v -55.117721557617188 20.867519378662109 -18.290485382080078
v -52.761219024658203 18.108428955078125 -18.392118453979492
v -53.951278686523438 19.501791000366211 -18.462474822998047
v -50.442462921142578 15.393588066101074 -17.512977600097656
v -51.587417602539063 16.734113693237305 -18.07563591003418
v -49.358448028564453 14.124425888061523 -16.716856002807617
v -52.270275115966797 17.535129547119141 8.555109977722168
v -54.626777648925781 20.294219970703125 8.6567420959472656
v -56.945533752441406 23.009059906005859 7.7776017189025879
v -55.800579071044922 21.668535232543945 8.3402595520019531
v -59.023960113525391 25.44245719909668 5.9773330688476563
v -58.029552459716797 24.278223037719727 6.9814801216125488
v -59.905975341796875 26.475088119506836 4.8007359504699707
v -60.660263061523438 27.358163833618164 3.4936411380767822
v -61.306037902832031 28.114181518554688 2.0310461521148682
v -62.157932281494141 29.111440658569336 -0.9784548282623291
v -61.763420104980469 28.649625778198242 0.6630217432975769
v -62.523143768310547 29.538848876953125 -4.4721212387084961
v -62.411396026611328 29.408111572265625 -2.6760687828063965
v -62.272010803222656 29.244609832763672 -8.1118850708007813
v -62.477500915527344 29.485305786132813 -6.3045239448547363
v -61.389644622802734 28.211307525634766 -11.54390811920166
v -61.906642913818359 28.816720962524414 -9.87481689453125
v -59.973438262939453 26.552995681762695 -14.433056831359863
v -60.737545013427734 27.447715759277344 -13.075015068054199
v -58.174716949462891 24.446863174438477 -16.588701248168945
v -59.124576568603516 25.559049606323242 -15.594424247741699
v -49.857269287109375 22.478231430053711 -4.8678727149963379
v -54.273715972900391 27.649175643920898 -4.8678727149963379
v -49.857460021972656 22.478069305419922 -11.668143272399902
v -54.273906707763672 27.649015426635742 -11.668143272399902
v -52.065681457519531 25.063541412353516 -11.668143272399902
v -54.274002075195313 27.648933410644531 -15.068278312683105
v -49.857555389404297 22.477989196777344 -15.068278312683105
v -52.065776824951172 25.063461303710938 -15.068278312683105
v -45.440822601318359 17.307285308837891 -4.8678727149963379
v -45.441013336181641 17.307123184204102 -11.668143272399902
v -47.649234771728516 19.892597198486328 -11.668143272399902
v -45.441108703613281 17.307043075561523 -15.068278312683105
v -47.649330139160156 19.892515182495117 -15.068278312683105
v -43.2327880859375 14.721651077270508 -11.668143272399902
v -43.232601165771484 14.721813201904297 -4.8678727149963379
v -45.44091796875 17.307205200195313 -8.2680072784423828
v -43.232696533203125 14.721732139587402 -8.2680072784423828
v -49.857082366943359 22.478391647338867 1.9323974847793579
v -45.440635681152344 17.30744743347168 1.9323974847793579
v -43.232410430908203 14.72197437286377 1.9323974847793579
v -45.440731048583984 17.307365417480469 -1.4677375555038452
v -43.232505798339844 14.721893310546875 -1.4677375555038452
v -45.440540313720703 17.307527542114258 5.3325324058532715
v -49.856986999511719 22.478473663330078 5.3325324058532715
v -47.648857116699219 19.892919540405273 1.9323974847793579
v -47.648761749267578 19.892999649047852 5.3325324058532715
v -54.273529052734375 27.649337768554688 1.9323974847793579
v -54.273433685302734 27.649417877197266 5.3325324058532715
v -52.065303802490234 25.063865661621094 1.9323974847793579
v -52.065208435058594 25.063945770263672 5.3325324058532715
v -56.48175048828125 30.234809875488281 1.9323974847793579
v -56.481941223144531 30.234649658203125 -4.8678727149963379
v -54.27362060546875 27.649257659912109 -1.4677375555038452
v -56.481845855712891 30.234729766845703 -1.4677375555038452
v -56.482128143310547 30.234487533569336 -11.668143272399902
v -54.273811340332031 27.64909553527832 -8.2680072784423828
v -56.482032775878906 30.234567642211914 -8.2680072784423828
v -18.921152114868164 -5.8679518699645996 6.5339183807373047
v -20.004116058349609 -5.023252010345459 7.6188297271728516
v -21.182106018066406 -4.1044507026672363 8.5145387649536133
v -22.487096786499023 -3.0866105556488037 9.2331361770629883
v -23.878410339355469 -2.0014607906341553 9.7324819564819336
v -25.310928344726563 -0.88419222831726074 9.9900121688842773
v -26.770120620727539 0.25386452674865723 9.9996852874755859
v -28.215837478637695 1.3813935518264771 9.7583227157592773
v -29.608774185180664 2.4677417278289795 9.2764768600463867
v -30.913951873779297 3.4856300354003906 8.5771389007568359
v -32.103443145751953 4.4132781028747559 7.6929144859313965
v -33.205524444580078 5.2727408409118652 6.6091651916503906
v -34.067020416259766 5.9445672035217285 5.5257167816162109
v -34.922554016113281 6.6117219924926758 4.1522812843322754
v -35.628898620605469 7.162513256072998 2.6583414077758789
v -36.195590972900391 7.6043753623962402 1.0033482313156128
v -36.589401245117188 7.9113945960998535 -0.76110738515853882
v -36.792530059814453 8.0696964263916016 -2.5778062343597412
v -36.800220489501953 8.075566291809082 -4.4283242225646973
v -36.609958648681641 7.9270520210266113 -6.2617416381835938
v -36.230068206787109 7.6306447982788086 -8.0282135009765625
v -35.678672790527344 7.2004866600036621 -9.6833829879760742
v -34.981483459472656 6.6566300392150879 -11.191832542419434
v -34.126956939697266 5.9900717735290527 -12.589423179626465
v -33.272659301757813 5.3237118721008301 -13.681909561157227
v -32.189697265625 4.4790120124816895 -14.766820907592773
v -31.011707305908203 3.5602107048034668 -15.662530899047852
v -29.706714630126953 2.5423705577850342 -16.381128311157227
v -28.315401077270508 1.4572207927703857 -16.880474090576172
v -26.882884979248047 0.33995223045349121 -17.138004302978516
v -25.423690795898438 -0.79810452461242676 -17.147676467895508
v -23.977973937988281 -1.9256335496902466 -16.906314849853516
v -22.585039138793945 -3.011981725692749 -16.424468994140625
v -21.27985954284668 -4.0298700332641602 -15.725131034851074
v -20.090370178222656 -4.9575181007385254 -14.840906143188477
v -18.988288879394531 -5.8169808387756348 -13.757157325744629
v -18.126791000366211 -6.488807201385498 -12.673707962036133
v -17.271257400512695 -7.1559619903564453 -11.300272941589355
v -16.564912796020508 -7.7067532539367676 -9.8063335418701172
v -15.998221397399902 -8.1486148834228516 -8.1513395309448242
v -15.604412078857422 -8.4556350708007813 -6.3868842124938965
v -15.401280403137207 -8.6139364242553711 -4.570185661315918
v -15.39359188079834 -8.6198062896728516 -2.7196671962738037
v -15.583852767944336 -8.4712924957275391 -0.88624995946884155
v -15.9637451171875 -8.1748847961425781 0.88022226095199585
v -16.515140533447266 -7.7447266578674316 2.5353915691375732
v -17.212329864501953 -7.2008700370788574 4.0438404083251953
v -18.066854476928711 -6.5343117713928223 5.4414310455322266
v -22.022089004516602 -9.8439111709594727 6.5341906547546387
v -32.807651519775391 -1.433588981628418 -16.380855560302734
v -32.122531890869141 -1.9679480791091919 -16.658901214599609
v -37.918827056884766 -3.8231010437011719 8.003321647644043
v -36.908496856689453 -4.6121740341186523 8.7017173767089844
v -34.932456970214844 -6.1554722785949707 9.6083393096923828
v -32.854984283447266 -7.7779860496520996 10.008391380310059
v -30.755922317504883 -9.417363166809082 9.8865013122558594
v -28.715934753417969 -11.010602951049805 9.2473526000976563
v -26.81341552734375 -12.496479034423828 8.1155080795288086
v -25.121479034423828 -13.817889213562012 6.5344629287719727
v -23.705146789550781 -14.924052238464355 4.564976692199707
v -22.618843078613281 -15.772459030151367 2.2827348709106445
v -21.904319763183594 -16.330507278442383 -0.22455693781375885
v -21.589031219482422 -16.576747894287109 -2.8605449199676514
v -21.685094833374023 -16.50172233581543 -5.5239295959472656
v -22.188819885253906 -16.108310699462891 -8.1123580932617188
v -23.080846786499023 -15.411632537841797 -10.526359558105469
v -24.326898574829102 -14.438461303710938 -12.673163414001465
v -25.879085540771484 -13.226195335388184 -14.470272064208984
v -27.677762985229492 -11.821420669555664 -15.848621368408203
v -29.653804779052734 -10.278121948242188 -16.755241394042969
v -31.73127555847168 -8.6556081771850586 -17.155294418334961
v -33.830337524414063 -7.0162310600280762 -17.033405303955078
v -35.870326995849609 -5.4229907989501953 -16.394256591796875
v -36.138130187988281 -5.2138338088989258 -16.268840789794922
v -33.673000335693359 -3.955927848815918 -16.65876579284668
v -34.358119964599609 -3.4215686321258545 -16.380718231201172
v -32.467983245849609 -1.6985139846801758 -16.526739120483398
v -34.018451690673828 -3.6864936351776123 -16.526601791381836
v -34.793685913085938 -4.680483341217041 -16.526535034179688
v -35.133354187011719 -4.4155583381652832 -16.380651473999023
v -34.189037322998047 -3.5534439086914063 -16.455345153808594
v -34.964271545410156 -4.5474338531494141 -16.455276489257813
v -34.527412414550781 -3.2895298004150391 -16.301944732666016
v -35.302642822265625 -4.2835197448730469 -16.301876068115234
v -30.400945663452148 2.3214423656463623 -16.226457595825195
v -32.059310913085938 3.7199091911315918 -15.139326095581055
v -33.545825958251953 4.9734611511230469 -13.681885719299316
v -34.920444488525391 6.1326489448547363 -11.712784767150879
v -35.974941253662109 7.0218873023986816 -9.4306936264038086
v -36.668651580810547 7.606879711151123 -6.9232463836669922
v -36.974777221679688 7.8650274276733398 -4.2868871688842773
v -36.881496429443359 7.7863645553588867 -1.6232122182846069
v -36.392440795898438 7.3739538192749023 0.96537744998931885
v -35.526512145996094 6.643733024597168 3.3792803287506104
v -34.317127227783203 5.6238842010498047 5.5257387161254883
v -33.248146057128906 4.7224326133728027 6.8711299896240234
v -32.044532775878906 3.707446813583374 8.003321647644043
v -34.704044342041016 -3.3298554420471191 -16.258245468139648
v -33.269817352294922 -1.4459843635559082 -16.247650146484375
v -31.83544921875 0.4377809464931488 -16.237054824829102
v -34.981681823730469 -0.057827178388834 8.003321647644043
v -21.724550247192383 -14.940594673156738 1.8583158254623413
v -19.356193542480469 -11.903785705566406 1.8583158254623413
v -16.987836837768555 -8.8669776916503906 1.8583158254623413
v -21.675577163696289 -14.9908447265625 -8.8428897857666016
v -21.314241409301758 -15.361601829528809 -7.3997969627380371
v -21.069980621337891 -15.612229347229004 -5.9121890068054199
v -20.944736480712891 -15.740739822387695 -4.3943591117858887
v -20.94044303894043 -15.745142936706543 -2.8606019020080566
v -21.183359146118164 -15.495896339416504 -0.4500153660774231
v -16.203634262084961 -9.1085948944091797 -0.4442141056060791
v -15.849543571472168 -9.2176914215087891 -2.8610489368438721
v -15.856103897094727 -9.2156705856323242 -4.4002995491027832
v -16.03883171081543 -9.1593704223632813 -5.919736385345459
v -16.393627166748047 -9.0500564575195313 -7.4052896499633789
v -16.916387557983398 -8.8889913558959961 -8.8428897857666016
v -19.295982360839844 -11.93991756439209 -8.8428897857666016
v -26.096906661987305 -0.27211999893188477 -3.57399582862854
v -26.096906661987305 -0.2716541588306427 3.2262742519378662
v -20.734672546386719 -4.4542407989501953 -3.57370924949646
v -20.734672546386719 -4.4537749290466309 3.2265608310699463
v -20.734672546386719 -4.4535417556762695 6.6266961097717285
v -18.053556442260742 -6.544835090637207 3.2267041206359863
v -26.096906661987305 -0.27142125368118286 6.6264095306396484
v -23.415790557861328 -2.3627145290374756 3.2264175415039063
v -23.415790557861328 -2.3624815940856934 6.6265525817871094
v -31.459138870239258 3.9100005626678467 -3.5742824077606201
v -31.459138870239258 3.9104664325714111 3.2259879112243652
v -31.459138870239258 3.9106993675231934 6.6261229515075684
v -28.778022766113281 1.8194061517715454 3.2261312007904053
v -28.778022766113281 1.8196390867233276 6.6262660026550293
v -34.140254974365234 6.0015268325805664 3.2258446216583252
v -34.140254974365234 6.001060962677002 -3.5744254589080811
v -31.459138870239258 3.9102334976196289 -0.17414721846580505
v -34.140254974365234 6.0012936592102051 -0.17429046332836151
v -26.096906661987305 -0.27258583903312683 -10.374265670776367
v -31.459138870239258 3.9095346927642822 -10.374552726745605
v -34.140254974365234 6.0005950927734375 -10.374695777893066
v -31.459138870239258 3.9097676277160645 -6.9744172096252441
v -34.140254974365234 6.0008277893066406 -6.9745607376098633
v -31.459138870239258 3.9093017578125 -13.774687767028809
v -26.096906661987305 -0.27281877398490906 -13.77440071105957
v -28.778022766113281 1.8184744119644165 -10.374409675598145
v -28.778022766113281 1.8182415962219238 -13.774544715881348
v -20.734672546386719 -4.4547066688537598 -10.373979568481445
v -20.734672546386719 -4.4549393653869629 -13.774114608764648
v -23.415790557861328 -2.3636462688446045 -10.374122619628906
v -23.415790557861328 -2.3638789653778076 -13.774257659912109
v -18.053556442260742 -6.5457668304443359 -10.373836517333984
v -20.734672546386719 -4.4544734954833984 -6.9738445281982422
v -18.053556442260742 -6.5453009605407715 -3.573566198348999
v -18.053556442260742 -6.5455336570739746 -6.973701000213623
v -20.734672546386719 -4.454007625579834 -0.17357423901557922
v -18.053556442260742 -6.5450677871704102 -0.17343099415302277
v -57.183094024658203 12.57327938079834 9.5159168243408203
v -56.013072967529297 11.203351974487305 9.1104440689086914
v -54.891822814941406 9.8905124664306641 8.4805259704589844
v -53.795417785644531 8.6067485809326172 7.600947380065918
v -52.768543243408203 7.4043807983398438 6.4860191345214844
v -51.847892761230469 6.3263750076293945 5.1676654815673828
v -51.044631958007813 5.3857994079589844 3.6569795608520508
v -50.382408142089844 4.6103520393371582 1.9935952425003052
v -49.877109527587891 4.0186276435852051 0.22538444399833679
v -49.535617828369141 3.6186935901641846 -1.5960170030593872
v -49.355850219726563 3.4081122875213623 -3.4199199676513672
v -49.330135345458984 3.3778970241546631 -5.2854461669921875
v -49.435844421386719 3.5015773773193359 -6.900639533996582
v -49.699230194091797 3.8098571300506592 -8.7022085189819336
v -50.108379364013672 4.2888078689575195 -10.428692817687988
v -50.679672241210938 4.9576020240783691 -12.116933822631836
v -51.403804779052734 5.80535888671875 -13.698122978210449
v -52.260051727294922 6.8078055381774902 -15.11575984954834
v -53.241203308105469 7.9565062522888184 -16.352655410766602
v -54.321521759033203 9.2213239669799805 -17.37238883972168
v -55.46990966796875 10.565857887268066 -18.150505065917969
v -56.652835845947266 11.950844764709473 -18.676399230957031
v -57.837379455566406 13.337738990783691 -18.953275680541992
v -59.0489501953125 14.756290435791016 -18.992954254150391
v -60.097934722900391 15.984492301940918 -18.830251693725586
v -61.267955780029297 17.354419708251953 -18.424779891967773
v -62.389205932617188 18.667259216308594 -17.79486083984375
v -63.485614776611328 19.951023101806641 -16.915281295776367
v -64.512489318847656 21.153390884399414 -15.80035400390625
v -65.433135986328125 22.231395721435547 -14.482000350952148
v -66.236404418945313 23.171972274780273 -12.971314430236816
v -66.89862060546875 23.947418212890625 -11.307929992675781
v -67.403923034667969 24.539144515991211 -9.5397195816040039
v -67.745414733886719 24.939077377319336 -7.718317985534668
v -67.925178527832031 25.149658203125 -5.8944149017333984
v -67.950897216796875 25.179874420166016 -4.0288887023925781
v -67.845184326171875 25.056194305419922 -2.4136950969696045
v -67.581802368164063 24.747913360595703 -0.61212629079818726
v -67.172653198242188 24.268962860107422 1.1143579483032227
v -66.601356506347656 23.600170135498047 2.8025991916656494
v -65.877227783203125 22.752412796020508 4.3837885856628418
v -65.020980834960938 21.749965667724609 5.801424503326416
v -64.039825439453125 20.601264953613281 7.0383214950561523
v -62.959510803222656 19.336446762084961 8.0580539703369141
v -61.811122894287109 17.991912841796875 8.8361711502075195
v -60.628192901611328 16.606925964355469 9.3620643615722656
v -59.443649291992188 15.22003173828125 9.6389408111572266
v -58.232078552246094 13.801481246948242 9.6786184310913086
v -52.085895538330078 6.6042304039001465 -9.1496477127075195
v -51.66436767578125 6.1107964515686035 -7.2381415367126465
v -51.472030639648438 5.8857226371765137 -5.1191377639770508
v -51.557609558105469 5.9860448837280273 -2.8945062160491943
v -51.942413330078125 6.436711311340332 -0.69718396663665771
v -52.611469268798828 7.2201848030090332 1.3320838212966919
v -53.514739990234375 8.2778644561767578 3.0732884407043457
v -54.578601837158203 9.523554801940918 4.449615478515625
v -55.722587585449219 10.863033294677734 5.4355754852294922
v -56.964000701904297 12.316563606262207 6.0845460891723633
v -58.340183258056641 13.92786693572998 6.3806052207946777
v -59.784976959228516 15.619480133056641 6.2487421035766602
v -61.212047576904297 17.290315628051758 5.6561427116394043
v -62.529987335205078 18.833353042602539 4.6258659362792969
v -63.660854339599609 20.157337188720703 3.234973669052124
v -64.554756164550781 21.203861236572266 1.5968190431594849
v -65.195144653320313 21.953546524047852 -0.16468696296215057
v -65.616668701171875 22.446979522705078 -2.0761935710906982
v -65.809005737304688 22.672054290771484 -4.1951971054077148
v -65.723426818847656 22.571731567382813 -6.4198288917541504
v -65.338623046875 22.121065139770508 -8.6171512603759766
v -64.669563293457031 21.337591171264648 -10.646418571472168
v -63.76629638671875 20.279911041259766 -12.38762378692627
v -62.702434539794922 19.034221649169922 -13.763950347900391
v -61.558448791503906 17.694744110107422 -14.749910354614258
v -60.317035675048828 16.241212844848633 -15.398880958557129
v -58.940853118896484 14.629909515380859 -15.694939613342285
v -57.496059417724609 12.938296318054199 -15.563076972961426
v -56.068988800048828 11.267460823059082 -14.970478057861328
v -54.751049041748047 9.7244234085083008 -13.940200805664063
v -53.620182037353516 8.4004392623901367 -12.549308776855469
v -52.726276397705078 7.3539156913757324 -10.911153793334961
v -42.856575012207031 -2.7168033123016357 5.245934009552002
v -41.869335174560547 -3.4866807460784912 6.6033878326416016
v -40.758434295654297 -4.3530158996582031 7.7835931777954102
v -39.49212646484375 -5.3405661582946777 8.8058481216430664
v -38.107318878173828 -6.4205527305603027 9.6177177429199219
v -36.648086547851563 -7.558600902557373 10.186233520507813
v -35.128780364990234 -8.7435178756713867 10.502058982849121
v -33.590831756591797 -9.9429941177368164 10.553465843200684
v -32.076564788818359 -11.124015808105469 10.343215942382813
v -30.625432968139648 -12.255818367004395 9.8879384994506836
v -29.270776748657227 -13.312389373779297 9.2157583236694336
v -27.981224060058594 -14.31820011138916 8.317347526550293
v -26.942415237426758 -15.128454208374023 7.368840217590332
v -25.872060775756836 -15.963333129882813 6.1168994903564453
v -24.941476821899414 -16.689210891723633 4.708127498626709
v -24.13545036315918 -17.317958831787109 3.1022665500640869
v -23.495321273803711 -17.817329406738281 1.3461153507232666
v -23.047090530395508 -18.167041778564453 -0.50442910194396973
v -22.798116683959961 -18.361352920532227 -2.4311661720275879
v -22.757644653320313 -18.393051147460938 -4.3815598487854004
v -22.923498153686523 -18.263830184936523 -6.3019261360168457
v -23.282560348510742 -17.983917236328125 -8.1422433853149414
v -23.812652587890625 -17.57060432434082 -9.8602170944213867
v -24.521133422851563 -17.018157958984375 -11.495636940002441
v -25.269105911254883 -16.434886932373047 -12.81307315826416
v -26.256345748901367 -15.665010452270508 -14.170527458190918
v -27.36724853515625 -14.798674583435059 -15.350732803344727
v -28.633554458618164 -13.811124801635742 -16.372987747192383
v -30.018363952636719 -12.731138229370117 -17.184856414794922
v -31.477596282958984 -11.593090057373047 -17.753374099731445
v -32.996902465820313 -10.408172607421875 -18.069198608398438
v -34.53485107421875 -9.2086963653564453 -18.12060546875
v -36.049114227294922 -8.027674674987793 -17.910354614257813
v -37.500251770019531 -6.8958725929260254 -17.455078125
v -38.854904174804688 -5.839301586151123 -16.78289794921875
v -40.144458770751953 -4.833491325378418 -15.884487152099609
v -41.183265686035156 -4.0232362747192383 -14.935979843139648
v -42.253620147705078 -3.1883575916290283 -13.684039115905762
v -43.1842041015625 -2.4624793529510498 -12.275266647338867
v -43.990234375 -1.8337310552597046 -10.669405937194824
v -44.630359649658203 -1.3343616724014282 -8.9132547378540039
v -45.078590393066406 -0.98464930057525635 -7.0627102851867676
v -45.327564239501953 -0.79033702611923218 -5.1359729766845703
v -45.368038177490234 -0.75863903760910034 -3.185579776763916
v -45.202182769775391 -0.8878597617149353 -1.2652133703231812
v -44.843124389648438 -1.1677734851837158 0.57510364055633545
v -44.313030242919922 -1.5810866355895996 2.2930777072906494
v -43.604549407958984 -2.1335337162017822 3.928497314453125
v -42.347835540771484 -3.1139674186706543 -0.37063264846801758
v -42.699291229248047 -2.8399937152862549 -2.3394997119903564
v -42.756893157958984 -2.7952146530151367 -4.4778409004211426
v -42.470211029052734 -3.0189554691314697 -6.6765055656433105
v -41.824459075927734 -3.5227353572845459 -8.7998542785644531
v -40.849319458007813 -4.2833986282348633 -10.710324287414551
v -39.6151123046875 -5.2460927963256836 -12.296616554260254
v -38.217056274414063 -6.3365483283996582 -13.494186401367188
v -36.754428863525391 -7.4773392677307129 -14.290635108947754
v -35.201927185058594 -8.6881980895996094 -14.736261367797852
v -33.515777587890625 -10.003267288208008 -14.809222221374512
v -31.782047271728516 -11.355415344238281 -14.445564270019531
v -30.107690811157227 -12.661226272583008 -13.626547813415527
v -28.60118293762207 -13.836099624633789 -12.389816284179688
v -27.350288391113281 -14.811592102050781 -10.824552536010742
v -26.405906677246094 -15.548013687133789 -9.0515174865722656
v -25.777820587158203 -16.037744522094727 -7.1966075897216797
v -25.426362991333008 -16.31171989440918 -5.2277407646179199
v -25.36876106262207 -16.356498718261719 -3.0893995761871338
v -25.65544319152832 -16.132757186889648 -0.89073461294174194
v -26.301193237304688 -15.62897777557373 1.2326143980026245
v -27.276332855224609 -14.868314743041992 3.1430838108062744
v -28.510541915893555 -13.905619621276855 4.7293763160705566
v -29.908597946166992 -12.815164566040039 5.9269461631774902
v -31.371227264404297 -11.674373626708984 6.7233943939208984
v -32.923728942871094 -10.46351432800293 7.1690211296081543
v -34.609874725341797 -9.1484460830688477 7.2419815063476563
v -36.343605041503906 -7.7962970733642578 6.878324031829834
v -38.017963409423828 -6.4904866218566895 6.0593075752258301
v -39.524471282958984 -5.3156132698059082 4.8225760459899902
v -40.775367736816406 -4.340120792388916 3.2573120594024658
v -41.719745635986328 -3.60369873046875 1.4842772483825684
v -52.934257507324219 8.8447790145874023 9.9063100814819336
v -52.0904541015625 9.5659427642822266 9.9063100814819336
v -51.943771362304688 7.6858553886413574 9.0425148010253906
v -51.006534576416016 6.5892367362976074 8.003321647644043
v -50.162731170654297 7.3104000091552734 8.003321647644043
v -41.905609130859375 -2.117811918258667 8.003321647644043
v -40.773727416992188 -3.0018157958984375 9.0696849822998047
v -40.090503692626953 -2.1270129680633545 9.0696849822998047
v -39.573139190673828 -3.9394805431365967 9.9557762145996094
v -38.889915466308594 -3.0646774768829346 9.9557762145996094
v -41.222385406494141 -1.243009090423584 8.003321647644043
v -38.217826843261719 -4.9979867935180664 10.707711219787598
v -37.534603118896484 -4.1231842041015625 10.707711219787598
v -36.819484710693359 -6.0900983810424805 11.246224403381348
v -36.136260986328125 -5.2152953147888184 11.246224403381348
v -35.331745147705078 -7.2520294189453125 11.58168888092041
v -34.648521423339844 -6.3772263526916504 11.58168888092041
v -33.784431457519531 -8.4604883193969727 11.686910629272461
v -33.101207733154297 -7.5856852531433105 11.686910629272461
v -32.249725341796875 -9.6591014862060547 11.550601005554199
v -31.566501617431641 -8.7842979431152344 11.550601005554199
v -30.722837448120117 -10.851607322692871 11.170827865600586
v -30.039613723754883 -9.9768047332763672 11.170827865600586
v -29.239622116088867 -12.010004997253418 10.550962448120117
v -28.556398391723633 -11.135202407836914 10.550962448120117
v -27.834426879882813 -13.10746955871582 9.7055559158325195
v -27.151201248168945 -12.232666969299316 9.7055559158325195
v -26.537479400634766 -14.120391845703125 8.6592178344726563
v -25.854253768920898 -13.245589256286621 8.6592178344726563
v -25.372800827026367 -15.030011177062988 7.444399356842041
v -24.6895751953125 -14.155208587646484 7.444399356842041
v -24.356925964355469 -15.823413848876953 6.0984759330749512
v -23.673702239990234 -14.948610305786133 6.0984759330749512
v -23.459878921508789 -16.524011611938477 4.5871362686157227
v -22.776653289794922 -15.649209022521973 4.5871362686157227
v -22.739410400390625 -17.086700439453125 3.0226871967315674
v -22.056184768676758 -16.211898803710938 3.0226871967315674
v -22.195180892944336 -17.511747360229492 1.4688259363174438
v -21.511955261230469 -16.636943817138672 1.4688259363174438
v -21.755977630615234 -17.854766845703125 -0.29240411520004272
v -21.072751998901367 -16.979963302612305 -0.29240411520004272
v -21.474365234375 -18.07470703125 -2.1700966358184814
v -20.791139602661133 -17.199905395507813 -2.1700966358184814
v -21.372238159179688 -18.154468536376953 -4.2241439819335938
v -20.68901252746582 -17.279666900634766 -4.2241439819335938
v -21.460556030273438 -18.085493087768555 -6.0785927772521973
v -20.77733039855957 -17.210689544677734 -6.0785927772521973
v -21.740449905395508 -17.866893768310547 -8.0190467834472656
v -21.057226181030273 -16.992090225219727 -8.0190467834472656
v -22.210241317749023 -17.499984741210938 -9.9086523056030273
v -21.527015686035156 -16.625181198120117 -9.9086523056030273
v -22.859325408935547 -16.993047714233398 -11.703481674194336
v -22.17609977722168 -16.118244171142578 -11.703481674194336
v -23.669040679931641 -16.360654830932617 -13.364514350891113
v -22.985816955566406 -15.485852241516113 -13.364514350891113
v -24.614341735839844 -15.622371673583984 -14.860383033752441
v -23.931116104125977 -14.74756908416748 -14.860383033752441
v -25.666048049926758 -14.800984382629395 -16.169107437133789
v -24.982822418212891 -13.926181793212891 -16.169107437133789
v -26.847625732421875 -13.878166198730469 -17.325822830200195
v -26.164402008056641 -13.003362655639648 -17.325822830200195
v -28.092861175537109 -12.905632019042969 -18.271821975708008
v -27.409635543823242 -12.030829429626465 -18.271821975708008
v -29.282693862915039 -11.97636604309082 -18.962724685668945
v -28.599470138549805 -11.101563453674316 -18.962724685668945
v -30.6878662109375 -10.878920555114746 -19.549169540405273
v -30.004640579223633 -10.004117965698242 -19.549169540405273
v -32.190567016601563 -9.7053050994873047 -19.930513381958008
v -31.507341384887695 -8.8305025100708008 -19.930513381958008
v -33.657703399658203 -8.5594635009765625 -20.074758529663086
v -32.974479675292969 -7.6846599578857422 -20.074758529663086
v -35.150012969970703 -7.3939633369445801 -19.996744155883789
v -34.466789245605469 -6.5191607475280762 -19.996744155883789
v -36.643222808837891 -6.2277612686157227 -19.688377380371094
v -35.959995269775391 -5.3529586791992188 -19.688377380371094
v -38.104198455810547 -5.0867323875427246 -19.150066375732422
v -37.420970916748047 -4.2119293212890625 -19.150066375732422
v -39.500495910644531 -3.9962179660797119 -18.392387390136719
v -38.817268371582031 -3.1214148998260498 -18.392387390136719
v -40.802711486816406 -2.9791793823242188 -17.435405731201172
v -40.119487762451172 -2.1043763160705566 -17.435405731201172
v -41.303291320800781 -1.1798208951950073 -16.306997299194336
v -41.981857299804688 -2.0582633018493652 -16.312009811401367
v -37.876213073730469 -4.5605854988098145 10.707711219787598
v -33.442821502685547 -8.0230865478515625 11.686910629272461
v -34.990135192871094 -6.8146281242370605 11.58168888092041
v -31.908113479614258 -9.2216997146606445 11.550601005554199
v -30.3812255859375 -10.414206504821777 11.170827865600586
v -28.89801025390625 -11.572604179382324 10.550962448120117
v -26.195867538452148 -13.682990074157715 8.6592178344726563
v -27.492815017700195 -12.67006778717041 9.7055559158325195
v -25.03118896484375 -14.592609405517578 7.444399356842041
v -24.015314102172852 -15.386012077331543 6.0984759330749512
v -22.397798538208008 -16.649299621582031 3.0226871967315674
v -23.118265151977539 -16.086610794067383 4.5871362686157227
v -21.414365768432617 -17.417366027832031 -0.29240411520004272
v -21.853567123413086 -17.074346542358398 1.4688259363174438
v -21.030624389648438 -17.717067718505859 -4.2241439819335938
v -21.13275146484375 -17.637306213378906 -2.1700966358184814
v -21.118942260742188 -17.648092269897461 -6.0785927772521973
v -21.398838043212891 -17.429492950439453 -8.0190467834472656
v -21.868627548217773 -17.062583923339844 -9.9086523056030273
v -22.517711639404297 -16.555644989013672 -11.703481674194336
v -24.272727966308594 -15.184969902038574 -14.860383033752441
v -23.327428817749023 -15.923254013061523 -13.364514350891113
v -25.324434280395508 -14.363582611083984 -16.169107437133789
v -26.506013870239258 -13.440764427185059 -17.325822830200195
v -28.941082000732422 -11.53896427154541 -18.962724685668945
v -27.751247406005859 -12.468231201171875 -18.271821975708008
v -30.346254348754883 -10.441519737243652 -19.549169540405273
v -31.848953247070313 -9.2679042816162109 -19.930513381958008
v -34.808399200439453 -6.9565620422363281 -19.996744155883789
v -33.316093444824219 -8.1220617294311523 -20.074758529663086
v -37.762584686279297 -4.6493306159973145 -19.150066375732422
v -36.301609039306641 -5.7903599739074707 -19.688377380371094
v -40.461101531982422 -2.5417778491973877 -17.435405731201172
v -39.158882141113281 -3.5588164329528809 -18.392387390136719
v -49.500251770019531 6.5352597236633301 -16.367551803588867
v -50.392246246337891 7.5789451599121094 -17.540584564208984
v -52.207233428955078 7.9941229820251465 -18.553947448730469
v -51.363433837890625 8.7152862548828125 -18.553947448730469
v -53.258579254150391 9.2242536544799805 -19.404178619384766
v -52.414775848388672 9.9454174041748047 -19.404178619384766
v -54.395053863525391 10.55399227142334 -20.081916809082031
v -53.551254272460938 11.275156021118164 -20.081916809082031
v -55.536907196044922 11.890024185180664 -20.541662216186523
v -54.693107604980469 12.611186981201172 -20.541662216186523
v -56.705112457275391 13.256887435913086 -20.802194595336914
v -55.861309051513672 13.978050231933594 -20.802194595336914
v -57.94000244140625 14.701780319213867 -20.857929229736328
v -57.096202850341797 15.422943115234375 -20.857929229736328
v -59.145633697509766 16.112432479858398 -20.696676254272461
v -58.301830291748047 16.833597183227539 -20.696676254272461
v -60.300174713134766 17.463308334350586 -20.336551666259766
v -59.456371307373047 18.184473037719727 -20.336551666259766
v -61.385959625244141 18.733737945556641 -19.801424026489258
v -60.542156219482422 19.454902648925781 -19.801424026489258
v -62.394882202148438 19.914236068725586 -19.1148681640625
v -61.551082611083984 20.635398864746094 -19.1148681640625
v -63.403007507324219 21.093795776367188 -18.218582153320313
v -62.5592041015625 21.814960479736328 -18.218582153320313
v -64.328376770019531 22.176530838012695 -17.172506332397461
v -63.484577178955078 22.897695541381836 -17.172506332397461
v -65.200225830078125 23.196645736694336 -15.936999320983887
v -64.356430053710938 23.917808532714844 -15.936999320983887
v -65.995468139648438 24.127119064331055 -14.520932197570801
v -65.151664733886719 24.848281860351563 -14.520932197570801
v -66.677101135253906 24.924671173095703 -12.979616165161133
v -65.833305358886719 25.645833969116211 -12.979616165161133
v -67.243423461914063 25.587297439575195 -11.314573287963867
v -66.399620056152344 26.308460235595703 -11.314573287963867
v -67.683097839355469 26.101739883422852 -9.5494651794433594
v -66.83929443359375 26.822902679443359 -9.5494651794433594
v -67.98626708984375 26.456462860107422 -7.7193894386291504
v -67.142463684082031 27.17762565612793 -7.7193894386291504
v -68.148590087890625 26.646389007568359 -5.8619222640991211
v -67.304786682128906 27.367551803588867 -5.8619222640991211
v -68.171417236328125 26.673095703125 -4.0145969390869141
v -67.327613830566406 27.394260406494141 -4.0145969390869141
v -68.061393737792969 26.544364929199219 -2.2124946117401123
v -67.21759033203125 27.265527725219727 -2.2124946117401123
v -67.829620361328125 26.273183822631836 -0.48625800013542175
v -66.985824584960938 26.994346618652344 -0.48625800013542175
v -67.468414306640625 25.850545883178711 1.227929949760437
v -66.624610900878906 26.571708679199219 1.227929949760437
v -67.075508117675781 25.390823364257813 2.599285364151001
v -66.231704711914063 26.11198616027832 2.599285364151001
v -66.479461669921875 24.693418502807617 4.2069869041442871
v -65.635658264160156 25.414583206176758 4.2069869041442871
v -65.803810119628906 23.902873992919922 5.6333503723144531
v -64.960014343261719 24.62403678894043 5.6333503723144531
v -65.004997253417969 22.968212127685547 6.9784727096557617
v -64.16119384765625 23.689374923706055 6.9784727096557617
v -64.088592529296875 21.895973205566406 8.2068138122558594
v -63.244796752929688 22.617137908935547 8.2068138122558594
v -63.089363098144531 20.726816177368164 9.2620973587036133
v -62.245563507080078 21.447978973388672 9.2620973587036133
v -62.010017395019531 19.463920593261719 10.139683723449707
v -61.166213989257813 20.185083389282227 10.139683723449707
v -60.864967346191406 18.124151229858398 10.822957038879395
v -60.021167755126953 18.845314025878906 10.822957038879395
v -59.676944732666016 16.734096527099609 11.296483993530273
v -58.833141326904297 17.455259323120117 11.296483993530273
v -58.470329284667969 15.322291374206543 11.553305625915527
v -57.626529693603516 16.043455123901367 11.553305625915527
v -57.269538879394531 13.917300224304199 11.595219612121582
v -56.425739288330078 14.638463020324707 11.595219612121582
v -56.097434997558594 12.54587459564209 11.432214736938477
v -55.253635406494141 13.267038345336914 11.432214736938477
v -54.974037170410156 11.231437683105469 11.081183433532715
v -54.130237579345703 11.952600479125977 11.081183433532715
v -53.858707427978516 9.9264383316040039 10.530893325805664
v -53.014907836914063 10.647602081298828 10.530893325805664
v -50.348312377929688 5.8190832138061523 -16.373817443847656
v -49.936473846435547 5.3372082710266113 -16.22636604309082
v -49.936473846435547 5.3372082710266113 6.966242790222168
v -46.896053314208984 1.7797485589981079 8.003321647644043
v -46.896053314208984 1.7797485589981079 4.9593667984008789
v -46.896053314208984 1.7797485589981079 1.9154125452041626
v -46.896053314208984 1.7797485589981079 -1.1285418272018433
v -46.896053314208984 1.7797485589981079 -4.1724963188171387
v -46.896053314208984 1.7797485589981079 -7.2164506912231445
v -46.896053314208984 1.7797485589981079 -10.260405540466309
v -46.896053314208984 1.7797485589981079 -13.304359436035156
v -46.896053314208984 1.7797485589981079 -16.34831428527832
v -48.622184753417969 3.7994158267974854 -16.361064910888672
v -48.9512939453125 4.1844925880432129 8.003321647644043
v -56.569068908691406 13.097711563110352 9.5158872604370117
v -57.443008422851563 14.120269775390625 9.6642036437988281
v -58.320201873779297 15.146631240844727 9.6852350234985352
v -59.194789886474609 16.169950485229492 9.5792665481567383
v -60.060932159423828 17.183385848999023 9.3465814590454102
v -60.523639678955078 17.724775314331055 9.1681003570556641
v -60.978919982910156 18.257480621337891 8.9538812637329102
v -61.425930023193359 18.780508041381836 8.7045125961303711
v -61.863822937011719 19.292865753173828 8.4205837249755859
v -62.291748046875 19.793560028076172 8.1026849746704102
v -62.708854675292969 20.281600952148438 7.7514052391052246
v -63.114299774169922 20.75599479675293 7.3673343658447266
v -63.507236480712891 21.215749740600586 6.9510617256164551
v -63.885822296142578 21.658716201782227 6.5044012069702148
v -64.248374938964844 22.082923889160156 6.0294795036315918
v -64.594268798828125 22.487634658813477 5.5273561477661133
v -64.922866821289063 22.872119903564453 4.9990901947021484
v -65.233558654785156 23.235645294189453 4.445742130279541
v -65.525711059570313 23.577480316162109 3.868370532989502
v -65.798698425292969 23.896888732910156 3.2680349349975586
v -66.051895141601563 24.193138122558594 2.6457948684692383
v -66.463180541992188 24.674369812011719 1.449695348739624
v -66.798774719238281 25.067033767700195 0.20209199190139771
v -67.056694030761719 25.368810653686523 -1.088539719581604
v -67.234954833984375 25.577386856079102 -2.413724422454834
v -67.331314086914063 25.690134048461914 -3.7588629722595215
v -67.344978332519531 25.706123352050781 -5.1090035438537598
v -67.276130676269531 25.625566482543945 -6.4551434516906738
v -67.124954223632813 25.448680877685547 -7.7882800102233887
v -67.008995056152344 25.313003540039063 -8.5004587173461914
v -66.869819641113281 25.150156021118164 -9.2012128829956055
v -66.707801818847656 24.960588455200195 -9.8892354965209961
v -66.523330688476563 24.744749069213867 -10.563222885131836
v -66.316795349121094 24.503086090087891 -11.221869468688965
v -66.08856201171875 24.236047744750977 -11.863868713378906
v -65.839035034179688 23.944080352783203 -12.487915992736816
v -65.568580627441406 23.627635955810547 -13.092706680297852
v -65.27838134765625 23.288089752197266 -13.6754150390625
v -64.969825744628906 22.927059173583984 -14.233442306518555
v -64.643592834472656 22.545351028442383 -14.765826225280762
v -64.300376892089844 22.143770217895508 -15.271602630615234
v -63.940864562988281 21.723119735717773 -15.749807357788086
v -63.565746307373047 21.284210205078125 -16.19947624206543
v -63.175704956054688 20.827840805053711 -16.619647979736328
v -62.771434783935547 20.354822158813477 -17.009355545043945
v -61.99432373046875 19.445560455322266 -17.64239501953125
v -61.183753967285156 18.497146606445313 -18.158929824829102
v -60.345226287841797 17.516023635864258 -18.555910110473633
v -59.484249114990234 16.508634567260742 -18.830282211303711
v -58.610309600830078 15.486075401306152 -18.978597640991211
v -57.733119964599609 14.459714889526367 -18.999629974365234
v -56.858528137207031 13.436394691467285 -18.893661499023438
v -55.992385864257813 12.42296028137207 -18.660976409912109
v -55.529682159423828 11.881569862365723 -18.482494354248047
v -55.074398040771484 11.348864555358887 -18.268274307250977
v -54.627388000488281 10.825838088989258 -18.018905639648438
v -54.189498901367188 10.313480377197266 -17.734977722167969
v -53.761573791503906 9.8127861022949219 -17.417078018188477
v -53.344463348388672 9.3247451782226563 -17.065799713134766
v -52.939018249511719 8.8503513336181641 -16.681728363037109
v -52.546085357666016 8.3905973434448242 -16.26545524597168
v -52.167499542236328 7.9476289749145508 -15.818795204162598
v -51.804946899414063 7.5234227180480957 -15.343873023986816
v -51.459053039550781 7.1187105178833008 -14.841750144958496
v -51.130451202392578 6.7342252731323242 -14.313484191894531
v -50.819759368896484 6.3706998825073242 -13.760135650634766
v -50.527606964111328 6.0288662910461426 -13.182764053344727
v -50.254619598388672 5.7094578742980957 -12.582428932189941
v -50.001426696777344 5.4132065773010254 -11.960188865661621
v -49.590137481689453 4.931976318359375 -10.764089584350586
v -49.254543304443359 4.5393128395080566 -9.5164861679077148
v -48.996627807617188 4.2375340461730957 -8.2258539199829102
v -48.818367004394531 4.0289597511291504 -6.9006695747375488
v -48.722003936767578 3.9162116050720215 -5.5555310249328613
v -48.708339691162109 3.9002232551574707 -4.205390453338623
v -48.777187347412109 3.9807794094085693 -2.8592503070831299
v -48.928363800048828 4.1576638221740723 -1.5261139869689941
v -49.044322967529297 4.2933430671691895 -0.81393486261367798
v -49.183502197265625 4.4561901092529297 -0.11318112164735794
v -49.34552001953125 4.6457576751708984 0.57484203577041626
v -49.529987335205078 4.8615965843200684 1.2488292455673218
v -49.736526489257813 5.1032595634460449 1.9074751138687134
v -49.964756011962891 5.3702983856201172 2.5494744777679443
v -50.214286804199219 5.662264347076416 3.1735222339630127
v -50.4847412109375 5.9787101745605469 3.7783126831054688
v -50.774936676025391 6.3182563781738281 4.361020565032959
v -51.08349609375 6.6792864799499512 4.9190487861633301
v -51.409725189208984 7.0609946250915527 5.4514327049255371
v -51.752941131591797 7.4625763893127441 5.9572086334228516
v -52.112453460693359 7.8832249641418457 6.4354138374328613
v -52.487575531005859 8.3221359252929688 6.8850831985473633
v -52.877613067626953 8.7785043716430664 7.3052535057067871
v -53.281883239746094 9.2515239715576172 7.6949610710144043
v -54.058994293212891 10.160784721374512 8.3280019760131836
v -54.869564056396484 11.109198570251465 8.8445367813110352
v -55.708091735839844 12.09032154083252 9.2415151596069336
v -51.456684112548828 7.115938663482666 -16.22636604309082
v -52.216789245605469 8.0053033828735352 -16.22636604309082
v -51.456684112548828 7.115938663482666 -17.385997772216797
v -52.216789245605469 8.0053033828735352 -17.385997772216797
v -49.936473846435547 5.3372082710266113 -13.907105445861816
v -49.936473846435547 5.3372082710266113 -15.066736221313477
v -50.696578979492188 6.2265734672546387 -15.066736221313477
v -48.416263580322266 3.5584785938262939 -13.907105445861816
v -48.416263580322266 3.5584785938262939 2.3277206420898438
v -49.176368713378906 4.4478435516357422 2.3277206420898438
v -48.416263580322266 3.5584785938262939 1.1680902242660522
v -49.176368713378906 4.4478435516357422 1.1680902242660522
v -49.936473846435547 5.3372082710266113 4.6469817161560059
v -48.416263580322266 3.5584785938262939 4.6469817161560059
v -51.456684112548828 7.115938663482666 6.966242790222168
v -50.696578979492188 6.2265734672546387 6.966242790222168
v -49.936473846435547 5.3372082710266113 5.8066120147705078
v -51.456684112548828 7.115938663482666 5.8066120147705078
v -50.696578979492188 6.2265734672546387 5.8066120147705078
v -52.216789245605469 8.0053033828735352 6.966242790222168
v -51.456684112548828 7.115938663482666 8.1258726119995117
v -52.216789245605469 8.0053033828735352 8.1258726119995117
v -43.249790191650391 -1.0679992437362671 7.1496195793151855
v -43.249790191650391 -1.0679992437362671 -15.539631843566895
v -44.438953399658203 -0.13925734162330627 -16.330162048339844
v -44.400833129882813 -0.16903172433376312 8.003321647644043
v -42.206272125244141 -1.8829939365386963 5.2458767890930176
v -42.837570190429688 -1.3899465799331665 4.1551203727722168
v -43.383964538574219 -0.96320915222167969 2.9963891506195068
v -43.84210205078125 -0.60540121793746948 1.7776217460632324
v -44.208629608154297 -0.31914246082305908 0.50675678253173828
v -44.367454528808594 -0.19509872794151306 -0.19924500584602356
v -44.497386932373047 -0.093622036278247833 -0.91322177648544312
v -44.598312377929688 -0.014799881726503372 -1.6337484121322632
v -44.670116424560547 0.041280247271060944 -2.3593997955322266
v -44.712688446044922 0.074530847370624542 -3.0887506008148193
v -44.725921630859375 0.084864430129528046 -3.8203756809234619
v -44.709697723388672 0.072193481028079987 -4.5528497695922852
v -44.663906097412109 0.03643050417304039 -5.2847485542297363
v -44.588672637939453 -0.022327203303575516 -6.0127172470092773
v -44.484424591064453 -0.10374528914690018 -6.7334432601928711
v -44.351505279541016 -0.20755563676357269 -7.4455618858337402
v -44.190258026123047 -0.33349013328552246 -8.1477088928222656
v -44.001026153564453 -0.48128065466880798 -8.8385200500488281
v -43.784156799316406 -0.65065914392471313 -9.5166311264038086
v -43.539985656738281 -0.84135740995407104 -10.18067741394043
v -43.26885986328125 -1.0531073808670044 -10.829294204711914
v -42.701950073242188 -1.4958668947219849 -11.97557544708252
v -42.053974151611328 -2.0019371509552002 -13.046712875366211
v -41.329521179199219 -2.5677392482757568 -14.035825729370117
v -40.533168792724609 -3.1896936893463135 -14.936037063598633
v -39.67352294921875 -3.8610806465148926 -15.737056732177734
v -38.760307312011719 -4.5743074417114258 -16.430347442626953
v -37.799774169921875 -5.3244881629943848 -17.011653900146484
v -36.798183441162109 -6.1067361831665039 -17.476718902587891
v -36.241767883300781 -6.541297435760498 -17.678245544433594
v -35.679069519042969 -6.9807672500610352 -17.843107223510742
v -35.111209869384766 -7.4242687225341797 -17.971164703369141
v -34.539310455322266 -7.8709244728088379 -18.062273025512695
v -33.964496612548828 -8.3198575973510742 -18.116292953491211
v -33.387889862060547 -8.7701902389526367 -18.133081436157227
v -32.810611724853516 -9.2210454940795898 -18.112495422363281
v -32.233791351318359 -9.6715469360351563 -18.054393768310547
v -31.660064697265625 -10.11962890625 -17.958934783935547
v -31.092046737670898 -10.563253402709961 -17.82666015625
v -30.530813217163086 -11.001579284667969 -17.65800666809082
v -29.977437973022461 -11.433768272399902 -17.453409194946289
v -29.43299674987793 -11.858979225158691 -17.21330451965332
v -28.898565292358398 -12.276372909545898 -16.938125610351563
v -28.375219345092773 -12.68510913848877 -16.628311157226563
v -27.864030838012695 -13.084348678588867 -16.284296035766602
v -26.960626602172852 -13.789912223815918 -15.564974784851074
v -26.116443634033203 -14.449222564697266 -14.742796897888184
v -25.336904525756836 -15.058045387268066 -13.823576927185059
v -24.627431869506836 -15.612147331237793 -12.813129425048828
v -23.996133804321289 -16.105194091796875 -11.722373008728027
v -23.449737548828125 -16.531932830810547 -10.563642501831055
v -22.991600036621094 -16.889739990234375 -9.344874382019043
v -22.62507438659668 -17.175998687744141 -8.074009895324707
v -22.46624755859375 -17.300043106079102 -7.3680076599121094
v -22.33631706237793 -17.401519775390625 -6.6540312767028809
v -22.235393524169922 -17.480340957641602 -5.933504581451416
v -22.16358757019043 -17.536420822143555 -5.2078533172607422
v -22.121013641357422 -17.569671630859375 -4.4785022735595703
v -22.107782363891602 -17.580005645751953 -3.7468771934509277
v -22.124006271362305 -17.56733512878418 -3.0144028663635254
v -22.169797897338867 -17.531572341918945 -2.2825045585632324
v -22.245031356811523 -17.472814559936523 -1.5545357465744019
v -22.349279403686523 -17.391395568847656 -0.83380979299545288
v -22.482198715209961 -17.287586212158203 -0.121691033244133
v -22.643444061279297 -17.161651611328125 0.5804561972618103
v -22.832675933837891 -17.013860702514648 1.2712674140930176
v -23.049549102783203 -16.844482421875 1.9493783712387085
v -23.293718338012695 -16.653783798217773 2.61342453956604
v -23.564844131469727 -16.442033767700195 3.2620418071746826
v -24.131753921508789 -15.999274253845215 4.408322811126709
v -24.779727935791016 -15.493204116821289 5.4794597625732422
v -25.504182815551758 -14.927401542663574 6.4685730934143066
v -26.300533294677734 -14.305447578430176 7.3687834739685059
v -27.160179138183594 -13.634060859680176 8.1698036193847656
v -28.073396682739258 -12.920833587646484 8.8630952835083008
v -29.033929824829102 -12.170653343200684 9.444401741027832
v -30.0355224609375 -11.388404846191406 9.9094667434692383
v -30.591934204101563 -10.95384407043457 10.110991477966309
v -31.154632568359375 -10.514373779296875 10.275854110717773
v -31.722492218017578 -10.07087230682373 10.403910636901855
v -32.294391632080078 -9.6242170333862305 10.495020866394043
v -32.869205474853516 -9.1752834320068359 10.549040794372559
v -33.445812225341797 -8.7249507904052734 10.565828323364258
v -34.023090362548828 -8.2740955352783203 10.545243263244629
v -34.59991455078125 -7.8235940933227539 10.487141609191895
v -35.173637390136719 -7.3755121231079102 10.391681671142578
v -35.741657257080078 -6.9318876266479492 10.259407043457031
v -36.302890777587891 -6.4935617446899414 10.090753555297852
v -36.856266021728516 -6.0613727569580078 9.8861560821533203
v -37.400707244873047 -5.6361618041992188 9.6460514068603516
v -37.935138702392578 -5.2187685966491699 9.3708734512329102
v -38.458484649658203 -4.8100318908691406 9.0610589981079102
v -38.969673156738281 -4.410792350769043 8.7170429229736328
v -39.873077392578125 -3.7052290439605713 7.9977221488952637
v -40.717258453369141 -3.0459184646606445 7.175544261932373
v -41.496799468994141 -2.4370954036712646 6.256324291229248
v -43.249790191650391 -1.0679992437362671 4.8806943893432617
v -45.072921752929688 0.35587465763092041 2.6117691993713379
v -45.072921752929688 0.35587465763092041 4.8806943893432617
v -45.072921752929688 0.35587465763092041 1.4773064851760864
v -44.161357879638672 -0.35606226325035095 2.6117691993713379
v -44.161357879638672 -0.35606226325035095 1.4773064851760864
v -45.072921752929688 0.35587465763092041 -11.001781463623047
v -45.072921752929688 0.35587465763092041 -8.7328567504882813
v -44.161357879638672 -0.35606226325035095 -11.001781463623047
v -45.072921752929688 0.35587465763092041 -9.8673191070556641
v -44.161357879638672 -0.35606226325035095 -9.8673191070556641
v -43.249790191650391 -1.0679992437362671 -13.270707130432129
v -45.072921752929688 0.35587465763092041 -13.270707130432129
v -36.885940551757813 -4.629791259765625 -17.808557510375977
v -36.149715423583984 -5.2047863006591797 -17.808557510375977
v -36.885940551757813 -4.629791259765625 -16.674095153808594
v -36.149715423583984 -5.2047863006591797 -16.674095153808594
v -38.720710754394531 -3.1968274116516113 -16.287918090820313
v -39.570606231689453 -2.5330550670623779 8.003321647644043
v -39.101703643798828 9.6586227416992188 8.003321647644043
v -39.101703643798828 9.6586227416992188 -16.290733337402344
v -39.101703643798828 9.6586227416992188 -12.241724014282227
v -39.101703643798828 9.6586227416992188 -8.1927156448364258
v -39.101703643798828 9.6586227416992188 -4.1437063217163086
v -39.101703643798828 9.6586227416992188 -0.094696924090385437
v -39.101703643798828 9.6586227416992188 3.9543123245239258
v -32.576133728027344 4.1557374000549316 -16.242527008056641
v -34.751323699951172 5.9900326728820801 -16.258594512939453
v -36.926513671875 7.8243279457092285 -16.274663925170898
v -36.749313354492188 7.6748976707458496 8.003321647644043
v -34.396923065185547 5.6911721229553223 8.003321647644043
v -51.167716979980469 8.4862890243530273 -16.379871368408203
v -52.417274475097656 9.9483366012573242 8.003321647644043
v -40.668296813964844 11.418807983398438 -16.30230712890625
v -42.234889984130859 13.17899227142334 -16.313879013061523
v -43.801483154296875 14.939177513122559 -16.32545280456543
v -44.571884155273438 15.804782867431641 8.003321647644043
v -41.8367919921875 12.73170280456543 8.003321647644043
v -48.401607513427734 6.8565769195556641 -16.35943603515625
v -46.426971435546875 9.385040283203125 -16.3448486328125
v -44.452339172363281 11.913504600524902 -16.33026123046875
v -43.910739898681641 3.3491897583007813 -16.326259613037109
v -41.936103820800781 5.8776535987854004 -16.311672210693359
v -39.961471557617188 8.4061174392700195 -16.297084808349609
v -39.419872283935547 -0.15819725394248962 -16.293083190917969
v -37.445240020751953 2.3702664375305176 -16.278495788574219
v -35.470603942871094 4.8987302780151367 -16.263908386230469
v -41.665306091308594 1.5954962968826294 -16.309671401977539
v -44.898056030273438 2.0849580764770508 -16.333553314208984
v -42.652622222900391 0.33126440644264221 -16.316965103149414
v -43.756889343261719 7.6317992210388184 8.003321647644043
v -39.165374755859375 4.0458035469055176 8.003321647644043
v -45.812145233154297 5.0002474784851074 8.003321647644043
v -41.220626831054688 1.4142520427703857 8.003321647644043
v -38.924869537353516 -0.37874564528465271 8.003321647644043
v -42.248252868652344 0.098476245999336243 8.003321647644043
v -39.952495574951172 -1.694521427154541 8.003321647644043
v -48.348407745361328 11.217794418334961 8.003321647644043
v -50.403659820556641 8.58624267578125 8.003321647644043
v -46.839771270751953 3.684471607208252 8.003321647644043
v -48.107902526855469 6.7932453155517578 8.003321647644043
v -49.135528564453125 5.4774694442749023 8.003321647644043
v -41.701637268066406 10.263350486755371 8.003321647644043
v -37.110118865966797 6.6773552894592285 8.003321647644043
v -46.29315185546875 13.849346160888672 8.003321647644043
v -48.412731170654297 -10.890260696411133 -0.37009993195533752
v -45.380283355712891 -7.0021138191223145 -0.37036630511283875
v -47.745891571044922 -11.410209655761719 1.5744037628173828
v -46.76898193359375 -12.171999931335449 3.365729808807373
v -45.501441955566406 -13.160477638244629 4.9116759300231934
v -44.001804351806641 -14.32999324798584 6.1115527153015137
v -42.343482971191406 -15.623300552368164 6.9008879661560059
v -40.631374359130859 -16.958587646484375 7.2458419799804688
v -38.968128204345703 -18.255794525146484 7.1660947799682617
v -37.436126708984375 -19.450666427612305 6.7239270210266113
v -35.902847290039063 -20.64655876159668 5.8783369064331055
v -34.490371704101563 -21.748266220092773 4.6395158767700195
v -33.271396636962891 -22.699081420898438 3.0321104526519775
v -32.3253173828125 -23.437078475952148 1.1303564310073853
v -31.702972412109375 -23.922603607177734 -0.9726594090461731
v -31.431035995483398 -24.13484001159668 -3.1439049243927002
v -31.493989944458008 -24.085886001586914 -5.2532038688659668
v -31.842718124389648 -23.81403923034668 -7.1960749626159668
v -32.509555816650391 -23.294088363647461 -9.1405792236328125
v -33.486469268798828 -22.532299041748047 -10.931904792785645
v -34.754009246826172 -21.543821334838867 -12.477850914001465
v -36.253643035888672 -20.374305725097656 -13.677727699279785
v -37.911968231201172 -19.080999374389648 -14.467062950134277
v -39.624076843261719 -17.745712280273438 -14.812016487121582
v -41.287322998046875 -16.448503494262695 -14.732270240783691
v -42.819324493408203 -15.253632545471191 -14.290102005004883
v -44.35260009765625 -14.057740211486816 -13.444512367248535
v -45.765079498291016 -12.956033706665039 -12.205691337585449
v -46.984054565429688 -12.005218505859375 -10.598285675048828
v -47.930133819580078 -11.267221450805664 -8.6965312957763672
v -48.552478790283203 -10.781696319580078 -6.5935153961181641
v -48.824413299560547 -10.569458961486816 -4.4222698211669922
v -48.761459350585938 -10.618412971496582 -2.3129708766937256
v -43.736534118652344 -8.2838535308837891 3.3654634952545166
v -40.969356536865234 -10.44184684753418 6.1112866401672363
v -42.468990325927734 -9.2723312377929688 4.911409854888916
v -39.31103515625 -11.735153198242188 6.9006214141845703
v -37.598926544189453 -13.070440292358398 7.2455754280090332
v -35.935676574707031 -14.367648124694824 7.1658287048339844
v -34.403675079345703 -15.562520027160645 6.7236604690551758
v -31.457921981811523 -17.860118865966797 4.6392498016357422
v -32.870399475097656 -16.758413314819336 5.8780708312988281
v -30.238946914672852 -18.810934066772461 3.0318441390991211
v -29.292869567871094 -19.548931121826172 1.1300901174545288
v -28.670522689819336 -20.034456253051758 -0.97292578220367432
v -28.398588180541992 -20.246692657470703 -3.1441714763641357
v -28.461540222167969 -20.197738647460938 -5.2534704208374023
v -28.810268402099609 -19.925891876220703 -7.1963415145874023
v -29.477108001708984 -19.405942916870117 -9.1408452987670898
v -30.454017639160156 -18.64415168762207 -10.932170867919922
v -31.721561431884766 -17.655673980712891 -12.478116989135742
v -34.8795166015625 -15.192852973937988 -14.467329025268555
v -33.221195220947266 -16.486160278320313 -13.677993774414063
v -36.591625213623047 -13.857565879821777 -14.812283515930176
v -38.254875183105469 -12.560357093811035 -14.732536315917969
v -39.786876678466797 -11.365486145019531 -14.29036808013916
v -41.320152282714844 -10.16959285736084 -13.444778442382813
v -42.732627868652344 -9.0678873062133789 -12.205957412719727
v -43.951602935791016 -8.1170721054077148 -10.598551750183105
v -44.897682189941406 -7.3790745735168457 -8.6967973709106445
v -45.520030975341797 -6.8935494422912598 -6.5937819480895996
v -45.791965484619141 -6.6813125610351563 -4.4225363731384277
v -45.729011535644531 -6.7302665710449219 -2.313237190246582
v -36.710227966308594 -20.01701545715332 3.7244861125946045
v -37.833694458007813 -19.140752792358398 4.4057512283325195
v -39.110084533691406 -18.145240783691406 4.8320722579956055
v -40.482475280761719 -17.074874877929688 4.9357385635375977
v -41.871841430664063 -15.991296768188477 4.6789407730102539
v -43.190273284912109 -14.963064193725586 4.0665526390075684
v -44.358623504638672 -14.051905632019043 3.1473238468170166
v -45.321548461914063 -13.300980567932129 2.0021982192993164
v -46.054363250732422 -12.729528427124023 0.72507768869400024
v -46.591720581054688 -12.310528755187988 -0.69979566335678101
v -46.928073883056641 -12.048312187194824 -2.3185644149780273
v -47.010017395019531 -11.98452091217041 -4.0590391159057617
v -46.807727813720703 -12.142410278320313 -5.8209834098815918
v -46.325038909912109 -12.518984794616699 -7.4929208755493164
v -45.600376129150391 -13.084266662597656 -8.9744796752929688
v -44.697559356689453 -13.788476943969727 -10.195483207702637
v -43.690628051757813 -14.573868751525879 -11.124649047851563
v -42.567157745361328 -15.450132369995117 -11.805913925170898
v -41.290771484375 -16.445644378662109 -12.232234954833984
v -39.918376922607422 -17.516010284423828 -12.335901260375977
v -38.529014587402344 -18.599588394165039 -12.079103469848633
v -37.210578918457031 -19.627819061279297 -11.466715812683105
v -36.042228698730469 -20.538978576660156 -10.547487258911133
v -35.079307556152344 -21.28990364074707 -9.4023609161376953
v -34.346492767333984 -21.861356735229492 -8.1252403259277344
v -33.809131622314453 -22.280355453491211 -6.7003674507141113
v -33.472782135009766 -22.542572021484375 -5.0815987586975098
v -33.390838623046875 -22.606363296508789 -3.3411240577697754
v -33.593124389648438 -22.44847297668457 -1.5791795253753662
v -34.075813293457031 -22.0718994140625 0.092757940292358398
v -34.80047607421875 -21.506618499755859 1.5743168592453003
v -35.703292846679688 -20.802408218383789 2.7953202724456787
v -31.94659423828125 -13.9091796875 3.7240676879882813
v -30.892436981201172 -14.731407165527344 2.7418241500854492
v -29.984224319458008 -15.439828872680664 1.486093282699585
v -29.274082183837891 -15.993785858154297 -0.0082732047885656357
v -28.812404632568359 -16.353971481323242 -1.6671832799911499
v -28.625225067138672 -16.500076293945313 -3.4084675312042236
v -28.714698791503906 -16.430410385131836 -5.1247663497924805
v -29.051183700561523 -16.168088912963867 -6.7201790809631348
v -29.582859039306641 -15.753520965576172 -8.1256589889526367
v -30.357536315917969 -15.149423599243164 -9.4626798629760742
v -31.347732543945313 -14.377227783203125 -10.614547729492188
v -32.526119232177734 -13.458240509033203 -11.515364646911621
v -33.834270477294922 -12.438024520874023 -12.101152420043945
v -35.207347869873047 -11.367148399353027 -12.338834762573242
v -36.560695648193359 -10.311636924743652 -12.225653648376465
v -37.818687438964844 -9.3304710388183594 -11.799189567565918
v -38.926994323730469 -8.4660329818725586 -11.125067710876465
v -39.981151580810547 -7.643805980682373 -10.142824172973633
v -40.889366149902344 -6.9353847503662109 -8.8870925903320313
v -41.599506378173828 -6.3814277648925781 -7.3927264213562012
v -42.061183929443359 -6.0212416648864746 -5.7338166236877441
v -42.248367309570313 -5.8751363754272461 -3.9925322532653809
v -42.158889770507813 -5.9448022842407227 -2.276233434677124
v -41.822406768798828 -6.2071242332458496 -0.68082094192504883
v -41.290733337402344 -6.6216926574707031 0.724659264087677
v -40.51605224609375 -7.2257895469665527 2.0616803169250488
v -39.525856018066406 -7.9979853630065918 3.2135477066040039
v -38.347469329833984 -8.9169721603393555 4.1143646240234375
v -37.039318084716797 -9.9371881484985352 4.7001523971557617
v -35.666240692138672 -11.008065223693848 4.9378347396850586
v -34.312896728515625 -12.063575744628906 4.8246541023254395
v -33.054901123046875 -13.044741630554199 4.3981895446777344
v -39.545806884765625 -7.9826946258544922 -0.72222620248794556
v -39.929996490478516 -7.6831316947937012 -1.7918108701705933
v -40.149417877197266 -7.5120816230773926 -2.9665267467498779
v -40.18133544921875 -7.4872722625732422 -4.2020201683044434
v -40.014762878417969 -7.6172690391540527 -5.4303655624389648
v -39.655990600585938 -7.897162914276123 -6.5893082618713379
v -39.132938385009766 -8.3051719665527344 -7.6115059852600098
v -38.490074157714844 -8.8066129684448242 -8.4506444931030273
v -37.778186798095703 -9.3618736267089844 -9.0867977142333984
v -36.934803009033203 -10.019681930541992 -9.5739707946777344
v -36.008510589599609 -10.742136001586914 -9.8521862030029297
v -35.034282684326172 -11.501957893371582 -9.8926124572753906
v -34.065685272216797 -12.257372856140137 -9.6813182830810547
v -33.151809692382813 -12.970095634460449 -9.2262821197509766
v -32.345748901367188 -13.598711967468262 -8.5629158020019531
v -31.68403434753418 -14.114742279052734 -7.7476139068603516
v -31.182376861572266 -14.50593376159668 -6.8447856903076172
v -30.798191070556641 -14.805496215820313 -5.7752008438110352
v -30.578769683837891 -14.976547241210938 -4.6004848480224609
v -30.546850204467773 -15.00135612487793 -3.3649914264678955
v -30.713422775268555 -14.871358871459961 -2.136646032333374
v -31.072195053100586 -14.591465950012207 -0.97770339250564575
v -31.595247268676758 -14.183456420898438 0.044494029134511948
v -32.238109588623047 -13.682015419006348 0.88363313674926758
v -32.950000762939453 -13.126754760742188 1.51978600025177
v -33.793384552001953 -12.46894645690918 2.0069594383239746
v -34.719676971435547 -11.746492385864258 2.2851746082305908
v -35.693901062011719 -10.98667049407959 2.3256008625030518
v -36.662498474121094 -10.231255531311035 2.1143064498901367
v -37.576377868652344 -9.5185327529907227 1.659270167350769
v -38.382434844970703 -8.8899164199829102 0.9959036111831665
v -39.044151306152344 -8.3738861083984375 0.18060204386711121
v -40.304958343505859 -7.3905677795410156 0.0035015558823943138
v -40.304958343505859 -7.3909063339233398 -4.935513973236084
v -38.357692718505859 -8.9091129302978516 2.4731132984161377
v -34.463161468505859 -11.946540832519531 2.4733214378356934
v -40.304958343505859 -7.3910751342773438 -7.4050216674804688
v -32.515895843505859 -13.465254783630371 2.4734253883361816
v -40.127723693847656 -17.352149963378906 -3.7830874919891357
v -44.309440612792969 -14.090530395507813 -0.72180777788162231
v -43.80035400390625 -14.487516403198242 0.19208845496177673
v -43.127220153808594 -15.012450218200684 1.0153682231903076
v -42.306785583496094 -15.652278900146484 1.6812028884887695
v -41.377620697021484 -16.376922607421875 2.1315577030181885
v -40.395416259765625 -17.142953872680664 2.3309061527252197
v -39.422397613525391 -17.901836395263672 2.2746920585632324
v -38.514850616455078 -18.609668731689453 1.9887076616287231
v -37.713630676269531 -19.234590530395508 1.5202044248580933
v -36.993015289306641 -19.796657562255859 0.87462812662124634
v -36.343860626220703 -20.303005218505859 0.021010421216487885
v -35.818862915039063 -20.712533950805664 -1.0194181203842163
v -35.463783264160156 -20.98954963684082 -2.1977455615997314
v -35.306632995605469 -21.112199783325195 -3.4433517456054688
v -35.350997924804688 -21.077682495117188 -4.6773157119750977
v -35.576545715332031 -20.901851654052734 -5.8282570838928223
v -35.946010589599609 -20.61376953125 -6.8443670272827148
v -36.455097198486328 -20.21678352355957 -7.7582635879516602
v -37.128231048583984 -19.691848754882813 -8.58154296875
v -37.948665618896484 -19.052021026611328 -9.2473783493041992
v -38.877826690673828 -18.327375411987305 -9.6977329254150391
v -39.860034942626953 -17.561346054077148 -9.8970813751220703
v -40.833053588867188 -16.802463531494141 -9.8408670425415039
v -41.7406005859375 -16.094629287719727 -9.5548830032348633
v -42.541820526123047 -15.469709396362305 -9.0863790512084961
v -43.262435913085938 -14.907641410827637 -8.4408035278320313
v -43.911590576171875 -14.401293754577637 -7.5871853828430176
v -44.436588287353516 -13.991765022277832 -6.5467567443847656
v -44.791667938232422 -13.714750289916992 -5.3684296607971191
v -44.948818206787109 -13.592099189758301 -4.1228232383728027
v -44.904449462890625 -13.626617431640625 -2.8888590335845947
v -44.678905487060547 -13.802447319030762 -1.7379179000854492
v -40.127723693847656 -17.351940155029297 -0.72137480974197388
v -42.541984558105469 -15.469216346740723 -3.7832164764404297
v -42.541984558105469 -15.46900749206543 -0.72150379419326782
v -37.713466644287109 -19.235082626342773 -3.7829585075378418
v -37.713466644287109 -19.234872817993164 -0.72124582529067993
v -40.127723693847656 -17.352359771728516 -6.8447999954223633
v -37.713466644287109 -19.235292434692383 -6.8446712493896484
v -42.541984558105469 -15.469426155090332 -6.8449292182922363
v -34.328411102294922 -16.963098526000977 3.7242767810821533
v -32.366039276123047 -18.493745803833008 1.486302375793457
v -31.194221496582031 -19.407890319824219 -1.6669740676879883
v -31.655899047851563 -19.047702789306641 -0.00806400366127491
v -31.007040023803711 -19.553995132446289 -3.4082581996917725
v -31.096515655517578 -19.484329223632813 -5.1245574951171875
v -31.96467399597168 -18.807437896728516 -8.1254501342773438
v -31.433000564575195 -19.222005844116211 -6.7199697494506836
v -33.729549407958984 -17.431144714355469 -10.614337921142578
v -32.739353179931641 -18.203342437744141 -9.4624710083007813
v -34.907936096191406 -16.51215934753418 -11.515154838562012
v -36.216087341308594 -15.491942405700684 -12.100942611694336
v -37.589164733886719 -14.421066284179688 -12.338625907897949
v -38.942512512207031 -13.365554809570313 -12.225444793701172
v -40.200504302978516 -12.38438892364502 -11.798979759216309
v -41.308811187744141 -11.519950866699219 -11.124857902526855
v -42.362968444824219 -10.697723388671875 -10.14261531829834
v -43.271183013916016 -9.9893026351928711 -8.8868837356567383
v -43.9813232421875 -9.4353456497192383 -7.3925175666809082
v -44.630180358886719 -8.9290542602539063 -3.9923231601715088
v -44.443000793457031 -9.0751590728759766 -5.733607292175293
v -44.540706634521484 -8.9987201690673828 -2.2760241031646729
v -44.2042236328125 -9.2610416412353516 -0.68061172962188721
v -43.67254638671875 -9.6756105422973633 0.72486847639083862
v -42.897869110107422 -10.279706954956055 2.0618896484375
v -41.907672882080078 -11.051902770996094 3.213756799697876
v -40.729286193847656 -11.970890045166016 4.1145734786987305
v -39.421134948730469 -12.991106033325195 4.7003612518310547
v -38.048057556152344 -14.061983108520508 4.9380440711975098
v -36.694709777832031 -15.117493629455566 4.8248634338378906
v -35.436717987060547 -16.098659515380859 4.3983988761901855
v -41.927623748779297 -11.036612510681152 -0.72201699018478394
v -42.531234741210938 -10.565999031066895 -2.9663176536560059
v -42.396579742431641 -10.671186447143555 -5.4301562309265137
v -42.563152313232422 -10.541190147399902 -4.2018113136291504
v -42.037807464599609 -10.951080322265625 -6.5890994071960449
v -41.514755249023438 -11.359089851379395 -7.6112966537475586
v -40.160003662109375 -12.415791511535645 -9.0865888595581055
v -40.871891021728516 -11.860530853271484 -8.4504356384277344
v -39.316616058349609 -13.073599815368652 -9.5737619400024414
v -38.390323638916016 -13.796053886413574 -9.8519773483276367
v -37.416099548339844 -14.555875778198242 -9.8924036026000977
v -35.533622741699219 -16.024013519287109 -9.2260723114013672
v -36.447502136230469 -15.311290740966797 -9.6811094284057617
v -34.727565765380859 -16.652629852294922 -8.5627059936523438
v -34.065849304199219 -17.168659210205078 -7.7474045753479004
v -33.564193725585938 -17.559850692749023 -6.844576358795166
v -33.180007934570313 -17.859415054321289 -5.7749919891357422
v -32.960586547851563 -18.030464172363281 -4.600275993347168
v -33.095237731933594 -17.925277709960938 -2.136436939239502
v -32.928668975830078 -18.055273056030273 -3.3647823333740234
v -33.454010009765625 -17.645383834838867 -0.97749418020248413
v -33.977062225341797 -17.237373352050781 0.044703230261802673
v -35.331813812255859 -16.180671691894531 1.5199952125549316
v -34.619926452636719 -16.735933303833008 0.8838423490524292
v -37.101493835449219 -14.800410270690918 2.285383939743042
v -36.175201416015625 -15.52286434173584 2.0071687698364258
v -38.075717926025391 -14.04058837890625 2.3258099555969238
v -39.044315338134766 -13.285173416137695 2.1145157814025879
v -39.958194732666016 -12.572450637817383 1.6594793796539307
v -40.764251708984375 -11.94383430480957 0.99611282348632813
v -41.425968170166016 -11.427803993225098 0.18081125617027283
v -59.584781646728516 0.19951385259628296 -9.149287223815918
v -60.262989044189453 0.99348032474517822 -10.994760513305664
v -61.184780120849609 2.0726535320281982 -12.646794319152832
v -62.327972412109375 3.4110691547393799 -14.016267776489258
v -63.637779235839844 4.9445867538452148 -15.010802268981934
v -65.049697875976563 6.5976881980895996 -15.576008796691895
v -66.475517272949219 8.2670793533325195 -15.692135810852051
v -67.832481384277344 9.8558807373046875 -15.392363548278809
v -69.057334899902344 11.290027618408203 -14.749549865722656
v -70.255851745605469 12.693355560302734 -13.705352783203125
v -71.328727722167969 13.949600219726563 -12.286088943481445
v -72.218086242675781 14.990994453430176 -10.525905609130859
v -72.863929748535156 15.747288703918457 -8.5091571807861328
v -73.230949401855469 16.177125930786133 -6.3351593017578125
v -73.306304931640625 16.265480041503906 -4.1397519111633301
v -73.111557006835938 16.037582397460938 -2.0503406524658203
v -72.69403076171875 15.548830032348633 -0.16432623565196991
v -72.015823364257813 14.754863739013672 1.6811466217041016
v -71.094032287597656 13.675689697265625 3.3331804275512695
v -69.950843811035156 12.337274551391602 4.7026543617248535
v -68.641036987304688 10.803756713867188 5.6971893310546875
v -67.229110717773438 9.1506557464599609 6.2623953819274902
v -65.803298950195313 7.4812636375427246 6.3785223960876465
v -64.446334838867188 5.8924622535705566 6.0787496566772461
v -63.221477508544922 4.4583163261413574 5.4359359741210938
v -62.022960662841797 3.0549883842468262 4.3917393684387207
v -60.950084686279297 1.7987433671951294 2.9724752902984619
v -60.060726165771484 0.75734949111938477 1.2122924327850342
v -59.414878845214844 0.0010544729884713888 -0.80445587635040283
v -59.047866821289063 -0.42878147959709167 -2.9784538745880127
v -58.972507476806641 -0.51713722944259644 -5.1738615036010742
v -59.167255401611328 -0.28923875093460083 -7.263272762298584
v -55.835338592529297 3.4018721580505371 -9.1494674682617188
v -70.936851501464844 13.49144458770752 -0.39275801181793213
v -71.360702514648438 13.987629890441895 -1.8081235885620117
v -71.619453430175781 14.29049015045166 -3.4112958908081055
v -71.670341491699219 14.349977493286133 -5.1301093101501465
v -71.490043640136719 14.138778686523438 -6.8651361465454102
v -71.082672119140625 13.661721229553223 -8.5064458847045898
v -70.480369567871094 12.956438064575195 -9.9556703567504883
v -69.735626220703125 12.084400177001953 -11.144680976867676
v -68.908905029296875 11.116391181945801 -12.043905258178711
v -67.989715576171875 10.040127754211426 -12.696478843688965
v -66.948539733886719 8.8210611343383789 -13.094818115234375
v -65.832260131835938 7.5140690803527832 -13.173103332519531
v -64.705429077148438 6.194756031036377 -12.895411491394043
v -63.63946533203125 4.9467144012451172 -12.268088340759277
v -62.698238372802734 3.8447415828704834 -11.340620994567871
v -61.925998687744141 2.9406418800354004 -10.19384765625
v -61.341960906982422 2.256899356842041 -8.9208555221557617
v -60.918106079101563 1.7607135772705078 -7.5054898262023926
v -60.65936279296875 1.4578537940979004 -5.9023175239562988
v -60.608470916748047 1.39836585521698 -4.1835041046142578
v -60.788768768310547 1.6095649003982544 -2.4484772682189941
v -61.196140289306641 2.0866222381591797 -0.80716782808303833
v -61.798446655273438 2.7919056415557861 0.64205694198608398
v -62.543186187744141 3.6639437675476074 1.8310672044754028
v -63.369907379150391 4.6319522857666016 2.7302913665771484
v -64.289100646972656 5.7082157135009766 3.3828659057617188
v -65.330276489257813 6.9272823333740234 3.7812044620513916
v -66.446556091308594 8.2342748641967773 3.8594903945922852
v -67.573379516601563 9.5535879135131836 3.5817983150482178
v -68.639350891113281 10.801629066467285 2.9544751644134521
v -69.580574035644531 11.90360164642334 2.0270075798034668
v -70.352813720703125 12.80770206451416 0.88023418188095093
v -65.136940002441406 18.445079803466797 -0.39303699135780334
v -64.519462585449219 17.722183227539063 0.93972879648208618
v -63.725086212158203 16.79216194152832 2.0936942100524902
v -62.775516510009766 15.680422782897949 3.0031840801239014
v -61.717666625976563 14.44188404083252 3.6040730476379395
v -60.603908538818359 13.137869834899902 3.8626136779785156
v -59.503025054931641 11.848905563354492 3.7746038436889648
v -58.476802825927734 10.647345542907715 3.3758018016815186
v -57.569999694824219 9.5855884552001953 2.7300124168395996
v -56.704460144042969 8.5721263885498047 1.7792950868606567
v -55.955047607421875 7.6946191787719727 0.55619549751281738
v -55.364418029785156 7.0030055046081543 -0.90587300062179565
v -54.974216461181641 6.5460491180419922 -2.5346848964691162
v -54.806354522705078 6.3494133949279785 -4.2495918273925781
v -54.863559722900391 6.4162960052490234 -5.9446954727172852
v -55.122608184814453 6.7195086479187012 -7.524846076965332
v -55.54205322265625 7.2105355262756348 -8.9211339950561523
v -56.159538269042969 7.9334321022033691 -10.253900527954102
v -56.953910827636719 8.8634529113769531 -11.407865524291992
v -57.903480529785156 9.9751930236816406 -12.317355155944824
v -58.961330413818359 11.21373176574707 -12.918244361877441
v -60.075088500976563 12.517745971679688 -13.176785469055176
v -61.175971984863281 13.806710243225098 -13.088775634765625
v -62.202194213867188 15.008270263671875 -12.689972877502441
v -63.108997344970703 16.070028305053711 -12.044183731079102
v -63.974536895751953 17.083488464355469 -11.093466758728027
v -64.723945617675781 17.960996627807617 -9.8703670501708984
v -65.3145751953125 18.652610778808594 -8.4082984924316406
v -65.704780578613281 19.109567642211914 -6.7794866561889648
v -65.872642517089844 19.306201934814453 -5.0645794868469238
v -65.815437316894531 19.239320755004883 -3.3694756031036377
v -65.556388854980469 18.936107635498047 -1.789325475692749
v -56.706371307373047 8.5738620758056641 -7.1471991539001465
v -56.46429443359375 8.290492057800293 -6.0325469970703125
v -56.36431884765625 8.1735029220581055 -4.8351836204528809
v -56.422054290771484 8.2411708831787109 -3.6022331714630127
v -56.641887664794922 8.4986295700073242 -2.4027061462402344
v -57.014446258544922 8.9348964691162109 -1.2976818084716797
v -57.512283325195313 9.5178356170654297 -0.35043174028396606
v -58.095829010009766 10.201118469238281 0.3988800048828125
v -58.722133636474609 10.934451103210449 0.93716788291931152
v -59.446037292480469 11.782045364379883 1.3098603487014771
v -60.223663330078125 12.692527770996094 1.4637491703033447
v -61.024406433105469 13.630064010620117 1.3747982978820801
v -61.803451538085938 14.542180061340332 1.0362535715103149
v -62.521125793457031 15.382430076599121 0.46255722641944885
v -63.136341094970703 16.102703094482422 -0.30403271317481995
v -63.623008728027344 16.672460556030273 -1.2025887966156006
v -63.972625732421875 17.081754684448242 -2.1669721603393555
v -64.214706420898438 17.365123748779297 -3.2816245555877686
v -64.314682006835938 17.482112884521484 -4.4789881706237793
v -64.256942749023438 17.414445877075195 -5.7119383811950684
v -64.037109375 17.156986236572266 -6.9114651679992676
v -63.66455078125 16.720720291137695 -8.0164899826049805
v -63.166717529296875 16.137779235839844 -8.9637393951416016
v -62.583168029785156 15.454497337341309 -9.7130517959594727
v -61.956863403320313 14.721164703369141 -10.251338958740234
v -61.232959747314453 13.873571395874023 -10.624032020568848
v -60.455333709716797 12.963088989257813 -10.777920722961426
v -59.654590606689453 12.025551795959473 -10.688969612121582
v -58.875545501708984 11.113435745239258 -10.350424766540527
v -58.157871246337891 10.273185729980469 -9.776728630065918
v -57.542655944824219 9.552912712097168 -9.0101385116577148
v -57.055988311767578 8.9831552505493164 -8.1115827560424805
v -62.506278991699219 3.6202259063720703 -7.1469202041625977
v -62.861232757568359 4.0357646942138672 -8.123295783996582
v -63.356708526611328 4.6158370971679688 -9.0313005447387695
v -63.983531951904297 5.3497014045715332 -9.802250862121582
v -64.714042663574219 6.2049832344055176 -10.373317718505859
v -65.505050659179688 7.1311020851135254 -10.701786041259766
v -66.305877685546875 8.0687379837036133 -10.774875640869141
v -67.068672180175781 8.9618587493896484 -10.610774993896484
v -67.756767272949219 9.7675285339355469 -10.251060485839844
v -68.390861511230469 10.509980201721191 -9.7045574188232422
v -68.980545043945313 11.200448036193848 -8.941680908203125
v -69.481216430664063 11.786703109741211 -7.9765572547912598
v -69.852066040039063 12.22097110748291 -6.8517651557922363
v -70.065353393554688 12.470768928527832 -5.6338229179382324
v -70.11279296875 12.526375770568848 -4.4007434844970703
v -70.006179809570313 12.401620864868164 -3.2262122631072998
v -69.772537231445313 12.128117561340332 -2.1666932106018066
v -69.417579650878906 11.712578773498535 -1.1903172731399536
v -68.922103881835938 11.132506370544434 -0.28231316804885864
v -68.295280456542969 10.398642539978027 0.48863723874092102
v -67.564765930175781 9.543360710144043 1.059704065322876
v -66.773765563964844 8.6172418594360352 1.3881728649139404
v -65.972938537597656 7.6796059608459473 1.4612624645233154
v -65.210136413574219 6.7864851951599121 1.2971615791320801
v -64.522041320800781 5.9808149337768555 0.93744689226150513
v -63.887950897216797 5.2383627891540527 0.39094424247741699
v -63.298267364501953 4.5478959083557129 -0.3719327449798584
v -62.797595977783203 3.9616398811340332 -1.3370559215545654
v -62.426750183105469 3.5273723602294922 -2.461848258972168
v -62.213459014892578 3.2775747776031494 -3.6797904968261719
v -62.166023254394531 3.2219679355621338 -4.912869930267334
v -62.272632598876953 3.3467228412628174 -6.0874013900756836
v -66.139404296875 7.8741717338562012 -4.6568069458007813
v -64.150970458984375 5.5460362434387207 -4.6568069458007813
v -63.156753540039063 4.3819689750671387 -4.6568069458007813
v -64.151054382324219 5.5459637641906738 -7.7185192108154297
v -63.156841278076172 4.3818960189819336 -7.7185192108154297
v -65.145187377929688 6.7101039886474609 -4.6568069458007813
v -66.139488220214844 7.8740992546081543 -7.7185192108154297
v -65.145271301269531 6.7100315093994141 -7.7185192108154297
v -68.127838134765625 10.202306747436523 -4.6568069458007813
v -67.133621215820313 9.0382394790649414 -4.6568069458007813
v -68.1279296875 10.202234268188477 -7.7185192108154297
v -67.133705139160156 9.0381669998168945 -7.7185192108154297
v -69.122055053710938 11.366374969482422 -4.6568069458007813
v -69.122146606445313 11.366302490234375 -7.7185192108154297
v -68.127754211425781 10.202380180358887 -1.5950939655303955
v -69.121971130371094 11.366447448730469 -1.5950939655303955
v -66.139320373535156 7.8742446899414063 -1.5950939655303955
v -67.133537292480469 9.0383119583129883 -1.5950939655303955
v -64.150886535644531 5.5461091995239258 -1.5950939655303955
v -65.145103454589844 6.710176944732666 -1.5950939655303955
v -63.156669616699219 4.3820414543151855 -1.5950939655303955
v -68.036895751953125 15.968262672424316 -0.39289748668670654
v -59.6063232421875 6.0970439910888672 -7.1470599174499512
v -59.264270782470703 5.6966848373413086 -4.8350439071655273
v -59.541843414306641 6.0218114852905273 -2.40256667137146
v -59.322006225585938 5.7643527984619141 -3.6020936965942383
v -59.914398193359375 6.4580783843994141 -1.2975422143936157
v -60.412235260009766 7.041018009185791 -0.35029226541519165
v -61.622089385986328 8.4576330184936523 0.93730741739273071
v -60.995784759521484 7.7243003845214844 0.3990195095539093
v -63.123615264892578 10.215709686279297 1.4638886451721191
v -62.345989227294922 9.3052272796630859 1.3099998235702515
v -63.924362182617188 11.15324592590332 1.3749377727508545
v -64.703407287597656 12.065361976623535 1.0363930463790894
v -65.42108154296875 12.905611991882324 0.46269673109054565
v -66.036293029785156 13.625885963439941 -0.30389320850372314
v -66.522964477539063 14.195643424987793 -1.2024492025375366
v -66.872581481933594 14.604935646057129 -2.1668326854705811
v -67.114654541015625 14.8883056640625 -3.281484842300415
v -67.214630126953125 15.005294799804688 -4.4788484573364258
v -67.156898498535156 14.937626838684082 -5.7117986679077148
v -66.564506530761719 14.243901252746582 -8.0163497924804688
v -66.937065124511719 14.680168151855469 -6.9113259315490723
v -66.066673278808594 13.660962104797363 -8.9636001586914063
v -65.483123779296875 12.977679252624512 -9.7129116058349609
v -64.856819152832031 12.244346618652344 -10.251199722290039
v -64.132911682128906 11.396753311157227 -10.623891830444336
v -63.355289459228516 10.486270904541016 -10.77778148651123
v -62.554546356201172 9.5487337112426758 -10.688830375671387
v -61.775501251220703 8.6366176605224609 -10.350285530090332
v -61.057823181152344 7.7963676452636719 -9.7765893936157227
v -60.442611694335938 7.0760941505432129 -9.0099992752075195
v -59.955944061279297 6.5063366889953613 -8.1114435195922852
v -16.346965789794922 -21.216737747192383 -13.48331356048584
v -10.833314895629883 -23.461423873901367 -13.48331356048584
v -2.4639644622802734 -21.866140365600586 -13.48331356048584
v -3.3521468639373779 -13.92044734954834 -13.48331356048584
v -20.167964935302734 -16.585668563842773 -13.48331356048584
v -12.572296142578125 -15.619185447692871 -13.48331356048584
v -12.618759155273438 -15.146711349487305 -13.48331356048584
v -10.691091537475586 -17.645751953125 -13.48331356048584
v -15.167861938476563 -16.266435623168945 -13.48331356048584
v -12.929476737976074 -16.956094741821289 -13.48331356048584
v -11.533367156982422 -20.379480361938477 -13.48331356048584
v -16.010137557983398 -19.000162124633789 -13.48331356048584
v -6.2143206596374512 -19.025070190429688 -13.48331356048584
v -14.04866886138916 -16.611265182495117 -13.48331356048584
v -12.718907356262207 -16.272661209106445 -13.48331356048584
v -13.838100433349609 -15.92783260345459 -13.48331356048584
v -15.58899974822998 -17.633298873901367 -13.48331356048584
v -13.77175235748291 -19.689821243286133 -13.48331356048584
v -11.112229347229004 -19.012615203857422 -13.48331356048584
v -13.350614547729492 -18.322957992553711 -13.48331356048584
v -7.0565967559814453 -21.758796691894531 -13.48331356048584
v -11.301252365112305 -16.572385787963867 -13.48331356048584
v -11.936774253845215 -16.095785140991211 -13.48331356048584
v -4.324735164642334 -15.217343330383301 -13.48331356048584
v -7.8129940032958984 -15.894865036010742 -13.48331356048584
v -16.393362045288086 -15.866189956665039 -13.48331356048584
v -10.833314895629883 -23.461423873901367 6.2275652885437012
v -16.346965789794922 -21.216737747192383 6.2275652885437012
v -16.346965789794922 -21.216737747192383 -0.34272781014442444
v -16.346965789794922 -21.216737747192383 -6.9130206108093262
v -10.833314895629883 -23.461423873901367 -3.6278743743896484
v -2.4639644622802734 -21.866140365600586 6.2275652885437012
v -2.4639644622802734 -21.866140365600586 -3.6278743743896484
v -20.167964935302734 -16.585668563842773 6.2275652885437012
v -12.618759155273438 -15.146711349487305 6.2275652885437012
v -16.393362045288086 -15.866189956665039 6.2275652885437012
v -20.167964935302734 -16.585668563842773 1.8583158254623413
v -16.393362045288086 -15.866189956665039 1.8583158254623413
v -12.618759155273438 -15.146711349487305 1.8583158254623413
v -18.386295318603516 -18.745061874389648 -3.6278743743896484
v -20.425624847412109 -16.273384094238281 1.8583158254623413
v -18.386295318603516 -18.745061874389648 1.2998454570770264
v -19.405960083007813 -17.509222030639648 -3.6278743743896484
v -19.405960083007813 -17.509222030639648 1.2998454570770264
v -19.405960083007813 -17.509222030639648 3.7637052536010742
v -19.915792465209961 -16.891304016113281 1.2998454570770264
v -19.915792465209961 -16.891304016113281 3.7637052536010742
v -19.915792465209961 -16.891304016113281 2.5317754745483398
v -19.405960083007813 -17.509222030639648 -1.164014458656311
v -19.915792465209961 -16.891304016113281 -3.6278743743896484
v -19.915792465209961 -16.891304016113281 -1.164014458656311
v -18.386295318603516 -18.745061874389648 -8.5555944442749023
v -19.405960083007813 -17.509222030639648 -8.5555944442749023
v -20.425624847412109 -16.273384094238281 -8.8428897857666016
v -20.167964935302734 -16.585668563842773 -8.8428897857666016
v -19.405960083007813 -17.509222030639648 -11.019454002380371
v -19.915792465209961 -16.891304016113281 -8.5555944442749023
v -19.915792465209961 -16.891304016113281 -11.019454002380371
v -19.915792465209961 -16.891304016113281 -9.7875242233276367
v -19.405960083007813 -17.509222030639648 -6.0917339324951172
v -19.915792465209961 -16.891304016113281 -6.0917339324951172
v -20.425624847412109 -16.273384094238281 -3.4922869205474854
v -3.3521468639373779 -13.92044734954834 6.2275652885437012
v -3.3521468639373779 -13.92044734954834 -3.6278743743896484
v -12.618759155273438 -15.146711349487305 -8.8428897857666016
v -16.393362045288086 -15.866189956665039 -8.8428897857666016
v -12.572296142578125 -15.619185447692871 -15.171342849731445
v -11.936774253845215 -16.095785140991211 -15.171342849731445
v -11.301252365112305 -16.572385787963867 -15.171342849731445
v -10.752228736877441 -14.468159675598145 -15.171342849731445
v -11.417018890380859 -15.354623794555664 -15.171342849731445
v -9.6114988327026367 -15.323633193969727 -15.171342849731445
v -10.276289939880371 -16.21009635925293 -15.171342849731445
v -4.324735164642334 -15.217343330383301 -15.171342849731445
v -2.2900328636169434 -12.504173278808594 -15.171342849731445
v -13.271635055541992 -8.5077457427978516 -15.171342849731445
v -7.8129940032958984 -15.894865036010742 -15.171342849731445
v -6.7634830474853516 -9.1493749618530273 -15.171342849731445
v -11.236932754516602 -5.7945756912231445 -15.171342849731445
v -12.572296142578125 -15.619185447692871 -14.327328681945801
v -11.301252365112305 -16.572385787963867 -14.327328681945801
v -7.8129940032958984 -15.894865036010742 -14.455667495727539
v -7.8129940032958984 -15.894865036010742 -13.969490051269531
v -9.5571231842041016 -16.233625411987305 -14.455667495727539
v -9.5571231842041016 -16.233625411987305 -13.969490051269531
v -7.8129940032958984 -15.894865036010742 -14.94184398651123
v -9.5571231842041016 -16.233625411987305 -14.94184398651123
v 4.7086210250854492 -3.1718330383300781 6.2275652885437012
v -4.2382793426513672 3.5377650260925293 4.3114256858825684
v -4.2382793426513672 3.5377650260925293 6.2275652885437012
v -1.2559791803359985 1.3012323379516602 6.2275652885437012
v 1.7263208627700806 -0.93530029058456421 6.2275652885437012
v 4.7086210250854492 -3.1718330383300781 4.3114256858825684
v 1.7263208627700806 -0.93530029058456421 4.3114256858825684
v -1.2559791803359985 1.3012323379516602 4.3114256858825684
v -8.7549571990966797 -2.484990119934082 6.2275652885437012
v -13.271635055541992 -8.5077457427978516 6.2275652885437012
v -13.271635055541992 -8.5077457427978516 -4.4718890190124512
v -11.236932754516602 -5.7945756912231445 -0.78221845626831055
v -11.236932754516602 -5.7945756912231445 -7.976780891418457
v -10.727472305297852 -5.1152358055114746 4.3114256858825684
v -10.727472305297852 -5.1152358055114746 2.1557128429412842
v -10.727472305297852 -5.1152358055114746 0
v -11.013296127319336 -5.4963679313659668 0.81366884708404541
v -10.714734077453613 -5.0982499122619629 0
v -10.714734077453613 -5.0982499122619629 -0.78221845626831055
v -12.142465591430664 -7.0020565986633301 -4.6002273559570313
v -12.142465591430664 -7.0020565986633301 0.81366884708404541
v -12.142465591430664 -7.0020565986633301 -1.8932793140411377
v -11.577880859375 -6.2492122650146484 0.81366884708404541
v -11.577880859375 -6.2492122650146484 -4.6002273559570313
v -11.577880859375 -6.2492122650146484 -1.8932793140411377
v -11.013296127319336 -5.4963679313659668 -0.53980529308319092
v -10.731003761291504 -5.1199455261230469 0.81366884708404541
v -10.731003761291504 -5.1199455261230469 -0.53980529308319092
v -11.013296127319336 -5.4963679313659668 3.5206170082092285
v -10.731003761291504 -5.1199455261230469 0.13693177700042725
v -11.013296127319336 -5.4963679313659668 2.1671428680419922
v -10.731003761291504 -5.1199455261230469 3.5206170082092285
v -12.142465591430664 -7.0020565986633301 3.5206170082092285
v -11.577880859375 -6.2492122650146484 3.5206170082092285
v -10.731003761291504 -5.1199455261230469 -0.20143674314022064
v -11.013296127319336 -5.4963679313659668 0.13693177700042725
v -10.872150421142578 -5.3081564903259277 0.81366884708404541
v -10.872150421142578 -5.3081564903259277 -0.53980529308319092
v -10.872150421142578 -5.3081564903259277 0.13693177700042725
v -11.577880859375 -6.2492122650146484 -0.53980529308319092
v -11.295588493347168 -5.8727898597717285 0.81366884708404541
v -11.295588493347168 -5.8727898597717285 -1.8932793140411377
v -10.731003761291504 -5.1199455261230469 -0.0322524793446064
v -10.872150421142578 -5.3081564903259277 -0.20143674314022064
v -10.801576614379883 -5.2140512466430664 0.13693177700042725
v -10.801576614379883 -5.2140512466430664 -0.53980529308319092
v -10.801576614379883 -5.2140512466430664 -0.20143674314022064
v -10.731003761291504 -5.1199455261230469 0.47530031204223633
v -10.731003761291504 -5.1199455261230469 1.4904059171676636
v -10.801576614379883 -5.2140512466430664 -0.0322524793446064
v -10.766290664672852 -5.1669983863830566 0.13693177700042725
v -10.766290664672852 -5.1669983863830566 -0.20143674314022064
v -10.766290664672852 -5.1669983863830566 -0.0322524793446064
v -10.872150421142578 -5.3081564903259277 0.47530031204223633
v -10.801576614379883 -5.2140512466430664 0.81366884708404541
v -10.801576614379883 -5.2140512466430664 0.47530031204223633
v -11.013296127319336 -5.4963679313659668 1.4904059171676636
v -10.872150421142578 -5.3081564903259277 2.1671428680419922
v -10.872150421142578 -5.3081564903259277 1.4904059171676636
v -11.577880859375 -6.2492122650146484 2.1671428680419922
v -11.295588493347168 -5.8727898597717285 3.5206170082092285
v -11.295588493347168 -5.8727898597717285 2.1671428680419922
v -10.731003761291504 -5.1199455261230469 0.30611604452133179
v -2.2900328636169434 -12.504173278808594 -7.976780891418457
v -2.2900328636169434 -12.504173278808594 -0.78221845626831055
v -5.2723326683044434 -10.267641067504883 -0.78221845626831055
v -8.2546329498291016 -8.0311079025268555 -0.78221845626831055
v -0.94122779369354248 -10.705612182617188 -0.78221845626831055
v -2.3536977767944336 -10.525012969970703 -0.78221845626831055
v -3.7639720439910889 -10.183067321777344 -0.78221845626831055
v -5.1445155143737793 -9.6785783767700195 -0.78221845626831055
v -6.4675202369689941 -9.0166339874267578 -0.78221845626831055
v -7.7066950798034668 -8.2085762023925781 -0.78221845626831055
v -8.8389797210693359 -7.2713780403137207 -0.78221845626831055
v -9.8459482192993164 -6.226478099822998 -0.78221845626831055
v -10.782052040100098 -4.9991655349731445 0
v -10.748506546020508 -5.0487852096557617 0
v -10.754907608032227 -5.0572967529296875 0
v -9.6155586242675781 6.9846487045288086 4.3114256858825684
v -10.395112991333008 5.7607216835021973 4.3114256858825684
v -11.04338550567627 4.3918037414550781 4.3114256858825684
v -11.525792121887207 2.898345947265625 4.3114256858825684
v -11.812088966369629 1.3110508918762207 4.3114256858825684
v -11.880030632019043 -0.33040562272071838 4.3114256858825684
v -11.718496322631836 -1.9801861047744751 4.3114256858825684
v -11.329339027404785 -3.5903172492980957 4.3114256858825684
v -5.9423122406005859 5.9423122406005859 4.3114256858825684
v -8.9134683609008789 5.9423122406005859 4.3114256858825684
v -5.9423122406005859 2.971156120300293 4.3114256858825684
v -8.9134683609008789 2.971156120300293 4.3114256858825684
v -1.7304298877716064 -11.75797176361084 4.3114256858825684
v 5.9423122406005859 -5.9423122406005859 4.3114256858825684
v -0.075393140316009521 -11.884385108947754 4.3114256858825684
v 1.6001572608947754 -11.776408195495605 4.3114256858825684
v 3.2462985515594482 -11.432665824890137 4.3114256858825684
v 4.8145432472229004 -10.865747451782227 4.3114256858825684
v 6.2624969482421875 -10.100763320922852 4.3114256858825684
v 7.5574407577514648 -9.1722068786621094 4.3114256858825684
v 8.678253173828125 -8.1198654174804688 4.3114256858825684
v 9.6155586242675781 -6.9846487045288086 4.3114256858825684
v 10.725978851318359 -5.1183662414550781 4.3114256858825684
v 11.511446952819824 -2.9548084735870361 4.3114256858825684
v 11.870247840881348 -0.5843920111656189 4.3114256858825684
v 11.738119125366211 1.8603343963623047 4.3114256858825684
v 11.107847213745117 4.226111888885498 4.3114256858825684
v 10.03368091583252 6.3694219589233398 4.3114256858825684
v 8.6177186965942383 8.1840829849243164 4.3114256858825684
v 6.9846487045288086 9.6155586242675781 4.3114256858825684
v 5.1183662414550781 10.725978851318359 4.3114256858825684
v 2.9548084735870361 11.511446952819824 4.3114256858825684
v 0.5843920111656189 11.870247840881348 4.3114256858825684
v -1.8603343963623047 11.738119125366211 4.3114256858825684
v -4.226111888885498 11.107847213745117 4.3114256858825684
v -6.3694219589233398 10.03368091583252 4.3114256858825684
v -8.1840829849243164 8.6177186965942383 4.3114256858825684
v 5.9423122406005859 -8.9134683609008789 4.3114256858825684
v 2.971156120300293 -5.9423122406005859 4.3114256858825684
v 2.971156120300293 -8.9134683609008789 4.3114256858825684
v -1.7304298877716064 -11.75797176361084 0
v -1.7304298877716064 -11.75797176361084 2.1557128429412842
v -0.075393140316009521 -11.884385108947754 0
v 1.6001572608947754 -11.776408195495605 0
v 3.2462985515594482 -11.432665824890137 0
v 4.8145432472229004 -10.865747451782227 0
v 6.2624969482421875 -10.100763320922852 0
v 7.5574407577514648 -9.1722068786621094 0
v 8.678253173828125 -8.1198654174804688 0
v 9.6155586242675781 -6.9846487045288086 0
v 10.791847229003906 -4.9779844284057617 0
v 10.791847229003906 -4.9779844284057617 1.7053484916687012
v 11.487934112548828 -3.0449390411376953 1.7053484916687012
v 11.849495887756348 -0.91309452056884766 1.7053484916687012
v 11.810291290283203 1.3271458148956299 1.7053484916687012
v 11.338956832885742 3.559823751449585 1.7053484916687012
v 10.449609756469727 5.6612677574157715 1.7053484916687012
v 9.2013511657714844 7.5219302177429199 1.7053484916687012
v 7.6861939430236816 9.0645856857299805 1.7053484916687012
v 6.0101633071899414 10.252913475036621 1.7053484916687012
v 4.1545138359069824 11.134823799133301 1.7053484916687012
v 2.0682830810546875 11.703269004821777 1.7053484916687012
v -0.16504140198230743 11.883478164672852 1.7053484916687012
v -2.4331271648406982 11.632892608642578 1.7053484916687012
v -4.6115150451660156 10.953456878662109 1.7053484916687012
v -6.5853996276855469 9.8932704925537109 1.7053484916687012
v -8.2689218521118164 8.5363473892211914 1.7053484916687012
v -9.6155586242675781 6.9846487045288086 1.7053484916687012
v -10.432368278503418 5.6929764747619629 1.7053484916687012
v -11.091524124145508 4.2687678337097168 1.7053484916687012
v -11.563935279846191 2.7422080039978027 1.7053484916687012
v -11.828718185424805 1.1513957977294922 1.7053484916687012
v -11.87569522857666 -0.4606175422668457 1.7053484916687012
v -11.706550598144531 -2.0496256351470947 1.7053484916687012
v -11.334427833557129 -3.5742180347442627 1.7053484916687012
v -10.782052040100098 -4.9991655349731445 1.7053484916687012
v -10.769737243652344 -5.025639533996582 0.26946410536766052
v -10.769737243652344 -5.025639533996582 0.13473205268383026
v -10.748691558837891 -5.0704951286315918 0.26946410536766052
v -10.748691558837891 -5.0704951286315918 0.13473205268383026
v -12.747130393981934 -13.841325759887695 -10.014123916625977
v -12.747130393981934 -13.841325759887695 -12.721072196960449
v -12.659712791442871 -14.730256080627441 -12.721072196960449
v -13.119089126586914 -10.0589599609375 1.8583158254623413
v -13.119089126586914 -10.0589599609375 -8.8428897857666016
v -13.119089126586914 -10.0589599609375 -3.4922869205474854
v -0.94122779369354248 -10.705612182617188 0
v 0.67823690176010132 -8.5461406707763672 6.2275652885437012
v -17.409748077392578 -12.5631103515625 1.8583158254623413
v -19.71015739440918 -13.001591682434082 1.8583158254623413
v -19.377641677856445 -14.746067047119141 1.8583158254623413
v -20.527847290039063 -14.96530818939209 1.8583158254623413
v -20.361589431762695 -15.837545394897461 1.8583158254623413
v -19.211383819580078 -15.618305206298828 1.8583158254623413
v -19.952743530273438 -14.855687141418457 1.8583158254623413
v -19.786487579345703 -15.727925300598145 1.8583158254623413
v -17.077232360839844 -14.307585716247559 1.8583158254623413
v -18.559951782226563 -12.782350540161133 1.8583158254623413
v -18.227437973022461 -14.526825904846191 1.8583158254623413
v -17.38746452331543 -12.576679229736328 -8.8428897857666016
v -19.678369522094727 -13.013348579406738 -8.8428897857666016
v -19.347492218017578 -14.749228477478027 -8.8428897857666016
v -20.492946624755859 -14.967563629150391 -8.8428897857666016
v -20.327507019042969 -15.835503578186035 -8.8428897857666016
v -19.18205451965332 -15.617168426513672 -8.8428897857666016
v -19.920219421386719 -14.858396530151367 -8.8428897857666016
v -19.754781723022461 -15.726335525512695 -8.8428897857666016
v -17.056587219238281 -14.312558174133301 -8.8428897857666016
v -18.532917022705078 -12.795013427734375 -8.8428897857666016
v -18.20203971862793 -14.530893325805664 -8.8428897857666016
v -8.4890174865722656 5.420562744140625 1.7053484916687012
v 5.0934104919433594 8.6525936126708984 1.7053484916687012
v 8.4890174865722656 5.420562744140625 1.7053484916687012
v -10.104358673095703 -5.916874885559082 1.7053484916687012
v -9.3254375457763672 -6.7957015037536621 1.7053484916687012
v -8.4475297927856445 -7.6201643943786621 1.7053484916687012
v -7.4759120941162109 -8.3746852874755859 1.7053484916687012
v -6.4190154075622559 -9.0443239212036133 1.7053484916687012
v -5.2883296012878418 -9.6155595779418945 1.7053484916687012
v -4.0980749130249023 -10.077058792114258 1.7053484916687012
v -2.8646504878997803 -10.420333862304688 1.7053484916687012
v -1.6058990955352783 -10.640233993530273 1.7053484916687012
v -0.3402550220489502 -10.735193252563477 1.7053484916687012
v 0.91414064168930054 -10.707234382629395 1.7053484916687012
v 2.1402692794799805 -10.561716079711914 1.7053484916687012
v 3.3229331970214844 -10.306864738464355 1.7053484916687012
v 4.4492707252502441 -9.9531688690185547 1.7053484916687012
v 5.5090627670288086 -9.5126895904541016 1.7053484916687012
v 6.4948325157165527 -8.9983673095703125 1.7053484916687012
v 7.6730194091796875 -8.2300586700439453 1.7053484916687012
v 8.8023109436035156 -7.3011975288391113 1.7053484916687012
v 9.852290153503418 -6.2139644622802734 1.7053484916687012
v -8.7132139205932617 1.7367914915084839 1.7053484916687012
v -8.5219106674194336 2.5126869678497314 1.7053484916687012
v -8.2517185211181641 3.2932794094085693 1.7053484916687012
v -7.8989830017089844 4.0672621726989746 1.7053484916687012
v -7.4621410369873047 4.822136402130127 1.7053484916687012
v -6.9421100616455078 5.5446963310241699 1.7053484916687012
v -6.3425321578979492 6.2216424942016602 1.7053484916687012
v -5.6698355674743652 6.8402862548828125 1.7053484916687012
v -4.9330759048461914 7.3892698287963867 1.7053484916687012
v -4.1435589790344238 7.8592281341552734 1.7053484916687012
v -3.3142693042755127 8.2433109283447266 1.7053484916687012
v -2.4591681957244873 8.5375080108642578 1.7053484916687012
v -1.5924397706985474 8.740748405456543 1.7053484916687012
v -0.72776299715042114 8.8547677993774414 1.7053484916687012
v 0.12231326848268509 8.8837823867797852 1.7053484916687012
v 0.94684499502182007 8.8340272903442383 1.7053484916687012
v 1.7367914915084839 8.7132139205932617 1.7053484916687012
v 2.5126869678497314 8.5219106674194336 1.7053484916687012
v 3.2932794094085693 8.2517185211181641 1.7053484916687012
v 4.0672621726989746 7.8989830017089844 1.7053484916687012
v 4.822136402130127 7.4621410369873047 1.7053484916687012
v 5.5446963310241699 6.9421100616455078 1.7053484916687012
v 6.2216424942016602 6.3425321578979492 1.7053484916687012
v 6.8402862548828125 5.6698355674743652 1.7053484916687012
v 7.3892698287963867 4.9330759048461914 1.7053484916687012
v 7.8592281341552734 4.1435589790344238 1.7053484916687012
v 8.2433109283447266 3.3142693042755127 1.7053484916687012
v 8.5375080108642578 2.4591681957244873 1.7053484916687012
v 8.740748405456543 1.5924397706985474 1.7053484916687012
v 8.8547677993774414 0.72776299715042114 1.7053484916687012
v 8.8837823867797852 -0.12231326848268509 1.7053484916687012
v 8.8340272903442383 -0.94684499502182007 1.7053484916687012
v 8.7132139205932617 -1.7367914915084839 1.7053484916687012
v 8.5219106674194336 -2.5126869678497314 1.7053484916687012
v 8.2517185211181641 -3.2932794094085693 1.7053484916687012
v 7.8989830017089844 -4.0672621726989746 1.7053484916687012
v 7.4621410369873047 -4.822136402130127 1.7053484916687012
v 6.9421100616455078 -5.5446963310241699 1.7053484916687012
v 6.3425321578979492 -6.2216424942016602 1.7053484916687012
v 5.6698355674743652 -6.8402862548828125 1.7053484916687012
v 4.9330759048461914 -7.3892698287963867 1.7053484916687012
v 4.1435589790344238 -7.8592281341552734 1.7053484916687012
v 3.3142693042755127 -8.2433109283447266 1.7053484916687012
v 2.4591681957244873 -8.5375080108642578 1.7053484916687012
v 1.5924397706985474 -8.740748405456543 1.7053484916687012
v 0.72776299715042114 -8.8547677993774414 1.7053484916687012
v -0.12231326848268509 -8.8837823867797852 1.7053484916687012
v -0.94684499502182007 -8.8340272903442383 1.7053484916687012
v -1.7367914915084839 -8.7132139205932617 1.7053484916687012
v -2.5126869678497314 -8.5219106674194336 1.7053484916687012
v -3.2932794094085693 -8.2517185211181641 1.7053484916687012
v -4.0672621726989746 -7.8989830017089844 1.7053484916687012
v -4.822136402130127 -7.4621410369873047 1.7053484916687012
v -5.5446963310241699 -6.9421100616455078 1.7053484916687012
v -6.2216424942016602 -6.3425321578979492 1.7053484916687012
v -6.8402862548828125 -5.6698355674743652 1.7053484916687012
v -7.3892698287963867 -4.9330759048461914 1.7053484916687012
v -7.8592281341552734 -4.1435589790344238 1.7053484916687012
v -8.2433109283447266 -3.3142693042755127 1.7053484916687012
v -8.5375080108642578 -2.4591681957244873 1.7053484916687012
v -8.740748405456543 -1.5924397706985474 1.7053484916687012
v -8.8547677993774414 -0.72776299715042114 1.7053484916687012
v -8.8837823867797852 0.12231326848268509 1.7053484916687012
v -8.8340272903442383 0.94684499502182007 1.7053484916687012
v -8.4890174865722656 3.8045473098754883 1.7053484916687012
v -10.186820983886719 3.8045473098754883 1.7053484916687012
v 5.0934104919433594 10.268609046936035 1.7053484916687012
v 3.3956069946289063 10.268609046936035 1.7053484916687012
v 8.4890174865722656 3.8045473098754883 1.7053484916687012
v 10.186820983886719 3.8045473098754883 1.7053484916687012
v 0.71549052000045776 -10.719752311706543 0
v 2.4036235809326172 -10.514891624450684 0
v 4.0795331001281738 -10.081740379333496 0
v 5.697077751159668 -9.4227685928344727 0
v 7.2116127014160156 -8.5527811050415039 0
v 8.5840044021606445 -7.4978718757629395 0
v 9.7839221954345703 -6.2928996086120605 0
v -10.208325386047363 -5.7866072654724121 0.46156501770019531
v -10.208325386047363 -5.7866072654724121 -0.16032673418521881
v -10.504474639892578 -5.395655632019043 0.46156501770019531
v -10.504474639892578 -5.395655632019043 -0.16032673418521881
v -10.645580291748047 -5.198030948638916 -0.16032673418521881
v -10.504474639892578 -5.395655632019043 0.15061913430690765
v -10.645580291748047 -5.198030948638916 0.46156501770019531
v -10.645580291748047 -5.198030948638916 0.15061913430690765
v -10.208325386047363 -5.7866072654724121 1.0834567546844482
v -10.504474639892578 -5.395655632019043 1.0834567546844482
v -10.645580291748047 -5.198030948638916 -0.0048537980765104294
v -10.504474639892578 -5.395655632019043 -0.47127258777618408
v -10.645580291748047 -5.198030948638916 -0.47127258777618408
vt 0.47964072227478027 0.69698798656463623
vt 0.48695254325866699 0.69923335313796997
vt 0.49388226866722107 0.70297694206237793
vt 0.50008970499038696 0.70816856622695923
vt 0.50518333911895752 0.71458101272583008
vt 0.50889337062835693 0.72190290689468384
vt 0.51104265451431274 0.729664146900177
vt 0.51164674758911133 0.73738205432891846
vt 0.51088422536849976 0.74464935064315796
vt 0.50867944955825806 0.75209575891494751
vt 0.50500357151031494 0.75915306806564331
vt 0.49990576505661011 0.76547473669052124
vt 0.49360924959182739 0.77066218852996826
vt 0.48641970753669739 0.77444052696228027
vt 0.47879877686500549 0.77662938833236694
vt 0.47122037410736084 0.77724456787109375
vt 0.46408447623252869 0.77646803855895996
vt 0.45677262544631958 0.77422267198562622
vt 0.44984292984008789 0.77047908306121826
vt 0.443635493516922 0.76528745889663696
vt 0.43854182958602905 0.75887501239776611
vt 0.43483179807662964 0.75155311822891235
vt 0.43268251419067383 0.74379187822341919
vt 0.43207848072052002 0.73607397079467773
vt 0.43284094333648682 0.72880667448043823
vt 0.43504571914672852 0.72136026620864868
vt 0.43872165679931641 0.71430295705795288
vt 0.44381940364837646 0.70798122882843018
vt 0.45011594891548157 0.70279383659362793
vt 0.45730546116828918 0.69901549816131592
vt 0.46492639183998108 0.69682663679122925
vt 0.47250482439994812 0.69621145725250244
vt 0.47186258435249329 0.7367280125617981
vt 0.49175724387168884 0.7367280125617981
vt 0.47186258435249329 0.71646708250045776
vt 0.49175724387168884 0.71646708250045776
vt 0.47186258435249329 0.75698894262313843
vt 0.49175724387168884 0.75698894262313843
vt 0.45196795463562012 0.7367280125617981
vt 0.45196795463562012 0.75698894262313843
vt 0.45196795463562012 0.71646708250045776
vt 0.60988980531692505 0
vt 0.58687710762023926 0
vt 0.60988980531692505 0.0086540244519710541
vt 0.60988980531692505 0.016897179186344147
vt 0.60988980531692505 0.02514033205807209
vt 0.60988980531692505 0.03329666331410408
vt 0.60988980531692505 0.041314553469419479
vt 0.60988980531692505 0.049332443624734879
vt 0.60988980531692505 0.057350333780050278
vt 0.60988980531692505 0.065368220210075378
vt 0.60988980531692505 0.073386117815971375
vt 0.60988980531692505 0.081404007971286774
vt 0.60988980531692505 0.089811593294143677
vt 0.60988980531692505 0.097439788281917572
vt 0.60988980531692505 0.10609380155801773
vt 0.60988980531692505 0.11433696746826172
vt 0.60988980531692505 0.12258012592792511
vt 0.60988980531692505 0.13073644042015076
vt 0.60988980531692505 0.13875433802604675
vt 0.60988980531692505 0.14677223563194275
vt 0.60988980531692505 0.15479011833667755
vt 0.60988980531692505 0.16280801594257355
vt 0.60988980531692505 0.17082589864730835
vt 0.60988980531692505 0.17884379625320435
vt 0.60988980531692505 0.18725137412548065
vt 0.60988980531692505 0.19487957656383514
vt 0.60988980531692505 0.2035335898399353
vt 0.60988980531692505 0.2117767333984375
vt 0.60988980531692505 0.22001990675926208
vt 0.60988980531692505 0.22817623615264893
vt 0.60988980531692505 0.23619413375854492
vt 0.60988980531692505 0.24421200156211853
vt 0.60988980531692505 0.25222989916801453
vt 0.60988980531692505 0.26024779677391052
vt 0.60988980531692505 0.26826569437980652
vt 0.60988980531692505 0.27628356218338013
vt 0.60988980531692505 0.28469118475914001
vt 0.60988980531692505 0.29231935739517212
vt 0.60988980531692505 0.30097338557243347
vt 0.60988980531692505 0.30921652913093567
vt 0.60988980531692505 0.31745970249176025
vt 0.60988980531692505 0.32561603188514709
vt 0.60988980531692505 0.33363392949104309
vt 0.60988980531692505 0.3416517972946167
vt 0.60988980531692505 0.3496696949005127
vt 0.60988980531692505 0.35768759250640869
vt 0.60988980531692505 0.36570549011230469
vt 0.60988980531692505 0.3737233579158783
vt 0.60988980531692505 0.3821309506893158
vt 0.60988980531692505 0.38975915312767029
vt 0.58687710762023926 0.38975915312767029
vt 0.56389784812927246 0.060115963220596313
vt 0.56389451026916504 0.048719894140958786
vt 0.56389069557189941 0.037080194801092148
vt 0.56388676166534424 0.02532377652823925
vt 0.56388276815414429 0.013099786825478077
vt 0.56387877464294434 0
vt 0.56387877464294434 0.38975915312767029
vt 0.56387501955032349 0.37671896815299988
vt 0.56387168169021606 0.36443537473678589
vt 0.56386888027191162 0.35262382030487061
vt 0.56386667490005493 0.34103924036026001
vt 0.56386524438858032 0.32939955592155457
vt 0.56386452913284302 0.31764313578605652
vt 0.56386452913284302 0.30541914701461792
vt 0.56386536359786987 0.29231935739517212
vt 0.56386697292327881 0.27927917242050171
vt 0.56386923789978027 0.26699557900428772
vt 0.56387215852737427 0.25518402457237244
vt 0.56387555599212646 0.24359945952892303
vt 0.56387889385223389 0.23327741026878357
vt 0.56388235092163086 0.22289419174194336
vt 0.56388592720031738 0.21220819652080536
vt 0.56388950347900391 0.20095311105251312
vt 0.60806781053543091 0.20095846056938171
vt 0.608173668384552 0.19487957656383514
vt 0.60838979482650757 0.18184013664722443
vt 0.6085776686668396 0.16955676674842834
vt 0.6087302565574646 0.15774494409561157
vt 0.60884207487106323 0.14615967869758606
vt 0.60890811681747437 0.13457515835762024
vt 0.60892665386199951 0.12276351451873779
vt 0.60889625549316406 0.11047983169555664
vt 0.60881853103637695 0.097439788281917572
vt 0.60872513055801392 0.087047331035137177
vt 0.60860627889633179 0.077169373631477356
vt 0.60848236083984375 0.068769805133342743
vt 0.60834330320358276 0.060569722205400467
vt 0.59723192453384399 0.060456767678260803
vt 0.58612054586410522 0.060343489050865173
vt 0.57500916719436646 0.060229890048503876
vt 0.57493406534194946 0.20095443725585938
vt 0.58597862720489502 0.20095577836036682
vt 0.59702318906784058 0.20095713436603546
vt 0.58687710762023926 0.016897179186344147
vt 0.58687710762023926 0.03329666331410408
vt 0.58687710762023926 0.02514033205807209
vt 0.58687710762023926 0.049332443624734879
vt 0.58687710762023926 0.041314553469419479
vt 0.58687710762023926 0.057350333780050278
vt 0.58687710762023926 0.2117767333984375
vt 0.58687710762023926 0.22817623615264893
vt 0.58687710762023926 0.24421200156211853
vt 0.58687710762023926 0.23619413375854492
vt 0.58687710762023926 0.26024779677391052
vt 0.58687710762023926 0.25222989916801453
vt 0.58687710762023926 0.26826569437980652
vt 0.58687710762023926 0.27628356218338013
vt 0.58687710762023926 0.28469118475914001
vt 0.58687710762023926 0.30097338557243347
vt 0.58687710762023926 0.29231935739517212
vt 0.58687710762023926 0.31745970249176025
vt 0.58687710762023926 0.30921652913093567
vt 0.58687710762023926 0.33363392949104309
vt 0.58687710762023926 0.32561603188514709
vt 0.58687710762023926 0.3496696949005127
vt 0.58687710762023926 0.3416517972946167
vt 0.58687710762023926 0.36570549011230469
vt 0.58687710762023926 0.35768759250640869
vt 0.58687710762023926 0.3821309506893158
vt 0.58687710762023926 0.3737233579158783
vt 0.15976589918136597 0.75208693742752075
vt 0.13483887910842896 0.69541686773300171
vt 0.14223705232143402 0.69264662265777588
vt 0.14988821744918823 0.69086694717407227
vt 0.15798306465148926 0.69008255004882813
vt 0.16624173521995544 0.69040346145629883
vt 0.17438754439353943 0.69184690713882446
vt 0.18233311176300049 0.69441312551498413
vt 0.18985573947429657 0.69804412126541138
vt 0.19675646722316742 0.70262396335601807
vt 0.20287717878818512 0.70799028873443604
vt 0.20811149477958679 0.71395176649093628
vt 0.2125927209854126 0.72062253952026367
vt 0.21576656401157379 0.72686195373535156
vt 0.21850404143333435 0.73434853553771973
vt 0.22026269137859344 0.74209117889404297
vt 0.2210378497838974 0.75028276443481445
vt 0.22072073817253113 0.75864017009735107
vt 0.21929435431957245 0.76688337326049805
vt 0.21675844490528107 0.77492392063140869
vt 0.21317030489444733 0.78253644704818726
vt 0.20864459872245789 0.78951966762542725
vt 0.20334164798259735 0.79571354389190674
vt 0.19745054841041565 0.80101042985916138
vt 0.1908586174249649 0.80554521083831787
vt 0.18469290435314178 0.80875700712203979
vt 0.17729473114013672 0.81152719259262085
vt 0.16964356601238251 0.81330686807632446
vt 0.16154871881008148 0.8140912652015686
vt 0.1532900482416153 0.81377041339874268
vt 0.14514423906803131 0.81232696771621704
vt 0.13719867169857025 0.80976074934005737
vt 0.12967605888843536 0.80612969398498535
vt 0.12277532368898392 0.80154991149902344
vt 0.11665460467338562 0.79618358612060547
vt 0.11142030358314514 0.79022204875946045
vt 0.10693906992673874 0.78355133533477783
vt 0.10376522690057755 0.77731192111968994
vt 0.10102774202823639 0.769825279712677
vt 0.099269099533557892 0.76208263635635376
vt 0.098493941128253937 0.75389105081558228
vt 0.098811037838459015 0.74553364515304565
vt 0.10023742914199829 0.73729050159454346
vt 0.10277334600687027 0.72924995422363281
vt 0.10636147856712341 0.72163736820220947
vt 0.11088719218969345 0.71465414762496948
vt 0.11619012802839279 0.70846027135848999
vt 0.12208123505115509 0.70316344499588013
vt 0.12867318093776703 0.69862860441207886
vt 0.12911695241928101 0.75208693742752075
vt 0.15976589918136597 0.72107160091400146
vt 0.12911695241928101 0.72107160091400146
vt 0.14444142580032349 0.72107160091400146
vt 0.12911695241928101 0.70556396245956421
vt 0.15976589918136597 0.70556396245956421
vt 0.14444142580032349 0.70556396245956421
vt 0.19041483104228973 0.75208693742752075
vt 0.19041483104228973 0.72107160091400146
vt 0.17509035766124725 0.72107160091400146
vt 0.19041483104228973 0.70556396245956421
vt 0.17509035766124725 0.70556396245956421
vt 0.20573930442333221 0.72107160091400146
vt 0.20573930442333221 0.75208693742752075
vt 0.19041483104228973 0.73657923936843872
vt 0.20573930442333221 0.73657923936843872
vt 0.15976589918136597 0.78310221433639526
vt 0.19041483104228973 0.78310221433639526
vt 0.20573930442333221 0.78310221433639526
vt 0.19041483104228973 0.76759457588195801
vt 0.20573930442333221 0.76759457588195801
vt 0.19041483104228973 0.79860985279083252
vt 0.15976589918136597 0.79860985279083252
vt 0.17509035766124725 0.78310221433639526
vt 0.17509035766124725 0.79860985279083252
vt 0.12911695241928101 0.78310221433639526
vt 0.12911695241928101 0.79860985279083252
vt 0.14444142580032349 0.78310221433639526
vt 0.14444142580032349 0.79860985279083252
vt 0.11379247903823853 0.78310221433639526
vt 0.11379247903823853 0.75208693742752075
vt 0.12911695241928101 0.76759457588195801
vt 0.11379247903823853 0.76759457588195801
vt 0.11379247903823853 0.72107160091400146
vt 0.12911695241928101 0.73657923936843872
vt 0.11379247903823853 0.73657923936843872
vt 0.68936032056808472 0
vt 0.68936032056808472 0.0086540244519710541
vt 0.68936032056808472 0.016897179186344147
vt 0.68936032056808472 0.02514033205807209
vt 0.68936032056808472 0.03329666331410408
vt 0.68936032056808472 0.041314553469419479
vt 0.68936032056808472 0.049332443624734879
vt 0.68936032056808472 0.057350333780050278
vt 0.68936032056808472 0.065368220210075378
vt 0.68936032056808472 0.073386117815971375
vt 0.68936032056808472 0.081404007971286774
vt 0.68936032056808472 0.089811593294143677
vt 0.68936032056808472 0.097439788281917572
vt 0.68936032056808472 0.10609380155801773
vt 0.68936032056808472 0.11433696746826172
vt 0.68936032056808472 0.12258012592792511
vt 0.68936032056808472 0.13073644042015076
vt 0.68936032056808472 0.13875433802604675
vt 0.68936032056808472 0.14677223563194275
vt 0.68936032056808472 0.15479011833667755
vt 0.68936032056808472 0.16280801594257355
vt 0.68936032056808472 0.17082589864730835
vt 0.68936032056808472 0.17884379625320435
vt 0.68936032056808472 0.18725137412548065
vt 0.68936032056808472 0.19487957656383514
vt 0.68936032056808472 0.2035335898399353
vt 0.68936032056808472 0.2117767333984375
vt 0.68936032056808472 0.22001990675926208
vt 0.68936032056808472 0.22817623615264893
vt 0.68936032056808472 0.23619413375854492
vt 0.68936032056808472 0.24421200156211853
vt 0.68936032056808472 0.25222989916801453
vt 0.68936032056808472 0.26024779677391052
vt 0.68936032056808472 0.26826569437980652
vt 0.68936032056808472 0.27628356218338013
vt 0.68936032056808472 0.28469118475914001
vt 0.68936032056808472 0.29231935739517212
vt 0.68936032056808472 0.30097338557243347
vt 0.68936032056808472 0.30921652913093567
vt 0.68936032056808472 0.31745970249176025
vt 0.68936032056808472 0.32561603188514709
vt 0.68936032056808472 0.33363392949104309
vt 0.68936032056808472 0.3416517972946167
vt 0.68936032056808472 0.3496696949005127
vt 0.68936032056808472 0.35768759250640869
vt 0.68936032056808472 0.36570549011230469
vt 0.68936032056808472 0.3737233579158783
vt 0.68936032056808472 0.3821309506893158
vt 0.68936032056808472 0.38975915312767029
vt 0.66636323928833008 0
vt 0.66636323928833008 0.22001990675926208
vt 0.66636323928833008 0.22409807145595551
vt 0.66636323928833008 0.38975915312767029
vt 0.64342713356018066 0.078758798539638519
vt 0.64342302083969116 0.072116009891033173
vt 0.64341509342193604 0.060304474085569382
vt 0.64340692758560181 0.048719894140958786
vt 0.64339876174926758 0.03713531419634819
vt 0.64339101314544678 0.02532377652823925
vt 0.64338386058807373 0.013040187768638134
vt 0.64337766170501709 0
vt 0.64337766170501709 0.38975915312767029
vt 0.64337265491485596 0.37671896815299988
vt 0.64336895942687988 0.36443537473678589
vt 0.64336681365966797 0.35262382030487061
vt 0.64336621761322021 0.34103924036026001
vt 0.6433672308921814 0.3294546902179718
vt 0.64336985349655151 0.31764313578605652
vt 0.64337390661239624 0.30535954236984253
vt 0.64337927103042603 0.29231935739517212
vt 0.64338576793670654 0.27927917242050171
vt 0.64339315891265869 0.26699557900428772
vt 0.64340108633041382 0.25518402457237244
vt 0.64340925216674805 0.24359945952892303
vt 0.6434173583984375 0.23201489448547363
vt 0.64342516660690308 0.22020334005355835
vt 0.64342617988586426 0.21857067942619324
vt 0.65486472845077515 0.22409807145595551
vt 0.65486472845077515 0.22001990675926208
vt 0.66636323928833008 0.2220589816570282
vt 0.65486472845077515 0.2220589816570282
vt 0.64911544322967529 0.2220589816570282
vt 0.64911544322967529 0.22001990675926208
vt 0.65486472845077515 0.22103944420814514
vt 0.64911544322967529 0.22103944420814514
vt 0.65486472845077515 0.21898950636386871
vt 0.64911544322967529 0.21898950636386871
vt 0.68661850690841675 0.21803572773933411
vt 0.68699544668197632 0.20679154992103577
vt 0.68733447790145874 0.19487957656383514
vt 0.68764728307723999 0.181841641664505
vt 0.68788695335388184 0.16955843567848206
vt 0.68804401159286499 0.15774594247341156
vt 0.6881135106086731 0.14615967869758606
vt 0.68809115886688232 0.13457381725311279
vt 0.68797951936721802 0.12276141345500946
vt 0.68778157234191895 0.11047805845737457
vt 0.68750548362731934 0.097439788281917572
vt 0.68726134300231934 0.087871387600898743
vt 0.68698704242706299 0.07875426858663559
vt 0.65422427654266357 0.21843594312667847
vt 0.66502231359481812 0.21830187737941742
vt 0.67582041025161743 0.2181684821844101
vt 0.66520708799362183 0.078756533563137054
vt 0.64886921644210815 0.36234551668167114
vt 0.66643387079238892 0.36234652996063232
vt 0.68399852514266968 0.36234754323959351
vt 0.64882850646972656 0.31410074234008789
vt 0.64850825071334839 0.32099270820617676
vt 0.64829164743423462 0.32773566246032715
vt 0.64818042516708374 0.33439651131629944
vt 0.64817625284194946 0.34103924036026001
vt 0.64839071035385132 0.3516114354133606
vt 0.68532979488372803 0.35163938999176025
vt 0.68593120574951172 0.34103924036026001
vt 0.68592041730880737 0.33437263965606689
vt 0.68561077117919922 0.32770407199859619
vt 0.68500912189483643 0.32096922397613525
vt 0.68412244319915771 0.31410279870033264
vt 0.66647547483444214 0.31410178542137146
vt 0.15976589918136597 0.61822700500488281
vt 0.20539143681526184 0.57672220468521118
vt 0.21028900146484375 0.58298611640930176
vt 0.21433252096176147 0.58979964256286621
vt 0.21757659316062927 0.59734773635864258
vt 0.21983098983764648 0.60539513826370239
vt 0.22099383175373077 0.61368083953857422
vt 0.2210378497838974 0.62212085723876953
vt 0.21994867920875549 0.63048291206359863
vt 0.21777395904064178 0.63853973150253296
vt 0.21461744606494904 0.64608889818191528
vt 0.21062633395195007 0.65296894311904907
vt 0.20573453605175018 0.659343421459198
vt 0.20084404945373535 0.66432636976242065
vt 0.19464454054832458 0.66927474737167358
vt 0.18790104985237122 0.67336028814315796
vt 0.18043051660060883 0.67663806676864624
vt 0.17246584594249725 0.67891585826873779
vt 0.16426528990268707 0.68009078502655029
vt 0.15591202676296234 0.68013525009155273
vt 0.14763590693473816 0.6790347695350647
vt 0.13966193795204163 0.67683744430541992
vt 0.13219034671783447 0.6736481785774231
vt 0.12538102269172668 0.66961562633514404
vt 0.11907206475734711 0.66467303037643433
vt 0.1141403540968895 0.65973174571990967
vt 0.10924278944730759 0.65346783399581909
vt 0.10519926995038986 0.64665430784225464
vt 0.10195519030094147 0.63910621404647827
vt 0.099700801074504852 0.63105881214141846
vt 0.098537959158420563 0.62277311086654663
vt 0.098493941128253937 0.61433309316635132
vt 0.099583104252815247 0.60597103834152222
vt 0.10175783187150955 0.59791421890258789
vt 0.1049143373966217 0.59036505222320557
vt 0.10890545696020126 0.58348500728607178
vt 0.11379724740982056 0.57711052894592285
vt 0.11868774145841599 0.5721275806427002
vt 0.12488724291324615 0.56717920303344727
vt 0.13163073360919952 0.56309366226196289
vt 0.13910126686096191 0.55981588363647461
vt 0.14706595242023468 0.55753809213638306
vt 0.15526649355888367 0.55636316537857056
vt 0.16361977159976959 0.55631870031356812
vt 0.17189587652683258 0.55741918087005615
vt 0.17986986041069031 0.55961650609970093
vt 0.18734143674373627 0.56280577182769775
vt 0.19415077567100525 0.56683832406997681
vt 0.20045971870422363 0.57178092002868652
vt 0.19046241044998169 0.61822700500488281
vt 0.15976589918136597 0.58721166849136353
vt 0.19046241044998169 0.58721166849136353
vt 0.20581066608428955 0.58721166849136353
vt 0.19046241044998169 0.57170403003692627
vt 0.20581066608428955 0.61822700500488281
vt 0.19046241044998169 0.60271930694580078
vt 0.20581066608428955 0.60271930694580078
vt 0.15976589918136597 0.64924228191375732
vt 0.19046241044998169 0.64924228191375732
vt 0.20581066608428955 0.64924228191375732
vt 0.19046241044998169 0.63373464345932007
vt 0.20581066608428955 0.63373464345932007
vt 0.19046241044998169 0.66474992036819458
vt 0.15976589918136597 0.66474992036819458
vt 0.17511415481567383 0.64924228191375732
vt 0.17511415481567383 0.66474992036819458
vt 0.12906938791275024 0.61822700500488281
vt 0.12906938791275024 0.64924228191375732
vt 0.12906938791275024 0.66474992036819458
vt 0.14441764354705811 0.64924228191375732
vt 0.14441764354705811 0.66474992036819458
vt 0.11372111737728119 0.64924228191375732
vt 0.11372111737728119 0.61822700500488281
vt 0.12906938791275024 0.63373464345932007
vt 0.11372111737728119 0.63373464345932007
vt 0.12906938791275024 0.58721166849136353
vt 0.11372111737728119 0.58721166849136353
vt 0.12906938791275024 0.60271930694580078
vt 0.11372111737728119 0.60271930694580078
vt 0.12906938791275024 0.57170403003692627
vt 0.14441764354705811 0.58721166849136353
vt 0.15976589918136597 0.57170403003692627
vt 0.14441764354705811 0.57170403003692627
vt 0.17511415481567383 0.58721166849136353
vt 0.17511415481567383 0.57170403003692627
vt 0.22323650121688843 0.61147046089172363
vt 0.22506526112556458 0.60325366258621216
vt 0.22790631651878357 0.59537935256958008
vt 0.23187337815761566 0.58767950534820557
vt 0.23690192401409149 0.58046787977218628
vt 0.24284794926643372 0.57400214672088623
vt 0.24966143071651459 0.56836080551147461
vt 0.25716361403465271 0.56370991468429565
vt 0.26513859629631042 0.56016099452972412
vt 0.2733534574508667 0.55776244401931763
vt 0.28157961368560791 0.5564996600151062
vt 0.28999349474906921 0.55631870031356812
vt 0.29727831482887268 0.55706077814102173
vt 0.30540373921394348 0.558910071849823
vt 0.3131905198097229 0.5617830753326416
vt 0.32080480456352234 0.56579476594924927
vt 0.32793629169464111 0.57087981700897217
vt 0.33433011174201965 0.5768926739692688
vt 0.33990874886512756 0.58378273248672485
vt 0.34450793266296387 0.59136927127838135
vt 0.34801739454269409 0.59943389892578125
vt 0.3503892719745636 0.60774111747741699
vt 0.35163804888725281 0.61605972051620483
vt 0.35181698203086853 0.62456822395324707
vt 0.3510831892490387 0.63193494081497192
vt 0.34925442934036255 0.64015167951583862
vt 0.34641337394714355 0.6480259895324707
vt 0.34244629740715027 0.65572589635848999
vt 0.33741775155067444 0.66293752193450928
vt 0.33147174119949341 0.66940319538116455
vt 0.32465824484825134 0.67504459619522095
vt 0.31715604662895203 0.6796954870223999
vt 0.3091810941696167 0.68324434757232666
vt 0.30096620321273804 0.68564289808273315
vt 0.29274004697799683 0.68690574169158936
vt 0.28432616591453552 0.68708670139312744
vt 0.27704134583473206 0.68634462356567383
vt 0.26891592144966125 0.68449527025222778
vt 0.26112914085388184 0.68162232637405396
vt 0.2535148561000824 0.67761063575744629
vt 0.24638338387012482 0.67252558469772339
vt 0.23998957872390747 0.66651272773742676
vt 0.23441094160079956 0.65962260961532593
vt 0.22981174290180206 0.65203613042831421
vt 0.22630228102207184 0.64397150278091431
vt 0.22393040359020233 0.63566428422927856
vt 0.22268164157867432 0.62734562158584595
vt 0.2225026935338974 0.61883717775344849
vt 0.30742180347442627 0.57567077875137329
vt 0.29880052804946899 0.57271087169647217
vt 0.2892434298992157 0.57136058807373047
vt 0.27920991182327271 0.57196199893951416
vt 0.26929956674575806 0.57466477155685425
vt 0.26014715433120728 0.57936376333236694
vt 0.25229400396347046 0.58570748567581177
vt 0.2460864931344986 0.59317892789840698
vt 0.2416396290063858 0.60121297836303711
vt 0.23871263861656189 0.60993117094039917
vt 0.2373773604631424 0.61959570646286011
vt 0.23797209560871124 0.62974202632904053
vt 0.24064482748508453 0.63976377248764038
vt 0.2452915757894516 0.64901906251907349
vt 0.25156477093696594 0.65696048736572266
vt 0.25895315408706665 0.66323775053024292
vt 0.26689788699150085 0.66773462295532227
vt 0.27551916241645813 0.67069453001022339
vt 0.28507626056671143 0.67204481363296509
vt 0.29510977864265442 0.6714434027671814
vt 0.30502012372016907 0.66874063014984131
vt 0.31417250633239746 0.66404163837432861
vt 0.32202568650245667 0.65769791603088379
vt 0.32823318243026733 0.65022647380828857
vt 0.33268004655838013 0.64219242334365845
vt 0.33560702204704285 0.63347423076629639
vt 0.33694231510162354 0.62380969524383545
vt 0.33634757995605469 0.61366337537765503
vt 0.3336748480796814 0.60364162921905518
vt 0.32902809977531433 0.59438639879226685
vt 0.32275491952896118 0.5864449143409729
vt 0.31536650657653809 0.58016765117645264
vt 0.23686634004116058 0.71438544988632202
vt 0.24251259863376617 0.70819449424743652
vt 0.24886612594127655 0.70281201601028442
vt 0.25610843300819397 0.6981499195098877
vt 0.26402848958969116 0.69444739818572998
vt 0.27237421274185181 0.69185483455657959
vt 0.28106346726417542 0.69041472673416138
vt 0.28985938429832458 0.69018065929412842
vt 0.29851981997489929 0.69113993644714355
vt 0.30681920051574707 0.69321674108505249
vt 0.31456682085990906 0.69628286361694336
vt 0.32194206118583679 0.70038068294525146
vt 0.3278832733631134 0.70470702648162842
vt 0.33400490880012512 0.71041721105575562
vt 0.3393271267414093 0.71684271097183228
vt 0.3439369797706604 0.72416704893112183
vt 0.34759804606437683 0.73217684030532837
vt 0.35016158223152161 0.74061709642410278
vt 0.35158553719520569 0.74940478801727295
vt 0.35181698203086853 0.75830036401748657
vt 0.35086843371391296 0.76705890893936157
vt 0.34881487488746643 0.77545231580734253
vt 0.34578314423561096 0.7832876443862915
vt 0.34173119068145752 0.79074645042419434
vt 0.33745333552360535 0.79675495624542236
vt 0.33180707693099976 0.80294591188430786
vt 0.32545354962348938 0.80832844972610474
vt 0.31821125745773315 0.81299054622650146
vt 0.31029117107391357 0.81669306755065918
vt 0.30194547772407532 0.81928563117980957
vt 0.29325619339942932 0.82072573900222778
vt 0.28446030616760254 0.82095980644226074
vt 0.27579984068870544 0.82000046968460083
vt 0.26750046014785767 0.81792366504669189
vt 0.25975286960601807 0.8148576021194458
vt 0.25237759947776794 0.81075972318649292
vt 0.24643640220165253 0.80643343925476074
vt 0.240314781665802 0.80072319507598877
vt 0.23499254882335663 0.79429775476455688
vt 0.23038268089294434 0.78697335720062256
vt 0.22672164440155029 0.77896356582641602
vt 0.22415809333324432 0.77052336931228638
vt 0.22273415327072144 0.76173561811447144
vt 0.2225026935338974 0.75284010171890259
vt 0.22345124185085297 0.74408155679702759
vt 0.2255048006772995 0.73568814992904663
vt 0.22853653132915497 0.72785276174545288
vt 0.2325884997844696 0.72039395570755005
vt 0.23977595567703247 0.74000215530395508
vt 0.23776589334011078 0.74898189306259155
vt 0.237436443567276 0.75873458385467529
vt 0.23907606303691864 0.76876252889633179
vt 0.24276925623416901 0.77844709157943726
vt 0.24834631383419037 0.78716075420379639
vt 0.25540506839752197 0.79439598321914673
vt 0.26340088248252869 0.79985827207565308
vt 0.27176600694656372 0.80349117517471313
vt 0.28064513206481934 0.80552399158477783
vt 0.29028862714767456 0.80585718154907227
vt 0.30020424723625183 0.8041989803314209
vt 0.3097802996635437 0.8004639744758606
vt 0.31839638948440552 0.79482370615005493
vt 0.32555055618286133 0.78768503665924072
vt 0.33095169067382813 0.7795986533164978
vt 0.33454388380050659 0.77113872766494751
vt 0.33655393123626709 0.76215904951095581
vt 0.33688339591026306 0.75240629911422729
vt 0.33524379134178162 0.7423783540725708
vt 0.33155056834220886 0.73269385099411011
vt 0.3259735107421875 0.7239801287651062
vt 0.31891477108001709 0.71674495935440063
vt 0.31091895699501038 0.71128261089324951
vt 0.30255383253097534 0.70764970779418945
vt 0.29367470741271973 0.70561689138412476
vt 0.2840312123298645 0.70528370141983032
vt 0.27411559224128723 0.70694190263748169
vt 0.26453953981399536 0.71067696809768677
vt 0.25592344999313354 0.71631717681884766
vt 0.24876928329467773 0.72345584630966187
vt 0.24336813390254974 0.73154228925704956
vt 0.74966919422149658 0
vt 0.74460667371749878 0
vt 0.74966919422149658 0.0081495149061083794
vt 0.74966919422149658 0.016107577830553055
vt 0.74460667371749878 0.016107577830553055
vt 0.76427578926086426 0
vt 0.76427578926086426 0.0080034183338284492
vt 0.75921320915222168 0.0080034183338284492
vt 0.76427578926086426 0.016203729435801506
vt 0.75921320915222168 0.016203729435801506
vt 0.75921320915222168 0
vt 0.72281408309936523 0.39245906472206116
vt 0.71775150299072266 0.39245906472206116
vt 0.72281408309936523 0.40178951621055603
vt 0.71775150299072266 0.40178951621055603
vt 0.72281408309936523 0.41063845157623291
vt 0.71775150299072266 0.41063845157623291
vt 0.72281408309936523 0.4194873571395874
vt 0.71775150299072266 0.4194873571395874
vt 0.72281408309936523 0.42832326889038086
vt 0.71775150299072266 0.42832326889038086
vt 0.72281408309936523 0.43693035840988159
vt 0.71775150299072266 0.43693035840988159
vt 0.72281408309936523 0.44553744792938232
vt 0.71775150299072266 0.44553744792938232
vt 0.72281408309936523 0.45414453744888306
vt 0.71775150299072266 0.45414453744888306
vt 0.72281408309936523 0.46275165677070618
vt 0.71775150299072266 0.46275165677070618
vt 0.72281408309936523 0.47135874629020691
vt 0.71775150299072266 0.47135874629020691
vt 0.72281408309936523 0.47996583580970764
vt 0.71775150299072266 0.47996583580970764
vt 0.72281408309936523 0.48857292532920837
vt 0.71775150299072266 0.48857292532920837
vt 0.72281408309936523 0.49760967493057251
vt 0.71775150299072266 0.49760967493057251
vt 0.72281408309936523 0.50662225484848022
vt 0.71775150299072266 0.50662225484848022
vt 0.72281408309936523 0.51509314775466919
vt 0.71775150299072266 0.51509314775466919
vt 0.72281408309936523 0.52394205331802368
vt 0.71775150299072266 0.52394205331802368
vt 0.72281408309936523 0.53279095888137817
vt 0.71775150299072266 0.53279095888137817
vt 0.72281408309936523 0.54205781221389771
vt 0.71775150299072266 0.54205781221389771
vt 0.72281408309936523 0.55025839805603027
vt 0.71775150299072266 0.55025839805603027
vt 0.72281408309936523 0.55886548757553101
vt 0.71775150299072266 0.55886548757553101
vt 0.72281408309936523 0.56747257709503174
vt 0.71775150299072266 0.56747257709503174
vt 0.72281408309936523 0.57607966661453247
vt 0.71775150299072266 0.57607966661453247
vt 0.72281408309936523 0.58468681573867798
vt 0.71775150299072266 0.58468681573867798
vt 0.72281408309936523 0.59329390525817871
vt 0.71775150299072266 0.59329390525817871
vt 0.72281408309936523 0.60190099477767944
vt 0.71775150299072266 0.60190099477767944
vt 0.72281408309936523 0.61091244220733643
vt 0.71775150299072266 0.61091244220733643
vt 0.72281408309936523 0.62003570795059204
vt 0.71775150299072266 0.62003570795059204
vt 0.72281408309936523 0.62833833694458008
vt 0.71775150299072266 0.62833833694458008
vt 0.72281408309936523 0.63736248016357422
vt 0.71775150299072266 0.63736248016357422
vt 0.72281408309936523 0.64638662338256836
vt 0.71775150299072266 0.64638662338256836
vt 0.72281408309936523 0.65481537580490112
vt 0.71775150299072266 0.65481537580490112
vt 0.72281408309936523 0.66320216655731201
vt 0.71775150299072266 0.66320216655731201
vt 0.72281408309936523 0.6715889573097229
vt 0.71775150299072266 0.6715889573097229
vt 0.72281408309936523 0.67997574806213379
vt 0.71775150299072266 0.67997574806213379
vt 0.72281408309936523 0.6883624792098999
vt 0.71775150299072266 0.6883624792098999
vt 0.72281408309936523 0.69674926996231079
vt 0.71775150299072266 0.69674926996231079
vt 0.71775150299072266 0.70513606071472168
vt 0.72281408309936523 0.70510107278823853
vt 0.72028279304504395 0.40178951621055603
vt 0.72028279304504395 0.42832326889038086
vt 0.72028279304504395 0.4194873571395874
vt 0.72028279304504395 0.43693035840988159
vt 0.72028279304504395 0.44553744792938232
vt 0.72028279304504395 0.45414453744888306
vt 0.72028279304504395 0.47135874629020691
vt 0.72028279304504395 0.46275165677070618
vt 0.72028279304504395 0.47996583580970764
vt 0.72028279304504395 0.48857292532920837
vt 0.72028279304504395 0.50662225484848022
vt 0.72028279304504395 0.49760967493057251
vt 0.72028279304504395 0.52394205331802368
vt 0.72028279304504395 0.51509314775466919
vt 0.72028279304504395 0.54205781221389771
vt 0.72028279304504395 0.53279095888137817
vt 0.72028279304504395 0.55025839805603027
vt 0.72028279304504395 0.55886548757553101
vt 0.72028279304504395 0.56747257709503174
vt 0.72028279304504395 0.57607966661453247
vt 0.72028279304504395 0.59329390525817871
vt 0.72028279304504395 0.58468681573867798
vt 0.72028279304504395 0.60190099477767944
vt 0.72028279304504395 0.61091244220733643
vt 0.72028279304504395 0.62833833694458008
vt 0.72028279304504395 0.62003570795059204
vt 0.72028279304504395 0.63736248016357422
vt 0.72028279304504395 0.64638662338256836
vt 0.72028279304504395 0.66320216655731201
vt 0.72028279304504395 0.65481537580490112
vt 0.72028279304504395 0.67997574806213379
vt 0.72028279304504395 0.6715889573097229
vt 0.72028279304504395 0.69674926996231079
vt 0.72028279304504395 0.6883624792098999
vt 0.67748600244522095 0.50078153610229492
vt 0.67748600244522095 0.50888317823410034
vt 0.68254852294921875 0.51683759689331055
vt 0.67748600244522095 0.51683759689331055
vt 0.68254852294921875 0.52479195594787598
vt 0.67748600244522095 0.52479195594787598
vt 0.68254852294921875 0.53290760517120361
vt 0.67748600244522095 0.53290760517120361
vt 0.68254852294921875 0.54077130556106567
vt 0.67748600244522095 0.54077130556106567
vt 0.68254852294921875 0.54869073629379272
vt 0.67748600244522095 0.54869073629379272
vt 0.68254852294921875 0.55709409713745117
vt 0.67748600244522095 0.55709409713745117
vt 0.68254852294921875 0.56549745798110962
vt 0.67748600244522095 0.56549745798110962
vt 0.68254852294921875 0.57390081882476807
vt 0.67748600244522095 0.57390081882476807
vt 0.68254852294921875 0.58230417966842651
vt 0.67748600244522095 0.58230417966842651
vt 0.68254852294921875 0.59074860811233521
vt 0.67748600244522095 0.59074860811233521
vt 0.68254852294921875 0.59960520267486572
vt 0.67748600244522095 0.59960520267486572
vt 0.68254852294921875 0.6080126166343689
vt 0.67748600244522095 0.6080126166343689
vt 0.68254852294921875 0.61641997098922729
vt 0.67748600244522095 0.61641997098922729
vt 0.68254852294921875 0.62482738494873047
vt 0.67748600244522095 0.62482738494873047
vt 0.68254852294921875 0.63304233551025391
vt 0.67748600244522095 0.63304233551025391
vt 0.68254852294921875 0.64121997356414795
vt 0.67748600244522095 0.64121997356414795
vt 0.68254852294921875 0.64939761161804199
vt 0.67748600244522095 0.64939761161804199
vt 0.68254852294921875 0.65757524967193604
vt 0.67748600244522095 0.65757524967193604
vt 0.68254852294921875 0.66575288772583008
vt 0.67748600244522095 0.66575288772583008
vt 0.68254852294921875 0.67393052577972412
vt 0.67748600244522095 0.67393052577972412
vt 0.68254852294921875 0.68210816383361816
vt 0.67748600244522095 0.68210816383361816
vt 0.68254852294921875 0.69028580188751221
vt 0.67748600244522095 0.69028580188751221
vt 0.68254852294921875 0.69892668724060059
vt 0.67748600244522095 0.69892668724060059
vt 0.68254852294921875 0.70637834072113037
vt 0.67748600244522095 0.70637834072113037
vt 0.68254852294921875 0.7155458927154541
vt 0.67748600244522095 0.7155458927154541
vt 0.68254852294921875 0.72395330667495728
vt 0.67748600244522095 0.72395330667495728
vt 0.68254852294921875 0.73236066102981567
vt 0.67748600244522095 0.73236066102981567
vt 0.68254852294921875 0.74076807498931885
vt 0.67748600244522095 0.74076807498931885
vt 0.68254852294921875 0.74899041652679443
vt 0.67748600244522095 0.74899041652679443
vt 0.68254852294921875 0.75716805458068848
vt 0.67748600244522095 0.75716805458068848
vt 0.68254852294921875 0.76534569263458252
vt 0.67748600244522095 0.76534569263458252
vt 0.68254852294921875 0.77352333068847656
vt 0.67748600244522095 0.77352333068847656
vt 0.68254852294921875 0.78170096874237061
vt 0.67748600244522095 0.78170096874237061
vt 0.68254852294921875 0.78987860679626465
vt 0.67748600244522095 0.78987860679626465
vt 0.68254852294921875 0.79805624485015869
vt 0.67748600244522095 0.79805624485015869
vt 0.68254852294921875 0.80623388290405273
vt 0.67748600244522095 0.80623388290405273
vt 0.68254852294921875 0.81486809253692627
vt 0.67748600244522095 0.81486809253692627
vt 0.68254852294921875 0.82258915901184082
vt 0.67748600244522095 0.82258915901184082
vt 0.68254852294921875 0.50082272291183472
vt 0.29897260665893555 0.02091500349342823
vt 0.29897260665893555 0.12564717233181
vt 0.32001695036888123 0.13892379403114319
vt 0.31306377053260803 0.13502310216426849
vt 0.27762895822525024 0.13033036887645721
vt 0.27762895822525024 0.11658460646867752
vt 0.27762895822525024 0.10283885896205902
vt 0.27762895822525024 0.089093104004859924
vt 0.27762895822525024 0.075347341597080231
vt 0.27762895822525024 0.061601586639881134
vt 0.27762895822525024 0.047855831682682037
vt 0.27762895822525024 0.034110076725482941
vt 0.27762895822525024 0.020364319905638695
vt 0.30186370015144348 0.020249154418706894
vt 0.31491327285766602 0.010404222644865513
vt 0.32229366898536682 0.0065647829324007034
vt 0.33027169108390808 0.0035042779054492712
vt 0.33828747272491455 0.0014281803742051125
vt 0.34648820757865906 0.00025168003048747778
vt 0.35515713691711426 0
vt 0.36362060904502869 0.0007281771395355463
vt 0.37172544002532959 0.002354414202272892
vt 0.37934762239456177 0.0047709192149341106
vt 0.38643023371696472 0.007871236652135849
vt 0.39350724220275879 0.011918645352125168
vt 0.40000331401824951 0.01664246991276741
vt 0.40612366795539856 0.022221716120839119
vt 0.41170623898506165 0.028616329655051231
vt 0.41649129986763 0.035576537251472473
vt 0.4204668402671814 0.043095465749502182
vt 0.42355334758758545 0.051066260784864426
vt 0.42568156123161316 0.059330437332391739
vt 0.42682108283042908 0.06771831214427948
vt 0.42698130011558533 0.076060384511947632
vt 0.42620894312858582 0.084198236465454102
vt 0.42458194494247437 0.09199349582195282
vt 0.4220462441444397 0.099734358489513397
vt 0.41928806900978088 0.10592705756425858
vt 0.41510385274887085 0.11318705230951309
vt 0.41036084294319153 0.11962815374135971
vt 0.40475314855575562 0.1257023960351944
vt 0.39832004904747009 0.13124929368495941
vt 0.39130547642707825 0.13601468503475189
vt 0.3837285041809082 0.13997766375541687
vt 0.3756902813911438 0.14306314289569855
vt 0.36735039949417114 0.14520148932933807
vt 0.35888001322746277 0.14636123180389404
vt 0.35045048594474792 0.1465505063533783
vt 0.34222236275672913 0.14581441879272461
vt 0.33433616161346436 0.14422924816608429
vt 0.32650655508041382 0.14174425601959229
vt 0.28974634408950806 0.02030673623085022
vt 0.3064844012260437 0.13033036887645721
vt 0.29205667972564697 0.13033036887645721
vt 0.34553322196006775 0.13716074824333191
vt 0.35166823863983154 0.13783051073551178
vt 0.3578261137008667 0.13792547583580017
vt 0.36396569013595581 0.13744693994522095
vt 0.3700459897518158 0.13639619946479797
vt 0.37329420447349548 0.1355903148651123
vt 0.37649029493331909 0.13462306559085846
vt 0.37962830066680908 0.13349692523479462
vt 0.38270220160484314 0.13221462070941925
vt 0.38570615649223328 0.13077892363071442
vt 0.38863420486450195 0.12919259071350098
vt 0.39148047566413879 0.12745830416679382
vt 0.3942389190196991 0.1255786269903183
vt 0.39689666032791138 0.12356170266866684
vt 0.39944183826446533 0.12141714990139008
vt 0.40186998248100281 0.11914964020252228
vt 0.40417662262916565 0.11676399409770966
vt 0.4063575267791748 0.1142650842666626
vt 0.40840837359428406 0.11165779083967209
vt 0.4103248119354248 0.10894689708948135
vt 0.4121023416519165 0.10613708198070526
vt 0.4149896502494812 0.10073582828044891
vt 0.41734543442726135 0.095101915299892426
vt 0.41915592551231384 0.089273720979690552
vt 0.42040738463401794 0.083289526402950287
vt 0.42108383774757385 0.077215209603309631
vt 0.42117977142333984 0.071118302643299103
vt 0.42069646716117859 0.065039463341236115
vt 0.41963520646095276 0.059019345790147781
vt 0.41882109642028809 0.055803343653678894
vt 0.41784396767616272 0.052638940513134003
vt 0.41670668125152588 0.049531988799571991
vt 0.41541182994842529 0.046488378196954727
vt 0.41396203637123108 0.043514035642147064
vt 0.41235992312431335 0.040614902973175049
vt 0.41060814261436462 0.037796895951032639
vt 0.40870949625968933 0.035065852105617523
vt 0.40667220950126648 0.032434567809104919
vt 0.40450605750083923 0.02991473488509655
vt 0.40221598744392395 0.027510585263371468
vt 0.39980676770210266 0.02522648498415947
vt 0.39728310704231262 0.023066883906722069
vt 0.39464980363845825 0.021036243066191673
vt 0.39191165566444397 0.019138945266604424
vt 0.38907361030578613 0.017379222437739372
vt 0.38361829519271851 0.014520677737891674
vt 0.37792816758155823 0.012188018299639225
vt 0.37204176187515259 0.010395243763923645
vt 0.36599770188331604 0.0091563602909445763
vt 0.35986265540122986 0.0084865894168615341
vt 0.35370481014251709 0.0083916271105408669
vt 0.34756520390510559 0.0088701676577329636
vt 0.34148493409156799 0.0099209053441882133
vt 0.33823671936988831 0.010726782493293285
vt 0.3350406289100647 0.011694052256643772
vt 0.33190262317657471 0.012820183299481869
vt 0.32882869243621826 0.014102485030889511
vt 0.32582476735115051 0.015538186766207218
vt 0.32289668917655945 0.017124518752098083
vt 0.320050448179245 0.018858795985579491
vt 0.31729200482368469 0.020738488063216209
vt 0.31463426351547241 0.022755410522222519
vt 0.31208905577659607 0.024899959564208984
vt 0.30966094136238098 0.027167467400431633
vt 0.30735427141189575 0.029553115367889404
vt 0.30517339706420898 0.032052017748355865
vt 0.30312255024909973 0.034659314900636673
vt 0.30120611190795898 0.037370212376117706
vt 0.29942858219146729 0.0401800237596035
vt 0.29654127359390259 0.045581277459859848
vt 0.29418548941612244 0.051215190440416336
vt 0.29237499833106995 0.057043392211198807
vt 0.29112353920936584 0.063027575612068176
vt 0.29044708609580994 0.069101892411708832
vt 0.29035115242004395 0.075198806822299957
vt 0.2908344566822052 0.081277638673782349
vt 0.29189571738243103 0.08729775995016098
vt 0.2927098274230957 0.090513765811920166
vt 0.29368692636489868 0.093678168952465057
vt 0.29482424259185791 0.096785120666027069
vt 0.2961190938949585 0.099828727543354034
vt 0.29756888747215271 0.102803073823452
vt 0.29917100071907043 0.10570220649242401
vt 0.30092278122901917 0.10852021723985672
vt 0.30282142758369446 0.11125125735998154
vt 0.30485871434211731 0.11388254165649414
vt 0.30702486634254456 0.11640237271785736
vt 0.30931493639945984 0.11880652606487274
vt 0.31172415614128113 0.12109062075614929
vt 0.31424781680107117 0.12325022369623184
vt 0.31688112020492554 0.12528085708618164
vt 0.31961926817893982 0.12717816233634949
vt 0.32245728373527527 0.12893788516521454
vt 0.32791262865066528 0.13179641962051392
vt 0.33360275626182556 0.13412909209728241
vt 0.3394891619682312 0.13592186570167542
vt 0.3096444308757782 0.02091500349342823
vt 0.31498035788536072 0.02091500349342823
vt 0.3096444308757782 0.015678396448493004
vt 0.31498035788536072 0.015678396448493004
vt 0.29897260665893555 0.031388223171234131
vt 0.29897260665893555 0.026151612401008606
vt 0.30430853366851807 0.026151612401008606
vt 0.2883007824420929 0.031388223171234131
vt 0.2883007824420929 0.10470073670148849
vt 0.29363670945167542 0.10470073670148849
vt 0.2883007824420929 0.09946412593126297
vt 0.29363670945167542 0.09946412593126297
vt 0.29897260665893555 0.11517395079135895
vt 0.2883007824420929 0.11517395079135895
vt 0.3096444308757782 0.12564717233181
vt 0.30430853366851807 0.12564717233181
vt 0.29897260665893555 0.12041056156158447
vt 0.3096444308757782 0.12041056156158447
vt 0.30430853366851807 0.12041056156158447
vt 0.31498035788536072 0.12564717233181
vt 0.3096444308757782 0.13088378310203552
vt 0.31498035788536072 0.13088378310203552
vt 0.12416748702526093 0.020935801789164543
vt 0.020684227347373962 0.020935801789164543
vt 0.13696606457233429 0.042046088725328445
vt 0.14039556682109833 0.049827918410301208
vt 0.14285166561603546 0.05785679817199707
vt 0.14438168704509735 0.066398970782756805
vt 0.14486157894134521 0.07528320699930191
vt 0.1442398875951767 0.0840950608253479
vt 0.14250779151916504 0.092862017452716827
vt 0.1396806538105011 0.10137820988893509
vt 0.13582484424114227 0.1094464510679245
vt 0.13105259835720062 0.11689314991235733
vt 0.12551194429397583 0.12358041107654572
vt 0.11937333643436432 0.12941326200962067
vt 0.1124802753329277 0.1345638632774353
vt 0.1053449884057045 0.13870057463645935
vt 0.098257996141910553 0.14182540774345398
vt 0.090225212275981903 0.1443471759557724
vt 0.081661254167556763 0.145964115858078
vt 0.072292961180210114 0.1465505063533783
vt 0.063835017383098602 0.14604340493679047
vt 0.054984819144010544 0.14443632960319519
vt 0.046366523951292038 0.14173892140388489
vt 0.038180503994226456 0.13801206648349762
vt 0.030604712665081024 0.13336290419101715
vt 0.023782216012477875 0.1279352605342865
vt 0.017813263460993767 0.12189666926860809
vt 0.012537606060504913 0.11511237919330597
vt 0.0082230018451809883 0.10796259343624115
vt 0.0050718691200017929 0.1011309027671814
vt 0.0023971577174961567 0.093062810599803925
vt 0.00065789127256721258 0.084434740245342255
vt 0 0.076010838150978088
vt 0.00035582459531724453 0.067442432045936584
vt 0.0017622512532398105 0.058868855237960815
vt 0.0042174234986305237 0.050480347126722336
vt 0.0076731182634830475 0.042463205754756927
vt 0.012037810869514942 0.034986235201358795
vt 0.017161494120955467 0.028215931728482246
vt 0.017078708857297897 0.014107965864241123
vt 0.016995921730995178 0
vt 0.12806113064289093 0
vt 0.12806113064289093 0.014326859265565872
vt 0.030879072844982147 0
vt 0.044762223958969116 0
vt 0.058645375072956085 0
vt 0.072528526186943054 0
vt 0.086411677300930023 0
vt 0.10029482841491699 0
vt 0.11417797952890396 0
vt 0.12806113064289093 0.028653718531131744
vt 0.13292470574378967 0.035152655094861984
vt 0.11548472195863724 0.0269274041056633
vt 0.1105099618434906 0.023302566260099411
vt 0.10522504150867462 0.020165417343378067
vt 0.099666327238082886 0.017535034567117691
vt 0.093870103359222412 0.015430428087711334
vt 0.090650103986263275 0.014518476091325283
vt 0.087393730878829956 0.013772429898381233
vt 0.084107488393783569 0.013192960061132908
vt 0.080797865986824036 0.012780707329511642
vt 0.077471368014812469 0.012536291033029556
vt 0.074134506285190582 0.012460330501198769
vt 0.070793777704238892 0.012553462758660316
vt 0.067455664277076721 0.012816361151635647
vt 0.064135484397411346 0.01324839424341917
vt 0.06084834411740303 0.013847013935446739
vt 0.057600446045398712 0.014610168524086475
vt 0.054398007690906525 0.015535908751189709
vt 0.051247254014015198 0.016622332856059074
vt 0.048154447227716446 0.017867531627416611
vt 0.045125827193260193 0.019269544631242752
vt 0.042167577892541885 0.020826322957873344
vt 0.036939598619937897 0.024081490933895111
vt 0.032054174691438675 0.027801841497421265
vt 0.027542825788259506 0.031961344182491302
vt 0.023437166586518288 0.03653387725353241
vt 0.019783925265073776 0.04146980494260788
vt 0.016621766611933708 0.046713151037693024
vt 0.013970359228551388 0.052228197455406189
vt 0.01184938196092844 0.057979114353656769
vt 0.010930273681879044 0.061173886060714722
vt 0.010178388096392155 0.064404740929603577
vt 0.0095943212509155273 0.067665226757526398
vt 0.0091787371784448624 0.070948906242847443
vt 0.008932311087846756 0.074249327182769775
vt 0.0088557237759232521 0.077560044825077057
vt 0.0089496402069926262 0.080874606966972351
vt 0.0092146648094058037 0.084186546504497528
vt 0.0096499696373939514 0.087480738759040833
vt 0.010253178887069225 0.090742148458957672
vt 0.01102242898195982 0.0939645916223526
vt 0.01195569708943367 0.09714188426733017
vt 0.01305091381072998 0.10026785731315613
vt 0.014306005090475082 0.103336401283741
vt 0.015718959271907806 0.10634133219718933
vt 0.017287895083427429 0.10927646607160568
vt 0.02056850865483284 0.11446365714073181
vt 0.024318508803844452 0.11931061744689941
vt 0.028511099517345428 0.12378638237714767
vt 0.033119514584541321 0.12786009907722473
vt 0.038094270974397659 0.13148494064807892
vt 0.04337918758392334 0.13462208211421967
vt 0.048937909305095673 0.13725246489048004
vt 0.054734136909246445 0.1393570750951767
vt 0.057954128831624985 0.14026902616024017
vt 0.061210498213768005 0.14101506769657135
vt 0.064496748149394989 0.1415945440530777
vt 0.067806370556354523 0.14200679957866669
vt 0.071132868528366089 0.14225120842456818
vt 0.074469722807407379 0.14232717454433441
vt 0.077810458838939667 0.14223404228687286
vt 0.081148579716682434 0.14197114109992981
vt 0.084468752145767212 0.14153911173343658
vt 0.087755896151065826 0.14094048738479614
vt 0.091003790497779846 0.14017733931541443
vt 0.094206236302852631 0.13925158977508545
vt 0.097356982529163361 0.1381651759147644
vt 0.10044979304075241 0.13691997528076172
vt 0.10347841680049896 0.13551795482635498
vt 0.10643665492534637 0.13396118581295013
vt 0.11166463047266006 0.13070601224899292
vt 0.11655006557703018 0.12698566913604736
vt 0.12106141448020935 0.12282615900039673
vt 0.12516707181930542 0.11825361847877502
vt 0.12882031500339508 0.11331769824028015
vt 0.1319824606180191 0.10807435214519501
vt 0.13463388383388519 0.10255929827690125
vt 0.13675485551357269 0.096808388829231262
vt 0.13767395913600922 0.093613617122173309
vt 0.13842584192752838 0.090382762253284454
vt 0.13900990784168243 0.087122276425361633
vt 0.13942550122737885 0.083838596940040588
vt 0.1396719366312027 0.080538176000118256
vt 0.13974851369857788 0.077227458357810974
vt 0.13965459167957306 0.07391289621591568
vt 0.13938955962657928 0.070600949227809906
vt 0.13895426690578461 0.067306771874427795
vt 0.13835105299949646 0.064045354723930359
vt 0.13758181035518646 0.060822907835245132
vt 0.13664853572845459 0.057645618915557861
vt 0.13555331528186798 0.054519638419151306
vt 0.13429823517799377 0.051451105624437332
vt 0.13288527727127075 0.048446167260408401
vt 0.13131633400917053 0.045511037111282349
vt 0.12803572416305542 0.040323849767446518
vt 0.12428572773933411 0.035476882010698318
vt 0.12009314447641373 0.031001115217804909
vt 0.11381915956735611 0.020935801789164543
vt 0.10347083956003189 0.010467900894582272
vt 0.11381915956735611 0.010467900894582272
vt 0.098296672105789185 0.010467900894582272
vt 0.10347083956003189 0.015701852738857269
vt 0.098296672105789185 0.015701852738857269
vt 0.041380878537893295 0.010467900894582272
vt 0.051729209721088409 0.010467900894582272
vt 0.041380878537893295 0.015701852738857269
vt 0.0465550497174263 0.010467900894582272
vt 0.0465550497174263 0.015701852738857269
vt 0.031032558530569077 0.020935801789164543
vt 0.031032558530569077 0.010467900894582272
vt 1 0.14580103754997253
vt 1 0.15493163466453552
vt 1 0.16362872719764709
vt 1 0.17232581973075867
vt 1 0.18093129992485046
vt 1 0.18939071893692017
vt 1 0.19785015285015106
vt 1 0.20630957186222076
vt 1 0.21476899087429047
vt 1 0.22322842478752136
vt 1 0.23168784379959106
vt 1 0.24055841565132141
vt 1 0.24860668182373047
vt 1 0.25773727893829346
vt 1 0.26643437147140503
vt 1 0.2751314640045166
vt 1 0.2837369441986084
vt 1 0.2921963632106781
vt 1 0.3006557822227478
vt 1 0.3091152012348175
vt 1 0.31757465004920959
vt 1 0.3260340690612793
vt 1 0.334493488073349
vt 1 0.34336405992507935
vt 1 0.3514123260974884
vt 1 0.36054292321205139
vt 1 0.36923998594284058
vt 1 0.37793710827827454
vt 1 0.38654258847236633
vt 1 0.39500203728675842
vt 1 0.40346142649650574
vt 1 0.41192084550857544
vt 1 0.42038029432296753
vt 1 0.42883971333503723
vt 1 0.43729910254478455
vt 1 0.44616970419883728
vt 1 0.45421797037124634
vt 1 0.46334856748580933
vt 1 0.47204563021659851
vt 1 0.48074275255203247
vt 1 0.48934823274612427
vt 1 0.49780768156051636
vt 1 0.50626707077026367
vt 1 0.51472651958465576
vt 1 0.52318590879440308
vt 1 0.53164535760879517
vt 1 0.54010474681854248
vt 1 0.54897534847259521
vt 1 0.55702364444732666
vt 0.99517720937728882 0.55702364444732666
vt 0.99517446756362915 0.55029183626174927
vt 0.99517208337783813 0.54379922151565552
vt 0.995169997215271 0.53749203681945801
vt 0.99516826868057251 0.531322181224823
vt 0.99516743421554565 0.52802765369415283
vt 0.99516677856445313 0.52476978302001953
vt 0.99516624212265015 0.52154159545898438
vt 0.99516576528549194 0.51833659410476685
vt 0.99516540765762329 0.51514822244644165
vt 0.99516516923904419 0.51197034120559692
vt 0.99516505002975464 0.5087965726852417
vt 0.99516505002975464 0.50562077760696411
vt 0.99516516923904419 0.50244498252868652
vt 0.99516540765762329 0.49927127361297607
vt 0.99516576528549194 0.49609336256980896
vt 0.99516618251800537 0.49290502071380615
vt 0.99516677856445313 0.48969995975494385
vt 0.99516743421554565 0.48647183179855347
vt 0.99516820907592773 0.48321396112442017
vt 0.99516910314559937 0.47991937398910522
vt 0.99517107009887695 0.47374951839447021
vt 0.99517333507537842 0.46744236350059509
vt 0.99517589807510376 0.46094974875450134
vt 0.99517875909805298 0.45421797037124634
vt 0.99518191814422607 0.44748622179031372
vt 0.99518531560897827 0.44099357724189758
vt 0.99518889188766479 0.43468642234802246
vt 0.99519270658493042 0.42851656675338745
vt 0.99519479274749756 0.4252220094203949
vt 0.99519693851470947 0.42196410894393921
vt 0.99519914388656616 0.41873598098754883
vt 0.99520134925842285 0.41553092002868652
vt 0.99520355463027954 0.41234257817268372
vt 0.99520581960678101 0.4091646671295166
vt 0.99520808458328247 0.40599092841148376
vt 0.99521034955978394 0.40281516313552856
vt 0.9952126145362854 0.39963936805725098
vt 0.99521481990814209 0.39646562933921814
vt 0.99521702527999878 0.39328771829605103
vt 0.99521923065185547 0.39009937644004822
vt 0.99522143602371216 0.38689431548118591
vt 0.99522358179092407 0.38366618752479553
vt 0.99522572755813599 0.38040831685066223
vt 0.99522781372070313 0.37711372971534729
vt 0.99523144960403442 0.37094387412071228
vt 0.99523496627807617 0.36463671922683716
vt 0.99523824453353882 0.35814410448074341
vt 0.99524122476577759 0.3514123260974884
vt 0.99524396657943726 0.34468057751655579
vt 0.99524641036987305 0.33818793296813965
vt 0.99524849653244019 0.33188077807426453
vt 0.99525022506713867 0.32571092247962952
vt 0.99525099992752075 0.32241636514663696
vt 0.99525165557861328 0.31915846467018127
vt 0.99525225162506104 0.31593033671379089
vt 0.99525272846221924 0.31272530555725098
vt 0.99525308609008789 0.30953696370124817
vt 0.99525326490402222 0.30635902285575867
vt 0.99525338411331177 0.30318531394004822
vt 0.99525344371795654 0.30000951886177063
vt 0.99525332450866699 0.29683369398117065
vt 0.99525308609008789 0.29365998506546021
vt 0.99525272846221924 0.29048207402229309
vt 0.99525225162506104 0.28729373216629028
vt 0.99525171518325806 0.28408870100975037
vt 0.99525099992752075 0.2808605432510376
vt 0.99525022506713867 0.27760264277458191
vt 0.99524933099746704 0.27430808544158936
vt 0.99524742364883423 0.26813822984695435
vt 0.99524515867233276 0.26183107495307922
vt 0.99524259567260742 0.25533843040466309
vt 0.99523967504501343 0.24860668182373047
vt 0.99523657560348511 0.24187493324279785
vt 0.99523317813873291 0.23538228869438171
vt 0.99522954225540161 0.22907513380050659
vt 0.99522578716278076 0.22290527820587158
vt 0.99522364139556885 0.21961072087287903
vt 0.99522149562835693 0.21635283529758453
vt 0.99521934986114502 0.21312469244003296
vt 0.99521714448928833 0.20991964638233185
vt 0.99521487951278687 0.20673130452632904
vt 0.99521267414093018 0.20355339348316193
vt 0.99521040916442871 0.20037966966629028
vt 0.99520814418792725 0.1972038596868515
vt 0.99520587921142578 0.19402806460857391
vt 0.99520361423492432 0.19085434079170227
vt 0.99520140886306763 0.18767641484737396
vt 0.99519920349121094 0.18448808789253235
vt 0.99519705772399902 0.18128304183483124
vt 0.99519485235214233 0.17805489897727966
vt 0.9951927661895752 0.17479701340198517
vt 0.99519068002700806 0.17150245606899261
vt 0.99518698453903198 0.16533258557319641
vt 0.99518352746963501 0.15902543067932129
vt 0.99518024921417236 0.15253278613090515
vt 0.99517720937728882 0.14580103754997253
vt 0.71775150299072266 0.39245906472206116
vt 0.71775150299072266 0.40158969163894653
vt 0.71775150299072266 0.41028681397438049
vt 0.71775150299072266 0.41898393630981445
vt 0.71775150299072266 0.42758944630622864
vt 0.71775150299072266 0.43604889512062073
vt 0.71775150299072266 0.44450834393501282
vt 0.71775150299072266 0.45296779274940491
vt 0.71775150299072266 0.461427241563797
vt 0.71775150299072266 0.46988669037818909
vt 0.71775150299072266 0.47834613919258118
vt 0.71775150299072266 0.4872167706489563
vt 0.71775150299072266 0.49526503682136536
vt 0.71775150299072266 0.50439566373825073
vt 0.71775150299072266 0.51309281587600708
vt 0.71775150299072266 0.52178990840911865
vt 0.71775150299072266 0.53039538860321045
vt 0.71775150299072266 0.53885489702224731
vt 0.71775150299072266 0.5473143458366394
vt 0.71775150299072266 0.55577379465103149
vt 0.71775150299072266 0.56423324346542358
vt 0.71775150299072266 0.57269269227981567
vt 0.71775150299072266 0.58115214109420776
vt 0.71775150299072266 0.5900227427482605
vt 0.71775150299072266 0.59807103872299194
vt 0.71775150299072266 0.60720163583755493
vt 0.71775150299072266 0.6158987283706665
vt 0.71775150299072266 0.62459588050842285
vt 0.71775150299072266 0.63320142030715942
vt 0.71775150299072266 0.64166086912155151
vt 0.71775150299072266 0.65012025833129883
vt 0.71775150299072266 0.65857976675033569
vt 0.71775150299072266 0.66703921556472778
vt 0.71775150299072266 0.67549866437911987
vt 0.71775150299072266 0.68395811319351196
vt 0.71775150299072266 0.6928287148475647
vt 0.71775150299072266 0.70087701082229614
vt 0.71775150299072266 0.71000760793685913
vt 0.71775150299072266 0.7187047004699707
vt 0.71775150299072266 0.72740185260772705
vt 0.71775150299072266 0.73600739240646362
vt 0.71775150299072266 0.74446684122085571
vt 0.71775150299072266 0.75292623043060303
vt 0.71775150299072266 0.76138573884963989
vt 0.71775150299072266 0.76984518766403198
vt 0.71775150299072266 0.77830463647842407
vt 0.71775150299072266 0.78676408529281616
vt 0.71775150299072266 0.7956346869468689
vt 0.71775150299072266 0.80368298292160034
vt 0.71406859159469604 0.80368298292160034
vt 0.71407067775726318 0.79695117473602295
vt 0.71407270431518555 0.79045850038528442
vt 0.71407473087310791 0.78415137529373169
vt 0.7140766978263855 0.7779814600944519
vt 0.71407771110534668 0.77468687295913696
vt 0.71407872438430786 0.77142900228500366
vt 0.71407973766326904 0.76820087432861328
vt 0.71408069133758545 0.76499581336975098
vt 0.71408164501190186 0.76180744171142578
vt 0.71408253908157349 0.75862950086593628
vt 0.71408343315124512 0.75545579195022583
vt 0.71408426761627197 0.75227999687194824
vt 0.71408510208129883 0.74910420179367065
vt 0.71408581733703613 0.74593043327331543
vt 0.71408653259277344 0.74275249242782593
vt 0.71408724784851074 0.73956418037414551
vt 0.7140878438949585 0.7363591194152832
vt 0.71408843994140625 0.73313093185424805
vt 0.71408897638320923 0.72987306118011475
vt 0.71408945322036743 0.7265784740447998
vt 0.71409022808074951 0.72040861845016479
vt 0.71409076452255249 0.71410143375396729
vt 0.71409118175506592 0.70760875940322876
vt 0.71409136056900024 0.70087701082229614
vt 0.71409136056900024 0.69414520263671875
vt 0.71409118175506592 0.68765252828598022
vt 0.71409076452255249 0.68134540319442749
vt 0.71409022808074951 0.67517548799514771
vt 0.71408981084823608 0.67188090085983276
vt 0.71408939361572266 0.66862303018569946
vt 0.71408885717391968 0.66539490222930908
vt 0.7140883207321167 0.66218984127044678
vt 0.71408778429031372 0.65900146961212158
vt 0.71408712863922119 0.65582352876663208
vt 0.71408641338348389 0.65264981985092163
vt 0.71408569812774658 0.64947402477264404
vt 0.7140849232673645 0.64629822969436646
vt 0.71408414840698242 0.64312446117401123
vt 0.71408331394195557 0.63994652032852173
vt 0.71408241987228394 0.63675820827484131
vt 0.71408146619796753 0.633553147315979
vt 0.7140805721282959 0.63032495975494385
vt 0.71407955884933472 0.62706708908081055
vt 0.71407854557037354 0.62377250194549561
vt 0.71407663822174072 0.6176026463508606
vt 0.71407467126846313 0.61129546165466309
vt 0.71407270431518555 0.60480278730392456
vt 0.71407061815261841 0.59807103872299194
vt 0.71406859159469604 0.59133923053741455
vt 0.71406656503677368 0.5848466157913208
vt 0.71406453847885132 0.57853943109512329
vt 0.71406257152557373 0.57236951589584351
vt 0.71406149864196777 0.56907498836517334
vt 0.71406048536300659 0.56581705808639526
vt 0.71405953168869019 0.56258893013000488
vt 0.714058518409729 0.55938386917114258
vt 0.71405762434005737 0.55619549751281738
vt 0.71405667066574097 0.55301755666732788
vt 0.71405583620071411 0.54984384775161743
vt 0.71405500173568726 0.54666805267333984
vt 0.7140541672706604 0.54349219799041748
vt 0.71405339241027832 0.54031848907470703
vt 0.71405267715454102 0.53714054822921753
vt 0.71405202150344849 0.53395223617553711
vt 0.71405136585235596 0.5307471752166748
vt 0.71405082941055298 0.52751898765563965
vt 0.71405029296875 0.52426111698150635
vt 0.7140498161315918 0.52096652984619141
vt 0.71404904127120972 0.5147966742515564
vt 0.71404844522476196 0.50848948955535889
vt 0.71404808759689331 0.50199681520462036
vt 0.71404790878295898 0.49526503682136536
vt 0.71404790878295898 0.48853328824043274
vt 0.71404808759689331 0.48204061388969421
vt 0.71404844522476196 0.4757334291934967
vt 0.71404904127120972 0.46956354379653931
vt 0.71404945850372314 0.46626898646354675
vt 0.71404987573623657 0.46301108598709106
vt 0.71405035257339478 0.4597829282283783
vt 0.71405088901519775 0.45657789707183838
vt 0.71405148506164551 0.45338952541351318
vt 0.71405214071273804 0.45021161437034607
vt 0.71405279636383057 0.44703787565231323
vt 0.71405351161956787 0.44386205077171326
vt 0.71405428647994995 0.44068625569343567
vt 0.71405512094497681 0.43751251697540283
vt 0.71405595541000366 0.43433457612991333
vt 0.71405684947967529 0.43114623427391052
vt 0.71405774354934692 0.42794120311737061
vt 0.71405869722366333 0.42471304535865784
vt 0.71405965089797974 0.42145514488220215
vt 0.71406066417694092 0.41816055774688721
vt 0.71406257152557373 0.41199067234992981
vt 0.71406453847885132 0.40568351745605469
vt 0.71406656503677368 0.39919084310531616
vt 0.71406859159469604 0.39245906472206116
vt 0.4451565146446228 0.16181021928787231
vt 0.44858598709106445 0.16955719888210297
vt 0.45104208588600159 0.17755013704299927
vt 0.45257210731506348 0.18605406582355499
vt 0.45305201411247253 0.19489851593971252
vt 0.45243033766746521 0.2036709189414978
vt 0.45069822669029236 0.21239861845970154
vt 0.44787108898162842 0.22087667882442474
vt 0.4440152645111084 0.22890879213809967
vt 0.43924304842948914 0.23632214963436127
vt 0.43370237946510315 0.24297946691513062
vt 0.42756375670433044 0.24878621101379395
vt 0.42067071795463562 0.2539137601852417
vt 0.41353541612625122 0.25803196430206299
vt 0.40644842386245728 0.26114276051521301
vt 0.39841565489768982 0.26365324854850769
vt 0.38985168933868408 0.26526296138763428
vt 0.38048338890075684 0.26584672927856445
vt 0.37202546000480652 0.26534190773963928
vt 0.36317524313926697 0.26374199986457825
vt 0.35455694794654846 0.26105669140815735
vt 0.34637093544006348 0.257346510887146
vt 0.33879515528678894 0.25271818041801453
vt 0.33197265863418579 0.24731482565402985
vt 0.32600370049476624 0.24130327999591827
vt 0.32072803378105164 0.23454935848712921
vt 0.31641343235969543 0.22743158042430878
vt 0.31326231360435486 0.22063048183917999
vt 0.31058758497238159 0.212598517537117
vt 0.30884832143783569 0.20400907099246979
vt 0.30819043517112732 0.19562289118766785
vt 0.30854624509811401 0.18709284067153931
vt 0.30995267629623413 0.17855766415596008
vt 0.31240785121917725 0.1702067106962204
vt 0.31586354970932007 0.16222545504570007
vt 0.32022824883460999 0.15478196740150452
vt 0.3253747820854187 0.1480153501033783
vt 0.43625155091285706 0.14847780764102936
vt 0.44111514091491699 0.15494763851165771
vt 0.42955225706100464 0.24051070213317871
vt 0.4367632269859314 0.23083958029747009
vt 0.44192546606063843 0.21996477246284485
vt 0.44484055042266846 0.20830418169498444
vt 0.44539648294448853 0.19630593061447144
vt 0.44357186555862427 0.18443109095096588
vt 0.43943688273429871 0.17313601076602936
vt 0.43625155091285706 0.16736096143722534
vt 0.32554882764816284 0.17753943800926208
vt 0.32497680187225342 0.17907020449638367
vt 0.32206171751022339 0.19073079526424408
vt 0.32150581479072571 0.20272904634475708
vt 0.32333040237426758 0.21460388600826263
vt 0.32746541500091553 0.22589896619319916
vt 0.33375188708305359 0.23618021607398987
vt 0.34194833040237427 0.24505254626274109
vt 0.35173967480659485 0.252174973487854
vt 0.36274966597557068 0.25727382302284241
vt 0.37455523014068604 0.26015311479568481
vt 0.38670262694358826 0.2607022225856781
vt 0.39872509241104126 0.25890001654624939
vt 0.41016057133674622 0.25481578707695007
vt 0.42056962847709656 0.24860647320747375
vt 0.31852632761001587 0.17326495051383972
vt 0.31852632761001587 0.17747321724891663
vt 0.32370048761367798 0.17326495051383972
vt 0.32370048761367798 0.17747321724891663
vt 0.32546180486679077 0.16277739405632019
vt 0.43625155091285706 0.15791937708854675
vt 0.90014970302581787 0.14580103754997253
vt 0.90014970302581787 0.25660362839698792
vt 0.90014970302581787 0.23813652992248535
vt 0.90014970302581787 0.21966944634914398
vt 0.90014970302581787 0.20120233297348022
vt 0.90014970302581787 0.18273523449897766
vt 0.90014970302581787 0.1642681360244751
vt 0.94106531143188477 0.14580103754997253
vt 0.93408697843551636 0.15096484124660492
vt 0.92788940668106079 0.15710103511810303
vt 0.92087769508361816 0.16689079999923706
vt 0.91585725545883179 0.17790035903453827
vt 0.91302186250686646 0.18970663845539093
vt 0.91248100996017456 0.2018553763628006
vt 0.91425585746765137 0.21387952566146851
vt 0.9182778000831604 0.22531571984291077
vt 0.92439150810241699 0.23572409152984619
vt 0.9323611855506897 0.2447049617767334
vt 0.94097912311553955 0.25135219097137451
vt 0.95059442520141602 0.25631046295166016
vt 0.93798321485519409 0.25638377666473389
vt 0.92537206411361694 0.25645706057548523
vt 0.91276085376739502 0.25653034448623657
vt 0.91378819942474365 0.14580103754997253
vt 0.92742675542831421 0.14580103754997253
vt 0.44850283861160278 0.37302392721176147
vt 0.43982350826263428 0.3863980770111084
vt 0.32855820655822754 0.36785712838172913
vt 0.32861438393592834 0.37942567467689514
vt 0.32867056131362915 0.39099422097206116
vt 0.43982350826263428 0.37075650691986084
vt 0.43982350826263428 0.35511496663093567
vt 0.32332047820091248 0.38480573892593384
vt 0.31869864463806152 0.37806785106658936
vt 0.31482082605361938 0.37077382206916809
vt 0.31172972917556763 0.36288920044898987
vt 0.30963289737701416 0.35496723651885986
vt 0.30844461917877197 0.34686246514320374
vt 0.30819043517112732 0.33829504251480103
vt 0.30892589688301086 0.3299306333065033
vt 0.31056839227676392 0.32192066311836243
vt 0.31300905346870422 0.31438767910003662
vt 0.31614035367965698 0.30738797783851624
vt 0.3202282190322876 0.30039381980895996
vt 0.32499924302101135 0.29397377371788025
vt 0.33063426613807678 0.28792506456375122
vt 0.33709278702735901 0.28240785002708435
vt 0.34412258863449097 0.27767878770828247
vt 0.35171666741371155 0.27374976873397827
vt 0.35976713895797729 0.27069941163063049
vt 0.36811390519142151 0.26859608292579651
vt 0.37658563256263733 0.26746991276741028
vt 0.38501107692718506 0.26731157302856445
vt 0.39323025941848755 0.26807487010955811
vt 0.4011034369468689 0.26968282461166382
vt 0.40892168879508972 0.27218884229660034
vt 0.41517627239227295 0.27491474151611328
vt 0.4225088357925415 0.27904999256134033
vt 0.42901432514190674 0.28373751044273376
vt 0.43514928221702576 0.28927955031394958
vt 0.44075161218643188 0.2956373393535614
vt 0.44556465744972229 0.30256980657577515
vt 0.44956722855567932 0.3100581169128418
vt 0.45268356800079346 0.31800222396850586
vt 0.45484328269958496 0.32624450325965881
vt 0.45601460337638855 0.33461573719978333
vt 0.45620578527450562 0.34294658899307251
vt 0.45546233654022217 0.35107839107513428
vt 0.45386132597923279 0.35887232422828674
vt 0.45135149359703064 0.36661025881767273
vt 0.32445096969604492 0.31037446856498718
vt 0.32060539722442627 0.3218352198600769
vt 0.31911155581474304 0.33370497822761536
vt 0.31997781991958618 0.34563547372817993
vt 0.32321250438690186 0.357278972864151
vt 0.44240838289260864 0.34476879239082336
vt 0.44314131140708923 0.33419397473335266
vt 0.4420170783996582 0.32363340258598328
vt 0.43902960419654846 0.31332942843437195
vt 0.43357905745506287 0.30258649587631226
vt 0.4261125922203064 0.29310089349746704
vt 0.4169171154499054 0.28523713350296021
vt 0.40634602308273315 0.27929744124412537
vt 0.39474925398826599 0.27549812197685242
vt 0.38273921608924866 0.2740204930305481
vt 0.3706672191619873 0.27487537264823914
vt 0.3588860034942627 0.27807345986366272
vt 0.34801584482192993 0.28346019983291626
vt 0.33841791749000549 0.29083928465843201
vt 0.33046102523803711 0.29992711544036865
vt 0.46429556608200073 0.60740536451339722
vt 0.46429556608200073 0.66369515657424927
vt 0.35349297523498535 0.66369515657424927
vt 0.35344019532203674 0.65294802188873291
vt 0.35338741540908813 0.64220088720321655
vt 0.35333460569381714 0.6314537525177002
vt 0.35328182578086853 0.62070661783218384
vt 0.46429556608200073 0.62616860866546631
vt 0.46429556608200073 0.64493191242218018
vt 0.44582846760749817 0.66369515657424927
vt 0.42736136913299561 0.66369515657424927
vt 0.40889427065849304 0.66369515657424927
vt 0.39042717218399048 0.66369515657424927
vt 0.37196007370948792 0.66369515657424927
vt 0.3583197295665741 0.62753337621688843
vt 0.36424589157104492 0.63361233472824097
vt 0.37190017104148865 0.63945490121841431
vt 0.38036647439002991 0.64404243230819702
vt 0.39190682768821716 0.64787542819976807
vt 0.40397325158119202 0.64938294887542725
vt 0.41610193252563477 0.64850693941116333
vt 0.42782649397850037 0.64528113603591919
vt 0.43869727849960327 0.63982909917831421
vt 0.44829532504081726 0.63236075639724731
vt 0.45625191926956177 0.62316346168518066
vt 0.46226155757904053 0.6125907301902771
vt 0.3790777325630188 0.52969890832901001
vt 0.3790777325630188 0.5443311333656311
vt 0.3790777325630188 0.5589633584022522
vt 0.40487366914749146 0.52969890832901001
vt 0.40487366914749146 0.5443311333656311
vt 0.40487366914749146 0.5589633584022522
vt 0.43066957592964172 0.52969890832901001
vt 0.43066957592964172 0.5443311333656311
vt 0.43066957592964172 0.5589633584022522
vt 0.40445125102996826 0.56587928533554077
vt 0.3939572274684906 0.56780833005905151
vt 0.38346323370933533 0.56973743438720703
vt 0.37296921014785767 0.57166653871536255
vt 0.36247521638870239 0.57359558343887329
vt 0.3985954225063324 0.51567655801773071
vt 0.41270920634269714 0.51567655801773071
vt 0.42682301998138428 0.51567655801773071
vt 0.42679637670516968 0.52073913812637329
vt 0.4177716076374054 0.52969890832901001
vt 0.40487366914749146 0.52238273620605469
vt 0.4177716076374054 0.52238273620605469
vt 0.37605321407318115 0.52545958757400513
vt 0.37502294778823853 0.5205044150352478
vt 0.35328182578086853 0.53012335300445557
vt 0.36466753482818604 0.52779150009155273
vt 0.38680920004844666 0.51809048652648926
vt 0.45646548271179199 0.52073913812637329
vt 0.45633265376091003 0.53153723478317261
vt 0.45620062947273254 0.54233533143997192
vt 0.45606938004493713 0.55313342809677124
vt 0.45593893527984619 0.56393152475357056
vt 0.44306701421737671 0.5644184947013855
vt 0.43019509315490723 0.56490540504455566
vt 0.41732317209243774 0.56539231538772583
vt 0.44163092970848083 0.52073913812637329
vt 0.36017748713493347 0.56272739171981812
vt 0.35787934064865112 0.55185931921005249
vt 0.35558080673217773 0.54099130630493164
vt 0.57196736335754395 0.66569310426712036
vt 0.57196736335754395 0.68013310432434082
vt 0.57196736335754395 0.69457310438156128
vt 0.54283708333969116 0.66054821014404297
vt 0.52297240495681763 0.67159140110015869
vt 0.51968544721603394 0.6531328558921814
vt 0.51639848947525024 0.63467437028884888
vt 0.51311159133911133 0.61621582508087158
vt 0.56702655553817749 0.69457310438156128
vt 0.54283708333969116 0.68711960315704346
vt 0.55769985914230347 0.66054821014404297
vt 0.55769985914230347 0.68711960315704346
vt 0.55769985914230347 0.7004052996635437
vt 0.56513118743896484 0.68711960315704346
vt 0.56513118743896484 0.7004052996635437
vt 0.56151551008224487 0.63842451572418213
vt 0.54283708333969116 0.63397675752639771
vt 0.55769985914230347 0.63397675752639771
vt 0.56513118743896484 0.66054821014404297
vt 0.55769985914230347 0.64726251363754272
vt 0.56513118743896484 0.64726251363754272
vt 0.55536139011383057 0.60740536451339722
vt 0.55843842029571533 0.62291496992111206
vt 0.56635725498199463 0.63741600513458252
vt 0.56916230916976929 0.65155452489852905
vt 0.56702655553817749 0.71369105577468872
vt 0.54577034711837769 0.71367830038070679
vt 0.52451413869857788 0.71366554498672485
vt 0.52400022745132446 0.69964081048965454
vt 0.52348631620407104 0.685616135597229
vt 0.52797430753707886 0.66054821014404297
vt 0.52797430753707886 0.68711960315704346
vt 0.56702655553817749 0.704132080078125
vt 0.52367401123046875 0.6140131950378418
vt 0.53423649072647095 0.61181056499481201
vt 0.54479891061782837 0.609607994556427
vt 0.52797430753707886 0.63397675752639771
vt 0 0.510276198387146
vt 0 0.53256505727767944
vt 0 0.55485385656356812
vt 0.010377354919910431 0.510276198387146
vt 0.020420968532562256 0.510276198387146
vt 0.030302569270133972 0.510276198387146
vt 0.040071714669466019 0.510276198387146
vt 0.049840867519378662 0.510276198387146
vt 0.059610016644001007 0.510276198387146
vt 0.069379158318042755 0.510276198387146
vt 0.0791483074426651 0.510276198387146
vt 0.089525669813156128 0.510276198387146
vt 0.099569283425807953 0.510276198387146
vt 0.10945087671279907 0.510276198387146
vt 0.11922003328800201 0.510276198387146
vt 0.12898917496204376 0.510276198387146
vt 0.13875831663608551 0.510276198387146
vt 0.14852747321128845 0.510276198387146
vt 0.1582966148853302 0.510276198387146
vt 0.16867397725582123 0.510276198387146
vt 0.17871759831905365 0.510276198387146
vt 0.18859918415546417 0.510276198387146
vt 0.19836832582950592 0.510276198387146
vt 0.20813748240470886 0.510276198387146
vt 0.2179066389799118 0.510276198387146
vt 0.22767578065395355 0.510276198387146
vt 0.2374449223279953 0.510276198387146
vt 0.24782228469848633 0.510276198387146
vt 0.25786590576171875 0.510276198387146
vt 0.26774749159812927 0.510276198387146
vt 0.27751663327217102 0.510276198387146
vt 0.28728577494621277 0.510276198387146
vt 0.2970549464225769 0.510276198387146
vt 0.30682408809661865 0.510276198387146
vt 0.3165932297706604 0.510276198387146
vt 0.3165932297706604 0.53256505727767944
vt 0.3165932297706604 0.55485385656356812
vt 0.30669969320297241 0.55485385656356812
vt 0.29680615663528442 0.55485385656356812
vt 0.28691262006759644 0.55485385656356812
vt 0.27701908349990845 0.55485385656356812
vt 0.26712554693222046 0.55485385656356812
vt 0.25723201036453247 0.55485385656356812
vt 0.24733847379684448 0.55485385656356812
vt 0.2374449223279953 0.55485385656356812
vt 0.22755138576030731 0.55485385656356812
vt 0.21765784919261932 0.55485385656356812
vt 0.20776431262493134 0.55485385656356812
vt 0.19787077605724335 0.55485385656356812
vt 0.18797723948955536 0.55485385656356812
vt 0.17808370292186737 0.55485385656356812
vt 0.16819015145301819 0.55485385656356812
vt 0.1582966148853302 0.55485385656356812
vt 0.14840307831764221 0.55485385656356812
vt 0.13850954174995422 0.55485385656356812
vt 0.12861600518226624 0.55485385656356812
vt 0.11872246116399765 0.55485385656356812
vt 0.10882892459630966 0.55485385656356812
vt 0.098935388028621674 0.55485385656356812
vt 0.089041851460933685 0.55485385656356812
vt 0.0791483074426651 0.55485385656356812
vt 0.069254770874977112 0.55485385656356812
vt 0.059361230581998825 0.55485385656356812
vt 0.049467694014310837 0.55485385656356812
vt 0.03957415372133255 0.55485385656356812
vt 0.029680615290999413 0.55485385656356812
vt 0.019787076860666275 0.55485385656356812
vt 0.0098935384303331375 0.55485385656356812
vt 0.020420968532562256 0.53256505727767944
vt 0.040071714669466019 0.53256505727767944
vt 0.030302569270133972 0.53256505727767944
vt 0.049840867519378662 0.53256505727767944
vt 0.059610016644001007 0.53256505727767944
vt 0.069379158318042755 0.53256505727767944
vt 0.0791483074426651 0.53256505727767944
vt 0.099569283425807953 0.53256505727767944
vt 0.089525669813156128 0.53256505727767944
vt 0.10945087671279907 0.53256505727767944
vt 0.11922003328800201 0.53256505727767944
vt 0.12898917496204376 0.53256505727767944
vt 0.13875831663608551 0.53256505727767944
vt 0.14852747321128845 0.53256505727767944
vt 0.1582966148853302 0.53256505727767944
vt 0.16867397725582123 0.53256505727767944
vt 0.17871759831905365 0.53256505727767944
vt 0.18859918415546417 0.53256505727767944
vt 0.20813748240470886 0.53256505727767944
vt 0.19836832582950592 0.53256505727767944
vt 0.2179066389799118 0.53256505727767944
vt 0.22767578065395355 0.53256505727767944
vt 0.2374449223279953 0.53256505727767944
vt 0.24782228469848633 0.53256505727767944
vt 0.25786590576171875 0.53256505727767944
vt 0.26774749159812927 0.53256505727767944
vt 0.27751663327217102 0.53256505727767944
vt 0.28728577494621277 0.53256505727767944
vt 0.2970549464225769 0.53256505727767944
vt 0.30682408809661865 0.53256505727767944
vt 0.0023811766877770424 0.182748943567276
vt 0.0062381955794990063 0.1738804429769516
vt 0.011888670735061169 0.16571062803268433
vt 0.019220173358917236 0.15866003930568695
vt 0.027894102036952972 0.15318790078163147
vt 0.037485882639884949 0.14958822727203369
vt 0.047388769686222076 0.1480153501033783
vt 0.057009041309356689 0.14837947487831116
vt 0.065870180726051331 0.15039652585983276
vt 0.074738696217536926 0.15425354242324829
vt 0.082908503711223602 0.15990401804447174
vt 0.089959092438220978 0.16723552346229553
vt 0.095431230962276459 0.17590944468975067
vt 0.099030904471874237 0.18550123274326324
vt 0.10060378909111023 0.19540411233901978
vt 0.10023966431617737 0.20502439141273499
vt 0.098222605884075165 0.21388553082942963
vt 0.094365589320659637 0.22275404632091522
vt 0.088715113699436188 0.2309238463640213
vt 0.081383615732192993 0.23797443509101868
vt 0.072709687054157257 0.24344657361507416
vt 0.063117899000644684 0.24704624712467194
vt 0.053215019404888153 0.24861912429332733
vt 0.043594744056463242 0.24825501441955566
vt 0.034733600914478302 0.24623794853687286
vt 0.025865091010928154 0.24238093197345734
vt 0.017695281654596329 0.23673045635223389
vt 0.010644694790244102 0.2293989509344101
vt 0.0051725502125918865 0.22072502970695496
vt 0.001572880893945694 0.21113324165344238
vt 0 0.20123036205768585
vt 0.00036412288318388164 0.19161008298397064
vt 0.070068798959255219 0.16407683491706848
vt 0.063570626080036163 0.16096937656402588
vt 0.056187964975833893 0.15902465581893921
vt 0.048250000923871994 0.15855151414871216
vt 0.040213875472545624 0.15972240269184113
vt 0.032588023692369461 0.16251511871814728
vt 0.025830252096056938 0.16670733690261841
vt 0.020260682329535484 0.17192989587783813
vt 0.016022050753235817 0.17775453627109528
vt 0.012913955375552177 0.18425309658050537
vt 0.010968489572405815 0.19163604080677032
vt 0.01049452181905508 0.19957414269447327
vt 0.011664560064673424 0.20761023461818695
vt 0.014456450007855892 0.21523588895797729
vt 0.018647918477654457 0.22199329733848572
vt 0.023869840428233147 0.22756238281726837
vt 0.0296939667314291 0.23180045187473297
vt 0.036192137748003006 0.23490789532661438
vt 0.043574802577495575 0.23685261607170105
vt 0.051512762904167175 0.2373257577419281
vt 0.059548892080783844 0.23615486919879913
vt 0.067174740135669708 0.23336215317249298
vt 0.07393251359462738 0.22916993498802185
vt 0.079502083361148834 0.22394737601280212
vt 0.0837407186627388 0.21812273561954498
vt 0.086848810315132141 0.21162417531013489
vt 0.088794276118278503 0.20424123108386993
vt 0.089268244802951813 0.19630312919616699
vt 0.088098205626010895 0.18826703727245331
vt 0.085306316614151001 0.18064139783382416
vt 0.081114843487739563 0.17388398945331573
vt 0.075892925262451172 0.16831490397453308
vt 0.41175985336303711 0.70174825191497803
vt 0.41774380207061768 0.70622837543487549
vt 0.4228992760181427 0.71195584535598755
vt 0.42693036794662476 0.71877169609069824
vt 0.42955109477043152 0.72633790969848633
vt 0.43061363697052002 0.73427975177764893
vt 0.43010571599006653 0.74210762977600098
vt 0.42819565534591675 0.74938404560089111
vt 0.42517760396003723 0.75579416751861572
vt 0.42078015208244324 0.76189196109771729
vt 0.41515931487083435 0.76714527606964111
vt 0.40847018361091614 0.77125352621078491
vt 0.40104445815086365 0.77392488718032837
vt 0.39325019717216492 0.77500861883163452
vt 0.38556790351867676 0.77449208498001099
vt 0.37842690944671631 0.77254670858383179
vt 0.37213560938835144 0.76947182416915894
vt 0.36615169048309326 0.76499170064926147
vt 0.36099621653556824 0.75926423072814941
vt 0.35696509480476379 0.75244837999343872
vt 0.35434436798095703 0.74488216638565063
vt 0.35328182578086853 0.73694032430648804
vt 0.35378974676132202 0.72911244630813599
vt 0.3556998074054718 0.72183603048324585
vt 0.35871785879135132 0.71542590856552124
vt 0.36311531066894531 0.70932811498641968
vt 0.3687361478805542 0.70407480001449585
vt 0.37542527914047241 0.69996654987335205
vt 0.3828510046005249 0.69729518890380859
vt 0.39064529538154602 0.69621145725250244
vt 0.39832755923271179 0.69672799110412598
vt 0.40546855330467224 0.69867336750030518
vt 0.36862289905548096 0.72202545404434204
vt 0.36644205451011658 0.72690361738204956
vt 0.36519652605056763 0.7322613000869751
vt 0.36501532793045044 0.73789626359939575
vt 0.36596089601516724 0.74349868297576904
vt 0.36799746751785278 0.74878454208374023
vt 0.37096655368804932 0.75344681739807129
vt 0.37461578845977783 0.75727421045303345
vt 0.37865680456161499 0.76017582416534424
vt 0.38344430923461914 0.76239794492721558
vt 0.388702392578125 0.76366710662841797
vt 0.39423260092735291 0.76385170221328735
vt 0.39973083138465881 0.76288825273513794
vt 0.40491846203804016 0.76081311702728271
vt 0.40949404239654541 0.75778776407241821
vt 0.41325029730796814 0.75406938791275024
vt 0.41609793901443481 0.74995183944702148
vt 0.41827878355979919 0.74507367610931396
vt 0.41952434182167053 0.73971593379974365
vt 0.41970551013946533 0.73408102989196777
vt 0.41875997185707092 0.72847861051559448
vt 0.41672340035438538 0.72319269180297852
vt 0.41375428438186646 0.71853047609329224
vt 0.41010507941246033 0.71470308303833008
vt 0.40606403350830078 0.71180146932601929
vt 0.40127655863761902 0.70957934856414795
vt 0.39601844549179077 0.70831018686294556
vt 0.39048826694488525 0.70812559127807617
vt 0.38499000668525696 0.70908904075622559
vt 0.37980237603187561 0.71116417646408081
vt 0.37522679567337036 0.71418952941894531
vt 0.37147057056427002 0.71790784597396851
vt 0.36431360244750977 0.71871531009674072
vt 0.36431360244750977 0.74124163389205933
vt 0.37536725401878357 0.70745211839675903
vt 0.39747455716133118 0.70745211839675903
vt 0.36431360244750977 0.75250476598739624
vt 0.40852820873260498 0.70745211839675903
vt 0.069876186549663544 0.58420401811599731
vt 0.08347262442111969 0.56001687049865723
vt 0.087531208992004395 0.56296145915985107
vt 0.091187313199043274 0.56685489416122437
vt 0.094144158065319061 0.57160025835037231
vt 0.096144005656242371 0.57697457075119019
vt 0.097029097378253937 0.58265572786331177
vt 0.096779219806194305 0.58828365802764893
vt 0.095508918166160583 0.59353291988372803
vt 0.093428060412406921 0.59816724061965942
vt 0.09056081622838974 0.60233527421951294
vt 0.086769662797451019 0.6060900092124939
vt 0.082148894667625427 0.60912662744522095
vt 0.076915740966796875 0.61118042469024658
vt 0.071383841335773468 0.61208939552307129
vt 0.065903693437576294 0.61183273792266846
vt 0.060792300850152969 0.61052817106246948
vt 0.056279744952917099 0.60839122533798218
vt 0.052221160382032394 0.60544663667678833
vt 0.048565052449703217 0.60155320167541504
vt 0.045608211308717728 0.59680777788162231
vt 0.04360835999250412 0.59143346548080444
vt 0.042723268270492554 0.58575236797332764
vt 0.042973153293132782 0.5801243782043457
vt 0.044243451207876205 0.5748751163482666
vt 0.046324308961629868 0.57024085521697998
vt 0.049191553145647049 0.56607276201248169
vt 0.05298270657658577 0.56231808662414551
vt 0.05760347843170166 0.55928146839141846
vt 0.062836632132530212 0.55722767114639282
vt 0.068368531763553619 0.55631870031356812
vt 0.073848672211170197 0.55657529830932617
vt 0.07896006852388382 0.55787986516952515
vt 0.083473555743694305 0.58420401811599731
vt 0.069876186549663544 0.57023990154266357
vt 0.083473555743694305 0.57023990154266357
vt 0.069876186549663544 0.59816819429397583
vt 0.083473555743694305 0.59816819429397583
vt 0.056278813630342484 0.58420401811599731
vt 0.056278813630342484 0.59816819429397583
vt 0.056278813630342484 0.57023990154266357
vt 0.98592227697372437 0.14580103754997253
vt 0.96899080276489258 0.14580103754997253
vt 0.95205926895141602 0.14580103754997253
vt 0.95205926895141602 0.15392041206359863
vt 0.95205926895141602 0.16177867352962494
vt 0.95205926895141602 0.16950990259647369
vt 0.95205926895141602 0.17715300619602203
vt 0.95205926895141602 0.18479610979557037
vt 0.95205926895141602 0.19243921339511871
vt 0.95205926895141602 0.20008231699466705
vt 0.98592227697372437 0.20772464573383331
vt 0.95205926895141602 0.20772464573383331
vt 0.95205926895141602 0.21584403514862061
vt 0.95205926895141602 0.22370149195194244
vt 0.95205926895141602 0.2314324676990509
vt 0.95205926895141602 0.23907561600208282
vt 0.95205926895141602 0.24671877920627594
vt 0.95205926895141602 0.25436192750930786
vt 0.95205926895141602 0.26200509071350098
vt 0.98592227697372437 0.26964825391769409
vt 0.95205926895141602 0.26964825391769409
vt 0.95205926895141602 0.27776762843132019
vt 0.95205926895141602 0.2856258749961853
vt 0.95205926895141602 0.29335710406303406
vt 0.95205926895141602 0.3010002076625824
vt 0.95205926895141602 0.30864331126213074
vt 0.95205926895141602 0.31628641486167908
vt 0.95205926895141602 0.32392951846122742
vt 0.95205926895141602 0.33157184720039368
vt 0.95205926895141602 0.33969125151634216
vt 0.95205926895141602 0.34754869341850281
vt 0.95205926895141602 0.35527965426445007
vt 0.95205926895141602 0.36292281746864319
vt 0.95205926895141602 0.3705659806728363
vt 0.95205926895141602 0.37820914387702942
vt 0.95205926895141602 0.38585227727890015
vt 0.96899080276489258 0.39349544048309326
vt 0.95205926895141602 0.39349544048309326
vt 0.98592227697372437 0.15354149043560028
vt 0.98592227697372437 0.16128194332122803
vt 0.98592227697372437 0.16902239620685577
vt 0.98592227697372437 0.17676284909248352
vt 0.98592227697372437 0.18450328707695007
vt 0.98592227697372437 0.19224373996257782
vt 0.98592227697372437 0.19998419284820557
vt 0.98592227697372437 0.21546509861946106
vt 0.98592227697372437 0.22320555150508881
vt 0.98592227697372437 0.23094598948955536
vt 0.98592227697372437 0.23868644237518311
vt 0.98592227697372437 0.24642689526081085
vt 0.98592227697372437 0.2541673481464386
vt 0.98592227697372437 0.26190778613090515
vt 0.98592227697372437 0.27738869190216064
vt 0.98592227697372437 0.28512915968894958
vt 0.98592227697372437 0.29286959767341614
vt 0.98592227697372437 0.30061003565788269
vt 0.98592227697372437 0.30835050344467163
vt 0.98592227697372437 0.31609094142913818
vt 0.98592227697372437 0.32383140921592712
vt 0.98592227697372437 0.33157184720039368
vt 0.98592227697372437 0.33931228518486023
vt 0.98592227697372437 0.34705275297164917
vt 0.98592227697372437 0.35479319095611572
vt 0.98592227697372437 0.36253365874290466
vt 0.98592227697372437 0.37027409672737122
vt 0.98592227697372437 0.37801453471183777
vt 0.98592227697372437 0.38575500249862671
vt 0.98592227697372437 0.39349544048309326
vt 0.96899080276489258 0.16177867352962494
vt 0.96899080276489258 0.17715300619602203
vt 0.96899080276489258 0.16950990259647369
vt 0.96899080276489258 0.18479610979557037
vt 0.96899080276489258 0.19243921339511871
vt 0.96899080276489258 0.20772464573383331
vt 0.96899080276489258 0.20008231699466705
vt 0.96899080276489258 0.22370149195194244
vt 0.96899080276489258 0.21584403514862061
vt 0.96899080276489258 0.2314324676990509
vt 0.96899080276489258 0.23907561600208282
vt 0.96899080276489258 0.24671877920627594
vt 0.96899080276489258 0.25436192750930786
vt 0.96899080276489258 0.26200509071350098
vt 0.96899080276489258 0.26964825391769409
vt 0.96899080276489258 0.27776762843132019
vt 0.96899080276489258 0.2856258749961853
vt 0.96899080276489258 0.29335710406303406
vt 0.96899080276489258 0.30864331126213074
vt 0.96899080276489258 0.3010002076625824
vt 0.96899080276489258 0.31628641486167908
vt 0.96899080276489258 0.32392951846122742
vt 0.96899080276489258 0.33157184720039368
vt 0.96899080276489258 0.33969125151634216
vt 0.96899080276489258 0.34754869341850281
vt 0.96899080276489258 0.35527965426445007
vt 0.96899080276489258 0.36292281746864319
vt 0.96899080276489258 0.3705659806728363
vt 0.96899080276489258 0.37820914387702942
vt 0.96899080276489258 0.38585227727890015
vt 0 0.44541943073272705
vt 0 0.46276888251304626
vt 0.0057520098052918911 0.46276888251304626
vt 0.011319031938910484 0.46276888251304626
vt 0.016796251758933067 0.46276888251304626
vt 0.022211141884326935 0.46276888251304626
vt 0.027626032009720802 0.46276888251304626
vt 0.03304092213511467 0.46276888251304626
vt 0.038455810397863388 0.46276888251304626
vt 0.043870702385902405 0.46276888251304626
vt 0.049622714519500732 0.46276888251304626
vt 0.055189736187458038 0.46276888251304626
vt 0.060666952282190323 0.46276888251304626
vt 0.06608184427022934 0.46276888251304626
vt 0.071496732532978058 0.46276888251304626
vt 0.076911620795726776 0.46276888251304626
vt 0.082326516509056091 0.46276888251304626
vt 0.08774140477180481 0.46276888251304626
vt 0.093493416905403137 0.46276888251304626
vt 0.099060438573360443 0.46276888251304626
vt 0.10453765839338303 0.46276888251304626
vt 0.10995254665613174 0.46276888251304626
vt 0.11536743491888046 0.46276888251304626
vt 0.12078233063220978 0.46276888251304626
vt 0.1261972188949585 0.46276888251304626
vt 0.13161210715770721 0.46276888251304626
vt 0.13736411929130554 0.46276888251304626
vt 0.14293114840984344 0.46276888251304626
vt 0.14840835332870483 0.46276888251304626
vt 0.15382324159145355 0.46276888251304626
vt 0.15923812985420227 0.46276888251304626
vt 0.16465303301811218 0.46276888251304626
vt 0.1700679212808609 0.46276888251304626
vt 0.17548280954360962 0.42806997895240784
vt 0.17548280954360962 0.44541943073272705
vt 0.17548280954360962 0.46276888251304626
vt 0 0.42806997895240784
vt 0.0054838377982378006 0.42806997895240784
vt 0.010967675596475601 0.42806997895240784
vt 0.016451513394713402 0.42806997895240784
vt 0.021935351192951202 0.42806997895240784
vt 0.027419188991189003 0.42806997895240784
vt 0.032903026789426804 0.42806997895240784
vt 0.038386866450309753 0.42806997895240784
vt 0.043870702385902405 0.42806997895240784
vt 0.049354542046785355 0.42806997895240784
vt 0.054838377982378006 0.42806997895240784
vt 0.060322217643260956 0.42806997895240784
vt 0.065806053578853607 0.42806997895240784
vt 0.071289889514446259 0.42806997895240784
vt 0.076773732900619507 0.42806997895240784
vt 0.082257568836212158 0.42806997895240784
vt 0.08774140477180481 0.42806997895240784
vt 0.093225240707397461 0.42806997895240784
vt 0.098709084093570709 0.42806997895240784
vt 0.10419292002916336 0.42806997895240784
vt 0.10967675596475601 0.42806997895240784
vt 0.11516059190034866 0.42806997895240784
vt 0.12064443528652191 0.42806997895240784
vt 0.12612827122211456 0.42806997895240784
vt 0.13161210715770721 0.42806997895240784
vt 0.13709594309329987 0.42806997895240784
vt 0.14257977902889252 0.42806997895240784
vt 0.14806361496448517 0.42806997895240784
vt 0.15354746580123901 0.42806997895240784
vt 0.15903130173683167 0.42806997895240784
vt 0.16451513767242432 0.42806997895240784
vt 0.16999897360801697 0.42806997895240784
vt 0.011319031938910484 0.44541943073272705
vt 0.022211141884326935 0.44541943073272705
vt 0.016796251758933067 0.44541943073272705
vt 0.027626032009720802 0.44541943073272705
vt 0.03304092213511467 0.44541943073272705
vt 0.043870702385902405 0.44541943073272705
vt 0.038455810397863388 0.44541943073272705
vt 0.049622714519500732 0.44541943073272705
vt 0.055189736187458038 0.44541943073272705
vt 0.060666952282190323 0.44541943073272705
vt 0.071496732532978058 0.44541943073272705
vt 0.06608184427022934 0.44541943073272705
vt 0.076911620795726776 0.44541943073272705
vt 0.082326516509056091 0.44541943073272705
vt 0.08774140477180481 0.44541943073272705
vt 0.093493416905403137 0.44541943073272705
vt 0.099060438573360443 0.44541943073272705
vt 0.10995254665613174 0.44541943073272705
vt 0.10453765839338303 0.44541943073272705
vt 0.11536743491888046 0.44541943073272705
vt 0.12078233063220978 0.44541943073272705
vt 0.13161210715770721 0.44541943073272705
vt 0.1261972188949585 0.44541943073272705
vt 0.14293114840984344 0.44541943073272705
vt 0.13736411929130554 0.44541943073272705
vt 0.14840835332870483 0.44541943073272705
vt 0.15382324159145355 0.44541943073272705
vt 0.15923812985420227 0.44541943073272705
vt 0.16465303301811218 0.44541943073272705
vt 0.1700679212808609 0.44541943073272705
vt 0 0.46423372626304626
vt 0 0.508811354637146
vt 0.010377354919910431 0.46423372626304626
vt 0.020420968532562256 0.46423372626304626
vt 0.030302569270133972 0.46423372626304626
vt 0.040071714669466019 0.46423372626304626
vt 0.049840867519378662 0.46423372626304626
vt 0.059610016644001007 0.46423372626304626
vt 0.069379158318042755 0.46423372626304626
vt 0.0791483074426651 0.46423372626304626
vt 0.089525669813156128 0.46423372626304626
vt 0.099569283425807953 0.46423372626304626
vt 0.10945087671279907 0.46423372626304626
vt 0.11922003328800201 0.46423372626304626
vt 0.12898917496204376 0.46423372626304626
vt 0.13875831663608551 0.46423372626304626
vt 0.14852747321128845 0.46423372626304626
vt 0.1582966148853302 0.46423372626304626
vt 0.16867397725582123 0.46423372626304626
vt 0.17871759831905365 0.46423372626304626
vt 0.18859918415546417 0.46423372626304626
vt 0.19836832582950592 0.46423372626304626
vt 0.20813748240470886 0.46423372626304626
vt 0.2179066389799118 0.46423372626304626
vt 0.22767578065395355 0.46423372626304626
vt 0.2374449223279953 0.46423372626304626
vt 0.24782228469848633 0.46423372626304626
vt 0.25786590576171875 0.46423372626304626
vt 0.26774749159812927 0.46423372626304626
vt 0.27751663327217102 0.46423372626304626
vt 0.28728577494621277 0.46423372626304626
vt 0.2970549464225769 0.46423372626304626
vt 0.30682408809661865 0.46423372626304626
vt 0.3165932297706604 0.46423372626304626
vt 0 0.48652255535125732
vt 0.3165932297706604 0.48652255535125732
vt 0.3165932297706604 0.508811354637146
vt 0.30669969320297241 0.508811354637146
vt 0.29680615663528442 0.508811354637146
vt 0.28691262006759644 0.508811354637146
vt 0.27701908349990845 0.508811354637146
vt 0.26712554693222046 0.508811354637146
vt 0.25723201036453247 0.508811354637146
vt 0.24733847379684448 0.508811354637146
vt 0.2374449223279953 0.508811354637146
vt 0.22755138576030731 0.508811354637146
vt 0.21765784919261932 0.508811354637146
vt 0.20776431262493134 0.508811354637146
vt 0.19787077605724335 0.508811354637146
vt 0.18797723948955536 0.508811354637146
vt 0.17808370292186737 0.508811354637146
vt 0.16819015145301819 0.508811354637146
vt 0.1582966148853302 0.508811354637146
vt 0.14840307831764221 0.508811354637146
vt 0.13850954174995422 0.508811354637146
vt 0.12861600518226624 0.508811354637146
vt 0.11872246116399765 0.508811354637146
vt 0.10882892459630966 0.508811354637146
vt 0.098935388028621674 0.508811354637146
vt 0.089041851460933685 0.508811354637146
vt 0.0791483074426651 0.508811354637146
vt 0.069254770874977112 0.508811354637146
vt 0.059361230581998825 0.508811354637146
vt 0.049467694014310837 0.508811354637146
vt 0.03957415372133255 0.508811354637146
vt 0.029680615290999413 0.508811354637146
vt 0.019787076860666275 0.508811354637146
vt 0.0098935384303331375 0.508811354637146
vt 0.0042990371584892273 0.30004313588142395
vt 0.0090615078806877136 0.29162612557411194
vt 0.01553462166339159 0.28409138321876526
vt 0.023562625050544739 0.2778453528881073
vt 0.032760798931121826 0.27330940961837769
vt 0.042676173150539398 0.27073156833648682
vt 0.052689190953969955 0.2702019214630127
vt 0.062218774110078812 0.27156913280487061
vt 0.070820681750774384 0.27450093626976013
vt 0.079237684607505798 0.27926340699195862
vt 0.086772441864013672 0.28573653101921082
vt 0.093018464744091034 0.29376453161239624
vt 0.097554430365562439 0.30296272039413452
vt 0.10013227164745331 0.3128780722618103
vt 0.10066191852092743 0.32289108633995056
vt 0.099294684827327728 0.33242067694664001
vt 0.096362881362438202 0.34102258086204529
vt 0.091600410640239716 0.3494395911693573
vt 0.085127301514148712 0.35697433352470398
vt 0.07709929347038269 0.36322036385536194
vt 0.067901119589805603 0.36775633692741394
vt 0.057985749095678329 0.37033417820930481
vt 0.047972727566957474 0.37086382508277893
vt 0.038443148136138916 0.36949658393859863
vt 0.029841233044862747 0.36656478047370911
vt 0.021424230188131332 0.36180230975151062
vt 0.013889480382204056 0.35532921552658081
vt 0.0076434575021266937 0.34730121493339539
vt 0.0031074895523488522 0.3381030261516571
vt 0.00052964274073019624 0.32818764448165894
vt 0 0.31817463040351868
vt 0.0013672312488779426 0.30864503979682922
vt 0.084022723138332367 0.33998075127601624
vt 0.08699905127286911 0.33352541923522949
vt 0.088815830647945404 0.32621350884437561
vt 0.089172884821891785 0.31837418675422668
vt 0.087906360626220703 0.31046092510223389
vt 0.085045203566551208 0.30297508835792542
vt 0.080815121531486511 0.29636532068252563
vt 0.075584813952445984 0.29094237089157104
vt 0.06977882981300354 0.28684109449386597
vt 0.063323497772216797 0.28386476635932922
vt 0.056011602282524109 0.28204798698425293
vt 0.048172280192375183 0.28169095516204834
vt 0.040259003639221191 0.28295746445655823
vt 0.03277316689491272 0.28581863641738892
vt 0.026163410395383835 0.29004871845245361
vt 0.020740456879138947 0.29527902603149414
vt 0.016639193519949913 0.30108499526977539
vt 0.013662869110703468 0.30754032731056213
vt 0.011846087872982025 0.31485223770141602
vt 0.011489038355648518 0.32269155979156494
vt 0.012755561619997025 0.33060482144355774
vt 0.015616718679666519 0.33809065818786621
vt 0.01984679326415062 0.34470042586326599
vt 0.025077106431126595 0.35012337565422058
vt 0.030883088707923889 0.35422462224960327
vt 0.037338420748710632 0.35720095038414001
vt 0.04465031623840332 0.35901772975921631
vt 0.052489642053842545 0.35937479138374329
vt 0.060402914881706238 0.35810825228691101
vt 0.067888751626014709 0.35524711012840271
vt 0.074498511850833893 0.35101702809333801
vt 0.079921461641788483 0.34578672051429749
vt 0.42583104968070984 0.45076438784599304
vt 0.42149493098258972 0.45684298872947693
vt 0.41591650247573853 0.46210610866546631
vt 0.40924814343452454 0.46625420451164246
vt 0.40181931853294373 0.46899476647377014
vt 0.39399781823158264 0.47017395496368408
vt 0.38626661896705627 0.46977254748344421
vt 0.37905973196029663 0.46795365214347839
vt 0.37269139289855957 0.46500828862190247
vt 0.36661279201507568 0.46067216992378235
vt 0.3613496720790863 0.45509374141693115
vt 0.35720160603523254 0.44842541217803955
vt 0.35446101427078247 0.44099655747413635
vt 0.35328182578086853 0.43317505717277527
vt 0.3536832332611084 0.4254438579082489
vt 0.35550212860107422 0.41823697090148926
vt 0.35844752192497253 0.4118686318397522
vt 0.36278364062309265 0.40579003095626831
vt 0.36836206912994385 0.40052694082260132
vt 0.37503039836883545 0.39637884497642517
vt 0.38245922327041626 0.3936382532119751
vt 0.39028072357177734 0.39245906472206116
vt 0.39801192283630371 0.39286047220230103
vt 0.40521880984306335 0.39467936754226685
vt 0.41158714890480042 0.39762476086616516
vt 0.4176657497882843 0.40196087956428528
vt 0.42292886972427368 0.40753930807113647
vt 0.42707693576812744 0.41420763731002808
vt 0.42981752753257751 0.42163646221160889
vt 0.43099671602249146 0.42945799231529236
vt 0.43059530854225159 0.43718916177749634
vt 0.42877641320228577 0.44439607858657837
vt 0.36662447452545166 0.41995936632156372
vt 0.36492466926574707 0.42504319548606873
vt 0.36422279477119446 0.43050423264503479
vt 0.36462849378585815 0.43612760305404663
vt 0.36617255210876465 0.44159850478172302
vt 0.36878913640975952 0.44663840532302856
vt 0.37228545546531677 0.45095869898796082
vt 0.37638369202613831 0.45437625050544739
vt 0.38078212738037109 0.45683130621910095
vt 0.3858659565448761 0.45853111147880554
vt 0.39132699370384216 0.45923298597335815
vt 0.39695033431053162 0.45882728695869446
vt 0.4024212658405304 0.45728322863578796
vt 0.40746116638183594 0.45466667413711548
vt 0.41178146004676819 0.45117032527923584
vt 0.41519898176193237 0.44707211852073669
vt 0.41765406727790833 0.44267365336418152
vt 0.41935387253761292 0.4375898540019989
vt 0.42005574703216553 0.43212878704071045
vt 0.41965004801750183 0.426505446434021
vt 0.41810598969459534 0.4210345447063446
vt 0.41548943519592285 0.41599464416503906
vt 0.41199308633804321 0.41167432069778442
vt 0.40789487957954407 0.40825679898262024
vt 0.40349641442298889 0.40580171346664429
vt 0.39841261506080627 0.4041019082069397
vt 0.39295154809951782 0.40340003371238708
vt 0.38732820749282837 0.40380573272705078
vt 0.38185727596282959 0.40534979104995728
vt 0.37681740522384644 0.40796637535095215
vt 0.3724970817565918 0.4114626944065094
vt 0.36907956004142761 0.41556093096733093
vt 0.91669636964797974 0.053418654948472977
vt 0.91224324703216553 0.050926115363836288
vt 0.90810191631317139 0.047446712851524353
vt 0.90458571910858154 0.043044887483119965
vt 0.90198111534118652 0.037914831191301346
vt 0.90048301219940186 0.032359927892684937
vt 0.90014970302581787 0.026735983788967133
vt 0.90089809894561768 0.021379072219133377
vt 0.9025387167930603 0.016546718776226044
vt 0.90503126382827759 0.012093572877347469
vt 0.90851068496704102 0.0079522626474499702
vt 0.91291248798370361 0.0044360398314893246
vt 0.91804254055023193 0.0018314648186787963
vt 0.92359745502471924 0.00033335390617139637
vt 0.92922139167785645 0
vt 0.9345782995223999 0.00074844673508778214
vt 0.93941068649291992 0.0023890668526291847
vt 0.94386380910873413 0.0048816069029271603
vt 0.94800513982772827 0.0083610080182552338
vt 0.95152133703231812 0.012762831524014473
vt 0.95412594079971313 0.017892887815833092
vt 0.9556240439414978 0.02344779297709465
vt 0.95595741271972656 0.029071737080812454
vt 0.95520895719528198 0.03442864865064621
vt 0.95356833934783936 0.039261002093553543
vt 0.95107579231262207 0.043714150786399841
vt 0.94759637117385864 0.047855459153652191
vt 0.94319456815719604 0.051371682435274124
vt 0.93806451559066772 0.053976256400346756
vt 0.93250960111618042 0.055474366992712021
vt 0.92688566446304321 0.055807720869779587
vt 0.92152875661849976 0.055059276521205902
vt 0.92805355787277222 0.027903860434889793
vt 0.92805355787277222 0.041868004947900772
vt 0.92805355787277222 0.048850078135728836
vt 0.9140893816947937 0.041868004947900772
vt 0.9140893816947937 0.048850078135728836
vt 0.92805355787277222 0.034885931760072708
vt 0.9140893816947937 0.027903860434889793
vt 0.9140893816947937 0.034885931760072708
vt 0.92805355787277222 0.013939715921878815
vt 0.92805355787277222 0.020921789109706879
vt 0.9140893816947937 0.013939715921878815
vt 0.9140893816947937 0.020921789109706879
vt 0.92805355787277222 0.006957643199712038
vt 0.9140893816947937 0.006957643199712038
vt 0.94201767444610596 0.013939715921878815
vt 0.94201767444610596 0.006957643199712038
vt 0.94201767444610596 0.027903860434889793
vt 0.94201767444610596 0.020921789109706879
vt 0.94201767444610596 0.041868004947900772
vt 0.94201767444610596 0.034885931760072708
vt 0.94201767444610596 0.048850078135728836
vt 0.64269816875457764 0.55765724182128906
vt 0.64269816875457764 0.56566929817199707
vt 0.64269816875457764 0.57342374324798584
vt 0.64269816875457764 0.58105307817459106
vt 0.64269816875457764 0.58859556913375854
vt 0.64269816875457764 0.59613806009292603
vt 0.64269816875457764 0.60368055105209351
vt 0.64269816875457764 0.61122310161590576
vt 0.64269816875457764 0.61876559257507324
vt 0.64269816875457764 0.62677764892578125
vt 0.64269816875457764 0.63453209400177002
vt 0.64269816875457764 0.64216142892837524
vt 0.64269816875457764 0.64970391988754272
vt 0.64269816875457764 0.65724641084671021
vt 0.64269816875457764 0.66478890180587769
vt 0.64269816875457764 0.67233145236968994
vt 0.64269816875457764 0.67987394332885742
vt 0.64269816875457764 0.68788599967956543
vt 0.64269816875457764 0.6956404447555542
vt 0.64269816875457764 0.70326977968215942
vt 0.64269816875457764 0.7108122706413269
vt 0.64269816875457764 0.71835476160049438
vt 0.64269816875457764 0.72589731216430664
vt 0.64269816875457764 0.73343980312347412
vt 0.64269816875457764 0.7409822940826416
vt 0.64269816875457764 0.74899441003799438
vt 0.64269816875457764 0.75674879550933838
vt 0.64269816875457764 0.7643781304359436
vt 0.64269816875457764 0.77192062139511108
vt 0.64269816875457764 0.77946311235427856
vt 0.64269816875457764 0.78700566291809082
vt 0.64269816875457764 0.7945481538772583
vt 0.67602115869522095 0.80209064483642578
vt 0.64269816875457764 0.80209064483642578
vt 0.6593596339225769 0.80209064483642578
vt 0.6593596339225769 0.55765724182128906
vt 0.67602115869522095 0.55765724182128906
vt 0.67602115869522095 0.5652957558631897
vt 0.67602115869522095 0.57293432950973511
vt 0.67602115869522095 0.58057284355163574
vt 0.67602115869522095 0.58821141719818115
vt 0.67602115869522095 0.59584993124008179
vt 0.67602115869522095 0.6034885048866272
vt 0.67602115869522095 0.61112701892852783
vt 0.67602115869522095 0.61876559257507324
vt 0.67602115869522095 0.62640410661697388
vt 0.67602115869522095 0.63404268026351929
vt 0.67602115869522095 0.64168119430541992
vt 0.67602115869522095 0.64931976795196533
vt 0.67602115869522095 0.65695828199386597
vt 0.67602115869522095 0.66459685564041138
vt 0.67602115869522095 0.67223536968231201
vt 0.67602115869522095 0.67987394332885742
vt 0.67602115869522095 0.68751245737075806
vt 0.67602115869522095 0.69515103101730347
vt 0.67602115869522095 0.7027895450592041
vt 0.67602115869522095 0.71042811870574951
vt 0.67602115869522095 0.71806669235229492
vt 0.67602115869522095 0.72570520639419556
vt 0.67602115869522095 0.73334378004074097
vt 0.67602115869522095 0.7409822940826416
vt 0.67602115869522095 0.74862086772918701
vt 0.67602115869522095 0.75625938177108765
vt 0.67602115869522095 0.76389795541763306
vt 0.67602115869522095 0.77153646945953369
vt 0.67602115869522095 0.7791750431060791
vt 0.67602115869522095 0.78681355714797974
vt 0.67602115869522095 0.79445213079452515
vt 0 0.39245906472206116
vt 0 0.4095320999622345
vt 0 0.42660513520240784
vt 0.0057520098052918911 0.42660513520240784
vt 0.011319031938910484 0.42660513520240784
vt 0.016796251758933067 0.42660513520240784
vt 0.022211141884326935 0.42660513520240784
vt 0.027626032009720802 0.42660513520240784
vt 0.03304092213511467 0.42660513520240784
vt 0.038455810397863388 0.42660513520240784
vt 0.043870702385902405 0.42660513520240784
vt 0.049622714519500732 0.42660513520240784
vt 0.055189736187458038 0.42660513520240784
vt 0.060666952282190323 0.42660513520240784
vt 0.06608184427022934 0.42660513520240784
vt 0.071496732532978058 0.42660513520240784
vt 0.076911620795726776 0.42660513520240784
vt 0.082326516509056091 0.42660513520240784
vt 0.08774140477180481 0.42660513520240784
vt 0.093493416905403137 0.42660513520240784
vt 0.099060438573360443 0.42660513520240784
vt 0.10453765839338303 0.42660513520240784
vt 0.10995254665613174 0.42660513520240784
vt 0.11536743491888046 0.42660513520240784
vt 0.12078233063220978 0.42660513520240784
vt 0.1261972188949585 0.42660513520240784
vt 0.13161210715770721 0.42660513520240784
vt 0.13736411929130554 0.42660513520240784
vt 0.14293114840984344 0.42660513520240784
vt 0.14840835332870483 0.42660513520240784
vt 0.15382324159145355 0.42660513520240784
vt 0.15923812985420227 0.42660513520240784
vt 0.16465303301811218 0.42660513520240784
vt 0.1700679212808609 0.42660513520240784
vt 0.17548280954360962 0.4095320999622345
vt 0.17548280954360962 0.42660513520240784
vt 0.0054838377982378006 0.39245906472206116
vt 0.010967675596475601 0.39245906472206116
vt 0.016451513394713402 0.39245906472206116
vt 0.021935351192951202 0.39245906472206116
vt 0.027419188991189003 0.39245906472206116
vt 0.032903026789426804 0.39245906472206116
vt 0.038386866450309753 0.39245906472206116
vt 0.043870702385902405 0.39245906472206116
vt 0.049354542046785355 0.39245906472206116
vt 0.054838377982378006 0.39245906472206116
vt 0.060322217643260956 0.39245906472206116
vt 0.065806053578853607 0.39245906472206116
vt 0.071289889514446259 0.39245906472206116
vt 0.076773732900619507 0.39245906472206116
vt 0.082257568836212158 0.39245906472206116
vt 0.08774140477180481 0.39245906472206116
vt 0.093225240707397461 0.39245906472206116
vt 0.098709084093570709 0.39245906472206116
vt 0.10419292002916336 0.39245906472206116
vt 0.10967675596475601 0.39245906472206116
vt 0.11516059190034866 0.39245906472206116
vt 0.12064443528652191 0.39245906472206116
vt 0.12612827122211456 0.39245906472206116
vt 0.13161210715770721 0.39245906472206116
vt 0.13709594309329987 0.39245906472206116
vt 0.14257977902889252 0.39245906472206116
vt 0.14806361496448517 0.39245906472206116
vt 0.15354746580123901 0.39245906472206116
vt 0.15903130173683167 0.39245906472206116
vt 0.16451513767242432 0.39245906472206116
vt 0.16999897360801697 0.39245906472206116
vt 0.17548280954360962 0.39245906472206116
vt 0.011319031938910484 0.4095320999622345
vt 0.022211141884326935 0.4095320999622345
vt 0.016796251758933067 0.4095320999622345
vt 0.027626032009720802 0.4095320999622345
vt 0.03304092213511467 0.4095320999622345
vt 0.043870702385902405 0.4095320999622345
vt 0.038455810397863388 0.4095320999622345
vt 0.055189736187458038 0.4095320999622345
vt 0.049622714519500732 0.4095320999622345
vt 0.060666952282190323 0.4095320999622345
vt 0.06608184427022934 0.4095320999622345
vt 0.071496732532978058 0.4095320999622345
vt 0.076911620795726776 0.4095320999622345
vt 0.082326516509056091 0.4095320999622345
vt 0.08774140477180481 0.4095320999622345
vt 0.093493416905403137 0.4095320999622345
vt 0.099060438573360443 0.4095320999622345
vt 0.10453765839338303 0.4095320999622345
vt 0.11536743491888046 0.4095320999622345
vt 0.10995254665613174 0.4095320999622345
vt 0.12078233063220978 0.4095320999622345
vt 0.1261972188949585 0.4095320999622345
vt 0.13161210715770721 0.4095320999622345
vt 0.13736411929130554 0.4095320999622345
vt 0.14293114840984344 0.4095320999622345
vt 0.14840835332870483 0.4095320999622345
vt 0.15382324159145355 0.4095320999622345
vt 0.15923812985420227 0.4095320999622345
vt 0.16465303301811218 0.4095320999622345
vt 0.1700679212808609 0.4095320999622345
vt 0.63661456108093262 0.55003517866134644
vt 0.60956770181655884 0.55241459608078003
vt 0.57523059844970703 0.53422164916992188
vt 0.58977252244949341 0.50078153610229492
vt 0.65948837995529175 0.53498107194900513
vt 0.62767904996871948 0.52056795358657837
vt 0.62851607799530029 0.51857095956802368
vt 0.61675792932510376 0.52687478065490723
vt 0.63812315464019775 0.52687478065490723
vt 0.62744051218032837 0.52687478065490723
vt 0.61675792932510376 0.53992140293121338
vt 0.63812315464019775 0.53992140293121338
vt 0.59539264440536499 0.52687478065490723
vt 0.63278186321258545 0.52687478065490723
vt 0.62744051218032837 0.52361315488815308
vt 0.63278186321258545 0.52361315488815308
vt 0.63812315464019775 0.5333980917930603
vt 0.62744051218032837 0.53992140293121338
vt 0.61675792932510376 0.5333980917930603
vt 0.62744051218032837 0.5333980917930603
vt 0.59539264440536499 0.53992140293121338
vt 0.62085890769958496 0.52301573753356934
vt 0.62426894903182983 0.52179181575775146
vt 0.59227007627487183 0.50774049758911133
vt 0.60656446218490601 0.51537811756134033
vt 0.64400225877761841 0.5267760157585144
vt 0.77985751628875732 0.47467288374900818
vt 0.77985751628875732 0.56457209587097168
vt 0.75314658880233765 0.47467288374900818
vt 0.75314658880233765 0.56457209587097168
vt 0.75314658880233765 0.53460568189620972
vt 0.75314658880233765 0.50463932752609253
vt 0.77985751628875732 0.51962250471115112
vt 0.89868485927581787 0
vt 0.89868485927581787 0.089899212121963501
vt 0.86129069328308105 0
vt 0.86129069328308105 0.089899212121963501
vt 0.86129069328308105 0.04494960606098175
vt 0.89868485927581787 0.04494960606098175
vt 0 0.62004333734512329
vt 0 0.65509432554244995
vt 0 0.63756883144378662
vt 0.019253844395279884 0.62004333734512329
vt 0.019253844395279884 0.63756883144378662
vt 0.019253844395279884 0.65509432554244995
vt 0.73724794387817383 0.51962250471115112
vt 0.75168174505233765 0.47467288374900818
vt 0.75168174505233765 0.50463932752609253
vt 0.75168174505233765 0.53460568189620972
vt 0.72463768720626831 0.54464441537857056
vt 0.72281408309936523 0.54464441537857056
vt 0.73724794387817383 0.54209733009338379
vt 0.73003101348876953 0.51962250471115112
vt 0.73003101348876953 0.54209733009338379
vt 0.73003101348876953 0.55333471298217773
vt 0.72642254829406738 0.54209733009338379
vt 0.72642254829406738 0.55333471298217773
vt 0.72642254829406738 0.54771602153778076
vt 0.73003101348876953 0.53085988759994507
vt 0.72642254829406738 0.51962250471115112
vt 0.72642254829406738 0.53085988759994507
vt 0.73724794387817383 0.49714770913124084
vt 0.73003101348876953 0.49714770913124084
vt 0.72281408309936523 0.49583739042282104
vt 0.72463768720626831 0.49583739042282104
vt 0.73003101348876953 0.48591029644012451
vt 0.72642254829406738 0.49714770913124084
vt 0.72642254829406738 0.48591029644012451
vt 0.72642254829406738 0.49152898788452148
vt 0.73003101348876953 0.50838512182235718
vt 0.72642254829406738 0.50838512182235718
vt 0.72463768720626831 0.47467288374900818
vt 0.72281408309936523 0.5202409029006958
vt 0.75168174505233765 0.56457209587097168
vt 0.72463768720626831 0.56457209587097168
vt 0.77381980419158936 0.089899212121963501
vt 0.80882012844085693 0.089899212121963501
vt 0.77381980419158936 0
vt 0.77381980419158936 0.04494960606098175
vt 0.80882012844085693 0
vt 0.80882012844085693 0.04494960606098175
vt 0.041258424520492554 0.62004333734512329
vt 0.020718688145279884 0.65509432554244995
vt 0.020718688145279884 0.62004333734512329
vt 0.020718688145279884 0.63756883144378662
vt 0.041258424520492554 0.65509432554244995
vt 0.041258424520492554 0.63756883144378662
vt 0.23036618530750275 0.14894239604473114
vt 0.23398925364017487 0.14894239604473114
vt 0.23761232197284698 0.14894239604473114
vt 0.2338576465845108 0.1581227034330368
vt 0.2338576465845108 0.15306901931762695
vt 0.24036087095737457 0.1581227034330368
vt 0.24036087095737457 0.15306901931762695
vt 0.25936052203178406 0.17297716438770294
vt 0.25936052203178406 0.18844477832317352
vt 0.20835477113723755 0.17297716438770294
vt 0.24848641455173492 0.16095978021621704
vt 0.2338576465845108 0.18844477832317352
vt 0.20835477113723755 0.18844477832317352
vt 0.72369992733001709 0.0076989214867353439
vt 0.73094606399536133 0.0076989214867353439
vt 0.72369992733001709 0
vt 0.72732299566268921 0
vt 0.73094606399536133 0
vt 0.72369992733001709 0.003849460743367672
vt 0.73094606399536133 0.003849460743367672
vt 0.72732299566268921 0.0076989214867353439
vt 0.72281408309936523 0.11787577718496323
vt 0.75522786378860474 0.11787577718496323
vt 0.72281408309936523 0.11017686128616333
vt 0.7390209436416626 0.11017686128616333
vt 0.75522786378860474 0.11017686128616333
vt 0.72281408309936523 0.11402632296085358
vt 0.7390209436416626 0.11344098299741745
vt 0.7390209436416626 0.11565838009119034
vt 0.73091751337051392 0.11344098299741745
vt 0.73091751337051392 0.11565838009119034
vt 0.7390209436416626 0.11122357845306396
vt 0.73091751337051392 0.11122357845306396
vt 0.7390209436416626 0.11787577718496323
vt 0.72281408309936523 0.22897936403751373
vt 0.77235496044158936 0.22024005651473999
vt 0.77235496044158936 0.22897936403751373
vt 0.75584131479263306 0.22897936403751373
vt 0.73932772874832153 0.22897936403751373
vt 0.72281408309936523 0.22024005651473999
vt 0.73932772874832153 0.22024005651473999
vt 0.75584131479263306 0.22024005651473999
vt 0 0.68898528814315796
vt 0 0.72332066297531128
vt 0 0.7576560378074646
vt 0.097029097378253937 0.7576560378074646
vt 0.048514548689126968 0.7576560378074646
vt 0.031784471124410629 0.74218845367431641
vt 0.064406789839267731 0.74218845367431641
vt 0.097029097378253937 0.74218845367431641
vt 0.0086883557960391045 0.68898528814315796
vt 0.0086883557960391045 0.73831558227539063
vt 0.018463006243109703 0.73831558227539063
vt 0.028237655758857727 0.73831558227539063
vt 0.024548238143324852 0.74048835039138794
vt 0.028237655758857727 0.73821872472763062
vt 0.031784471124410629 0.73821872472763062
vt 0.049096476286649704 0.74907219409942627
vt 0.024548238143324852 0.74907219409942627
vt 0.036822356283664703 0.74907219409942627
vt 0.024548238143324852 0.74478030204772949
vt 0.049096476286649704 0.74478030204772949
vt 0.036822356283664703 0.74478030204772949
vt 0.030685300007462502 0.74048835039138794
vt 0.024548238143324852 0.73834240436553955
vt 0.030685300007462502 0.73834240436553955
vt 0.012274119071662426 0.74048835039138794
vt 0.027616769075393677 0.73834240436553955
vt 0.018411180004477501 0.74048835039138794
vt 0.012274119071662426 0.73834240436553955
vt 0.012274119071662426 0.74907219409942627
vt 0.012274119071662426 0.74478030204772949
vt 0.029151031747460365 0.73834240436553955
vt 0.027616769075393677 0.74048835039138794
vt 0.024548238143324852 0.73941540718078613
vt 0.030685300007462502 0.73941540718078613
vt 0.027616769075393677 0.73941540718078613
vt 0.030685300007462502 0.74478030204772949
vt 0.024548238143324852 0.74263429641723633
vt 0.036822356283664703 0.74263429641723633
vt 0.028383899480104446 0.73834240436553955
vt 0.029151031747460365 0.73941540718078613
vt 0.027616769075393677 0.73887890577316284
vt 0.030685300007462502 0.73887890577316284
vt 0.029151031747460365 0.73887890577316284
vt 0.026082506403326988 0.73834240436553955
vt 0.021479705348610878 0.73834240436553955
vt 0.028383899480104446 0.73887890577316284
vt 0.027616769075393677 0.73861062526702881
vt 0.029151031747460365 0.73861062526702881
vt 0.028383899480104446 0.73861062526702881
vt 0.026082506403326988 0.73941540718078613
vt 0.024548238143324852 0.73887890577316284
vt 0.026082506403326988 0.73887890577316284
vt 0.021479705348610878 0.74048835039138794
vt 0.018411180004477501 0.73941540718078613
vt 0.021479705348610878 0.73941540718078613
vt 0.018411180004477501 0.74478030204772949
vt 0.012274119071662426 0.74263429641723633
vt 0.018411180004477501 0.74263429641723633
vt 0.026849636808037758 0.73834240436553955
vt 0.81028497219085693 0.065627261996269226
vt 0.85982584953308105 0
vt 0.81028497219085693 0
vt 0.83505541086196899 0
vt 0.85982584953308105 0.032813630998134613
vt 0.81028497219085693 0.032813630998134613
vt 0.85982584953308105 0.065627261996269226
vt 0.84331226348876953 0.065627261996269226
vt 0.82679861783981323 0.065627261996269226
vt 0.72281408309936523 0.27966275811195374
vt 0.72281408309936523 0.2899162769317627
vt 0.77235496044158936 0.2899162769317627
vt 0.75584131479263306 0.2899162769317627
vt 0.73932772874832153 0.2899162769317627
vt 0.72829991579055786 0.28286886215209961
vt 0.73420679569244385 0.28548020124435425
vt 0.74044030904769897 0.28741711378097534
vt 0.74688839912414551 0.28862205147743225
vt 0.75342774391174316 0.2890644371509552
vt 0.75993150472640991 0.28874313831329346
vt 0.76627737283706665 0.28768593072891235
vt 0.77235496044158936 0.2859465479850769
vt 0.72281408309936523 0.00052938493900001049
vt 0.72312110662460327 7.7471122494898736E-05
vt 0.72296696901321411 0.00030302081722766161
vt 0.72293788194656372 0.00026425515534356236
vt 0.72306299209594727 0
vt 0.59631013870239258 0.40264743566513062
vt 0.60189235210418701 0.39914003014564514
vt 0.60813581943511963 0.39622333645820618
vt 0.61494731903076172 0.39405286312103271
vt 0.62218677997589111 0.39276477694511414
vt 0.6296733021736145 0.39245906472206116
vt 0.63719779253005981 0.39318585395812988
vt 0.64454144239425659 0.39493677020072937
vt 0.65149641036987305 0.39764469861984253
vt 0.60106408596038818 0.41917416453361511
vt 0.60106408596038818 0.4058062732219696
vt 0.61461526155471802 0.41917416453361511
vt 0.61461526155471802 0.4058062732219696
vt 0.64263278245925903 0.4670950174331665
vt 0.681793212890625 0.43812432885169983
vt 0.61203098297119141 0.42684096097946167
vt 0.62223160266876221 0.44025897979736328
vt 0.63243216276168823 0.45367699861526489
vt 0.65526860952377319 0.47264564037322998
vt 0.68236976861953735 0.44557070732116699
vt 0.68187731504440308 0.45310935378074646
vt 0.68030953407287598 0.46051570773124695
vt 0.67772388458251953 0.46757158637046814
vt 0.67423486709594727 0.4740862250328064
vt 0.66999983787536621 0.47991245985031128
vt 0.66520017385482788 0.48495525121688843
vt 0.66002261638641357 0.48917239904403687
vt 0.65151071548461914 0.49416840076446533
vt 0.64164292812347412 0.49770238995552063
vt 0.63083171844482422 0.49931672215461731
vt 0.61968159675598145 0.49872225522994995
vt 0.60889154672622681 0.49588650465011597
vt 0.59911608695983887 0.49105361104011536
vt 0.59083962440490723 0.48468288779258728
vt 0.58431082963943481 0.4773353636264801
vt 0.57924634218215942 0.46893852949142456
vt 0.57566386461257935 0.45920422673225403
vt 0.574027419090271 0.44853919744491577
vt 0.57463008165359497 0.43753984570503235
vt 0.57750463485717773 0.42689570784568787
vt 0.58240383863449097 0.41725251078605652
vt 0.58886188268661499 0.40908795595169067
vt 0.66881972551345825 0.47264564037322998
vt 0.65526860952377319 0.45927777886390686
vt 0.66881972551345825 0.45927777886390686
vt 0.19354216754436493 0.1480153501033783
vt 0.17387820780277252 0.1480153501033783
vt 0.18371018767356873 0.1480153501033783
vt 0.19354216754436493 0.15532374382019043
vt 0.19354216754436493 0.16263213753700256
vt 0.19354216754436493 0.1699405312538147
vt 0.19354216754436493 0.17724892497062683
vt 0.19354216754436493 0.18455733358860016
vt 0.19354216754436493 0.19186572730541229
vt 0.19354216754436493 0.19917412102222443
vt 0.19354216754436493 0.20648251473903656
vt 0.19354216754436493 0.21789601445198059
vt 0.17387820780277252 0.37732058763504028
vt 0.17387820780277252 0.36664322018623352
vt 0.17387820780277252 0.35596585273742676
vt 0.17387820780277252 0.34528845548629761
vt 0.17387820780277252 0.33461108803749084
vt 0.17387820780277252 0.32393369078636169
vt 0.17387820780277252 0.31325632333755493
vt 0.17387820780277252 0.30257895588874817
vt 0.17387820780277252 0.29190155863761902
vt 0.17387820780277252 0.28122419118881226
vt 0.17387820780277252 0.27054679393768311
vt 0.17387820780277252 0.25986942648887634
vt 0.17387820780277252 0.24919204413890839
vt 0.17387820780277252 0.23851466178894043
vt 0.17387820780277252 0.22783727943897247
vt 0.17387820780277252 0.21715989708900452
vt 0.17387820780277252 0.20648251473903656
vt 0.17387820780277252 0.19917412102222443
vt 0.17387820780277252 0.19186572730541229
vt 0.17387820780277252 0.18455733358860016
vt 0.17387820780277252 0.17724892497062683
vt 0.17387820780277252 0.1699405312538147
vt 0.17387820780277252 0.16263213753700256
vt 0.17387820780277252 0.15532374382019043
vt 0.18576425313949585 0.21789601445198059
vt 0.18576425313949585 0.227415531873703
vt 0.18576425313949585 0.23706839978694916
vt 0.18576425313949585 0.2468574047088623
vt 0.18576425313949585 0.25678548216819763
vt 0.18576425313949585 0.26685556769371033
vt 0.18576425313949585 0.2770707905292511
vt 0.18576425313949585 0.28743430972099304
vt 0.18576425313949585 0.29770848155021667
vt 0.18576425313949585 0.30749648809432983
vt 0.18576425313949585 0.31733056902885437
vt 0.18576425313949585 0.32721102237701416
vt 0.18576425313949585 0.33713817596435547
vt 0.18576425313949585 0.34711235761642456
vt 0.18576425313949585 0.35713395476341248
vt 0.18576425313949585 0.36720326542854309
vt 0.18576425313949585 0.37732058763504028
vt 0.26593706011772156 0.33127117156982422
vt 0.26593706011772156 0.35093513131141663
vt 0.25867551565170288 0.35093513131141663
vt 0.2514139711856842 0.35093513131141663
vt 0.24415242671966553 0.35093513131141663
vt 0.23689088225364685 0.35093513131141663
vt 0.22962933778762817 0.35093513131141663
vt 0.2223677933216095 0.35093513131141663
vt 0.21510624885559082 0.35093513131141663
vt 0.26593706011772156 0.34110313653945923
vt 0.20784471929073334 0.3390490710735321
vt 0.21548387408256531 0.3390490710735321
vt 0.22298789024353027 0.3390490710735321
vt 0.23036034405231476 0.3390490710735321
vt 0.23760466277599335 0.3390490710735321
vt 0.24472413957118988 0.3390490710735321
vt 0.25172197818756104 0.3390490710735321
vt 0.25860127806663513 0.3390490710735321
vt 0.26536503434181213 0.3390490710735321
vt 0.26536503434181213 0.33127117156982422
vt 0.26565104722976685 0.33127117156982422
vt 0.2654951810836792 0.332500159740448
vt 0.2654951810836792 0.33188566565513611
vt 0.26571610569953918 0.332500159740448
vt 0.26571610569953918 0.33188566565513611
vt 0.20784471929073334 0.35093513131141663
vt 0.90014970302581787 0.092046879231929779
vt 0.90014970302581787 0.12247255444526672
vt 0.99774783849716187 0.092046879231929779
vt 0.99774783849716187 0.12463784962892532
vt 0.99389833211898804 0.12463784962892532
vt 0.99004888534545898 0.12463784962892532
vt 0.97422629594802856 0.11649011075496674
vt 0.98657238483428955 0.11649011075496674
vt 0.98657238483428955 0.12056398391723633
vt 0.94894874095916748 0.092046879231929779
vt 0.99004888534545898 0.12247255444526672
vt 0.92007738351821899 0.099155925214290619
vt 0.92007738351821899 0.12247255444526672
vt 0.96888440847396851 0.099155925214290619
vt 0.94448089599609375 0.099155925214290619
vt 0.96888440847396851 0.12247255444526672
vt 0.64123332500457764 0.65525537729263306
vt 0.574027419090271 0.55765724182128906
vt 0.5891650915145874 0.55765724182128906
vt 0.574027419090271 0.56535613536834717
vt 0.5891650915145874 0.59047085046768188
vt 0.5891650915145874 0.62328445911407471
vt 0.59919989109039307 0.62328445911407471
vt 0.59919989109039307 0.62685209512710571
vt 0.59332841634750366 0.62685209512710571
vt 0.59332841634750366 0.64651602506637573
vt 0.64123332500457764 0.64651602506637573
vt 0.59332841634750366 0.63668406009674072
vt 0.58126324415206909 0.56535613536834717
vt 0.58126324415206909 0.65525537729263306
vt 0.58126324415206909 0.61030572652816772
vt 0.61124825477600098 0.65525537729263306
vt 0.49647209048271179 0.39245906472206116
vt 0.49647209048271179 0.40998458862304688
vt 0.49647209048271179 0.42751011252403259
vt 0.45793032646179199 0.46726769208908081
vt 0.45793032646179199 0.42840871214866638
vt 0.47260618209838867 0.40562319755554199
vt 0.52659028768539429 0.43025460839271545
vt 0.572562575340271 0.4810127317905426
vt 0.56007170677185059 0.49246415495872498
vt 0.5475807785987854 0.50391560792922974
vt 0.53508985042572021 0.51536703109741211
vt 0.54957640171051025 0.45563367009162903
vt 0.49406719207763672 0.4700738787651062
vt 0.51457852125167847 0.49272045493125916
vt 0.0045208125375211239 0.55847054719924927
vt 0.0053780637681484222 0.55685138702392578
vt 0.020629212260246277 0.57251793146133423
vt 0.010314606130123138 0.57251793146133423
vt 0.010314606130123138 0.56441831588745117
vt 0.0051573030650615692 0.56441831588745117
vt 0.0051573030650615692 0.56036847829818726
vt 0.010314606130123138 0.56036847829818726
vt 0.0077359545975923538 0.56441831588745117
vt 0.0077359545975923538 0.56036847829818726
vt 0.020629212260246277 0.56441831588745117
vt 0.015471909195184708 0.57251793146133423
vt 0.015471909195184708 0.56441831588745117
vt 0.022302683442831039 0.55685138702392578
vt 0.039227299392223358 0.55685138702392578
vt 0.041258424520492554 0.58007293939590454
vt 0.025502854958176613 0.58871716260910034
vt 0.012751427479088306 0.57713407278060913
vt 0 0.56555098295211792
vt 0.77162110805511475 0.17101357877254486
vt 0.72281408309936523 0.17101357877254486
vt 0.74721759557723999 0.17101357877254486
vt 0.72281408309936523 0.1625254899263382
vt 0.73334211111068726 0.16606202721595764
vt 0.74433654546737671 0.16764938831329346
vt 0.7513318657875061 0.16762155294418335
vt 0.7582545280456543 0.16680292785167694
vt 0.76503926515579224 0.16520652174949646
vt 0.77162110805511475 0.16284550726413727
vt 0.25665175914764404 0.27381876111030579
vt 0.20784471929073334 0.27381876111030579
vt 0.20784471929073334 0.29228222370147705
vt 0.23224824666976929 0.27381876111030579
vt 0.25665175914764404 0.29194125533103943
vt 0.25009465217590332 0.28944754600524902
vt 0.24331958591938019 0.28775307536125183
vt 0.2363896518945694 0.28688010573387146
vt 0.22936923801898956 0.28684976696968079
vt 0.21834629774093628 0.28853961825370789
vt 0.72731888294219971 0.35153296589851379
vt 0.7282065749168396 0.3499138355255127
vt 0.74408745765686035 0.36550053954124451
vt 0.73345077037811279 0.36550053954124451
vt 0.73345077037811279 0.35744082927703857
vt 0.72813242673873901 0.35744082927703857
vt 0.72813242673873901 0.3534109890460968
vt 0.73345077037811279 0.3534109890460968
vt 0.73079156875610352 0.35744082927703857
vt 0.73079156875610352 0.3534109890460968
vt 0.74408745765686035 0.35744082927703857
vt 0.73876911401748657 0.36550053954124451
vt 0.73876911401748657 0.35744082927703857
vt 0.74573206901550293 0.3499138355255127
vt 0.76325762271881104 0.3499138355255127
vt 0.76536083221435547 0.37313538789749146
vt 0.74934720993041992 0.38161993026733398
vt 0.73608064651489258 0.36998319625854492
vt 0.72281408309936523 0.35834646224975586
vt 0.82257258892059326 0.36482739448547363
vt 0.80783164501190186 0.42677539587020874
vt 0.82257258892059326 0.44226241111755371
vt 0.86999928951263428 0.45276537537574768
vt 0.86118286848068237 0.45594015717506409
vt 0.85145974159240723 0.45758917927742004
vt 0.84124225378036499 0.45741039514541626
vt 0.83105921745300293 0.45526069402694702
vt 0.82147479057312012 0.45120444893836975
vt 0.8129885196685791 0.44551128149032593
vt 0.80595260858535767 0.4386008083820343
vt 0.8005327582359314 0.43095663189888
vt 0.79651045799255371 0.42249318957328796
vt 0.79391783475875854 0.41297811269760132
vt 0.79309594631195068 0.40279215574264526
vt 0.7942388653755188 0.39244768023490906
vt 0.79733765125274658 0.38251227140426636
vt 0.80217307806015015 0.37350961565971375
vt 0.80836182832717896 0.36583122611045837
vt 0.81543898582458496 0.35968935489654541
vt 0.82133018970489502 0.35596397519111633
vt 0.82782584428787231 0.35295763611793518
vt 0.83478832244873047 0.35080304741859436
vt 0.84204381704330444 0.34959539771080017
vt 0.84939604997634888 0.34938111901283264
vt 0.85664331912994385 0.35015258193016052
vt 0.86359685659408569 0.35184979438781738
vt 0.87009590864181519 0.35436913371086121
vt 0.87428146600723267 0.35745999217033386
vt 0.87828969955444336 0.36101257801055908
vt 0.88204997777938843 0.3650166392326355
vt 0.88549125194549561 0.36944806575775146
vt 0.88854539394378662 0.37426847219467163
vt 0.89115077257156372 0.37942540645599365
vt 0.89325559139251709 0.3848540186882019
vt 0.89482122659683228 0.39047953486442566
vt 0.89582419395446777 0.39622056484222412
vt 0.89625728130340576 0.4019930362701416
vt 0.8961297869682312 0.40771421790122986
vt 0.89546608924865723 0.41330644488334656
vt 0.89430373907089233 0.4187004566192627
vt 0.89269053936004639 0.42383754253387451
vt 0.89068156480789185 0.42867115139961243
vt 0.88833582401275635 0.43316715955734253
vt 0.88483166694641113 0.43854072690010071
vt 0.88059520721435547 0.44369131326675415
vt 0.87563645839691162 0.44848015904426575
vt 0.8393738865852356 0.36380487680435181
vt 0.83583509922027588 0.36467736959457397
vt 0.8322749137878418 0.36590969562530518
vt 0.82874488830566406 0.36751848459243774
vt 0.82530194520950317 0.36951088905334473
vt 0.8220064640045166 0.37188267707824707
vt 0.81891900300979614 0.3746173083782196
vt 0.81609737873077393 0.37768539786338806
vt 0.81359356641769409 0.38104566931724548
vt 0.81145012378692627 0.38464656472206116
vt 0.80969834327697754 0.38842886686325073
vt 0.80835658311843872 0.39232891798019409
vt 0.80742961168289185 0.39628195762634277
vt 0.80690956115722656 0.40022566914558411
vt 0.8067772388458252 0.40410277247428894
vt 0.80700415372848511 0.40786337852478027
vt 0.80755519866943359 0.41146621108055115
vt 0.80842769145965576 0.41500499844551086
vt 0.80966001749038696 0.41856521368026733
vt 0.81126880645751953 0.42209526896476746
vt 0.81326121091842651 0.42553815245628357
vt 0.81563299894332886 0.42883366346359253
vt 0.818367600440979 0.43192115426063538
vt 0.82143568992614746 0.43474271893501282
vt 0.82479596138000488 0.43724659085273743
vt 0.82839691638946533 0.43939000368118286
vt 0.83217918872833252 0.4411417543888092
vt 0.83607923984527588 0.4424835741519928
vt 0.84003227949142456 0.44341051578521729
vt 0.84397596120834351 0.44393056631088257
vt 0.84785306453704834 0.44406288862228394
vt 0.85161370038986206 0.44383597373962402
vt 0.85521656274795532 0.44328495860099792
vt 0.85875529050827026 0.44241243600845337
vt 0.86231553554534912 0.44118010997772217
vt 0.86584556102752686 0.4395713210105896
vt 0.86928844451904297 0.437578946352005
vt 0.87258398532867432 0.43520712852478027
vt 0.87567144632339478 0.43247252702713013
vt 0.87849301099777222 0.42940443754196167
vt 0.88099688291549683 0.42604413628578186
vt 0.88314032554626465 0.42244324088096619
vt 0.88489210605621338 0.41866093873977661
vt 0.8862338662147522 0.41476091742515564
vt 0.88716083765029907 0.41080784797668457
vt 0.88768088817596436 0.40686416625976563
vt 0.88781321048736572 0.40298706293106079
vt 0.88758629560470581 0.39922645688056946
vt 0.88703525066375732 0.3956235945224762
vt 0.88616275787353516 0.39208480715751648
vt 0.88493043184280396 0.3885246217250824
vt 0.88332164287567139 0.38499456644058228
vt 0.8813292384147644 0.38155165314674377
vt 0.87895745038986206 0.37825614213943481
vt 0.87622284889221191 0.37516865134239197
vt 0.87315475940704346 0.37234708666801453
vt 0.86979442834854126 0.3698432445526123
vt 0.86619353294372559 0.36769980192184448
vt 0.8624112606048584 0.36594805121421814
vt 0.85851120948791504 0.36460623145103455
vt 0.85455816984176636 0.36367928981781006
vt 0.85061448812484741 0.36315926909446716
vt 0.84673738479614258 0.36302691698074341
vt 0.84297674894332886 0.36325386166572571
vt 0.82994306087493896 0.36482739448547363
vt 0.82994306087493896 0.35708391666412354
vt 0.80046117305755615 0.42677539587020874
vt 0.80046117305755615 0.41903191804885864
vt 0.82994306087493896 0.44226241111755371
vt 0.82994306087493896 0.4500059187412262
vt 0.78456395864486694 0.46488896012306213
vt 0.78132236003875732 0.46488896012306213
vt 0.78132236003875732 0.45804700255393982
vt 0.78132236003875732 0.45130822062492371
vt 0.78132236003875732 0.44467037916183472
vt 0.78132236003875732 0.43813121318817139
vt 0.78132236003875732 0.43168851733207703
vt 0.78132236003875732 0.42534017562866211
vt 0.78132236003875732 0.41908413171768188
vt 0.78132236003875732 0.41291838884353638
vt 0.78456395864486694 0.41291838884353638
vt 0.78456395864486694 0.40565928816795349
vt 0.78456395864486694 0.39805194735527039
vt 0.78456395864486694 0.3900705873966217
vt 0.78456395864486694 0.38168701529502869
vt 0.78456395864486694 0.37298473715782166
vt 0.78456395864486694 0.3646618127822876
vt 0.78456395864486694 0.35680672526359558
vt 0.78456395864486694 0.34938111901283264
vt 0.78456395864486694 0.46547633409500122
vt 0.78456395864486694 0.46518239378929138
vt 0.786476731300354 0.46075394749641418
vt 0.78389954566955566 0.46075394749641418
vt 0.786476731300354 0.46311512589454651
vt 0.78389954566955566 0.46311512589454651
vt 0.78389954566955566 0.46429574489593506
vt 0.78518813848495483 0.46311512589454651
vt 0.786476731300354 0.46429574489593506
vt 0.78518813848495483 0.46429574489593506
vt 0.78905391693115234 0.46075394749641418
vt 0.78905391693115234 0.46311512589454651
vt 0.78454381227493286 0.46429574489593506
vt 0.78261095285415649 0.46311512589454651
vt 0.78261095285415649 0.46429574489593506
vt 0.79163110256195068 0.46547633409500122
vt 0.79163110256195068 0.34938111901283264
vt 0.79163110256195068 0.3563331663608551
vt 0.79163110256195068 0.36328521370887756
vt 0.79163110256195068 0.37023723125457764
vt 0.79163110256195068 0.3771892786026001
vt 0.79163110256195068 0.38270720839500427
vt 0.79163110256195068 0.38822516798973083
vt 0.79163110256195068 0.39374309778213501
vt 0.79163110256195068 0.39926105737686157
vt 0.79163110256195068 0.40477898716926575
vt 0.79163110256195068 0.41029691696166992
vt 0.79163110256195068 0.41581487655639648
vt 0.79163110256195068 0.42133280634880066
vt 0.79163110256195068 0.42685073614120483
vt 0.79163110256195068 0.4323686957359314
vt 0.79163110256195068 0.43788662552833557
vt 0.79163110256195068 0.44340458512306213
vt 0.79163110256195068 0.44892251491546631
vt 0.79163110256195068 0.45444044470787048
vt 0.79163110256195068 0.45995840430259705
vt 0.70745682716369629 0.50438100099563599
vt 0.71203327178955078 0.50078153610229492
vt 0.71258306503295898 0.50832998752593994
vt 0.71211349964141846 0.51597201824188232
vt 0.71061861515045166 0.5234798789024353
vt 0.70815318822860718 0.53063249588012695
vt 0.70482641458511353 0.53723645210266113
vt 0.70078831911087036 0.54314255714416504
vt 0.69621193408966064 0.54825443029403687
vt 0.69127511978149414 0.55252939462661743
vt 0.68254852294921875 0.55789434909820557
vt 0.6882668137550354 0.55329728126525879
vt 0.69350707530975342 0.54782462120056152
vt 0.69809460639953613 0.54156529903411865
vt 0.70187807083129883 0.53465765714645386
vt 0.70474392175674438 0.52728027105331421
vt 0.70662736892700195 0.51963651180267334
vt 0.70751821994781494 0.51193714141845703
vt 0.99370020627975464 0.14580103754997253
vt 0.98738712072372437 0.14580103754997253
vt 0.98738712072372437 0.15414677560329437
vt 0.98738712072372437 0.16222409904003143
vt 0.98738712072372437 0.17017112672328949
vt 0.98738712072372437 0.17802771925926208
vt 0.98738712072372437 0.18588431179523468
vt 0.98738712072372437 0.19374090433120728
vt 0.98738712072372437 0.20159749686717987
vt 0.98738712072372437 0.20945408940315247
vt 0.98738712072372437 0.2177998274564743
vt 0.98738712072372437 0.22587715089321136
vt 0.98738712072372437 0.23382417857646942
vt 0.98738712072372437 0.24168077111244202
vt 0.98738712072372437 0.24953736364841461
vt 0.98738712072372437 0.25739395618438721
vt 0.98738712072372437 0.265250563621521
vt 0.98738712072372437 0.2731071412563324
vt 0.98738712072372437 0.28145286440849304
vt 0.98738712072372437 0.2895301878452301
vt 0.98738712072372437 0.29747721552848816
vt 0.98738712072372437 0.30533382296562195
vt 0.98738712072372437 0.31319040060043335
vt 0.98738712072372437 0.32104700803756714
vt 0.98738712072372437 0.32890361547470093
vt 0.98738712072372437 0.33676019310951233
vt 0.98738712072372437 0.34510591626167297
vt 0.98738712072372437 0.35318323969841003
vt 0.98738712072372437 0.36113026738166809
vt 0.98738712072372437 0.36898687481880188
vt 0.98738712072372437 0.37684345245361328
vt 0.98738712072372437 0.38470005989074707
vt 0.98738712072372437 0.39255666732788086
vt 0.98738712072372437 0.40041324496269226
vt 0.99370020627975464 0.14977936446666718
vt 0.99370020627975464 0.15375767648220062
vt 0.99370020627975464 0.15773598849773407
vt 0.99370020627975464 0.16171430051326752
vt 0.99370020627975464 0.16569262742996216
vt 0.99370020627975464 0.16967093944549561
vt 0.99370020627975464 0.17364925146102905
vt 0.99370020627975464 0.1776275634765625
vt 0.99370020627975464 0.18160589039325714
vt 0.99370020627975464 0.18558420240879059
vt 0.99370020627975464 0.18956251442432404
vt 0.99370020627975464 0.19354082643985748
vt 0.99370020627975464 0.19751915335655212
vt 0.99370020627975464 0.20149746537208557
vt 0.99370020627975464 0.20547577738761902
vt 0.99370020627975464 0.20945408940315247
vt 0.99370020627975464 0.21343241631984711
vt 0.99370020627975464 0.21741072833538055
vt 0.99370020627975464 0.221389040350914
vt 0.99370020627975464 0.22536735236644745
vt 0.99370020627975464 0.22934567928314209
vt 0.99370020627975464 0.23332399129867554
vt 0.99370020627975464 0.23730230331420898
vt 0.99370020627975464 0.24128061532974243
vt 0.99370020627975464 0.24525894224643707
vt 0.99370020627975464 0.24923725426197052
vt 0.99370020627975464 0.25321558117866516
vt 0.99370020627975464 0.25719389319419861
vt 0.99370020627975464 0.26117220520973206
vt 0.99370020627975464 0.2651505172252655
vt 0.99370020627975464 0.26912882924079895
vt 0.99370020627975464 0.2731071412563324
vt 0.99370020627975464 0.27708545327186584
vt 0.99370020627975464 0.28106376528739929
vt 0.99370020627975464 0.28504210710525513
vt 0.99370020627975464 0.28902041912078857
vt 0.99370020627975464 0.29299873113632202
vt 0.99370020627975464 0.29697704315185547
vt 0.99370020627975464 0.30095535516738892
vt 0.99370020627975464 0.30493366718292236
vt 0.99370020627975464 0.30891197919845581
vt 0.99370020627975464 0.31289029121398926
vt 0.99370020627975464 0.31686860322952271
vt 0.99370020627975464 0.32084694504737854
vt 0.99370020627975464 0.32482525706291199
vt 0.99370020627975464 0.32880356907844543
vt 0.99370020627975464 0.33278188109397888
vt 0.99370020627975464 0.33676019310951233
vt 0.99370020627975464 0.34073850512504578
vt 0.99370020627975464 0.34471681714057922
vt 0.99370020627975464 0.34869512915611267
vt 0.99370020627975464 0.35267347097396851
vt 0.99370020627975464 0.35665178298950195
vt 0.99370020627975464 0.3606300950050354
vt 0.99370020627975464 0.36460840702056885
vt 0.99370020627975464 0.36858671903610229
vt 0.99370020627975464 0.37256503105163574
vt 0.99370020627975464 0.37654334306716919
vt 0.99370020627975464 0.38052165508270264
vt 0.99370020627975464 0.38449999690055847
vt 0.99370020627975464 0.38847830891609192
vt 0.99370020627975464 0.39245662093162537
vt 0.99370020627975464 0.39643493294715881
vt 0.99370020627975464 0.40041324496269226
vn 0 0 -1
vn 0 0 -1
vn 0 0 -1
vn 0 0 -1
vn 0 0 -1
vn 0 0 -1
vn 0 0 -1
vn 0 0 -1
vn 0 0 -1
vn 0 0 -1
vn 0 0 -1
vn 0 0 -1
vn 0 0 -1
vn 0 0 -1
vn 0 0 -1
vn 0 0 -1
vn 0 0 -1
vn 0 0 -1
vn 0 0 -1
vn 0 0 -1
vn 0 0 -1
vn 0 0 -1
vn 0 0 -1
vn 0 0 -1
vn 0 0 -1
vn 0 0 -1
vn 0 0 -1
vn 0 0 -1
vn 0 0 -1
vn 0 0 -1
vn 0 0 -1
vn 0 0 -1
vn 0 0 -1
vn 0 0 -1
vn 0 0 -1
vn 0 0 -1
vn 0 0 -1
vn 0 0 -1
vn 0 0 -1
vn 0 0 -1
vn 0 0 -1
vn -0.26412728428840637 0.30919894576072693 -0.91358238458633423
vn -0.26412728428840637 0.30919894576072693 -0.91358238458633423
vn -0.18574492633342743 0.21742333471775055 -0.9582410454750061
vn -0.10468143224716187 0.12250946462154388 -0.9869312047958374
vn -0.01891687884926796 0.022092312574386597 -0.99957692623138428
vn 0.068583980202674866 -0.080356769263744354 -0.99440383911132813
vn 0.1548895537853241 -0.18140535056591034 -0.97113406658172607
vn 0.23907403647899628 -0.27996945381164551 -0.9297637939453125
vn 0.31877791881561279 -0.37328654527664185 -0.87122774124145508
vn 0.39189323782920837 -0.45888862013816833 -0.79739636182785034
vn 0.4567447304725647 -0.53481435775756836 -0.71088528633117676
vn 0.51220488548278809 -0.59974384307861328 -0.61477917432785034
vn 0.55968654155731201 -0.6553310751914978 -0.5072396993637085
vn 0.59331625699996948 -0.69470036029815674 -0.40665367245674133
vn 0.62232321500778198 -0.7286561131477356 -0.28596168756484985
vn 0.64095956087112427 -0.75046920776367188 -0.16114208102226257
vn 0.64917606115341187 -0.760081946849823 -0.02908465638756752
vn 0.64582014083862305 -0.75614511966705322 0.10564550012350082
vn 0.63071119785308838 -0.73844748735427856 0.23853443562984467
vn 0.60384684801101685 -0.70698636770248413 0.36815661191940308
vn 0.5658339262008667 -0.66247248649597168 0.49087899923324585
vn 0.51788711547851563 -0.60632818937301636 0.60345596075057983
vn 0.46170514822006226 -0.54054254293441772 0.70330798625946045
vn 0.3992912769317627 -0.46746116876602173 0.78869926929473877
vn 0.32945162057876587 -0.38568609952926636 0.8618050217628479
vn 0.26412728428840637 -0.30919894576072693 0.91358238458633423
vn 0.18574492633342743 -0.21742333471775055 0.9582410454750061
vn 0.10468143224716187 -0.12250946462154388 0.9869312047958374
vn 0.01891687884926796 -0.022092312574386597 0.99957692623138428
vn -0.068583980202674866 0.080356769263744354 0.99440383911132813
vn -0.1548895537853241 0.18140535056591034 0.97113406658172607
vn -0.23907403647899628 0.27996945381164551 0.9297637939453125
vn -0.31877791881561279 0.37328654527664185 0.87122774124145508
vn -0.39189323782920837 0.45888862013816833 0.79739636182785034
vn -0.4567447304725647 0.53481435775756836 0.71088528633117676
vn -0.51220488548278809 0.59974384307861328 0.61477917432785034
vn -0.55968654155731201 0.6553310751914978 0.5072396993637085
vn -0.59331625699996948 0.69470036029815674 0.40665367245674133
vn -0.62232321500778198 0.7286561131477356 0.28596168756484985
vn -0.64095956087112427 0.75046920776367188 0.16114208102226257
vn -0.64917606115341187 0.760081946849823 0.02908465638756752
vn -0.64582014083862305 0.75614511966705322 -0.10564550012350082
vn -0.63071119785308838 0.73844748735427856 -0.23853443562984467
vn -0.60384684801101685 0.70698636770248413 -0.36815661191940308
vn -0.5658339262008667 0.66247248649597168 -0.49087899923324585
vn -0.51788711547851563 0.60632818937301636 -0.60345596075057983
vn -0.46170514822006226 0.54054254293441772 -0.70330798625946045
vn -0.3992912769317627 0.46746116876602173 -0.78869926929473877
vn -0.32945162057876587 0.38568609952926636 -0.8618050217628479
vn -0.26412728428840637 0.30919894576072693 -0.91358238458633423
vn -0.26412728428840637 0.30919894576072693 -0.91358238458633423
vn 0.34483745694160461 -0.40379670262336731 -0.84736967086791992
vn 0.23277172446250916 -0.27259066700935364 -0.93354785442352295
vn 0.10942089557647705 -0.1281697154045105 -0.98569750785827637
vn -0.016969509422779083 0.01981225423514843 -0.99965971708297729
vn -0.14271391928195953 0.16704000532627106 -0.97556668519973755
vn -0.26412728428840637 0.30919894576072693 -0.91358238458633423
vn -0.26412728428840637 0.30919894576072693 -0.91358238458633423
vn -0.37480241060256958 0.43878710269927979 -0.81669396162033081
vn -0.47107410430908203 0.55151289701461792 -0.68842047452926636
vn -0.54924267530441284 0.64304441213607788 -0.53369128704071045
vn -0.6063041090965271 0.70986402034759521 -0.35845273733139038
vn -0.64016753435134888 0.74952328205108643 -0.16852420568466187
vn -0.64922988414764404 0.76014477014541626 0.026086170226335526
vn -0.63357722759246826 0.74182897806167603 0.21970349550247192
vn -0.59331625699996948 0.69470036029815674 0.40665367245674133
vn -0.53038716316223145 0.62103021144866943 0.57707101106643677
vn -0.44707557559013367 0.52349412441253662 0.72531187534332275
vn -0.34658315777778625 0.40584051609039307 0.84567934274673462
vn -0.23277172446250916 0.27259066700935364 0.93354785442352295
vn -0.12361165881156921 0.1447845846414566 0.98171156644821167
vn -0.011733617633581161 0.013794482685625553 0.9998360276222229
vn 0.10029338300228119 -0.11737170815467834 0.9880107045173645
vn 0.20989879965782166 -0.2457042932510376 0.94634658098220825
vn 0.20984925329685211 -0.24564628303050995 0.9463726282119751
vn 0.26412728428840637 -0.30919894576072693 0.91358238458633423
vn 0.37479621171951294 -0.43877983093261719 0.81670069694519043
vn 0.47106701135635376 -0.55150461196899414 0.68843191862106323
vn 0.54923868179321289 -0.64303970336914063 0.53370106220245361
vn 0.6063041090965271 -0.70986402034759521 0.35845273733139038
vn 0.64006555080413818 -0.74940389394760132 0.16943994164466858
vn 0.64922982454299927 -0.76014477014541626 -0.026086941361427307
vn 0.63344419002532959 -0.74167329072952271 -0.22061090171337128
vn 0.59331625699996948 -0.69470036029815674 -0.40665367245674133
vn 0.54529201984405518 -0.63847947120666504 -0.54313957691192627
vn 0.48413068056106567 -0.56687635183334351 -0.66653484106063843
vn 0.42049434781074524 -0.49237388372421265 -0.76207113265991211
vn 0.34903255105018616 -0.40870824456214905 -0.84328752756118774
vn 0.347990483045578 -0.40748819708824158 -0.84430801868438721
vn 0.34694394469261169 -0.40626293420791626 -0.84532850980758667
vn 0.34589296579360962 -0.4050324559211731 -0.84634906053543091
vn 0.20988641679286957 -0.24568979442119598 0.94635313749313354
vn 0.20987403392791748 -0.24567529559135437 0.94635963439941406
vn 0.2098616361618042 -0.24566078186035156 0.94636613130569458
vn -0.10468143224716187 0.12250946462154388 -0.9869312047958374
vn 0.068583980202674866 -0.080356769263744354 -0.99440383911132813
vn -0.01891687884926796 0.022092312574386597 -0.99957692623138428
vn 0.23907403647899628 -0.27996945381164551 -0.9297637939453125
vn 0.1548895537853241 -0.18140535056591034 -0.97113406658172607
vn 0.31877791881561279 -0.37328654527664185 -0.87122774124145508
vn 0.10468143224716187 -0.12250946462154388 0.9869312047958374
vn -0.068583980202674866 0.080356769263744354 0.99440383911132813
vn -0.23907403647899628 0.27996945381164551 0.9297637939453125
vn -0.1548895537853241 0.18140535056591034 0.97113406658172607
vn -0.39189323782920837 0.45888862013816833 0.79739636182785034
vn -0.31877791881561279 0.37328654527664185 0.87122774124145508
vn -0.4567447304725647 0.53481435775756836 0.71088528633117676
vn -0.51220488548278809 0.59974384307861328 0.61477917432785034
vn -0.55968654155731201 0.6553310751914978 0.5072396993637085
vn -0.62232321500778198 0.7286561131477356 0.28596168756484985
vn -0.59331625699996948 0.69470036029815674 0.40665367245674133
vn -0.64917606115341187 0.760081946849823 0.02908465638756752
vn -0.64095956087112427 0.75046920776367188 0.16114208102226257
vn -0.63071119785308838 0.73844748735427856 -0.23853443562984467
vn -0.64582014083862305 0.75614511966705322 -0.10564550012350082
vn -0.5658339262008667 0.66247248649597168 -0.49087899923324585
vn -0.60384684801101685 0.70698636770248413 -0.36815661191940308
vn -0.46170514822006226 0.54054254293441772 -0.70330798625946045
vn -0.51788711547851563 0.60632818937301636 -0.60345596075057983
vn -0.32945162057876587 0.38568609952926636 -0.8618050217628479
vn -0.3992912769317627 0.46746116876602173 -0.78869926929473877
vn 0.76040291786193848 0.6494516134262085 -3.6577599530573934E-05
vn 0.76040291786193848 0.6494516134262085 -3.6577599530573934E-05
vn 0.76040291786193848 0.6494516134262085 -3.6577599530573934E-05
vn 0.76040291786193848 0.6494516134262085 -3.6577599530573934E-05
vn 0.76040291786193848 0.6494516134262085 -3.6577599530573934E-05
vn 0.76040291786193848 0.6494516134262085 -3.6577599530573934E-05
vn 0.76040291786193848 0.6494516134262085 -3.6577599530573934E-05
vn 0.76040291786193848 0.6494516134262085 -3.6577599530573934E-05
vn 0.76040291786193848 0.6494516134262085 -3.6577599530573934E-05
vn 0.76040291786193848 0.6494516134262085 -3.6577599530573934E-05
vn 0.76040291786193848 0.6494516134262085 -3.6577599530573934E-05
vn 0.76040291786193848 0.6494516134262085 -3.6577599530573934E-05
vn 0.76040291786193848 0.6494516134262085 -3.6577599530573934E-05
vn 0.76040291786193848 0.6494516134262085 -3.6577599530573934E-05
vn 0.76040291786193848 0.6494516134262085 -3.6577599530573934E-05
vn 0.76040291786193848 0.6494516134262085 -3.6577599530573934E-05
vn 0.76040291786193848 0.6494516134262085 -3.6577599530573934E-05
vn 0.76040291786193848 0.6494516134262085 -3.6577599530573934E-05
vn 0.76040291786193848 0.6494516134262085 -3.6577599530573934E-05
vn 0.76040291786193848 0.6494516134262085 -3.6577599530573934E-05
vn 0.76040291786193848 0.6494516134262085 -3.6577599530573934E-05
vn 0.76040291786193848 0.6494516134262085 -3.6577599530573934E-05
vn 0.76040291786193848 0.6494516134262085 -3.6577599530573934E-05
vn 0.76040291786193848 0.6494516134262085 -3.6577599530573934E-05
vn 0.76040291786193848 0.6494516134262085 -3.6577599530573934E-05
vn 0.76040291786193848 0.6494516134262085 -3.6577599530573934E-05
vn 0.76040291786193848 0.6494516134262085 -3.6577599530573934E-05
vn 0.76040291786193848 0.6494516134262085 -3.6577599530573934E-05
vn 0.76040291786193848 0.6494516134262085 -3.6577599530573934E-05
vn 0.76040291786193848 0.6494516134262085 -3.6577599530573934E-05
vn 0.76040291786193848 0.6494516134262085 -3.6577599530573934E-05
vn 0.76040291786193848 0.6494516134262085 -3.6577599530573934E-05
vn 0.76040291786193848 0.6494516134262085 -3.6577599530573934E-05
vn 0.76040291786193848 0.6494516134262085 -3.6577599530573934E-05
vn 0.76040291786193848 0.6494516134262085 -3.6577599530573934E-05
vn 0.76040291786193848 0.6494516134262085 -3.6577599530573934E-05
vn 0.76040291786193848 0.6494516134262085 -3.6577599530573934E-05
vn 0.76040291786193848 0.6494516134262085 -3.6577599530573934E-05
vn 0.76040291786193848 0.6494516134262085 -3.6577599530573934E-05
vn 0.76040291786193848 0.6494516134262085 -3.6577599530573934E-05
vn 0.76040291786193848 0.6494516134262085 -3.6577599530573934E-05
vn 0.76040291786193848 0.6494516134262085 -3.6577599530573934E-05
vn 0.76040291786193848 0.6494516134262085 -3.6577599530573934E-05
vn 0.76040291786193848 0.6494516134262085 -3.6577599530573934E-05
vn 0.76040291786193848 0.6494516134262085 -3.6577599530573934E-05
vn 0.76040291786193848 0.6494516134262085 -3.6577599530573934E-05
vn 0.76040291786193848 0.6494516134262085 -3.6577599530573934E-05
vn 0.76040291786193848 0.6494516134262085 -3.6577599530573934E-05
vn 0.76040291786193848 0.6494516134262085 -3.6577599530573934E-05
vn 0.76040291786193848 0.6494516134262085 -3.6577599530573934E-05
vn 0.76040291786193848 0.6494516134262085 -3.6577599530573934E-05
vn 0.76040291786193848 0.6494516134262085 -3.6577599530573934E-05
vn 0.76040291786193848 0.6494516134262085 -3.6577599530573934E-05
vn 0.76040291786193848 0.6494516134262085 -3.6577599530573934E-05
vn 0.76040291786193848 0.6494516134262085 -3.6577599530573934E-05
vn 0.76040291786193848 0.6494516134262085 -3.6577599530573934E-05
vn 0.76040291786193848 0.6494516134262085 -3.6577599530573934E-05
vn 0.76040291786193848 0.6494516134262085 -3.6577599530573934E-05
vn 0.76040291786193848 0.6494516134262085 -3.6577599530573934E-05
vn 0.76040291786193848 0.6494516134262085 -3.6577599530573934E-05
vn 0.76040291786193848 0.6494516134262085 -3.6577599530573934E-05
vn 0.76040291786193848 0.6494516134262085 -3.6577599530573934E-05
vn 0.76040291786193848 0.6494516134262085 -3.6577599530573934E-05
vn 0.76040291786193848 0.6494516134262085 -3.6577599530573934E-05
vn 0.76040291786193848 0.6494516134262085 -3.6577599530573934E-05
vn 0.76040291786193848 0.6494516134262085 -3.6577599530573934E-05
vn 0.76040291786193848 0.6494516134262085 -3.6577599530573934E-05
vn 0.76040291786193848 0.6494516134262085 -3.6577599530573934E-05
vn 0.76040291786193848 0.6494516134262085 -3.6577599530573934E-05
vn 0.76040291786193848 0.6494516134262085 -3.6577599530573934E-05
vn 0.76040291786193848 0.6494516134262085 -3.6577599530573934E-05
vn 0.76040291786193848 0.6494516134262085 -3.6577599530573934E-05
vn 0.76040291786193848 0.6494516134262085 -3.6577599530573934E-05
vn 0.76040291786193848 0.6494516134262085 -3.6577599530573934E-05
vn 0.76040291786193848 0.6494516134262085 -3.6577599530573934E-05
vn 0.76040291786193848 0.6494516134262085 -3.6577599530573934E-05
vn 0.76040291786193848 0.6494516134262085 -3.6577599530573934E-05
vn 0.76040291786193848 0.6494516134262085 -3.6577599530573934E-05
vn 0.76040291786193848 0.6494516134262085 -3.6577599530573934E-05
vn 0.76040291786193848 0.6494516134262085 -3.6577599530573934E-05
vn 0.76040291786193848 0.6494516134262085 -3.6577599530573934E-05
vn 0.76040291786193848 0.6494516134262085 -3.6577599530573934E-05
vn 0.76040291786193848 0.6494516134262085 -3.6577599530573934E-05
vn 0.76040291786193848 0.6494516134262085 -3.6577599530573934E-05
vn 0.76040291786193848 0.6494516134262085 -3.6577599530573934E-05
vn 0.52760797739028931 -0.4114418625831604 0.74319946765899658
vn 0.44798153638839722 -0.34933406114578247 0.82296919822692871
vn 0.36136806011199951 -0.28177782893180847 0.88882750272750854
vn 0.26541659235954285 -0.20693960785865784 0.94166344404220581
vn 0.16311818361282349 -0.12715235352516174 0.97837865352630615
vn 0.057790230959653854 -0.04500352218747139 0.99731385707855225
vn -0.04949912428855896 0.038673795759677887 0.99802511930465698
vn -0.15579760074615479 0.12157705426216125 0.9802786111831665
vn -0.25821533799171448 0.20145241916179657 0.94485014677047729
vn -0.35418048501014709 0.27629417181015015 0.89343029260635376
vn -0.44163951277732849 0.34450089931488037 0.82841634750366211
vn -0.52267169952392578 0.40769416093826294 0.74873208999633789
vn -0.58601456880569458 0.45709118247032166 0.66906994581222534
vn -0.64891892671585083 0.50614476203918457 0.56808602809906006
vn -0.70085400342941284 0.5466424822807312 0.45824187994003296
vn -0.74252086877822876 0.57913106679916382 0.33655604720115662
vn -0.77147632837295532 0.60170513391494751 0.20682181417942047
vn -0.7864118218421936 0.61334449052810669 0.07324633002281189
vn -0.78697717189788818 0.61377608776092529 -0.06281578540802002
vn -0.77298790216445923 0.6028563380241394 -0.19762052595615387
vn -0.74505573511123657 0.58106255531311035 -0.3275030255317688
vn -0.70451360940933228 0.54943454265594482 -0.44920182228088379
vn -0.65325170755386353 0.50944668054580688 -0.56011277437210083
vn -0.59042149782180786 0.46043699979782104 -0.66287273168563843
vn -0.52760797739028931 0.4114418625831604 -0.74319946765899658
vn -0.44798153638839722 0.34933406114578247 -0.82296919822692871
vn -0.36136806011199951 0.28177782893180847 -0.88882750272750854
vn -0.26541659235954285 0.20693960785865784 -0.94166344404220581
vn -0.16311818361282349 0.12715235352516174 -0.97837865352630615
vn -0.057790230959653854 0.04500352218747139 -0.99731385707855225
vn 0.04949912428855896 -0.038673795759677887 -0.99802511930465698
vn 0.15579760074615479 -0.12157705426216125 -0.9802786111831665
vn 0.25821533799171448 -0.20145241916179657 -0.94485014677047729
vn 0.35418048501014709 -0.27629417181015015 -0.89343029260635376
vn 0.44163951277732849 -0.34450089931488037 -0.82841634750366211
vn 0.52267169952392578 -0.40769416093826294 -0.74873208999633789
vn 0.58601456880569458 -0.45709118247032166 -0.66906994581222534
vn 0.64891892671585083 -0.50614476203918457 -0.56808602809906006
vn 0.70085400342941284 -0.5466424822807312 -0.45824187994003296
vn 0.74252086877822876 -0.57913106679916382 -0.33655604720115662
vn 0.77147632837295532 -0.60170513391494751 -0.20682181417942047
vn 0.7864118218421936 -0.61334449052810669 -0.07324633002281189
vn 0.78697717189788818 -0.61377608776092529 0.06281578540802002
vn 0.77298790216445923 -0.6028563380241394 0.19762052595615387
vn 0.74505573511123657 -0.58106255531311035 0.3275030255317688
vn 0.70451360940933228 -0.54943454265594482 0.44920182228088379
vn 0.65325170755386353 -0.50944668054580688 0.56011277437210083
vn 0.59042149782180786 -0.46043699979782104 0.66287273168563843
vn 0.52760797739028931 -0.4114418625831604 0.74319946765899658
vn 0.52760797739028931 -0.4114418625831604 0.74319946765899658
vn -0.26541659235954285 0.20693960785865784 -0.94166344404220581
vn -0.2150421142578125 0.16765005886554718 -0.96210724115371704
vn 0.52760797739028931 -0.4114418625831604 0.74319946765899658
vn -0.41382682323455811 0.32281073927879333 0.85119950771331787
vn -0.33950003981590271 0.26484519243240356 0.90255016088485718
vn -0.19413003325462341 0.15147256851196289 0.96921080350875854
vn -0.041299711912870407 0.032278940081596375 0.99862527847290039
vn 0.11311772465705872 -0.088155150413513184 0.98966312408447266
vn 0.26318812370300293 -0.20520149171352386 0.94266873598098755
vn 0.40314432978630066 -0.3143620491027832 0.8594481348991394
vn 0.52760797739028931 -0.4114418625831604 0.74319946765899658
vn 0.52760797739028931 -0.4114418625831604 0.74319946765899658
vn 0.63179588317871094 -0.49271020293235779 0.59839004278182983
vn 0.71170425415039063 -0.55504393577575684 0.43058478832244873
vn 0.76426225900650024 -0.59604769945144653 0.24623242020606995
vn 0.78745001554489136 -0.61414563655853271 0.052417490631341934
vn 0.78037655353546143 -0.60864228010177612 -0.14341183006763458
vn 0.74331367015838623 -0.57974916696548462 -0.33372989296913147
vn 0.67768567800521851 -0.52857661247253418 -0.51122289896011353
vn 0.58601456880569458 -0.45709118247032166 -0.66906994581222534
vn 0.47182324528694153 -0.36803996562957764 -0.80120497941970825
vn 0.33950003981590271 -0.26484519243240356 -0.90255016088485718
vn 0.19413003325462341 -0.15147256851196289 -0.96921080350875854
vn 0.041299711912870407 -0.032278940081596375 -0.99862527847290039
vn -0.11311772465705872 0.088155150413513184 -0.98966312408447266
vn -0.26318812370300293 0.20520149171352386 -0.94266873598098755
vn -0.28288891911506653 0.22056719660758972 -0.93344736099243164
vn -0.2150421142578125 0.16765005886554718 -0.96210724115371704
vn -0.26541659235954285 0.20693960785865784 -0.94166344404220581
vn -0.2404419481754303 0.18746060132980347 -0.95238971710205078
vn -0.2404419481754303 0.18746060132980347 -0.95238971710205078
vn -0.2404419481754303 0.18746060132980347 -0.95238971710205078
vn -0.26541659235954285 0.20693960785865784 -0.94166344404220581
vn -0.2529846727848053 0.19724328815937042 -0.94715040922164917
vn -0.2529846727848053 0.19724328815937042 -0.94715040922164917
vn -0.27786397933959961 0.21664796769618988 -0.935871422290802
vn -0.27786397933959961 0.21664796769618988 -0.935871422290802
vn -0.28927728533744812 0.22554983198642731 -0.93029344081878662
vn -0.41495504975318909 0.32357409596443176 -0.85035997629165649
vn -0.52760797739028931 0.4114418625831604 -0.74319946765899658
vn -0.63177937269210815 0.4926973283290863 -0.59841805696487427
vn -0.71168965101242065 0.55503255128860474 -0.43062368035316467
vn -0.76425677537918091 0.59604340791702271 -0.24625971913337708
vn -0.78745001554489136 0.61414563655853271 -0.052417490631341934
vn -0.78037416934967041 0.60864037275314331 0.14343312382698059
vn -0.74330443143844604 0.5797419548034668 0.33376297354698181
vn -0.67767363786697388 0.52856725454330444 0.51124858856201172
vn -0.58601456880569458 0.45709118247032166 0.66906994581222534
vn -0.5049978494644165 0.39391130208969116 0.76799154281616211
vn -0.41377830505371094 0.32277289032936096 0.85123741626739502
vn -0.28450125455856323 0.22182475030422211 -0.93265902996063232
vn -0.28610333800315857 0.2230743020772934 -0.93187057971954346
vn -0.28769528865814209 0.22431594133377075 -0.93108206987380981
vn -0.41380256414413452 0.32279181480407715 0.85121846199035645
vn 0.7229270339012146 -0.56379896402359009 0.399383544921875
vn 0.72292178869247437 -0.56379485130310059 0.39939883351325989
vn 0.72291654348373413 -0.56379079818725586 0.39941415190696716
vn 0.72693157196044922 -0.56697607040405273 -0.38743856549263
vn 0.75667423009872437 -0.59016579389572144 -0.28133329749107361
vn 0.77678126096725464 -0.60584020614624023 -0.17195490002632141
vn 0.78709286451339722 -0.61387473344802856 -0.060354281216859818
vn 0.78745001554489136 -0.61414563655853271 0.052417490631341934
vn 0.76746326684951782 -0.5985453724861145 0.22965964674949646
vn 0.76737785339355469 -0.59847873449325562 0.23011834919452667
vn 0.78745001554489136 -0.61414563655853271 0.052417490631341934
vn 0.78707349300384521 -0.61385971307754517 -0.060758117586374283
vn 0.77670925855636597 -0.60578405857086182 -0.17247731983661652
vn 0.75658810138702393 -0.59009861946105957 -0.28170564770698547
vn 0.72694176435470581 -0.56698399782180786 -0.3874078094959259
vn 0.72693663835525513 -0.56698006391525269 -0.38742318749427795
vn 0.61499333381652832 0.7885323166847229 -5.4016436479287222E-05
vn 0.61499333381652832 0.7885323166847229 -5.4016436479287222E-05
vn 0.61499333381652832 0.7885323166847229 -5.4016436479287222E-05
vn 0.61499333381652832 0.7885323166847229 -5.4016436479287222E-05
vn 0.61499333381652832 0.7885323166847229 -5.4016436479287222E-05
vn 0.61499333381652832 0.7885323166847229 -5.4016436479287222E-05
vn 0.61499333381652832 0.7885323166847229 -5.4016436479287222E-05
vn 0.61499333381652832 0.7885323166847229 -5.4016436479287222E-05
vn 0.61499333381652832 0.7885323166847229 -5.4016436479287222E-05
vn 0.61499333381652832 0.7885323166847229 -5.4016436479287222E-05
vn 0.61499333381652832 0.7885323166847229 -5.4016436479287222E-05
vn 0.61499333381652832 0.7885323166847229 -5.4016436479287222E-05
vn 0.61499333381652832 0.7885323166847229 -5.4016436479287222E-05
vn 0.61499333381652832 0.7885323166847229 -5.4016436479287222E-05
vn 0.61499333381652832 0.7885323166847229 -5.4016436479287222E-05
vn 0.61499333381652832 0.7885323166847229 -5.4016436479287222E-05
vn 0.61499333381652832 0.7885323166847229 -5.4016436479287222E-05
vn 0.61499333381652832 0.7885323166847229 -5.4016436479287222E-05
vn 0.61499333381652832 0.7885323166847229 -5.4016436479287222E-05
vn 0.61499333381652832 0.7885323166847229 -5.4016436479287222E-05
vn 0.61499333381652832 0.7885323166847229 -5.4016436479287222E-05
vn 0.61499333381652832 0.7885323166847229 -5.4016436479287222E-05
vn 0.61499333381652832 0.7885323166847229 -5.4016436479287222E-05
vn 0.61499333381652832 0.7885323166847229 -5.4016436479287222E-05
vn 0.61499333381652832 0.7885323166847229 -5.4016436479287222E-05
vn 0.61499333381652832 0.7885323166847229 -5.4016436479287222E-05
vn 0.61499333381652832 0.7885323166847229 -5.4016436479287222E-05
vn 0.61499333381652832 0.7885323166847229 -5.4016436479287222E-05
vn 0.61499333381652832 0.7885323166847229 -5.4016436479287222E-05
vn 0.61499333381652832 0.7885323166847229 -5.4016436479287222E-05
vn 0.61499333381652832 0.7885323166847229 -5.4016436479287222E-05
vn 0.61499333381652832 0.7885323166847229 -5.4016436479287222E-05
vn 0.61499333381652832 0.7885323166847229 -5.4016436479287222E-05
vn 0.61499333381652832 0.7885323166847229 -5.4016436479287222E-05
vn 0.61499333381652832 0.7885323166847229 -5.4016436479287222E-05
vn 0.61499333381652832 0.7885323166847229 -5.4016436479287222E-05
vn 0.61499333381652832 0.7885323166847229 -5.4016436479287222E-05
vn 0.61499333381652832 0.7885323166847229 -5.4016436479287222E-05
vn 0.61499333381652832 0.7885323166847229 -5.4016436479287222E-05
vn 0.61499333381652832 0.7885323166847229 -5.4016436479287222E-05
vn 0.61499333381652832 0.7885323166847229 -5.4016436479287222E-05
vn 0.61499333381652832 0.7885323166847229 -5.4016436479287222E-05
vn 0.61499333381652832 0.7885323166847229 -5.4016436479287222E-05
vn 0.61499333381652832 0.7885323166847229 -5.4016436479287222E-05
vn 0.61499333381652832 0.7885323166847229 -5.4016436479287222E-05
vn 0.61499333381652832 0.7885323166847229 -5.4016436479287222E-05
vn 0.61499333381652832 0.7885323166847229 -5.4016436479287222E-05
vn 0.61499333381652832 0.7885323166847229 -5.4016436479287222E-05
vn 0.61499333381652832 0.7885323166847229 -5.4016436479287222E-05
vn 0.61499333381652832 0.7885323166847229 -5.4016436479287222E-05
vn 0.61499333381652832 0.7885323166847229 -5.4016436479287222E-05
vn 0.61499333381652832 0.7885323166847229 -5.4016436479287222E-05
vn 0.61499333381652832 0.7885323166847229 -5.4016436479287222E-05
vn 0.61499333381652832 0.7885323166847229 -5.4016436479287222E-05
vn 0.61499333381652832 0.7885323166847229 -5.4016436479287222E-05
vn 0.61499333381652832 0.7885323166847229 -5.4016436479287222E-05
vn 0.61499333381652832 0.7885323166847229 -5.4016436479287222E-05
vn 0.61499333381652832 0.7885323166847229 -5.4016436479287222E-05
vn 0.61499333381652832 0.7885323166847229 -5.4016436479287222E-05
vn 0.61499333381652832 0.7885323166847229 -5.4016436479287222E-05
vn 0.61499333381652832 0.7885323166847229 -5.4016436479287222E-05
vn 0.61499333381652832 0.7885323166847229 -5.4016436479287222E-05
vn 0.61499333381652832 0.7885323166847229 -5.4016436479287222E-05
vn 0.61499333381652832 0.7885323166847229 -5.4016436479287222E-05
vn 0.61499333381652832 0.7885323166847229 -5.4016436479287222E-05
vn 0.61499333381652832 0.7885323166847229 -5.4016436479287222E-05
vn 0.61499333381652832 0.7885323166847229 -5.4016436479287222E-05
vn 0.61499333381652832 0.7885323166847229 -5.4016436479287222E-05
vn 0.61499333381652832 0.7885323166847229 -5.4016436479287222E-05
vn 0.61499333381652832 0.7885323166847229 -5.4016436479287222E-05
vn 0.61499333381652832 0.7885323166847229 -5.4016436479287222E-05
vn 0.61499333381652832 0.7885323166847229 -5.4016436479287222E-05
vn 0.61499333381652832 0.7885323166847229 -5.4016436479287222E-05
vn 0.61499333381652832 0.7885323166847229 -5.4016436479287222E-05
vn 0.61499333381652832 0.7885323166847229 -5.4016436479287222E-05
vn 0.61499333381652832 0.7885323166847229 -5.4016436479287222E-05
vn 0.61499333381652832 0.7885323166847229 -5.4016436479287222E-05
vn 0.61499333381652832 0.7885323166847229 -5.4016436479287222E-05
vn 0.61499333381652832 0.7885323166847229 -5.4016436479287222E-05
vn 0.61499333381652832 0.7885323166847229 -5.4016436479287222E-05
vn 0.61499333381652832 0.7885323166847229 -5.4016436479287222E-05
vn 0.61499333381652832 0.7885323166847229 -5.4016436479287222E-05
vn 0.61499333381652832 0.7885323166847229 -5.4016436479287222E-05
vn 0.61499333381652832 0.7885323166847229 -5.4016436479287222E-05
vn 0.61499333381652832 0.7885323166847229 -5.4016436479287222E-05
vn -0.76040291786193848 -0.6494516134262085 3.6577599530573934E-05
vn -0.76040291786193848 -0.6494516134262085 3.6577599530573934E-05
vn -0.76040291786193848 -0.6494516134262085 3.6577599530573934E-05
vn -0.76040291786193848 -0.6494516134262085 3.6577599530573934E-05
vn -0.76040291786193848 -0.6494516134262085 3.6577599530573934E-05
vn -0.76040291786193848 -0.6494516134262085 3.6577599530573934E-05
vn -0.76040291786193848 -0.6494516134262085 3.6577599530573934E-05
vn -0.76040291786193848 -0.6494516134262085 3.6577599530573934E-05
vn -0.76040291786193848 -0.6494516134262085 3.6577599530573934E-05
vn -0.76040291786193848 -0.6494516134262085 3.6577599530573934E-05
vn -0.76040291786193848 -0.6494516134262085 3.6577599530573934E-05
vn -0.76040291786193848 -0.6494516134262085 3.6577599530573934E-05
vn -0.76040291786193848 -0.6494516134262085 3.6577599530573934E-05
vn -0.76040291786193848 -0.6494516134262085 3.6577599530573934E-05
vn -0.76040291786193848 -0.6494516134262085 3.6577599530573934E-05
vn -0.76040291786193848 -0.6494516134262085 3.6577599530573934E-05
vn -0.76040291786193848 -0.6494516134262085 3.6577599530573934E-05
vn -0.76040291786193848 -0.6494516134262085 3.6577599530573934E-05
vn -0.76040291786193848 -0.6494516134262085 3.6577599530573934E-05
vn -0.76040291786193848 -0.6494516134262085 3.6577599530573934E-05
vn -0.76040291786193848 -0.6494516134262085 3.6577599530573934E-05
vn -0.76040291786193848 -0.6494516134262085 3.6577599530573934E-05
vn -0.76040291786193848 -0.6494516134262085 3.6577599530573934E-05
vn -0.76040291786193848 -0.6494516134262085 3.6577599530573934E-05
vn -0.76040291786193848 -0.6494516134262085 3.6577599530573934E-05
vn -0.76040291786193848 -0.6494516134262085 3.6577599530573934E-05
vn -0.76040291786193848 -0.6494516134262085 3.6577599530573934E-05
vn -0.76040291786193848 -0.6494516134262085 3.6577599530573934E-05
vn -0.76040291786193848 -0.6494516134262085 3.6577599530573934E-05
vn -0.76040291786193848 -0.6494516134262085 3.6577599530573934E-05
vn -0.76040291786193848 -0.6494516134262085 3.6577599530573934E-05
vn -0.76040291786193848 -0.6494516134262085 3.6577599530573934E-05
vn -0.76040291786193848 -0.6494516134262085 3.6577599530573934E-05
vn -0.76040291786193848 -0.6494516134262085 3.6577599530573934E-05
vn -0.76040291786193848 -0.6494516134262085 3.6577599530573934E-05
vn -0.76040291786193848 -0.6494516134262085 3.6577599530573934E-05
vn -0.76040291786193848 -0.6494516134262085 3.6577599530573934E-05
vn -0.76040291786193848 -0.6494516134262085 3.6577599530573934E-05
vn -0.76040291786193848 -0.6494516134262085 3.6577599530573934E-05
vn -0.76040291786193848 -0.6494516134262085 3.6577599530573934E-05
vn -0.76040291786193848 -0.6494516134262085 3.6577599530573934E-05
vn -0.76040291786193848 -0.6494516134262085 3.6577599530573934E-05
vn -0.76040291786193848 -0.6494516134262085 3.6577599530573934E-05
vn -0.76040291786193848 -0.6494516134262085 3.6577599530573934E-05
vn -0.76040291786193848 -0.6494516134262085 3.6577599530573934E-05
vn -0.76040291786193848 -0.6494516134262085 3.6577599530573934E-05
vn -0.76040291786193848 -0.6494516134262085 3.6577599530573934E-05
vn -0.76040291786193848 -0.6494516134262085 3.6577599530573934E-05
vn -0.76040291786193848 -0.6494516134262085 3.6577599530573934E-05
vn -0.76040291786193848 -0.6494516134262085 3.6577599530573934E-05
vn -0.76040291786193848 -0.6494516134262085 3.6577599530573934E-05
vn -0.76040291786193848 -0.6494516134262085 3.6577599530573934E-05
vn -0.76040291786193848 -0.6494516134262085 3.6577599530573934E-05
vn -0.76040291786193848 -0.6494516134262085 3.6577599530573934E-05
vn -0.76040291786193848 -0.6494516134262085 3.6577599530573934E-05
vn -0.76040291786193848 -0.6494516134262085 3.6577599530573934E-05
vn -0.76040291786193848 -0.6494516134262085 3.6577599530573934E-05
vn -0.76040291786193848 -0.6494516134262085 3.6577599530573934E-05
vn -0.76040291786193848 -0.6494516134262085 3.6577599530573934E-05
vn -0.76040291786193848 -0.6494516134262085 3.6577599530573934E-05
vn -0.76040291786193848 -0.6494516134262085 3.6577599530573934E-05
vn -0.76040291786193848 -0.6494516134262085 3.6577599530573934E-05
vn -0.76040291786193848 -0.6494516134262085 3.6577599530573934E-05
vn -0.76040291786193848 -0.6494516134262085 3.6577599530573934E-05
vn -0.76040291786193848 -0.6494516134262085 3.6577599530573934E-05
vn -0.76040291786193848 -0.6494516134262085 3.6577599530573934E-05
vn -0.76040291786193848 -0.6494516134262085 3.6577599530573934E-05
vn -0.76040291786193848 -0.6494516134262085 3.6577599530573934E-05
vn -0.76040291786193848 -0.6494516134262085 3.6577599530573934E-05
vn -0.76040291786193848 -0.6494516134262085 3.6577599530573934E-05
vn -0.76040291786193848 -0.6494516134262085 3.6577599530573934E-05
vn -0.76040291786193848 -0.6494516134262085 3.6577599530573934E-05
vn -0.76040291786193848 -0.6494516134262085 3.6577599530573934E-05
vn -0.76040291786193848 -0.6494516134262085 3.6577599530573934E-05
vn -0.76040291786193848 -0.6494516134262085 3.6577599530573934E-05
vn -0.76040291786193848 -0.6494516134262085 3.6577599530573934E-05
vn -0.76040291786193848 -0.6494516134262085 3.6577599530573934E-05
vn -0.76040291786193848 -0.6494516134262085 3.6577599530573934E-05
vn -0.76040291786193848 -0.6494516134262085 3.6577599530573934E-05
vn -0.76040291786193848 -0.6494516134262085 3.6577599530573934E-05
vn -0.61499333381652832 -0.7885323166847229 5.4016436479287222E-05
vn -0.61499333381652832 -0.7885323166847229 5.4016436479287222E-05
vn -0.61499333381652832 -0.7885323166847229 5.4016436479287222E-05
vn -0.61499333381652832 -0.7885323166847229 5.4016436479287222E-05
vn -0.61499333381652832 -0.7885323166847229 5.4016436479287222E-05
vn -0.61499333381652832 -0.7885323166847229 5.4016436479287222E-05
vn -0.61499333381652832 -0.7885323166847229 5.4016436479287222E-05
vn -0.61499333381652832 -0.7885323166847229 5.4016436479287222E-05
vn -0.61499333381652832 -0.7885323166847229 5.4016436479287222E-05
vn -0.61499333381652832 -0.7885323166847229 5.4016436479287222E-05
vn -0.61499333381652832 -0.7885323166847229 5.4016436479287222E-05
vn -0.61499333381652832 -0.7885323166847229 5.4016436479287222E-05
vn -0.61499333381652832 -0.7885323166847229 5.4016436479287222E-05
vn -0.61499333381652832 -0.7885323166847229 5.4016436479287222E-05
vn -0.61499333381652832 -0.7885323166847229 5.4016436479287222E-05
vn -0.61499333381652832 -0.7885323166847229 5.4016436479287222E-05
vn -0.61499333381652832 -0.7885323166847229 5.4016436479287222E-05
vn -0.61499333381652832 -0.7885323166847229 5.4016436479287222E-05
vn -0.61499333381652832 -0.7885323166847229 5.4016436479287222E-05
vn -0.61499333381652832 -0.7885323166847229 5.4016436479287222E-05
vn -0.61499333381652832 -0.7885323166847229 5.4016436479287222E-05
vn -0.61499333381652832 -0.7885323166847229 5.4016436479287222E-05
vn -0.61499333381652832 -0.7885323166847229 5.4016436479287222E-05
vn -0.61499333381652832 -0.7885323166847229 5.4016436479287222E-05
vn -0.61499333381652832 -0.7885323166847229 5.4016436479287222E-05
vn -0.61499333381652832 -0.7885323166847229 5.4016436479287222E-05
vn -0.61499333381652832 -0.7885323166847229 5.4016436479287222E-05
vn -0.61499333381652832 -0.7885323166847229 5.4016436479287222E-05
vn -0.61499333381652832 -0.7885323166847229 5.4016436479287222E-05
vn -0.61499333381652832 -0.7885323166847229 5.4016436479287222E-05
vn -0.61499333381652832 -0.7885323166847229 5.4016436479287222E-05
vn -0.61499333381652832 -0.7885323166847229 5.4016436479287222E-05
vn -0.61499333381652832 -0.7885323166847229 5.4016436479287222E-05
vn -0.61499333381652832 -0.7885323166847229 5.4016436479287222E-05
vn -0.61499333381652832 -0.7885323166847229 5.4016436479287222E-05
vn -0.61499333381652832 -0.7885323166847229 5.4016436479287222E-05
vn -0.61499333381652832 -0.7885323166847229 5.4016436479287222E-05
vn -0.61499333381652832 -0.7885323166847229 5.4016436479287222E-05
vn -0.61499333381652832 -0.7885323166847229 5.4016436479287222E-05
vn -0.61499333381652832 -0.7885323166847229 5.4016436479287222E-05
vn -0.61499333381652832 -0.7885323166847229 5.4016436479287222E-05
vn -0.61499333381652832 -0.7885323166847229 5.4016436479287222E-05
vn -0.61499333381652832 -0.7885323166847229 5.4016436479287222E-05
vn -0.61499333381652832 -0.7885323166847229 5.4016436479287222E-05
vn -0.61499333381652832 -0.7885323166847229 5.4016436479287222E-05
vn -0.61499333381652832 -0.7885323166847229 5.4016436479287222E-05
vn -0.61499333381652832 -0.7885323166847229 5.4016436479287222E-05
vn -0.61499333381652832 -0.7885323166847229 5.4016436479287222E-05
vn -0.61499333381652832 -0.7885323166847229 5.4016436479287222E-05
vn -0.61499333381652832 -0.7885323166847229 5.4016436479287222E-05
vn -0.61499333381652832 -0.7885323166847229 5.4016436479287222E-05
vn -0.61499333381652832 -0.7885323166847229 5.4016436479287222E-05
vn -0.61499333381652832 -0.7885323166847229 5.4016436479287222E-05
vn -0.61499333381652832 -0.7885323166847229 5.4016436479287222E-05
vn -0.61499333381652832 -0.7885323166847229 5.4016436479287222E-05
vn -0.61499333381652832 -0.7885323166847229 5.4016436479287222E-05
vn -0.61499333381652832 -0.7885323166847229 5.4016436479287222E-05
vn -0.61499333381652832 -0.7885323166847229 5.4016436479287222E-05
vn -0.61499333381652832 -0.7885323166847229 5.4016436479287222E-05
vn -0.61499333381652832 -0.7885323166847229 5.4016436479287222E-05
vn -0.61499333381652832 -0.7885323166847229 5.4016436479287222E-05
vn -0.61499333381652832 -0.7885323166847229 5.4016436479287222E-05
vn -0.61499333381652832 -0.7885323166847229 5.4016436479287222E-05
vn -0.61499333381652832 -0.7885323166847229 5.4016436479287222E-05
vn -0.61499333381652832 -0.7885323166847229 5.4016436479287222E-05
vn -0.61499333381652832 -0.7885323166847229 5.4016436479287222E-05
vn -0.61499333381652832 -0.7885323166847229 5.4016436479287222E-05
vn -0.61499333381652832 -0.7885323166847229 5.4016436479287222E-05
vn -0.61499333381652832 -0.7885323166847229 5.4016436479287222E-05
vn -0.61499333381652832 -0.7885323166847229 5.4016436479287222E-05
vn -0.61499333381652832 -0.7885323166847229 5.4016436479287222E-05
vn -0.61499333381652832 -0.7885323166847229 5.4016436479287222E-05
vn -0.61499333381652832 -0.7885323166847229 5.4016436479287222E-05
vn -0.61499333381652832 -0.7885323166847229 5.4016436479287222E-05
vn -0.61499333381652832 -0.7885323166847229 5.4016436479287222E-05
vn -0.61499333381652832 -0.7885323166847229 5.4016436479287222E-05
vn -0.61499333381652832 -0.7885323166847229 5.4016436479287222E-05
vn -0.61499333381652832 -0.7885323166847229 5.4016436479287222E-05
vn -0.61499333381652832 -0.7885323166847229 5.4016436479287222E-05
vn -0.61499333381652832 -0.7885323166847229 5.4016436479287222E-05
vn 0.28931185603141785 -0.33851087093353271 0.89538204669952393
vn 0.28931185603141785 -0.33851087093353271 0.89538204669952393
vn 0.35032182931900024 -0.40989592671394348 0.84217572212219238
vn 0.40805181860923767 -0.47744321823120117 0.77816557884216309
vn 0.40805181860923767 -0.47744321823120117 0.77816557884216309
vn -0.50471538305282593 0.39418500661849976 0.76803684234619141
vn -0.43344935774803162 0.3385259211063385 0.8351777195930481
vn -0.43344935774803162 0.3385259211063385 0.8351777195930481
vn -0.357857346534729 0.27948823571205139 0.89096826314926147
vn -0.357857346534729 0.27948823571205139 0.89096826314926147
vn -0.50471538305282593 0.39418500661849976 0.76803684234619141
vn -0.357857346534729 0.27948823571205139 0.89096826314926147
vn -0.357857346534729 0.27948823571205139 0.89096826314926147
vn -0.27252337336540222 0.21284201741218567 0.93831193447113037
vn -0.27252337336540222 0.21284201741218567 0.93831193447113037
vn -0.18448027968406677 0.14407993853092194 0.9722180962562561
vn -0.18448027968406677 0.14407993853092194 0.9722180962562561
vn -0.090808503329753876 0.070921860635280609 0.99333977699279785
vn -0.090808503329753876 0.070921860635280609 0.99333977699279785
vn 0.0066142184659838676 -0.0051657347939908504 0.99996477365493774
vn 0.0066142184659838676 -0.0051657347939908504 0.99996477365493774
vn 0.10324320197105408 -0.080633416771888733 0.9913824200630188
vn 0.10324320197105408 -0.080633416771888733 0.9913824200630188
vn 0.19937987625598907 -0.15571659803390503 0.96747094392776489
vn 0.19937987625598907 -0.15571659803390503 0.96747094392776489
vn 0.29276680946350098 -0.22865220904350281 0.92844265699386597
vn 0.29276680946350098 -0.22865220904350281 0.92844265699386597
vn 0.38124141097068787 -0.29775130748748779 0.87521374225616455
vn 0.38124141097068787 -0.29775130748748779 0.87521374225616455
vn 0.46290048956871033 -0.36152741312980652 0.80933374166488647
vn 0.46290048956871033 -0.36152741312980652 0.80933374166488647
vn 0.53623151779174805 -0.41879931092262268 0.7328457236289978
vn 0.53623151779174805 -0.41879931092262268 0.7328457236289978
vn 0.60019350051879883 -0.4687538743019104 0.64810305833816528
vn 0.60019350051879883 -0.4687538743019104 0.64810305833816528
vn 0.6566738486289978 -0.51286530494689941 0.55294537544250488
vn 0.6566738486289978 -0.51286530494689941 0.55294537544250488
vn 0.70203632116317749 -0.5482935905456543 0.45444378256797791
vn 0.70203632116317749 -0.5482935905456543 0.45444378256797791
vn 0.73630237579345703 -0.57505553960800171 0.35660886764526367
vn 0.73630237579345703 -0.57505553960800171 0.35660886764526367
vn 0.76395565271377563 -0.59665286540985107 0.24571748077869415
vn 0.76395565271377563 -0.59665286540985107 0.24571748077869415
vn 0.78168672323226929 -0.61050087213516235 0.12749333679676056
vn 0.78168672323226929 -0.61050087213516235 0.12749333679676056
vn 0.78811687231063843 -0.61552292108535767 -0.0018345398129895329
vn 0.78811687231063843 -0.61552292108535767 -0.0018345398129895329
vn 0.78255617618560791 -0.61118000745773315 -0.11859522014856339
vn 0.78255617618560791 -0.61118000745773315 -0.11859522014856339
vn 0.76493328809738159 -0.59741640090942383 -0.24077095091342926
vn 0.76493328809738159 -0.59741640090942383 -0.24077095091342926
vn 0.73535412549972534 -0.57431495189666748 -0.35974523425102234
vn 0.73535412549972534 -0.57431495189666748 -0.35974523425102234
vn 0.69448620080947876 -0.5423969030380249 -0.47275206446647644
vn 0.69448620080947876 -0.5423969030380249 -0.47275206446647644
vn 0.64350444078445435 -0.50257992744445801 -0.57733482122421265
vn 0.64350444078445435 -0.50257992744445801 -0.57733482122421265
vn 0.58398604393005371 -0.45609578490257263 -0.67151838541030884
vn 0.58398604393005371 -0.45609578490257263 -0.67151838541030884
vn 0.51776796579360962 -0.40437918901443481 -0.75391894578933716
vn 0.51776796579360962 -0.40437918901443481 -0.75391894578933716
vn 0.44337284564971924 -0.34627622365951538 -0.82674860954284668
vn 0.44337284564971924 -0.34627622365951538 -0.82674860954284668
vn 0.36496978998184204 -0.28504309058189392 -0.88631117343902588
vn 0.36496978998184204 -0.28504309058189392 -0.88631117343902588
vn 0.29005485773086548 -0.2265341579914093 -0.92981207370758057
vn 0.29005485773086548 -0.2265341579914093 -0.92981207370758057
vn 0.20158174633979797 -0.15743626654148102 -0.9667360782623291
vn 0.20158174633979797 -0.15743626654148102 -0.9667360782623291
vn 0.10696800053119659 -0.083542503416538239 -0.99074643850326538
vn 0.10696800053119659 -0.083542503416538239 -0.99074643850326538
vn 0.014593246392905712 -0.011397392489016056 -0.99982857704162598
vn 0.014593246392905712 -0.011397392489016056 -0.99982857704162598
vn -0.079366214573383331 0.061985377222299576 -0.99491649866104126
vn -0.079366214573383331 0.061985377222299576 -0.99491649866104126
vn -0.17338231205940247 0.13541238009929657 -0.97550094127655029
vn -0.17338231205940247 0.13541238009929657 -0.97550094127655029
vn -0.26536902785301208 0.20725442469120026 -0.94160759449005127
vn -0.26536902785301208 0.20725442469120026 -0.94160759449005127
vn -0.35328337550163269 0.27591592073440552 -0.8939022421836853
vn -0.35328337550163269 0.27591592073440552 -0.8939022421836853
vn -0.43527427315711975 0.33995121717453003 -0.83364826440811157
vn -0.43527427315711975 0.33995121717453003 -0.83364826440811157
vn -0.50980943441390991 0.39816352725028992 -0.76260089874267578
vn -0.50951606035232544 0.39793437719345093 -0.76291650533676147
vn -0.27252337336540222 0.21284201741218567 0.93831193447113037
vn 0.0066142184659838676 -0.0051657347939908504 0.99996477365493774
vn -0.090808503329753876 0.070921860635280609 0.99333977699279785
vn 0.10324320197105408 -0.080633416771888733 0.9913824200630188
vn 0.19937987625598907 -0.15571659803390503 0.96747094392776489
vn 0.29276680946350098 -0.22865220904350281 0.92844265699386597
vn 0.46290048956871033 -0.36152741312980652 0.80933374166488647
vn 0.38124141097068787 -0.29775130748748779 0.87521374225616455
vn 0.53623151779174805 -0.41879931092262268 0.7328457236289978
vn 0.60019350051879883 -0.4687538743019104 0.64810305833816528
vn 0.70203632116317749 -0.5482935905456543 0.45444378256797791
vn 0.6566738486289978 -0.51286530494689941 0.55294537544250488
vn 0.76395565271377563 -0.59665286540985107 0.24571748077869415
vn 0.73630237579345703 -0.57505553960800171 0.35660886764526367
vn 0.78811687231063843 -0.61552292108535767 -0.0018345398129895329
vn 0.78168672323226929 -0.61050087213516235 0.12749333679676056
vn 0.78255617618560791 -0.61118000745773315 -0.11859522014856339
vn 0.76493328809738159 -0.59741640090942383 -0.24077095091342926
vn 0.73535412549972534 -0.57431495189666748 -0.35974523425102234
vn 0.69448620080947876 -0.5423969030380249 -0.47275206446647644
vn 0.58398604393005371 -0.45609578490257263 -0.67151838541030884
vn 0.64350444078445435 -0.50257992744445801 -0.57733482122421265
vn 0.51776796579360962 -0.40437918901443481 -0.75391894578933716
vn 0.44337284564971924 -0.34627622365951538 -0.82674860954284668
vn 0.29005485773086548 -0.2265341579914093 -0.92981207370758057
vn 0.36496978998184204 -0.28504309058189392 -0.88631117343902588
vn 0.20158174633979797 -0.15743626654148102 -0.9667360782623291
vn 0.10696800053119659 -0.083542503416538239 -0.99074643850326538
vn -0.079366214573383331 0.061985377222299576 -0.99491649866104126
vn 0.014593246392905712 -0.011397392489016056 -0.99982857704162598
vn -0.26536902785301208 0.20725442469120026 -0.94160759449005127
vn -0.17338231205940247 0.13541238009929657 -0.97550094127655029
vn -0.43527427315711975 0.33995121717453003 -0.83364826440811157
vn -0.35328337550163269 0.27591592073440552 -0.8939022421836853
vn 0.44885805249214172 -0.52518874406814575 -0.72298216819763184
vn 0.39391463994979858 -0.46090191602706909 -0.79523622989654541
vn 0.33409351110458374 -0.39090791344642639 -0.85765522718429565
vn 0.33409351110458374 -0.39090791344642639 -0.85765522718429565
vn 0.26933491230010986 -0.31513676047325134 -0.91002613306045532
vn 0.26933491230010986 -0.31513676047325134 -0.91002613306045532
vn 0.19933262467384338 -0.23323020339012146 -0.95177215337753296
vn 0.19933262467384338 -0.23323020339012146 -0.95177215337753296
vn 0.12899905443191528 -0.15093603730201721 -0.98009055852890015
vn 0.12899905443191528 -0.15093603730201721 -0.98009055852890015
vn 0.057042382657527924 -0.066742740571498871 -0.99613833427429199
vn 0.057042382657527924 -0.066742740571498871 -0.99613833427429199
vn -0.019022043794393539 0.022256843745708466 -0.99957132339477539
vn -0.019022043794393539 0.022256843745708466 -0.99957132339477539
vn -0.093283966183662415 0.10914739966392517 -0.9896388053894043
vn -0.093283966183662415 0.10914739966392517 -0.9896388053894043
vn -0.16439901292324066 0.19235594570636749 -0.96745651960372925
vn -0.16439901292324066 0.19235594570636749 -0.96745651960372925
vn -0.23127906024456024 0.2706092894077301 -0.93449485301971436
vn -0.23127906024456024 0.2706092894077301 -0.93449485301971436
vn -0.29342472553253174 0.34332317113876343 -0.89220577478408813
vn -0.29342472553253174 0.34332317113876343 -0.89220577478408813
vn -0.35552111268043518 0.41597935557365417 -0.83699816465377808
vn -0.35552111268043518 0.41597935557365417 -0.83699816465377808
vn -0.41252022981643677 0.48267149925231934 -0.7725641131401062
vn -0.41252022981643677 0.48267149925231934 -0.7725641131401062
vn -0.46622276306152344 0.54550641775131226 -0.69646185636520386
vn -0.46622276306152344 0.54550641775131226 -0.69646185636520386
vn -0.51520627737045288 0.60281985998153687 -0.60923779010772705
vn -0.51520627737045288 0.60281985998153687 -0.60923779010772705
vn -0.55719232559204102 0.65194582939147949 -0.51429891586303711
vn -0.55719232559204102 0.65194582939147949 -0.51429891586303711
vn -0.5920754075050354 0.69276094436645508 -0.41173899173736572
vn -0.5920754075050354 0.69276094436645508 -0.41173899173736572
vn -0.61915749311447144 0.72444850206375122 -0.30301544070243835
vn -0.61915749311447144 0.72444850206375122 -0.30301544070243835
vn -0.63783138990402222 0.74629801511764526 -0.19029012322425842
vn -0.63783138990402222 0.74629801511764526 -0.19029012322425842
vn -0.64782983064651489 0.75799673795700073 -0.07587762176990509
vn -0.64782983064651489 0.75799673795700073 -0.07587762176990509
vn -0.64923578500747681 0.75964182615280151 0.037910182029008865
vn -0.64923578500747681 0.75964182615280151 0.037910182029008865
vn -0.64245891571044922 0.75171250104904175 0.14891242980957031
vn -0.64245891571044922 0.75171250104904175 0.14891242980957031
vn -0.62818294763565063 0.73500877618789673 0.25524166226387024
vn -0.62818294763565063 0.73500877618789673 0.25524166226387024
vn -0.60593372583389282 0.70897597074508667 0.36082872748374939
vn -0.60593372583389282 0.70897597074508667 0.36082872748374939
vn -0.58173227310180664 0.68065893650054932 0.4452987015247345
vn -0.58173227310180664 0.68065893650054932 0.4452987015247345
vn -0.54501837491989136 0.63770169019699097 0.54432666301727295
vn -0.54501837491989136 0.63770169019699097 0.54432666301727295
vn -0.50340116024017334 0.58900719881057739 0.63218492269515991
vn -0.50340116024017334 0.58900719881057739 0.63218492269515991
vn -0.45419719815254211 0.53143584728240967 0.71503901481628418
vn -0.45419719815254211 0.53143584728240967 0.71503901481628418
vn -0.39775067567825317 0.46539029479026794 0.79069989919662476
vn -0.39775067567825317 0.46539029479026794 0.79069989919662476
vn -0.33620196580886841 0.39337489008903503 0.85570114850997925
vn -0.33620196580886841 0.39337489008903503 0.85570114850997925
vn -0.26971852779388428 0.31558558344841003 0.90975689888000488
vn -0.26971852779388428 0.31558558344841003 0.90975689888000488
vn -0.19918814301490784 0.23306114971637726 0.95184379816055298
vn -0.19918814301490784 0.23306114971637726 0.95184379816055298
vn -0.12601061165332794 0.1474393755197525 0.98101121187210083
vn -0.12601061165332794 0.1474393755197525 0.98101121187210083
vn -0.051688056439161301 0.060477886348962784 0.99683034420013428
vn -0.051688056439161301 0.060477886348962784 0.99683034420013428
vn 0.022275842726230621 -0.026063967496156693 0.99941205978393555
vn 0.022275842726230621 -0.026063967496156693 0.99941205978393555
vn 0.094472676515579224 -0.11053825169801712 0.98937159776687622
vn 0.094472676515579224 -0.11053825169801712 0.98937159776687622
vn 0.16366945207118988 -0.19150230288505554 0.96774953603744507
vn 0.16366945207118988 -0.19150230288505554 0.96774953603744507
vn 0.23236934840679169 -0.2718849778175354 0.9338538646697998
vn 0.23236934840679169 -0.2718849778175354 0.9338538646697998
vn 0.28931185603141785 -0.33851087093353271 0.89538204669952393
vn 0.28931185603141785 -0.33851087093353271 0.89538204669952393
vn 0.44859552383422852 -0.52488160133361816 -0.72336804866790771
vn -0.76018828153610229 -0.64970284700393677 0
vn -0.76018828153610229 -0.64970284700393677 0
vn -0.76018828153610229 -0.64970284700393677 0
vn -0.76018828153610229 -0.64970284700393677 0
vn -0.76018828153610229 -0.64970284700393677 0
vn -0.76018828153610229 -0.64970284700393677 0
vn -0.76018828153610229 -0.64970284700393677 0
vn -0.76018828153610229 -0.64970284700393677 0
vn -0.76018828153610229 -0.64970284700393677 0
vn -0.76018828153610229 -0.64970284700393677 0
vn -0.76018828153610229 -0.64970284700393677 0
vn -0.76018828153610229 -0.64970284700393677 0
vn -0.76018828153610229 -0.64970284700393677 0
vn -0.76018828153610229 -0.64970284700393677 0
vn -0.76018828153610229 -0.64970284700393677 0
vn -0.76018828153610229 -0.64970284700393677 0
vn -0.76018828153610229 -0.64970284700393677 0
vn -0.76018828153610229 -0.64970284700393677 0
vn -0.76018828153610229 -0.64970284700393677 0
vn -0.76018828153610229 -0.64970284700393677 0
vn -0.76018828153610229 -0.64970284700393677 0
vn -0.76018828153610229 -0.64970284700393677 0
vn -0.76018828153610229 -0.64970284700393677 0
vn -0.76018828153610229 -0.64970284700393677 0
vn -0.76018828153610229 -0.64970284700393677 0
vn -0.76018828153610229 -0.64970284700393677 0
vn -0.76018828153610229 -0.64970284700393677 0
vn -0.76018828153610229 -0.64970284700393677 0
vn -0.76018828153610229 -0.64970284700393677 0
vn -0.76018828153610229 -0.64970284700393677 0
vn -0.76018828153610229 -0.64970284700393677 0
vn -0.76018828153610229 -0.64970284700393677 0
vn -0.76018828153610229 -0.64970284700393677 0
vn -0.76018828153610229 -0.64970284700393677 0
vn -0.76018828153610229 -0.64970284700393677 0
vn -0.76018828153610229 -0.64970284700393677 0
vn -0.76018828153610229 -0.64970284700393677 0
vn -0.76018828153610229 -0.64970284700393677 0
vn -0.76018828153610229 -0.64970284700393677 0
vn -0.76018828153610229 -0.64970284700393677 0
vn -0.76018828153610229 -0.64970284700393677 0
vn -0.76018828153610229 -0.64970284700393677 0
vn -0.76018828153610229 -0.64970284700393677 0
vn -0.76018828153610229 -0.64970284700393677 0
vn -0.76018828153610229 -0.64970284700393677 0
vn -0.76018828153610229 -0.64970284700393677 0
vn -0.76018828153610229 -0.64970284700393677 0
vn -0.76018828153610229 -0.64970284700393677 0
vn -0.76018828153610229 -0.64970284700393677 0
vn -0.76018828153610229 -0.64970284700393677 0
vn -0.76018828153610229 -0.64970284700393677 0
vn -0.76018828153610229 -0.64970284700393677 0
vn -0.76018828153610229 -0.64970284700393677 0
vn -0.76018828153610229 -0.64970284700393677 0
vn -0.76018828153610229 -0.64970284700393677 0
vn -0.76018828153610229 -0.64970284700393677 0
vn -0.76018828153610229 -0.64970284700393677 0
vn -0.76018828153610229 -0.64970284700393677 0
vn -0.76018828153610229 -0.64970284700393677 0
vn -0.76018828153610229 -0.64970284700393677 0
vn -0.76018828153610229 -0.64970284700393677 0
vn -0.76018828153610229 -0.64970284700393677 0
vn -0.76018828153610229 -0.64970284700393677 0
vn -0.76018828153610229 -0.64970284700393677 0
vn -0.76018828153610229 -0.64970284700393677 0
vn -0.76018828153610229 -0.64970284700393677 0
vn -0.76018828153610229 -0.64970284700393677 0
vn -0.76018828153610229 -0.64970284700393677 0
vn -0.76018828153610229 -0.64970284700393677 0
vn -0.76018828153610229 -0.64970284700393677 0
vn -0.76018828153610229 -0.64970284700393677 0
vn -0.76018828153610229 -0.64970284700393677 0
vn -0.76018828153610229 -0.64970284700393677 0
vn -0.76018828153610229 -0.64970284700393677 0
vn -0.76018828153610229 -0.64970284700393677 0
vn -0.76018828153610229 -0.64970284700393677 0
vn -0.76018828153610229 -0.64970284700393677 0
vn -0.76018828153610229 -0.64970284700393677 0
vn -0.76018828153610229 -0.64970284700393677 0
vn -0.76018828153610229 -0.64970284700393677 0
vn -0.76018828153610229 -0.64970284700393677 0
vn -0.76018828153610229 -0.64970284700393677 0
vn -0.76018828153610229 -0.64970284700393677 0
vn -0.76018828153610229 -0.64970284700393677 0
vn -0.76018828153610229 -0.64970284700393677 0
vn -0.76018828153610229 -0.64970284700393677 0
vn -0.76018828153610229 -0.64970284700393677 0
vn -0.76018828153610229 -0.64970284700393677 0
vn -0.76018828153610229 -0.64970284700393677 0
vn -0.76018828153610229 -0.64970284700393677 0
vn -0.76018828153610229 -0.64970284700393677 0
vn -0.76018828153610229 -0.64970284700393677 0
vn -0.76018828153610229 -0.64970284700393677 0
vn -0.76018828153610229 -0.64970284700393677 0
vn -0.76018828153610229 -0.64970284700393677 0
vn -0.76018828153610229 -0.64970284700393677 0
vn -0.76018828153610229 -0.64970284700393677 0
vn -0.76018828153610229 -0.64970284700393677 0
vn -0.76018828153610229 -0.64970284700393677 0
vn -0.76018828153610229 -0.64970284700393677 0
vn -0.76018828153610229 -0.64970284700393677 0
vn -0.76018828153610229 -0.64970284700393677 0
vn -0.76018828153610229 -0.64970284700393677 0
vn -0.76018828153610229 -0.64970284700393677 0
vn -0.76018828153610229 -0.64970284700393677 0
vn -0.76018828153610229 -0.64970284700393677 0
vn -0.76018828153610229 -0.64970284700393677 0
vn -0.76018828153610229 -0.64970284700393677 0
vn -0.76018828153610229 -0.64970284700393677 0
vn -0.76018828153610229 -0.64970284700393677 0
vn -0.76018828153610229 -0.64970284700393677 0
vn -0.76018828153610229 -0.64970284700393677 0
vn -0.76018828153610229 -0.64970284700393677 0
vn -0.76018828153610229 -0.64970284700393677 0
vn -0.76018828153610229 -0.64970284700393677 0
vn -0.76018828153610229 -0.64970284700393677 0
vn -0.76018828153610229 -0.64970284700393677 0
vn -0.76018828153610229 -0.64970284700393677 0
vn -0.76018828153610229 -0.64970284700393677 0
vn -0.76018828153610229 -0.64970284700393677 0
vn -0.76018828153610229 -0.64970284700393677 0
vn -0.76018828153610229 -0.64970284700393677 0
vn -0.76018828153610229 -0.64970284700393677 0
vn -0.76018828153610229 -0.64970284700393677 0
vn -0.76018828153610229 -0.64970284700393677 0
vn -0.76018828153610229 -0.64970284700393677 0
vn -0.76018828153610229 -0.64970284700393677 0
vn -0.76018828153610229 -0.64970284700393677 0
vn -0.76018828153610229 -0.64970284700393677 0
vn -0.76018828153610229 -0.64970284700393677 0
vn -0.76018828153610229 -0.64970284700393677 0
vn -0.76018828153610229 -0.64970284700393677 0
vn -0.76018828153610229 -0.64970284700393677 0
vn -0.76018828153610229 -0.64970284700393677 0
vn -0.76018828153610229 -0.64970284700393677 0
vn -0.76018828153610229 -0.64970284700393677 0
vn -0.76018828153610229 -0.64970284700393677 0
vn -0.76018828153610229 -0.64970284700393677 0
vn -0.76018828153610229 -0.64970284700393677 0
vn -0.76018828153610229 -0.64970284700393677 0
vn -0.76018828153610229 -0.64970284700393677 0
vn -0.76018828153610229 -0.64970284700393677 0
vn -0.76018828153610229 -0.64970284700393677 0
vn -0.76018828153610229 -0.64970284700393677 0
vn -0.76018828153610229 -0.64970284700393677 0
vn -0.76018828153610229 -0.64970284700393677 0
vn -0.76018828153610229 -0.64970284700393677 0
vn -0.76018828153610229 -0.64970284700393677 0
vn -0.76018828153610229 -0.64970284700393677 0
vn -0.76018828153610229 -0.64970284700393677 0
vn -0.76018828153610229 -0.64970284700393677 0
vn -0.76018828153610229 -0.64970284700393677 0
vn -0.76018828153610229 -0.64970284700393677 0
vn -0.76018828153610229 -0.64970284700393677 0
vn -0.76018828153610229 -0.64970284700393677 0
vn -0.76018828153610229 -0.64970284700393677 0
vn -0.76018828153610229 -0.64970284700393677 0
vn -0.76018828153610229 -0.64970284700393677 0
vn -0.76018828153610229 -0.64970284700393677 0
vn -0.76018828153610229 -0.64970284700393677 0
vn -0.76018828153610229 -0.64970284700393677 0
vn -0.76018828153610229 -0.64970284700393677 0
vn -0.76018828153610229 -0.64970284700393677 0
vn -0.76018828153610229 -0.64970284700393677 0
vn -0.76018828153610229 -0.64970284700393677 0
vn -0.76018828153610229 -0.64970284700393677 0
vn -0.76018828153610229 -0.64970284700393677 0
vn -0.76018828153610229 -0.64970284700393677 0
vn -0.76018828153610229 -0.64970284700393677 0
vn -0.76018828153610229 -0.64970284700393677 0
vn -0.76018828153610229 -0.64970284700393677 0
vn -0.76018828153610229 -0.64970284700393677 0
vn -0.61552393436431885 -0.78811818361282349 0
vn -0.61552393436431885 -0.78811818361282349 0
vn -0.61552393436431885 -0.78811818361282349 0
vn -0.61552393436431885 -0.78811818361282349 0
vn -0.61552393436431885 -0.78811818361282349 0
vn -0.61552393436431885 -0.78811818361282349 0
vn -0.61552393436431885 -0.78811818361282349 0
vn -0.61552393436431885 -0.78811818361282349 0
vn -0.61552393436431885 -0.78811818361282349 0
vn -0.61552393436431885 -0.78811818361282349 0
vn -0.61552393436431885 -0.78811818361282349 0
vn -0.61552393436431885 -0.78811818361282349 0
vn -0.61552393436431885 -0.78811818361282349 0
vn -0.61552393436431885 -0.78811818361282349 0
vn -0.61552393436431885 -0.78811818361282349 0
vn -0.61552393436431885 -0.78811818361282349 0
vn -0.61552393436431885 -0.78811818361282349 0
vn -0.61552393436431885 -0.78811818361282349 0
vn -0.61552393436431885 -0.78811818361282349 0
vn -0.61552393436431885 -0.78811818361282349 0
vn -0.61552393436431885 -0.78811818361282349 0
vn -0.61552393436431885 -0.78811818361282349 0
vn -0.61552393436431885 -0.78811818361282349 0
vn -0.61552393436431885 -0.78811818361282349 0
vn -0.61552393436431885 -0.78811818361282349 0
vn -0.61552393436431885 -0.78811818361282349 0
vn -0.61552393436431885 -0.78811818361282349 0
vn -0.61552393436431885 -0.78811818361282349 0
vn -0.61552393436431885 -0.78811818361282349 0
vn -0.61552393436431885 -0.78811818361282349 0
vn -0.61552393436431885 -0.78811818361282349 0
vn -0.61552393436431885 -0.78811818361282349 0
vn -0.61552393436431885 -0.78811818361282349 0
vn -0.61552393436431885 -0.78811818361282349 0
vn -0.61552393436431885 -0.78811818361282349 0
vn -0.61552393436431885 -0.78811818361282349 0
vn -0.61552393436431885 -0.78811818361282349 0
vn -0.61552393436431885 -0.78811818361282349 0
vn -0.61552393436431885 -0.78811818361282349 0
vn -0.61552393436431885 -0.78811818361282349 0
vn -0.61552393436431885 -0.78811818361282349 0
vn -0.61552393436431885 -0.78811818361282349 0
vn -0.61552393436431885 -0.78811818361282349 0
vn -0.61552393436431885 -0.78811818361282349 0
vn -0.61552393436431885 -0.78811818361282349 0
vn -0.61552393436431885 -0.78811818361282349 0
vn -0.61552393436431885 -0.78811818361282349 0
vn -0.61552393436431885 -0.78811818361282349 0
vn -0.61552393436431885 -0.78811818361282349 0
vn -0.61552393436431885 -0.78811818361282349 0
vn -0.61552393436431885 -0.78811818361282349 0
vn -0.61552393436431885 -0.78811818361282349 0
vn -0.61552393436431885 -0.78811818361282349 0
vn -0.61552393436431885 -0.78811818361282349 0
vn -0.61552393436431885 -0.78811818361282349 0
vn -0.61552393436431885 -0.78811818361282349 0
vn -0.61552393436431885 -0.78811818361282349 0
vn -0.61552393436431885 -0.78811818361282349 0
vn -0.61552393436431885 -0.78811818361282349 0
vn -0.61552393436431885 -0.78811818361282349 0
vn -0.61552393436431885 -0.78811818361282349 0
vn -0.61552393436431885 -0.78811818361282349 0
vn -0.61552393436431885 -0.78811818361282349 0
vn -0.61552393436431885 -0.78811818361282349 0
vn -0.61552393436431885 -0.78811818361282349 0
vn -0.61552393436431885 -0.78811818361282349 0
vn -0.61552393436431885 -0.78811818361282349 0
vn -0.61552393436431885 -0.78811818361282349 0
vn -0.61552393436431885 -0.78811818361282349 0
vn -0.61552393436431885 -0.78811818361282349 0
vn -0.61552393436431885 -0.78811818361282349 0
vn -0.61552393436431885 -0.78811818361282349 0
vn -0.61552393436431885 -0.78811818361282349 0
vn -0.61552393436431885 -0.78811818361282349 0
vn -0.61552393436431885 -0.78811818361282349 0
vn -0.61552393436431885 -0.78811818361282349 0
vn -0.61552393436431885 -0.78811818361282349 0
vn -0.61552393436431885 -0.78811818361282349 0
vn -0.61552393436431885 -0.78811818361282349 0
vn -0.61552393436431885 -0.78811818361282349 0
vn -0.61552393436431885 -0.78811818361282349 0
vn -0.61552393436431885 -0.78811818361282349 0
vn -0.61552393436431885 -0.78811818361282349 0
vn -0.61552393436431885 -0.78811818361282349 0
vn -0.61552393436431885 -0.78811818361282349 0
vn -0.61552393436431885 -0.78811818361282349 0
vn -0.61552393436431885 -0.78811818361282349 0
vn -0.61552393436431885 -0.78811818361282349 0
vn -0.61552393436431885 -0.78811818361282349 0
vn -0.61552393436431885 -0.78811818361282349 0
vn -0.61552393436431885 -0.78811818361282349 0
vn -0.61552393436431885 -0.78811818361282349 0
vn -0.61552393436431885 -0.78811818361282349 0
vn -0.61552393436431885 -0.78811818361282349 0
vn -0.61552393436431885 -0.78811818361282349 0
vn -0.61552393436431885 -0.78811818361282349 0
vn -0.61552393436431885 -0.78811818361282349 0
vn -0.61552393436431885 -0.78811818361282349 0
vn -0.61552393436431885 -0.78811818361282349 0
vn -0.61552393436431885 -0.78811818361282349 0
vn -0.61552393436431885 -0.78811818361282349 0
vn -0.61552393436431885 -0.78811818361282349 0
vn -0.61552393436431885 -0.78811818361282349 0
vn -0.61552393436431885 -0.78811818361282349 0
vn -0.61552393436431885 -0.78811818361282349 0
vn -0.61552393436431885 -0.78811818361282349 0
vn -0.61552393436431885 -0.78811818361282349 0
vn -0.61552393436431885 -0.78811818361282349 0
vn -0.61552393436431885 -0.78811818361282349 0
vn -0.61552393436431885 -0.78811818361282349 0
vn -0.61552393436431885 -0.78811818361282349 0
vn -0.61552393436431885 -0.78811818361282349 0
vn -0.61552393436431885 -0.78811818361282349 0
vn -0.61552393436431885 -0.78811818361282349 0
vn -0.61552393436431885 -0.78811818361282349 0
vn -0.61552393436431885 -0.78811818361282349 0
vn -0.61552393436431885 -0.78811818361282349 0
vn -0.61552393436431885 -0.78811818361282349 0
vn -0.61552393436431885 -0.78811818361282349 0
vn -0.61552393436431885 -0.78811818361282349 0
vn -0.61552393436431885 -0.78811818361282349 0
vn -0.61552393436431885 -0.78811818361282349 0
vn -0.61552393436431885 -0.78811818361282349 0
vn -0.61552393436431885 -0.78811818361282349 0
vn -0.61552393436431885 -0.78811818361282349 0
vn -0.61552393436431885 -0.78811818361282349 0
vn -0.61552393436431885 -0.78811818361282349 0
vn -0.61552393436431885 -0.78811818361282349 0
vn -0.61552393436431885 -0.78811818361282349 0
vn -0.61552393436431885 -0.78811818361282349 0
vn -0.61552393436431885 -0.78811818361282349 0
vn -0.61552393436431885 -0.78811818361282349 0
vn -0.61552393436431885 -0.78811818361282349 0
vn -0.61552393436431885 -0.78811818361282349 0
vn -0.61552393436431885 -0.78811818361282349 0
vn -0.61552393436431885 -0.78811818361282349 0
vn -0.61552393436431885 -0.78811818361282349 0
vn -0.61552393436431885 -0.78811818361282349 0
vn -0.61552393436431885 -0.78811818361282349 0
vn -0.61552393436431885 -0.78811818361282349 0
vn -0.61552393436431885 -0.78811818361282349 0
vn -0.61552393436431885 -0.78811818361282349 0
vn -0.61552393436431885 -0.78811818361282349 0
vn -0.61552393436431885 -0.78811818361282349 0
vn -0.61552393436431885 -0.78811818361282349 0
vn -0.61552393436431885 -0.78811818361282349 0
vn -0.61552393436431885 -0.78811818361282349 0
vn -0.61552393436431885 -0.78811818361282349 0
vn -0.61552393436431885 -0.78811818361282349 0
vn -0.61552393436431885 -0.78811818361282349 0
vn -0.61552393436431885 -0.78811818361282349 0
vn -0.61552393436431885 -0.78811818361282349 0
vn -0.61552393436431885 -0.78811818361282349 0
vn -0.61552393436431885 -0.78811818361282349 0
vn -0.61552393436431885 -0.78811818361282349 0
vn -0.61552393436431885 -0.78811818361282349 0
vn -0.61552393436431885 -0.78811818361282349 0
vn -0.61552393436431885 -0.78811818361282349 0
vn -0.61552393436431885 -0.78811818361282349 0
vn -0.61552393436431885 -0.78811818361282349 0
vn -0.61552393436431885 -0.78811818361282349 0
vn -0.61282521486282349 0.47799864411354065 0.62925559282302856
vn -0.54402554035186768 0.42434680461883545 0.72385495901107788
vn -0.46660810708999634 0.36397290229797363 0.80610209703445435
vn -0.37836062908172607 0.29515168070793152 0.8773418664932251
vn -0.28185489773750305 0.21988867223262787 0.93392008543014526
vn -0.18016266822814941 0.14057941734790802 0.97353935241699219
vn -0.074284061789512634 0.058003935962915421 0.9955487847328186
vn 0.032893877476453781 -0.025586199015378952 0.99913132190704346
vn 0.13842116296291351 -0.10789020359516144 0.98447918891906738
vn 0.23954902589321136 -0.18676416575908661 0.9527515172958374
vn 0.33395341038703918 -0.26039537787437439 0.90590804815292358
vn 0.42382073402404785 -0.33048912882804871 0.84329879283905029
vn 0.49621418118476868 -0.38695487380027771 0.7771984338760376
vn 0.57080596685409546 -0.44513657689094543 0.68995213508605957
vn 0.63565725088119507 -0.4957222044467926 0.59177649021148682
vn 0.69182837009429932 -0.5395389199256897 0.4798659086227417
vn 0.7364380955696106 -0.57433938980102539 0.35748177766799927
vn 0.76767480373382568 -0.59871041774749756 0.2285194993019104
vn 0.78502553701400757 -0.61225181818008423 0.094247415661811829
vn 0.78784596920013428 -0.61446082592010498 -0.041673228144645691
vn 0.77628785371780396 -0.60545557737350464 -0.17550131678581238
vn 0.75126528739929199 -0.58594870567321777 -0.30375087261199951
vn 0.71432369947433472 -0.55714541673660278 -0.42347446084022522
vn 0.66495054960250854 -0.5186460018157959 -0.53744494915008545
vn 0.61282521486282349 -0.47799864411354065 -0.62925559282302856
vn 0.54402554035186768 -0.42434680461883545 -0.72385495901107788
vn 0.46660810708999634 -0.36397290229797363 -0.80610209703445435
vn 0.37836062908172607 -0.29515168070793152 -0.8773418664932251
vn 0.28185489773750305 -0.21988867223262787 -0.93392008543014526
vn 0.18016266822814941 -0.14057941734790802 -0.97353935241699219
vn 0.074284061789512634 -0.058003935962915421 -0.9955487847328186
vn -0.032893877476453781 0.025586199015378952 -0.99913132190704346
vn -0.13842116296291351 0.10789020359516144 -0.98447918891906738
vn -0.23954902589321136 0.18676416575908661 -0.9527515172958374
vn -0.33395341038703918 0.26039537787437439 -0.90590804815292358
vn -0.42382073402404785 0.33048912882804871 -0.84329879283905029
vn -0.49621418118476868 0.38695487380027771 -0.7771984338760376
vn -0.57080596685409546 0.44513657689094543 -0.68995213508605957
vn -0.63565725088119507 0.4957222044467926 -0.59177649021148682
vn -0.69182837009429932 0.5395389199256897 -0.4798659086227417
vn -0.7364380955696106 0.57433938980102539 -0.35748177766799927
vn -0.76767480373382568 0.59871041774749756 -0.2285194993019104
vn -0.78502553701400757 0.61225181818008423 -0.094247415661811829
vn -0.78784596920013428 0.61446082592010498 0.041673228144645691
vn -0.77628785371780396 0.60545557737350464 0.17550131678581238
vn -0.75126528739929199 0.58594870567321777 0.30375087261199951
vn -0.71432369947433472 0.55714541673660278 0.42347446084022522
vn -0.66495054960250854 0.5186460018157959 0.53744494915008545
vn -0.61282521486282349 0.47799864411354065 0.62925559282302856
vn -0.61282521486282349 0.47799864411354065 0.62925559282302856
vn -0.65684527158737183 0.51232564449310303 0.553242027759552
vn -0.69494563341140747 0.54203540086746216 0.47249141335487366
vn -0.72689229249954224 0.56694549322128296 0.38755691051483154
vn -0.75245153903961182 0.58687359094619751 0.29899182915687561
vn -0.7635272741317749 0.59550845623016357 0.24979138374328613
vn -0.77258843183517456 0.60257202386856079 0.20003516972064972
vn -0.77962708473205566 0.60805821418762207 0.14982251822948456
vn -0.78463548421859741 0.61196082830429077 0.099252738058567047
vn -0.7876056432723999 0.61427384614944458 0.048425130546092987
vn -0.78852981328964233 0.61499118804931641 -0.0025609729345887899
vn -0.78740030527114868 0.61410677433013916 -0.053606253117322922
vn -0.78420925140380859 0.61161446571350098 -0.10461140424013138
vn -0.77896523475646973 0.60752105712890625 -0.15534268319606781
vn -0.77169811725616455 0.60184985399246216 -0.20556922256946564
vn -0.76243197917938232 0.59461963176727295 -0.2551959753036499
vn -0.7511906623840332 0.58584886789321899 -0.30412778258323669
vn -0.73799794912338257 0.57555633783340454 -0.35226961970329285
vn -0.72287797927856445 0.56376069784164429 -0.39952635765075684
vn -0.70585465431213379 0.55048066377639771 -0.4458029568195343
vn -0.68695187568664551 0.53573489189147949 -0.49100437760353088
vn -0.64742642641067505 0.50490266084671021 -0.57088732719421387
vn -0.6022486686706543 0.46966245770454407 -0.64553362131118774
vn -0.55173808336257935 0.43026342988014221 -0.71446377038955688
vn -0.49621418118476868 0.38695487380027771 -0.7771984338760376
vn -0.4362768828868866 0.34020465612411499 -0.83302056789398193
vn -0.37260404229164124 0.29054149985313416 -0.88133525848388672
vn -0.30563178658485413 0.23830564320087433 -0.92184579372406006
vn -0.23579643666744232 0.18383733928203583 -0.95425564050674438
vn -0.19700074195861816 0.15357878804206848 -0.96829968690872192
vn -0.15776674449443817 0.12297856062650681 -0.97978872060775757
vn -0.11817274987697601 0.092097736895084381 -0.98871290683746338
vn -0.078297048807144165 0.060997385531663895 -0.99506223201751709
vn -0.038217958062887192 0.029738584533333778 -0.99882680177688599
vn 0.0019861923065036535 -0.0016175763448700309 -0.99999672174453735
vn 0.042237091809511185 -0.033010020852088928 -0.99856215715408325
vn 0.082456432282924652 -0.064377672970294952 -0.99451315402984619
vn 0.12245991080999374 -0.095576785504817963 -0.98786062002182007
vn 0.16206547617912292 -0.12646538019180298 -0.97864258289337158
vn 0.20119814574718475 -0.15698499977588654 -0.96688932180404663
vn 0.23978294432163239 -0.18707713484764099 -0.95263123512268066
vn 0.27774488925933838 -0.21668331325054169 -0.9358985424041748
vn 0.31500899791717529 -0.24574507772922516 -0.91672170162200928
vn 0.35150033235549927 -0.27420395612716675 -0.89513111114501953
vn 0.38714388012886047 -0.30200150609016418 -0.87115710973739624
vn 0.45013582706451416 -0.35112684965133667 -0.82102841138839722
vn 0.50899875164031982 -0.39703139662742615 -0.76373183727264404
vn 0.56335455179214478 -0.43942022323608398 -0.69967246055603027
vn 0.61282521486282349 -0.47799864411354065 -0.62925559282302856
vn 0.65684527158737183 -0.51232564449310303 -0.553242027759552
vn 0.69494563341140747 -0.54203540086746216 -0.47249141335487366
vn 0.72689229249954224 -0.56694549322128296 -0.38755691051483154
vn 0.75245153903961182 -0.58687359094619751 -0.29899182915687561
vn 0.7635272741317749 -0.59550845623016357 -0.24979138374328613
vn 0.77258843183517456 -0.60257202386856079 -0.20003516972064972
vn 0.77962708473205566 -0.60805821418762207 -0.14982251822948456
vn 0.78463548421859741 -0.61196082830429077 -0.099252738058567047
vn 0.7876056432723999 -0.61427384614944458 -0.048425130546092987
vn 0.78852981328964233 -0.61499118804931641 0.0025609729345887899
vn 0.78740030527114868 -0.61410677433013916 0.053606253117322922
vn 0.78420925140380859 -0.61161446571350098 0.10461140424013138
vn 0.77896523475646973 -0.60752105712890625 0.15534268319606781
vn 0.77169811725616455 -0.60184985399246216 0.20556922256946564
vn 0.76243197917938232 -0.59461963176727295 0.2551959753036499
vn 0.7511906623840332 -0.58584886789321899 0.30412778258323669
vn 0.73799794912338257 -0.57555633783340454 0.35226961970329285
vn 0.72287797927856445 -0.56376069784164429 0.39952635765075684
vn 0.70585465431213379 -0.55048066377639771 0.4458029568195343
vn 0.68695187568664551 -0.53573489189147949 0.49100437760353088
vn 0.64742642641067505 -0.50490266084671021 0.57088732719421387
vn 0.6022486686706543 -0.46966245770454407 0.64553362131118774
vn 0.55173808336257935 -0.43026342988014221 0.71446377038955688
vn 0.49621418118476868 -0.38695487380027771 0.7771984338760376
vn 0.4362768828868866 -0.34020465612411499 0.83302056789398193
vn 0.37260404229164124 -0.29054149985313416 0.88133525848388672
vn 0.30563178658485413 -0.23830564320087433 0.92184579372406006
vn 0.23579643666744232 -0.18383733928203583 0.95425564050674438
vn 0.19700074195861816 -0.15357878804206848 0.96829968690872192
vn 0.15776674449443817 -0.12297856062650681 0.97978872060775757
vn 0.11817274987697601 -0.092097736895084381 0.98871290683746338
vn 0.078297048807144165 -0.060997385531663895 0.99506223201751709
vn 0.038217958062887192 -0.029738584533333778 0.99882680177688599
vn -0.0019861923065036535 0.0016175763448700309 0.99999672174453735
vn -0.042237091809511185 0.033010020852088928 0.99856215715408325
vn -0.082456432282924652 0.064377672970294952 0.99451315402984619
vn -0.12245991080999374 0.095576785504817963 0.98786062002182007
vn -0.16206547617912292 0.12646538019180298 0.97864258289337158
vn -0.20119814574718475 0.15698499977588654 0.96688932180404663
vn -0.23978294432163239 0.18707713484764099 0.95263123512268066
vn -0.27774488925933838 0.21668331325054169 0.9358985424041748
vn -0.31500899791717529 0.24574507772922516 0.91672170162200928
vn -0.35150033235549927 0.27420395612716675 0.89513111114501953
vn -0.38714388012886047 0.30200150609016418 0.87115710973739624
vn -0.45013582706451416 0.35112684965133667 0.82102841138839722
vn -0.50899875164031982 0.39703139662742615 0.76373183727264404
vn -0.56335455179214478 0.43942022323608398 0.69967246055603027
vn -0.61282521486282349 0.47799864411354065 0.62925559282302856
vn 0.1015656366944313 -0.11886133253574371 0.98770260810852051
vn 0.18310274183750153 -0.21432970464229584 0.9594457745552063
vn 0.26124113798141479 -0.30581960082054138 0.91554760932922363
vn 0.3376481831073761 -0.39528337121009827 0.85425102710723877
vn 0.40920966863632202 -0.47907468676567078 0.77655321359634399
vn 0.47336843609809875 -0.5541994571685791 0.68467897176742554
vn 0.52934670448303223 -0.6197468638420105 0.57940137386322021
vn 0.57549589872360229 -0.6737866997718811 0.46348240971565247
vn 0.61070960760116577 -0.71502315998077393 0.34025827050209045
vn 0.63450765609741211 -0.74289399385452271 0.2133273184299469
vn 0.64703541994094849 -0.7575690746307373 0.086222060024738312
vn 0.64882755279541016 -0.7596747875213623 -0.043783873319625854
vn 0.64146065711975098 -0.75105565786361694 -0.15634447336196899
vn 0.62310576438903809 -0.72957205772399902 -0.28189331293106079
vn 0.59459269046783447 -0.69619464874267578 -0.4022095799446106
vn 0.55478024482727051 -0.64958733320236206 -0.51986080408096313
vn 0.50431621074676514 -0.59050828218460083 -0.63005167245864868
vn 0.44464558362960815 -0.52064919471740723 -0.72884476184844971
vn 0.37627047300338745 -0.44059786200523376 -0.81504237651824951
vn 0.30098474025726318 -0.35245442390441895 -0.88610613346099854
vn 0.22095511853694916 -0.25875571370124817 -0.94033199548721313
vn 0.13851860165596008 -0.16223792731761932 -0.97698080539703369
vn 0.055969342589378357 -0.065587170422077179 -0.99627596139907837
vn -0.028463292866945267 0.033269651234149933 -0.99904102087020874
vn -0.1015656366944313 0.11886133253574371 -0.98770260810852051
vn -0.18310274183750153 0.21432970464229584 -0.9594457745552063
vn -0.26124113798141479 0.30581960082054138 -0.91554760932922363
vn -0.3376481831073761 0.39528337121009827 -0.85425102710723877
vn -0.40920966863632202 0.47907468676567078 -0.77655321359634399
vn -0.47336843609809875 0.5541994571685791 -0.68467897176742554
vn -0.52934670448303223 0.6197468638420105 -0.57940137386322021
vn -0.57549589872360229 0.6737866997718811 -0.46348240971565247
vn -0.61070960760116577 0.71502315998077393 -0.34025827050209045
vn -0.63450765609741211 0.74289399385452271 -0.2133273184299469
vn -0.64703541994094849 0.7575690746307373 -0.086222060024738312
vn -0.64882755279541016 0.7596747875213623 0.043783873319625854
vn -0.64146065711975098 0.75105565786361694 0.15634447336196899
vn -0.62310576438903809 0.72957205772399902 0.28189331293106079
vn -0.59459269046783447 0.69619464874267578 0.4022095799446106
vn -0.55478024482727051 0.64958733320236206 0.51986080408096313
vn -0.50431621074676514 0.59050828218460083 0.63005167245864868
vn -0.44464558362960815 0.52064919471740723 0.72884476184844971
vn -0.37627047300338745 0.44059786200523376 0.81504237651824951
vn -0.30098474025726318 0.35245442390441895 0.88610613346099854
vn -0.22095511853694916 0.25875571370124817 0.94033199548721313
vn -0.13851860165596008 0.16223792731761932 0.97698080539703369
vn -0.055969342589378357 0.065587170422077179 0.99627596139907837
vn 0.028463292866945267 -0.033269651234149933 0.99904102087020874
vn 0.1015656366944313 -0.11886133253574371 0.98770260810852051
vn 0.1015656366944313 -0.11886133253574371 0.98770260810852051
vn 0.040685795247554779 -0.047580283135175705 0.99803847074508667
vn -0.020420696586370468 0.023965630680322647 0.9995042085647583
vn -0.081346362829208374 0.095299325883388519 0.99211937189102173
vn -0.14168374240398407 0.16594374179840088 0.97590386867523193
vn -0.17391686141490936 0.20368281006813049 0.96346575021743774
vn -0.20563295483589172 0.2408163994550705 0.94853705167770386
vn -0.23677293956279755 0.27727532386779785 0.93115895986557007
vn -0.26727774739265442 0.31299039721488953 0.91137236356735229
vn -0.29708826541900635 0.34789243340492249 0.88921844959259033
vn -0.32614541053771973 0.38191232085227966 0.86473822593688965
vn -0.35439017415046692 0.41498085856437683 0.83797281980514526
vn -0.38176345825195313 0.44702890515327454 0.80896341800689697
vn -0.40813729166984558 0.47790664434432983 0.77783620357513428
vn -0.43339419364929199 0.5074765682220459 0.7447395920753479
vn -0.45749056339263916 0.53568750619888306 0.709747314453125
vn -0.48038271069526672 0.56248849630355835 0.67293322086334229
vn -0.50202703475952148 0.58782827854156494 0.63437116146087646
vn -0.52237987518310547 0.61165595054626465 0.59413492679595947
vn -0.54139769077301025 0.63392037153244019 0.55229836702346802
vn -0.55903685092926025 0.65457051992416382 0.50893533229827881
vn -0.58769017457962036 0.6881142258644104 0.42558079957962036
vn -0.61107069253921509 0.7154841423034668 0.3386370837688446
vn -0.6290401816368103 0.73651844263076782 0.24869474768638611
vn -0.64146065711975098 0.75105565786361694 0.15634447336196899
vn -0.64817595481872559 0.75891286134719849 0.06260363757610321
vn -0.64913046360015869 0.76002520322799683 -0.031485788524150848
vn -0.644336998462677 0.75440746545791626 -0.12529641389846802
vn -0.633808434009552 0.74207496643066406 -0.21820083260536194
vn -0.62573182582855225 0.73261582851409912 -0.26783159375190735
vn -0.61603772640228271 0.72126281261444092 -0.31666615605354309
vn -0.60475277900695801 0.70804733037948608 -0.36461353302001953
vn -0.5919036865234375 0.6930004358291626 -0.41158276796340942
vn -0.57751703262329102 0.67615342140197754 -0.45748287439346313
vn -0.56161957979202271 0.65753751993179321 -0.50222289562225342
vn -0.54423797130584717 0.6371840238571167 -0.5457119345664978
vn -0.52539896965026855 0.61512422561645508 -0.58785897493362427
vn -0.50518447160720825 0.59145402908325195 -0.62846702337265015
vn -0.48369085788726807 0.56628626585006714 -0.6673552393913269
vn -0.46096614003181458 0.5396772027015686 -0.70445632934570313
vn -0.43705815076828003 0.51168286800384521 -0.73970323801040649
vn -0.41201487183570862 0.48235931992530823 -0.77302861213684082
vn -0.38588422536849976 0.45176279544830322 -0.80436539649963379
vn -0.35871425271034241 0.41994950175285339 -0.83364653587341309
vn -0.33055281639099121 0.38697549700737 -0.86080473661422729
vn -0.27641931176185608 0.32359141111373901 -0.90492039918899536
vn -0.21995456516742706 0.25747829675674438 -0.94091707468032837
vn -0.161542147397995 0.18908520042896271 -0.9685819149017334
vn -0.1015656366944313 0.11886133253574371 -0.98770260810852051
vn -0.040685795247554779 0.047580283135175705 -0.99803847074508667
vn 0.020420696586370468 -0.023965630680322647 -0.9995042085647583
vn 0.081346362829208374 -0.095299325883388519 -0.99211937189102173
vn 0.14168374240398407 -0.16594374179840088 -0.97590386867523193
vn 0.17391686141490936 -0.20368281006813049 -0.96346575021743774
vn 0.20563295483589172 -0.2408163994550705 -0.94853705167770386
vn 0.23677293956279755 -0.27727532386779785 -0.93115895986557007
vn 0.26727774739265442 -0.31299039721488953 -0.91137236356735229
vn 0.29708826541900635 -0.34789243340492249 -0.88921844959259033
vn 0.32614541053771973 -0.38191232085227966 -0.86473822593688965
vn 0.35439017415046692 -0.41498085856437683 -0.83797281980514526
vn 0.38176345825195313 -0.44702890515327454 -0.80896341800689697
vn 0.40813729166984558 -0.47790664434432983 -0.77783620357513428
vn 0.43339419364929199 -0.5074765682220459 -0.7447395920753479
vn 0.45749056339263916 -0.53568750619888306 -0.709747314453125
vn 0.48038271069526672 -0.56248849630355835 -0.67293322086334229
vn 0.50202703475952148 -0.58782827854156494 -0.63437116146087646
vn 0.52237987518310547 -0.61165595054626465 -0.59413492679595947
vn 0.54139769077301025 -0.63392037153244019 -0.55229836702346802
vn 0.55903685092926025 -0.65457051992416382 -0.50893533229827881
vn 0.58769017457962036 -0.6881142258644104 -0.42558079957962036
vn 0.61107069253921509 -0.7154841423034668 -0.3386370837688446
vn 0.6290401816368103 -0.73651844263076782 -0.24869474768638611
vn 0.64146065711975098 -0.75105565786361694 -0.15634447336196899
vn 0.64817595481872559 -0.75891286134719849 -0.06260363757610321
vn 0.64913046360015869 -0.76002520322799683 0.031485788524150848
vn 0.644336998462677 -0.75440746545791626 0.12529641389846802
vn 0.633808434009552 -0.74207496643066406 0.21820083260536194
vn 0.62573182582855225 -0.73261582851409912 0.26783159375190735
vn 0.61603772640228271 -0.72126281261444092 0.31666615605354309
vn 0.60475277900695801 -0.70804733037948608 0.36461353302001953
vn 0.5919036865234375 -0.6930004358291626 0.41158276796340942
vn 0.57751703262329102 -0.67615342140197754 0.45748287439346313
vn 0.56161957979202271 -0.65753751993179321 0.50222289562225342
vn 0.54423797130584717 -0.6371840238571167 0.5457119345664978
vn 0.52539896965026855 -0.61512422561645508 0.58785897493362427
vn 0.50518447160720825 -0.59145402908325195 0.62846702337265015
vn 0.48369085788726807 -0.56628626585006714 0.6673552393913269
vn 0.46096614003181458 -0.5396772027015686 0.70445632934570313
vn 0.43705815076828003 -0.51168286800384521 0.73970323801040649
vn 0.41201487183570862 -0.48235931992530823 0.77302861213684082
vn 0.38588422536849976 -0.45176279544830322 0.80436539649963379
vn 0.35871425271034241 -0.41994950175285339 0.83364653587341309
vn 0.33055281639099121 -0.38697549700737 0.86080473661422729
vn 0.27641931176185608 -0.32359141111373901 0.90492039918899536
vn 0.21995456516742706 -0.25747829675674438 0.94091707468032837
vn 0.161542147397995 -0.18908520042896271 0.9685819149017334
vn 0.1015656366944313 -0.11886133253574371 0.98770260810852051
vn 0.61552393436431885 0.78811818361282349 0
vn 0.61552393436431885 0.78811818361282349 0
vn 0.61552393436431885 0.78811818361282349 0
vn 0.61552393436431885 0.78811818361282349 0
vn 0.61552393436431885 0.78811818361282349 0
vn 0.61552393436431885 0.78811818361282349 0
vn 0.61552393436431885 0.78811818361282349 0
vn 0.61552393436431885 0.78811818361282349 0
vn 0.61552393436431885 0.78811818361282349 0
vn 0.61552393436431885 0.78811818361282349 0
vn 0.61552393436431885 0.78811818361282349 0
vn 0.61552393436431885 0.78811818361282349 0
vn 0.61552393436431885 0.78811818361282349 0
vn 0.61552393436431885 0.78811818361282349 0
vn 0.61552393436431885 0.78811818361282349 0
vn 0.61552393436431885 0.78811818361282349 0
vn 0.61552393436431885 0.78811818361282349 0
vn 0.61552393436431885 0.78811818361282349 0
vn 0.61552393436431885 0.78811818361282349 0
vn 0.61552393436431885 0.78811818361282349 0
vn 0.61552393436431885 0.78811818361282349 0
vn 0.61552393436431885 0.78811818361282349 0
vn 0.61552393436431885 0.78811818361282349 0
vn 0.61552393436431885 0.78811818361282349 0
vn 0.61552393436431885 0.78811818361282349 0
vn 0.61552393436431885 0.78811818361282349 0
vn 0.61552393436431885 0.78811818361282349 0
vn 0.61552393436431885 0.78811818361282349 0
vn 0.61552393436431885 0.78811818361282349 0
vn 0.61552393436431885 0.78811818361282349 0
vn 0.61552393436431885 0.78811818361282349 0
vn 0.61552393436431885 0.78811818361282349 0
vn 0.61552393436431885 0.78811818361282349 0
vn 0.61552393436431885 0.78811818361282349 0
vn 0.61552393436431885 0.78811818361282349 0
vn 0.61552393436431885 0.78811818361282349 0
vn 0.61552393436431885 0.78811818361282349 0
vn 0.61552393436431885 0.78811818361282349 0
vn 0.61552393436431885 0.78811818361282349 0
vn 0.61552393436431885 0.78811818361282349 0
vn 0.61552393436431885 0.78811818361282349 0
vn 0.61552393436431885 0.78811818361282349 0
vn 0.61552393436431885 0.78811818361282349 0
vn 0.61552393436431885 0.78811818361282349 0
vn 0.61552393436431885 0.78811818361282349 0
vn 0.61552393436431885 0.78811818361282349 0
vn 0.61552393436431885 0.78811818361282349 0
vn 0.61552393436431885 0.78811818361282349 0
vn 0.61552393436431885 0.78811818361282349 0
vn 0.61552393436431885 0.78811818361282349 0
vn 0.61552393436431885 0.78811818361282349 0
vn 0.61552393436431885 0.78811818361282349 0
vn 0.61552393436431885 0.78811818361282349 0
vn 0.61552393436431885 0.78811818361282349 0
vn 0.61552393436431885 0.78811818361282349 0
vn 0.61552393436431885 0.78811818361282349 0
vn 0.61552393436431885 0.78811818361282349 0
vn 0.61552393436431885 0.78811818361282349 0
vn 0.61552393436431885 0.78811818361282349 0
vn 0.61552393436431885 0.78811818361282349 0
vn 0.61552393436431885 0.78811818361282349 0
vn 0.61552393436431885 0.78811818361282349 0
vn 0.61552393436431885 0.78811818361282349 0
vn 0.61552393436431885 0.78811818361282349 0
vn 0.61552393436431885 0.78811818361282349 0
vn 0.61552393436431885 0.78811818361282349 0
vn 0.61552393436431885 0.78811818361282349 0
vn 0.61552393436431885 0.78811818361282349 0
vn 0.64466136693954468 0.76446825265884399 0
vn 0.64466136693954468 0.76446825265884399 0
vn 0.64466136693954468 0.76446825265884399 0
vn 0.64466136693954468 0.76446825265884399 0
vn 0.64466136693954468 0.76446825265884399 0
vn 0.64466136693954468 0.76446825265884399 0
vn 0.64466136693954468 0.76446825265884399 0
vn 0.64466136693954468 0.76446825265884399 0
vn 0.64466136693954468 0.76446825265884399 0
vn 0.64466136693954468 0.76446825265884399 0
vn 0.64466136693954468 0.76446825265884399 0
vn 0.64466136693954468 0.76446825265884399 0
vn 0.64466136693954468 0.76446825265884399 0
vn 0.64466136693954468 0.76446825265884399 0
vn 0.64466136693954468 0.76446825265884399 0
vn 0.64466136693954468 0.76446825265884399 0
vn 0.64466136693954468 0.76446825265884399 0
vn 0.64466136693954468 0.76446825265884399 0
vn 0.64466136693954468 0.76446825265884399 0
vn 0.64466136693954468 0.76446825265884399 0
vn 0.64466136693954468 0.76446825265884399 0
vn 0.64466136693954468 0.76446825265884399 0
vn 0.64466136693954468 0.76446825265884399 0
vn 0.64466136693954468 0.76446825265884399 0
vn 0.64466136693954468 0.76446825265884399 0
vn 0.76018828153610229 0.64970284700393677 0
vn 0.76018828153610229 0.64970284700393677 0
vn 0.76018828153610229 0.64970284700393677 0
vn 0.76018828153610229 0.64970284700393677 0
vn 0.76018828153610229 0.64970284700393677 0
vn 0.76018828153610229 0.64970284700393677 0
vn 0.76018828153610229 0.64970284700393677 0
vn 0.76018828153610229 0.64970284700393677 0
vn 0.76018828153610229 0.64970284700393677 0
vn 0.76018828153610229 0.64970284700393677 0
vn 0.76018828153610229 0.64970284700393677 0
vn 0.76018828153610229 0.64970284700393677 0
vn 0.76018828153610229 0.64970284700393677 0
vn 0.76018828153610229 0.64970284700393677 0
vn 0.76018828153610229 0.64970284700393677 0
vn 0.76018828153610229 0.64970284700393677 0
vn 0.76018828153610229 0.64970284700393677 0
vn 0.76018828153610229 0.64970284700393677 0
vn 0.76018828153610229 0.64970284700393677 0
vn 0.76018828153610229 0.64970284700393677 0
vn 0.76018828153610229 0.64970284700393677 0
vn 0.76018828153610229 0.64970284700393677 0
vn 0.76018828153610229 0.64970284700393677 0
vn 0.76018828153610229 0.64970284700393677 0
vn 0.76018828153610229 0.64970284700393677 0
vn 0.76018828153610229 0.64970284700393677 0
vn 0.76018828153610229 0.64970284700393677 0
vn 0.76018828153610229 0.64970284700393677 0
vn 0.76018828153610229 0.64970284700393677 0
vn 0.76018828153610229 0.64970284700393677 0
vn 0.76018828153610229 0.64970284700393677 0
vn 0.76018828153610229 0.64970284700393677 0
vn 0.76018828153610229 0.64970284700393677 0
vn 0.76018828153610229 0.64970284700393677 0
vn 0.76018828153610229 0.64970284700393677 0
vn 0.76018828153610229 0.64970284700393677 0
vn 0.76018828153610229 0.64970284700393677 0
vn 0.76018828153610229 0.64970284700393677 0
vn 0.76018828153610229 0.64970284700393677 0
vn 0.76018828153610229 0.64970284700393677 0
vn 0.76018828153610229 0.64970284700393677 0
vn 0.76018828153610229 0.64970284700393677 0
vn 0.76018828153610229 0.64970284700393677 0
vn 0.76018828153610229 0.64970284700393677 0
vn 0.76018828153610229 0.64970284700393677 0
vn 0.76018828153610229 0.64970284700393677 0
vn 0.76018828153610229 0.64970284700393677 0
vn 0.76018828153610229 0.64970284700393677 0
vn 0.76018828153610229 0.64970284700393677 0
vn 0.76018828153610229 0.64970284700393677 0
vn 0.76018828153610229 0.64970284700393677 0
vn 0.76018828153610229 0.64970284700393677 0
vn 0.76018828153610229 0.64970284700393677 0
vn 0.76018828153610229 0.64970284700393677 0
vn 0.76018828153610229 0.64970284700393677 0
vn 0.76018828153610229 0.64970284700393677 0
vn 0.76018828153610229 0.64970284700393677 0
vn 0.76018828153610229 0.64970284700393677 0
vn 0.76018828153610229 0.64970284700393677 0
vn 0.76018828153610229 0.64970284700393677 0
vn 0.76018828153610229 0.64970284700393677 0
vn 0.76018828153610229 0.64970284700393677 0
vn 0.76018828153610229 0.64970284700393677 0
vn 0.76018828153610229 0.64970284700393677 0
vn 0.76018828153610229 0.64970284700393677 0
vn 0.74699091911315918 0.66483426094055176 0
vn 0.74699091911315918 0.66483426094055176 0
vn 0.74699091911315918 0.66483426094055176 0
vn 0.74699091911315918 0.66483426094055176 0
vn 0.74699091911315918 0.66483426094055176 0
vn 0.74699091911315918 0.66483426094055176 0
vn 0.74699091911315918 0.66483426094055176 0
vn 0.74699091911315918 0.66483426094055176 0
vn 0.74699091911315918 0.66483426094055176 0
vn 0.74699091911315918 0.66483426094055176 0
vn 0.74699091911315918 0.66483426094055176 0
vn 0.74699091911315918 0.66483426094055176 0
vn 0.74699091911315918 0.66483426094055176 0
vn 0.74699091911315918 0.66483426094055176 0
vn 0.74699091911315918 0.66483426094055176 0
vn 0.74699091911315918 0.66483426094055176 0
vn 0.74699091911315918 0.66483426094055176 0
vn 0.74699091911315918 0.66483426094055176 0
vn 0.74699091911315918 0.66483426094055176 0
vn 0.74699091911315918 0.66483426094055176 0
vn 0.74699091911315918 0.66483426094055176 0
vn 0.74699091911315918 0.66483426094055176 0
vn 0.74699091911315918 0.66483426094055176 0
vn 0.74699091911315918 0.66483426094055176 0
vn 0.74699091911315918 0.66483426094055176 0
vn 0.74699091911315918 0.66483426094055176 0
vn 0.0073872515931725502 0 -0.99997270107269287
vn 0.0073872515931725502 0 -0.99997270107269287
vn 0.0073872515931725502 0 -0.99997270107269287
vn 0.0073872515931725502 0 -0.99997270107269287
vn 0.0073872515931725502 0 -0.99997270107269287
vn 0.0073872515931725502 0 -0.99997270107269287
vn 0.0073872515931725502 0 -0.99997270107269287
vn 0.0073872515931725502 0 -0.99997270107269287
vn 0.0073872515931725502 0 -0.99997270107269287
vn 0.0073872515931725502 0 -0.99997270107269287
vn 0.0073872515931725502 0 -0.99997270107269287
vn 0.0073872515931725502 0 -0.99997270107269287
vn 0.0073872515931725502 0 -0.99997270107269287
vn 0.0073872515931725502 0 -0.99997270107269287
vn 0.0073872515931725502 0 -0.99997270107269287
vn 0.0073872515931725502 0 -0.99997270107269287
vn 0.0073872515931725502 0 -0.99997270107269287
vn 0.0073872515931725502 0 -0.99997270107269287
vn 0.0073872515931725502 0 -0.99997270107269287
vn 0.0073872515931725502 0 -0.99997270107269287
vn 0.0073872515931725502 0 -0.99997270107269287
vn 0.0073872515931725502 0 -0.99997270107269287
vn 0.0073872515931725502 0 -0.99997270107269287
vn 0.0073872515931725502 0 -0.99997270107269287
vn 0.0073872515931725502 0 -0.99997270107269287
vn 0.0073872515931725502 0 -0.99997270107269287
vn 0.0073872515931725502 0 -0.99997270107269287
vn 0.0073872515931725502 0 -0.99997270107269287
vn 0.0073872515931725502 0 -0.99997270107269287
vn 0.0073872515931725502 0 -0.99997270107269287
vn 0.0073872515931725502 0 -0.99997270107269287
vn 0.0073872515931725502 0 -0.99997270107269287
vn 0.0073872515931725502 0 -0.99997270107269287
vn 0.0073872515931725502 0 -0.99997270107269287
vn 0.0073872515931725502 0 -0.99997270107269287
vn 0.0073872515931725502 0 -0.99997270107269287
vn 0.0073872515931725502 0 -0.99997270107269287
vn 0.0073872515931725502 0 -0.99997270107269287
vn 0 0 1
vn 0 0 1
vn 0 0 1
vn 0 0 1
vn 0 0 1
vn 0 0 1
vn 0 0 1
vn 0 0 1
vn 0 0 1
vn 0 0 1
vn 0 0 1
vn 0 0 1
vn 0 0 1
vn 0 0 1
vn 0 0 1
vn 0 0 1
vn 0 0 1
vn 0 0 1
vn 0 0 1
vn 0 0 1
vn 0 0 1
vn 0 0 1
vn 0 0 1
vn 0 0 1
vn 0 0 1
vn 0 0 1
vn 0 0 1
vn 0 0 1
vn 0 0 1
vn 0 0 1
vn 0 0 1
vn 0 0 1
vn 0 0 1
vn 0 0 1
vn 0 0 1
vn 0 0 1
vn 0 0 1
vn -0.74994844198226929 0.58492207527160645 0.30893933773040771
vn -0.74994844198226929 0.58492207527160645 0.30893933773040771
vn -0.74994844198226929 0.58492207527160645 0.30893933773040771
vn -0.68958693742752075 0.53785687685012817 0.484953373670578
vn -0.60115832090377808 0.46890059113502502 0.64710193872451782
vn -0.48642194271087646 0.37942484021186829 0.78703904151916504
vn -0.35067692399024963 0.27356180548667908 0.89565038681030273
vn -0.20056767761707306 0.15649329125881195 0.96710002422332764
vn -0.045589733868837357 0.035624798387289047 0.99832481145858765
vn 0.10496537387371063 -0.081796854734420776 0.99110621213912964
vn 0.24364025890827179 -0.18995511531829834 0.95108175277709961
vn 0.38243046402931213 -0.29820582270622253 0.87454003095626831
vn 0.51028615236282349 -0.39793089032173157 0.76240348815917969
vn 0.62062627077102661 -0.48399746417999268 0.61690318584442139
vn 0.70626407861709595 -0.55080008506774902 0.44475877285003662
vn 0.76259809732437134 -0.59474921226501465 0.25439640879631042
vn 0.78721332550048828 -0.6139606237411499 0.057857990264892578
vn 0.78151488304138184 -0.60952937602996826 -0.1330731064081192
vn 0.74994844198226929 -0.58492207527160645 -0.30893933773040771
vn 0.68958693742752075 -0.53785687685012817 -0.484953373670578
vn 0.60115832090377808 -0.46890059113502502 -0.64710193872451782
vn 0.48642194271087646 -0.37942484021186829 -0.78703904151916504
vn 0.35067692399024963 -0.27356180548667908 -0.89565038681030273
vn 0.20056767761707306 -0.15649329125881195 -0.96710002422332764
vn 0.045589733868837357 -0.035624798387289047 -0.99832481145858765
vn -0.10496537387371063 0.081796854734420776 -0.99110621213912964
vn -0.24364025890827179 0.18995511531829834 -0.95108175277709961
vn -0.38243046402931213 0.29820582270622253 -0.87454003095626831
vn -0.51028615236282349 0.39793089032173157 -0.76240348815917969
vn -0.62062627077102661 0.48399746417999268 -0.61690318584442139
vn -0.70626407861709595 0.55080008506774902 -0.44475877285003662
vn -0.76259809732437134 0.59474921226501465 -0.25439640879631042
vn -0.78721332550048828 0.6139606237411499 -0.057857990264892578
vn -0.78151488304138184 0.60952937602996826 0.1330731064081192
vn -0.74994844198226929 0.58492207527160645 0.30893933773040771
vn -0.74994844198226929 0.58492207527160645 0.30893933773040771
vn -0.74994844198226929 0.58492207527160645 0.30893933773040771
vn -0.78176182508468628 0.609721839427948 0.13071997463703156
vn -0.78697597980499268 0.61377519369125366 -0.062839969992637634
vn -0.76102578639984131 0.59352242946624756 -0.26186037063598633
vn -0.70257329940795898 0.54792088270187378 -0.45406323671340942
vn -0.61430490016937256 0.4790666401386261 -0.62699651718139648
vn -0.50258588790893555 0.39192476868629456 -0.77058571577072144
vn -0.37603569030761719 0.29321807622909546 -0.87898826599121094
vn -0.24364025890827179 0.18995511531829834 -0.95108175277709961
vn -0.10310985893011093 0.08034968376159668 -0.99141931533813477
vn 0.049518194049596786 -0.038688670843839645 -0.9980236291885376
vn 0.20645330846309662 -0.16108347475528717 -0.96510577201843262
vn 0.35801395773887634 -0.27928382158279419 -0.89096945524215698
vn 0.49438115954399109 -0.38563185930252075 -0.77902203798294067
vn 0.60761058330535889 -0.47393223643302917 -0.63733631372451782
vn 0.69309478998184204 -0.54059219360351563 -0.4768434464931488
vn 0.74994844198226929 -0.58492207527160645 -0.30893933773040771
vn 0.78176182508468628 -0.609721839427948 -0.13071997463703156
vn 0.78697597980499268 -0.61377519369125366 0.062839969992637634
vn 0.76102578639984131 -0.59352242946624756 0.26186037063598633
vn 0.70257329940795898 -0.54792088270187378 0.45406323671340942
vn 0.61430490016937256 -0.4790666401386261 0.62699651718139648
vn 0.50258588790893555 -0.39192476868629456 0.77058571577072144
vn 0.37603569030761719 -0.29321807622909546 0.87898826599121094
vn 0.24364025890827179 -0.18995511531829834 0.95108175277709961
vn 0.10310985893011093 -0.08034968376159668 0.99141931533813477
vn -0.049518194049596786 0.038688670843839645 0.9980236291885376
vn -0.20645330846309662 0.16108347475528717 0.96510577201843262
vn -0.35801395773887634 0.27928382158279419 0.89096945524215698
vn -0.49438115954399109 0.38563185930252075 0.77902203798294067
vn -0.60761058330535889 0.47393223643302917 0.63733631372451782
vn -0.69309478998184204 0.54059219360351563 0.4768434464931488
vn -0.60115832090377808 0.46890059113502502 0.64710193872451782
vn -0.35067692399024963 0.27356180548667908 0.89565038681030273
vn -0.48642194271087646 0.37942484021186829 0.78703904151916504
vn -0.20056767761707306 0.15649329125881195 0.96710002422332764
vn -0.045589733868837357 0.035624798387289047 0.99832481145858765
vn 0.10496537387371063 -0.081796854734420776 0.99110621213912964
vn 0.24364025890827179 -0.18995511531829834 0.95108175277709961
vn 0.51028615236282349 -0.39793089032173157 0.76240348815917969
vn 0.38243046402931213 -0.29820582270622253 0.87454003095626831
vn 0.62062627077102661 -0.48399746417999268 0.61690318584442139
vn 0.70626407861709595 -0.55080008506774902 0.44475877285003662
vn 0.76259809732437134 -0.59474921226501465 0.25439640879631042
vn 0.78721332550048828 -0.6139606237411499 0.057857990264892578
vn 0.78151488304138184 -0.60952937602996826 -0.1330731064081192
vn 0.74994844198226929 -0.58492207527160645 -0.30893933773040771
vn 0.68958693742752075 -0.53785687685012817 -0.484953373670578
vn 0.60115832090377808 -0.46890059113502502 -0.64710193872451782
vn 0.48642194271087646 -0.37942484021186829 -0.78703904151916504
vn 0.20056767761707306 -0.15649329125881195 -0.96710002422332764
vn 0.35067692399024963 -0.27356180548667908 -0.89565038681030273
vn 0.045589733868837357 -0.035624798387289047 -0.99832481145858765
vn -0.10496537387371063 0.081796854734420776 -0.99110621213912964
vn -0.24364025890827179 0.18995511531829834 -0.95108175277709961
vn -0.38243046402931213 0.29820582270622253 -0.87454003095626831
vn -0.51028615236282349 0.39793089032173157 -0.76240348815917969
vn -0.62062627077102661 0.48399746417999268 -0.61690318584442139
vn -0.70626407861709595 0.55080008506774902 -0.44475877285003662
vn -0.76259809732437134 0.59474921226501465 -0.25439640879631042
vn -0.78721332550048828 0.6139606237411499 -0.057857990264892578
vn -0.78151488304138184 0.60952937602996826 0.1330731064081192
vn -0.61499333381652832 -0.7885323166847229 5.4016436479287222E-05
vn -0.61499333381652832 -0.7885323166847229 5.4016436479287222E-05
vn -0.61499333381652832 -0.7885323166847229 5.4016436479287222E-05
vn -0.61499333381652832 -0.7885323166847229 5.4016436479287222E-05
vn -0.61499333381652832 -0.7885323166847229 5.4016436479287222E-05
vn -0.61499333381652832 -0.7885323166847229 5.4016436479287222E-05
vn -0.61499333381652832 -0.7885323166847229 5.4016436479287222E-05
vn -0.61499333381652832 -0.7885323166847229 5.4016436479287222E-05
vn -0.61499333381652832 -0.7885323166847229 5.4016436479287222E-05
vn -0.61499333381652832 -0.7885323166847229 5.4016436479287222E-05
vn -0.61499333381652832 -0.7885323166847229 5.4016436479287222E-05
vn -0.61499333381652832 -0.7885323166847229 5.4016436479287222E-05
vn -0.61499333381652832 -0.7885323166847229 5.4016436479287222E-05
vn -0.61499333381652832 -0.7885323166847229 5.4016436479287222E-05
vn -0.61499333381652832 -0.7885323166847229 5.4016436479287222E-05
vn -0.61499333381652832 -0.7885323166847229 5.4016436479287222E-05
vn -0.61499333381652832 -0.7885323166847229 5.4016436479287222E-05
vn -0.61499333381652832 -0.7885323166847229 5.4016436479287222E-05
vn -0.61499333381652832 -0.7885323166847229 5.4016436479287222E-05
vn -0.61499333381652832 -0.7885323166847229 5.4016436479287222E-05
vn -0.61499333381652832 -0.7885323166847229 5.4016436479287222E-05
vn -0.61499333381652832 -0.7885323166847229 5.4016436479287222E-05
vn -0.61499333381652832 -0.7885323166847229 5.4016436479287222E-05
vn -0.61499333381652832 -0.7885323166847229 5.4016436479287222E-05
vn -0.61499333381652832 -0.7885323166847229 5.4016436479287222E-05
vn -0.61499333381652832 -0.7885323166847229 5.4016436479287222E-05
vn -0.61499333381652832 -0.7885323166847229 5.4016436479287222E-05
vn -0.61499333381652832 -0.7885323166847229 5.4016436479287222E-05
vn -0.61499333381652832 -0.7885323166847229 5.4016436479287222E-05
vn -0.61499333381652832 -0.7885323166847229 5.4016436479287222E-05
vn -0.61499333381652832 -0.7885323166847229 5.4016436479287222E-05
vn -0.61499333381652832 -0.7885323166847229 5.4016436479287222E-05
vn -0.61499333381652832 -0.7885323166847229 5.4016436479287222E-05
vn -0.61499333381652832 -0.7885323166847229 5.4016436479287222E-05
vn -0.61499333381652832 -0.7885323166847229 5.4016436479287222E-05
vn -0.61499333381652832 -0.7885323166847229 5.4016436479287222E-05
vn -0.61499333381652832 -0.7885323166847229 5.4016436479287222E-05
vn -0.61499333381652832 -0.7885323166847229 5.4016436479287222E-05
vn -0.61499333381652832 -0.7885323166847229 5.4016436479287222E-05
vn -0.61499333381652832 -0.7885323166847229 5.4016436479287222E-05
vn -0.61499333381652832 -0.7885323166847229 5.4016436479287222E-05
vn -0.61499333381652832 -0.7885323166847229 5.4016436479287222E-05
vn -0.61499333381652832 -0.7885323166847229 5.4016436479287222E-05
vn -0.61499333381652832 -0.7885323166847229 5.4016436479287222E-05
vn -0.61499333381652832 -0.7885323166847229 5.4016436479287222E-05
vn -0.61499333381652832 -0.7885323166847229 5.4016436479287222E-05
vn -0.61499333381652832 -0.7885323166847229 5.4016436479287222E-05
vn -0.61499333381652832 -0.7885323166847229 5.4016436479287222E-05
vn -0.61499333381652832 -0.7885323166847229 5.4016436479287222E-05
vn -0.61499333381652832 -0.7885323166847229 5.4016436479287222E-05
vn -0.61499333381652832 -0.7885323166847229 5.4016436479287222E-05
vn -0.61499333381652832 -0.7885323166847229 5.4016436479287222E-05
vn -0.61499333381652832 -0.7885323166847229 5.4016436479287222E-05
vn -0.61499333381652832 -0.7885323166847229 5.4016436479287222E-05
vn -0.61499333381652832 -0.7885323166847229 5.4016436479287222E-05
vn -0.61499333381652832 -0.7885323166847229 5.4016436479287222E-05
vn -0.61499333381652832 -0.7885323166847229 5.4016436479287222E-05
vn -0.61499333381652832 -0.7885323166847229 5.4016436479287222E-05
vn -0.61499333381652832 -0.7885323166847229 5.4016436479287222E-05
vn -0.61499333381652832 -0.7885323166847229 5.4016436479287222E-05
vn -0.61499333381652832 -0.7885323166847229 5.4016436479287222E-05
vn -0.61499333381652832 -0.7885323166847229 5.4016436479287222E-05
vn -0.61499333381652832 -0.7885323166847229 5.4016436479287222E-05
vn -0.61499333381652832 -0.7885323166847229 5.4016436479287222E-05
vn -0.61499333381652832 -0.7885323166847229 5.4016436479287222E-05
vn -0.61499333381652832 -0.7885323166847229 5.4016436479287222E-05
vn -0.61499333381652832 -0.7885323166847229 5.4016436479287222E-05
vn -0.61499333381652832 -0.7885323166847229 5.4016436479287222E-05
vn -0.61499333381652832 -0.7885323166847229 5.4016436479287222E-05
vn -0.61499333381652832 -0.7885323166847229 5.4016436479287222E-05
vn -0.61499333381652832 -0.7885323166847229 5.4016436479287222E-05
vn -0.61499333381652832 -0.7885323166847229 5.4016436479287222E-05
vn -0.61499333381652832 -0.7885323166847229 5.4016436479287222E-05
vn -0.61499333381652832 -0.7885323166847229 5.4016436479287222E-05
vn -0.61499333381652832 -0.7885323166847229 5.4016436479287222E-05
vn -0.61499333381652832 -0.7885323166847229 5.4016436479287222E-05
vn -0.61499333381652832 -0.7885323166847229 5.4016436479287222E-05
vn -0.61499333381652832 -0.7885323166847229 5.4016436479287222E-05
vn -0.61499333381652832 -0.7885323166847229 5.4016436479287222E-05
vn -0.61499333381652832 -0.7885323166847229 5.4016436479287222E-05
vn -0.61499333381652832 -0.7885323166847229 5.4016436479287222E-05
vn -0.61499333381652832 -0.7885323166847229 5.4016436479287222E-05
vn -0.61499333381652832 -0.7885323166847229 5.4016436479287222E-05
vn -0.61499333381652832 -0.7885323166847229 5.4016436479287222E-05
vn -0.61499333381652832 -0.7885323166847229 5.4016436479287222E-05
vn -0.61499333381652832 -0.7885323166847229 5.4016436479287222E-05
vn -0.61499333381652832 -0.7885323166847229 5.4016436479287222E-05
vn -0.61499333381652832 -0.7885323166847229 5.4016436479287222E-05
vn -0.61499333381652832 -0.7885323166847229 5.4016436479287222E-05
vn -0.61499333381652832 -0.7885323166847229 5.4016436479287222E-05
vn -0.61499333381652832 -0.7885323166847229 5.4016436479287222E-05
vn -0.61499333381652832 -0.7885323166847229 5.4016436479287222E-05
vn -0.61499333381652832 -0.7885323166847229 5.4016436479287222E-05
vn -0.61499333381652832 -0.7885323166847229 5.4016436479287222E-05
vn -0.61499333381652832 -0.7885323166847229 5.4016436479287222E-05
vn -0.61499333381652832 -0.7885323166847229 5.4016436479287222E-05
vn -0.61499333381652832 -0.7885323166847229 5.4016436479287222E-05
vn -0.61499333381652832 -0.7885323166847229 5.4016436479287222E-05
vn -0.61499333381652832 -0.7885323166847229 5.4016436479287222E-05
vn -0.61499333381652832 -0.7885323166847229 5.4016436479287222E-05
vn -0.61499333381652832 -0.7885323166847229 5.4016436479287222E-05
vn -0.61499333381652832 -0.7885323166847229 5.4016436479287222E-05
vn -0.61499333381652832 -0.7885323166847229 5.4016436479287222E-05
vn -0.61499333381652832 -0.7885323166847229 5.4016436479287222E-05
vn -0.61499333381652832 -0.7885323166847229 5.4016436479287222E-05
vn -0.61499333381652832 -0.7885323166847229 5.4016436479287222E-05
vn -0.61499333381652832 -0.7885323166847229 5.4016436479287222E-05
vn -0.61499333381652832 -0.7885323166847229 5.4016436479287222E-05
vn -0.61499333381652832 -0.7885323166847229 5.4016436479287222E-05
vn -0.61499333381652832 -0.7885323166847229 5.4016436479287222E-05
vn -0.61499333381652832 -0.7885323166847229 5.4016436479287222E-05
vn -0.61499333381652832 -0.7885323166847229 5.4016436479287222E-05
vn -0.61499333381652832 -0.7885323166847229 5.4016436479287222E-05
vn -0.61499333381652832 -0.7885323166847229 5.4016436479287222E-05
vn -0.61499333381652832 -0.7885323166847229 5.4016436479287222E-05
vn -0.61499333381652832 -0.7885323166847229 5.4016436479287222E-05
vn -0.61499333381652832 -0.7885323166847229 5.4016436479287222E-05
vn -0.61499333381652832 -0.7885323166847229 5.4016436479287222E-05
vn -0.61499333381652832 -0.7885323166847229 5.4016436479287222E-05
vn -0.61499333381652832 -0.7885323166847229 5.4016436479287222E-05
vn -0.61499333381652832 -0.7885323166847229 5.4016436479287222E-05
vn -0.61499333381652832 -0.7885323166847229 5.4016436479287222E-05
vn -0.61499333381652832 -0.7885323166847229 5.4016436479287222E-05
vn -0.61499333381652832 -0.7885323166847229 5.4016436479287222E-05
vn -0.61499333381652832 -0.7885323166847229 5.4016436479287222E-05
vn -0.61499333381652832 -0.7885323166847229 5.4016436479287222E-05
vn -0.61499333381652832 -0.7885323166847229 5.4016436479287222E-05
vn -0.61499333381652832 -0.7885323166847229 5.4016436479287222E-05
vn -0.61499333381652832 -0.7885323166847229 5.4016436479287222E-05
vn -0.61499333381652832 -0.7885323166847229 5.4016436479287222E-05
vn -0.61499333381652832 -0.7885323166847229 5.4016436479287222E-05
vn -0.61499333381652832 -0.7885323166847229 5.4016436479287222E-05
vn -0.61499333381652832 -0.7885323166847229 5.4016436479287222E-05
vn -0.61499333381652832 -0.7885323166847229 5.4016436479287222E-05
vn -0.61499333381652832 -0.7885323166847229 5.4016436479287222E-05
vn -0.61499333381652832 -0.7885323166847229 5.4016436479287222E-05
vn -0.61499333381652832 -0.7885323166847229 5.4016436479287222E-05
vn -0.61499333381652832 -0.7885323166847229 5.4016436479287222E-05
vn -0.61499333381652832 -0.7885323166847229 5.4016436479287222E-05
vn -0.61499333381652832 -0.7885323166847229 5.4016436479287222E-05
vn -0.61499333381652832 -0.7885323166847229 5.4016436479287222E-05
vn -0.61499333381652832 -0.7885323166847229 5.4016436479287222E-05
vn -0.61499333381652832 -0.7885323166847229 5.4016436479287222E-05
vn -0.61499333381652832 -0.7885323166847229 5.4016436479287222E-05
vn -0.61499333381652832 -0.7885323166847229 5.4016436479287222E-05
vn -0.61499333381652832 -0.7885323166847229 5.4016436479287222E-05
vn -0.61499333381652832 -0.7885323166847229 5.4016436479287222E-05
vn -0.61499333381652832 -0.7885323166847229 5.4016436479287222E-05
vn -0.61499333381652832 -0.7885323166847229 5.4016436479287222E-05
vn -0.61499333381652832 -0.7885323166847229 5.4016436479287222E-05
vn -0.61499333381652832 -0.7885323166847229 5.4016436479287222E-05
vn -0.61499333381652832 -0.7885323166847229 5.4016436479287222E-05
vn -0.61499333381652832 -0.7885323166847229 5.4016436479287222E-05
vn -0.61499333381652832 -0.7885323166847229 5.4016436479287222E-05
vn -0.61499333381652832 -0.7885323166847229 5.4016436479287222E-05
vn -0.61499333381652832 -0.7885323166847229 5.4016436479287222E-05
vn -0.61499333381652832 -0.7885323166847229 5.4016436479287222E-05
vn -0.61499333381652832 -0.7885323166847229 5.4016436479287222E-05
vn -0.61499333381652832 -0.7885323166847229 5.4016436479287222E-05
vn -0.61499333381652832 -0.7885323166847229 5.4016436479287222E-05
vn -0.61499333381652832 -0.7885323166847229 5.4016436479287222E-05
vn -0.61499333381652832 -0.7885323166847229 5.4016436479287222E-05
vn -0.61499333381652832 -0.7885323166847229 5.4016436479287222E-05
vn -0.61499333381652832 -0.7885323166847229 5.4016436479287222E-05
vn -0.61499333381652832 -0.7885323166847229 5.4016436479287222E-05
vn -0.61499333381652832 -0.7885323166847229 5.4016436479287222E-05
vn -0.61499333381652832 -0.7885323166847229 5.4016436479287222E-05
vn -0.61499333381652832 -0.7885323166847229 5.4016436479287222E-05
vn -0.61499333381652832 -0.7885323166847229 5.4016436479287222E-05
vn -0.61499333381652832 -0.7885323166847229 5.4016436479287222E-05
vn -0.61499333381652832 -0.7885323166847229 5.4016436479287222E-05
vn -0.61499333381652832 -0.7885323166847229 5.4016436479287222E-05
vn -0.61499333381652832 -0.7885323166847229 5.4016436479287222E-05
vn -0.61499333381652832 -0.7885323166847229 5.4016436479287222E-05
vn -0.61499333381652832 -0.7885323166847229 5.4016436479287222E-05
vn -0.40376076102256775 0.31484284996986389 -0.85898268222808838
vn -0.40376076102256775 0.31484284996986389 -0.85898268222808838
vn -0.40376076102256775 0.31484284996986389 -0.85898268222808838
vn -0.52574282884597778 0.40998709201812744 -0.74532210826873779
vn -0.63083696365356445 0.49196219444274902 -0.60001492500305176
vn -0.7130092978477478 0.55606198310852051 -0.42709809541702271
vn -0.76642894744873047 0.59773832559585571 -0.23515012860298157
vn -0.78808599710464478 0.6146429181098938 -0.033682741224765778
vn -0.77773451805114746 0.60658317804336548 0.16488148272037506
vn -0.7388077974319458 0.57623600959777832 0.34944978356361389
vn -0.67730247974395752 0.52827781438827515 0.5120389461517334
vn -0.67730247974395752 0.52827781438827515 0.5120389461517334
vn -0.5876879096031189 0.45839610695838928 0.66670531034469604
vn -0.47314229607582092 0.36906862258911133 0.7999529242515564
vn -0.33682358264923096 0.26275789737701416 0.90416157245635986
vn -0.18548643589019775 0.14473143219947815 0.97192984819412231
vn -0.026628870517015457 0.020836891606450081 0.99942821264266968
vn 0.12995555996894836 -0.10128756612539291 0.98633277416229248
vn 0.27551564574241638 -0.2148163765668869 0.93698722124099731
vn 0.40376076102256775 -0.31484284996986389 0.85898268222808838
vn 0.40376076102256775 -0.31484284996986389 0.85898268222808838
vn 0.52574282884597778 -0.40998709201812744 0.74532210826873779
vn 0.63083696365356445 -0.49196219444274902 0.60001492500305176
vn 0.7130092978477478 -0.55606198310852051 0.42709809541702271
vn 0.76642894744873047 -0.59773832559585571 0.23515012860298157
vn 0.78808599710464478 -0.6146429181098938 0.033682741224765778
vn 0.77773451805114746 -0.60658317804336548 -0.16488148272037506
vn 0.7388077974319458 -0.57623600959777832 -0.34944978356361389
vn 0.67730247974395752 -0.52827781438827515 -0.5120389461517334
vn 0.5876879096031189 -0.45839610695838928 -0.66670531034469604
vn 0.47314229607582092 -0.36906862258911133 -0.7999529242515564
vn 0.33682358264923096 -0.26275789737701416 -0.90416157245635986
vn 0.18548643589019775 -0.14473143219947815 -0.97192984819412231
vn 0.026628870517015457 -0.020836891606450081 -0.99942821264266968
vn -0.12995555996894836 0.10128756612539291 -0.98633277416229248
vn -0.27551564574241638 0.2148163765668869 -0.93698722124099731
vn -0.40376076102256775 0.31484284996986389 -0.85898268222808838
vn -0.40376076102256775 0.31484284996986389 -0.85898268222808838
vn -0.52027815580368042 0.40572461485862732 -0.75146400928497314
vn -0.62474799156188965 0.48721259832382202 -0.61017525196075439
vn -0.70860081911087036 0.55262291431427002 -0.43874004483222961
vn -0.76445180177688599 0.59619557857513428 -0.24528414011001587
vn -0.7878568172454834 0.61446362733840942 -0.041425757110118866
vn -0.77837657928466797 0.60708355903625488 0.15993581712245941
vn -0.73946523666381836 0.57674860954284668 0.34720632433891296
vn -0.59253042936325073 0.46217238903045654 0.65977603197097778
vn -0.48113986849784851 0.37530559301376343 0.79224371910095215
vn -0.34598243236541748 0.26990067958831787 0.8985821008682251
vn -0.19345639646053314 0.1509472131729126 0.96942746639251709
vn -0.032714966684579849 0.025583548471331596 0.99913722276687622
vn 0.12607301771640778 -0.098259434103965759 0.98714268207550049
vn 0.27376130223274231 -0.21344807744026184 0.93781375885009766
vn 0.52027815580368042 -0.40572461485862732 0.75146400928497314
vn 0.62474799156188965 -0.48721259832382202 0.61017525196075439
vn 0.70860081911087036 -0.55262291431427002 0.43874004483222961
vn 0.76445180177688599 -0.59619557857513428 0.24528414011001587
vn 0.7878568172454834 -0.61446362733840942 0.041425757110118866
vn 0.77837657928466797 -0.60708355903625488 -0.15993581712245941
vn 0.73946523666381836 -0.57674860954284668 -0.34720632433891296
vn 0.67730247974395752 -0.52827781438827515 -0.5120389461517334
vn 0.59253042936325073 -0.46217238903045654 -0.65977603197097778
vn 0.48113986849784851 -0.37530559301376343 -0.79224371910095215
vn 0.34598243236541748 -0.26990067958831787 -0.8985821008682251
vn 0.19345639646053314 -0.1509472131729126 -0.96942746639251709
vn 0.032714966684579849 -0.025583548471331596 -0.99913722276687622
vn -0.12607301771640778 0.098259434103965759 -0.98714268207550049
vn -0.27376130223274231 0.21344807744026184 -0.93781375885009766
vn -0.40376076102256775 0.31484284996986389 -0.85898268222808838
vn -0.63083696365356445 0.49196219444274902 -0.60001492500305176
vn -0.76642894744873047 0.59773832559585571 -0.23515012860298157
vn -0.7130092978477478 0.55606198310852051 -0.42709809541702271
vn -0.78808599710464478 0.6146429181098938 -0.033682741224765778
vn -0.77773451805114746 0.60658317804336548 0.16488148272037506
vn -0.67730247974395752 0.52827781438827515 0.5120389461517334
vn -0.7388077974319458 0.57623600959777832 0.34944978356361389
vn -0.47314229607582092 0.36906862258911133 0.7999529242515564
vn -0.5876879096031189 0.45839610695838928 0.66670531034469604
vn -0.33682358264923096 0.26275789737701416 0.90416157245635986
vn -0.18548643589019775 0.14473143219947815 0.97192984819412231
vn -0.026628870517015457 0.020836891606450081 0.99942821264266968
vn 0.12995555996894836 -0.10128756612539291 0.98633277416229248
vn 0.27551564574241638 -0.2148163765668869 0.93698722124099731
vn 0.40376076102256775 -0.31484284996986389 0.85898268222808838
vn 0.52574282884597778 -0.40998709201812744 0.74532210826873779
vn 0.63083696365356445 -0.49196219444274902 0.60001492500305176
vn 0.7130092978477478 -0.55606198310852051 0.42709809541702271
vn 0.78808599710464478 -0.6146429181098938 0.033682741224765778
vn 0.76642894744873047 -0.59773832559585571 0.23515012860298157
vn 0.77773451805114746 -0.60658317804336548 -0.16488148272037506
vn 0.7388077974319458 -0.57623600959777832 -0.34944978356361389
vn 0.67730247974395752 -0.52827781438827515 -0.5120389461517334
vn 0.5876879096031189 -0.45839610695838928 -0.66670531034469604
vn 0.47314229607582092 -0.36906862258911133 -0.7999529242515564
vn 0.33682358264923096 -0.26275789737701416 -0.90416157245635986
vn 0.18548643589019775 -0.14473143219947815 -0.97192984819412231
vn 0.026628870517015457 -0.020836891606450081 -0.99942821264266968
vn -0.12995555996894836 0.10128756612539291 -0.98633277416229248
vn -0.27551564574241638 0.2148163765668869 -0.93698722124099731
vn -0.68290460109710693 0.53264623880386353 0.499929279088974
vn -0.68290460109710693 0.53264623880386353 0.499929279088974
vn -0.74564522504806519 0.58156704902648926 0.32525831460952759
vn -0.78147822618484497 0.60950082540512085 0.13341864943504333
vn -0.78669071197509766 0.61355233192443848 -0.068346455693244934
vn -0.75948840379714966 0.59232288599014282 -0.26894420385360718
vn -0.70089823007583618 0.54661422967910767 -0.45820799469947815
vn -0.61548000574111938 0.47998327016830444 -0.62514030933380127
vn -0.51049572229385376 0.39809435606002808 -0.76217782497406006
vn -0.39423918724060059 0.30741629004478455 -0.86606621742248535
vn -0.25650811195373535 0.19999141991138458 -0.9456251859664917
vn -0.10523784160614014 0.082009360194206238 -0.99105978012084961
vn 0.053860247135162354 -0.042075105011463165 -0.99766165018081665
vn 0.21203920245170593 -0.1654399037361145 -0.96315574645996094
vn 0.36128228902816772 -0.28183272480964661 -0.88884496688842773
vn 0.49291738867759705 -0.38449034094810486 -0.78051239252090454
vn 0.60098034143447876 -0.46876183152198792 -0.64736771583557129
vn 0.68290460109710693 -0.53264623880386353 -0.499929279088974
vn 0.74564522504806519 -0.58156704902648926 -0.32525831460952759
vn 0.78147822618484497 -0.60950082540512085 -0.13341864943504333
vn 0.78669071197509766 -0.61355233192443848 0.068346455693244934
vn 0.75948840379714966 -0.59232288599014282 0.26894420385360718
vn 0.70089823007583618 -0.54661422967910767 0.45820799469947815
vn 0.61548000574111938 -0.47998327016830444 0.62514030933380127
vn 0.51049572229385376 -0.39809435606002808 0.76217782497406006
vn 0.39423918724060059 -0.30741629004478455 0.86606621742248535
vn 0.25650811195373535 -0.19999141991138458 0.9456251859664917
vn 0.10523784160614014 -0.082009360194206238 0.99105978012084961
vn -0.053860247135162354 0.042075105011463165 0.99766165018081665
vn -0.21203920245170593 0.1654399037361145 0.96315574645996094
vn -0.36128228902816772 0.28183272480964661 0.88884496688842773
vn -0.49291738867759705 0.38449034094810486 0.78051239252090454
vn -0.60098034143447876 0.46876183152198792 0.64736771583557129
vn -0.68290460109710693 0.53264623880386353 0.499929279088974
vn -0.68290460109710693 0.53264623880386353 0.499929279088974
vn -0.68290460109710693 0.53264623880386353 0.499929279088974
vn -0.68290460109710693 0.53264623880386353 0.499929279088974
vn -0.74324071407318115 0.5796923041343689 0.33399111032485962
vn -0.78007405996322632 0.60840654373168945 0.14603400230407715
vn -0.7873196005821228 0.6140437126159668 -0.055481314659118652
vn -0.76165568828582764 0.59401386976242065 -0.25889790058135986
vn -0.70366847515106201 0.54877525568008423 -0.45132735371589661
vn -0.61793255805969238 0.48189631104469299 -0.62123692035675049
vn -0.51192092895507813 0.3992060124874115 -0.76063889265060425
vn -0.39423918724060059 0.30741629004478455 -0.86606621742248535
vn -0.26339408755302429 0.20536214113235474 -0.94257622957229614
vn -0.11518540233373642 0.089767798781394958 -0.98927956819534302
vn 0.043715640902519226 -0.034163165837526321 -0.99845969676971436
vn 0.20411728322505951 -0.15926162898540497 -0.96590471267700195
vn 0.35585656762123108 -0.27760130167007446 -0.89235848188400269
vn 0.48983937501907349 -0.38208991289138794 -0.78362280130386353
vn 0.59976679086685181 -0.46781548857688904 -0.64917522668838501
vn 0.68290460109710693 -0.53264623880386353 -0.499929279088974
vn 0.74324071407318115 -0.5796923041343689 -0.33399111032485962
vn 0.78007405996322632 -0.60840654373168945 -0.14603400230407715
vn 0.7873196005821228 -0.6140437126159668 0.055481314659118652
vn 0.76165568828582764 -0.59401386976242065 0.25889790058135986
vn 0.70366847515106201 -0.54877525568008423 0.45132735371589661
vn 0.61793255805969238 -0.48189631104469299 0.62123692035675049
vn 0.51192092895507813 -0.3992060124874115 0.76063889265060425
vn 0.39423918724060059 -0.30741629004478455 0.86606621742248535
vn 0.26339408755302429 -0.20536214113235474 0.94257622957229614
vn 0.11518540233373642 -0.089767798781394958 0.98927956819534302
vn -0.043715640902519226 0.034163165837526321 0.99845969676971436
vn -0.20411728322505951 0.15926162898540497 0.96590471267700195
vn -0.35585656762123108 0.27760130167007446 0.89235848188400269
vn -0.48983937501907349 0.38208991289138794 0.78362280130386353
vn -0.59976679086685181 0.46781548857688904 0.64917522668838501
vn -0.78147822618484497 0.60950082540512085 0.13341864943504333
vn -0.75948840379714966 0.59232288599014282 -0.26894420385360718
vn -0.78669071197509766 0.61355233192443848 -0.068346455693244934
vn -0.70089823007583618 0.54661422967910767 -0.45820799469947815
vn -0.61548000574111938 0.47998327016830444 -0.62514030933380127
vn -0.39423918724060059 0.30741629004478455 -0.86606621742248535
vn -0.51049572229385376 0.39809435606002808 -0.76217782497406006
vn -0.25650811195373535 0.19999141991138458 -0.9456251859664917
vn -0.10523784160614014 0.082009360194206238 -0.99105978012084961
vn 0.053860247135162354 -0.042075105011463165 -0.99766165018081665
vn 0.36128228902816772 -0.28183272480964661 -0.88884496688842773
vn 0.21203920245170593 -0.1654399037361145 -0.96315574645996094
vn 0.49291738867759705 -0.38449034094810486 -0.78051239252090454
vn 0.60098034143447876 -0.46876183152198792 -0.64736771583557129
vn 0.68290460109710693 -0.53264623880386353 -0.499929279088974
vn 0.74564522504806519 -0.58156704902648926 -0.32525831460952759
vn 0.78147822618484497 -0.60950082540512085 -0.13341864943504333
vn 0.75948840379714966 -0.59232288599014282 0.26894420385360718
vn 0.78669071197509766 -0.61355233192443848 0.068346455693244934
vn 0.70089823007583618 -0.54661422967910767 0.45820799469947815
vn 0.61548000574111938 -0.47998327016830444 0.62514030933380127
vn 0.39423918724060059 -0.30741629004478455 0.86606621742248535
vn 0.51049572229385376 -0.39809435606002808 0.76217782497406006
vn 0.10523784160614014 -0.082009360194206238 0.99105978012084961
vn 0.25650811195373535 -0.19999141991138458 0.9456251859664917
vn -0.053860247135162354 0.042075105011463165 0.99766165018081665
vn -0.21203920245170593 0.1654399037361145 0.96315574645996094
vn -0.36128228902816772 0.28183272480964661 0.88884496688842773
vn -0.49291738867759705 0.38449034094810486 0.78051239252090454
vn -0.60098034143447876 0.46876183152198792 0.64736771583557129
vn 0.59331625699996948 -0.69470036029815674 -0.40665367245674133
vn 0.59331625699996948 -0.69470036029815674 -0.40665367245674133
vn 0.53192579746246338 -0.62283152341842651 -0.5737035870552063
vn 0.44848662614822388 -0.52514612674713135 -0.7232435941696167
vn 0.34500634670257568 -0.40399444103240967 -0.84720665216445923
vn 0.22644416987895966 -0.26518234610557556 -0.93723070621490479
vn 0.098638743162155151 -0.11554570496082306 -0.9883924126625061
vn -0.030424175783991814 0.035565536469221115 -0.99890410900115967
vn -0.15325476229190826 0.1793818473815918 -0.97176909446716309
vn -0.26412728428840637 0.30919894576072693 -0.91358238458633423
vn -0.37261548638343811 0.43622642755508423 -0.81906300783157349
vn -0.4697309136390686 0.54994016885757446 -0.69059300422668457
vn -0.55023449659347534 0.64420580863952637 -0.53126347064971924
vn -0.60869568586349487 0.71266466379165649 -0.34870994091033936
vn -0.64191728830337524 0.75157290697097778 -0.15192237496376038
vn -0.6487385630607605 0.75957071781158447 0.046803168952465057
vn -0.63111042976379395 0.73894166946411133 0.23593403398990631
vn -0.59331625699996948 0.69470036029815674 0.40665367245674133
vn -0.53192579746246338 0.62283152341842651 0.5737035870552063
vn -0.44848662614822388 0.52514612674713135 0.7232435941696167
vn -0.34500634670257568 0.40399444103240967 0.84720665216445923
vn -0.22644416987895966 0.26518234610557556 0.93723070621490479
vn -0.098638743162155151 0.11554570496082306 0.9883924126625061
vn 0.030424175783991814 -0.035565536469221115 0.99890410900115967
vn 0.15325476229190826 -0.1793818473815918 0.97176909446716309
vn 0.26412728428840637 -0.30919894576072693 0.91358238458633423
vn 0.37261548638343811 -0.43622642755508423 0.81906300783157349
vn 0.4697309136390686 -0.54994016885757446 0.69059300422668457
vn 0.55023449659347534 -0.64420580863952637 0.53126347064971924
vn 0.60869568586349487 -0.71266466379165649 0.34870994091033936
vn 0.64191728830337524 -0.75157290697097778 0.15192237496376038
vn 0.6487385630607605 -0.75957071781158447 -0.046803168952465057
vn 0.63111042976379395 -0.73894166946411133 -0.23593403398990631
vn 0.59331625699996948 -0.69470036029815674 -0.40665367245674133
vn 0.59331625699996948 -0.69470036029815674 -0.40665367245674133
vn 0.59331625699996948 -0.69470036029815674 -0.40665367245674133
vn 0.59331625699996948 -0.69470036029815674 -0.40665367245674133
vn 0.63147246837615967 -0.73936539888381958 -0.23362651467323303
vn 0.64888232946395874 -0.75973880290985107 -0.041816994547843933
vn 0.6411360502243042 -0.75065779685974121 0.1595538854598999
vn 0.6063041090965271 -0.70986402034759521 0.35845273733139038
vn 0.54574179649353027 -0.63894498348236084 0.54213947057723999
vn 0.46397903561592102 -0.54320508241653442 0.69975113868713379
vn 0.3676794171333313 -0.4304468035697937 0.82433450222015381
vn 0.26412728428840637 -0.30919894576072693 0.91358238458633423
vn 0.15175615251064301 -0.17762719094753265 0.97232639789581299
vn 0.027185901999473572 -0.031774029135704041 0.99912530183792114
vn -0.103595070540905 0.12134869396686554 0.98718923330307007
vn -0.23277172446250916 0.27259066700935364 0.93354785442352295
vn -0.35207000374794006 0.41226443648338318 0.84028851985931396
vn -0.45443463325500488 0.53210979700088501 0.7143867015838623
vn -0.53534960746765137 0.62683981657028198 0.56610298156738281
vn -0.59331625699996948 0.69470036029815674 0.40665367245674133
vn -0.63147246837615967 0.73936539888381958 0.23362651467323303
vn -0.64888232946395874 0.75973880290985107 0.041816994547843933
vn -0.6411360502243042 0.75065779685974121 -0.1595538854598999
vn -0.6063041090965271 0.70986402034759521 -0.35845273733139038
vn -0.54574179649353027 0.63894498348236084 -0.54213947057723999
vn -0.46397903561592102 0.54320508241653442 -0.69975113868713379
vn -0.3676794171333313 0.4304468035697937 -0.82433450222015381
vn -0.26412728428840637 0.30919894576072693 -0.91358238458633423
vn -0.15175615251064301 0.17762719094753265 -0.97232639789581299
vn -0.027185901999473572 0.031774029135704041 -0.99912530183792114
vn 0.103595070540905 -0.12134869396686554 -0.98718923330307007
vn 0.23277172446250916 -0.27259066700935364 -0.93354785442352295
vn 0.35207000374794006 -0.41226443648338318 -0.84028851985931396
vn 0.45443463325500488 -0.53210979700088501 -0.7143867015838623
vn 0.53534960746765137 -0.62683981657028198 -0.56610298156738281
vn -0.76040291786193848 -0.6494516134262085 3.6577599530573934E-05
vn -0.76040291786193848 -0.6494516134262085 3.6577599530573934E-05
vn -0.76040291786193848 -0.6494516134262085 3.6577599530573934E-05
vn -0.76040291786193848 -0.6494516134262085 3.6577599530573934E-05
vn -0.76040291786193848 -0.6494516134262085 3.6577599530573934E-05
vn -0.76040291786193848 -0.6494516134262085 3.6577599530573934E-05
vn -0.76040291786193848 -0.6494516134262085 3.6577599530573934E-05
vn -0.76040291786193848 -0.6494516134262085 3.6577599530573934E-05
vn -0.76040291786193848 -0.6494516134262085 3.6577599530573934E-05
vn -0.76040291786193848 -0.6494516134262085 3.6577599530573934E-05
vn -0.76040291786193848 -0.6494516134262085 3.6577599530573934E-05
vn -0.76040291786193848 -0.6494516134262085 3.6577599530573934E-05
vn -0.76040291786193848 -0.6494516134262085 3.6577599530573934E-05
vn -0.76040291786193848 -0.6494516134262085 3.6577599530573934E-05
vn -0.76040291786193848 -0.6494516134262085 3.6577599530573934E-05
vn -0.76040291786193848 -0.6494516134262085 3.6577599530573934E-05
vn -0.76040291786193848 -0.6494516134262085 3.6577599530573934E-05
vn -0.76040291786193848 -0.6494516134262085 3.6577599530573934E-05
vn -0.76040291786193848 -0.6494516134262085 3.6577599530573934E-05
vn -0.76040291786193848 -0.6494516134262085 3.6577599530573934E-05
vn -0.76040291786193848 -0.6494516134262085 3.6577599530573934E-05
vn -0.76040291786193848 -0.6494516134262085 3.6577599530573934E-05
vn -0.76040291786193848 -0.6494516134262085 3.6577599530573934E-05
vn -0.76040291786193848 -0.6494516134262085 3.6577599530573934E-05
vn -0.76040291786193848 -0.6494516134262085 3.6577599530573934E-05
vn -0.76040291786193848 -0.6494516134262085 3.6577599530573934E-05
vn -0.76040291786193848 -0.6494516134262085 3.6577599530573934E-05
vn -0.76040291786193848 -0.6494516134262085 3.6577599530573934E-05
vn -0.76040291786193848 -0.6494516134262085 3.6577599530573934E-05
vn -0.76040291786193848 -0.6494516134262085 3.6577599530573934E-05
vn -0.76040291786193848 -0.6494516134262085 3.6577599530573934E-05
vn -0.76040291786193848 -0.6494516134262085 3.6577599530573934E-05
vn -0.76040291786193848 -0.6494516134262085 3.6577599530573934E-05
vn -0.76040291786193848 -0.6494516134262085 3.6577599530573934E-05
vn -0.76040291786193848 -0.6494516134262085 3.6577599530573934E-05
vn -0.76040291786193848 -0.6494516134262085 3.6577599530573934E-05
vn -0.76040291786193848 -0.6494516134262085 3.6577599530573934E-05
vn -0.76040291786193848 -0.6494516134262085 3.6577599530573934E-05
vn -0.76040291786193848 -0.6494516134262085 3.6577599530573934E-05
vn -0.76040291786193848 -0.6494516134262085 3.6577599530573934E-05
vn -0.76040291786193848 -0.6494516134262085 3.6577599530573934E-05
vn -0.76040291786193848 -0.6494516134262085 3.6577599530573934E-05
vn -0.76040291786193848 -0.6494516134262085 3.6577599530573934E-05
vn -0.76040291786193848 -0.6494516134262085 3.6577599530573934E-05
vn -0.76040291786193848 -0.6494516134262085 3.6577599530573934E-05
vn -0.76040291786193848 -0.6494516134262085 3.6577599530573934E-05
vn -0.76040291786193848 -0.6494516134262085 3.6577599530573934E-05
vn -0.76040291786193848 -0.6494516134262085 3.6577599530573934E-05
vn -0.76040291786193848 -0.6494516134262085 3.6577599530573934E-05
vn -0.76040291786193848 -0.6494516134262085 3.6577599530573934E-05
vn -0.76040291786193848 -0.6494516134262085 3.6577599530573934E-05
vn -0.76040291786193848 -0.6494516134262085 3.6577599530573934E-05
vn -0.76040291786193848 -0.6494516134262085 3.6577599530573934E-05
vn -0.76040291786193848 -0.6494516134262085 3.6577599530573934E-05
vn -0.76040291786193848 -0.6494516134262085 3.6577599530573934E-05
vn -0.76040291786193848 -0.6494516134262085 3.6577599530573934E-05
vn -0.76040291786193848 -0.6494516134262085 3.6577599530573934E-05
vn -0.76040291786193848 -0.6494516134262085 3.6577599530573934E-05
vn -0.76040291786193848 -0.6494516134262085 3.6577599530573934E-05
vn -0.76040291786193848 -0.6494516134262085 3.6577599530573934E-05
vn -0.76040291786193848 -0.6494516134262085 3.6577599530573934E-05
vn -0.76040291786193848 -0.6494516134262085 3.6577599530573934E-05
vn -0.76040291786193848 -0.6494516134262085 3.6577599530573934E-05
vn -0.76040291786193848 -0.6494516134262085 3.6577599530573934E-05
vn -0.76040291786193848 -0.6494516134262085 3.6577599530573934E-05
vn -0.76040291786193848 -0.6494516134262085 3.6577599530573934E-05
vn -0.76040291786193848 -0.6494516134262085 3.6577599530573934E-05
vn -0.76040291786193848 -0.6494516134262085 3.6577599530573934E-05
vn -0.76040291786193848 -0.6494516134262085 3.6577599530573934E-05
vn -0.76040291786193848 -0.6494516134262085 3.6577599530573934E-05
vn -0.76040291786193848 -0.6494516134262085 3.6577599530573934E-05
vn -0.76040291786193848 -0.6494516134262085 3.6577599530573934E-05
vn -0.76040291786193848 -0.6494516134262085 3.6577599530573934E-05
vn -0.76040291786193848 -0.6494516134262085 3.6577599530573934E-05
vn -0.76040291786193848 -0.6494516134262085 3.6577599530573934E-05
vn -0.76040291786193848 -0.6494516134262085 3.6577599530573934E-05
vn -0.76040291786193848 -0.6494516134262085 3.6577599530573934E-05
vn -0.76040291786193848 -0.6494516134262085 3.6577599530573934E-05
vn -0.76040291786193848 -0.6494516134262085 3.6577599530573934E-05
vn -0.76040291786193848 -0.6494516134262085 3.6577599530573934E-05
vn -0.76040291786193848 -0.6494516134262085 3.6577599530573934E-05
vn -0.76040291786193848 -0.6494516134262085 3.6577599530573934E-05
vn -0.76040291786193848 -0.6494516134262085 3.6577599530573934E-05
vn -0.76040291786193848 -0.6494516134262085 3.6577599530573934E-05
vn -0.76040291786193848 -0.6494516134262085 3.6577599530573934E-05
vn -0.76040291786193848 -0.6494516134262085 3.6577599530573934E-05
vn -0.76040291786193848 -0.6494516134262085 3.6577599530573934E-05
vn -0.76040291786193848 -0.6494516134262085 3.6577599530573934E-05
vn -0.76040291786193848 -0.6494516134262085 3.6577599530573934E-05
vn -0.76040291786193848 -0.6494516134262085 3.6577599530573934E-05
vn -0.76040291786193848 -0.6494516134262085 3.6577599530573934E-05
vn -0.76040291786193848 -0.6494516134262085 3.6577599530573934E-05
vn -0.76040291786193848 -0.6494516134262085 3.6577599530573934E-05
vn -0.76040291786193848 -0.6494516134262085 3.6577599530573934E-05
vn -0.76040291786193848 -0.6494516134262085 3.6577599530573934E-05
vn -0.76040291786193848 -0.6494516134262085 3.6577599530573934E-05
vn -0.76040291786193848 -0.6494516134262085 3.6577599530573934E-05
vn -0.76040291786193848 -0.6494516134262085 3.6577599530573934E-05
vn -0.76040291786193848 -0.6494516134262085 3.6577599530573934E-05
vn -0.76040291786193848 -0.6494516134262085 3.6577599530573934E-05
vn -0.76040291786193848 -0.6494516134262085 3.6577599530573934E-05
vn -0.76040291786193848 -0.6494516134262085 3.6577599530573934E-05
vn -0.76040291786193848 -0.6494516134262085 3.6577599530573934E-05
vn -0.76040291786193848 -0.6494516134262085 3.6577599530573934E-05
vn -0.76040291786193848 -0.6494516134262085 3.6577599530573934E-05
vn -0.76040291786193848 -0.6494516134262085 3.6577599530573934E-05
vn -0.76040291786193848 -0.6494516134262085 3.6577599530573934E-05
vn -0.76040291786193848 -0.6494516134262085 3.6577599530573934E-05
vn -0.76040291786193848 -0.6494516134262085 3.6577599530573934E-05
vn -0.76040291786193848 -0.6494516134262085 3.6577599530573934E-05
vn -0.76040291786193848 -0.6494516134262085 3.6577599530573934E-05
vn -0.76040291786193848 -0.6494516134262085 3.6577599530573934E-05
vn -0.76040291786193848 -0.6494516134262085 3.6577599530573934E-05
vn -0.76040291786193848 -0.6494516134262085 3.6577599530573934E-05
vn -0.76040291786193848 -0.6494516134262085 3.6577599530573934E-05
vn -0.76040291786193848 -0.6494516134262085 3.6577599530573934E-05
vn -0.76040291786193848 -0.6494516134262085 3.6577599530573934E-05
vn -0.76040291786193848 -0.6494516134262085 3.6577599530573934E-05
vn -0.76040291786193848 -0.6494516134262085 3.6577599530573934E-05
vn -0.76040291786193848 -0.6494516134262085 3.6577599530573934E-05
vn -0.76040291786193848 -0.6494516134262085 3.6577599530573934E-05
vn -0.76040291786193848 -0.6494516134262085 3.6577599530573934E-05
vn -0.76040291786193848 -0.6494516134262085 3.6577599530573934E-05
vn -0.76040291786193848 -0.6494516134262085 3.6577599530573934E-05
vn -0.76040291786193848 -0.6494516134262085 3.6577599530573934E-05
vn -0.76040291786193848 -0.6494516134262085 3.6577599530573934E-05
vn -0.76040291786193848 -0.6494516134262085 3.6577599530573934E-05
vn -0.76040291786193848 -0.6494516134262085 3.6577599530573934E-05
vn -0.76040291786193848 -0.6494516134262085 3.6577599530573934E-05
vn -0.76040291786193848 -0.6494516134262085 3.6577599530573934E-05
vn -0.76040291786193848 -0.6494516134262085 3.6577599530573934E-05
vn -0.76040291786193848 -0.6494516134262085 3.6577599530573934E-05
vn -0.76040291786193848 -0.6494516134262085 3.6577599530573934E-05
vn -0.76040291786193848 -0.6494516134262085 3.6577599530573934E-05
vn -0.76040291786193848 -0.6494516134262085 3.6577599530573934E-05
vn -0.76040291786193848 -0.6494516134262085 3.6577599530573934E-05
vn -0.76040291786193848 -0.6494516134262085 3.6577599530573934E-05
vn -0.76040291786193848 -0.6494516134262085 3.6577599530573934E-05
vn -0.76040291786193848 -0.6494516134262085 3.6577599530573934E-05
vn -0.76040291786193848 -0.6494516134262085 3.6577599530573934E-05
vn -0.76040291786193848 -0.6494516134262085 3.6577599530573934E-05
vn -0.76040291786193848 -0.6494516134262085 3.6577599530573934E-05
vn -0.76040291786193848 -0.6494516134262085 3.6577599530573934E-05
vn -0.76040291786193848 -0.6494516134262085 3.6577599530573934E-05
vn -0.76040291786193848 -0.6494516134262085 3.6577599530573934E-05
vn -0.76040291786193848 -0.6494516134262085 3.6577599530573934E-05
vn -0.76040291786193848 -0.6494516134262085 3.6577599530573934E-05
vn -0.76040291786193848 -0.6494516134262085 3.6577599530573934E-05
vn -0.76040291786193848 -0.6494516134262085 3.6577599530573934E-05
vn -0.76040291786193848 -0.6494516134262085 3.6577599530573934E-05
vn -0.76040291786193848 -0.6494516134262085 3.6577599530573934E-05
vn -0.76040291786193848 -0.6494516134262085 3.6577599530573934E-05
vn -0.76040291786193848 -0.6494516134262085 3.6577599530573934E-05
vn -0.76040291786193848 -0.6494516134262085 3.6577599530573934E-05
vn -0.76040291786193848 -0.6494516134262085 3.6577599530573934E-05
vn -0.76040291786193848 -0.6494516134262085 3.6577599530573934E-05
vn -0.76040291786193848 -0.6494516134262085 3.6577599530573934E-05
vn -0.76040291786193848 -0.6494516134262085 3.6577599530573934E-05
vn -0.76040291786193848 -0.6494516134262085 3.6577599530573934E-05
vn -0.76040291786193848 -0.6494516134262085 3.6577599530573934E-05
vn -0.76040291786193848 -0.6494516134262085 3.6577599530573934E-05
vn -0.76040291786193848 -0.6494516134262085 3.6577599530573934E-05
vn -0.76040291786193848 -0.6494516134262085 3.6577599530573934E-05
vn -0.76040291786193848 -0.6494516134262085 3.6577599530573934E-05
vn -0.76040291786193848 -0.6494516134262085 3.6577599530573934E-05
vn -0.76040291786193848 -0.6494516134262085 3.6577599530573934E-05
vn -0.76040291786193848 -0.6494516134262085 3.6577599530573934E-05
vn -0.76040291786193848 -0.6494516134262085 3.6577599530573934E-05
vn -0.76040291786193848 -0.6494516134262085 3.6577599530573934E-05
vn -0.76040291786193848 -0.6494516134262085 3.6577599530573934E-05
vn -0.76040291786193848 -0.6494516134262085 3.6577599530573934E-05
vn -0.76040291786193848 -0.6494516134262085 3.6577599530573934E-05
vn -0.76040291786193848 -0.6494516134262085 3.6577599530573934E-05
vn -0.76040291786193848 -0.6494516134262085 3.6577599530573934E-05
vn -0.76040291786193848 -0.6494516134262085 3.6577599530573934E-05
vn -0.76040291786193848 -0.6494516134262085 3.6577599530573934E-05
vn -0.76040291786193848 -0.6494516134262085 3.6577599530573934E-05
vn -0.76040291786193848 -0.6494516134262085 3.6577599530573934E-05
vn -0.76040291786193848 -0.6494516134262085 3.6577599530573934E-05
vn -0.76040291786193848 -0.6494516134262085 3.6577599530573934E-05
vn -0.76040291786193848 -0.6494516134262085 3.6577599530573934E-05
vn 0.56245714426040649 -0.65857464075088501 -0.49992135167121887
vn 0.49006295204162598 -0.5738215446472168 -0.65617614984512329
vn 0.39692950248718262 -0.46478492021560669 -0.79146820306777954
vn 0.28560119867324829 -0.33444344997406006 -0.89809775352478027
vn 0.16157765686511993 -0.18923589587211609 -0.96854656934738159
vn 0.030999762937426567 -0.036351971328258514 -0.99885809421539307
vn -0.098069153726100922 0.11476746946573257 -0.98853975534439087
vn -0.21838422119617462 0.25563961267471313 -0.94178378582000732
vn -0.324698805809021 0.38012108206748962 -0.86607080698013306
vn -0.42617565393447876 0.49894034862518311 -0.75460773706436157
vn -0.51403731107711792 0.60182023048400879 -0.61121034622192383
vn -0.58328324556350708 0.68290567398071289 -0.43979594111442566
vn -0.62903106212615967 0.73647975921630859 -0.24883238971233368
vn -0.64871132373809814 0.75953352451324463 -0.047774992883205414
vn -0.64200454950332642 0.75169211626052856 0.15096068382263184
vn -0.61163365840911865 0.71614313125610352 0.33621907234191895
vn -0.56245714426040649 0.65857464075088501 0.49992135167121887
vn -0.49006295204162598 0.5738215446472168 0.65617614984512329
vn -0.39692950248718262 0.46478492021560669 0.79146820306777954
vn -0.28560119867324829 0.33444344997406006 0.89809775352478027
vn -0.16157765686511993 0.18923589587211609 0.96854656934738159
vn -0.030999762937426567 0.036351971328258514 0.99885809421539307
vn 0.098069153726100922 -0.11476746946573257 0.98853975534439087
vn 0.21838422119617462 -0.25563961267471313 0.94178378582000732
vn 0.324698805809021 -0.38012108206748962 0.86607080698013306
vn 0.42617565393447876 -0.49894034862518311 0.75460773706436157
vn 0.51403731107711792 -0.60182023048400879 0.61121034622192383
vn 0.58328324556350708 -0.68290567398071289 0.43979594111442566
vn 0.62903106212615967 -0.73647975921630859 0.24883238971233368
vn 0.64871132373809814 -0.75953352451324463 0.047774992883205414
vn 0.64200454950332642 -0.75169211626052856 -0.15096068382263184
vn 0.61163365840911865 -0.71614313125610352 -0.33621907234191895
vn 0.56245714426040649 -0.65857464075088501 -0.49992135167121887
vn 0.56245714426040649 -0.65857464075088501 -0.49992135167121887
vn 0.56245714426040649 -0.65857464075088501 -0.49992135167121887
vn 0.56245714426040649 -0.65857464075088501 -0.49992135167121887
vn 0.56245714426040649 -0.65857464075088501 -0.49992135167121887
vn 0.49398395419120789 -0.57841199636459351 -0.64916825294494629
vn 0.40344616770744324 -0.47241446375846863 -0.78361707925796509
vn 0.29309576749801636 -0.34321805834770203 -0.89235430955886841
vn 0.16812054812908173 -0.19689640402793884 -0.96590232849121094
vn 0.03601059690117836 -0.042218826711177826 -0.99845921993255615
vn -0.094863653182983398 0.11101429909467697 -0.98928087949752808
vn -0.21693167090415955 0.25393885374069214 -0.94257926940917969
vn -0.324698805809021 0.38012108206748962 -0.86607080698013306
vn -0.42162451148033142 0.49361136555671692 -0.76064485311508179
vn -0.50893867015838623 0.59584999084472656 -0.62124407291412354
vn -0.57955348491668701 0.67853814363479614 -0.45133551955223083
vn -0.62731403112411499 0.73446881771087646 -0.25890675187110901
vn -0.64845246076583862 0.75923001766204834 -0.055490460246801376
vn -0.64248603582382202 0.75225555896759033 0.14602494239807129
vn -0.61215031147003174 0.71674799919128418 0.33398246765136719
vn -0.56245714426040649 0.65857464075088501 0.49992135167121887
vn -0.49398395419120789 0.57841199636459351 0.64916825294494629
vn -0.40344616770744324 0.47241446375846863 0.78361707925796509
vn -0.29309576749801636 0.34321805834770203 0.89235430955886841
vn -0.16812054812908173 0.19689640402793884 0.96590232849121094
vn -0.03601059690117836 0.042218826711177826 0.99845921993255615
vn 0.094863653182983398 -0.11101429909467697 0.98928087949752808
vn 0.21693167090415955 -0.25393885374069214 0.94257926940917969
vn 0.324698805809021 -0.38012108206748962 0.86607080698013306
vn 0.42162451148033142 -0.49361136555671692 0.76064485311508179
vn 0.50893867015838623 -0.59584999084472656 0.62124407291412354
vn 0.57955348491668701 -0.67853814363479614 0.45133551955223083
vn 0.62731403112411499 -0.73446881771087646 0.25890675187110901
vn 0.64845246076583862 -0.75923001766204834 0.055490460246801376
vn 0.64248603582382202 -0.75225555896759033 -0.14602494239807129
vn 0.61215031147003174 -0.71674799919128418 -0.33398246765136719
vn 0.59331625699996948 -0.69470036029815674 -0.40665367245674133
vn 0.59331625699996948 -0.69470036029815674 -0.40665367245674133
vn 0.59331625699996948 -0.69470036029815674 -0.40665367245674133
vn 0.63284909725189209 -0.74097675085067749 -0.22462284564971924
vn 0.64917606115341187 -0.760081946849823 -0.02908465638756752
vn 0.6397475004196167 -0.74903130531311035 0.17226511240005493
vn 0.60384684801101685 -0.70698636770248413 0.36815661191940308
vn 0.54300552606582642 -0.63574087619781494 0.54861515760421753
vn 0.46170514822006226 -0.54054254293441772 0.70330798625946045
vn 0.36640754342079163 -0.42895755171775818 0.82567602396011353
vn 0.26412728428840637 -0.30919894576072693 0.91358238458633423
vn 0.14590877294540405 -0.1707807183265686 0.97444576025009155
vn 0.01891687884926796 -0.022092312574386597 0.99957692623138428
vn -0.11185044795274734 0.13101428747177124 0.98505061864852905
vn -0.23907403647899628 0.27996945381164551 0.9297637939453125
vn -0.35627573728561401 0.41718843579292297 0.83607500791549683
vn -0.4567447304725647 0.53481435775756836 0.71088528633117676
vn -0.5362209677696228 0.62785989046096802 0.5641445517539978
vn -0.59331625699996948 0.69470036029815674 0.40665367245674133
vn -0.63284909725189209 0.74097675085067749 0.22462284564971924
vn -0.64917606115341187 0.760081946849823 0.02908465638756752
vn -0.6397475004196167 0.74903130531311035 -0.17226511240005493
vn -0.60384684801101685 0.70698636770248413 -0.36815661191940308
vn -0.54300552606582642 0.63574087619781494 -0.54861515760421753
vn -0.46170514822006226 0.54054254293441772 -0.70330798625946045
vn -0.36640754342079163 0.42895755171775818 -0.82567602396011353
vn -0.26412728428840637 0.30919894576072693 -0.91358238458633423
vn -0.14590877294540405 0.1707807183265686 -0.97444576025009155
vn -0.01891687884926796 0.022092312574386597 -0.99957692623138428
vn 0.11185044795274734 -0.13101428747177124 -0.98505061864852905
vn 0.23907403647899628 -0.27996945381164551 -0.9297637939453125
vn 0.35627573728561401 -0.41718843579292297 -0.83607500791549683
vn 0.4567447304725647 -0.53481435775756836 -0.71088528633117676
vn 0.5362209677696228 -0.62785989046096802 -0.5641445517539978
vn 0.59331625699996948 -0.69470036029815674 -0.40665367245674133
vn 0.59331625699996948 -0.69470036029815674 -0.40665367245674133
vn 0.63147246837615967 -0.73936539888381958 -0.23362651467323303
vn 0.64888232946395874 -0.75973880290985107 -0.041816994547843933
vn 0.6411360502243042 -0.75065779685974121 0.1595538854598999
vn 0.6063041090965271 -0.70986402034759521 0.35845273733139038
vn 0.54574179649353027 -0.63894498348236084 0.54213947057723999
vn 0.46397903561592102 -0.54320508241653442 0.69975113868713379
vn 0.3676794171333313 -0.4304468035697937 0.82433450222015381
vn 0.26412728428840637 -0.30919894576072693 0.91358238458633423
vn 0.15175615251064301 -0.17762719094753265 0.97232639789581299
vn 0.027185901999473572 -0.031774029135704041 0.99912530183792114
vn -0.103595070540905 0.12134869396686554 0.98718923330307007
vn -0.23277172446250916 0.27259066700935364 0.93354785442352295
vn -0.35207000374794006 0.41226443648338318 0.84028851985931396
vn -0.45443463325500488 0.53210979700088501 0.7143867015838623
vn -0.53534960746765137 0.62683981657028198 0.56610298156738281
vn -0.59331625699996948 0.69470036029815674 0.40665367245674133
vn -0.63147246837615967 0.73936539888381958 0.23362651467323303
vn -0.64888232946395874 0.75973880290985107 0.041816994547843933
vn -0.6411360502243042 0.75065779685974121 -0.1595538854598999
vn -0.6063041090965271 0.70986402034759521 -0.35845273733139038
vn -0.54574179649353027 0.63894498348236084 -0.54213947057723999
vn -0.46397903561592102 0.54320508241653442 -0.69975113868713379
vn -0.3676794171333313 0.4304468035697937 -0.82433450222015381
vn -0.26412728428840637 0.30919894576072693 -0.91358238458633423
vn -0.15175615251064301 0.17762719094753265 -0.97232639789581299
vn -0.027185901999473572 0.031774029135704041 -0.99912530183792114
vn 0.103595070540905 -0.12134869396686554 -0.98718923330307007
vn 0.23277172446250916 -0.27259066700935364 -0.93354785442352295
vn 0.35207000374794006 -0.41226443648338318 -0.84028851985931396
vn 0.45443463325500488 -0.53210979700088501 -0.7143867015838623
vn 0.53534960746765137 -0.62683981657028198 -0.56610298156738281
vn 0.59331625699996948 -0.69470036029815674 -0.40665367245674133
vn 0.64917606115341187 -0.760081946849823 -0.02908465638756752
vn 0.60384684801101685 -0.70698636770248413 0.36815661191940308
vn 0.6397475004196167 -0.74903130531311035 0.17226511240005493
vn 0.54300552606582642 -0.63574087619781494 0.54861515760421753
vn 0.46170514822006226 -0.54054254293441772 0.70330798625946045
vn 0.26412728428840637 -0.30919894576072693 0.91358238458633423
vn 0.36640754342079163 -0.42895755171775818 0.82567602396011353
vn 0.01891687884926796 -0.022092312574386597 0.99957692623138428
vn 0.14590877294540405 -0.1707807183265686 0.97444576025009155
vn -0.11185044795274734 0.13101428747177124 0.98505061864852905
vn -0.23907403647899628 0.27996945381164551 0.9297637939453125
vn -0.35627573728561401 0.41718843579292297 0.83607500791549683
vn -0.4567447304725647 0.53481435775756836 0.71088528633117676
vn -0.5362209677696228 0.62785989046096802 0.5641445517539978
vn -0.59331625699996948 0.69470036029815674 0.40665367245674133
vn -0.63284909725189209 0.74097675085067749 0.22462284564971924
vn -0.64917606115341187 0.760081946849823 0.02908465638756752
vn -0.6397475004196167 0.74903130531311035 -0.17226511240005493
vn -0.54300552606582642 0.63574087619781494 -0.54861515760421753
vn -0.60384684801101685 0.70698636770248413 -0.36815661191940308
vn -0.46170514822006226 0.54054254293441772 -0.70330798625946045
vn -0.36640754342079163 0.42895755171775818 -0.82567602396011353
vn -0.26412728428840637 0.30919894576072693 -0.91358238458633423
vn -0.14590877294540405 0.1707807183265686 -0.97444576025009155
vn -0.01891687884926796 0.022092312574386597 -0.99957692623138428
vn 0.11185044795274734 -0.13101428747177124 -0.98505061864852905
vn 0.23907403647899628 -0.27996945381164551 -0.9297637939453125
vn 0.35627573728561401 -0.41718843579292297 -0.83607500791549683
vn 0.4567447304725647 -0.53481435775756836 -0.71088528633117676
vn 0.5362209677696228 -0.62785989046096802 -0.5641445517539978
vn 0 0 -1
vn 0 0 -1
vn 0 0 -1
vn 0 0 -1
vn 0 0 -1
vn 0 0 -1
vn 0 0 -1
vn 0 0 -1
vn 0 0 -1
vn 0 0 -1
vn 0 0 -1
vn 0 0 -1
vn 0 0 -1
vn 0 0 -1
vn 0 0 -1
vn 0 0 -1
vn 0 0 -1
vn 0 0 -1
vn 0 0 -1
vn 0 0 -1
vn 0 0 -1
vn 0 0 -1
vn 0 0 -1
vn 0 0 -1
vn 0 0 -1
vn 0 0 -1
vn -0.37706413865089417 -0.92618715763092041 0
vn -0.37706413865089417 -0.92618715763092041 0
vn -0.37706413865089417 -0.92618715763092041 0
vn -0.37706413865089417 -0.92618715763092041 0
vn -0.37706413865089417 -0.92618715763092041 0
vn -0.37706413865089417 -0.92618715763092041 0
vn -0.37706413865089417 -0.92618715763092041 0
vn 0.18723925948143005 -0.9823143482208252 0
vn 0.18723925948143005 -0.9823143482208252 0
vn 0.18723925948143005 -0.9823143482208252 0
vn 0.18723925948143005 -0.9823143482208252 0
vn 0.18723925948143005 -0.9823143482208252 0
vn 0.18723925948143005 -0.9823143482208252 0
vn -0.18723925948143005 0.9823143482208252 0
vn -0.18723925948143005 0.9823143482208252 0
vn -0.18723925948143005 0.9823143482208252 0
vn -0.18723925948143005 0.9823143482208252 0
vn -0.18723925948143005 0.9823143482208252 0
vn -0.18723925948143005 0.9823143482208252 0
vn -0.77134323120117188 -0.63641935586929321 0
vn -0.77134323120117188 -0.63641935586929321 0
vn -0.77134323120117188 -0.63641935586929321 0
vn -0.77134323120117188 -0.63641935586929321 0
vn -0.77134323120117188 -0.63641935586929321 0
vn -0.77134323120117188 -0.63641935586929321 0
vn -0.77134323120117188 -0.63641935586929321 0
vn -0.77134323120117188 -0.63641935586929321 0
vn -0.77134323120117188 -0.63641935586929321 0
vn -0.77134323120117188 -0.63641935586929321 0
vn -0.77134323120117188 -0.63641935586929321 0
vn -0.77134323120117188 -0.63641935586929321 0
vn -0.77134323120117188 -0.63641935586929321 0
vn -0.77134323120117188 -0.63641935586929321 0
vn -0.77134323120117188 -0.63641935586929321 0
vn -0.77134323120117188 -0.63641935586929321 0
vn -0.77134323120117188 -0.63641935586929321 0
vn -0.77134323120117188 -0.63641935586929321 0
vn -0.77134323120117188 -0.63641935586929321 0
vn -0.77134323120117188 -0.63641935586929321 0
vn -0.77134323120117188 -0.63641935586929321 0
vn -0.77134323120117188 -0.63641935586929321 0
vn -0.77134323120117188 -0.63641935586929321 0
vn -0.77134323120117188 -0.63641935586929321 0
vn -0.77134323120117188 -0.63641935586929321 0
vn -0.77134323120117188 -0.63641935586929321 0
vn -0.77134323120117188 -0.63641935586929321 0
vn -0.77134323120117188 -0.63641935586929321 0
vn -0.77134323120117188 -0.63641935586929321 0
vn -0.77134323120117188 -0.63641935586929321 0
vn 0.99381035566329956 0.11108974367380142 0
vn 0.99381035566329956 0.11108974367380142 0
vn 0.99381035566329956 0.11108974367380142 0
vn 0.99381035566329956 0.11108974367380142 0
vn 0.99381035566329956 0.11108974367380142 0
vn 0.99381035566329956 0.11108974367380142 0
vn -0.18723925948143005 0.9823143482208252 0
vn -0.18723925948143005 0.9823143482208252 0
vn -0.18723925948143005 0.9823143482208252 0
vn -0.18723925948143005 0.9823143482208252 0
vn -0.18723925948143005 0.9823143482208252 0
vn -0.18723925948143005 0.9823143482208252 0
vn 0 0 -1
vn 0 0 -1
vn 0 0 -1
vn 0 0 -1
vn 0 0 -1
vn 0 0 -1
vn 0 0 -1
vn 0 0 -1
vn 0 0 -1
vn 0 0 -1
vn 0 0 -1
vn 0 0 -1
vn 0 0 -1
vn -0.59996700286865234 -0.80002474784851074 0
vn -0.59996700286865234 -0.80002474784851074 0
vn -0.59996700286865234 -0.80002474784851074 0
vn -0.59996700286865234 -0.80002474784851074 0
vn -0.59996700286865234 -0.80002474784851074 0
vn -0.59996700286865234 -0.80002474784851074 0
vn -0.59996700286865234 -0.80002474784851074 0
vn -0.59996700286865234 -0.80002474784851074 0
vn 0.19066594541072845 -0.98165500164031982 0
vn 0.19066594541072845 -0.98165500164031982 0
vn 0.19066594541072845 -0.98165500164031982 0
vn 0.19066594541072845 -0.98165500164031982 0
vn 0.19066594541072845 -0.98165500164031982 0
vn 0.19066594541072845 -0.98165500164031982 0
vn 0.19066594541072845 -0.98165500164031982 0
vn 0.19066594541072845 -0.98165500164031982 0
vn 0.19066594541072845 -0.98165500164031982 0
vn 0.19066594541072845 -0.98165500164031982 0
vn 0.19066594541072845 -0.98165500164031982 0
vn 0.19066594541072845 -0.98165500164031982 0
vn 0.19066594541072845 -0.98165500164031982 0
vn 0.59996700286865234 0.80002474784851074 0
vn 0.59996700286865234 0.80002474784851074 0
vn 0.59996700286865234 0.80002474784851074 0
vn 0.59996700286865234 0.80002474784851074 0
vn 0.59996700286865234 0.80002474784851074 0
vn 0.59996700286865234 0.80002474784851074 0
vn 0.59996700286865234 0.80002474784851074 0
vn 0.59996700286865234 0.80002474784851074 0
vn -0.80002474784851074 0.59996700286865234 0
vn -0.80002474784851074 0.59996700286865234 0
vn -0.80002474784851074 0.59996700286865234 0
vn -0.80002474784851074 0.59996700286865234 0
vn -0.80002474784851074 0.59996700286865234 0
vn -0.80002474784851074 0.59996700286865234 0
vn -0.80002474784851074 0.59996700286865234 0
vn -0.80002474784851074 0.59996700286865234 0
vn -0.80002474784851074 0.59996700286865234 0
vn -0.80002474784851074 0.59996700286865234 0
vn -0.80002474784851074 0.59996700286865234 0
vn -0.80002474784851074 0.59996700286865234 0
vn -0.80002474784851074 0.59996700286865234 0
vn -0.80002474784851074 0.59996700286865234 0
vn -0.80002474784851074 0.59996700286865234 0
vn -0.80002474784851074 0.59996700286865234 0
vn -0.80002474784851074 0.59996700286865234 0
vn -0.80002474784851074 0.59996700286865234 0
vn -0.80002474784851074 0.59996700286865234 0
vn -0.80002474784851074 0.59996700286865234 0
vn -0.80002474784851074 0.59996700286865234 0
vn -0.80002474784851074 0.59996700286865234 0
vn -0.80002474784851074 0.59996700286865234 0
vn -0.80002474784851074 0.59996700286865234 0
vn -0.80002474784851074 0.59996700286865234 0
vn -0.80002474784851074 0.59996700286865234 0
vn -0.80002474784851074 0.59996700286865234 0
vn -0.80002474784851074 0.59996700286865234 0
vn -0.80002474784851074 0.59996700286865234 0
vn -0.80002474784851074 0.59996700286865234 0
vn -0.80002474784851074 0.59996700286865234 0
vn -0.80002474784851074 0.59996700286865234 0
vn -0.80002474784851074 0.59996700286865234 0
vn -0.80002474784851074 0.59996700286865234 0
vn -0.80002474784851074 0.59996700286865234 0
vn -0.80002474784851074 0.59996700286865234 0
vn -0.80002474784851074 0.59996700286865234 0
vn -0.80002474784851074 0.59996700286865234 0
vn -0.80002474784851074 0.59996700286865234 0
vn -0.80002474784851074 0.59996700286865234 0
vn -0.80002474784851074 0.59996700286865234 0
vn -0.80002474784851074 0.59996700286865234 0
vn -0.80002474784851074 0.59996700286865234 0
vn -0.80002474784851074 0.59996700286865234 0
vn -0.80002474784851074 0.59996700286865234 0
vn -0.80002474784851074 0.59996700286865234 0
vn -0.80002474784851074 0.59996700286865234 0
vn -0.80002474784851074 0.59996700286865234 0
vn -0.80002474784851074 0.59996700286865234 0
vn -0.80002474784851074 0.59996700286865234 0
vn -0.80002474784851074 0.59996700286865234 0
vn -0.80002474784851074 0.59996700286865234 0
vn -0.80002474784851074 0.59996700286865234 0
vn -0.80002474784851074 0.59996700286865234 0
vn -0.80002474784851074 0.59996700286865234 0
vn -0.80002474784851074 0.59996700286865234 0
vn -0.80002474784851074 0.59996700286865234 0
vn -0.80002474784851074 0.59996700286865234 0
vn -0.80002474784851074 0.59996700286865234 0
vn 0.59996700286865234 0.80002474784851074 0
vn 0.59996700286865234 0.80002474784851074 0
vn 0.59996700286865234 0.80002474784851074 0
vn 0.59996700286865234 0.80002474784851074 0
vn 0.59996700286865234 0.80002474784851074 0
vn 0.59996700286865234 0.80002474784851074 0
vn 0.59996700286865234 0.80002474784851074 0
vn 0.59996700286865234 0.80002474784851074 0
vn 0.59996700286865234 0.80002474784851074 0
vn 0 0 -1
vn 0 0 -1
vn 0 0 -1
vn 0 0 -1
vn 0 0 -1
vn 0 0 -1
vn 0 0 -1
vn 0 0 -1
vn 0 0 -1
vn 0 0 -1
vn 0 0 -1
vn 0 0 -1
vn 0 0 -1
vn 0 0 -1
vn 0 0 -1
vn 0 0 -1
vn 0 0 -1
vn 0 0 -1
vn 0 0 1
vn 0 0 1
vn 0 0 1
vn 0 0 1
vn 0 0 1
vn 0 0 1
vn 0 0 1
vn 0 0 1
vn 0 0 1
vn 0 0 1
vn 0 0 1
vn 0 0 1
vn 0 0 1
vn 0 0 1
vn 0 0 1
vn 0 0 1
vn 0 0 1
vn 0 0 1
vn 0 0 1
vn 0 0 1
vn 0 0 1
vn 0 0 1
vn 0 0 1
vn 0 0 1
vn 0 0 1
vn 0 0 1
vn 0 0 1
vn 0 0 1
vn 0 0 1
vn 0 0 1
vn 0 0 1
vn 0 0 1
vn 0 0 1
vn 0 0 1
vn 0 0 1
vn 0 0 1
vn 0 0 1
vn 0 0 1
vn 0 0 1
vn 0 0 1
vn 0 0 1
vn 0 0 1
vn 0 0 1
vn 0 0 1
vn 0 0 1
vn -0.14560240507125854 -0.98934316635131836 0
vn -0.14560240507125854 -0.98934316635131836 0
vn -0.14560240507125854 -0.98934316635131836 0
vn -0.0063437544740736485 -0.99997985363006592 0
vn 0.13464096188545227 -0.99089443683624268 0
vn 0.27315112948417664 -0.96197116374969482 0
vn 0.40510687232017517 -0.91426932811737061 0
vn 0.52694106101989746 -0.84990179538726807 0
vn 0.63590067625045776 -0.7717708945274353 0
vn 0.73020845651626587 -0.6832243800163269 0
vn 0.80907553434371948 -0.58770465850830078 0
vn 0.90805119276046753 -0.41885921359062195 0
vn -0.80907553434371948 0.58770465850830078 0
vn -0.68862783908843994 0.72511500120162964 0
vn -0.53593802452087402 0.84425735473632813 0
vn -0.35559490323066711 0.93464016914367676 0
vn -0.156532883644104 0.98767274618148804 0
vn 0.049172107130289078 0.99879032373428345 0
vn 0.24862445890903473 0.96859997510910034 0
vn 0.43067127466201782 0.90250885486602783 0
vn 0.58770465850830078 0.80907553434371948 0
vn 0.72511500120162964 0.68862783908843994 0
vn 0.84425735473632813 0.53593802452087402 0
vn 0.93464016914367676 0.35559490323066711 0
vn 0.98767274618148804 0.156532883644104 0
vn 0.99879032373428345 -0.049172107130289078 0
vn 0.96859997510910034 -0.24862445890903473 0
vn 0.90250885486602783 -0.43067127466201782 0
vn 0.80907553434371948 -0.58770465850830078 0
vn 0.73020845651626587 -0.6832243800163269 0
vn 0.63590067625045776 -0.7717708945274353 0
vn 0.52694106101989746 -0.84990179538726807 0
vn 0.40510687232017517 -0.91426932811737061 0
vn 0.27315112948417664 -0.96197116374969482 0
vn 0.13464096188545227 -0.99089443683624268 0
vn -0.0063437544740736485 -0.99997985363006592 0
vn 0.90805119276046753 -0.41885921359062195 0
vn 0.96662157773971558 -0.25620827078819275 0
vn 0.99704420566558838 -0.076829902827739716 0
vn 0.99374544620513916 0.1116691380739212 0
vn 0.9540863037109375 0.29953187704086304 0
vn 0.87925451993942261 0.4763522744178772 0
vn 0.77422314882278442 0.63291275501251221 0
vn 0.64673429727554321 0.76271539926528931 0
vn 0.50570911169052124 0.86270403861999512 0
vn 0.34957048296928406 0.93691009283065796 0
vn 0.17403015494346619 0.98474031686782837 0
vn -0.013886968605220318 0.99990355968475342 0
vn -0.20472900569438934 0.97881871461868286 0
vn -0.38802364468574524 0.92164939641952515 0
vn -0.55411088466644287 0.83244287967681885 0
vn -0.69576632976531982 0.71826821565628052 0
vn -0.80907553434371948 0.58770465850830078 0
vn -0.90263450145721436 -0.43040788173675537 0
vn -0.90263450145721436 -0.43040788173675537 0
vn -0.95327699184417725 -0.30209767818450928 0
vn -0.98602163791656494 -0.16661748290061951 0
vn -0.99961346387863159 -0.027801098302006721 0
vn -0.99389666318893433 0.11031487584114075 0
vn -0.96980702877044678 0.24387358129024506 0
vn -0.92921620607376099 0.36953660845756531 0
vn -0.87466907501220703 0.48472055792808533 0
vn -0.90263450145721436 -0.43040788173675537 0
vn -0.80907553434371948 0.58770465850830078 0
vn -0.87780380249023438 0.47902029752731323 0
vn -0.93326675891876221 0.35918405652046204 0
vn -0.97301644086837769 0.23073576390743256 0
vn -0.9952959418296814 0.096881121397018433 0
vn -0.99924862384796143 -0.038757432252168655 0
vn -0.98501646518707275 -0.17246027290821075 0
vn -0.95370519161224365 -0.30074304342269897 0
vn -0.90722697973251343 -0.4206414520740509 0
vn -0.90722697973251343 -0.4206414520740509 0
vn -0.90494304895401001 -0.42553272843360901 0
vn -0.90619081258773804 -0.42286902666091919 0
vn -0.90619081258773804 -0.42286902666091919 0
vn -0.90441995859146118 -0.42664328217506409 0
vn -0.90441995859146118 -0.42664328217506409 0
vn -0.80907553434371948 0.58770465850830078 0
vn -0.99519938230514526 -0.097867965698242188 0
vn -0.99519938230514526 -0.097867965698242188 0
vn -0.99519938230514526 -0.097867965698242188 0
vn -0.99519938230514526 -0.097867965698242188 0
vn -0.99519938230514526 -0.097867965698242188 0
vn -0.99519938230514526 -0.097867965698242188 0
vn -0.99519938230514526 -0.097867965698242188 0
vn -0.99519938230514526 -0.097867965698242188 0
vn -0.99519938230514526 -0.097867965698242188 0
vn -0.99519938230514526 -0.097867965698242188 0
vn -0.99519938230514526 -0.097867965698242188 0
vn -0.99519938230514526 -0.097867965698242188 0
vn -0.99519938230514526 -0.097867965698242188 0
vn -0.99519938230514526 -0.097867965698242188 0
vn -0.99519938230514526 -0.097867965698242188 0
vn -0.99519938230514526 -0.097867965698242188 0
vn 0.80002474784851074 -0.59996700286865234 0
vn 0.80002474784851074 -0.59996700286865234 0
vn 0.80002474784851074 -0.59996700286865234 0
vn 0.80002474784851074 -0.59996700286865234 0
vn 0.80002474784851074 -0.59996700286865234 0
vn 0.80002474784851074 -0.59996700286865234 0
vn 0.80002474784851074 -0.59996700286865234 0
vn 0.80002474784851074 -0.59996700286865234 0
vn 0.80002474784851074 -0.59996700286865234 0
vn 0.80002474784851074 -0.59996700286865234 0
vn 0.80002474784851074 -0.59996700286865234 0
vn 0.80002474784851074 -0.59996700286865234 0
vn 0.80002474784851074 -0.59996700286865234 0
vn 0.80002474784851074 -0.59996700286865234 0
vn 0.80002474784851074 -0.59996700286865234 0
vn 0.80002474784851074 -0.59996700286865234 0
vn 0 0 1
vn 0 0 1
vn 0 0 1
vn 0 0 1
vn 0 0 1
vn 0 0 1
vn 0 0 1
vn 0 0 1
vn 0 0 1
vn 0 0 1
vn 0 0 1
vn 0 0 1
vn 0 0 1
vn 0 0 1
vn 0 0 1
vn 0 0 1
vn 0 0 1
vn 0 0 1
vn 0 0 1
vn 0 0 1
vn 0 0 1
vn 0 0 1
vn 0 0 1
vn 0 0 1
vn 0 0 1
vn 0 0 1
vn 0 0 1
vn 0 0 1
vn 0 0 1
vn 0 0 1
vn 0 0 1
vn 0 0 1
vn 0 0 1
vn -0.71614599227905273 -0.69795054197311401 0
vn -0.71614599227905273 -0.69795054197311401 0
vn -0.71614599227905273 -0.69795054197311401 0
vn -0.71614599227905273 -0.69795054197311401 0
vn -0.71614599227905273 -0.69795054197311401 0
vn -0.71614599227905273 -0.69795054197311401 0
vn -0.71614599227905273 -0.69795054197311401 0
vn -0.71614599227905273 -0.69795054197311401 0
vn -0.71614599227905273 -0.69795054197311401 0
vn -0.71614599227905273 -0.69795054197311401 0
vn 0.29444652795791626 0.95566797256469727 0
vn 0.29444652795791626 0.95566797256469727 0
vn 0.29444652795791626 0.95566797256469727 0
vn 0.29444652795791626 0.95566797256469727 0
vn 0.29444652795791626 0.95566797256469727 0
vn 0.29444652795791626 0.95566797256469727 0
vn 0.29444652795791626 0.95566797256469727 0
vn 0.29444652795791626 0.95566797256469727 0
vn 0.29444652795791626 0.95566797256469727 0
vn 0.29444652795791626 0.95566797256469727 0
vn 0 0 -1
vn 0 0 -1
vn 0 0 -1
vn 0 0 -1
vn 0 0 -1
vn 0 0 -1
vn 0 0 -1
vn 0 0 -1
vn 0 0 -1
vn 0 0 -1
vn 0 0 -1
vn 0 0 -1
vn 0 0 -1
vn 0 0 -1
vn 0 0 -1
vn 0 0 -1
vn 0 0 -1
vn 0 0 -1
vn 0 0 -1
vn 0 0 -1
vn 0 0 -1
vn 0 0 -1
vn 0 0 -1
vn 0 0 -1
vn 0 0 -1
vn 0 0 -1
vn 0 0 -1
vn 0 0 -1
vn 0 0 -1
vn 0 0 -1
vn 0 0 -1
vn 0 0 -1
vn 0 0 -1
vn 0 0 -1
vn 0 0 -1
vn 0 0 -1
vn 0 0 -1
vn 0 0 -1
vn 0 0 -1
vn 0 0 -1
vn 0 0 -1
vn 0 0 -1
vn 0 0 -1
vn 0 0 -1
vn 0 0 -1
vn 0 0 -1
vn 0 0 -1
vn 0 0 -1
vn 0 0 -1
vn 0 0 -1
vn 0 0 -1
vn 0 0 -1
vn 0 0 -1
vn 0 0 -1
vn 0 0 -1
vn 0 0 -1
vn 0 0 -1
vn 0 0 -1
vn 0 0 -1
vn 0 0 -1
vn 0 0 -1
vn 0 0 -1
vn 0 0 -1
vn 0 0 -1
vn 0 0 -1
vn 0 0 -1
vn 0 0 -1
vn 0 0 -1
vn 0 0 -1
vn 0 0 -1
vn 0 0 -1
vn 0 0 -1
vn 0 0 -1
vn 0 0 -1
vn 0 0 -1
vn 0 0 -1
vn 0 0 -1
vn 0 0 -1
vn 0 0 -1
vn 0 0 -1
vn 0 0 -1
vn 0 0 -1
vn 0 0 -1
vn 0 0 -1
vn 0 0 -1
vn 0 0 -1
vn 0 0 -1
vn 0 0 -1
vn 0 0 -1
vn 0 0 -1
vn 0 0 -1
vn 0 0 -1
vn 0 0 -1
vn 0 0 -1
vn 0 0 -1
vn 0 0 -1
vn 0 0 -1
vn 0 0 -1
vn 0 0 -1
vn 0 0 -1
vn 0 0 -1
vn 0 0 -1
vn 0 0 -1
vn 0 0 -1
vn 0 0 -1
vn 0 0 -1
vn 0 0 -1
vn 0 0 -1
vn 0 0 -1
vn 0 0 -1
vn 0 0 -1
vn 0 0 -1
vn 0 0 -1
vn 0 0 -1
vn 0 0 -1
vn 0 0 -1
vn 0 0 -1
vn 0 0 -1
vn 0 0 -1
vn 0 0 -1
vn 0 0 -1
vn 0 0 -1
vn 0 0 -1
vn 0 0 -1
vn 0 0 -1
vn 0 0 -1
vn 0 0 -1
vn 0 0 -1
vn 0 0 -1
vn 0 0 -1
vn 0 0 -1
vn 0 0 -1
vn 0 0 -1
vn 0 0 -1
vn 0 0 -1
vn 0 0 -1
vn 0.82455742359161377 0.56577825546264648 0
vn 0.82455742359161377 0.56577825546264648 0
vn 0.75768578052520752 0.65261954069137573 0
vn 0.68017810583114624 0.73304688930511475 0
vn 0.5930246114730835 0.80518430471420288 0
vn 0.49764361977577209 0.86738157272338867 0
vn 0.39581015706062317 0.91833233833312988 0
vn 0.28954786062240601 0.95716351270675659 0
vn 0.18099711835384369 0.98348361253738403 0
vn 0.072277382016181946 0.99738454818725586 0
vn 0.072277382016181946 0.99738454818725586 0
vn -0.055242486298084259 0.99847298860549927 0
vn -0.18518038094043732 0.9827045202255249 0
vn -0.31417742371559143 0.9493643045425415 0
vn -0.43868201971054077 0.89864236116409302 0
vn -0.55525785684585571 0.83167827129364014 0
vn -0.66089266538619995 0.75048041343688965 0
vn -0.75325196981430054 0.65773206949234009 0
vn -0.83083337545394897 0.55652123689651489 0
vn 0.82973897457122803 0.55815160274505615 0
vn 0.82715702056884766 0.56197088956832886 0
vn 0.78557848930358887 0.61876207590103149 0
vn 0.78557848930358887 0.61876207590103149 0
vn 0.80837345123291016 0.58866995573043823 0
vn 0.80837345123291016 0.58866995573043823 0
vn 0.81923460960388184 0.57345855236053467 0
vn 0.80837345123291016 0.58866995573043823 0
vn 0.81923460960388184 0.57345855236053467 0
vn 0.81923460960388184 0.57345855236053467 0
vn 0.78557848930358887 0.61876207590103149 0
vn 0.80837345123291016 0.58866995573043823 0
vn 0.81923460960388184 0.57345855236053467 0
vn 0.80837345123291016 0.58866995573043823 0
vn 0.81923460960388184 0.57345855236053467 0
vn 0.82973897457122803 0.55815160274505615 0
vn -0.83083337545394897 0.55652123689651489 0
vn -0.75851434469223022 0.65165632963180542 0
vn -0.67769604921340942 0.73534214496612549 0
vn -0.59077292680740356 0.80683785676956177 0
vn -0.50008630752563477 0.86597555875778198 0
vn -0.42421025037765503 0.90556371212005615 0
vn -0.34263664484024048 0.93946802616119385 0
vn -0.25594088435173035 0.96669244766235352 0
vn -0.16490964591503143 0.98630869388580322 0
vn -0.070532858371734619 0.99750947952270508 0
vn 0.026019688695669174 0.99966144561767578 0
vn 0.1234380379319191 0.99235230684280396 0
vn 0.22032584249973297 0.9754263162612915 0
vn 0.31526419520378113 0.94900393486022949 0
vn 0.406879723072052 0.91348171234130859 0
vn 0.49391016364097595 0.86951291561126709 0
vn 0.57526093721389771 0.81796997785568237 0
vn 0.6500476598739624 0.75989347696304321 0
vn 0.71762138605117798 0.696433424949646 0
vn 0.7775760293006897 0.62878894805908203 0
vn 0 0 -1
vn 0 0 -1
vn 0 0 -1
vn 0 0 -1
vn 0 0 -1
vn 0 0 -1
vn 0 0 -1
vn 0 0 -1
vn 0 0 -1
vn 0 0 -1
vn 0 0 -1
vn 0 0 -1
vn 0 0 -1
vn 0 0 -1
vn 0 0 -1
vn 0 0 -1
vn 0 0 -1
vn 0 0 -1
vn -0.98070710897445679 0.19548282027244568 0
vn -0.98070710897445679 0.19548282027244568 0
vn -0.92529559135437012 0.37924665212631226 0
vn -0.83291095495223999 0.55340701341629028 0
vn -0.7047918438911438 0.70941418409347534 0
vn -0.54654484987258911 0.83742982149124146 0
vn -0.36585506796836853 0.9306718111038208 0
vn -0.17432299256324768 0.98468852043151855 0
vn 0.016140453517436981 0.99986976385116577 0
vn 0.19548282027244568 0.98070710897445679 0
vn 0.37924665212631226 0.92529559135437012 0
vn 0.55340701341629028 0.83291095495223999 0
vn 0.70941418409347534 0.7047918438911438 0
vn 0.83742982149124146 0.54654484987258911 0
vn 0.9306718111038208 0.36585506796836853 0
vn 0.98468852043151855 0.17432299256324768 0
vn 0.99986976385116577 -0.016140453517436981 0
vn 0.98070710897445679 -0.19548282027244568 0
vn 0.92529559135437012 -0.37924665212631226 0
vn 0.83291095495223999 -0.55340701341629028 0
vn 0.7047918438911438 -0.70941418409347534 0
vn 0.54654484987258911 -0.83742982149124146 0
vn 0.36585506796836853 -0.9306718111038208 0
vn 0.17432299256324768 -0.98468852043151855 0
vn -0.016140453517436981 -0.99986976385116577 0
vn -0.19548282027244568 -0.98070710897445679 0
vn -0.37924665212631226 -0.92529559135437012 0
vn -0.55340701341629028 -0.83291095495223999 0
vn -0.70941418409347534 -0.7047918438911438 0
vn -0.83742982149124146 -0.54654484987258911 0
vn -0.9306718111038208 -0.36585506796836853 0
vn -0.98468852043151855 -0.17432299256324768 0
vn -0.99986976385116577 0.016140453517436981 0
vn -0.98070710897445679 0.19548282027244568 0
vn -0.95917505025863647 0.28281295299530029 0
vn -0.92876392602920532 0.37067177891731262 0
vn -0.88906210660934448 0.45778661966323853 0
vn -0.83989381790161133 0.5427507758140564 0
vn -0.78136223554611206 0.62407773733139038 0
vn -0.71387737989425659 0.70027077198028564 0
vn -0.63816267251968384 0.7699015736579895 0
vn -0.55523741245269775 0.83169186115264893 0
vn -0.46637415885925293 0.88458758592605591 0
vn -0.37303426861763 0.92781758308410645 0
vn -0.27678921818733215 0.96093064546585083 0
vn -0.17923545837402344 0.98380619287490845 0
vn -0.081912636756896973 0.99663949012756348 0
vn 0.013766847550868988 0.99990522861480713 0
vn 0.10657119005918503 0.9943050742149353 0
vn 0.19548282027244568 0.98070710897445679 0
vn 0.28281295299530029 0.95917505025863647 0
vn 0.37067177891731262 0.92876392602920532 0
vn 0.45778661966323853 0.88906210660934448 0
vn 0.5427507758140564 0.83989381790161133 0
vn 0.62407773733139038 0.78136223554611206 0
vn 0.70027077198028564 0.71387737989425659 0
vn 0.7699015736579895 0.63816267251968384 0
vn 0.83169186115264893 0.55523741245269775 0
vn 0.88458758592605591 0.46637415885925293 0
vn 0.92781758308410645 0.37303426861763 0
vn 0.96093064546585083 0.27678921818733215 0
vn 0.98380619287490845 0.17923545837402344 0
vn 0.99663949012756348 0.081912636756896973 0
vn 0.99990522861480713 -0.013766847550868988 0
vn 0.9943050742149353 -0.10657119005918503 0
vn 0.98070710897445679 -0.19548282027244568 0
vn 0.95917505025863647 -0.28281295299530029 0
vn 0.92876392602920532 -0.37067177891731262 0
vn 0.88906210660934448 -0.45778661966323853 0
vn 0.83989381790161133 -0.5427507758140564 0
vn 0.78136223554611206 -0.62407773733139038 0
vn 0.71387737989425659 -0.70027077198028564 0
vn 0.63816267251968384 -0.7699015736579895 0
vn 0.55523741245269775 -0.83169186115264893 0
vn 0.46637415885925293 -0.88458758592605591 0
vn 0.37303426861763 -0.92781758308410645 0
vn 0.27678921818733215 -0.96093064546585083 0
vn 0.17923545837402344 -0.98380619287490845 0
vn 0.081912636756896973 -0.99663949012756348 0
vn -0.013766847550868988 -0.99990522861480713 0
vn -0.10657119005918503 -0.9943050742149353 0
vn -0.19548282027244568 -0.98070710897445679 0
vn -0.28281295299530029 -0.95917505025863647 0
vn -0.37067177891731262 -0.92876392602920532 0
vn -0.45778661966323853 -0.88906210660934448 0
vn -0.5427507758140564 -0.83989381790161133 0
vn -0.62407773733139038 -0.78136223554611206 0
vn -0.70027077198028564 -0.71387737989425659 0
vn -0.7699015736579895 -0.63816267251968384 0
vn -0.83169186115264893 -0.55523741245269775 0
vn -0.88458758592605591 -0.46637415885925293 0
vn -0.92781758308410645 -0.37303426861763 0
vn -0.96093064546585083 -0.27678921818733215 0
vn -0.98380619287490845 -0.17923545837402344 0
vn -0.99663949012756348 -0.081912636756896973 0
vn -0.99990522861480713 0.013766847550868988 0
vn -0.9943050742149353 0.10657119005918503 0
vn -0.98070710897445679 0.19548282027244568 0
f 40/40/40 39/39/39 33/33/33 37/37/37
f 39/39/39 41/41/41 35/35/35 33/33/33
f 33/33/33 35/35/35 36/36/36 34/34/34
f 37/37/37 33/33/33 34/34/34 38/38/38
f 3/3/3 36/36/36 2/2/2
f 1/1/1 2/2/2 35/35/35
f 1/1/1 35/35/35 32/32/32
f 4/4/4 36/36/36 3/3/3
f 34/34/34 6/6/6 7/7/7
f 5/5/5 6/6/6 36/36/36
f 34/34/34 36/36/36 6/6/6
f 2/2/2 36/36/36 35/35/35
f 4/4/4 5/5/5 36/36/36
f 34/34/34 7/7/7 8/8/8
f 41/41/41 29/29/29 30/30/30
f 27/27/27 28/28/28 41/41/41
f 28/28/28 29/29/29 41/41/41
f 31/31/31 35/35/35 30/30/30
f 30/30/30 35/35/35 41/41/41
f 25/25/25 26/26/26 39/39/39
f 39/39/39 24/24/24 25/25/25
f 41/41/41 39/39/39 26/26/26
f 27/27/27 41/41/41 26/26/26
f 35/35/35 31/31/31 32/32/32
f 9/9/9 10/10/10 34/34/34
f 11/11/11 38/38/38 10/10/10
f 14/14/14 37/37/37 38/38/38
f 38/38/38 34/34/34 10/10/10
f 38/38/38 12/12/12 13/13/13
f 37/37/37 14/14/14 15/15/15
f 14/14/14 38/38/38 13/13/13
f 12/12/12 38/38/38 11/11/11
f 16/16/16 37/37/37 15/15/15
f 22/22/22 39/39/39 40/40/40
f 23/23/23 39/39/39 22/22/22
f 21/21/21 22/22/22 40/40/40
f 21/21/21 40/40/40 20/20/20
f 24/24/24 39/39/39 23/23/23
f 40/40/40 37/37/37 18/18/18
f 40/40/40 19/19/19 20/20/20
f 19/19/19 40/40/40 18/18/18
f 18/18/18 37/37/37 17/17/17
f 37/37/37 16/16/16 17/17/17
f 9/9/9 34/34/34 8/8/8
f 44/44/44 43/43/43 42/42/42
f 45/45/45 133/136/136 44/44/44
f 47/47/47 134/137/137 135/138/138 46/46/46
f 49/49/49 136/139/139 137/140/140 48/48/48
f 48/48/48 137/140/140 134/137/137 47/47/47
f 46/46/46 135/138/138 133/136/136 45/45/45
f 51/51/51 126/129/129 50/50/50
f 53/53/53 124/127/127 52/52/52
f 52/52/52 125/128/128 51/51/51
f 55/55/55 122/125/125 54/54/54
f 122/125/125 55/55/55 56/56/56
f 57/57/57 121/124/124 56/56/56
f 123/126/126 53/53/53 54/54/54
f 50/50/50 138/141/141 136/139/139 49/49/49
f 121/124/124 122/125/125 56/56/56
f 120/123/123 57/57/57 58/58/58
f 120/123/123 58/58/58 59/59/59
f 118/121/121 60/60/60 61/61/61
f 117/120/120 118/121/121 62/62/62
f 118/121/121 61/61/61 62/62/62
f 119/122/122 59/59/59 60/60/60
f 120/123/123 59/59/59 119/122/122
f 63/63/63 117/120/120 62/62/62
f 118/121/121 119/122/122 60/60/60
f 64/64/64 116/119/119 63/63/63
f 65/65/65 116/119/119 64/64/64
f 67/67/67 114/117/117 66/66/66
f 66/66/66 115/118/118 65/65/65
f 68/68/68 113/116/116 67/67/67
f 121/124/124 57/57/57 120/123/123
f 95/97/97 43/43/43 133/136/136
f 133/136/136 43/43/43 44/44/44
f 94/96/96 133/136/136 135/138/138
f 93/95/95 134/137/137 137/140/140
f 92/94/94 136/139/139 138/141/141
f 92/94/94 137/140/140 136/139/139
f 94/96/96 135/138/138 134/137/137
f 134/137/137 93/95/95 94/96/96
f 94/96/96 95/97/97 133/136/136
f 96/98/98 43/43/43 95/97/97
f 138/141/141 129/132/132 92/94/94
f 129/132/132 91/93/93 92/94/94
f 137/140/140 92/94/94 93/95/95
f 138/141/141 128/131/131 129/132/132
f 128/131/131 138/141/141 127/130/130
f 125/128/128 52/52/52 124/127/127
f 124/127/127 53/53/53 123/126/126
f 65/65/65 115/118/118 116/119/119
f 116/119/119 117/120/120 63/63/63
f 122/125/125 123/126/126 54/54/54
f 125/128/128 126/129/129 51/51/51
f 114/117/117 115/118/118 66/66/66
f 50/50/50 127/130/130 138/141/141
f 132/135/135 113/116/116 68/68/68
f 139/142/142 131/134/134 132/135/135
f 131/134/134 139/142/142 130/133/133
f 113/116/116 114/117/117 67/67/67
f 111/114/114 112/115/115 130/133/133
f 127/130/130 50/50/50 126/129/129
f 132/135/135 68/68/68 139/142/142
f 139/142/142 69/69/69 70/70/70
f 140/143/143 70/70/70 71/71/71
f 73/73/73 141/144/144 142/145/145 72/72/72
f 75/75/75 143/146/146 144/147/147 74/74/74
f 74/74/74 144/147/147 141/144/144 73/73/73
f 72/72/72 142/145/145 140/143/143 71/71/71
f 110/113/113 139/142/142 140/143/143
f 140/143/143 139/142/142 70/70/70
f 108/111/111 142/145/145 141/144/144
f 109/112/112 140/143/143 142/145/145
f 106/109/109 143/146/146 145/148/148
f 76/76/76 145/148/148 143/146/146 75/75/75
f 145/148/148 76/76/76 77/77/77 146/149/149
f 107/110/110 144/147/147 143/146/146
f 108/111/111 141/144/144 144/147/147
f 68/68/68 69/69/69 139/142/142
f 78/78/78 147/150/150 146/149/149 77/77/77
f 80/80/80 148/151/151 149/152/152 79/79/79
f 82/82/82 150/153/153 151/154/154 81/81/81
f 81/81/81 151/154/154 148/151/151 80/80/80
f 79/79/79 149/152/152 147/150/150 78/78/78
f 84/84/84 152/155/155 153/156/156 83/83/83
f 86/86/86 154/157/157 155/158/158 85/85/85
f 85/85/85 155/158/158 152/155/155 84/84/84
f 88/88/88 156/159/159 157/160/160 87/87/87
f 90/90/90 158/161/161 159/162/162 89/89/89
f 89/89/89 159/162/162 156/159/159 88/88/88
f 87/87/87 157/160/160 154/157/157 86/86/86
f 83/83/83 153/156/156 150/153/153 82/82/82
f 42/91/91 43/92/92 158/161/161 90/90/90
f 110/113/113 111/114/114 139/142/142
f 106/109/109 145/148/148 146/149/149
f 146/149/149 147/150/150 105/108/108
f 149/152/152 104/107/107 147/150/150
f 151/154/154 103/106/106 148/151/151
f 148/151/151 104/107/107 149/152/152
f 151/154/154 102/105/105 103/106/106
f 108/111/111 109/112/112 142/145/145
f 107/110/110 108/111/111 144/147/147
f 110/113/113 140/143/143 109/112/112
f 105/108/108 106/109/109 146/149/149
f 106/109/109 107/110/110 143/146/146
f 104/107/107 105/108/108 147/150/150
f 104/107/107 148/151/151 103/106/106
f 102/105/105 151/154/154 150/153/153
f 101/104/104 153/156/156 152/155/155
f 100/103/103 155/158/158 154/157/157
f 100/103/103 152/155/155 155/158/158
f 98/101/101 157/160/160 156/159/159
f 97/100/100 159/162/162 158/161/161
f 98/101/101 156/159/159 159/162/162
f 99/102/102 154/157/157 157/160/160
f 154/157/157 99/102/102 100/103/103
f 100/103/103 101/104/104 152/155/155
f 102/105/105 153/156/156 101/104/104
f 158/161/161 96/99/99 97/100/100
f 97/100/100 98/101/101 159/162/162
f 157/160/160 98/101/101 99/102/102
f 43/92/92 96/99/99 158/161/161
f 150/153/153 153/156/156 102/105/105
f 130/133/133 139/142/142 111/114/114
f 170/221/221 175/226/226 169/220/220
f 175/226/226 160/163/163 168/219/219
f 160/163/163 170/221/221 162/213/213
f 170/221/221 160/163/163 175/226/226
f 162/213/213 170/221/221 172/223/223 166/217/217
f 170/221/221 169/220/220 171/222/222 172/223/223
f 168/219/219 174/225/225 176/227/227 175/226/226
f 175/226/226 176/227/227 173/224/224 169/220/220
f 196/247/247 195/246/246 163/214/214 194/245/245
f 191/242/242 161/212/212 195/246/246 196/247/247
f 163/214/214 164/215/215 167/218/218 165/216/216
f 164/215/215 162/213/213 166/217/217 167/218/218
f 195/246/246 164/215/215 163/214/214
f 164/215/215 160/163/163 162/213/213
f 160/163/163 195/246/246 161/212/212
f 195/246/246 160/163/163 164/215/215
f 183/234/234 185/236/236 184/235/235 177/228/228
f 185/236/236 182/233/233 178/229/229 184/235/235
f 180/231/231 184/235/235 178/229/229
f 184/235/235 160/163/163 177/228/228
f 160/163/163 180/231/231 168/219/219
f 180/231/231 160/163/163 184/235/235
f 178/229/229 179/230/230 181/232/232 180/231/231
f 180/231/231 181/232/232 174/225/225 168/219/219
f 193/244/244 192/243/243 161/212/212 191/242/242
f 190/241/241 186/237/237 192/243/243 193/244/244
f 188/239/239 192/243/243 186/237/237
f 192/243/243 160/163/163 161/212/212
f 160/163/163 188/239/239 177/228/228
f 188/239/239 160/163/163 192/243/243
f 187/238/238 189/240/240 188/239/239 186/237/237
f 189/240/240 183/234/234 177/228/228 188/239/239
f 50/171/171 171/222/222 51/172/172
f 52/173/173 51/172/172 171/222/222
f 169/220/220 52/173/173 171/222/222
f 172/223/223 48/169/169 47/168/168
f 49/170/170 171/222/222 50/171/171
f 172/223/223 171/222/222 49/170/170
f 48/169/169 172/223/223 49/170/170
f 166/217/217 172/223/223 47/168/168
f 53/174/174 52/173/173 173/224/224
f 56/177/177 55/176/176 176/227/227
f 57/178/178 56/177/177 176/227/227
f 58/179/179 57/178/178 174/225/225
f 52/173/173 169/220/220 173/224/224
f 173/224/224 55/176/176 54/175/175
f 176/227/227 55/176/176 173/224/224
f 176/227/227 174/225/225 57/178/178
f 54/175/175 53/174/174 173/224/224
f 174/225/225 59/180/180 58/179/179
f 166/217/217 46/167/167 45/166/166
f 45/166/166 167/218/218 166/217/217
f 166/217/217 47/168/168 46/167/167
f 44/165/165 167/218/218 45/166/166
f 42/164/164 167/218/218 44/165/165
f 89/210/210 165/216/216 90/211/211
f 42/164/164 90/211/211 165/216/216
f 88/209/209 165/216/216 89/210/210
f 42/164/164 165/216/216 167/218/218
f 194/245/245 163/214/214 88/209/209
f 165/216/216 88/209/209 163/214/214
f 85/206/206 196/247/247 194/245/245
f 87/208/208 194/245/245 88/209/209
f 86/207/207 194/245/245 87/208/208
f 86/207/207 85/206/206 194/245/245
f 196/247/247 85/206/206 84/205/205
f 84/205/205 83/204/204 196/247/247
f 191/242/242 196/247/247 83/204/204
f 60/181/181 59/180/180 181/232/232
f 61/182/182 60/181/181 181/232/232
f 62/183/183 61/182/182 179/230/230
f 179/230/230 61/182/182 181/232/232
f 178/229/229 64/185/185 179/230/230
f 63/184/184 179/230/230 64/185/185
f 182/233/233 64/185/185 178/229/229
f 179/230/230 63/184/184 62/183/183
f 66/187/187 65/186/186 182/233/233
f 64/185/185 182/233/233 65/186/186
f 182/233/233 67/188/188 66/187/187
f 185/236/236 67/188/188 182/233/233
f 69/190/190 185/236/236 183/234/234
f 183/234/234 70/191/191 69/190/190
f 68/189/189 185/236/236 69/190/190
f 68/189/189 67/188/188 185/236/236
f 71/192/192 70/191/191 183/234/234
f 81/202/202 193/244/244 191/242/242
f 77/198/198 190/241/241 78/199/199
f 79/200/200 190/241/241 193/244/244
f 81/202/202 191/242/242 82/203/203
f 80/201/201 79/200/200 193/244/244
f 193/244/244 81/202/202 80/201/201
f 78/199/199 190/241/241 79/200/200
f 76/197/197 186/237/237 190/241/241
f 83/204/204 82/203/203 191/242/242
f 187/238/238 73/194/194 189/240/240
f 72/193/193 189/240/240 73/194/194
f 189/240/240 72/193/193 71/192/192
f 71/192/192 183/234/234 189/240/240
f 76/197/197 190/241/241 77/198/198
f 75/196/196 74/195/195 187/238/238
f 73/194/194 187/238/238 74/195/195
f 76/197/197 75/196/196 187/238/238
f 186/237/237 76/197/197 187/238/238
f 59/180/180 174/225/225 181/232/232
f 276/330/330 280/334/334 279/333/333 272/326/326
f 278/332/332 276/330/330 272/326/326 277/331/331
f 275/329/329 278/332/332 277/331/331 274/328/328
f 277/331/331 272/326/326 246/298/298
f 273/327/327 274/328/328 277/331/331
f 246/298/298 273/327/327 277/331/331
f 271/325/325 274/328/328 273/327/327 247/299/299
f 198/249/249 245/297/297 197/248/248
f 199/250/250 254/307/307 198/249/249
f 201/252/252 253/306/306 200/251/251
f 203/254/254 251/304/304 202/253/253
f 202/253/253 252/305/305 201/252/252
f 200/251/251 253/306/306 199/250/250
f 205/256/256 250/303/303 204/255/255
f 206/257/257 249/302/302 205/256/256
f 208/259/259 292/346/346 207/258/258
f 210/261/261 291/345/345 209/260/260
f 209/260/260 291/345/345 208/259/259
f 207/258/258 293/347/347 206/257/257
f 204/255/255 251/304/304 203/254/254
f 212/263/263 289/343/343 211/262/262
f 213/264/264 289/343/343 212/263/263
f 287/341/341 214/265/265 215/266/266
f 286/340/340 287/341/341 216/267/267
f 287/341/341 215/266/266 216/267/267
f 214/265/265 288/342/342 213/264/264
f 218/269/269 285/339/339 217/268/268
f 219/270/270 220/271/271 284/338/338
f 285/339/339 218/269/269 219/270/270
f 286/340/340 216/267/267 217/268/268
f 221/272/272 283/337/337 220/271/271
f 223/274/274 282/336/336 222/273/273
f 222/273/273 283/337/337 221/272/272
f 224/275/275 281/335/335 223/274/274
f 290/344/344 210/261/261 211/262/262
f 214/265/265 287/341/341 288/342/342
f 253/306/306 201/252/252 252/305/305
f 297/351/351 206/257/257 293/347/347
f 293/347/347 207/258/258 292/346/346
f 249/302/302 206/257/257 297/351/351
f 210/261/261 290/344/344 291/345/345
f 211/262/262 289/343/343 290/344/344
f 208/259/259 291/345/345 292/346/346
f 255/308/308 198/249/249 254/307/307
f 255/308/308 245/297/297 198/249/249
f 199/250/250 253/306/306 254/307/307
f 297/351/351 248/301/301 249/302/302
f 252/305/305 202/253/253 251/304/304
f 251/304/304 204/255/255 250/303/303
f 205/256/256 249/302/302 250/303/303
f 217/268/268 285/339/339 286/340/340
f 220/271/271 283/337/337 284/338/338
f 222/273/273 282/336/336 283/337/337
f 284/338/338 285/339/339 219/270/270
f 295/349/349 279/333/333 294/348/348
f 281/335/335 282/336/336 223/274/274
f 294/348/348 280/334/334 270/324/324
f 246/298/298 295/349/349 296/350/350
f 272/326/326 279/333/333 246/298/298
f 295/349/349 246/298/298 279/333/333
f 269/323/323 270/324/324 280/334/334
f 294/348/348 279/333/333 280/334/334
f 296/350/350 281/335/335 224/275/275
f 296/350/350 224/275/275 246/298/298
f 288/342/342 289/343/343 213/264/264
f 246/298/298 224/275/275 273/327/327
f 226/277/277 268/322/322 225/276/276
f 227/278/278 267/321/321 226/277/277
f 229/280/280 266/320/320 228/279/279
f 231/282/282 265/319/319 230/281/281
f 230/281/281 265/319/319 229/280/280
f 228/279/279 267/321/321 227/278/278
f 233/284/284 263/317/317 232/283/283
f 235/286/286 262/316/316 234/285/285
f 234/285/285 263/317/317 233/284/284
f 237/288/288 311/365/365 236/287/287
f 311/365/365 312/366/366 236/287/287
f 235/286/286 312/366/366 313/367/367
f 235/286/286 236/287/287 312/366/366
f 264/318/318 231/282/282 232/283/283
f 313/367/367 262/316/316 235/286/286
f 310/364/364 237/288/288 238/289/289
f 309/363/363 238/289/289 239/290/290
f 307/361/361 240/291/291 241/292/292
f 257/311/311 299/353/353 242/293/293
f 300/354/354 241/292/292 242/293/293
f 239/290/290 240/291/291 308/362/362
f 308/362/362 309/363/363 239/290/290
f 308/362/362 240/291/291 307/361/361
f 244/295/295 256/310/310 243/294/294
f 299/353/353 300/354/354 242/293/293
f 241/292/292 300/354/354 307/361/361
f 245/300/300 244/295/295 197/296/296
f 257/311/311 242/293/293 243/294/294
f 311/365/365 237/288/288 310/364/364
f 269/323/323 276/330/330 278/332/332
f 268/322/322 275/329/329 271/325/325
f 274/328/328 271/325/325 275/329/329
f 271/325/325 247/299/299 268/322/322
f 273/327/327 224/275/275 247/299/299
f 269/323/323 278/332/332 275/329/329
f 268/322/322 269/323/323 275/329/329
f 268/322/322 226/277/277 267/321/321
f 247/299/299 225/276/276 268/322/322
f 266/320/320 229/280/280 265/319/319
f 263/317/317 264/318/318 232/283/283
f 267/321/321 228/279/279 266/320/320
f 234/285/285 262/316/316 263/317/317
f 264/318/318 265/319/319 231/282/282
f 280/334/334 276/330/330 269/323/323
f 261/315/315 301/355/355 302/356/356
f 260/314/314 302/356/356 303/357/357
f 243/294/294 256/310/310 257/311/311
f 258/312/312 306/360/360 298/352/352
f 260/314/314 303/357/357 304/358/358
f 301/355/355 262/316/316 313/367/367
f 238/289/289 309/363/363 310/364/364
f 261/315/315 302/356/356 260/314/314
f 259/313/313 304/358/358 305/359/359
f 259/313/313 260/314/314 304/358/358
f 305/359/359 306/360/360 259/313/313
f 258/312/312 298/352/352 257/311/311
f 259/313/313 306/360/360 258/312/312
f 298/352/352 299/353/353 257/311/311
f 244/295/295 255/309/309 256/310/310
f 262/316/316 301/355/355 261/315/315
f 245/300/300 255/309/309 244/295/295
f 225/276/276 247/299/299 224/275/275
f 349/451/451 321/423/423 317/419/419
f 321/423/423 314/368/368 315/417/417
f 314/368/368 349/451/451 316/418/418
f 349/451/451 314/368/368 321/423/423
f 316/418/418 349/451/451 350/452/452 347/449/449
f 349/451/451 317/419/419 319/421/421 350/452/452
f 315/417/417 320/422/422 322/424/424 321/423/423
f 321/423/423 322/424/424 318/420/420 317/419/419
f 344/446/446 343/445/445 341/443/443 342/444/444
f 338/440/440 332/434/434 343/445/445 344/446/446
f 341/443/443 346/448/448 348/450/450 345/447/447
f 346/448/448 316/418/418 347/449/449 348/450/450
f 343/445/445 346/448/448 341/443/443
f 346/448/448 314/368/368 316/418/418
f 314/368/368 343/445/445 332/434/434
f 343/445/445 314/368/368 346/448/448
f 329/431/431 331/433/433 330/432/432 323/425/425
f 331/433/433 328/430/430 324/426/426 330/432/432
f 326/428/428 330/432/432 324/426/426
f 330/432/432 314/368/368 323/425/425
f 314/368/368 326/428/428 315/417/417
f 326/428/428 314/368/368 330/432/432
f 324/426/426 325/427/427 327/429/429 326/428/428
f 326/428/428 327/429/429 320/422/422 315/417/417
f 340/442/442 339/441/441 332/434/434 338/440/440
f 337/439/439 333/435/435 339/441/441 340/442/442
f 335/437/437 339/441/441 333/435/435
f 339/441/441 314/368/368 332/434/434
f 314/368/368 335/437/437 323/425/425
f 335/437/437 314/368/368 339/441/441
f 334/436/436 336/438/438 335/437/437 333/435/435
f 336/438/438 329/431/431 323/425/425 335/437/437
f 242/414/414 319/421/421 243/415/415
f 244/416/416 243/415/415 319/421/421
f 317/419/419 244/416/416 319/421/421
f 240/412/412 239/411/411 347/449/449
f 350/452/452 242/414/414 241/413/413
f 319/421/421 242/414/414 350/452/452
f 240/412/412 350/452/452 241/413/413
f 240/412/412 347/449/449 350/452/452
f 197/369/369 244/416/416 317/419/419
f 200/372/372 199/371/371 322/424/424
f 201/373/373 200/372/372 322/424/424
f 202/374/374 201/373/373 320/422/422
f 197/369/369 317/419/419 318/420/420
f 318/420/420 199/371/371 198/370/370
f 322/424/424 199/371/371 318/420/420
f 322/424/424 320/422/422 201/373/373
f 198/370/370 197/369/369 318/420/420
f 320/422/422 203/375/375 202/374/374
f 347/449/449 238/410/410 237/409/409
f 237/409/409 348/450/450 347/449/449
f 347/449/449 239/411/411 238/410/410
f 236/408/408 348/450/450 237/409/409
f 235/407/407 348/450/450 236/408/408
f 233/405/405 345/447/447 234/406/406
f 235/407/407 234/406/406 345/447/447
f 345/447/447 233/405/405 341/443/443
f 235/407/407 345/447/447 348/450/450
f 342/444/444 341/443/443 232/404/404
f 233/405/405 232/404/404 341/443/443
f 230/402/402 344/446/446 342/444/444
f 231/403/403 342/444/444 232/404/404
f 230/402/402 342/444/444 231/403/403
f 229/401/401 228/400/400 344/446/446
f 229/401/401 344/446/446 230/402/402
f 228/400/400 227/399/399 338/440/440
f 338/440/440 344/446/446 228/400/400
f 327/429/429 204/376/376 320/422/422
f 205/377/377 204/376/376 327/429/429
f 206/378/378 205/377/377 327/429/429
f 325/427/427 206/378/378 327/429/429
f 324/426/426 208/380/380 325/427/427
f 207/379/379 325/427/427 208/380/380
f 209/381/381 208/380/380 324/426/426
f 325/427/427 207/379/379 206/378/378
f 210/382/382 209/381/381 328/430/430
f 328/430/430 211/383/383 210/382/382
f 331/433/433 211/383/383 328/430/430
f 213/385/385 331/433/433 329/431/431
f 329/431/431 214/386/386 213/385/385
f 212/384/384 331/433/433 213/385/385
f 212/384/384 211/383/383 331/433/433
f 215/387/387 214/386/386 329/431/431
f 328/430/430 209/381/381 324/426/426
f 225/397/397 340/442/442 338/440/440
f 221/393/393 337/439/439 222/394/394
f 223/395/395 337/439/439 340/442/442
f 225/397/397 338/440/440 226/398/398
f 225/397/397 224/396/396 340/442/442
f 340/442/442 224/396/396 223/395/395
f 223/395/395 222/394/394 337/439/439
f 221/393/393 333/435/435 337/439/439
f 227/399/399 226/398/398 338/440/440
f 218/390/390 217/389/389 336/438/438
f 216/388/388 336/438/438 217/389/389
f 329/431/431 336/438/438 216/388/388
f 220/392/392 333/435/435 221/393/393
f 219/391/391 218/390/390 334/436/436
f 336/438/438 334/436/436 218/390/390
f 220/392/392 219/391/391 334/436/436
f 333/435/435 220/392/392 334/436/436
f 329/431/431 216/388/388 215/387/387
f 204/376/376 203/375/375 320/422/422
f 407/509/509 354/456/456 353/455/455
f 355/457/457 354/456/456 406/508/508
f 356/458/458 355/457/457 405/507/507
f 407/509/509 406/508/508 354/456/456
f 352/454/454 407/509/509 353/455/455
f 409/511/511 351/453/453 398/500/500
f 351/453/453 409/511/511 408/510/510
f 407/509/509 352/454/454 408/510/510
f 352/454/454 351/453/453 408/510/510
f 397/499/499 409/511/511 398/500/500
f 358/460/460 357/459/459 404/506/506
f 360/462/462 359/461/461 403/505/505
f 358/460/460 403/505/505 359/461/461
f 360/462/462 402/504/504 361/463/463
f 405/507/507 355/457/457 406/508/508
f 358/460/460 404/506/506 403/505/505
f 360/462/462 403/505/505 402/504/504
f 404/506/506 357/459/459 405/507/507
f 357/459/459 356/458/458 405/507/507
f 410/512/512 397/499/499 396/498/498
f 395/497/497 411/513/513 396/498/498
f 410/512/512 396/498/498 411/513/513
f 394/496/496 411/513/513 395/497/497
f 410/512/512 409/511/511 397/499/499
f 412/514/514 394/496/496 393/495/495
f 413/515/515 392/494/494 391/493/493
f 392/494/494 413/515/515 393/495/495
f 393/495/495 413/515/515 412/514/514
f 412/514/514 411/513/513 394/496/496
f 391/493/493 390/492/492 414/516/516
f 387/489/489 417/519/519 416/518/518
f 388/490/490 416/518/518 415/517/517
f 390/492/492 415/517/517 414/516/516
f 389/491/491 415/517/517 390/492/492
f 415/517/517 389/491/491 388/490/490
f 388/490/490 387/489/489 416/518/518
f 387/489/489 386/488/488 417/519/519
f 386/488/488 385/487/487 417/519/519
f 413/515/515 391/493/493 414/516/516
f 401/503/503 361/463/463 402/504/504
f 363/465/465 362/464/464 401/503/503
f 364/466/466 399/501/501 365/467/467
f 363/465/465 400/502/502 364/466/466
f 366/468/468 365/467/467 399/501/501
f 363/465/465 401/503/503 400/502/502
f 366/468/468 399/501/501 430/532/532
f 430/532/532 429/531/531 367/469/469
f 399/501/501 364/466/466 400/502/502
f 367/469/469 366/468/468 430/532/532
f 361/463/463 401/503/503 362/464/464
f 367/469/469 429/531/531 368/470/470
f 429/531/531 369/471/471 368/470/470
f 428/530/530 370/472/472 369/471/471
f 369/471/471 429/531/531 428/530/530
f 427/529/529 370/472/472 428/530/530
f 372/474/474 427/529/529 426/528/528
f 426/528/528 373/475/475 372/474/474
f 371/473/473 427/529/529 372/474/474
f 371/473/473 370/472/472 427/529/529
f 425/527/527 373/475/475 426/528/528
f 384/486/486 419/521/521 418/520/520
f 380/482/482 421/523/523 381/483/483
f 381/483/483 421/523/523 420/522/522
f 382/484/484 420/522/522 419/521/521
f 384/486/486 418/520/520 385/487/487
f 384/486/486 383/485/485 419/521/521
f 383/485/485 382/484/484 419/521/521
f 420/522/522 382/484/484 381/483/483
f 379/481/481 422/524/524 421/523/523
f 418/520/520 417/519/519 385/487/487
f 375/477/477 425/527/527 424/526/526
f 376/478/478 375/477/477 424/526/526
f 374/476/476 425/527/527 375/477/477
f 374/476/476 373/475/475 425/527/527
f 423/525/525 376/478/478 424/526/526
f 380/482/482 379/481/481 421/523/523
f 378/480/480 423/525/525 422/524/524
f 422/524/524 379/481/481 378/480/480
f 377/479/479 423/525/525 378/480/480
f 377/479/479 376/478/478 423/525/525
f 510/612/612 478/580/580 477/579/579
f 431/533/533 478/580/580 509/611/611
f 432/534/534 431/533/533 509/611/611
f 510/612/612 509/611/611 478/580/580
f 479/581/581 510/612/612 477/579/579
f 480/582/582 475/577/577 474/576/576
f 475/577/577 480/582/582 479/581/581
f 477/579/579 476/578/578 479/581/581
f 476/578/578 475/577/577 479/581/581
f 481/583/583 480/582/582 474/576/576
f 434/536/536 433/535/535 507/609/609
f 436/538/538 435/537/537 506/608/608
f 434/536/536 507/609/609 435/537/537
f 436/538/538 505/607/607 437/539/539
f 508/610/610 432/534/534 509/611/611
f 435/537/537 507/609/609 506/608/608
f 436/538/538 506/608/608 505/607/607
f 507/609/609 433/535/535 508/610/610
f 505/607/607 438/540/540 437/539/539
f 433/535/535 432/534/534 508/610/610
f 481/583/583 473/575/575 472/574/574
f 471/573/573 482/584/584 472/574/574
f 472/574/574 482/584/584 481/583/583
f 481/583/583 474/576/576 473/575/575
f 483/585/585 482/584/584 471/573/573
f 470/572/572 483/585/585 471/573/573
f 468/570/570 484/586/586 469/571/571
f 469/571/571 483/585/585 470/572/572
f 468/570/570 467/569/569 485/587/587
f 483/585/585 469/571/571 484/586/586
f 467/569/569 466/568/568 485/587/587
f 463/565/565 488/590/590 487/589/589
f 465/567/567 487/589/589 486/588/588
f 466/568/568 486/588/588 485/587/587
f 465/567/567 486/588/588 466/568/568
f 465/567/567 464/566/566 487/589/589
f 487/589/589 464/566/566 463/565/565
f 463/565/565 462/564/564 488/590/590
f 489/591/591 488/590/590 462/564/564
f 484/586/586 468/570/570 485/587/587
f 439/541/541 438/540/540 504/606/606
f 441/543/543 440/542/542 503/605/605
f 440/542/542 439/541/541 503/605/605
f 441/543/543 502/604/604 442/544/544
f 439/541/541 504/606/606 503/605/605
f 442/544/544 502/604/604 501/603/603
f 501/603/603 500/602/602 444/546/546
f 502/604/604 441/543/543 503/605/605
f 443/545/545 442/544/544 501/603/603
f 500/602/602 445/547/547 444/546/546
f 445/547/547 499/601/601 446/548/548
f 445/547/547 500/602/602 499/601/601
f 447/549/549 446/548/548 499/601/601
f 498/600/600 447/549/549 499/601/601
f 449/551/551 448/550/550 497/599/599
f 498/600/600 497/599/599 448/550/550
f 450/552/552 449/551/551 497/599/599
f 498/600/600 448/550/550 447/549/549
f 443/545/545 501/603/603 444/546/546
f 460/562/562 490/592/592 489/591/591
f 456/558/558 492/594/594 457/559/559
f 457/559/559 492/594/594 491/593/593
f 459/561/561 491/593/593 490/592/592
f 460/562/562 489/591/591 461/563/563
f 459/561/561 458/560/560 491/593/593
f 490/592/592 460/562/562 459/561/561
f 457/559/559 491/593/593 458/560/560
f 456/558/558 493/595/595 492/594/594
f 462/564/564 461/563/563 489/591/591
f 451/553/553 496/598/598 495/597/597
f 452/554/554 451/553/553 495/597/597
f 450/552/552 496/598/598 451/553/553
f 450/552/552 497/599/599 496/598/598
f 453/555/555 452/554/554 495/597/597
f 454/556/556 494/596/596 493/595/595
f 456/558/558 455/557/557 493/595/595
f 493/595/595 455/557/557 454/556/556
f 453/555/555 494/596/596 454/556/556
f 453/555/555 495/597/597 494/596/596
f 438/540/540 505/607/607 504/606/606
f 513/615/615 512/614/614 511/613/613
f 515/617/617 513/615/615 514/616/616
f 512/614/614 513/615/615 515/617/617
f 521/623/623 516/618/618 517/619/619 518/620/620
f 519/621/621 520/622/622 518/620/620 517/619/619
f 594/698/698 519/624/624 522/626/626
f 594/698/698 522/626/626 524/628/628
f 528/632/632 595/699/699 596/700/700 526/630/630
f 530/634/634 597/701/701 595/699/699 528/632/632
f 596/700/700 524/628/628 526/630/630
f 594/698/698 596/700/700 525/629/629 523/627/627
f 596/700/700 594/698/698 524/628/628
f 595/699/699 529/633/633 527/631/631 596/700/700
f 598/702/702 532/636/636 534/638/638 599/703/703
f 598/702/702 533/637/637 531/635/635 597/701/701
f 532/636/636 598/702/702 597/701/701 530/634/634
f 597/701/701 531/635/635 529/633/633 595/699/699
f 520/625/625 519/624/624 594/698/698
f 538/642/642 600/704/704 601/705/705 536/640/640
f 600/704/704 538/642/642 540/644/644 602/706/706
f 542/646/646 603/707/707 602/706/706 540/644/644
f 546/650/650 604/708/708 605/709/709 544/648/648
f 544/648/648 605/709/709 603/707/707 542/646/646
f 601/705/705 537/641/641 535/639/639 599/703/703
f 536/640/640 601/705/705 599/703/703 534/638/638
f 600/704/704 539/643/643 537/641/641 601/705/705
f 550/654/654 606/710/710 607/711/711 548/652/652
f 554/658/658 608/712/712 609/713/713 552/656/656
f 552/656/656 609/713/713 606/710/710 550/654/654
f 548/652/652 607/711/711 604/708/708 546/650/650
f 556/660/660 610/714/714 608/712/712 554/658/658
f 599/703/703 535/639/639 533/637/637 598/702/702
f 523/627/627 520/625/625 594/698/698
f 596/700/700 527/631/631 525/629/629
f 541/645/645 602/706/706 603/707/707 543/647/647
f 539/643/643 600/704/704 602/706/706 541/645/645
f 604/708/708 547/651/651 545/649/649 605/709/709
f 607/711/711 549/653/653 547/651/651 604/708/708
f 609/713/713 553/657/657 551/655/655 606/710/710
f 555/659/659 608/712/712 610/714/714 557/661/661
f 608/712/712 555/659/659 553/657/657 609/713/713
f 606/710/710 551/655/655 549/653/653 607/711/711
f 605/709/709 545/649/649 543/647/647 603/707/707
f 610/714/714 556/660/660 558/662/662 611/715/715
f 560/664/664 612/716/716 611/715/715 558/662/662
f 562/666/666 613/717/717 612/716/716 560/664/664
f 566/670/670 614/718/718 615/719/719 564/668/668
f 568/672/672 616/720/720 614/718/718 566/670/670
f 564/668/668 615/719/719 613/717/717 562/666/666
f 612/716/716 561/665/665 559/663/663 611/715/715
f 613/717/717 563/667/667 561/665/665 612/716/716
f 616/720/720 569/673/673 567/671/671 614/718/718
f 570/674/674 617/721/721 616/720/720 568/672/672
f 614/718/718 567/671/671 565/669/669 615/719/719
f 615/719/719 565/669/669 563/667/667 613/717/717
f 557/661/661 610/714/714 611/715/715 559/663/663
f 574/678/678 618/722/722 619/723/723 572/676/676
f 618/722/722 574/678/678 576/680/680 620/724/724
f 578/682/682 621/725/725 620/724/724 576/680/680
f 582/686/686 622/726/726 623/727/727 580/684/684
f 580/684/684 623/727/727 621/725/725 578/682/682
f 619/723/723 573/677/677 571/675/675 617/721/721
f 572/676/676 619/723/723 617/721/721 570/674/674
f 618/722/722 575/679/679 573/677/677 619/723/723
f 586/690/690 624/728/728 625/729/729 584/688/688
f 590/694/694 626/730/730 627/731/731 588/692/692
f 588/692/692 627/731/731 624/728/728 586/690/690
f 584/688/688 625/729/729 622/726/726 582/686/686
f 593/697/697 626/730/730 590/694/694
f 617/721/721 571/675/675 569/673/673 616/720/720
f 577/681/681 620/724/724 621/725/725 579/683/683
f 575/679/679 618/722/722 620/724/724 577/681/681
f 623/727/727 581/685/685 579/683/683 621/725/725
f 622/726/726 583/687/687 581/685/685 623/727/727
f 625/729/729 585/689/689 583/687/687 622/726/726
f 627/731/731 589/693/693 587/691/691 624/728/728
f 624/728/728 587/691/691 585/689/689 625/729/729
f 626/730/730 591/695/695 589/693/693 627/731/731
f 626/730/730 592/696/696 591/695/695
f 592/696/696 626/730/730 593/697/697
f 704/810/810 630/734/734 629/733/733 628/732/732
f 634/738/738 635/739/739 633/737/737 632/736/736
f 632/736/736 633/737/737 631/735/735 630/734/734
f 638/742/742 639/743/743 637/741/741 636/740/740
f 642/746/746 643/747/747 641/745/745 640/744/744
f 644/748/748 645/749/749 643/747/747 642/746/746
f 640/744/744 641/745/745 639/743/743 638/742/742
f 636/740/740 637/741/741 635/739/739 634/738/738
f 648/752/752 649/753/753 647/751/751 646/750/750
f 652/756/756 653/757/757 651/755/755 650/754/754
f 654/758/758 655/759/759 653/757/757 652/756/756
f 650/754/754 651/755/755 649/753/753 648/752/752
f 658/762/762 659/763/763 657/761/761 656/760/760
f 662/766/766 663/767/767 661/765/765 660/764/764
f 664/768/768 665/769/769 663/767/767 662/766/766
f 660/764/764 661/765/765 659/763/763 658/762/762
f 656/760/760 657/761/761 655/759/759 654/758/758
f 646/750/750 647/751/751 645/749/749 644/748/748
f 631/735/735 629/733/733 630/734/734
f 665/769/769 664/768/768 666/770/770 667/771/771
f 668/772/772 669/773/773 667/771/771 666/770/770
f 672/776/776 673/777/777 671/775/775 670/774/774
f 674/778/778 675/779/779 673/777/777 672/776/776
f 670/774/774 671/775/775 669/773/773 668/772/772
f 678/782/782 679/783/783 677/781/781 676/780/780
f 682/786/786 683/787/787 681/785/785 680/784/784
f 684/788/788 685/789/789 683/787/787 682/786/786
f 680/784/784 681/785/785 679/783/783 678/782/782
f 676/780/780 677/781/781 675/779/779 674/778/778
f 688/792/792 689/793/793 687/791/791 686/790/790
f 692/796/796 693/797/797 691/795/795 690/794/794
f 694/798/798 695/799/799 693/797/797 692/796/796
f 690/794/794 691/795/795 689/793/793 688/792/792
f 698/802/802 699/803/803 697/801/801 696/800/800
f 702/806/806 703/807/807 701/805/805 700/804/804
f 511/808/808 512/809/809 703/807/807 702/806/806
f 700/804/804 701/805/805 699/803/803 698/802/802
f 696/800/800 697/801/801 695/799/799 694/798/798
f 686/790/790 687/791/791 685/789/789 684/788/788
f 814/961/961 815/962/962 817/964/964 816/963/963
f 818/965/965 820/967/967 819/966/966
f 820/967/967 705/811/811 819/966/966
f 705/811/811 821/968/968 819/966/966
f 819/966/966 821/968/968 818/965/965
f 822/969/969 823/970/970 825/972/972 824/971/971
f 706/812/812 829/976/976 832/979/979 830/977/977
f 832/979/979 826/973/973 830/977/977
f 829/976/976 828/975/975 831/978/978 832/979/979
f 827/974/974 830/977/977 826/973/973
f 830/977/977 827/974/974 706/812/812
f 834/981/981 835/982/982 833/980/980 828/975/975
f 761/908/908 652/836/836 650/835/835
f 648/834/834 762/909/909 650/835/835
f 761/908/908 650/835/835 762/909/909
f 763/910/910 762/909/909 648/834/834
f 761/908/908 760/907/907 652/836/836
f 758/905/905 757/904/904 654/837/837
f 756/903/903 654/837/837 757/904/904
f 759/906/906 652/836/836 760/907/907
f 758/905/905 652/836/836 759/906/906
f 758/905/905 654/837/837 652/836/836
f 644/832/832 642/831/831 766/913/913
f 767/914/914 640/830/830 768/915/915
f 640/830/830 767/914/914 642/831/831
f 768/915/915 640/830/830 638/829/829
f 765/912/912 646/833/833 644/832/832
f 646/833/833 765/912/912 764/911/911
f 648/834/834 646/833/833 764/911/911
f 642/831/831 767/914/914 766/913/913
f 644/832/832 766/913/913 765/912/912
f 764/911/911 763/910/910 648/834/834
f 769/916/916 768/915/915 638/829/829
f 747/894/894 664/842/842 662/841/841
f 749/896/896 662/841/841 660/840/840
f 746/893/893 664/842/842 747/894/894
f 747/894/894 662/841/841 748/895/895
f 746/893/893 745/892/892 664/842/842
f 744/891/891 668/844/844 666/843/843
f 666/843/843 745/892/892 744/891/891
f 668/844/844 744/891/891 743/890/890
f 743/890/890 670/845/845 668/844/844
f 664/842/842 745/892/892 666/843/843
f 754/901/901 658/839/839 656/838/838
f 656/838/838 756/903/903 755/902/902
f 656/838/838 755/902/902 754/901/901
f 754/901/901 753/900/900 658/839/839
f 654/837/837 756/903/903 656/838/838
f 750/897/897 660/840/840 751/898/898
f 749/896/896 660/840/840 750/897/897
f 658/839/839 753/900/900 752/899/899
f 658/839/839 752/899/899 751/898/898
f 660/840/840 658/839/839 751/898/898
f 749/896/896 748/895/895 662/841/841
f 636/828/828 770/917/917 638/829/829
f 769/916/916 638/829/829 770/917/917
f 634/827/827 771/918/918 636/828/828
f 770/917/917 636/828/828 771/918/918
f 772/919/919 771/918/918 634/827/827
f 634/827/827 773/920/920 772/919/919
f 775/922/922 774/921/921 632/826/826
f 632/826/826 774/921/921 634/827/827
f 634/827/827 774/921/921 773/920/920
f 776/923/923 775/922/922 632/826/826
f 632/826/826 630/825/825 776/923/923
f 817/964/964 777/924/924 776/923/923
f 816/963/963 817/964/964 630/825/825
f 817/964/964 776/923/923 630/825/825
f 630/825/825 704/824/824 816/963/963
f 778/925/925 777/924/924 817/964/964
f 779/926/926 778/925/925 815/962/962
f 779/926/926 815/962/962 814/961/961
f 816/963/963 704/824/824 814/961/961
f 716/862/862 705/811/811 704/824/824
f 821/968/968 716/862/862 715/823/823
f 814/961/961 704/824/824 820/967/967
f 815/962/962 778/925/925 817/964/964
f 781/928/928 780/927/927 814/961/961
f 704/824/824 705/811/811 820/967/967
f 820/967/967 781/928/928 814/961/961
f 782/929/929 781/928/928 820/967/967
f 779/926/926 814/961/961 780/927/927
f 818/965/965 784/931/931 783/930/930
f 820/967/967 818/965/965 783/930/930
f 786/933/933 785/932/932 818/965/965
f 784/931/931 818/965/965 785/932/932
f 821/968/968 786/933/933 818/965/965
f 782/929/929 820/967/967 783/930/930
f 705/811/811 716/862/862 821/968/968
f 713/821/821 788/935/935 787/934/934
f 714/822/822 713/821/821 821/968/968
f 787/934/934 821/968/968 713/821/821
f 821/968/968 715/823/823 714/822/822
f 713/821/821 789/936/936 788/935/935
f 786/933/933 821/968/968 787/934/934
f 712/820/820 791/938/938 790/937/937
f 712/820/820 790/937/937 789/936/936
f 712/820/820 711/819/819 791/938/938
f 792/939/939 791/938/938 711/819/819
f 792/939/939 711/819/819 793/940/940
f 713/821/821 712/820/820 789/936/936
f 741/888/888 672/846/846 670/845/845
f 670/845/845 742/889/889 741/888/888
f 672/846/846 741/888/888 740/887/887
f 740/887/887 674/847/847 672/846/846
f 743/890/890 742/889/889 670/845/845
f 739/886/886 676/848/848 674/847/847
f 739/886/886 738/885/885 676/848/848
f 678/849/849 676/848/848 738/885/885
f 737/884/884 678/849/849 738/885/885
f 740/887/887 739/886/886 674/847/847
f 736/883/883 678/849/849 737/884/884
f 680/850/850 735/882/882 734/881/881
f 680/850/850 734/881/881 733/880/880
f 735/882/882 680/850/850 736/883/883
f 733/880/880 732/879/879 682/851/851
f 731/878/878 682/851/851 732/879/879
f 680/850/850 733/880/880 682/851/851
f 731/878/878 730/877/877 684/852/852
f 730/877/877 729/876/876 684/852/852
f 682/851/851 731/878/878 684/852/852
f 736/883/883 680/850/850 678/849/849
f 686/853/853 728/875/875 727/874/874
f 684/852/852 729/876/876 686/853/853
f 727/874/874 726/873/873 688/854/854
f 726/873/873 725/872/872 688/854/854
f 729/876/876 728/875/875 686/853/853
f 725/872/872 724/871/871 688/854/854
f 723/870/870 690/855/855 724/871/871
f 688/854/854 724/871/871 690/855/855
f 722/869/869 690/855/855 723/870/870
f 686/853/853 727/874/874 688/854/854
f 692/856/856 722/869/869 721/868/868
f 696/858/858 719/866/866 718/865/865
f 698/859/859 718/865/865 813/960/960
f 720/867/867 694/857/857 721/868/868
f 692/856/856 721/868/868 694/857/857
f 719/866/866 696/858/858 694/857/857
f 813/960/960 700/860/860 698/859/859
f 698/859/859 696/858/858 718/865/865
f 719/866/866 694/857/857 720/867/867
f 692/856/856 690/855/855 722/869/869
f 812/959/959 700/860/860 813/960/960
f 800/947/947 799/946/946 823/970/970
f 798/945/945 797/944/944 825/972/972
f 797/944/944 796/943/943 824/971/971
f 823/970/970 799/946/946 798/945/945
f 832/979/979 803/950/950 826/973/973
f 826/973/973 802/949/949 801/948/948
f 803/950/950 802/949/949 826/973/973
f 823/970/970 801/948/948 800/947/947
f 801/948/948 823/970/970 826/973/973
f 824/971/971 795/942/942 710/818/818
f 825/972/972 797/944/944 824/971/971
f 710/818/818 794/941/941 793/940/940
f 795/942/942 794/941/941 710/818/818
f 711/819/819 710/818/818 793/940/940
f 795/942/942 824/971/971 796/943/943
f 827/974/974 823/970/970 822/969/969
f 709/817/817 822/969/969 824/971/971
f 708/816/816 827/974/974 822/969/969 709/817/817
f 827/974/974 708/816/816 707/815/815
f 827/974/974 826/973/973 823/970/970
f 710/818/818 709/817/817 824/971/971
f 823/970/970 798/945/945 825/972/972
f 803/950/950 832/979/979 804/951/951
f 809/956/956 808/955/955 835/982/982
f 833/980/980 808/955/955 807/954/954
f 808/955/955 833/980/980 835/982/982
f 833/980/980 807/954/954 828/975/975
f 835/982/982 810/957/957 809/956/956
f 702/861/861 812/959/959 811/958/958
f 700/860/860 812/959/959 702/861/861
f 511/813/813 702/861/861 811/958/958
f 513/814/814 511/813/813 835/982/982
f 511/813/813 810/957/957 835/982/982
f 811/958/958 810/957/957 511/813/813
f 835/982/982 834/981/981 513/814/814
f 828/975/975 806/953/953 831/978/978
f 805/952/952 831/978/978 806/953/953
f 805/952/952 832/979/979 831/978/978
f 804/951/951 832/979/979 805/952/952
f 806/953/953 828/975/975 807/954/954
f 829/976/976 514/863/863 828/975/975
f 834/981/981 828/975/975 514/863/863
f 514/863/863 513/814/814 834/981/981
f 706/812/812 514/863/863 829/976/976
f 827/974/974 707/815/815 717/864/864
f 514/863/863 706/812/812 717/864/864
f 717/864/864 706/812/812 827/974/974
f 836/983/983 938/1133/1133 936/1131/1131
f 941/1136/1136 940/1135/1135 937/1132/1132 939/1134/1134
f 944/1139/1139 946/1141/1141 945/1140/1140 942/1137/1137
f 946/1141/1141 943/1138/1138 945/1140/1140
f 948/1143/1143 837/984/984 947/1142/1142
f 938/1133/1133 707/1024/1024 708/1032/1032
f 709/1031/1031 937/1132/1132 938/1133/1133 708/1032/1032
f 940/1135/1135 938/1133/1133 937/1132/1132
f 937/1132/1132 709/1031/1031 939/1134/1134
f 938/1133/1133 839/1025/1025 707/1024/1024
f 940/1135/1135 936/1131/1131 938/1133/1133
f 516/1033/1033 839/1025/1025 836/983/983
f 843/1038/1038 842/1037/1037 940/1135/1135
f 936/1131/1131 940/1135/1135 842/1037/1037
f 839/1025/1025 938/1133/1133 836/983/983
f 940/1135/1135 941/1136/1136 843/1038/1038
f 847/1042/1042 710/1030/1030 848/1043/1043
f 709/1031/1031 710/1030/1030 939/1134/1134
f 711/1029/1029 849/1044/1044 710/1030/1030
f 710/1030/1030 849/1044/1044 848/1043/1043
f 845/1040/1040 939/1134/1134 710/1030/1030
f 850/1045/1045 849/1044/1044 711/1029/1029
f 843/1038/1038 941/1136/1136 844/1039/1039
f 939/1134/1134 845/1040/1040 844/1039/1039
f 710/1030/1030 847/1042/1042 846/1041/1041
f 845/1040/1040 710/1030/1030 846/1041/1041
f 844/1039/1039 941/1136/1136 939/1134/1134
f 522/986/986 519/985/985 931/1126/1126
f 522/986/986 930/1125/1125 929/1124/1124
f 929/1124/1124 928/1123/1123 524/987/987
f 524/987/987 522/986/986 929/1124/1124
f 930/1125/1125 522/986/986 931/1126/1126
f 926/1121/1121 526/988/988 524/987/987
f 524/987/987 927/1122/1122 926/1121/1121
f 526/988/988 926/1121/1121 925/1120/1120
f 925/1120/1120 924/1119/1119 526/988/988
f 928/1123/1123 927/1122/1122 524/987/987
f 836/983/983 840/1035/1035 935/1130/1130
f 934/1129/1129 516/1033/1033 935/1130/1130
f 841/1036/1036 840/1035/1035 936/1131/1131
f 840/1035/1035 836/983/983 936/1131/1131
f 842/1037/1037 841/1036/1036 936/1131/1131
f 935/1130/1130 516/1033/1033 836/983/983
f 519/985/985 933/1128/1128 932/1127/1127
f 931/1126/1126 519/985/985 932/1127/1127
f 517/1034/1034 934/1129/1129 933/1128/1128
f 519/985/985 517/1034/1034 933/1128/1128
f 516/1033/1033 934/1129/1129 517/1034/1034
f 852/1047/1047 851/1046/1046 711/1029/1029
f 850/1045/1045 711/1029/1029 851/1046/1046
f 854/1049/1049 712/1028/1028 943/1138/1138
f 711/1029/1029 712/1028/1028 852/1047/1047
f 852/1047/1047 712/1028/1028 853/1048/1048
f 713/1027/1027 945/1140/1140 943/1138/1138 712/1028/1028
f 712/1028/1028 854/1049/1049 853/1048/1048
f 943/1138/1138 857/1052/1052 856/1051/1051
f 943/1138/1138 856/1051/1051 855/1050/1050
f 943/1138/1138 855/1050/1050 854/1049/1049
f 946/1141/1141 857/1052/1052 943/1138/1138
f 942/1137/1137 945/1140/1140 713/1027/1027
f 948/1143/1143 714/1026/1026 715/1023/1023
f 714/1026/1026 948/1143/1143 942/1137/1137 713/1027/1027
f 859/1054/1054 946/1141/1141 944/1139/1139
f 837/984/984 948/1143/1143 838/1022/1022
f 944/1139/1139 942/1137/1137 948/1143/1143
f 948/1143/1143 947/1142/1142 944/1139/1139
f 715/1023/1023 838/1022/1022 948/1143/1143
f 858/1053/1053 946/1141/1141 859/1054/1054
f 857/1052/1052 946/1141/1141 858/1053/1053
f 860/1055/1055 944/1139/1139 861/1056/1056
f 862/1057/1057 947/1142/1142 837/984/984
f 861/1056/1056 944/1139/1139 947/1142/1142
f 861/1056/1056 947/1142/1142 862/1057/1057
f 860/1055/1055 859/1054/1054 944/1139/1139
f 837/984/984 593/1021/1021 863/1058/1058
f 864/1059/1059 593/1021/1021 590/1020/1020
f 863/1058/1058 593/1021/1021 864/1059/1059
f 865/1060/1060 864/1059/1059 590/1020/1020
f 862/1057/1057 837/984/984 863/1058/1058
f 588/1019/1019 867/1062/1062 866/1061/1061
f 865/1060/1060 590/1020/1020 588/1019/1019
f 586/1018/1018 867/1062/1062 588/1019/1019
f 586/1018/1018 868/1063/1063 867/1062/1062
f 866/1061/1061 865/1060/1060 588/1019/1019
f 584/1017/1017 869/1064/1064 868/1063/1063
f 582/1016/1016 870/1065/1065 584/1017/1017
f 869/1064/1064 584/1017/1017 870/1065/1065
f 870/1065/1065 582/1016/1016 871/1066/1066
f 586/1018/1018 584/1017/1017 868/1063/1063
f 837/984/984 838/1022/1022 593/1021/1021
f 923/1118/1118 922/1117/1117 528/989/989
f 921/1116/1116 528/989/989 922/1117/1117
f 528/989/989 924/1119/1119 923/1118/1118
f 921/1116/1116 530/990/990 528/989/989
f 526/988/988 924/1119/1119 528/989/989
f 919/1114/1114 532/991/991 530/990/990
f 920/1115/1115 919/1114/1114 530/990/990
f 532/991/991 919/1114/1114 918/1113/1113
f 534/992/992 532/991/991 916/1111/1111
f 921/1116/1116 920/1115/1115 530/990/990
f 917/1112/1112 532/991/991 918/1113/1113
f 915/1110/1110 534/992/992 916/1111/1111
f 536/993/993 915/1110/1110 914/1109/1109
f 917/1112/1112 916/1111/1111 532/991/991
f 913/1108/1108 538/994/994 536/993/993
f 538/994/994 913/1108/1108 912/1107/1107
f 912/1107/1107 911/1106/1106 540/995/995
f 540/995/995 538/994/994 912/1107/1107
f 914/1109/1109 913/1108/1108 536/993/993
f 536/993/993 534/992/992 915/1110/1110
f 911/1106/1106 910/1105/1105 542/996/996
f 542/996/996 910/1105/1105 909/1104/1104
f 909/1104/1104 908/1103/1103 544/997/997
f 544/997/997 542/996/996 909/1104/1104
f 908/1103/1103 907/1102/1102 546/998/998
f 907/1102/1102 906/1101/1101 546/998/998
f 548/999/999 546/998/998 906/1101/1101
f 905/1100/1100 548/999/999 906/1101/1101
f 544/997/997 908/1103/1103 546/998/998
f 904/1099/1099 548/999/999 905/1100/1100
f 550/1000/1000 903/1098/1098 902/1097/1097
f 550/1000/1000 902/1097/1097 901/1096/1096
f 903/1098/1098 550/1000/1000 904/1099/1099
f 901/1096/1096 900/1095/1095 552/1001/1001
f 552/1001/1001 900/1095/1095 899/1094/1094
f 899/1094/1094 898/1093/1093 554/1002/1002
f 554/1002/1002 552/1001/1001 899/1094/1094
f 550/1000/1000 901/1096/1096 552/1001/1001
f 904/1099/1099 550/1000/1000 548/999/999
f 542/996/996 540/995/995 911/1106/1106
f 574/1012/1012 880/1075/1075 879/1074/1074
f 576/1013/1013 878/1073/1073 877/1072/1072
f 878/1073/1073 576/1013/1013 879/1074/1074
f 570/1010/1010 884/1079/1079 572/1011/1011
f 572/1011/1011 883/1078/1078 882/1077/1077
f 572/1011/1011 882/1077/1077 881/1076/1076
f 883/1078/1078 572/1011/1011 884/1079/1079
f 574/1012/1012 881/1076/1076 880/1075/1075
f 580/1015/1015 874/1069/1069 873/1068/1068
f 875/1070/1070 874/1069/1069 580/1015/1015
f 872/1067/1067 580/1015/1015 873/1068/1068
f 580/1015/1015 578/1014/1014 875/1070/1070
f 872/1067/1067 582/1016/1016 580/1015/1015
f 879/1074/1074 576/1013/1013 574/1012/1012
f 572/1011/1011 881/1076/1076 574/1012/1012
f 876/1071/1071 578/1014/1014 877/1072/1072
f 578/1014/1014 576/1013/1013 877/1072/1072
f 875/1070/1070 578/1014/1014 876/1071/1071
f 570/1010/1010 885/1080/1080 884/1079/1079
f 871/1066/1066 582/1016/1016 872/1067/1067
f 556/1003/1003 895/1090/1090 894/1089/1089
f 558/1004/1004 893/1088/1088 892/1087/1087
f 892/1087/1087 891/1086/1086 560/1005/1005
f 893/1088/1088 558/1004/1004 894/1089/1089
f 896/1091/1091 554/1002/1002 897/1092/1092
f 898/1093/1093 897/1092/1092 554/1002/1002
f 894/1089/1089 558/1004/1004 556/1003/1003
f 554/1002/1002 896/1091/1091 556/1003/1003
f 896/1091/1091 895/1090/1090 556/1003/1003
f 558/1004/1004 892/1087/1087 560/1005/1005
f 887/1082/1082 886/1081/1081 566/1008/1008
f 570/1010/1010 568/1009/1009 885/1080/1080
f 886/1081/1081 885/1080/1080 568/1009/1009
f 886/1081/1081 568/1009/1009 566/1008/1008
f 566/1008/1008 888/1083/1083 887/1082/1082
f 562/1006/1006 560/1005/1005 890/1085/1085
f 891/1086/1086 890/1085/1085 560/1005/1005
f 889/1084/1084 562/1006/1006 890/1085/1085
f 566/1008/1008 564/1007/1007 888/1083/1083
f 889/1084/1084 888/1083/1083 564/1007/1007
f 562/1006/1006 889/1084/1084 564/1007/1007
f 432/1145/1145 935/1288/1288 431/1144/1144
f 434/1147/1147 933/1286/1286 433/1146/1146
f 433/1146/1146 934/1287/1287 432/1145/1145
f 436/1149/1149 928/1281/1281 435/1148/1148
f 438/1151/1151 922/1275/1275 437/1150/1150
f 439/1152/1152 920/1273/1273 438/1151/1151
f 437/1150/1150 925/1278/1278 436/1149/1149
f 435/1148/1148 930/1283/1283 434/1147/1147
f 441/1154/1154 915/1268/1268 440/1153/1153
f 443/1156/1156 913/1266/1266 442/1155/1155
f 442/1155/1155 914/1267/1267 441/1154/1154
f 445/1158/1158 910/1263/1263 444/1157/1157
f 447/1160/1160 906/1259/1259 446/1159/1159
f 904/1257/1257 905/1258/1258 447/1160/1160
f 909/1262/1262 445/1158/1158 446/1159/1159
f 911/1264/1264 443/1156/1156 444/1157/1157
f 917/1270/1270 439/1152/1152 440/1153/1153
f 905/1258/1258 906/1259/1259 447/1160/1160
f 449/1162/1162 901/1254/1254 448/1161/1161
f 449/1162/1162 450/1163/1163 898/1251/1251
f 900/1253/1253 449/1162/1162 899/1252/1252
f 900/1253/1253 901/1254/1254 449/1162/1162
f 451/1164/1164 896/1249/1249 450/1163/1163
f 451/1164/1164 452/1165/1165 893/1246/1246
f 452/1165/1165 453/1166/1166 891/1244/1244
f 451/1164/1164 894/1247/1247 895/1248/1248
f 453/1166/1166 454/1167/1167 890/1243/1243
f 448/1161/1161 901/1254/1254 902/1255/1255
f 448/1161/1161 903/1256/1256 904/1257/1257
f 448/1161/1161 902/1255/1255 903/1256/1256
f 449/1162/1162 898/1251/1251 899/1252/1252
f 450/1163/1163 896/1249/1249 897/1250/1250
f 451/1164/1164 895/1248/1248 896/1249/1249
f 897/1250/1250 898/1251/1251 450/1163/1163
f 889/1242/1242 454/1167/1167 455/1168/1168
f 447/1160/1160 448/1161/1161 904/1257/1257
f 436/1149/1149 925/1278/1278 926/1279/1279
f 926/1279/1279 927/1280/1280 436/1149/1149
f 924/1277/1277 925/1278/1278 437/1150/1150
f 920/1273/1273 921/1274/1274 438/1151/1151
f 437/1150/1150 923/1276/1276 924/1277/1277
f 922/1275/1275 923/1276/1276 437/1150/1150
f 921/1274/1274 922/1275/1275 438/1151/1151
f 927/1280/1280 928/1281/1281 436/1149/1149
f 934/1287/1287 935/1288/1288 432/1145/1145
f 935/1288/1288 840/1289/1289 431/1144/1144
f 934/1287/1287 433/1146/1146 933/1286/1286
f 931/1284/1284 434/1147/1147 930/1283/1283
f 434/1147/1147 932/1285/1285 933/1286/1286
f 434/1147/1147 931/1284/1284 932/1285/1285
f 930/1283/1283 435/1148/1148 929/1282/1282
f 435/1148/1148 928/1281/1281 929/1282/1282
f 920/1273/1273 439/1152/1152 919/1272/1272
f 446/1159/1159 906/1259/1259 907/1260/1260
f 446/1159/1159 908/1261/1261 909/1262/1262
f 446/1159/1159 907/1260/1260 908/1261/1261
f 451/1164/1164 893/1246/1246 894/1247/1247
f 452/1165/1165 891/1244/1244 892/1245/1245
f 453/1166/1166 890/1243/1243 891/1244/1244
f 892/1245/1245 893/1246/1246 452/1165/1165
f 441/1154/1154 914/1267/1267 915/1268/1268
f 918/1271/1271 919/1272/1272 439/1152/1152
f 917/1270/1270 918/1271/1271 439/1152/1152
f 440/1153/1153 915/1268/1268 916/1269/1269
f 443/1156/1156 912/1265/1265 913/1266/1266
f 443/1156/1156 911/1264/1264 912/1265/1265
f 444/1157/1157 910/1263/1263 911/1264/1264
f 913/1266/1266 914/1267/1267 442/1155/1155
f 889/1242/1242 890/1243/1243 454/1167/1167
f 445/1158/1158 909/1262/1262 910/1263/1263
f 917/1270/1270 440/1153/1153 916/1269/1269
f 889/1242/1242 455/1168/1168 888/1241/1241
f 888/1241/1241 455/1168/1168 887/1240/1240
f 456/1169/1169 887/1240/1240 455/1168/1168
f 456/1169/1169 886/1239/1239 887/1240/1240
f 886/1239/1239 456/1169/1169 457/1170/1170
f 885/1238/1238 886/1239/1239 457/1170/1170
f 459/1172/1172 882/1235/1235 458/1171/1171
f 460/1173/1173 880/1233/1233 459/1172/1172
f 458/1171/1171 885/1238/1238 457/1170/1170
f 461/1174/1174 877/1230/1230 460/1173/1173
f 458/1171/1171 884/1237/1237 885/1238/1238
f 458/1171/1171 882/1235/1235 883/1236/1236
f 883/1236/1236 884/1237/1237 458/1171/1171
f 459/1172/1172 880/1233/1233 881/1234/1234
f 460/1173/1173 878/1231/1231 879/1232/1232
f 460/1173/1173 877/1230/1230 878/1231/1231
f 879/1232/1232 880/1233/1233 460/1173/1173
f 881/1234/1234 882/1235/1235 459/1172/1172
f 876/1229/1229 877/1230/1230 461/1174/1174
f 462/1175/1175 874/1227/1227 461/1174/1174
f 464/1177/1177 869/1222/1222 463/1176/1176
f 463/1176/1176 872/1225/1225 462/1175/1175
f 466/1179/1179 866/1219/1219 465/1178/1178
f 468/1181/1181 863/1216/1216 467/1180/1180
f 469/1182/1182 862/1215/1215 468/1181/1181
f 467/1180/1180 865/1218/1218 466/1179/1179
f 465/1178/1178 867/1220/1220 464/1177/1177
f 471/1184/1184 858/1211/1211 470/1183/1183
f 473/1186/1186 853/1206/1206 472/1185/1185
f 472/1185/1185 856/1209/1209 471/1184/1184
f 475/1188/1188 848/1201/1201 474/1187/1187
f 477/1190/1190 843/1196/1196 476/1189/1189
f 478/1191/1191 842/1195/1195 477/1190/1190
f 476/1189/1189 845/1198/1198 475/1188/1188
f 474/1187/1187 850/1203/1203 473/1186/1186
f 470/1183/1183 861/1214/1214 469/1182/1182
f 431/1192/1192 841/1194/1194 478/1191/1191
f 872/1225/1225 873/1226/1226 462/1175/1175
f 871/1224/1224 872/1225/1225 463/1176/1176
f 874/1227/1227 462/1175/1175 873/1226/1226
f 869/1222/1222 870/1223/1223 463/1176/1176
f 464/1177/1177 867/1220/1220 868/1221/1221
f 868/1221/1221 869/1222/1222 464/1177/1177
f 871/1224/1224 463/1176/1176 870/1223/1223
f 461/1174/1174 874/1227/1227 875/1228/1228
f 466/1179/1179 865/1218/1218 866/1219/1219
f 467/1180/1180 864/1217/1217 865/1218/1218
f 866/1219/1219 867/1220/1220 465/1178/1178
f 469/1182/1182 861/1214/1214 862/1215/1215
f 860/1213/1213 470/1183/1183 859/1212/1212
f 861/1214/1214 470/1183/1183 860/1213/1213
f 864/1217/1217 467/1180/1180 863/1216/1216
f 862/1215/1215 863/1216/1216 468/1181/1181
f 875/1228/1228 876/1229/1229 461/1174/1174
f 846/1199/1199 847/1200/1200 475/1188/1188
f 858/1211/1211 859/1212/1212 470/1183/1183
f 847/1200/1200 848/1201/1201 475/1188/1188
f 471/1184/1184 857/1210/1210 858/1211/1211
f 843/1196/1196 844/1197/1197 476/1189/1189
f 846/1199/1199 475/1188/1188 845/1198/1198
f 845/1198/1198 476/1189/1189 844/1197/1197
f 842/1195/1195 843/1196/1196 477/1190/1190
f 841/1194/1194 842/1195/1195 478/1191/1191
f 472/1185/1185 854/1207/1207 855/1208/1208
f 853/1206/1206 473/1186/1186 852/1205/1205
f 854/1207/1207 472/1185/1185 853/1206/1206
f 855/1208/1208 856/1209/1209 472/1185/1185
f 474/1187/1187 849/1202/1202 850/1203/1203
f 473/1186/1186 851/1204/1204 852/1205/1205
f 850/1203/1203 851/1204/1204 473/1186/1186
f 474/1187/1187 848/1201/1201 849/1202/1202
f 856/1209/1209 857/1210/1210 471/1184/1184
f 431/1192/1192 840/1193/1193 841/1194/1194
f 813/1434/1434 351/1290/1290 352/1291/1291
f 811/1432/1432 353/1292/1292 354/1293/1293
f 812/1433/1433 352/1291/1291 353/1292/1292
f 355/1294/1294 808/1429/1429 354/1293/1293
f 357/1296/1296 803/1424/1424 356/1295/1295
f 358/1297/1297 800/1421/1421 357/1296/1296
f 356/1295/1295 806/1427/1427 355/1294/1294
f 809/1430/1430 810/1431/1431 354/1293/1293
f 813/1434/1434 718/1435/1435 351/1290/1290
f 811/1432/1432 812/1433/1433 353/1292/1292
f 813/1434/1434 352/1291/1291 812/1433/1433
f 360/1299/1299 795/1416/1416 359/1298/1298
f 361/1300/1300 362/1301/1301 792/1413/1413
f 793/1414/1414 360/1299/1299 361/1300/1300
f 362/1301/1301 363/1302/1302 791/1412/1412
f 354/1293/1293 810/1431/1431 811/1432/1432
f 359/1298/1298 798/1419/1419 358/1297/1297
f 365/1304/1304 788/1409/1409 364/1303/1303
f 367/1306/1306 784/1405/1405 366/1305/1305
f 366/1305/1305 787/1408/1408 365/1304/1304
f 369/1308/1308 779/1400/1400 368/1307/1307
f 371/1310/1310 774/1395/1395 370/1309/1309
f 771/1392/1392 371/1310/1310 372/1311/1311
f 370/1309/1309 776/1397/1397 369/1308/1308
f 368/1307/1307 782/1403/1403 367/1306/1306
f 372/1311/1311 769/1390/1390 770/1391/1391
f 770/1391/1391 771/1392/1392 372/1311/1311
f 772/1393/1393 371/1310/1310 771/1392/1392
f 768/1389/1389 373/1312/1312 374/1313/1313
f 768/1389/1389 374/1313/1313 767/1388/1388
f 375/1314/1314 767/1388/1388 374/1313/1313
f 766/1387/1387 767/1388/1388 375/1314/1314
f 769/1390/1390 373/1312/1312 768/1389/1389
f 373/1312/1312 769/1390/1390 372/1311/1311
f 789/1410/1410 363/1302/1302 364/1303/1303
f 773/1394/1394 371/1310/1310 772/1393/1393
f 805/1426/1426 806/1427/1427 356/1295/1295
f 804/1425/1425 805/1426/1426 356/1295/1295
f 807/1428/1428 355/1294/1294 806/1427/1427
f 803/1424/1424 357/1296/1296 802/1423/1423
f 800/1421/1421 801/1422/1422 357/1296/1296
f 801/1422/1422 802/1423/1423 357/1296/1296
f 804/1425/1425 356/1295/1295 803/1424/1424
f 355/1294/1294 807/1428/1428 808/1429/1429
f 358/1297/1297 798/1419/1419 799/1420/1420
f 359/1298/1298 797/1418/1418 798/1419/1419
f 799/1420/1420 800/1421/1421 358/1297/1297
f 795/1416/1416 796/1417/1417 359/1298/1298
f 795/1416/1416 360/1299/1299 794/1415/1415
f 796/1417/1417 797/1418/1418 359/1298/1298
f 360/1299/1299 793/1414/1414 794/1415/1415
f 792/1413/1413 793/1414/1414 361/1300/1300
f 808/1429/1429 809/1430/1430 354/1293/1293
f 790/1411/1411 791/1412/1412 363/1302/1302
f 781/1402/1402 368/1307/1307 780/1401/1401
f 779/1400/1400 780/1401/1401 368/1307/1307
f 369/1308/1308 776/1397/1397 777/1398/1398
f 778/1399/1399 779/1400/1400 369/1308/1308
f 777/1398/1398 778/1399/1399 369/1308/1308
f 370/1309/1309 775/1396/1396 776/1397/1397
f 781/1402/1402 782/1403/1403 368/1307/1307
f 365/1304/1304 787/1408/1408 788/1409/1409
f 363/1302/1302 789/1410/1410 790/1411/1411
f 788/1409/1409 789/1410/1410 364/1303/1303
f 791/1412/1412 792/1413/1413 362/1301/1301
f 785/1406/1406 366/1305/1305 784/1405/1405
f 787/1408/1408 366/1305/1305 786/1407/1407
f 366/1305/1305 785/1406/1406 786/1407/1407
f 367/1306/1306 783/1404/1404 784/1405/1405
f 367/1306/1306 782/1403/1403 783/1404/1404
f 370/1309/1309 774/1395/1395 775/1396/1396
f 371/1310/1310 773/1394/1394 774/1395/1395
f 377/1316/1316 764/1385/1385 376/1315/1315
f 379/1318/1318 760/1381/1381 378/1317/1317
f 378/1317/1317 763/1384/1384 377/1316/1316
f 381/1320/1320 755/1376/1376 380/1319/1319
f 383/1322/1322 750/1371/1371 382/1321/1321
f 747/1368/1368 383/1322/1322 384/1323/1323
f 382/1321/1321 752/1373/1373 381/1320/1320
f 380/1319/1319 758/1379/1379 379/1318/1318
f 745/1366/1366 746/1367/1367 384/1323/1323
f 747/1368/1368 748/1369/1369 383/1322/1322
f 746/1367/1367 747/1368/1368 384/1323/1323
f 744/1365/1365 385/1324/1324 386/1325/1325
f 744/1365/1365 386/1325/1325 743/1364/1364
f 387/1326/1326 743/1364/1364 386/1325/1325
f 742/1363/1363 743/1364/1364 387/1326/1326
f 745/1366/1366 385/1324/1324 744/1365/1365
f 385/1324/1324 745/1366/1366 384/1323/1323
f 748/1369/1369 749/1370/1370 383/1322/1322
f 740/1361/1361 388/1327/1327 389/1328/1328
f 736/1357/1357 737/1358/1358 390/1329/1329
f 739/1360/1360 389/1328/1328 390/1329/1329
f 392/1331/1331 734/1355/1355 391/1330/1330
f 394/1333/1333 728/1349/1349 393/1332/1332
f 395/1334/1334 726/1347/1347 394/1333/1333
f 393/1332/1332 731/1352/1352 392/1331/1331
f 391/1330/1330 736/1357/1357 390/1329/1329
f 742/1363/1363 387/1326/1326 741/1362/1362
f 739/1360/1360 740/1361/1361 389/1328/1328
f 741/1362/1362 388/1327/1327 740/1361/1361
f 397/1336/1336 721/1342/1342 396/1335/1335
f 390/1329/1329 737/1358/1358 738/1359/1359
f 397/1336/1336 398/1337/1337 720/1341/1341
f 351/1338/1338 719/1340/1340 398/1337/1337
f 390/1329/1329 738/1359/1359 739/1360/1360
f 723/1344/1344 395/1334/1334 396/1335/1335
f 388/1327/1327 741/1362/1362 387/1326/1326
f 381/1320/1320 754/1375/1375 755/1376/1376
f 380/1319/1319 756/1377/1377 757/1378/1378
f 380/1319/1319 755/1376/1376 756/1377/1377
f 383/1322/1322 749/1370/1370 750/1371/1371
f 381/1320/1320 752/1373/1373 753/1374/1374
f 382/1321/1321 751/1372/1372 752/1373/1373
f 382/1321/1321 750/1371/1371 751/1372/1372
f 753/1374/1374 754/1375/1375 381/1320/1320
f 764/1385/1385 765/1386/1386 376/1315/1315
f 766/1387/1387 375/1314/1314 765/1386/1386
f 764/1385/1385 377/1316/1316 763/1384/1384
f 379/1318/1318 758/1379/1379 759/1380/1380
f 378/1317/1317 761/1382/1382 762/1383/1383
f 378/1317/1317 760/1381/1381 761/1382/1382
f 379/1318/1318 759/1380/1380 760/1381/1381
f 763/1384/1384 378/1317/1317 762/1383/1383
f 380/1319/1319 757/1378/1378 758/1379/1379
f 391/1330/1330 735/1356/1356 736/1357/1357
f 392/1331/1331 733/1354/1354 734/1355/1355
f 734/1355/1355 735/1356/1356 391/1330/1330
f 392/1331/1331 731/1352/1352 732/1353/1353
f 393/1332/1332 729/1350/1350 730/1351/1351
f 393/1332/1332 728/1349/1349 729/1350/1350
f 730/1351/1351 731/1352/1352 393/1332/1332
f 732/1353/1353 733/1354/1354 392/1331/1331
f 394/1333/1333 726/1347/1347 727/1348/1348
f 395/1334/1334 724/1345/1345 725/1346/1346
f 395/1334/1334 723/1344/1344 724/1345/1345
f 725/1346/1346 726/1347/1347 395/1334/1334
f 721/1342/1342 722/1343/1343 396/1335/1335
f 720/1341/1341 398/1337/1337 719/1340/1340
f 397/1336/1336 720/1341/1341 721/1342/1342
f 722/1343/1343 723/1344/1344 396/1335/1335
f 719/1340/1340 351/1338/1338 718/1339/1339
f 727/1348/1348 728/1349/1349 394/1333/1333
f 376/1315/1315 765/1386/1386 375/1314/1314
f 950/1499/1499 949/1498/1498 951/1500/1500 952/1501/1501
f 520/1436/1436 954/1503/1503 518/1474/1474
f 248/1482/1482 520/1436/1436 523/1437/1437
f 525/1438/1438 249/1481/1481 523/1437/1437
f 523/1437/1437 249/1481/1481 248/1482/1482
f 954/1503/1503 521/1473/1473 518/1474/1474
f 954/1503/1503 520/1436/1436 248/1482/1482
f 527/1439/1439 250/1480/1480 525/1438/1438
f 529/1440/1440 251/1479/1479 527/1439/1439
f 531/1441/1441 251/1479/1479 529/1440/1440
f 251/1479/1479 531/1441/1441 252/1478/1478
f 527/1439/1439 251/1479/1479 250/1480/1480
f 531/1441/1441 533/1442/1442 252/1478/1478
f 525/1438/1438 250/1480/1480 249/1481/1481
f 951/1500/1500 953/1502/1502 270/1483/1483
f 591/1471/1471 592/1472/1472 953/1502/1502
f 591/1471/1471 953/1502/1502 589/1470/1470
f 270/1483/1483 952/1501/1501 951/1500/1500
f 951/1500/1500 949/1498/1498 953/1502/1502
f 949/1498/1498 587/1469/1469 589/1470/1470
f 585/1468/1468 587/1469/1469 949/1498/1498
f 589/1470/1470 953/1502/1502 949/1498/1498
f 950/1499/1499 585/1468/1468 949/1498/1498
f 950/1499/1499 952/1501/1501 269/1484/1484
f 950/1499/1499 268/1485/1485 583/1467/1467
f 577/1464/1464 267/1486/1486 266/1487/1487
f 581/1466/1466 268/1485/1485 267/1486/1486
f 585/1468/1468 950/1499/1499 583/1467/1467
f 581/1466/1466 267/1486/1486 579/1465/1465
f 581/1466/1466 583/1467/1467 268/1485/1485
f 267/1486/1486 577/1464/1464 579/1465/1465
f 577/1464/1464 266/1487/1487 575/1463/1463
f 268/1485/1485 950/1499/1499 269/1484/1484
f 270/1483/1483 269/1484/1484 952/1501/1501
f 253/1477/1477 252/1478/1478 533/1442/1442
f 537/1444/1444 253/1477/1477 535/1443/1443
f 533/1442/1442 535/1443/1443 253/1477/1477
f 254/1476/1476 253/1477/1477 537/1444/1444
f 539/1445/1445 254/1476/1476 537/1444/1444
f 255/1475/1475 254/1476/1476 539/1445/1445
f 256/1497/1497 255/1475/1475 543/1447/1447
f 541/1446/1446 543/1447/1447 255/1475/1475
f 255/1475/1475 539/1445/1445 541/1446/1446
f 256/1497/1497 545/1448/1448 257/1496/1496
f 549/1450/1450 257/1496/1496 547/1449/1449
f 545/1448/1448 547/1449/1449 257/1496/1496
f 553/1452/1452 259/1494/1494 258/1495/1495
f 258/1495/1495 551/1451/1451 553/1452/1452
f 549/1450/1450 551/1451/1451 258/1495/1495
f 549/1450/1450 258/1495/1495 257/1496/1496
f 555/1453/1453 259/1494/1494 553/1452/1452
f 545/1448/1448 256/1497/1497 543/1447/1447
f 264/1489/1489 571/1461/1461 265/1488/1488
f 264/1489/1489 263/1490/1490 567/1459/1459
f 565/1458/1458 567/1459/1459 263/1490/1490
f 567/1459/1459 569/1460/1460 264/1489/1489
f 573/1462/1462 575/1463/1463 265/1488/1488
f 265/1488/1488 571/1461/1461 573/1462/1462
f 264/1489/1489 569/1460/1460 571/1461/1461
f 265/1488/1488 575/1463/1463 266/1487/1487
f 261/1492/1492 260/1493/1493 559/1455/1455
f 557/1454/1454 559/1455/1455 260/1493/1493
f 260/1493/1493 555/1453/1453 557/1454/1454
f 555/1453/1453 260/1493/1493 259/1494/1494
f 263/1490/1490 262/1491/1491 565/1458/1458
f 563/1457/1457 565/1458/1458 262/1491/1491
f 262/1491/1491 561/1456/1456 563/1457/1457
f 559/1455/1455 561/1456/1456 261/1492/1492
f 261/1492/1492 561/1456/1456 262/1491/1491
f 965/1527/1527 961/1510/1510 955/1504/1504
f 289/1515/1515 288/1516/1516 960/1509/1509
f 959/1508/1508 960/1509/1509 288/1516/1516
f 960/1509/1509 961/1510/1510 289/1515/1515
f 287/1517/1517 959/1508/1508 288/1516/1516
f 286/1518/1518 957/1506/1506 958/1507/1507
f 964/1526/1526 956/1505/1505 957/1506/1506
f 964/1526/1526 957/1506/1506 285/1519/1519
f 286/1518/1518 285/1519/1519 957/1506/1506
f 287/1517/1517 286/1518/1518 958/1507/1507
f 287/1517/1517 958/1507/1507 959/1508/1508
f 965/1527/1527 289/1515/1515 961/1510/1510
f 289/1515/1515 965/1527/1527 290/1514/1514
f 966/1528/1528 290/1514/1514 965/1527/1527
f 291/1513/1513 290/1514/1514 966/1528/1528
f 966/1528/1528 292/1512/1512 291/1513/1513
f 966/1528/1528 293/1511/1511 292/1512/1512
f 964/1526/1526 284/1520/1520 963/1525/1525
f 283/1521/1521 963/1525/1525 284/1520/1520
f 285/1519/1519 284/1520/1520 964/1526/1526
f 962/1524/1524 283/1521/1521 282/1522/1522
f 282/1522/1522 281/1523/1523 962/1524/1524
f 963/1525/1525 283/1521/1521 962/1524/1524
f 651/1547/1547 653/1548/1548 97/1593/1593
f 653/1548/1548 98/1592/1592 97/1593/1593
f 655/1549/1549 98/1592/1592 653/1548/1548
f 657/1550/1550 98/1592/1592 655/1549/1549
f 96/1574/1574 647/1545/1545 649/1546/1546
f 649/1546/1546 651/1547/1547 96/1574/1574
f 97/1593/1593 96/1574/1574 651/1547/1547
f 95/1575/1575 647/1545/1545 96/1574/1574
f 663/1553/1553 100/1590/1590 661/1552/1552
f 663/1553/1553 665/1554/1554 101/1589/1589
f 667/1555/1555 101/1589/1589 665/1554/1554
f 101/1589/1589 100/1590/1590 663/1553/1553
f 98/1592/1592 657/1550/1550 99/1591/1591
f 659/1551/1551 99/1591/1591 657/1550/1550
f 661/1552/1552 99/1591/1591 659/1551/1551
f 99/1591/1591 661/1552/1552 100/1590/1590
f 637/1540/1540 639/1541/1541 93/1577/1577
f 641/1542/1542 93/1577/1577 639/1541/1541
f 94/1576/1576 641/1542/1542 643/1543/1543
f 635/1539/1539 91/1531/1531 633/1538/1538
f 633/1538/1538 91/1531/1531 631/1537/1537
f 637/1540/1540 92/1578/1578 635/1539/1539
f 95/1575/1575 643/1543/1543 645/1544/1544
f 641/1542/1542 94/1576/1576 93/1577/1577
f 95/1575/1575 94/1576/1576 643/1543/1543
f 92/1578/1578 91/1531/1531 635/1539/1539
f 629/1536/1536 631/1537/1537 967/1532/1532
f 967/1532/1532 631/1537/1537 91/1531/1531
f 629/1536/1536 967/1532/1532 628/1533/1533
f 93/1577/1577 92/1578/1578 637/1540/1540
f 95/1575/1575 645/1544/1544 647/1545/1545
f 669/1556/1556 102/1588/1588 667/1555/1555
f 671/1557/1557 102/1588/1588 669/1556/1556
f 673/1558/1558 103/1587/1587 671/1557/1557
f 103/1587/1587 102/1588/1588 671/1557/1557
f 677/1560/1560 104/1586/1586 675/1559/1559
f 673/1558/1558 104/1586/1586 103/1587/1587
f 673/1558/1558 675/1559/1559 104/1586/1586
f 104/1586/1586 677/1560/1560 105/1585/1585
f 679/1561/1561 105/1585/1585 677/1560/1560
f 105/1585/1585 679/1561/1561 681/1562/1562
f 106/1584/1584 105/1585/1585 681/1562/1562
f 685/1564/1564 106/1584/1584 683/1563/1563
f 681/1562/1562 683/1563/1563 106/1584/1584
f 107/1583/1583 106/1584/1584 685/1564/1564
f 685/1564/1564 687/1565/1565 107/1583/1583
f 108/1582/1582 107/1583/1583 687/1565/1565
f 693/1568/1568 110/1580/1580 109/1581/1581
f 109/1581/1581 108/1582/1582 691/1567/1567
f 112/1535/1535 703/1573/1573 968/1534/1534
f 699/1571/1571 112/1535/1535 111/1579/1579
f 515/1530/1530 968/1534/1534 512/1529/1529
f 697/1570/1570 111/1579/1579 110/1580/1580
f 109/1581/1581 691/1567/1567 693/1568/1568
f 693/1568/1568 695/1569/1569 110/1580/1580
f 110/1580/1580 695/1569/1569 697/1570/1570
f 703/1573/1573 512/1529/1529 968/1534/1534
f 112/1535/1535 701/1572/1572 703/1573/1573
f 701/1572/1572 112/1535/1535 699/1571/1571
f 111/1579/1579 697/1570/1570 699/1571/1571
f 689/1566/1566 691/1567/1567 108/1582/1582
f 108/1582/1582 687/1565/1565 689/1566/1566
f 667/1555/1555 102/1588/1588 101/1589/1589
f 972/1601/1601 114/1619/1619 113/1594/1594
f 972/1601/1601 115/1618/1618 114/1619/1619
f 117/1616/1616 116/1617/1617 973/1602/1602
f 972/1601/1601 973/1602/1602 116/1617/1617
f 115/1618/1618 972/1601/1601 116/1617/1617
f 971/1599/1599 126/1600/1600 125/1608/1608
f 124/1609/1609 971/1599/1599 125/1608/1608
f 970/1598/1598 123/1610/1610 122/1611/1611
f 971/1599/1599 124/1609/1609 970/1598/1598
f 123/1610/1610 970/1598/1598 124/1609/1609
f 970/1598/1598 122/1611/1611 969/1597/1597
f 119/1614/1614 118/1615/1615 960/1604/1604
f 973/1602/1602 961/1603/1603 118/1615/1615
f 117/1616/1616 973/1602/1602 118/1615/1615
f 973/1602/1602 955/1595/1595 961/1603/1603
f 118/1615/1615 961/1603/1603 960/1604/1604
f 959/1605/1605 119/1614/1614 960/1604/1604
f 969/1597/1597 122/1611/1611 957/1607/1607
f 120/1613/1613 958/1606/1606 121/1612/1612
f 121/1612/1612 957/1607/1607 122/1611/1611
f 120/1613/1613 959/1605/1605 958/1606/1606
f 969/1597/1597 957/1607/1607 956/1596/1596
f 121/1612/1612 958/1606/1606 957/1607/1607
f 959/1605/1605 120/1613/1613 119/1614/1614
f 978/1624/1624 977/1623/1623 974/1620/1620 975/1621/1621
f 979/1625/1625 978/1624/1624 975/1621/1621 976/1622/1622
f 983/1638/1638 985/1640/1640 984/1639/1639 977/1623/1623
f 983/1638/1638 981/1627/1627 980/1626/1626
f 978/1624/1624 983/1638/1638 977/1623/1623
f 981/1627/1627 983/1638/1638 978/1624/1624
f 982/1628/1628 981/1627/1627 978/1624/1624 979/1625/1625
f 974/1620/1620 967/1644/1644 129/1657/1657
f 967/1644/1644 91/1643/1643 129/1657/1657
f 984/1639/1639 715/1634/1634 716/1645/1645
f 628/1641/1641 974/1620/1620 716/1645/1645
f 984/1639/1639 716/1645/1645 974/1620/1620
f 975/1621/1621 974/1620/1620 129/1657/1657
f 967/1644/1644 974/1620/1620 628/1641/1641
f 715/1634/1634 984/1639/1639 985/1640/1640 838/1635/1635
f 704/1642/1642 628/1641/1641 716/1645/1645
f 976/1622/1622 127/1655/1655 971/1632/1632
f 127/1655/1655 126/1633/1633 971/1632/1632
f 976/1622/1622 128/1656/1656 127/1655/1655
f 128/1656/1656 976/1622/1622 975/1621/1621
f 976/1622/1622 969/1630/1630 979/1625/1625
f 976/1622/1622 970/1631/1631 969/1630/1630
f 969/1630/1630 956/1629/1629 979/1625/1625
f 971/1632/1632 970/1631/1631 976/1622/1622
f 975/1621/1621 129/1657/1657 128/1656/1656
f 984/1639/1639 974/1620/1620 977/1623/1623
f 593/1636/1636 838/1635/1635 985/1640/1640
f 983/1638/1638 980/1626/1626 985/1640/1640
f 985/1640/1640 592/1637/1637 593/1636/1636
f 953/1654/1654 980/1626/1626 294/1647/1647
f 592/1637/1637 980/1626/1626 953/1654/1654
f 270/1646/1646 953/1654/1654 294/1647/1647
f 985/1640/1640 980/1626/1626 592/1637/1637
f 963/1652/1652 982/1628/1628 964/1653/1653
f 979/1625/1625 964/1653/1653 982/1628/1628
f 962/1651/1651 982/1628/1628 963/1652/1652
f 982/1628/1628 296/1649/1649 981/1627/1627
f 956/1629/1629 964/1653/1653 979/1625/1625
f 295/1648/1648 981/1627/1627 296/1649/1649
f 281/1650/1650 296/1649/1649 962/1651/1651
f 296/1649/1649 982/1628/1628 962/1651/1651
f 295/1648/1648 980/1626/1626 981/1627/1627
f 295/1648/1648 294/1647/1647 980/1626/1626
f 999/1689/1689 998/1688/1688 986/1661/1661 987/1667/1667
f 998/1688/1688 1000/1694/1694 993/1674/1674 986/1661/1661
f 996/1677/1677 988/1668/1668 986/1661/1661
f 993/1674/1674 994/1675/1675 996/1677/1677
f 986/1661/1661 993/1674/1674 996/1677/1677
f 988/1668/1668 996/1677/1677 997/1678/1678 995/1676/1676
f 987/1667/1667 986/1661/1661 988/1668/1668 989/1669/1669
f 990/1670/1670 989/1669/1669 991/1671/1671 992/1672/1672
f 997/1678/1678 515/1673/1673 514/1681/1681
f 993/1674/1674 968/1680/1680 994/1675/1675
f 515/1673/1673 994/1675/1675 968/1680/1680
f 994/1675/1675 515/1673/1673 996/1677/1677
f 995/1676/1676 997/1678/1678 717/1682/1682
f 514/1681/1681 717/1682/1682 997/1678/1678
f 988/1668/1668 995/1676/1676 991/1671/1671 989/1669/1669
f 995/1676/1676 717/1682/1682 707/1658/1658
f 515/1673/1673 997/1678/1678 996/1677/1677
f 130/1693/1693 112/1679/1679 968/1680/1680
f 1000/1694/1694 132/1691/1691 131/1692/1692
f 131/1692/1692 130/1693/1693 993/1674/1674
f 1000/1694/1694 972/1664/1664 132/1691/1691
f 998/1688/1688 973/1663/1663 1000/1694/1694
f 132/1691/1691 972/1664/1664 113/1665/1665
f 973/1663/1663 972/1664/1664 1000/1694/1694
f 993/1674/1674 1000/1694/1694 131/1692/1692
f 130/1693/1693 968/1680/1680 993/1674/1674
f 995/1676/1676 839/1659/1659 991/1671/1671
f 991/1671/1671 839/1659/1659 516/1660/1660
f 991/1671/1671 516/1660/1660 521/1666/1666
f 248/1683/1683 992/1672/1672 954/1690/1690
f 521/1666/1666 954/1690/1690 992/1672/1672
f 991/1671/1671 521/1666/1666 992/1672/1672
f 248/1683/1683 990/1670/1670 992/1672/1672
f 998/1688/1688 999/1689/1689 955/1662/1662
f 955/1662/1662 999/1689/1689 965/1687/1687
f 973/1663/1663 998/1688/1688 955/1662/1662
f 297/1684/1684 966/1686/1686 987/1667/1667
f 248/1683/1683 297/1684/1684 990/1670/1670
f 987/1667/1667 966/1686/1686 999/1689/1689
f 293/1685/1685 966/1686/1686 297/1684/1684
f 965/1687/1687 999/1689/1689 966/1686/1686
f 990/1670/1670 297/1684/1684 987/1667/1667
f 987/1667/1667 989/1669/1669 990/1670/1670
f 995/1676/1676 707/1658/1658 839/1659/1659
f 1002/1696/1696 1001/1695/1695 1003/1698/1698
f 1034/1763/1763 1003/1698/1698 1004/1699/1699
f 1006/1701/1701 1035/1764/1764 1036/1765/1765 1005/1700/1700
f 1007/1702/1702 1037/1766/1766 1035/1764/1764 1006/1701/1701
f 1005/1700/1700 1036/1765/1765 1034/1763/1763 1004/1699/1699
f 1034/1763/1763 510/1762/1762 1003/1698/1698
f 1003/1698/1698 510/1762/1762 1002/1696/1696
f 1034/1763/1763 1036/1765/1765 508/1760/1760 509/1761/1761
f 1008/1703/1703 1038/1767/1767 1037/1766/1766 1007/1702/1702
f 1035/1764/1764 1037/1766/1766 506/1758/1758 507/1759/1759
f 1036/1765/1765 1035/1764/1764 507/1759/1759 508/1760/1760
f 1039/1768/1768 1009/1704/1704 1010/1705/1705 1040/1769/1769
f 1012/1707/1707 1041/1770/1770 1042/1771/1771 1011/1706/1706
f 1013/1708/1708 1043/1772/1772 1041/1770/1770 1012/1707/1707
f 1011/1706/1706 1042/1771/1771 1040/1769/1769 1010/1705/1705
f 1009/1704/1704 1039/1768/1768 1038/1767/1767 1008/1703/1703
f 1014/1709/1709 1044/1773/1773 1043/1772/1772 1013/1708/1708
f 1015/1710/1710 1045/1774/1774 1044/1773/1773 1014/1709/1709
f 1038/1767/1767 1039/1768/1768 504/1756/1756 505/1757/1757
f 1016/1711/1711 1046/1775/1775 1045/1774/1774 1015/1710/1710
f 1017/1712/1712 1047/1776/1776 1046/1775/1775 1016/1711/1711
f 1018/1713/1713 1048/1777/1777 1047/1776/1776 1017/1712/1712
f 1037/1766/1766 1038/1767/1767 505/1757/1757 506/1758/1758
f 510/1762/1762 479/1697/1697 1002/1696/1696
f 509/1761/1761 510/1762/1762 1034/1763/1763
f 1040/1769/1769 1042/1771/1771 502/1754/1754 503/1755/1755
f 1039/1768/1768 1040/1769/1769 503/1755/1755 504/1756/1756
f 501/1753/1753 502/1754/1754 1042/1771/1771 1041/1770/1770
f 1041/1770/1770 1043/1772/1772 500/1752/1752 501/1753/1753
f 1043/1772/1772 1044/1773/1773 499/1751/1751 500/1752/1752
f 1045/1774/1774 1046/1775/1775 497/1749/1749 498/1750/1750
f 1046/1775/1775 1047/1776/1776 496/1748/1748 497/1749/1749
f 1044/1773/1773 1045/1774/1774 498/1750/1750 499/1751/1751
f 1047/1776/1776 1048/1777/1777 495/1747/1747 496/1748/1748
f 1048/1777/1777 1018/1713/1713 1019/1714/1714 1049/1778/1778
f 1020/1715/1715 1050/1779/1779 1049/1778/1778 1019/1714/1714
f 1021/1716/1716 1051/1780/1780 1050/1779/1779 1020/1715/1715
f 1023/1718/1718 1052/1781/1781 1053/1782/1782 1022/1717/1717
f 1024/1719/1719 1054/1783/1783 1052/1781/1781 1023/1718/1718
f 1022/1717/1717 1053/1782/1782 1051/1780/1780 1021/1716/1716
f 1049/1778/1778 1050/1779/1779 493/1745/1745 494/1746/1746
f 1050/1779/1779 1051/1780/1780 492/1744/1744 493/1745/1745
f 1053/1782/1782 1052/1781/1781 490/1742/1742 491/1743/1743
f 1052/1781/1781 1054/1783/1783 489/1741/1741 490/1742/1742
f 1051/1780/1780 1053/1782/1782 491/1743/1743 492/1744/1744
f 1054/1783/1783 1024/1719/1719 1025/1720/1720 1055/1784/1784
f 1048/1777/1777 1049/1778/1778 494/1746/1746 495/1747/1747
f 1026/1721/1721 1056/1785/1785 1055/1784/1784 1025/1720/1720
f 1056/1785/1785 1026/1721/1721 1027/1722/1722 1057/1786/1786
f 1028/1723/1723 1058/1787/1787 1057/1786/1786 1027/1722/1722
f 1029/1724/1724 1059/1788/1788 1058/1787/1787 1028/1723/1723
f 1030/1725/1725 1060/1789/1789 1059/1788/1788 1029/1724/1724
f 1031/1726/1726 1061/1790/1790 1060/1789/1789 1030/1725/1725
f 1055/1784/1784 1056/1785/1785 487/1739/1739 488/1740/1740
f 1032/1727/1727 1062/1791/1791 1061/1790/1790 1031/1726/1726
f 1033/1728/1728 1063/1792/1792 1062/1791/1791 1032/1727/1727
f 1001/1729/1729 1002/1730/1730 1063/1792/1792 1033/1728/1728
f 1054/1783/1783 1055/1784/1784 488/1740/1740 489/1741/1741
f 1056/1785/1785 1057/1786/1786 486/1738/1738 487/1739/1739
f 485/1737/1737 486/1738/1738 1057/1786/1786 1058/1787/1787
f 1058/1787/1787 1059/1788/1788 484/1736/1736 485/1737/1737
f 1059/1788/1788 1060/1789/1789 483/1735/1735 484/1736/1736
f 1061/1790/1790 1062/1791/1791 481/1733/1733 482/1734/1734
f 1062/1791/1791 1063/1792/1792 480/1732/1732 481/1733/1733
f 1060/1789/1789 1061/1790/1790 482/1734/1734 483/1735/1735
f 479/1731/1731 480/1732/1732 1063/1792/1792 1002/1730/1730
f 1072/1833/1833 1004/1795/1795 1003/1794/1794
f 1005/1796/1796 1004/1795/1795 1071/1832/1832
f 1072/1833/1833 1071/1832/1832 1004/1795/1795
f 1073/1834/1834 1072/1833/1833 1003/1794/1794
f 1074/1835/1835 1001/1793/1793 1033/1824/1824
f 1001/1793/1793 1074/1835/1835 1073/1834/1834
f 1073/1834/1834 1003/1794/1794 1001/1793/1793
f 1075/1836/1836 1074/1835/1835 1033/1824/1824
f 1007/1798/1798 1006/1797/1797 1069/1830/1830
f 1068/1829/1829 1008/1799/1799 1007/1798/1798
f 1009/1800/1800 1008/1799/1799 1067/1828/1828
f 1008/1799/1799 1068/1829/1829 1067/1828/1828
f 1070/1831/1831 1005/1796/1796 1071/1832/1832
f 1007/1798/1798 1069/1830/1830 1068/1829/1829
f 1069/1830/1830 1006/1797/1797 1070/1831/1831
f 1006/1797/1797 1005/1796/1796 1070/1831/1831
f 1076/1837/1837 1032/1823/1823 1031/1822/1822
f 1032/1823/1823 1076/1837/1837 1075/1836/1836
f 1075/1836/1836 1033/1824/1824 1032/1823/1823
f 1077/1838/1838 1076/1837/1837 1031/1822/1822
f 1030/1821/1821 1029/1820/1820 1078/1839/1839
f 1028/1819/1819 1079/1840/1840 1029/1820/1820
f 1030/1821/1821 1078/1839/1839 1077/1838/1838
f 1077/1838/1838 1031/1822/1822 1030/1821/1821
f 1079/1840/1840 1028/1819/1819 1080/1841/1841
f 1027/1818/1818 1081/1842/1842 1080/1841/1841
f 1028/1819/1819 1027/1818/1818 1080/1841/1841
f 1026/1817/1817 1081/1842/1842 1027/1818/1818
f 1026/1817/1817 1025/1816/1816 1082/1843/1843
f 1082/1843/1843 1025/1816/1816 1083/1844/1844
f 1026/1817/1817 1082/1843/1843 1081/1842/1842
f 1078/1839/1839 1029/1820/1820 1079/1840/1840
f 1010/1801/1801 1009/1800/1800 1066/1827/1827
f 1067/1828/1828 1066/1827/1827 1009/1800/1800
f 1065/1826/1826 1010/1801/1801 1066/1827/1827
f 1011/1802/1802 1010/1801/1801 1065/1826/1826
f 1011/1802/1802 1065/1826/1826 1064/1825/1825
f 1095/1856/1856 1094/1855/1855 1013/1804/1804
f 1012/1803/1803 1064/1825/1825 1095/1856/1856
f 1011/1802/1802 1064/1825/1825 1012/1803/1803
f 1012/1803/1803 1095/1856/1856 1013/1804/1804
f 1093/1854/1854 1013/1804/1804 1094/1855/1855
f 1093/1854/1854 1014/1805/1805 1013/1804/1804
f 1092/1853/1853 1014/1805/1805 1093/1854/1854
f 1016/1807/1807 1092/1853/1853 1091/1852/1852
f 1092/1853/1853 1016/1807/1807 1015/1806/1806
f 1015/1806/1806 1014/1805/1805 1092/1853/1853
f 1017/1808/1808 1016/1807/1807 1091/1852/1852
f 1023/1814/1814 1085/1846/1846 1084/1845/1845
f 1021/1812/1812 1086/1847/1847 1022/1813/1813
f 1022/1813/1813 1086/1847/1847 1085/1846/1846
f 1025/1816/1816 1024/1815/1815 1083/1844/1844
f 1024/1815/1815 1084/1845/1845 1083/1844/1844
f 1023/1814/1814 1084/1845/1845 1024/1815/1815
f 1023/1814/1814 1022/1813/1813 1085/1846/1846
f 1021/1812/1812 1087/1848/1848 1086/1847/1847
f 1018/1809/1809 1090/1851/1851 1089/1850/1850
f 1090/1851/1851 1018/1809/1809 1017/1808/1808
f 1017/1808/1808 1091/1852/1852 1090/1851/1851
f 1019/1810/1810 1018/1809/1809 1089/1850/1850
f 1021/1812/1812 1020/1811/1811 1087/1848/1848
f 1088/1849/1849 1087/1848/1848 1020/1811/1811
f 1088/1849/1849 1020/1811/1811 1019/1810/1810
f 1019/1810/1810 1089/1850/1850 1088/1849/1849
f 1160/1921/1921 1120/1881/1881 1119/1880/1880
f 1120/1881/1881 1160/1921/1921 1121/1882/1882
f 1159/1920/1920 1160/1921/1921 1128/1889/1889
f 1160/1921/1921 1130/1891/1891 1129/1890/1890
f 1160/1921/1921 1118/1879/1879 1161/1922/1922
f 1130/1891/1891 1161/1922/1922 1131/1892/1892
f 1160/1921/1921 1119/1880/1880 1118/1879/1879
f 1129/1890/1890 1128/1889/1889 1160/1921/1921
f 1159/1920/1920 1121/1882/1882 1160/1921/1921
f 1158/1919/1919 1162/1923/1923 1122/1883/1883
f 1123/1884/1884 1122/1883/1883 1162/1923/1923
f 1162/1923/1923 1124/1885/1885 1123/1884/1884
f 1125/1886/1886 1124/1885/1885 1163/1924/1924
f 1158/1919/1919 1121/1882/1882 1159/1920/1920
f 1162/1923/1923 1157/1918/1918 1156/1917/1917
f 1155/1916/1916 1162/1923/1923 1156/1917/1917
f 1157/1918/1918 1162/1923/1923 1158/1919/1919
f 1162/1923/1923 1163/1924/1924 1124/1885/1885
f 1122/1883/1883 1121/1882/1882 1158/1919/1919
f 1161/1922/1922 1117/1878/1878 1116/1877/1877
f 1117/1878/1878 1161/1922/1922 1118/1879/1879
f 1161/1922/1922 1132/1893/1893 1131/1892/1892
f 1130/1891/1891 1160/1921/1921 1161/1922/1922
f 1161/1922/1922 1164/1925/1925 1132/1893/1893
f 1116/1877/1877 1115/1876/1876 1161/1922/1922
f 1134/1895/1895 1114/1875/1875 1113/1874/1874
f 1115/1876/1876 1114/1875/1875 1164/1925/1925
f 1114/1875/1875 1134/1895/1895 1164/1925/1925
f 1161/1922/1922 1115/1876/1876 1164/1925/1925
f 1133/1894/1894 1132/1893/1893 1164/1925/1925
f 1134/1895/1895 1113/1874/1874 1135/1896/1896
f 1112/1873/1873 1136/1897/1897 1135/1896/1896
f 1113/1874/1874 1112/1873/1873 1135/1896/1896
f 1111/1872/1872 1136/1897/1897 1112/1873/1873
f 1110/1871/1871 1138/1899/1899 1137/1898/1898
f 1109/1870/1870 1138/1899/1899 1110/1871/1871
f 1111/1872/1872 1110/1871/1871 1137/1898/1898
f 1111/1872/1872 1137/1898/1898 1136/1897/1897
f 1133/1894/1894 1164/1925/1925 1134/1895/1895
f 1163/1924/1924 1155/1916/1916 1154/1915/1915
f 1126/1887/1887 1125/1886/1886 1163/1924/1924
f 1163/1924/1924 1127/1888/1888 1126/1887/1887
f 1163/1924/1924 1165/1926/1926 1127/1888/1888
f 1153/1914/1914 1163/1924/1924 1154/1915/1915
f 1151/1912/1912 1165/1926/1926 1152/1913/1913
f 1153/1914/1914 1152/1913/1913 1165/1926/1926
f 1163/1924/1924 1153/1914/1914 1165/1926/1926
f 1165/1926/1926 1096/1857/1857 1127/1888/1888
f 1151/1912/1912 1097/1858/1858 1165/1926/1926
f 1096/1857/1857 1165/1926/1926 1097/1858/1858
f 1150/1911/1911 1097/1858/1858 1151/1912/1912
f 1098/1859/1859 1097/1858/1858 1150/1911/1911
f 1149/1910/1910 1098/1859/1859 1150/1911/1911
f 1100/1861/1861 1099/1860/1860 1148/1909/1909
f 1149/1910/1910 1148/1909/1909 1099/1860/1860
f 1147/1908/1908 1100/1861/1861 1148/1909/1909
f 1149/1910/1910 1099/1860/1860 1098/1859/1859
f 1107/1868/1868 1141/1902/1902 1140/1901/1901
f 1105/1866/1866 1142/1903/1903 1106/1867/1867
f 1106/1867/1867 1142/1903/1903 1141/1902/1902
f 1108/1869/1869 1139/1900/1900 1109/1870/1870
f 1139/1900/1900 1138/1899/1899 1109/1870/1870
f 1139/1900/1900 1108/1869/1869 1140/1901/1901
f 1108/1869/1869 1107/1868/1868 1140/1901/1901
f 1107/1868/1868 1106/1867/1867 1141/1902/1902
f 1105/1866/1866 1143/1904/1904 1142/1903/1903
f 1101/1862/1862 1147/1908/1908 1146/1907/1907
f 1146/1907/1907 1102/1863/1863 1101/1862/1862
f 1101/1862/1862 1100/1861/1861 1147/1908/1908
f 1145/1906/1906 1102/1863/1863 1146/1907/1907
f 1103/1864/1864 1145/1906/1906 1144/1905/1905
f 1143/1904/1904 1105/1866/1866 1104/1865/1865
f 1103/1864/1864 1144/1905/1905 1104/1865/1865
f 1103/1864/1864 1102/1863/1863 1145/1906/1906
f 1144/1905/1905 1143/1904/1904 1104/1865/1865
f 1162/1923/1923 1155/1916/1916 1163/1924/1924
f 1166/1927/1927 1199/1960/1960 1201/1962/1962 1200/1961/1961
f 1204/1965/1965 1166/1927/1927 1200/1961/1961 1206/1967/1967
f 1202/1963/1963 1203/1964/1964 1199/1960/1960 1166/1927/1927
f 1205/1966/1966 1202/1963/1963 1166/1927/1927 1204/1965/1965
f 1168/1929/1929 1167/1928/1928 1201/1962/1962
f 1167/1928/1928 1198/1959/1959 1201/1962/1962
f 1198/1959/1959 1197/1958/1958 1200/1961/1961
f 1169/1930/1930 1168/1929/1929 1201/1962/1962
f 1199/1960/1960 1172/1933/1933 1171/1932/1932
f 1201/1962/1962 1171/1932/1932 1170/1931/1931
f 1169/1930/1930 1201/1962/1962 1170/1931/1931
f 1199/1960/1960 1171/1932/1932 1201/1962/1962
f 1201/1962/1962 1198/1959/1959 1200/1961/1961
f 1199/1960/1960 1173/1934/1934 1172/1933/1933
f 1195/1956/1956 1194/1955/1955 1206/1967/1967
f 1192/1953/1953 1206/1967/1967 1193/1954/1954
f 1193/1954/1954 1206/1967/1967 1194/1955/1955
f 1200/1961/1961 1196/1957/1957 1195/1956/1956
f 1195/1956/1956 1206/1967/1967 1200/1961/1961
f 1191/1952/1952 1190/1951/1951 1206/1967/1967
f 1204/1965/1965 1190/1951/1951 1189/1950/1950
f 1204/1965/1965 1206/1967/1967 1190/1951/1951
f 1192/1953/1953 1191/1952/1952 1206/1967/1967
f 1200/1961/1961 1197/1958/1958 1196/1957/1957
f 1199/1960/1960 1203/1964/1964 1174/1935/1935
f 1176/1937/1937 1175/1936/1936 1203/1964/1964
f 1179/1940/1940 1203/1964/1964 1202/1963/1963
f 1175/1936/1936 1174/1935/1935 1203/1964/1964
f 1177/1938/1938 1203/1964/1964 1178/1939/1939
f 1202/1963/1963 1180/1941/1941 1179/1940/1940
f 1179/1940/1940 1178/1939/1939 1203/1964/1964
f 1176/1937/1937 1203/1964/1964 1177/1938/1938
f 1181/1942/1942 1180/1941/1941 1202/1963/1963
f 1187/1948/1948 1205/1966/1966 1204/1965/1965
f 1188/1949/1949 1187/1948/1948 1204/1965/1965
f 1186/1947/1947 1205/1966/1966 1187/1948/1948
f 1186/1947/1947 1185/1946/1946 1205/1966/1966
f 1189/1950/1950 1188/1949/1949 1204/1965/1965
f 1205/1966/1966 1183/1944/1944 1182/1943/1943
f 1185/1946/1946 1184/1945/1945 1205/1966/1966
f 1184/1945/1945 1183/1944/1944 1205/1966/1966
f 1205/1966/1966 1182/1943/1943 1202/1963/1963
f 1202/1963/1963 1182/1943/1943 1181/1942/1942
f 1174/1935/1935 1173/1934/1934 1199/1960/1960
f 1207/1969/1969 1095/2006/2006 1064/1968/1968
f 1208/2036/2036 1094/2007/2007 1095/2006/2006
f 1093/2008/2008 1210/2038/2038 1209/2037/2037 1092/2009/2009
f 1092/2009/2009 1209/2037/2037 1211/2039/2039 1091/2010/2010
f 1094/2007/2007 1208/2036/2036 1210/2038/2038 1093/2008/2008
f 1208/2036/2036 1095/2006/2006 1097/1971/1971
f 1095/2006/2006 1207/1969/1969 1097/1971/1971
f 1210/2038/2038 1208/2036/2036 1098/1972/1972 1099/1973/1973
f 1212/2040/2040 1090/2011/2011 1091/2010/2010 1211/2039/2039
f 1211/2039/2039 1209/2037/2037 1100/1974/1974 1101/1975/1975
f 1209/2037/2037 1210/2038/2038 1099/1973/1973 1100/1974/1974
f 1089/2012/2012 1214/2042/2042 1213/2041/2041 1088/1978/1978
f 1087/2013/2013 1216/2044/2044 1215/2043/2043 1086/2014/2014
f 1086/2014/2014 1215/2043/2043 1217/2045/2045 1085/2015/2015
f 1088/1978/1978 1213/2041/2041 1216/2044/2044 1087/2013/2013
f 1214/2042/2042 1089/2012/2012 1090/2011/2011 1212/2040/2040
f 1085/2015/2015 1217/2045/2045 1218/2046/2046 1084/2016/2016
f 1084/2016/2016 1218/2046/2046 1219/2047/2047 1083/2017/2017
f 1214/2042/2042 1212/2040/2040 1102/1976/1976 1103/1977/1977
f 1083/2017/2017 1219/2047/2047 1220/2048/2048 1082/2018/2018
f 1082/2018/2018 1220/2048/2048 1221/2049/2049 1081/2019/2019
f 1081/2019/2019 1221/2049/2049 1222/2050/2050 1080/1987/1987
f 1212/2040/2040 1211/2039/2039 1101/1975/1975 1102/1976/1976
f 1097/1971/1971 1207/1969/1969 1096/1970/1970
f 1098/1972/1972 1208/2036/2036 1097/1971/1971
f 1216/2044/2044 1213/2041/2041 1104/1979/1979 1105/1980/1980
f 1103/1977/1977 1104/1979/1979 1213/2041/2041 1214/2042/2042
f 1105/1980/1980 1106/1981/1981 1215/2043/2043 1216/2044/2044
f 1217/2045/2045 1215/2043/2043 1106/1981/1981 1107/1982/1982
f 1218/2046/2046 1217/2045/2045 1107/1982/1982 1108/1983/1983
f 1220/2048/2048 1219/2047/2047 1109/1984/1984 1110/1985/1985
f 1221/2049/2049 1220/2048/2048 1110/1985/1985 1111/1986/1986
f 1219/2047/2047 1218/2046/2046 1108/1983/1983 1109/1984/1984
f 1222/2050/2050 1221/2049/2049 1111/1986/1986 1112/1988/1988
f 1080/1987/1987 1222/2050/2050 1223/2051/2051 1079/2020/2020
f 1079/2020/2020 1223/2051/2051 1224/2052/2052 1078/2021/2021
f 1078/2021/2021 1224/2052/2052 1225/2053/2053 1077/2022/2022
f 1076/2023/2023 1227/2055/2055 1226/2054/2054 1075/2024/2024
f 1075/2024/2024 1226/2054/2054 1228/2056/2056 1074/2025/2025
f 1077/2022/2022 1225/2053/2053 1227/2055/2055 1076/2023/2023
f 1224/2052/2052 1223/2051/2051 1113/1989/1989 1114/1990/1990
f 1225/2053/2053 1224/2052/2052 1114/1990/1990 1115/1991/1991
f 1226/2054/2054 1227/2055/2055 1116/1992/1992 1117/1993/1993
f 1228/2056/2056 1226/2054/2054 1117/1993/1993 1118/1994/1994
f 1227/2055/2055 1225/2053/2053 1115/1991/1991 1116/1992/1992
f 1074/2025/2025 1228/2056/2056 1229/2057/2057 1073/2026/2026
f 1112/1988/1988 1113/1989/1989 1223/2051/2051 1222/2050/2050
f 1073/2026/2026 1229/2057/2057 1230/2058/2058 1072/2027/2027
f 1072/2027/2027 1230/2058/2058 1231/2059/2059 1071/2028/2028
f 1071/2028/2028 1231/2059/2059 1232/2060/2060 1070/2029/2029
f 1070/2029/2029 1232/2060/2060 1233/2061/2061 1069/2030/2030
f 1069/2030/2030 1233/2061/2061 1234/2062/2062 1068/2031/2031
f 1068/2031/2031 1234/2062/2062 1235/2063/2063 1067/2032/2032
f 1230/2058/2058 1229/2057/2057 1119/1995/1995 1120/1996/1996
f 1067/2032/2032 1235/2063/2063 1236/2064/2064 1066/2033/2033
f 1066/2033/2033 1236/2064/2064 1237/2065/2065 1065/2034/2034
f 1065/2034/2034 1237/2065/2065 1207/2004/2004 1064/2035/2035
f 1229/2057/2057 1228/2056/2056 1118/1994/1994 1119/1995/1995
f 1121/1997/1997 1122/1998/1998 1232/2060/2060 1231/2059/2059
f 1120/1996/1996 1121/1997/1997 1231/2059/2059 1230/2058/2058
f 1234/2062/2062 1233/2061/2061 1123/1999/1999 1124/2000/2000
f 1235/2063/2063 1234/2062/2062 1124/2000/2000 1125/2001/2001
f 1237/2065/2065 1236/2064/2064 1126/2002/2002 1127/2003/2003
f 1207/2004/2004 1237/2065/2065 1127/2003/2003 1096/2005/2005
f 1236/2064/2064 1235/2063/2063 1125/2001/2001 1126/2002/2002
f 1233/2061/2061 1232/2060/2060 1122/1998/1998 1123/1999/1999
f 1238/2066/2066 1198/2103/2103 1167/2102/2102
f 1239/2134/2134 1197/2104/2104 1198/2103/2103
f 1196/2105/2105 1241/2136/2136 1240/2135/2135 1195/2106/2106
f 1195/2106/2106 1240/2135/2135 1242/2137/2137 1194/2107/2107
f 1197/2104/2104 1239/2134/2134 1241/2136/2136 1196/2105/2105
f 1239/2134/2134 1198/2103/2103 1129/2068/2068
f 1198/2103/2103 1238/2066/2066 1129/2068/2068
f 1241/2136/2136 1239/2134/2134 1130/2069/2069 1131/2070/2070
f 1243/2138/2138 1193/2108/2108 1194/2107/2107 1242/2137/2137
f 1242/2137/2137 1240/2135/2135 1132/2071/2071 1133/2072/2072
f 1240/2135/2135 1241/2136/2136 1131/2070/2070 1132/2071/2071
f 1192/2109/2109 1245/2140/2140 1244/2139/2139 1191/2110/2110
f 1191/2110/2110 1244/2139/2139 1246/2141/2141 1190/2111/2111
f 1190/2111/2111 1246/2141/2141 1247/2142/2142 1189/2112/2112
f 1189/2112/2112 1247/2142/2142 1248/2143/2143 1188/2113/2113
f 1245/2140/2140 1243/2138/2138 1134/2073/2073 1135/2074/2074
f 1245/2140/2140 1192/2109/2109 1193/2108/2108 1243/2138/2138
f 1244/2139/2139 1245/2140/2140 1135/2074/2074 1136/2075/2075
f 1187/2114/2114 1250/2145/2145 1249/2144/2144 1186/2115/2115
f 1186/2115/2115 1249/2144/2144 1251/2146/2146 1185/2116/2116
f 1188/2113/2113 1248/2143/2143 1250/2145/2145 1187/2114/2114
f 1185/2116/2116 1251/2146/2146 1252/2147/2147 1184/2117/2117
f 1243/2138/2138 1242/2137/2137 1133/2072/2072 1134/2073/2073
f 1129/2068/2068 1238/2066/2066 1128/2067/2067
f 1130/2069/2069 1239/2134/2134 1129/2068/2068
f 1137/2076/2076 1138/2077/2077 1247/2142/2142 1246/2141/2141
f 1136/2075/2075 1137/2076/2076 1246/2141/2141 1244/2139/2139
f 1250/2145/2145 1248/2143/2143 1139/2078/2078 1140/2079/2079
f 1249/2144/2144 1250/2145/2145 1140/2079/2079 1141/2080/2080
f 1252/2147/2147 1251/2146/2146 1142/2081/2081 1143/2082/2082
f 1253/2148/2148 1183/2118/2118 1184/2117/2117 1252/2147/2147
f 1253/2148/2148 1252/2147/2147 1143/2082/2082 1144/2083/2083
f 1251/2146/2146 1249/2144/2144 1141/2080/2080 1142/2081/2081
f 1248/2143/2143 1247/2142/2142 1138/2077/2077 1139/2078/2078
f 1144/2083/2083 1145/2084/2084 1254/2149/2149 1253/2148/2148
f 1254/2149/2149 1182/2119/2119 1183/2118/2118 1253/2148/2148
f 1182/2119/2119 1254/2149/2149 1255/2150/2150 1181/2120/2120
f 1180/2121/2121 1257/2152/2152 1256/2151/2151 1179/2122/2122
f 1179/2122/2122 1256/2151/2151 1258/2153/2153 1178/2123/2123
f 1181/2120/2120 1255/2150/2150 1257/2152/2152 1180/2121/2121
f 1255/2150/2150 1254/2149/2149 1145/2084/2084 1146/2085/2085
f 1257/2152/2152 1255/2150/2150 1146/2085/2085 1147/2086/2086
f 1259/2154/2154 1177/2124/2124 1178/2123/2123 1258/2153/2153
f 1258/2153/2153 1256/2151/2151 1148/2087/2087 1149/2088/2088
f 1256/2151/2151 1257/2152/2152 1147/2086/2086 1148/2087/2087
f 1176/2125/2125 1261/2156/2156 1260/2155/2155 1175/2126/2126
f 1174/2127/2127 1263/2158/2158 1262/2157/2157 1173/2128/2128
f 1173/2128/2128 1262/2157/2157 1264/2159/2159 1172/2129/2129
f 1175/2126/2126 1260/2155/2155 1263/2158/2158 1174/2127/2127
f 1261/2156/2156 1176/2125/2125 1177/2124/2124 1259/2154/2154
f 1172/2129/2129 1264/2159/2159 1265/2160/2160 1171/2130/2130
f 1171/2130/2130 1265/2160/2160 1266/2161/2161 1170/2131/2131
f 1261/2156/2156 1259/2154/2154 1150/2089/2089 1151/2090/2090
f 1170/2131/2131 1266/2161/2161 1267/2162/2162 1169/2132/2132
f 1169/2132/2132 1267/2162/2162 1268/2163/2163 1168/2133/2133
f 1168/2133/2133 1268/2163/2163 1238/2100/2100 1167/2099/2099
f 1259/2154/2154 1258/2153/2153 1149/2088/2088 1150/2089/2089
f 1263/2158/2158 1260/2155/2155 1152/2091/2091 1153/2092/2092
f 1151/2090/2090 1152/2091/2091 1260/2155/2155 1261/2156/2156
f 1153/2092/2092 1154/2093/2093 1262/2157/2157 1263/2158/2158
f 1265/2160/2160 1264/2159/2159 1155/2094/2094 1156/2095/2095
f 1266/2161/2161 1265/2160/2160 1156/2095/2095 1157/2096/2096
f 1268/2163/2163 1267/2162/2162 1158/2097/2097 1159/2098/2098
f 1238/2100/2100 1268/2163/2163 1159/2098/2098 1128/2101/2101
f 1267/2162/2162 1266/2161/2161 1157/2096/2096 1158/2097/2097
f 1264/2159/2159 1262/2157/2157 1154/2093/2093 1155/2094/2094
f 1301/2198/2198 1269/2164/2164 1270/2166/2166
f 1271/2167/2167 1272/2168/2168 428/2229/2229 429/2230/2230
f 1270/2166/2166 1271/2167/2167 429/2230/2230 430/2231/2231
f 1273/2169/2169 1274/2170/2170 426/2227/2227 427/2228/2228
f 1275/2171/2171 1276/2172/2172 424/2225/2225 425/2226/2226
f 1274/2170/2170 1275/2171/2171 425/2226/2226 426/2227/2227
f 1272/2168/2168 1273/2169/2169 427/2228/2228 428/2229/2229
f 1277/2173/2173 1278/2174/2174 422/2223/2223 423/2224/2224
f 1279/2175/2175 1280/2176/2176 420/2221/2221 421/2222/2222
f 1278/2174/2174 1279/2175/2175 421/2222/2222 422/2223/2223
f 1281/2177/2177 1282/2178/2178 418/2219/2219 419/2220/2220
f 1283/2179/2179 1284/2180/2180 416/2217/2217 417/2218/2218
f 415/2216/2216 416/2217/2217 1284/2180/2180 1285/2181/2181
f 1282/2178/2178 1283/2179/2179 417/2218/2218 418/2219/2219
f 1280/2176/2176 1281/2177/2177 419/2220/2220 420/2221/2221
f 1276/2172/2172 1277/2173/2173 423/2224/2224 424/2225/2225
f 430/2231/2231 399/2165/2165 1301/2198/2198
f 1270/2166/2166 430/2231/2231 1301/2198/2198
f 1286/2182/2182 1287/2183/2183 413/2214/2214 414/2215/2215
f 1288/2184/2184 1289/2185/2185 411/2212/2212 412/2213/2213
f 1287/2183/2183 1288/2184/2184 412/2213/2213 413/2214/2214
f 1290/2186/2186 1291/2187/2187 409/2210/2210 410/2211/2211
f 1292/2188/2188 1293/2189/2189 407/2208/2208 408/2209/2209
f 1291/2187/2187 1292/2188/2188 408/2209/2209 409/2210/2210
f 1289/2185/2185 1290/2186/2186 410/2211/2211 411/2212/2212
f 1294/2190/2190 1295/2191/2191 405/2206/2206 406/2207/2207
f 1296/2192/2192 1297/2193/2193 403/2204/2204 404/2205/2205
f 1295/2191/2191 1296/2192/2192 404/2205/2205 405/2206/2206
f 1298/2194/2194 1299/2195/2195 401/2202/2202 402/2203/2203
f 1301/2199/2199 1300/2196/2196 1269/2197/2197
f 1299/2195/2195 1300/2196/2196 400/2201/2201 401/2202/2202
f 1297/2193/2193 1298/2194/2194 402/2203/2203 403/2204/2204
f 1293/2189/2189 1294/2190/2190 406/2207/2207 407/2208/2208
f 1300/2196/2196 1301/2199/2199 400/2201/2201
f 414/2215/2215 415/2216/2216 1285/2181/2181 1286/2182/2182
f 1301/2199/2199 399/2200/2200 400/2201/2201
f 1310/2272/2272 1278/2241/2241 1277/2240/2240
f 1310/2272/2272 1309/2271/2271 1278/2241/2241
f 1279/2242/2242 1278/2241/2241 1309/2271/2271
f 1311/2273/2273 1310/2272/2272 1277/2240/2240
f 1312/2274/2274 1276/2239/2239 1275/2238/2238
f 1276/2239/2239 1312/2274/2274 1311/2273/2273
f 1311/2273/2273 1277/2240/2240 1276/2239/2239
f 1313/2275/2275 1312/2274/2274 1275/2238/2238
f 1281/2244/2244 1280/2243/2243 1307/2269/2269
f 1306/2268/2268 1282/2245/2245 1281/2244/2244
f 1283/2246/2246 1282/2245/2245 1305/2267/2267
f 1282/2245/2245 1306/2268/2268 1305/2267/2267
f 1308/2270/2270 1279/2242/2242 1309/2271/2271
f 1281/2244/2244 1307/2269/2269 1306/2268/2268
f 1307/2269/2269 1280/2243/2243 1308/2270/2270
f 1280/2243/2243 1279/2242/2242 1308/2270/2270
f 1314/2276/2276 1313/2275/2275 1274/2237/2237
f 1275/2238/2238 1274/2237/2237 1313/2275/2275
f 1273/2236/2236 1314/2276/2276 1274/2237/2237
f 1315/2277/2277 1314/2276/2276 1273/2236/2236
f 1272/2235/2235 1315/2277/2277 1273/2236/2236
f 1317/2279/2279 1316/2278/2278 1271/2234/2234
f 1272/2235/2235 1271/2234/2234 1316/2278/2278
f 1272/2235/2235 1316/2278/2278 1315/2277/2277
f 1270/2233/2233 1318/2280/2280 1317/2279/2279
f 1300/2263/2263 1320/2282/2282 1319/2281/2281
f 1269/2232/2232 1319/2281/2281 1318/2280/2280
f 1269/2232/2232 1318/2280/2280 1270/2233/2233
f 1319/2281/2281 1269/2232/2232 1300/2263/2263
f 1320/2282/2282 1300/2263/2263 1299/2262/2262
f 1321/2283/2283 1320/2282/2282 1299/2262/2262
f 1271/2234/2234 1270/2233/2233 1317/2279/2279
f 1284/2247/2247 1283/2246/2246 1304/2266/2266
f 1285/2248/2248 1284/2247/2247 1303/2265/2265
f 1286/2249/2249 1285/2248/2248 1302/2264/2264
f 1284/2247/2247 1304/2266/2266 1303/2265/2265
f 1286/2249/2249 1302/2264/2264 1333/2295/2295
f 1302/2264/2264 1285/2248/2248 1303/2265/2265
f 1333/2295/2295 1287/2250/2250 1286/2249/2249
f 1288/2251/2251 1287/2250/2250 1332/2294/2294
f 1333/2295/2295 1332/2294/2294 1287/2250/2250
f 1331/2293/2293 1288/2251/2251 1332/2294/2294
f 1289/2252/2252 1288/2251/2251 1331/2293/2293
f 1330/2292/2292 1289/2252/2252 1331/2293/2293
f 1291/2254/2254 1290/2253/2253 1329/2291/2291
f 1330/2292/2292 1329/2291/2291 1290/2253/2253
f 1330/2292/2292 1290/2253/2253 1289/2252/2252
f 1297/2260/2260 1323/2285/2285 1322/2284/2284
f 1295/2258/2258 1324/2286/2286 1296/2259/2259
f 1296/2259/2259 1324/2286/2286 1323/2285/2285
f 1299/2262/2262 1298/2261/2261 1321/2283/2283
f 1298/2261/2261 1322/2284/2284 1321/2283/2283
f 1297/2260/2260 1322/2284/2284 1298/2261/2261
f 1297/2260/2260 1296/2259/2259 1323/2285/2285
f 1295/2258/2258 1325/2287/2287 1324/2286/2286
f 1292/2255/2255 1328/2290/2290 1327/2289/2289
f 1328/2290/2290 1292/2255/2255 1291/2254/2254
f 1291/2254/2254 1329/2291/2291 1328/2290/2290
f 1293/2256/2256 1292/2255/2255 1327/2289/2289
f 1326/2288/2288 1325/2287/2287 1294/2257/2257
f 1295/2258/2258 1294/2257/2257 1325/2287/2287
f 1326/2288/2288 1294/2257/2257 1293/2256/2256
f 1293/2256/2256 1327/2289/2289 1326/2288/2288
f 1283/2246/2246 1305/2267/2267 1304/2266/2266
f 1358/2320/2320 1357/2319/2319 1390/2352/2352
f 1358/2320/2320 1390/2352/2352 1389/2351/2351
f 1358/2320/2320 1389/2351/2351 1359/2321/2321
f 1355/2317/2317 1392/2354/2354 1356/2318/2318
f 1391/2353/2353 1356/2318/2318 1392/2354/2354
f 1357/2319/2319 1356/2318/2318 1391/2353/2353
f 1391/2353/2353 1390/2352/2352 1357/2319/2319
f 1388/2350/2350 1360/2322/2322 1359/2321/2321
f 1362/2324/2324 1361/2323/2323 1386/2348/2348
f 1362/2324/2324 1385/2347/2347 1363/2325/2325
f 1385/2347/2347 1362/2324/2324 1386/2348/2348
f 1388/2350/2350 1359/2321/2321 1389/2351/2351
f 1361/2323/2323 1387/2349/2349 1386/2348/2348
f 1388/2350/2350 1387/2349/2349 1360/2322/2322
f 1387/2349/2349 1361/2323/2323 1360/2322/2322
f 1393/2355/2355 1355/2317/2317 1354/2316/2316
f 1354/2316/2316 1394/2356/2356 1393/2355/2355
f 1393/2355/2355 1392/2354/2354 1355/2317/2317
f 1353/2315/2315 1394/2356/2356 1354/2316/2316
f 1395/2357/2357 1353/2315/2315 1352/2314/2314
f 1395/2357/2357 1352/2314/2314 1396/2358/2358
f 1351/2313/2313 1396/2358/2358 1352/2314/2314
f 1395/2357/2357 1394/2356/2356 1353/2315/2315
f 1351/2313/2313 1350/2312/2312 1397/2359/2359
f 1349/2311/2311 1367/2329/2329 1366/2328/2328
f 1350/2312/2312 1366/2328/2328 1397/2359/2359
f 1349/2311/2311 1366/2328/2328 1350/2312/2312
f 1347/2309/2309 1368/2330/2330 1348/2310/2310
f 1367/2329/2329 1349/2311/2311 1348/2310/2310
f 1367/2329/2329 1348/2310/2310 1368/2330/2330
f 1396/2358/2358 1351/2313/2313 1397/2359/2359
f 1384/2346/2346 1363/2325/2325 1385/2347/2347
f 1364/2326/2326 1384/2346/2346 1383/2345/2345
f 1363/2325/2325 1384/2346/2346 1364/2326/2326
f 1365/2327/2327 1364/2326/2326 1383/2345/2345
f 1334/2296/2296 1365/2327/2327 1382/2344/2344
f 1365/2327/2327 1383/2345/2345 1382/2344/2344
f 1381/2343/2343 1380/2342/2342 1335/2297/2297
f 1381/2343/2343 1334/2296/2296 1382/2344/2344
f 1335/2297/2297 1334/2296/2296 1381/2343/2343
f 1379/2341/2341 1336/2298/2298 1380/2342/2342
f 1335/2297/2297 1380/2342/2342 1336/2298/2298
f 1379/2341/2341 1337/2299/2299 1336/2298/2298
f 1378/2340/2340 1337/2299/2299 1379/2341/2341
f 1338/2300/2300 1378/2340/2340 1377/2339/2339
f 1377/2339/2339 1339/2301/2301 1338/2300/2300
f 1338/2300/2300 1337/2299/2299 1378/2340/2340
f 1376/2338/2338 1339/2301/2301 1377/2339/2339
f 1345/2307/2307 1371/2333/2333 1370/2332/2332
f 1372/2334/2334 1371/2333/2333 1344/2306/2306
f 1344/2306/2306 1371/2333/2333 1345/2307/2307
f 1346/2308/2308 1369/2331/2331 1347/2309/2309
f 1369/2331/2331 1368/2330/2330 1347/2309/2309
f 1370/2332/2332 1369/2331/2331 1346/2308/2308
f 1346/2308/2308 1345/2307/2307 1370/2332/2332
f 1343/2305/2305 1373/2335/2335 1372/2334/2334
f 1375/2337/2337 1374/2336/2336 1341/2303/2303
f 1375/2337/2337 1340/2302/2302 1376/2338/2338
f 1339/2301/2301 1376/2338/2338 1340/2302/2302
f 1340/2302/2302 1375/2337/2337 1341/2303/2303
f 1344/2306/2306 1343/2305/2305 1372/2334/2334
f 1343/2305/2305 1342/2304/2304 1373/2335/2335
f 1342/2304/2304 1341/2303/2303 1374/2336/2336
f 1342/2304/2304 1374/2336/2336 1373/2335/2335
f 1446/2408/2408 1447/2409/2409 1439/2401/2401 1430/2392/2392
f 1447/2409/2409 1444/2406/2406 1438/2400/2400 1439/2401/2401
f 1430/2392/2392 1439/2401/2401 1441/2403/2403 1436/2398/2398
f 1439/2401/2401 1438/2400/2400 1440/2402/2402 1441/2403/2403
f 1438/2400/2400 1442/2404/2404 1443/2405/2405 1440/2402/2402
f 1444/2406/2406 1445/2407/2407 1442/2404/2404 1438/2400/2400
f 1450/2412/2412 1448/2410/2410 1431/2393/2393 1432/2394/2394
f 1432/2394/2394 1431/2393/2393 1433/2395/2395 1434/2396/2396
f 1431/2393/2393 1435/2397/2397 1437/2399/2399 1433/2395/2395
f 1435/2397/2397 1430/2392/2392 1436/2398/2398 1437/2399/2399
f 1448/2410/2410 1449/2411/2411 1435/2397/2397 1431/2393/2393
f 1449/2411/2411 1446/2408/2408 1430/2392/2392 1435/2397/2397
f 1408/2370/2370 1407/2369/2369 1440/2402/2402
f 1440/2402/2402 1407/2369/2369 1406/2368/2368
f 1406/2368/2368 1405/2367/2367 1441/2403/2403
f 1441/2403/2403 1405/2367/2367 1404/2366/2366
f 1443/2405/2405 1409/2371/2371 1408/2370/2370
f 1410/2372/2372 1443/2405/2405 1442/2404/2404
f 1409/2371/2371 1443/2405/2405 1410/2372/2372
f 1411/2373/2373 1410/2372/2372 1442/2404/2404
f 1406/2368/2368 1441/2403/2403 1440/2402/2402
f 1442/2404/2404 1412/2374/2374 1411/2373/2373
f 1408/2370/2370 1440/2402/2402 1443/2405/2405
f 1436/2398/2398 1441/2403/2403 1404/2366/2366
f 1437/2399/2399 1403/2365/2365 1402/2364/2364
f 1404/2366/2366 1403/2365/2365 1436/2398/2398
f 1433/2395/2395 1402/2364/2364 1401/2363/2363
f 1400/2362/2362 1433/2395/2395 1401/2363/2363
f 1434/2396/2396 1400/2362/2362 1399/2361/2361
f 1437/2399/2399 1436/2398/2398 1403/2365/2365
f 1402/2364/2364 1433/2395/2395 1437/2399/2399
f 1398/2360/2360 1432/2394/2394 1434/2396/2396
f 1400/2362/2362 1434/2396/2396 1433/2395/2395
f 1429/2391/2391 1432/2394/2394 1398/2360/2360
f 1432/2394/2394 1429/2391/2391 1428/2390/2390
f 1399/2361/2361 1398/2360/2360 1434/2396/2396
f 1442/2404/2404 1414/2376/2376 1413/2375/2375
f 1445/2407/2407 1414/2376/2376 1442/2404/2404
f 1416/2378/2378 1445/2407/2407 1444/2406/2406
f 1418/2380/2380 1444/2406/2406 1447/2409/2409
f 1445/2407/2407 1415/2377/2377 1414/2376/2376
f 1444/2406/2406 1417/2379/2379 1416/2378/2378
f 1444/2406/2406 1418/2380/2380 1417/2379/2379
f 1446/2408/2408 1419/2381/2381 1447/2409/2409
f 1419/2381/2381 1418/2380/2380 1447/2409/2409
f 1420/2382/2382 1419/2381/2381 1446/2408/2408
f 1415/2377/2377 1445/2407/2407 1416/2378/2378
f 1422/2384/2384 1449/2411/2411 1448/2410/2410
f 1427/2389/2389 1426/2388/2388 1432/2394/2394
f 1450/2412/2412 1432/2394/2394 1426/2388/2388
f 1425/2387/2387 1450/2412/2412 1426/2388/2388
f 1450/2412/2412 1424/2386/2386 1448/2410/2410
f 1428/2390/2390 1427/2389/2389 1432/2394/2394
f 1422/2384/2384 1421/2383/2383 1449/2411/2411
f 1448/2410/2410 1423/2385/2385 1422/2384/2384
f 1425/2387/2387 1424/2386/2386 1450/2412/2412
f 1424/2386/2386 1423/2385/2385 1448/2410/2410
f 1420/2382/2382 1449/2411/2411 1421/2383/2383
f 1420/2382/2382 1446/2408/2408 1449/2411/2411
f 1412/2374/2374 1442/2404/2404 1413/2375/2375
f 1451/2448/2448 1333/2450/2450 1302/2449/2449
f 1333/2450/2450 1335/2414/2414 1336/2415/2415 1332/2451/2451
f 1335/2414/2414 1333/2450/2450 1451/2448/2448
f 1331/2452/2452 1337/2416/2416 1338/2417/2417 1330/2453/2453
f 1332/2451/2451 1336/2415/2415 1337/2416/2416 1331/2452/2452
f 1330/2453/2453 1338/2417/2417 1339/2418/2418 1329/2454/2454
f 1329/2454/2454 1339/2418/2418 1340/2419/2419 1328/2455/2455
f 1328/2455/2455 1340/2419/2419 1341/2420/2420 1327/2456/2456
f 1326/2457/2457 1342/2421/2421 1343/2422/2422 1325/2458/2458
f 1327/2456/2456 1341/2420/2420 1342/2421/2421 1326/2457/2457
f 1324/2459/2459 1344/2423/2423 1345/2424/2424 1323/2460/2460
f 1322/2461/2461 1346/2425/2425 1347/2426/2426 1321/2462/2462
f 1321/2462/2462 1347/2426/2426 1348/2427/2427 1320/2463/2463
f 1323/2460/2460 1345/2424/2424 1346/2425/2425 1322/2461/2461
f 1325/2458/2458 1343/2422/2422 1344/2423/2423 1324/2459/2459
f 1320/2463/2463 1348/2427/2427 1349/2428/2428 1319/2464/2464
f 1451/2448/2448 1334/2413/2413 1335/2414/2414
f 1350/2429/2429 1318/2465/2465 1319/2464/2464 1349/2428/2428
f 1351/2430/2430 1317/2466/2466 1318/2465/2465 1350/2429/2429
f 1316/2467/2467 1352/2431/2431 1353/2432/2432 1315/2468/2468
f 1317/2466/2466 1351/2430/2430 1352/2431/2431 1316/2467/2467
f 1314/2469/2469 1354/2433/2433 1355/2434/2434 1313/2470/2470
f 1312/2471/2471 1356/2435/2435 1357/2436/2436 1311/2472/2472
f 1313/2470/2470 1355/2434/2434 1356/2435/2435 1312/2471/2471
f 1315/2468/2468 1353/2432/2432 1354/2433/2433 1314/2469/2469
f 1310/2473/2473 1358/2437/2437 1359/2438/2438 1309/2474/2474
f 1308/2475/2475 1360/2439/2439 1361/2440/2440 1307/2476/2476
f 1309/2474/2474 1359/2438/2438 1360/2439/2439 1308/2475/2475
f 1306/2477/2477 1362/2441/2441 1363/2442/2442 1305/2478/2478
f 1304/2479/2479 1364/2443/2443 1365/2444/2444 1303/2480/2480
f 1451/2447/2447 1302/2445/2445 1303/2480/2480
f 1305/2478/2478 1363/2442/2442 1364/2443/2443 1304/2479/2479
f 1307/2476/2476 1361/2440/2440 1362/2441/2441 1306/2477/2477
f 1311/2472/2472 1357/2436/2436 1358/2437/2437 1310/2473/2473
f 1451/2447/2447 1365/2444/2444 1334/2446/2446
f 1303/2480/2480 1365/2444/2444 1451/2447/2447
f 1452/2482/2482 1429/2517/2517 1398/2481/2481
f 1453/2549/2549 1428/2518/2518 1429/2517/2517
f 1427/2519/2519 1455/2551/2551 1454/2550/2550 1426/2520/2520
f 1426/2520/2520 1454/2550/2550 1456/2552/2552 1425/2521/2521
f 1428/2518/2518 1453/2549/2549 1455/2551/2551 1427/2519/2519
f 1453/2549/2549 1429/2517/2517 1367/2484/2484
f 1429/2517/2517 1452/2482/2482 1367/2484/2484
f 1455/2551/2551 1453/2549/2549 1368/2485/2485 1369/2486/2486
f 1457/2553/2553 1424/2522/2522 1425/2521/2521 1456/2552/2552
f 1456/2552/2552 1454/2550/2550 1370/2487/2487 1371/2488/2488
f 1454/2550/2550 1455/2551/2551 1369/2486/2486 1370/2487/2487
f 1423/2523/2523 1459/2555/2555 1458/2554/2554 1422/2524/2524
f 1421/2525/2525 1461/2557/2557 1460/2556/2556 1420/2526/2526
f 1420/2526/2526 1460/2556/2556 1462/2558/2558 1419/2527/2527
f 1422/2524/2524 1458/2554/2554 1461/2557/2557 1421/2525/2525
f 1459/2555/2555 1423/2523/2523 1424/2522/2522 1457/2553/2553
f 1419/2527/2527 1462/2558/2558 1463/2559/2559 1418/2528/2528
f 1418/2528/2528 1463/2559/2559 1464/2560/2560 1417/2529/2529
f 1459/2555/2555 1457/2553/2553 1372/2489/2489 1373/2490/2490
f 1417/2529/2529 1464/2560/2560 1465/2561/2561 1416/2530/2530
f 1416/2530/2530 1465/2561/2561 1466/2562/2562 1415/2531/2531
f 1415/2531/2531 1466/2562/2562 1467/2563/2563 1414/2532/2532
f 1457/2553/2553 1456/2552/2552 1371/2488/2488 1372/2489/2489
f 1367/2484/2484 1452/2482/2482 1366/2483/2483
f 1368/2485/2485 1453/2549/2549 1367/2484/2484
f 1461/2557/2557 1458/2554/2554 1374/2491/2491 1375/2492/2492
f 1373/2490/2490 1374/2491/2491 1458/2554/2554 1459/2555/2555
f 1375/2492/2492 1376/2493/2493 1460/2556/2556 1461/2557/2557
f 1462/2558/2558 1460/2556/2556 1376/2493/2493 1377/2494/2494
f 1463/2559/2559 1462/2558/2558 1377/2494/2494 1378/2495/2495
f 1465/2561/2561 1464/2560/2560 1379/2496/2496 1380/2497/2497
f 1466/2562/2562 1465/2561/2561 1380/2497/2497 1381/2498/2498
f 1464/2560/2560 1463/2559/2559 1378/2495/2495 1379/2496/2496
f 1467/2563/2563 1466/2562/2562 1381/2498/2498 1382/2499/2499
f 1414/2532/2532 1467/2563/2563 1468/2564/2564 1413/2533/2533
f 1413/2533/2533 1468/2564/2564 1469/2565/2565 1412/2534/2534
f 1412/2534/2534 1469/2565/2565 1470/2566/2566 1411/2535/2535
f 1410/2536/2536 1472/2568/2568 1471/2567/2567 1409/2537/2537
f 1409/2537/2537 1471/2567/2567 1473/2569/2569 1408/2538/2538
f 1411/2535/2535 1470/2566/2566 1472/2568/2568 1410/2536/2536
f 1469/2565/2565 1468/2564/2564 1383/2500/2500 1384/2501/2501
f 1470/2566/2566 1469/2565/2565 1384/2501/2501 1385/2502/2502
f 1471/2567/2567 1472/2568/2568 1386/2503/2503 1387/2504/2504
f 1473/2569/2569 1471/2567/2567 1387/2504/2504 1388/2505/2505
f 1472/2568/2568 1470/2566/2566 1385/2502/2502 1386/2503/2503
f 1408/2538/2538 1473/2569/2569 1474/2570/2570 1407/2539/2539
f 1382/2499/2499 1383/2500/2500 1468/2564/2564 1467/2563/2563
f 1407/2539/2539 1474/2570/2570 1475/2571/2571 1406/2540/2540
f 1406/2540/2540 1475/2571/2571 1476/2572/2572 1405/2541/2541
f 1405/2541/2541 1476/2572/2572 1477/2573/2573 1404/2542/2542
f 1404/2542/2542 1477/2573/2573 1478/2574/2574 1403/2543/2543
f 1403/2543/2543 1478/2574/2574 1479/2575/2575 1402/2544/2544
f 1402/2544/2544 1479/2575/2575 1480/2576/2576 1401/2545/2545
f 1475/2571/2571 1474/2570/2570 1389/2506/2506 1390/2507/2507
f 1401/2545/2545 1480/2576/2576 1481/2577/2577 1400/2546/2546
f 1400/2546/2546 1481/2577/2577 1482/2578/2578 1399/2547/2547
f 1399/2547/2547 1482/2578/2578 1452/2515/2515 1398/2548/2548
f 1474/2570/2570 1473/2569/2569 1388/2505/2505 1389/2506/2506
f 1391/2508/2508 1392/2509/2509 1477/2573/2573 1476/2572/2572
f 1390/2507/2507 1391/2508/2508 1476/2572/2572 1475/2571/2571
f 1479/2575/2575 1478/2574/2574 1393/2510/2510 1394/2511/2511
f 1480/2576/2576 1479/2575/2575 1394/2511/2511 1395/2512/2512
f 1482/2578/2578 1481/2577/2577 1396/2513/2513 1397/2514/2514
f 1452/2515/2515 1482/2578/2578 1397/2514/2514 1366/2516/2516
f 1481/2577/2577 1480/2576/2576 1395/2512/2512 1396/2513/2513
f 1478/2574/2574 1477/2573/2573 1392/2509/2509 1393/2510/2510
f 1494/2590/2590 1499/2595/2595 1502/2598/2598 1500/2596/2596
f 1500/2596/2596 1502/2598/2598 1501/2597/2597 1493/2589/2589
f 1502/2598/2598 1492/2588/2588 1490/2586/2586 1501/2597/2597
f 1496/2592/2592 1499/2595/2595 1491/2587/2587
f 1502/2598/2598 1496/2592/2592 1492/2588/2588
f 1499/2595/2595 1496/2592/2592 1502/2598/2598
f 1501/2597/2597 1503/2599/2599 1493/2589/2589
f 1495/2591/2591 1501/2597/2597 1490/2586/2586
f 1503/2599/2599 1501/2597/2597 1495/2591/2591
f 1496/2592/2592 1498/2594/2594 1497/2593/2593 1492/2588/2588
f 1507/2603/2603 1506/2602/2602 1495/2591/2591
f 1485/2581/2581 1506/2602/2602 1486/2582/2582
f 1497/2593/2593 1505/2601/2601 1504/2600/2600
f 1505/2601/2601 1497/2593/2593 1488/2584/2584
f 1492/2588/2588 1504/2600/2600 1490/2586/2586
f 1504/2600/2600 1507/2603/2603 1490/2586/2586
f 1503/2599/2599 1495/2591/2591 1485/2581/2581
f 1506/2602/2602 1485/2581/2581 1495/2591/2591
f 1484/2580/2580 1503/2599/2599 1485/2581/2581
f 1484/2580/2580 1493/2589/2589 1503/2599/2599
f 1493/2589/2589 1484/2580/2580 1500/2596/2596
f 1490/2586/2586 1507/2603/2603 1495/2591/2591
f 1504/2600/2600 1492/2588/2588 1497/2593/2593
f 1488/2584/2584 1497/2593/2593 1498/2594/2594
f 1489/2585/2585 1488/2584/2584 1498/2594/2594
f 1491/2587/2587 1498/2594/2594 1496/2592/2592
f 1489/2585/2585 1498/2594/2594 1508/2604/2604
f 1508/2604/2604 1498/2594/2594 1491/2587/2587
f 1494/2590/2590 1500/2596/2596 1483/2579/2579
f 1484/2580/2580 1483/2579/2579 1500/2596/2596
f 1494/2590/2590 1487/2583/2583 1499/2595/2595
f 1508/2604/2604 1491/2587/2587 1499/2595/2595
f 1483/2579/2579 1487/2583/2583 1494/2590/2590
f 1499/2595/2595 1487/2583/2583 1508/2604/2604
f 1512/2610/2610 1483/2607/2607 1484/2605/2605 1513/2611/2611
f 1513/2611/2611 1511/2609/2609 1512/2610/2610
f 1513/2611/2611 1509/2606/2606 1510/2608/2608 1511/2609/2609
f 1513/2616/2616 1484/2614/2614 1485/2612/2612 1515/2617/2617
f 1509/2615/2615 1513/2616/2616 1515/2617/2617 1514/2613/2613
f 1519/2621/2621 1516/2618/2618 1518/2620/2620 1520/2622/2622
f 1517/2619/2619 1521/2623/2623 1520/2622/2622 1518/2620/2620
f 1542/2648/2648 1535/2641/2641 1534/2640/2640
f 1522/2624/2624 1525/2631/2631 1542/2648/2648
f 1534/2640/2640 1522/2624/2624 1542/2648/2648
f 1525/2631/2631 1532/2638/2638 1543/2649/2649 1542/2648/2648
f 1542/2648/2648 1543/2649/2649 1539/2645/2645 1535/2641/2641
f 1541/2647/2647 1540/2646/2646 1538/2644/2644
f 1535/2641/2641 1539/2645/2645 1541/2647/2647
f 1538/2644/2644 1535/2641/2641 1541/2647/2647
f 1530/2636/2636 1528/2634/2634 1526/2632/2632
f 1527/2633/2633 1529/2635/2635 1530/2636/2636
f 1526/2632/2632 1527/2633/2633 1530/2636/2636
f 1526/2632/2632 1528/2634/2634 1533/2639/2639 1531/2637/2637
f 1531/2637/2637 1533/2639/2639 1532/2638/2638 1525/2631/2631
f 1531/2637/2637 1525/2631/2631 1522/2624/2624
f 1524/2630/2630 1526/2632/2632 1531/2637/2637
f 1522/2624/2624 1524/2630/2630 1531/2637/2637
f 1540/2646/2646 1537/2643/2643 1487/2650/2650
f 1537/2643/2643 1543/2649/2649 1536/2642/2642
f 1537/2643/2643 1540/2646/2646 1541/2647/2647
f 1537/2643/2643 1541/2647/2647 1539/2645/2645
f 1540/2646/2646 1487/2650/2650 1538/2644/2644
f 1539/2645/2645 1543/2649/2649 1537/2643/2643
f 1544/2651/2651 1533/2639/2639 1523/2629/2629
f 1532/2638/2638 1533/2639/2639 1544/2651/2651
f 1529/2635/2635 1516/2653/2653 1519/2628/2628
f 1533/2639/2639 1519/2628/2628 1523/2629/2629
f 1543/2649/2649 1532/2638/2638 1544/2651/2651
f 1543/2649/2649 1544/2651/2651 1536/2642/2642
f 1533/2639/2639 1528/2634/2634 1519/2628/2628
f 1535/2641/2641 1538/2644/2644 1534/2640/2640
f 1483/2625/2625 1534/2640/2640 1538/2644/2644
f 1534/2640/2640 1512/2626/2626 1522/2624/2624
f 1524/2630/2630 1522/2624/2624 1511/2627/2627
f 1512/2626/2626 1511/2627/2627 1522/2624/2624
f 1483/2625/2625 1512/2626/2626 1534/2640/2640
f 1483/2625/2625 1538/2644/2644 1487/2650/2650
f 1519/2628/2628 1528/2634/2634 1530/2636/2636
f 1519/2628/2628 1530/2636/2636 1529/2635/2635
f 1527/2633/2633 1526/2632/2632 1524/2630/2630
f 1527/2633/2633 1510/2652/2652 1516/2653/2653
f 1524/2630/2630 1510/2652/2652 1527/2633/2633
f 1510/2652/2652 1524/2630/2630 1511/2627/2627
f 1529/2635/2635 1527/2633/2633 1516/2653/2653
f 1515/2657/2657 1485/2656/2656 1486/2658/2658 1546/2659/2659
f 1514/2654/2654 1515/2657/2657 1546/2659/2659 1545/2655/2655
f 1548/2663/2663 1508/2665/2665 1487/2660/2660 1537/2662/2662
f 1508/2665/2665 1548/2663/2663 1547/2661/2661 1489/2664/2664
f 1552/2669/2669 1554/2671/2671 1555/2672/2672 1553/2670/2670
f 1555/2672/2672 1551/2668/2668 1553/2670/2670
f 1559/2676/2676 1551/2668/2668 1555/2672/2672
f 1559/2676/2676 1555/2672/2672 1554/2671/2671
f 1553/2670/2670 1550/2667/2667 1549/2666/2666
f 1551/2668/2668 1550/2667/2667 1553/2670/2670
f 1552/2669/2669 1553/2670/2670 1549/2666/2666
f 1556/2673/2673 1559/2676/2676 1560/2677/2677
f 1557/2674/2674 1556/2673/2673 1560/2677/2677
f 1549/2666/2666 1558/2675/2675 1552/2669/2669
f 1560/2677/2677 1552/2669/2669 1558/2675/2675
f 1558/2675/2675 1561/2678/2678 1560/2677/2677
f 1560/2677/2677 1559/2676/2676 1552/2669/2669
f 1554/2671/2671 1552/2669/2669 1559/2676/2676
f 1562/2684/2684 1549/2681/2681 1550/2682/2682
f 1562/2684/2684 1505/2686/2686 1488/2679/2679
f 1505/2686/2686 1562/2684/2684 1550/2682/2682
f 1550/2682/2682 1563/2685/2685 1505/2686/2686
f 1563/2685/2685 1504/2680/2680 1505/2686/2686
f 1551/2683/2683 1563/2685/2685 1550/2682/2682
f 1565/2694/2694 1567/2696/2696 1566/2695/2695 1564/2693/2693
f 1564/2693/2693 1566/2695/2695 1569/2698/2698 1568/2697/2697
f 1563/2692/2692 1551/2689/2689 1569/2698/2698 1566/2695/2695
f 1559/2690/2690 1569/2698/2698 1551/2689/2689
f 1504/2687/2687 1563/2692/2692 1567/2696/2696
f 1566/2695/2695 1567/2696/2696 1563/2692/2692
f 1507/2699/2699 1504/2687/2687 1567/2696/2696
f 1568/2697/2697 1559/2690/2690 1556/2691/2691
f 1564/2693/2693 1568/2697/2697 1556/2691/2691
f 1507/2699/2699 1567/2696/2696 1565/2694/2694
f 1507/2699/2699 1565/2694/2694 1506/2688/2688
f 1564/2693/2693 1506/2688/2688 1565/2694/2694
f 1506/2688/2688 1564/2693/2693 1556/2691/2691
f 1559/2690/2690 1568/2697/2697 1569/2698/2698
f 1575/2705/2705 1576/2706/2706 1574/2704/2704 1570/2700/2700
f 1573/2703/2703 1574/2704/2704 1576/2706/2706 1577/2707/2707
f 1577/2707/2707 1571/2701/2701 1572/2702/2702 1573/2703/2703
f 1603/2737/2737 1630/2764/2764 1631/2765/2765 1629/2763/2763
f 1630/2764/2764 1598/2732/2732 1600/2734/2734 1631/2765/2765
f 1626/2760/2760 1586/2720/2720 1610/2744/2744
f 1631/2765/2765 1600/2734/2734 1626/2760/2760
f 1610/2744/2744 1631/2765/2765 1626/2760/2760
f 1629/2763/2763 1631/2765/2765 1610/2744/2744 1592/2726/2726
f 1629/2763/2763 1592/2726/2726 1590/2724/2724
f 1602/2736/2736 1603/2737/2737 1629/2763/2763
f 1590/2724/2724 1602/2736/2736 1629/2763/2763
f 1609/2743/2743 1594/2728/2728 1591/2725/2725
f 1590/2724/2724 1592/2726/2726 1609/2743/2743
f 1591/2725/2725 1590/2724/2724 1609/2743/2743
f 1609/2743/2743 1592/2726/2726 1610/2744/2744
f 1610/2744/2744 1586/2720/2720 1605/2739/2739
f 1605/2739/2739 1595/2729/2729 1610/2744/2744
f 1611/2745/2745 1594/2728/2728 1609/2743/2743
f 1591/2725/2725 1594/2728/2728 1593/2727/2727 1589/2723/2723
f 1600/2734/2734 1598/2732/2732 1601/2735/2735
f 1600/2734/2734 1627/2761/2761 1628/2762/2762 1626/2760/2760
f 1618/2752/2752 1628/2762/2762 1627/2761/2761
f 1624/2758/2758 1606/2740/2740 1628/2762/2762
f 1618/2752/2752 1596/2730/2730 1624/2758/2758
f 1628/2762/2762 1618/2752/2752 1624/2758/2758
f 1626/2760/2760 1628/2762/2762 1606/2740/2740 1586/2720/2720
f 1623/2757/2757 1608/2742/2742 1605/2739/2739
f 1586/2720/2720 1606/2740/2740 1623/2757/2757
f 1605/2739/2739 1586/2720/2720 1623/2757/2757
f 1606/2740/2740 1624/2758/2758 1625/2759/2759 1623/2757/2757
f 1624/2758/2758 1596/2730/2730 1617/2751/2751 1625/2759/2759
f 1632/2766/2766 1599/2733/2733 1620/2754/2754
f 1620/2754/2754 1614/2748/2748 1625/2759/2759
f 1625/2759/2759 1617/2751/2751 1632/2766/2766
f 1632/2766/2766 1620/2754/2754 1625/2759/2759
f 1623/2757/2757 1625/2759/2759 1614/2748/2748 1608/2742/2742
f 1619/2753/2753 1616/2750/2750 1613/2747/2747
f 1608/2742/2742 1614/2748/2748 1619/2753/2753
f 1613/2747/2747 1608/2742/2742 1619/2753/2753
f 1614/2748/2748 1620/2754/2754 1622/2756/2756 1619/2753/2753
f 1622/2756/2756 1620/2754/2754 1599/2733/2733
f 1622/2756/2756 1612/2746/2746 1604/2738/2738 1621/2755/2755
f 1619/2753/2753 1622/2756/2756 1621/2755/2755 1616/2750/2750
f 1621/2755/2755 1604/2738/2738 1597/2731/2731
f 1615/2749/2749 1616/2750/2750 1621/2755/2755
f 1597/2731/2731 1615/2749/2749 1621/2755/2755
f 1613/2747/2747 1616/2750/2750 1615/2749/2749 1607/2741/2741
f 1613/2747/2747 1607/2741/2741 1595/2729/2729
f 1605/2739/2739 1608/2742/2742 1613/2747/2747
f 1595/2729/2729 1605/2739/2739 1613/2747/2747
f 1587/2721/2721 1588/2722/2722 1597/2731/2731
f 1615/2749/2749 1597/2731/2731 1588/2722/2722
f 1612/2746/2746 1585/2719/2719 1587/2721/2721
f 1597/2731/2731 1604/2738/2738 1587/2721/2721
f 1604/2738/2738 1612/2746/2746 1587/2721/2721
f 1585/2719/2719 1599/2733/2733 1632/2766/2766
f 1618/2752/2752 1584/2718/2718 1596/2730/2730
f 1588/2722/2722 1607/2741/2741 1615/2749/2749
f 1585/2719/2719 1622/2756/2756 1599/2733/2733
f 1612/2746/2746 1622/2756/2756 1585/2719/2719
f 1632/2766/2766 1617/2751/2751 1585/2719/2719
f 1584/2718/2718 1601/2735/2735 1583/2717/2717
f 1572/2708/2708 1571/2716/2716 1578/2709/2709
f 1583/2717/2717 1578/2709/2709 1571/2716/2716
f 1579/2710/2710 1578/2709/2709 1583/2717/2717
f 1584/2718/2718 1585/2719/2719 1596/2730/2730
f 1627/2761/2761 1601/2735/2735 1584/2718/2718
f 1584/2718/2718 1618/2752/2752 1627/2761/2761
f 1596/2730/2730 1585/2719/2719 1617/2751/2751
f 1601/2735/2735 1598/2732/2732 1583/2717/2717
f 1581/2713/2713 1582/2714/2714 1611/2745/2745
f 1589/2723/2723 1593/2727/2727 1582/2714/2714
f 1581/2713/2713 1611/2745/2745 1609/2743/2743
f 1588/2722/2722 1581/2713/2713 1595/2729/2729 1607/2741/2741
f 1582/2714/2714 1593/2727/2727 1611/2745/2745
f 1593/2727/2727 1594/2728/2728 1611/2745/2745
f 1558/2711/2711 1582/2714/2714 1561/2715/2715
f 1580/2712/2712 1589/2723/2723 1558/2711/2711
f 1580/2712/2712 1591/2725/2725 1589/2723/2723
f 1590/2724/2724 1591/2725/2725 1580/2712/2712
f 1558/2711/2711 1589/2723/2723 1582/2714/2714
f 1610/2744/2744 1595/2729/2729 1581/2713/2713
f 1627/2761/2761 1600/2734/2734 1601/2735/2735
f 1579/2710/2710 1603/2737/2737 1602/2736/2736
f 1590/2724/2724 1579/2710/2710 1602/2736/2736
f 1603/2737/2737 1579/2710/2710 1583/2717/2717
f 1579/2710/2710 1590/2724/2724 1580/2712/2712
f 1603/2737/2737 1583/2717/2717 1630/2764/2764
f 1610/2744/2744 1581/2713/2713 1609/2743/2743
f 1598/2732/2732 1630/2764/2764 1583/2717/2717
f 1635/2774/2774 1582/2772/2772 1636/2775/2775
f 1582/2772/2772 1581/2767/2767 1636/2775/2775
f 1560/2770/2770 1561/2769/2769 1582/2772/2772
f 1633/2771/2771 1557/2768/2768 1560/2770/2770
f 1634/2773/2773 1633/2771/2771 1635/2774/2774
f 1633/2771/2771 1582/2772/2772 1635/2774/2774
f 1560/2770/2770 1582/2772/2772 1633/2771/2771
f 1634/2777/2777 1639/2782/2782 1638/2781/2781
f 1634/2777/2777 1638/2781/2781 1637/2776/2776
f 1635/2780/2780 1640/2783/2783 1634/2777/2777
f 1639/2782/2782 1634/2777/2777 1640/2783/2783
f 1641/2784/2784 1640/2783/2783 1635/2780/2780
f 1581/2778/2778 1588/2788/2788 1644/2787/2787
f 1641/2784/2784 1636/2779/2779 1642/2785/2785
f 1643/2786/2786 1642/2785/2785 1636/2779/2779
f 1636/2779/2779 1581/2778/2778 1643/2786/2786
f 1644/2787/2787 1643/2786/2786 1581/2778/2778
f 1635/2780/2780 1636/2779/2779 1641/2784/2784
f 1646/2791/2791 1647/2792/2792 1645/2789/2789
f 1587/2790/2790 1585/2793/2793 1646/2791/2791
f 1647/2792/2792 1646/2791/2791 1585/2793/2793
f 1656/2803/2803 1657/2804/2804 1659/2806/2806 1658/2805/2805
f 1661/2812/2812 1686/2837/2837 1687/2838/2838 1685/2836/2836
f 1654/2800/2800 1659/2806/2806 1653/2799/2799
f 1651/2797/2797 1652/2798/2798 1659/2806/2806
f 1652/2798/2798 1653/2799/2799 1659/2806/2806
f 1658/2805/2805 1654/2800/2800 1655/2801/2801
f 1660/2808/2808 1686/2837/2837 1575/2807/2807
f 1654/2800/2800 1658/2805/2805 1659/2806/2806
f 1658/2805/2805 1583/2802/2802 1571/2809/2809
f 1680/2831/2831 1577/2810/2810 1679/2830/2830
f 1583/2802/2802 1658/2805/2805 1655/2801/2801
f 1650/2796/2796 1651/2797/2797 1659/2806/2806
f 1657/2804/2804 1649/2795/2795 1650/2796/2796
f 1684/2835/2835 1648/2794/2794 1657/2804/2804
f 1649/2795/2795 1657/2804/2804 1648/2794/2794
f 1656/2803/2803 1684/2835/2835 1657/2804/2804
f 1650/2796/2796 1659/2806/2806 1657/2804/2804
f 1656/2803/2803 1682/2833/2833 1683/2834/2834
f 1684/2835/2835 1656/2803/2803 1683/2834/2834
f 1571/2809/2809 1681/2832/2832 1656/2803/2803
f 1682/2833/2833 1656/2803/2803 1681/2832/2832
f 1680/2831/2831 1681/2832/2832 1571/2809/2809
f 1680/2831/2831 1571/2809/2809 1577/2810/2810
f 1658/2805/2805 1571/2809/2809 1656/2803/2803
f 1662/2813/2813 1687/2838/2838 1660/2808/2808
f 1687/2838/2838 1663/2814/2814 1664/2815/2815
f 1664/2815/2815 1665/2816/2816 1687/2838/2838
f 1665/2816/2816 1685/2836/2836 1687/2838/2838
f 1687/2838/2838 1686/2837/2837 1660/2808/2808
f 1667/2818/2818 1685/2836/2836 1666/2817/2817
f 1665/2816/2816 1666/2817/2817 1685/2836/2836
f 1668/2819/2819 1685/2836/2836 1667/2818/2818
f 1669/2820/2820 1661/2812/2812 1668/2819/2819
f 1685/2836/2836 1668/2819/2819 1661/2812/2812
f 1670/2821/2821 1661/2812/2812 1669/2820/2820
f 1575/2807/2807 1686/2837/2837 1661/2812/2812
f 1675/2826/2826 1676/2827/2827 1576/2811/2811
f 1575/2807/2807 1674/2825/2825 1576/2811/2811
f 1677/2828/2828 1576/2811/2811 1676/2827/2827
f 1577/2810/2810 1678/2829/2829 1679/2830/2830
f 1678/2829/2829 1577/2810/2810 1677/2828/2828
f 1677/2828/2828 1577/2810/2810 1576/2811/2811
f 1575/2807/2807 1671/2822/2822 1672/2823/2823
f 1575/2807/2807 1672/2823/2823 1673/2824/2824
f 1675/2826/2826 1576/2811/2811 1674/2825/2825
f 1674/2825/2825 1575/2807/2807 1673/2824/2824
f 1670/2821/2821 1671/2822/2822 1575/2807/2807
f 1670/2821/2821 1575/2807/2807 1661/2812/2812
f 1687/2838/2838 1662/2813/2813 1663/2814/2814
f 1690/2842/2842 1689/2841/2841 1688/2839/2839
f 1690/2842/2842 1691/2843/2843 1663/2873/2873 1662/2874/2874
f 1692/2844/2844 1693/2845/2845 1665/2871/2871 1664/2872/2872
f 1693/2845/2845 1694/2846/2846 1666/2870/2870 1665/2871/2871
f 1691/2843/2843 1692/2844/2844 1664/2872/2872 1663/2873/2873
f 1695/2847/2847 1696/2848/2848 1668/2868/2868 1667/2869/2869
f 1696/2848/2848 1697/2849/2849 1669/2867/2867 1668/2868/2868
f 1697/2849/2849 1698/2850/2850 1699/2875/2875
f 1700/2876/2876 1701/2877/2877 1672/2864/2864 1671/2865/2865
f 1699/2875/2875 1700/2876/2876 1671/2865/2865 1670/2866/2866
f 1694/2846/2846 1695/2847/2847 1667/2869/2869 1666/2870/2870
f 1697/2849/2849 1699/2875/2875 1669/2867/2867
f 1660/2840/2840 1689/2841/2841 1662/2874/2874
f 1662/2874/2874 1689/2841/2841 1690/2842/2842
f 1669/2867/2867 1699/2875/2875 1670/2866/2866
f 1701/2877/2877 1702/2878/2878 1673/2863/2863 1672/2864/2864
f 1702/2878/2878 1703/2879/2879 1674/2862/2862 1673/2863/2863
f 1703/2879/2879 1704/2880/2880 1675/2861/2861 1674/2862/2862
f 1705/2881/2881 1706/2882/2882 1677/2859/2859 1676/2860/2860
f 1706/2882/2882 1707/2883/2883 1678/2858/2858 1677/2859/2859
f 1704/2880/2880 1705/2881/2881 1676/2860/2860 1675/2861/2861
f 1679/2857/2857 1708/2884/2884 1709/2885/2885
f 1709/2885/2885 1710/2886/2886 1680/2856/2856 1679/2857/2857
f 1711/2887/2887 1712/2888/2888 1682/2854/2854 1681/2855/2855
f 1713/2889/2889 1714/2890/2890 1684/2852/2852 1683/2853/2853
f 1712/2888/2888 1713/2889/2889 1683/2853/2853 1682/2854/2854
f 1710/2886/2886 1711/2887/2887 1681/2855/2855 1680/2856/2856
f 1678/2858/2858 1707/2883/2883 1708/2884/2884
f 1679/2857/2857 1678/2858/2858 1708/2884/2884
f 1648/2851/2851 1684/2852/2852 1714/2890/2890 1715/2891/2891
f 1726/2915/2915 1724/2913/2913 1725/2914/2914 1727/2916/2916
f 1715/2902/2902 1716/2903/2903 1649/2900/2900 1648/2917/2917
f 1716/2903/2903 1717/2904/2904 1650/2899/2899 1649/2900/2900
f 1718/2905/2905 1719/2906/2906 1652/2897/2897 1651/2898/2898
f 1719/2906/2906 1720/2907/2907 1653/2896/2896 1652/2897/2897
f 1717/2904/2904 1718/2905/2905 1651/2898/2898 1650/2899/2899
f 1654/2895/2895 1653/2896/2896 1720/2907/2907 1721/2908/2908
f 1724/2913/2913 1645/2911/2911 1725/2914/2914
f 1645/2911/2911 1647/2912/2912 1727/2916/2916 1725/2914/2914
f 1645/2911/2911 1724/2913/2913 1723/2910/2910
f 1727/2916/2916 1647/2912/2912 1585/2892/2892
f 1726/2915/2915 1727/2916/2916 1585/2892/2892
f 1721/2908/2908 1722/2909/2909 1655/2894/2894 1654/2895/2895
f 1722/2909/2909 1723/2910/2910 1583/2893/2893 1655/2894/2894
f 1584/2901/2901 1723/2910/2910 1726/2915/2915
f 1723/2910/2910 1584/2901/2901 1583/2893/2893
f 1584/2901/2901 1726/2915/2915 1585/2892/2892
f 1724/2913/2913 1726/2915/2915 1723/2910/2910
f 1728/2924/2924 1729/2925/2925 1730/2926/2926
f 1580/2927/2927 1558/2920/2920 1732/2931/2931
f 1729/2925/2925 1732/2931/2931 1558/2920/2920
f 1732/2931/2931 1729/2925/2925 1728/2924/2924
f 1729/2925/2925 1558/2920/2920 1549/2921/2921
f 1732/2931/2931 1728/2924/2924 1547/2933/2933
f 1579/2918/2918 1580/2927/2927 1733/2932/2932 1731/2929/2929
f 1733/2932/2932 1580/2927/2927 1732/2931/2931
f 1517/2919/2919 1579/2918/2918 1731/2929/2929
f 1562/2922/2922 1489/2928/2928 1549/2921/2921
f 1729/2925/2925 1489/2928/2928 1730/2926/2926
f 1489/2928/2928 1562/2922/2922 1488/2923/2923
f 1547/2933/2933 1728/2924/2924 1730/2926/2926
f 1517/2919/2919 1731/2929/2929 1521/2930/2930
f 1547/2933/2933 1730/2926/2926 1489/2928/2928
f 1549/2921/2921 1489/2928/2928 1729/2925/2925
f 1486/2946/2946 1506/2937/2937 1556/2935/2935
f 1633/2938/2938 1486/2946/2946 1557/2936/2936
f 1556/2935/2935 1557/2936/2936 1486/2946/2946
f 1634/2939/2939 1545/2947/2947 1546/2948/2948
f 1546/2948/2948 1633/2938/2938 1634/2939/2939
f 1633/2938/2938 1546/2948/2948 1486/2946/2946
f 1660/2943/2943 1545/2947/2947 1634/2939/2939
f 1634/2939/2939 1688/2942/2942 1689/2945/2945
f 1688/2942/2942 1637/2940/2940 1734/2941/2941
f 1688/2942/2942 1634/2939/2939 1637/2940/2940
f 1545/2947/2947 1660/2943/2943 1735/2949/2949
f 1735/2949/2949 1575/2944/2944 1570/2934/2934
f 1660/2943/2943 1575/2944/2944 1735/2949/2949
f 1634/2939/2939 1689/2945/2945 1660/2943/2943
f 1545/2962/2962 1579/2956/2956 1517/2952/2952
f 1517/2952/2952 1518/2951/2951 1510/2955/2955
f 1516/2950/2950 1510/2955/2955 1518/2951/2951
f 1510/2955/2955 1509/2954/2954 1517/2952/2952
f 1517/2952/2952 1509/2954/2954 1545/2962/2962
f 1578/2961/2961 1579/2956/2956 1545/2962/2962
f 1735/2963/2963 1573/2958/2958 1578/2961/2961
f 1574/2959/2959 1573/2958/2958 1735/2963/2963
f 1509/2954/2954 1514/2953/2953 1545/2962/2962
f 1574/2959/2959 1735/2963/2963 1570/2960/2960
f 1545/2962/2962 1735/2963/2963 1578/2961/2961
f 1573/2958/2958 1572/2957/2957 1578/2961/2961
f 1738/2968/2968 1742/2972/2972 1743/2973/2973 1741/2971/2971
f 1742/2972/2972 1739/2969/2969 1740/2970/2970 1743/2973/2973
f 1736/2966/2966 1745/2975/2975 1746/2976/2976 1744/2974/2974
f 1745/2975/2975 1737/2967/2967 1738/2968/2968 1746/2976/2976
f 298/2982/2982 1523/2964/2964 1740/2970/2970
f 1519/2965/2965 1740/2970/2970 1523/2964/2964
f 1740/2970/2970 1519/2965/2965 1743/2973/2973
f 1741/2971/2971 1743/2973/2973 1519/2965/2965
f 1739/2969/2969 1737/2967/2967 298/2982/2982
f 1739/2969/2969 298/2982/2982 1740/2970/2970
f 1746/2976/2976 1738/2968/2968 1741/2971/2971
f 1742/2972/2972 1737/2967/2967 1739/2969/2969
f 1738/2968/2968 1737/2967/2967 1742/2972/2972
f 1741/2971/2971 1519/2965/2965 1520/2977/2977
f 1521/2978/2978 1744/2974/2974 1520/2977/2977
f 1746/2976/2976 1520/2977/2977 1744/2974/2974
f 1520/2977/2977 1746/2976/2976 1741/2971/2971
f 1521/2978/2978 1736/2966/2966 1744/2974/2974
f 1736/2966/2966 299/2981/2981 1745/2975/2975
f 1737/2967/2967 1745/2975/2975 299/2981/2981
f 300/2980/2980 1736/2966/2966 1731/2979/2979
f 1521/2978/2978 1731/2979/2979 1736/2966/2966
f 299/2981/2981 1736/2966/2966 300/2980/2980
f 298/2982/2982 1737/2967/2967 299/2981/2981
f 1536/2983/2983 302/2991/2991 301/2992/2992
f 1523/2984/2984 298/2986/2986 306/2987/2987
f 303/2990/2990 302/2991/2991 1536/2983/2983
f 1544/2985/2985 304/2989/2989 1536/2983/2983
f 303/2990/2990 1536/2983/2983 304/2989/2989
f 1523/2984/2984 305/2988/2988 1544/2985/2985
f 304/2989/2989 1544/2985/2985 305/2988/2988
f 306/2987/2987 305/2988/2988 1523/2984/2984
f 1733/2996/2996 1732/2993/2993 309/3000/3000
f 310/2999/2999 309/3000/3000 1732/2993/2993
f 1731/2994/2994 1733/2996/2996 308/3001/3001
f 309/3000/3000 308/3001/3001 1733/2996/2996
f 307/3002/3002 1731/2994/2994 308/3001/3001
f 1732/2993/2993 312/2997/2997 311/2998/2998
f 1731/2994/2994 307/3002/3002 300/2995/2995
f 1732/2993/2993 311/2998/2998 310/2999/2999
f 1749/3007/3007 1752/3010/3010 1754/3012/3012 1753/3011/3011
f 1753/3011/3011 1754/3012/3012 1751/3009/3009 1750/3008/3008
f 1747/3005/3005 1755/3013/3013 1757/3015/3015 1756/3014/3014
f 1756/3014/3014 1757/3015/3015 1749/3007/3007 1748/3006/3006
f 301/3021/3021 1751/3009/3009 1536/3003/3003
f 1537/3004/3004 1536/3003/3003 1751/3009/3009
f 1751/3009/3009 1754/3012/3012 1537/3004/3004
f 1752/3010/3010 1537/3004/3004 1754/3012/3012
f 1750/3008/3008 301/3021/3021 1748/3006/3006
f 1750/3008/3008 1751/3009/3009 301/3021/3021
f 1757/3015/3015 1752/3010/3010 1749/3007/3007
f 1753/3011/3011 1750/3008/3008 1748/3006/3006
f 1749/3007/3007 1753/3011/3011 1748/3006/3006
f 1752/3010/3010 1548/3016/3016 1537/3004/3004
f 1547/3017/3017 1548/3016/3016 1755/3013/3013
f 1757/3015/3015 1755/3013/3013 1548/3016/3016
f 1548/3016/3016 1752/3010/3010 1757/3015/3015
f 1547/3017/3017 1755/3013/3013 1747/3005/3005
f 1747/3005/3005 1756/3014/3014 313/3020/3020
f 1748/3006/3006 313/3020/3020 1756/3014/3014
f 312/3019/3019 1732/3018/3018 1747/3005/3005
f 1547/3017/3017 1747/3005/3005 1732/3018/3018
f 313/3020/3020 312/3019/3019 1747/3005/3005
f 301/3021/3021 313/3020/3020 1748/3006/3006
f 1845/3134/3134 1758/3022/3022 1844/3133/3133
f 1759/3023/3023 1847/3136/3136 1846/3135/3135
f 1760/3024/3024 1849/3138/3138 1848/3137/3137
f 1761/3050/3050 1723/3049/3049 1837/3126/3126
f 1762/3051/3051 1761/3050/3050 1836/3125/3125
f 1763/3052/3052 1762/3051/3051 1835/3124/3124
f 1836/3125/3125 1761/3050/3050 1837/3126/3126
f 1834/3123/3123 1764/3053/3053 1763/3052/3052
f 1762/3051/3051 1836/3125/3125 1835/3124/3124
f 1838/3127/3127 1837/3126/3126 1723/3049/3049
f 1721/3047/3047 1720/3046/3046 1841/3130/3130
f 1722/3048/3048 1721/3047/3047 1839/3128/3128
f 1722/3048/3048 1839/3128/3128 1838/3127/3127
f 1721/3047/3047 1841/3130/3130 1840/3129/3129
f 1721/3047/3047 1840/3129/3129 1839/3128/3128
f 1838/3127/3127 1723/3049/3049 1722/3048/3048
f 1842/3131/3131 1841/3130/3130 1720/3046/3046
f 1765/3054/3054 1832/3121/3121 1766/3055/3055
f 1766/3055/3055 1831/3120/3120 1767/3056/3056
f 1827/3116/3116 1770/3059/3059 1769/3058/3058
f 1829/3118/3118 1768/3057/3057 1767/3056/3056
f 1768/3057/3057 1828/3117/3117 1769/3058/3058
f 1827/3116/3116 1769/3058/3058 1828/3117/3117
f 1765/3054/3054 1833/3122/3122 1832/3121/3121
f 1834/3123/3123 1763/3052/3052 1835/3124/3124
f 1833/3122/3122 1764/3053/3053 1834/3123/3123
f 1768/3057/3057 1829/3118/3118 1828/3117/3117
f 1767/3056/3056 1831/3120/3120 1830/3119/3119
f 1767/3056/3056 1830/3119/3119 1829/3118/3118
f 1831/3120/3120 1766/3055/3055 1832/3121/3121
f 1833/3122/3122 1765/3054/3054 1764/3053/3053
f 1780/3069/3069 1719/3045/3045 1718/3044/3044
f 1720/3046/3046 1719/3045/3045 1842/3131/3131
f 1842/3131/3131 1719/3045/3045 1843/3132/3132
f 1719/3045/3045 1780/3069/3069 1843/3132/3132
f 1781/3070/3070 1780/3069/3069 1845/3134/3134
f 1845/3134/3134 1780/3069/3069 1718/3044/3044
f 1782/3071/3071 1781/3070/3070 1844/3133/3133
f 1716/3042/3042 1845/3134/3134 1717/3043/3043
f 1718/3044/3044 1717/3043/3043 1845/3134/3134
f 1758/3022/3022 1845/3134/3134 1716/3042/3042
f 1716/3042/3042 1715/3041/3041 1758/3022/3022
f 1783/3072/3072 1844/3133/3133 1758/3022/3022
f 1758/3022/3022 1715/3041/3041 1714/3040/3040
f 1714/3040/3040 1786/3075/3075 1758/3022/3022
f 1844/3133/3133 1781/3070/3070 1845/3134/3134
f 1782/3071/3071 1844/3133/3133 1783/3072/3072
f 1785/3074/3074 1758/3022/3022 1786/3075/3075
f 1784/3073/3073 1758/3022/3022 1785/3074/3074
f 1714/3040/3040 1713/3039/3039 1787/3076/3076
f 1713/3039/3039 1789/3078/3078 1788/3077/3077
f 1713/3039/3039 1788/3077/3077 1787/3076/3076
f 1786/3075/3075 1714/3040/3040 1787/3076/3076
f 1712/3038/3038 1791/3080/3080 1790/3079/3079
f 1712/3038/3038 1789/3078/3078 1713/3039/3039
f 1712/3038/3038 1711/3037/3037 1791/3080/3080
f 1790/3079/3079 1789/3078/3078 1712/3038/3038
f 1711/3037/3037 1793/3082/3082 1792/3081/3081
f 1793/3082/3082 1711/3037/3037 1710/3036/3036
f 1794/3083/3083 1793/3082/3082 1710/3036/3036
f 1791/3080/3080 1711/3037/3037 1792/3081/3081
f 1783/3072/3072 1758/3022/3022 1784/3073/3073
f 1770/3059/3059 1827/3116/3116 1826/3115/3115
f 1825/3114/3114 1771/3060/3060 1826/3115/3115
f 1770/3059/3059 1826/3115/3115 1771/3060/3060
f 1771/3060/3060 1825/3114/3114 1824/3113/3113
f 1823/3112/3112 1773/3062/3062 1772/3061/3061
f 1822/3111/3111 1774/3063/3063 1773/3062/3062
f 1824/3113/3113 1772/3061/3061 1771/3060/3060
f 1775/3064/3064 1774/3063/3063 1821/3110/3110
f 1772/3061/3061 1824/3113/3113 1823/3112/3112
f 1773/3062/3062 1823/3112/3112 1822/3111/3111
f 1775/3064/3064 1821/3110/3110 1820/3109/3109
f 1819/3108/3108 1818/3107/3107 1777/3066/3066
f 1776/3065/3065 1820/3109/3109 1819/3108/3108
f 1821/3110/3110 1774/3063/3063 1822/3111/3111
f 1775/3064/3064 1820/3109/3109 1776/3065/3065
f 1816/3105/3105 1778/3067/3067 1817/3106/3106
f 1778/3067/3067 1777/3066/3066 1818/3107/3107
f 1776/3065/3065 1819/3108/3108 1777/3066/3066
f 1778/3067/3067 1816/3105/3105 1779/3068/3068
f 1816/3105/3105 1815/3104/3104 1779/3068/3068
f 1778/3067/3067 1818/3107/3107 1817/3106/3106
f 1699/3025/3025 1779/3068/3068 1815/3104/3104
f 1814/3103/3103 1699/3025/3025 1815/3104/3104
f 1700/3026/3026 1813/3102/3102 1812/3101/3101
f 1813/3102/3102 1700/3026/3026 1814/3103/3103
f 1811/3100/3100 1701/3027/3027 1812/3101/3101
f 1700/3026/3026 1812/3101/3101 1701/3027/3027
f 1702/3028/3028 1701/3027/3027 1810/3099/3099
f 1811/3100/3100 1810/3099/3099 1701/3027/3027
f 1814/3103/3103 1700/3026/3026 1699/3025/3025
f 1759/3023/3023 1799/3088/3088 1798/3087/3087
f 1798/3087/3087 1797/3086/3086 1847/3136/3136
f 1706/3032/3032 1801/3090/3090 1759/3023/3023
f 1799/3088/3088 1759/3023/3023 1800/3089/3089
f 1801/3090/3090 1800/3089/3089 1759/3023/3023
f 1707/3033/3033 1706/3032/3032 1759/3023/3023
f 1759/3023/3023 1798/3087/3087 1847/3136/3136
f 1709/3035/3035 1796/3085/3085 1795/3084/3084
f 1794/3083/3083 1710/3036/3036 1795/3084/3084
f 1709/3035/3035 1795/3084/3084 1710/3036/3036
f 1709/3035/3035 1847/3136/3136 1796/3085/3085
f 1796/3085/3085 1847/3136/3136 1797/3086/3086
f 1707/3033/3033 1846/3135/3135 1708/3034/3034
f 1847/3136/3136 1708/3034/3034 1846/3135/3135
f 1709/3035/3035 1708/3034/3034 1847/3136/3136
f 1846/3135/3135 1707/3033/3033 1759/3023/3023
f 1802/3091/3091 1801/3090/3090 1706/3032/3032
f 1848/3137/3137 1807/3096/3096 1806/3095/3095
f 1807/3096/3096 1848/3137/3137 1849/3138/3138
f 1805/3094/3094 1848/3137/3137 1806/3095/3095
f 1808/3097/3097 1702/3028/3028 1809/3098/3098
f 1810/3099/3099 1809/3098/3098 1702/3028/3028
f 1849/3138/3138 1808/3097/3097 1807/3096/3096
f 1808/3097/3097 1849/3138/3138 1702/3028/3028
f 1849/3138/3138 1703/3029/3029 1702/3028/3028
f 1804/3093/3093 1803/3092/3092 1760/3024/3024
f 1803/3092/3092 1802/3091/3091 1705/3031/3031
f 1705/3031/3031 1802/3091/3091 1706/3032/3032
f 1760/3024/3024 1805/3094/3094 1804/3093/3093
f 1704/3030/3030 1849/3138/3138 1760/3024/3024
f 1848/3137/3137 1805/3094/3094 1760/3024/3024
f 1760/3024/3024 1705/3031/3031 1704/3030/3030
f 1704/3030/3030 1703/3029/3029 1849/3138/3138
f 1803/3092/3092 1705/3031/3031 1760/3024/3024
f 1869/3172/3172 1861/3164/3164 1860/3163/3163 1868/3171/3171
f 1862/3165/3165 1858/3161/3161 1860/3163/3163
f 1857/3160/3160 1862/3165/3165 1859/3162/3162
f 1858/3161/3161 1862/3165/3165 1857/3160/3160
f 1867/3170/3170 1860/3163/3163 1861/3164/3164
f 1862/3165/3165 1867/3170/3170 1864/3167/3167
f 1860/3163/3163 1867/3170/3170 1862/3165/3165
f 1864/3167/3167 1863/3166/3166 1859/3162/3162 1862/3165/3165
f 1859/3162/3162 1866/3169/3169 1865/3168/3168 1857/3160/3160
f 1698/3157/3157 1779/3175/3175 1699/3174/3174
f 1779/3175/3175 1856/3156/3156 1855/3155/3155 1778/3176/3176
f 1854/3154/3154 1776/3178/3178 1777/3177/3177
f 1853/3153/3153 1775/3179/3179 1776/3178/3178
f 1855/3155/3155 1777/3177/3177 1778/3176/3176
f 1852/3152/3152 1773/3181/3181 1774/3180/3180
f 1851/3151/3151 1772/3182/3182 1773/3181/3181
f 1771/3183/3183 1850/3150/3150 1734/3149/3149 1770/3184/3184
f 1638/3147/3147 1768/3186/3186 1769/3185/3185
f 1734/3149/3149 1769/3185/3185 1770/3184/3184
f 1850/3150/3150 1771/3183/3183 1772/3182/3182
f 1853/3153/3153 1774/3180/3180 1775/3179/3179
f 1777/3177/3177 1855/3155/3155 1854/3154/3154
f 1776/3178/3178 1854/3154/3154 1853/3153/3153
f 1851/3151/3151 1773/3181/3181 1852/3152/3152
f 1853/3153/3153 1852/3152/3152 1774/3180/3180
f 1779/3175/3175 1698/3157/3157 1856/3156/3156
f 1772/3182/3182 1851/3151/3151 1850/3150/3150
f 1734/3149/3149 1638/3147/3147 1769/3185/3185
f 1734/3149/3149 1637/3148/3148 1638/3147/3147
f 1640/3145/3145 1766/3188/3188 1767/3187/3187 1639/3146/3146
f 1639/3146/3146 1767/3187/3187 1768/3186/3186 1638/3147/3147
f 1766/3188/3188 1640/3145/3145 1641/3144/3144 1765/3189/3189
f 1765/3189/3189 1641/3144/3144 1642/3143/3143 1764/3190/3190
f 1762/3192/3192 1763/3191/3191 1643/3142/3142
f 1865/3168/3168 1761/3193/3193 1762/3192/3192
f 1764/3190/3190 1642/3143/3143 1643/3142/3142 1763/3191/3191
f 1865/3168/3168 1866/3169/3169 1761/3193/3193
f 1723/3173/3173 1761/3193/3193 1866/3169/3169
f 1863/3166/3166 1723/3173/3173 1866/3169/3169
f 1863/3166/3166 1864/3167/3167 1645/3158/3158
f 1863/3166/3166 1866/3169/3169 1859/3162/3162
f 1857/3160/3160 1762/3192/3192 1644/3141/3141
f 1645/3158/3158 1723/3173/3173 1863/3166/3166
f 1762/3192/3192 1857/3160/3160 1865/3168/3168
f 1868/3171/3171 1860/3163/3163 1858/3161/3161
f 1644/3141/3141 1868/3171/3171 1858/3161/3161
f 1644/3141/3141 1762/3192/3192 1643/3142/3142
f 1644/3141/3141 1588/3140/3140 1868/3171/3171
f 1858/3161/3161 1857/3160/3160 1644/3141/3141
f 1587/3139/3139 1646/3159/3159 1864/3167/3167
f 1645/3158/3158 1864/3167/3167 1646/3159/3159
f 1861/3164/3164 1587/3139/3139 1867/3170/3170
f 1868/3171/3171 1588/3140/3140 1869/3172/3172
f 1869/3172/3172 1587/3139/3139 1861/3164/3164
f 1588/3140/3140 1587/3139/3139 1869/3172/3172
f 1864/3167/3167 1867/3170/3170 1587/3139/3139
f 1690/3196/3196 1688/3195/3195 1734/3194/3194
f 1691/3197/3197 1690/3196/3196 1850/3211/3211
f 1692/3198/3198 1691/3197/3197 1851/3210/3210
f 1850/3211/3211 1690/3196/3196 1734/3194/3194
f 1852/3209/3209 1693/3199/3199 1851/3210/3210
f 1691/3197/3197 1850/3211/3211 1851/3210/3210
f 1694/3200/3200 1693/3199/3199 1852/3209/3209
f 1692/3198/3198 1851/3210/3210 1693/3199/3199
f 1695/3201/3201 1694/3200/3200 1853/3208/3208
f 1852/3209/3209 1853/3208/3208 1694/3200/3200
f 1696/3202/3202 1695/3201/3201 1854/3207/3207
f 1853/3208/3208 1854/3207/3207 1695/3201/3201
f 1697/3203/3203 1696/3202/3202 1855/3206/3206
f 1854/3207/3207 1855/3206/3206 1696/3202/3202
f 1856/3205/3205 1698/3204/3204 1697/3203/3203
f 1855/3206/3206 1856/3205/3205 1697/3203/3203
f 1/3213/3213 1780/3212/3212 1781/3246/3246
f 2/3214/3214 1781/3246/3246 1782/3247/3247
f 3/3215/3215 1783/3248/3248 1784/3249/3249
f 3/3215/3215 1784/3249/3249 1785/3250/3250
f 2/3214/3214 1782/3247/3247 1783/3248/3248
f 4/3216/3216 1786/3251/3251 1787/3252/3252
f 5/3217/3217 1787/3252/3252 1788/3253/3253
f 6/3218/3218 1789/3254/3254 1790/3255/3255
f 6/3218/3218 1790/3255/3255 1791/3256/3256
f 5/3217/3217 1788/3253/3253 1789/3254/3254
f 4/3216/3216 1785/3250/3250 1786/3251/3251
f 7/3219/3219 1792/3257/3257 1793/3258/3258
f 8/3220/3220 1793/3258/3258 1794/3259/3259
f 9/3221/3221 1795/3260/3260 1796/3261/3261
f 9/3221/3221 1796/3261/3261 1797/3262/3262
f 8/3220/3220 1794/3259/3259 1795/3260/3260
f 10/3222/3222 1798/3263/3263 1799/3264/3264
f 11/3223/3223 1799/3264/3264 1800/3265/3265
f 12/3224/3224 1801/3266/3266 1802/3267/3267
f 12/3224/3224 1802/3267/3267 1803/3268/3268
f 11/3223/3223 1800/3265/3265 1801/3266/3266
f 10/3222/3222 1797/3262/3262 1798/3263/3263
f 7/3219/3219 1791/3256/3256 1792/3257/3257
f 2/3214/3214 1/3213/3213 1781/3246/3246
f 3/3215/3215 2/3214/3214 1783/3248/3248
f 5/3217/3217 4/3216/3216 1787/3252/3252
f 6/3218/3218 5/3217/3217 1789/3254/3254
f 3/3215/3215 1785/3250/3250 4/3216/3216
f 8/3220/3220 7/3219/3219 1793/3258/3258
f 9/3221/3221 8/3220/3220 1795/3260/3260
f 11/3223/3223 10/3222/3222 1799/3264/3264
f 12/3224/3224 11/3223/3223 1801/3266/3266
f 9/3221/3221 1797/3262/3262 10/3222/3222
f 6/3218/3218 1791/3256/3256 7/3219/3219
f 13/3225/3225 1804/3269/3269 1805/3270/3270
f 14/3226/3226 1805/3270/3270 1806/3271/3271
f 15/3227/3227 1807/3272/3272 1808/3273/3273
f 15/3227/3227 1808/3273/3273 1809/3274/3274
f 14/3226/3226 1806/3271/3271 1807/3272/3272
f 14/3226/3226 13/3225/3225 1805/3270/3270
f 15/3227/3227 14/3226/3226 1807/3272/3272
f 16/3228/3228 1810/3275/3275 1811/3276/3276
f 1812/3277/3277 17/3229/3229 1811/3276/3276
f 16/3228/3228 1811/3276/3276 17/3229/3229
f 16/3228/3228 15/3227/3227 1809/3274/3274 1810/3275/3275
f 13/3225/3225 12/3224/3224 1803/3268/3268 1804/3269/3269
f 18/3230/3230 1813/3278/3278 1814/3279/3279
f 18/3230/3230 1814/3279/3279 1815/3280/3280
f 19/3231/3231 1816/3281/3281 1817/3282/3282
f 20/3232/3232 1817/3282/3282 1818/3283/3283
f 19/3231/3231 1815/3280/3280 1816/3281/3281
f 21/3233/3233 1819/3284/3284 1820/3285/3285
f 21/3233/3233 1820/3285/3285 1821/3286/3286
f 22/3234/3234 1822/3287/3287 1823/3288/3288
f 23/3235/3235 1823/3288/3288 1824/3289/3289
f 22/3234/3234 1821/3286/3286 1822/3287/3287
f 20/3232/3232 1818/3283/3283 1819/3284/3284
f 24/3236/3236 1825/3290/3290 1826/3291/3291
f 24/3236/3236 1826/3291/3291 1827/3292/3292
f 25/3237/3237 1828/3293/3293 1829/3294/3294
f 26/3238/3238 1829/3294/3294 1830/3295/3295
f 25/3237/3237 1827/3292/3292 1828/3293/3293
f 27/3239/3239 1831/3296/3296 1832/3297/3297
f 27/3239/3239 1832/3297/3297 1833/3298/3298
f 28/3240/3240 1834/3299/3299 1835/3300/3300
f 29/3241/3241 1835/3300/3300 1836/3301/3301
f 28/3240/3240 1833/3298/3298 1834/3299/3299
f 26/3238/3238 1830/3295/3295 1831/3296/3296
f 23/3235/3235 1824/3289/3289 1825/3290/3290
f 18/3230/3230 17/3229/3229 1813/3278/3278
f 19/3231/3231 18/3230/3230 1815/3280/3280
f 21/3233/3233 20/3232/3232 1819/3284/3284
f 22/3234/3234 21/3233/3233 1821/3286/3286
f 19/3231/3231 1817/3282/3282 20/3232/3232
f 24/3236/3236 23/3235/3235 1825/3290/3290
f 25/3237/3237 24/3236/3236 1827/3292/3292
f 27/3239/3239 26/3238/3238 1831/3296/3296
f 28/3240/3240 27/3239/3239 1833/3298/3298
f 25/3237/3237 1829/3294/3294 26/3238/3238
f 22/3234/3234 1823/3288/3288 23/3235/3235
f 30/3242/3242 1837/3302/3302 1838/3303/3303
f 30/3242/3242 1838/3303/3303 1839/3304/3304
f 31/3243/3243 1840/3305/3305 1841/3306/3306
f 32/3244/3244 1841/3306/3306 1842/3307/3307
f 31/3243/3243 1839/3304/3304 1840/3305/3305
f 30/3242/3242 29/3241/3241 1837/3302/3302
f 31/3243/3243 30/3242/3242 1839/3304/3304
f 1/3245/3245 1843/3308/3308 1780/3309/3309
f 1843/3308/3308 1/3245/3245 32/3244/3244
f 1841/3306/3306 32/3244/3244 31/3243/3243
f 1843/3308/3308 32/3244/3244 1842/3307/3307
f 1835/3300/3300 29/3241/3241 28/3240/3240
f 1837/3302/3302 29/3241/3241 1836/3301/3301
f 1812/3277/3277 1813/3278/3278 17/3229/3229
