# Rhino

mtllib psycheThrusterRotor1_a.mtl
usemtl diffuse_Lime
v -4.8658103942871094 8.6048755645751953 -7.5976786613464355
v -4.8658103942871094 -4.0858831405639648 -12.097046852111816
v -4.8658103942871094 8.6048755645751953 -12.097046852111816
v -4.8658103942871094 2.2594959735870361 -12.097046852111816
v -4.8658103942871094 8.6048755645751953 -9.8473625183105469
v -4.8658103942871094 5.4321856498718262 -7.5977644920349121
v -4.8658103942871094 2.2594959735870361 -7.5978507995605469
v -4.8658103942871094 -0.91319358348846436 -7.5979371070861816
v -4.8658103942871094 -4.0858831405639648 -7.5980229377746582
v -4.8658103942871094 -4.0858831405639648 -9.8475351333618164
v -6.9757070541381836 -4.0858831405639648 -12.097046852111816
v -9.0856037139892578 -4.0858831405639648 -12.097046852111816
v -9.0873794555664063 8.6048755645751953 -12.097046852111816
v -6.9765949249267578 8.6048755645751953 -12.097046852111816
v -8.3884315490722656 -2.635857105255127 -12.097046852111816
v -7.8655366897583008 -1.0721859931945801 -12.097046852111816
v -7.5412678718566895 0.57262700796127319 -12.097046852111816
v -7.4314980506896973 2.2597277164459229 -12.097046852111816
v -7.5417399406433105 3.9467976093292236 -12.097046852111816
v -7.8664689064025879 5.591519832611084 -12.097046852111816
v -8.3898019790649414 7.1550445556640625 -12.097046852111816
v -29.703231811523438 -3.3100240230560303 6.2648839950561523
v -29.703231811523438 7.825843334197998 6.2648839950561523
v -25.991275787353516 11.537798881530762 6.2648839950561523
v -22.279321670532227 11.537798881530762 6.2648839950561523
v -18.567365646362305 11.537798881530762 6.2648839950561523
v -14.855409622192383 11.537798881530762 6.2648839950561523
v -11.143453598022461 4.1138873100280762 6.2648839950561523
v -11.143453598022461 7.825843334197998 6.2648839950561523
v -26.920387268066406 13.508530616760254 6.2648839950561523
v -27.905023574829102 12.879232406616211 6.2648839950561523
v -28.85911750793457 12.138483047485352 6.2648839950561523
v -29.765295028686523 11.286529541015625 6.2648839950561523
v -30.605512619018555 10.327077865600586 6.2648839950561523
v -31.361911773681641 9.2675991058349609 6.2648839950561523
v -32.017787933349609 8.1193828582763672 6.2648839950561523
v -32.558589935302734 6.8972902297973633 6.2648839950561523
v -32.972835540771484 5.6191959381103516 6.2648839950561523
v -33.252872467041016 4.3051543235778809 6.2648839950561523
v -33.395309448242188 2.9763627052307129 6.2648839950561523
v -33.401145935058594 1.6540389060974121 6.2648839950561523
v -33.275566101074219 0.3583284318447113 6.2648839950561523
v -33.027393341064453 -0.89264065027236938 6.2648839950561523
v -32.668361663818359 -2.0834710597991943 6.2648839950561523
v -32.212242126464844 -3.2019345760345459 6.2648839950561523
v -31.67396354675293 -4.2391338348388672 6.2648839950561523
v -31.044666290283203 -5.2237710952758789 6.2648839950561523
v -30.303916931152344 -6.1778655052185059 6.2648839950561523
v -29.451963424682617 -7.0840420722961426 6.2648839950561523
v -28.492511749267578 -7.9242591857910156 6.2648839950561523
v -27.433032989501953 -8.680659294128418 6.2648839950561523
v -26.284816741943359 -9.3365364074707031 6.2648839950561523
v -25.062723159790039 -9.8773355484008789 6.2648839950561523
v -23.784629821777344 -10.291584014892578 6.2648839950561523
v -22.470586776733398 -10.571619987487793 6.2648839950561523
v -21.141796112060547 -10.714055061340332 6.2648839950561523
v -19.819473266601563 -10.719893455505371 6.2648839950561523
v -18.523761749267578 -10.594313621520996 6.2648839950561523
v -17.272792816162109 -10.346139907836914 6.2648839950561523
v -16.081962585449219 -9.9871082305908203 6.2648839950561523
v -14.963499069213867 -9.5309896469116211 6.2648839950561523
v -13.926299095153809 -8.992711067199707 6.2648839950561523
v -12.941662788391113 -8.3634128570556641 6.2648839950561523
v -11.987567901611328 -7.6226639747619629 6.2648839950561523
v -11.081391334533691 -6.7707104682922363 6.2648839950561523
v -10.24117374420166 -5.8112583160400391 6.2648839950561523
v -9.4847736358642578 -4.7517795562744141 6.2648839950561523
v -8.8288974761962891 -3.6035635471343994 6.2648839950561523
v -8.2880973815917969 -2.3814711570739746 6.2648839950561523
v -7.8738493919372559 -1.1033768653869629 6.2648839950561523
v -7.593813419342041 0.21066507697105408 6.2648839950561523
v -7.451378345489502 1.5394566059112549 6.2648839950561523
v -7.4455394744873047 2.8617804050445557 6.2648839950561523
v -7.5711202621459961 4.1574907302856445 6.2648839950561523
v -7.8192930221557617 5.4084601402282715 6.2648839950561523
v -8.1783256530761719 6.5992903709411621 6.2648839950561523
v -8.6344442367553711 7.7177538871765137 6.2648839950561523
v -9.1727228164672852 8.7549533843994141 6.2648839950561523
v -9.8020200729370117 9.7395906448364258 6.2648839950561523
v -10.542769432067871 10.693684577941895 6.2648839950561523
v -11.394722938537598 11.599861145019531 6.2648839950561523
v -12.354174613952637 12.440078735351563 6.2648839950561523
v -13.413653373718262 13.196478843688965 6.2648839950561523
v -14.561869621276855 13.852355003356934 6.2648839950561523
v -15.783962249755859 14.393155097961426 6.2648839950561523
v -17.062055587768555 14.807403564453125 6.2648839950561523
v -18.3760986328125 15.08743953704834 6.2648839950561523
v -19.704889297485352 15.229874610900879 6.2648839950561523
v -21.027214050292969 15.235713005065918 6.2648839950561523
v -22.32292366027832 15.110132217407227 6.2648839950561523
v -23.573892593383789 14.861959457397461 6.2648839950561523
v -24.76472282409668 14.502926826477051 6.2648839950561523
v -25.883188247680664 14.046808242797852 6.2648839950561523
v -25.991275787353516 13.393776893615723 6.2648839950561523
v -29.703231811523438 -1.4540461301803589 6.2648839950561523
v -31.559209823608398 -3.3100240230560303 6.2648839950561523
v -31.559209823608398 -1.4540461301803589 6.2648839950561523
v -9.2874755859375 7.825843334197998 6.2648839950561523
v -11.143453598022461 5.9698653221130371 6.2648839950561523
v -9.2874755859375 4.1138873100280762 6.2648839950561523
v -9.2874755859375 5.9698653221130371 6.2648839950561523
v -22.279321670532227 13.393776893615723 6.2648839950561523
v -24.135299682617188 11.537798881530762 6.2648839950561523
v -24.135299682617188 13.393776893615723 6.2648839950561523
v -29.134346008300781 1.7424474954605103 6.2648839950561523
v -28.943042755126953 2.5183429718017578 6.2648839950561523
v -28.672849655151367 3.2989354133605957 6.2648839950561523
v -28.320114135742188 4.0729179382324219 6.2648839950561523
v -27.883272171020508 4.8277926445007324 6.2648839950561523
v -27.363241195678711 5.5503525733947754 6.2648839950561523
v -26.763664245605469 6.2272987365722656 6.2648839950561523
v -26.090967178344727 6.845942497253418 6.2648839950561523
v -25.354207992553711 7.3949260711669922 6.2648839950561523
v -24.564691543579102 7.8648843765258789 6.2648839950561523
v -23.735401153564453 8.2489662170410156 6.2648839950561523
v -22.880300521850586 8.5431642532348633 6.2648839950561523
v -22.013570785522461 8.7464046478271484 6.2648839950561523
v -21.148895263671875 8.8604240417480469 6.2648839950561523
v -20.298818588256836 8.8894386291503906 6.2648839950561523
v -19.474287033081055 8.8396835327148438 6.2648839950561523
v -18.68433952331543 8.7188701629638672 6.2648839950561523
v -17.908445358276367 8.5275659561157227 6.2648839950561523
v -17.127851486206055 8.2573747634887695 6.2648839950561523
v -16.353870391845703 7.9046387672424316 6.2648839950561523
v -15.598995208740234 7.4677972793579102 6.2648839950561523
v -14.876435279846191 6.9477663040161133 6.2648839950561523
v -14.199489593505859 6.3481879234313965 6.2648839950561523
v -13.580845832824707 5.6754913330078125 6.2648839950561523
v -13.031862258911133 4.9387321472167969 6.2648839950561523
v -12.561903953552246 4.1492152214050293 6.2648839950561523
v -12.177821159362793 3.3199253082275391 6.2648839950561523
v -11.883624076843262 2.4648241996765137 6.2648839950561523
v -11.680383682250977 1.5980957746505737 6.2648839950561523
v -11.566364288330078 0.73341906070709229 6.2648839950561523
v -11.537349700927734 -0.11665724217891693 6.2648839950561523
v -11.587104797363281 -0.9411889910697937 6.2648839950561523
v -11.707917213439941 -1.731135368347168 6.2648839950561523
v -11.899221420288086 -2.5070309638977051 6.2648839950561523
v -12.169413566589355 -3.287623405456543 6.2648839950561523
v -12.522149085998535 -4.0616059303283691 6.2648839950561523
v -12.958991050720215 -4.8164806365966797 6.2648839950561523
v -13.479022026062012 -5.5390400886535645 6.2648839950561523
v -14.07859992980957 -6.2159867286682129 6.2648839950561523
v -14.751296043395996 -6.834630012512207 6.2648839950561523
v -15.488056182861328 -7.3836140632629395 6.2648839950561523
v -16.277572631835938 -7.853571891784668 6.2648839950561523
v -17.106863021850586 -8.2376546859741211 6.2648839950561523
v -17.961963653564453 -8.5318517684936523 6.2648839950561523
v -18.828691482543945 -8.7350921630859375 6.2648839950561523
v -19.693368911743164 -8.8491115570068359 6.2648839950561523
v -20.543445587158203 -8.8781261444091797 6.2648839950561523
v -21.367977142333984 -8.8283710479736328 6.2648839950561523
v -22.157922744750977 -8.7075586318969727 6.2648839950561523
v -22.933818817138672 -8.5162544250488281 6.2648839950561523
v -23.714410781860352 -8.2460622787475586 6.2648839950561523
v -24.488393783569336 -7.8933267593383789 6.2648839950561523
v -25.243268966674805 -7.4564847946166992 6.2648839950561523
v -25.965827941894531 -6.9364538192749023 6.2648839950561523
v -26.64277458190918 -6.3368759155273438 6.2648839950561523
v -27.261417388916016 -5.6641793251037598 6.2648839950561523
v -27.810401916503906 -4.9274201393127441 6.2648839950561523
v -28.280359268188477 -4.1379032135009766 6.2648839950561523
v -28.66444206237793 -3.3086133003234863 6.2648839950561523
v -28.958639144897461 -2.4535121917724609 6.2648839950561523
v -29.161880493164063 -1.586783766746521 6.2648839950561523
v -29.275899887084961 -0.72210699319839478 6.2648839950561523
v -29.304914474487305 0.12796929478645325 6.2648839950561523
v -29.255159378051758 0.95250099897384644 6.2648839950561523
v -27.847253799438477 7.825843334197998 6.2648839950561523
v -29.703231811523438 5.9698653221130371 6.2648839950561523
v -27.847253799438477 5.9698653221130371 6.2648839950561523
v -22.279321670532227 9.6818208694458008 6.2648839950561523
v -25.991275787353516 9.6818208694458008 6.2648839950561523
v -24.135299682617188 9.6818208694458008 6.2648839950561523
v -18.567365646362305 9.6818208694458008 6.2648839950561523
v -20.423343658447266 11.537798881530762 6.2648839950561523
v -20.423343658447266 9.6818208694458008 6.2648839950561523
v -14.855409622192383 9.6818208694458008 6.2648839950561523
v -16.711387634277344 11.537798881530762 6.2648839950561523
v -16.711387634277344 9.6818208694458008 6.2648839950561523
v -12.999431610107422 7.825843334197998 6.2648839950561523
v -12.999431610107422 5.9698653221130371 6.2648839950561523
v -29.703231811523438 4.1138873100280762 6.2648839950561523
v -11.143453598022461 -3.3100240230560303 6.2648839950561523
v -26.920387268066406 13.508530616760254 -0.78377914428710938
v -26.920387268066406 13.508530616760254 -7.8324422836303711
v -26.920387268066406 13.508530616760254 -14.881105422973633
v -25.793743133544922 14.087822914123535 -0.78377914428710938
v -25.793743133544922 14.087822914123535 -7.8324422836303711
v -24.651275634765625 14.542559623718262 -0.78377914428710938
v -24.651275634765625 14.542559623718262 -7.8324422836303711
v -23.435319900512695 14.895790100097656 -0.78377914428710938
v -23.435319900512695 14.895790100097656 -7.8324422836303711
v -22.159030914306641 15.13329029083252 -0.78377914428710938
v -22.159030914306641 15.13329029083252 -7.8324422836303711
v -20.845481872558594 15.242895126342773 -0.78377914428710938
v -20.845481872558594 15.242895126342773 -7.8324422836303711
v -19.537746429443359 15.219535827636719 -0.78377914428710938
v -19.537746429443359 15.219535827636719 -7.8324422836303711
v -18.226266860961914 15.062631607055664 -0.78377914428710938
v -18.226266860961914 15.062631607055664 -7.8324422836303711
v -16.931529998779297 14.771713256835938 -0.78377914428710938
v -16.931529998779297 14.771713256835938 -7.8324422836303711
v -15.673879623413086 14.350495338439941 -0.78377914428710938
v -15.673879623413086 14.350495338439941 -7.8324422836303711
v -14.472469329833984 13.80672550201416 -0.78377914428710938
v -14.472469329833984 13.80672550201416 -7.8324422836303711
v -13.34429931640625 13.151723861694336 -0.78377914428710938
v -13.34429931640625 13.151723861694336 -7.8324422836303711
v -12.303455352783203 12.399678230285645 -0.78377914428710938
v -12.303455352783203 12.399678230285645 -7.8324422836303711
v -11.360603332519531 11.566764831542969 -0.78377914428710938
v -11.360603332519531 11.566764831542969 -7.8324422836303711
v -10.522771835327148 10.670206069946289 -0.78377914428710938
v -10.522771835327148 10.670206069946289 -7.8324422836303711
v -9.7523632049560547 9.6685934066772461 -0.78377914428710938
v -9.7523632049560547 9.6685934066772461 -7.8324422836303711
v -9.5295295715332031 -4.821134090423584 -0.78377914428710938
v -9.5295295715332031 -4.821134090423584 -7.8324422836303711
v -10.281574249267578 -5.8619775772094727 -0.78377914428710938
v -10.281574249267578 -5.8619775772094727 -7.8324422836303711
v -11.114487648010254 -6.8048305511474609 -0.78377914428710938
v -11.114487648010254 -6.8048305511474609 -7.8324422836303711
v -12.011046409606934 -7.6426615715026855 -0.78377914428710938
v -12.011046409606934 -7.6426615715026855 -7.8324422836303711
v -13.012659072875977 -8.4130697250366211 -0.78377914428710938
v -13.012659072875977 -8.4130697250366211 -7.8324422836303711
v -13.926299095153809 -8.992711067199707 -0.78377914428710938
v -13.926299095153809 -8.992711067199707 -7.8324422836303711
v -15.052943229675293 -9.5720033645629883 -0.78377914428710938
v -15.052943229675293 -9.5720033645629883 -7.8324422836303711
v -16.195409774780273 -10.026740074157715 -0.78377914428710938
v -16.195409774780273 -10.026740074157715 -7.8324422836303711
v -17.411365509033203 -10.379971504211426 -0.78377914428710938
v -17.411365509033203 -10.379971504211426 -7.8324422836303711
v -18.687654495239258 -10.617470741271973 -0.78377914428710938
v -18.687654495239258 -10.617470741271973 -7.8324422836303711
v -20.001205444335938 -10.727075576782227 -0.78377914428710938
v -20.001205444335938 -10.727075576782227 -7.8324422836303711
v -21.308938980102539 -10.703716278076172 -0.78377914428710938
v -21.308938980102539 -10.703716278076172 -7.8324422836303711
v -22.620418548583984 -10.546812057495117 -0.78377914428710938
v -22.620418548583984 -10.546812057495117 -7.8324422836303711
v -23.915155410766602 -10.255893707275391 -0.78377914428710938
v -23.915155410766602 -10.255893707275391 -7.8324422836303711
v -25.172805786132813 -9.8346767425537109 -0.78377914428710938
v -25.172805786132813 -9.8346767425537109 -7.8324422836303711
v -26.374216079711914 -9.2909059524536133 -0.78377914428710938
v -26.374216079711914 -9.2909059524536133 -7.8324422836303711
v -27.502386093139648 -8.6359043121337891 -0.78377914428710938
v -27.502386093139648 -8.6359043121337891 -7.8324422836303711
v -28.543230056762695 -7.8838586807250977 -0.78377914428710938
v -28.543230056762695 -7.8838586807250977 -7.8324422836303711
v -29.486083984375 -7.0509452819824219 -0.78377914428710938
v -29.486083984375 -7.0509452819824219 -7.8324422836303711
v -30.32391357421875 -6.1543865203857422 -0.78377914428710938
v -30.32391357421875 -6.1543865203857422 -7.8324422836303711
v -31.094322204589844 -5.1527743339538574 -0.78377914428710938
v -31.094322204589844 -5.1527743339538574 -7.8324422836303711
v -31.67396354675293 -4.2391338348388672 -0.78377914428710938
v -31.67396354675293 -4.2391338348388672 -7.8324422836303711
v -32.253257751464844 -3.112490177154541 -0.78377914428710938
v -32.253257751464844 -3.112490177154541 -7.8324422836303711
v -32.707992553710938 -1.9700232744216919 -0.78377914428710938
v -32.707992553710938 -1.9700232744216919 -7.8324422836303711
v -33.061222076416016 -0.75406807661056519 -0.78377914428710938
v -33.061222076416016 -0.75406807661056519 -7.8324422836303711
v -33.298725128173828 0.52222102880477905 -0.78377914428710938
v -33.298725128173828 0.52222102880477905 -7.8324422836303711
v -33.408329010009766 1.8357712030410767 -0.78377914428710938
v -33.408329010009766 1.8357712030410767 -7.8324422836303711
v -33.384967803955078 3.1435062885284424 -0.78377914428710938
v -33.384967803955078 3.1435062885284424 -7.8324422836303711
v -33.228065490722656 4.4549851417541504 -0.78377914428710938
v -33.228065490722656 4.4549851417541504 -7.8324422836303711
v -32.937145233154297 5.7497224807739258 -0.78377914428710938
v -32.937145233154297 5.7497224807739258 -7.8324422836303711
v -32.51593017578125 7.0073728561401367 -0.78377914428710938
v -32.51593017578125 7.0073728561401367 -7.8324422836303711
v -31.972158432006836 8.2087831497192383 -0.78377914428710938
v -31.972158432006836 8.2087831497192383 -7.8324422836303711
v -31.317157745361328 9.3369531631469727 -0.78377914428710938
v -31.317157745361328 9.3369531631469727 -7.8324422836303711
v -30.56511116027832 10.37779712677002 -0.78377914428710938
v -30.56511116027832 10.37779712677002 -7.8324422836303711
v -29.732198715209961 11.320650100708008 -0.78377914428710938
v -29.732198715209961 11.320650100708008 -7.8324422836303711
v -28.835639953613281 12.158480644226074 -0.78377914428710938
v -28.835639953613281 12.158480644226074 -7.8324422836303711
v -27.834026336669922 12.928889274597168 -0.78377914428710938
v -27.834026336669922 12.928889274597168 -7.8324422836303711
v -25.793743133544922 14.087822914123535 2.7405524253845215
v -26.369434356689453 13.809187889099121 -0.78377914428710938
v -26.920387268066406 13.508530616760254 2.7405524253845215
v -26.369434356689453 13.809187889099121 2.7405524253845215
v -24.651275634765625 14.542559623718262 2.7405524253845215
v -25.232379913330078 14.32692813873291 -0.78377914428710938
v -25.232379913330078 14.32692813873291 2.7405524253845215
v -23.435319900512695 14.895790100097656 2.7405524253845215
v -24.05174446105957 14.732793807983398 -0.78377914428710938
v -24.05174446105957 14.732793807983398 2.7405524253845215
v -22.159030914306641 15.13329029083252 2.7405524253845215
v -22.803760528564453 15.029818534851074 -0.78377914428710938
v -22.803760528564453 15.029818534851074 2.7405524253845215
v -20.845481872558594 15.242895126342773 2.7405524253845215
v -21.506553649902344 15.204519271850586 -0.78377914428710938
v -21.506553649902344 15.204519271850586 2.7405524253845215
v -19.537746429443359 15.219535827636719 2.7405524253845215
v -20.193338394165039 15.247718811035156 -0.78377914428710938
v -20.193338394165039 15.247718811035156 2.7405524253845215
v -18.226266860961914 15.062631607055664 2.7405524253845215
v -18.881204605102539 15.157903671264648 -0.78377914428710938
v -18.881204605102539 15.157903671264648 2.7405524253845215
v -16.931529998779297 14.771713256835938 2.7405524253845215
v -17.575519561767578 14.93379020690918 -0.78377914428710938
v -17.575519561767578 14.93379020690918 2.7405524253845215
v -15.673879623413086 14.350495338439941 2.7405524253845215
v -16.296833038330078 14.576998710632324 -0.78377914428710938
v -16.296833038330078 14.576998710632324 2.7405524253845215
v -14.472469329833984 13.80672550201416 2.7405524253845215
v -15.065021514892578 14.09329891204834 -0.78377914428710938
v -15.065021514892578 14.09329891204834 2.7405524253845215
v -13.34429931640625 13.151723861694336 2.7405524253845215
v -13.898273468017578 13.49229907989502 -0.78377914428710938
v -13.898273468017578 13.49229907989502 2.7405524253845215
v -12.303455352783203 12.399678230285645 2.7405524253845215
v -12.812211036682129 12.786855697631836 -0.78377914428710938
v -12.812211036682129 12.786855697631836 2.7405524253845215
v -11.360603332519531 11.566764831542969 2.7405524253845215
v -11.819254875183105 11.992266654968262 -0.78377914428710938
v -11.819254875183105 11.992266654968262 2.7405524253845215
v -10.522771835327148 10.670206069946289 2.7405524253845215
v -10.928262710571289 11.125349044799805 -0.78377914428710938
v -10.928262710571289 11.125349044799805 2.7405524253845215
v -9.7523632049560547 9.6685934066772461 2.7405524253845215
v -10.12220573425293 10.174639701843262 -0.78377914428710938
v -10.12220573425293 10.174639701843262 2.7405524253845215
v -9.5295295715332031 -4.821134090423584 2.7405524253845215
v -9.1889533996582031 -4.2671599388122559 -0.78377914428710938
v -9.1889533996582031 -4.2671599388122559 2.7405524253845215
v -10.281574249267578 -5.8619775772094727 2.7405524253845215
v -9.8943967819213867 -5.3532223701477051 -0.78377914428710938
v -9.8943967819213867 -5.3532223701477051 2.7405524253845215
v -11.114487648010254 -6.8048305511474609 2.7405524253845215
v -10.688985824584961 -6.3461780548095703 -0.78377914428710938
v -10.688985824584961 -6.3461780548095703 2.7405524253845215
v -12.011046409606934 -7.6426615715026855 2.7405524253845215
v -11.555903434753418 -7.2371711730957031 -0.78377914428710938
v -11.555903434753418 -7.2371711730957031 2.7405524253845215
v -13.012659072875977 -8.4130697250366211 2.7405524253845215
v -12.506612777709961 -8.0432271957397461 -0.78377914428710938
v -12.506612777709961 -8.0432271957397461 2.7405524253845215
v -13.926299095153809 -8.992711067199707 2.7405524253845215
v -13.467155456542969 -8.7147607803344727 -0.78377914428710938
v -13.467155456542969 -8.7147607803344727 2.7405524253845215
v -15.052943229675293 -9.5720033645629883 2.7405524253845215
v -14.477251052856445 -9.2933683395385742 -0.78377914428710938
v -14.477251052856445 -9.2933683395385742 2.7405524253845215
v -16.195409774780273 -10.026740074157715 2.7405524253845215
v -15.614306449890137 -9.8111085891723633 -0.78377914428710938
v -15.614306449890137 -9.8111085891723633 2.7405524253845215
v -17.411365509033203 -10.379971504211426 2.7405524253845215
v -16.794942855834961 -10.216975212097168 -0.78377914428710938
v -16.794942855834961 -10.216975212097168 2.7405524253845215
v -18.687654495239258 -10.617470741271973 2.7405524253845215
v -18.042924880981445 -10.513998985290527 -0.78377914428710938
v -18.042924880981445 -10.513998985290527 2.7405524253845215
v -20.001205444335938 -10.727075576782227 2.7405524253845215
v -19.340133666992188 -10.688699722290039 -0.78377914428710938
v -19.340133666992188 -10.688699722290039 2.7405524253845215
v -21.308938980102539 -10.703716278076172 2.7405524253845215
v -20.653347015380859 -10.731899261474609 -0.78377914428710938
v -20.653347015380859 -10.731899261474609 2.7405524253845215
v -22.620418548583984 -10.546812057495117 2.7405524253845215
v -21.965482711791992 -10.642084121704102 -0.78377914428710938
v -21.965482711791992 -10.642084121704102 2.7405524253845215
v -23.915155410766602 -10.255893707275391 2.7405524253845215
v -23.271167755126953 -10.417970657348633 -0.78377914428710938
v -23.271167755126953 -10.417970657348633 2.7405524253845215
v -25.172805786132813 -9.8346767425537109 2.7405524253845215
v -24.549854278564453 -10.061179161071777 -0.78377914428710938
v -24.549854278564453 -10.061179161071777 2.7405524253845215
v -26.374216079711914 -9.2909059524536133 2.7405524253845215
v -25.78166389465332 -9.577479362487793 -0.78377914428710938
v -25.78166389465332 -9.577479362487793 2.7405524253845215
v -27.502386093139648 -8.6359043121337891 2.7405524253845215
v -26.94841194152832 -8.9764795303344727 -0.78377914428710938
v -26.94841194152832 -8.9764795303344727 2.7405524253845215
v -28.543230056762695 -7.8838586807250977 2.7405524253845215
v -28.034475326538086 -8.2710371017456055 -0.78377914428710938
v -28.034475326538086 -8.2710371017456055 2.7405524253845215
v -29.486083984375 -7.0509452819824219 2.7405524253845215
v -29.027431488037109 -7.476447582244873 -0.78377914428710938
v -29.027431488037109 -7.476447582244873 2.7405524253845215
v -30.32391357421875 -6.1543865203857422 2.7405524253845215
v -29.918424606323242 -6.6095294952392578 -0.78377914428710938
v -29.918424606323242 -6.6095294952392578 2.7405524253845215
v -31.094322204589844 -5.1527743339538574 2.7405524253845215
v -30.724479675292969 -5.658820629119873 -0.78377914428710938
v -30.724479675292969 -5.658820629119873 2.7405524253845215
v -31.67396354675293 -4.2391338348388672 2.7405524253845215
v -31.396013259887695 -4.6982779502868652 -0.78377914428710938
v -31.396013259887695 -4.6982779502868652 2.7405524253845215
v -32.253257751464844 -3.112490177154541 2.7405524253845215
v -31.974620819091797 -3.6881825923919678 -0.78377914428710938
v -31.974620819091797 -3.6881825923919678 2.7405524253845215
v -32.707992553710938 -1.9700232744216919 2.7405524253845215
v -32.492362976074219 -2.5511274337768555 -0.78377914428710938
v -32.492362976074219 -2.5511274337768555 2.7405524253845215
v -33.061222076416016 -0.75406807661056519 2.7405524253845215
v -32.898227691650391 -1.3704913854598999 -0.78377914428710938
v -32.898227691650391 -1.3704913854598999 2.7405524253845215
v -33.298725128173828 0.52222102880477905 2.7405524253845215
v -33.19525146484375 -0.12250871211290359 -0.78377914428710938
v -33.19525146484375 -0.12250871211290359 2.7405524253845215
v -33.408329010009766 1.8357712030410767 2.7405524253845215
v -33.369953155517578 1.1746994256973267 -0.78377914428710938
v -33.369953155517578 1.1746994256973267 2.7405524253845215
v -33.384967803955078 3.1435062885284424 2.7405524253845215
v -33.413150787353516 2.4879138469696045 -0.78377914428710938
v -33.413150787353516 2.4879138469696045 2.7405524253845215
v -33.228065490722656 4.4549851417541504 2.7405524253845215
v -33.323337554931641 3.8000490665435791 -0.78377914428710938
v -33.323337554931641 3.8000490665435791 2.7405524253845215
v -32.937145233154297 5.7497224807739258 2.7405524253845215
v -33.099224090576172 5.1057338714599609 -0.78377914428710938
v -33.099224090576172 5.1057338714599609 2.7405524253845215
v -32.51593017578125 7.0073728561401367 2.7405524253845215
v -32.742431640625 6.3844203948974609 -0.78377914428710938
v -32.742431640625 6.3844203948974609 2.7405524253845215
v -31.972158432006836 8.2087831497192383 2.7405524253845215
v -32.258731842041016 7.6162309646606445 -0.78377914428710938
v -32.258731842041016 7.6162309646606445 2.7405524253845215
v -31.317157745361328 9.3369531631469727 2.7405524253845215
v -31.657732009887695 8.7829790115356445 -0.78377914428710938
v -31.657732009887695 8.7829790115356445 2.7405524253845215
v -30.56511116027832 10.37779712677002 2.7405524253845215
v -30.952289581298828 9.8690414428710938 -0.78377914428710938
v -30.952289581298828 9.8690414428710938 2.7405524253845215
v -29.732198715209961 11.320650100708008 2.7405524253845215
v -30.157699584960938 10.861997604370117 -0.78377914428710938
v -30.157699584960938 10.861997604370117 2.7405524253845215
v -28.835639953613281 12.158480644226074 2.7405524253845215
v -29.290782928466797 11.75299072265625 -0.78377914428710938
v -29.290782928466797 11.75299072265625 2.7405524253845215
v -27.834026336669922 12.928889274597168 2.7405524253845215
v -28.340072631835938 12.559046745300293 -0.78377914428710938
v -28.340072631835938 12.559046745300293 2.7405524253845215
v -27.37952995300293 13.23058032989502 -0.78377914428710938
v -27.37952995300293 13.23058032989502 2.7405524253845215
v -28.229127883911133 12.643368721008301 -14.881105422973633
v -29.424043655395508 11.626763343811035 -14.881105422973633
v -30.487709045410156 10.473539352416992 -14.881105422973633
v -31.404613494873047 9.2005128860473633 -14.881105422973633
v -32.161384582519531 7.8262472152709961 -14.881105422973633
v -32.746990203857422 6.3707833290100098 -14.881105422973633
v -33.152889251708984 4.855344295501709 -14.881105422973633
v -33.373165130615234 3.3020284175872803 -14.881105422973633
v -33.404598236083984 1.7334873676300049 -14.881105422973633
v -33.246738433837891 0.1725933849811554 -14.881105422973633
v -32.901885986328125 -1.3578919172286987 -14.881105422973633
v -32.375064849853516 -2.8356506824493408 -14.881105422973633
v -31.67396354675293 -4.2391338348388672 -14.881105422973633
v -30.808801651000977 -5.5478758811950684 -14.881105422973633
v -29.792196273803711 -6.7427916526794434 -14.881105422973633
v -28.638973236083984 -7.8064565658569336 -14.881105422973633
v -27.365945816040039 -8.7233610153198242 -14.881105422973633
v -25.991680145263672 -9.480133056640625 -14.881105422973633
v -24.536216735839844 -10.065738677978516 -14.881105422973633
v -23.020776748657227 -10.471637725830078 -14.881105422973633
v -21.467462539672852 -10.691910743713379 -14.881105422973633
v -19.898920059204102 -10.723346710205078 -14.881105422973633
v -18.33802604675293 -10.565486907958984 -14.881105422973633
v -16.807540893554688 -10.220632553100586 -14.881105422973633
v -15.329782485961914 -9.6938133239746094 -14.881105422973633
v -13.926299095153809 -8.992711067199707 -14.881105422973633
v -12.617557525634766 -8.1275491714477539 -14.881105422973633
v -11.422641754150391 -7.1109442710876465 -14.881105422973633
v -10.358976364135742 -5.9577198028564453 -14.881105422973633
v -9.442072868347168 -4.6846933364868164 -14.881105422973633
v -8.6852998733520508 -3.3104281425476074 -14.881105422973633
v -8.0996942520141602 -1.854964017868042 -14.881105422973633
v -7.6937956809997559 -0.33952480554580688 -14.881105422973633
v -7.4735221862792969 1.2137907743453979 -14.881105422973633
v -7.4420866966247559 2.7823319435119629 -14.881105422973633
v -7.5999464988708496 4.3432259559631348 -14.881105422973633
v -7.944800853729248 5.873711109161377 -14.881105422973633
v -8.4716196060180664 7.3514699935913086 -14.881105422973633
v -9.1727228164672852 8.7549533843994141 -14.881105422973633
v -10.037883758544922 10.063694953918457 -14.881105422973633
v -11.054489135742188 11.258610725402832 -14.881105422973633
v -12.20771312713623 12.32227611541748 -14.881105422973633
v -13.480739593505859 13.239180564880371 -14.881105422973633
v -14.855005264282227 13.995952606201172 -14.881105422973633
v -16.310468673706055 14.581558227539063 -14.881105422973633
v -17.825908660888672 14.987457275390625 -14.881105422973633
v -19.37922477722168 15.207730293273926 -14.881105422973633
v -20.947765350341797 15.239166259765625 -14.881105422973633
v -22.508659362792969 15.081306457519531 -14.881105422973633
v -24.039144515991211 14.736452102661133 -14.881105422973633
v -25.516902923583984 14.209632873535156 -14.881105422973633
v -26.920387268066406 13.508530616760254 -11.35677433013916
v -27.834026336669922 12.928889274597168 -11.35677433013916
v -27.37952995300293 13.23058032989502 -7.8324422836303711
v -27.37952995300293 13.23058032989502 -11.35677433013916
v -28.835639953613281 12.158480644226074 -11.35677433013916
v -28.340072631835938 12.559046745300293 -7.8324422836303711
v -28.340072631835938 12.559046745300293 -11.35677433013916
v -29.732198715209961 11.320650100708008 -11.35677433013916
v -29.290782928466797 11.75299072265625 -7.8324422836303711
v -29.290782928466797 11.75299072265625 -11.35677433013916
v -30.56511116027832 10.37779712677002 -11.35677433013916
v -30.157699584960938 10.861997604370117 -7.8324422836303711
v -30.157699584960938 10.861997604370117 -11.35677433013916
v -31.317157745361328 9.3369531631469727 -11.35677433013916
v -31.972158432006836 8.2087831497192383 -11.35677433013916
v -31.657732009887695 8.7829790115356445 -7.8324422836303711
v -31.657732009887695 8.7829790115356445 -11.35677433013916
v -32.51593017578125 7.0073728561401367 -11.35677433013916
v -32.258731842041016 7.6162309646606445 -7.8324422836303711
v -32.258731842041016 7.6162309646606445 -11.35677433013916
v -32.937145233154297 5.7497224807739258 -11.35677433013916
v -32.742431640625 6.3844203948974609 -7.8324422836303711
v -32.742431640625 6.3844203948974609 -11.35677433013916
v -33.228065490722656 4.4549851417541504 -11.35677433013916
v -33.099224090576172 5.1057338714599609 -7.8324422836303711
v -33.099224090576172 5.1057338714599609 -11.35677433013916
v -33.384967803955078 3.1435062885284424 -11.35677433013916
v -33.323337554931641 3.8000490665435791 -7.8324422836303711
v -33.323337554931641 3.8000490665435791 -11.35677433013916
v -33.408329010009766 1.8357712030410767 -11.35677433013916
v -33.298725128173828 0.52222102880477905 -11.35677433013916
v -33.369953155517578 1.1746994256973267 -7.8324422836303711
v -33.369953155517578 1.1746994256973267 -11.35677433013916
v -33.061222076416016 -0.75406807661056519 -11.35677433013916
v -33.19525146484375 -0.12250871211290359 -7.8324422836303711
v -33.19525146484375 -0.12250871211290359 -11.35677433013916
v -32.707992553710938 -1.9700232744216919 -11.35677433013916
v -32.898227691650391 -1.3704913854598999 -7.8324422836303711
v -32.898227691650391 -1.3704913854598999 -11.35677433013916
v -32.253257751464844 -3.112490177154541 -11.35677433013916
v -32.492362976074219 -2.5511274337768555 -7.8324422836303711
v -32.492362976074219 -2.5511274337768555 -11.35677433013916
v -31.67396354675293 -4.2391338348388672 -11.35677433013916
v -31.974620819091797 -3.6881825923919678 -7.8324422836303711
v -31.974620819091797 -3.6881825923919678 -11.35677433013916
v -31.094322204589844 -5.1527743339538574 -11.35677433013916
v -30.32391357421875 -6.1543865203857422 -11.35677433013916
v -30.724479675292969 -5.658820629119873 -7.8324422836303711
v -30.724479675292969 -5.658820629119873 -11.35677433013916
v -29.486083984375 -7.0509452819824219 -11.35677433013916
v -29.918424606323242 -6.6095294952392578 -7.8324422836303711
v -29.918424606323242 -6.6095294952392578 -11.35677433013916
v -28.543230056762695 -7.8838586807250977 -11.35677433013916
v -29.027431488037109 -7.476447582244873 -7.8324422836303711
v -29.027431488037109 -7.476447582244873 -11.35677433013916
v -27.502386093139648 -8.6359043121337891 -11.35677433013916
v -26.374216079711914 -9.2909059524536133 -11.35677433013916
v -26.94841194152832 -8.9764795303344727 -7.8324422836303711
v -26.94841194152832 -8.9764795303344727 -11.35677433013916
v -25.172805786132813 -9.8346767425537109 -11.35677433013916
v -25.78166389465332 -9.577479362487793 -7.8324422836303711
v -25.78166389465332 -9.577479362487793 -11.35677433013916
v -23.915155410766602 -10.255893707275391 -11.35677433013916
v -24.549854278564453 -10.061179161071777 -7.8324422836303711
v -24.549854278564453 -10.061179161071777 -11.35677433013916
v -22.620418548583984 -10.546812057495117 -11.35677433013916
v -23.271167755126953 -10.417970657348633 -7.8324422836303711
v -23.271167755126953 -10.417970657348633 -11.35677433013916
v -21.308938980102539 -10.703716278076172 -11.35677433013916
v -21.965482711791992 -10.642084121704102 -7.8324422836303711
v -21.965482711791992 -10.642084121704102 -11.35677433013916
v -20.001205444335938 -10.727075576782227 -11.35677433013916
v -18.687654495239258 -10.617470741271973 -11.35677433013916
v -19.340133666992188 -10.688699722290039 -7.8324422836303711
v -19.340133666992188 -10.688699722290039 -11.35677433013916
v -17.411365509033203 -10.379971504211426 -11.35677433013916
v -18.042924880981445 -10.513998985290527 -7.8324422836303711
v -18.042924880981445 -10.513998985290527 -11.35677433013916
v -16.195409774780273 -10.026740074157715 -11.35677433013916
v -16.794942855834961 -10.216975212097168 -7.8324422836303711
v -16.794942855834961 -10.216975212097168 -11.35677433013916
v -15.052943229675293 -9.5720033645629883 -11.35677433013916
v -15.614306449890137 -9.8111085891723633 -7.8324422836303711
v -15.614306449890137 -9.8111085891723633 -11.35677433013916
v -13.926299095153809 -8.992711067199707 -11.35677433013916
v -14.477251052856445 -9.2933683395385742 -7.8324422836303711
v -14.477251052856445 -9.2933683395385742 -11.35677433013916
v -13.012659072875977 -8.4130697250366211 -11.35677433013916
v -12.011046409606934 -7.6426615715026855 -11.35677433013916
v -12.506612777709961 -8.0432271957397461 -7.8324422836303711
v -12.506612777709961 -8.0432271957397461 -11.35677433013916
v -11.114487648010254 -6.8048305511474609 -11.35677433013916
v -11.555903434753418 -7.2371711730957031 -7.8324422836303711
v -11.555903434753418 -7.2371711730957031 -11.35677433013916
v -10.281574249267578 -5.8619775772094727 -11.35677433013916
v -10.688985824584961 -6.3461780548095703 -7.8324422836303711
v -10.688985824584961 -6.3461780548095703 -11.35677433013916
v -9.5295295715332031 -4.821134090423584 -11.35677433013916
v -9.1889533996582031 -4.2671599388122559 -11.35677433013916
v -9.7523632049560547 9.6685934066772461 -11.35677433013916
v -10.522771835327148 10.670206069946289 -11.35677433013916
v -10.12220573425293 10.174639701843262 -7.8324422836303711
v -10.12220573425293 10.174639701843262 -11.35677433013916
v -11.360603332519531 11.566764831542969 -11.35677433013916
v -10.928262710571289 11.125349044799805 -7.8324422836303711
v -10.928262710571289 11.125349044799805 -11.35677433013916
v -12.303455352783203 12.399678230285645 -11.35677433013916
v -11.819254875183105 11.992266654968262 -7.8324422836303711
v -11.819254875183105 11.992266654968262 -11.35677433013916
v -13.34429931640625 13.151723861694336 -11.35677433013916
v -14.472469329833984 13.80672550201416 -11.35677433013916
v -13.898273468017578 13.49229907989502 -7.8324422836303711
v -13.898273468017578 13.49229907989502 -11.35677433013916
v -15.673879623413086 14.350495338439941 -11.35677433013916
v -15.065021514892578 14.09329891204834 -7.8324422836303711
v -15.065021514892578 14.09329891204834 -11.35677433013916
v -16.931529998779297 14.771713256835938 -11.35677433013916
v -16.296833038330078 14.576998710632324 -7.8324422836303711
v -16.296833038330078 14.576998710632324 -11.35677433013916
v -18.226266860961914 15.062631607055664 -11.35677433013916
v -17.575519561767578 14.93379020690918 -7.8324422836303711
v -17.575519561767578 14.93379020690918 -11.35677433013916
v -19.537746429443359 15.219535827636719 -11.35677433013916
v -18.881204605102539 15.157903671264648 -7.8324422836303711
v -18.881204605102539 15.157903671264648 -11.35677433013916
v -20.845481872558594 15.242895126342773 -11.35677433013916
v -22.159030914306641 15.13329029083252 -11.35677433013916
v -21.506553649902344 15.204519271850586 -7.8324422836303711
v -21.506553649902344 15.204519271850586 -11.35677433013916
v -23.435319900512695 14.895790100097656 -11.35677433013916
v -22.803760528564453 15.029818534851074 -7.8324422836303711
v -22.803760528564453 15.029818534851074 -11.35677433013916
v -24.651275634765625 14.542559623718262 -11.35677433013916
v -24.05174446105957 14.732793807983398 -7.8324422836303711
v -24.05174446105957 14.732793807983398 -11.35677433013916
v -25.793743133544922 14.087822914123535 -11.35677433013916
v -25.232379913330078 14.32692813873291 -7.8324422836303711
v -25.232379913330078 14.32692813873291 -11.35677433013916
v -26.369434356689453 13.809187889099121 -7.8324422836303711
v -26.369434356689453 13.809187889099121 -11.35677433013916
v -9.0856037139892578 -4.0858831405639648 -9.1930341720581055
v -9.0856037139892578 -4.0858831405639648 -6.2890210151672363
v -9.0856037139892578 -4.0858831405639648 -3.3850083351135254
v -9.0856037139892578 -4.0858831405639648 -0.48099556565284729
v -9.0856037139892578 -4.0858831405639648 2.4230172634124756
v -9.0856037139892578 -4.0858831405639648 5.3270297050476074
v -8.3884315490722656 -2.635857105255127 5.3270297050476074
v -7.8655366897583008 -1.0721859931945801 5.3270297050476074
v -7.5412678718566895 0.57262700796127319 5.3270297050476074
v -7.4314980506896973 2.2597277164459229 5.3270297050476074
v -7.5417399406433105 3.9467976093292236 5.3270297050476074
v -7.8664689064025879 5.591519832611084 5.3270297050476074
v -8.3898019790649414 7.1550445556640625 5.3270297050476074
v -9.0873794555664063 8.6048755645751953 5.3270297050476074
v -9.0873794555664063 8.6048755645751953 2.4230172634124756
v -9.0873794555664063 8.6048755645751953 -0.48099556565284729
v -9.0873794555664063 8.6048755645751953 -3.3850083351135254
v -9.0873794555664063 8.6048755645751953 -6.2890210151672363
v -9.0873794555664063 8.6048755645751953 -9.1930341720581055
v -25.440145492553711 10.945266723632813 -17.84107780456543
v -26.333454132080078 10.364022254943848 -17.84107780456543
v -27.110677719116211 9.7357463836669922 -17.84107780456543
v -27.821529388427734 9.0332555770874023 -17.84107780456543
v -28.458957672119141 8.2635211944580078 -17.84107780456543
v -29.014089584350586 7.438408374786377 -17.84107780456543
v -29.475168228149414 6.5825991630554199 -17.84107780456543
v -29.851249694824219 5.6861801147460938 -17.84107780456543
v -30.138803482055664 4.7575697898864746 -17.84107780456543
v -30.335128784179688 3.8054871559143066 -17.84107780456543
v -30.438379287719727 2.8388729095458984 -17.84107780456543
v -30.447589874267578 1.8668030500411987 -17.84107780456543
v -30.3626708984375 0.89840590953826904 -17.84107780456543
v -30.184419631958008 -0.057225406169891357 -17.84107780456543
v -29.914512634277344 -0.99111741781234741 -17.84107780456543
v -29.530710220336914 -1.948555588722229 -17.84107780456543
v -29.110700607299805 -2.7588925361633301 -17.84107780456543
v -28.529455184936523 -3.6522016525268555 -17.84107780456543
v -27.901180267333984 -4.4294242858886719 -17.84107780456543
v -27.198688507080078 -5.1402773857116699 -17.84107780456543
v -26.428955078125 -5.7777056694030762 -17.84107780456543
v -25.603841781616211 -6.3328361511230469 -17.84107780456543
v -24.748031616210938 -6.7939157485961914 -17.84107780456543
v -23.851613998413086 -7.1699976921081543 -17.84107780456543
v -22.923002243041992 -7.4575510025024414 -17.84107780456543
v -21.970920562744141 -7.6538753509521484 -17.84107780456543
v -21.004306793212891 -7.7571272850036621 -17.84107780456543
v -20.032236099243164 -7.7663369178771973 -17.84107780456543
v -19.063838958740234 -7.6814179420471191 -17.84107780456543
v -18.108207702636719 -7.5031676292419434 -17.84107780456543
v -17.17431640625 -7.2332601547241211 -17.84107780456543
v -16.216876983642578 -6.8494572639465332 -17.84107780456543
v -15.406540870666504 -6.4294476509094238 -17.84107780456543
v -14.513232231140137 -5.848203182220459 -17.84107780456543
v -13.73600959777832 -5.2199273109436035 -17.84107780456543
v -13.025156021118164 -4.5174360275268555 -17.84107780456543
v -12.387727737426758 -3.7477016448974609 -17.84107780456543
v -11.832597732543945 -2.9225890636444092 -17.84107780456543
v -11.371518135070801 -2.066779613494873 -17.84107780456543
v -10.99543571472168 -1.1703609228134155 -17.84107780456543
v -10.707881927490234 -0.24175043404102325 -17.84107780456543
v -10.511557579040527 0.71033209562301636 -17.84107780456543
v -10.408306121826172 1.6769465208053589 -17.84107780456543
v -10.399096488952637 2.6490161418914795 -17.84107780456543
v -10.484015464782715 3.6174132823944092 -17.84107780456543
v -10.662265777587891 4.5730447769165039 -17.84107780456543
v -10.932173728942871 5.5069365501403809 -17.84107780456543
v -11.315976142883301 6.4643750190734863 -17.84107780456543
v -11.73598575592041 7.274712085723877 -17.84107780456543
v -12.317230224609375 8.1680212020874023 -17.84107780456543
v -12.94550609588623 8.9452438354492188 -17.84107780456543
v -13.64799690246582 9.6560964584350586 -17.84107780456543
v -14.417731285095215 10.293524742126465 -17.84107780456543
v -15.242844581604004 10.848655700683594 -17.84107780456543
v -16.098653793334961 11.309735298156738 -17.84107780456543
v -16.995073318481445 11.685816764831543 -17.84107780456543
v -17.923683166503906 11.973370552062988 -17.84107780456543
v -18.875764846801758 12.169694900512695 -17.84107780456543
v -19.842380523681641 12.272946357727051 -17.84107780456543
v -20.814449310302734 12.282155990600586 -17.84107780456543
v -21.782846450805664 12.197237014770508 -17.84107780456543
v -22.73847770690918 12.018986701965332 -17.84107780456543
v -23.672370910644531 11.749079704284668 -17.84107780456543
v -24.62980842590332 11.365276336669922 -17.84107780456543
v -20.423343658447266 2.2579095363616943 -17.84107780456543
v -20.423343658447266 7.2738461494445801 -17.84107780456543
v -25.439279556274414 2.2579095363616943 -17.84107780456543
v -25.439279556274414 7.2738461494445801 -17.84107780456543
v -25.439279556274414 9.7818145751953125 -17.84107780456543
v -27.947248458862305 7.2738461494445801 -17.84107780456543
v -25.439279556274414 4.7658777236938477 -17.84107780456543
v -27.947248458862305 2.2579095363616943 -17.84107780456543
v -27.947248458862305 4.7658777236938477 -17.84107780456543
v -20.423343658447266 -2.7580268383026123 -17.84107780456543
v -25.439279556274414 -2.7580268383026123 -17.84107780456543
v -25.439279556274414 -0.25005865097045898 -17.84107780456543
v -27.947248458862305 -2.7580268383026123 -17.84107780456543
v -27.947248458862305 -0.25005865097045898 -17.84107780456543
v -25.439279556274414 -5.2659950256347656 -17.84107780456543
v -20.423343658447266 -5.2659950256347656 -17.84107780456543
v -22.931310653686523 -2.7580268383026123 -17.84107780456543
v -22.931310653686523 -5.2659950256347656 -17.84107780456543
v -15.407406806945801 2.2579095363616943 -17.84107780456543
v -15.407406806945801 -2.7580268383026123 -17.84107780456543
v -15.407406806945801 -5.2659950256347656 -17.84107780456543
v -17.915374755859375 -2.7580268383026123 -17.84107780456543
v -17.915374755859375 -5.2659950256347656 -17.84107780456543
v -12.89943790435791 -2.7580268383026123 -17.84107780456543
v -12.89943790435791 2.2579095363616943 -17.84107780456543
v -15.407406806945801 -0.25005865097045898 -17.84107780456543
v -12.89943790435791 -0.25005865097045898 -17.84107780456543
v -15.407406806945801 7.2738461494445801 -17.84107780456543
v -12.89943790435791 7.2738461494445801 -17.84107780456543
v -15.407406806945801 4.7658777236938477 -17.84107780456543
v -12.89943790435791 4.7658777236938477 -17.84107780456543
v -15.407406806945801 9.7818145751953125 -17.84107780456543
v -20.423343658447266 9.7818145751953125 -17.84107780456543
v -17.915374755859375 7.2738461494445801 -17.84107780456543
v -17.915374755859375 9.7818145751953125 -17.84107780456543
v -22.931310653686523 7.2738461494445801 -17.84107780456543
v -22.931310653686523 9.7818145751953125 -17.84107780456543
v -26.180265426635742 12.226898193359375 -16.361091613769531
v -28.097248077392578 10.838939666748047 -16.361091613769531
v -28.912971496582031 10.032811164855957 -16.361091613769531
v -30.281467437744141 8.2026786804199219 -16.361091613769531
v -29.644439697265625 9.1495189666748047 -16.361091613769531
v -30.810569763183594 7.2206134796142578 -16.361091613769531
v -31.572109222412109 5.126340389251709 -16.361091613769531
v -31.242134094238281 6.1919474601745605 -16.361091613769531
v -31.915882110595703 2.9245812892913818 -16.361091613769531
v -31.797397613525391 4.0337986946105957 -16.361091613769531
v -31.926450729370117 1.8091037273406982 -16.361091613769531
v -31.829002380371094 0.69784051179885864 -16.361091613769531
v -31.624456405639648 -0.39877352118492126 -16.361091613769531
v -30.392332077026367 -3.4990131855010986 -16.361091613769531
v -30.874305725097656 -2.5691285133361816 -16.361091613769531
v -29.725337982177734 -4.5241107940673828 -16.361091613769531
v -31.314729690551758 -1.4704411029815674 -16.361091613769531
v -28.198244094848633 -6.231719970703125 -16.361091613769531
v -29.004373550415039 -5.4159955978393555 -16.361091613769531
v -25.38604736328125 -8.1293163299560547 -16.361091613769531
v -26.368112564086914 -7.600214958190918 -16.361091613769531
v -24.357379913330078 -8.5608816146850586 -16.361091613769531
v -27.314952850341797 -6.9631867408752441 -16.361091613769531
v -21.090015411376953 -9.2346296310424805 -16.361091613769531
v -22.19923210144043 -9.116145133972168 -16.361091613769531
v -19.974536895751953 -9.2451972961425781 -16.361091613769531
v -17.766660690307617 -8.9432039260864258 -16.361091613769531
v -18.863273620605469 -9.1477508544921875 -16.361091613769531
v -15.596304893493652 -8.1930522918701172 -16.361091613769531
v -16.694992065429688 -8.6334772109985352 -16.361091613769531
v -23.291774749755859 -8.8908576965332031 -16.361091613769531
v -14.666419982910156 -7.7110791206359863 -16.361091613769531
v -13.641323089599609 -7.0440850257873535 -16.361091613769531
v -12.74943733215332 -6.3231205940246582 -16.361091613769531
v -11.933713912963867 -5.5169920921325684 -16.361091613769531
v -10.565218925476074 -3.6868598461151123 -16.361091613769531
v -11.20224666595459 -4.633699893951416 -16.361091613769531
v -10.036116600036621 -2.7047939300537109 -16.361091613769531
v -9.6045513153076172 -1.6761281490325928 -16.361091613769531
v -8.9308042526245117 1.5912379026412964 -16.361091613769531
v -9.0492887496948242 0.48202046751976013 -16.361091613769531
v -8.9202356338500977 2.7067155838012695 -16.361091613769531
v -9.2745761871337891 -0.61052125692367554 -16.361091613769531
v -9.0176830291748047 3.8179788589477539 -16.361091613769531
v -9.2222299575805664 4.9145927429199219 -16.361091613769531
v -9.972381591796875 7.0849480628967285 -16.361091613769531
v -9.531956672668457 5.9862604141235352 -16.361091613769531
v -11.12134838104248 9.0399303436279297 -16.361091613769531
v -10.454354286193848 8.0148324966430664 -16.361091613769531
v -11.842312812805176 9.9318151473999023 -16.361091613769531
v -13.531733512878418 11.479005813598633 -16.361091613769531
v -12.648441314697266 10.747538566589355 -16.361091613769531
v -14.478573799133301 12.116034507751465 -16.361091613769531
v -16.48930549621582 13.076701164245605 -16.361091613769531
v -15.460638999938965 12.645135879516602 -16.361091613769531
v -17.554912567138672 13.406676292419434 -16.361091613769531
v -20.872148513793945 13.761016845703125 -16.361091613769531
v -19.756671905517578 13.750448226928711 -16.361091613769531
v -21.98341178894043 13.663569450378418 -16.361091613769531
v -25.250381469726563 12.708871841430664 -16.361091613769531
v -24.151693344116211 13.149295806884766 -16.361091613769531
v -23.080026626586914 13.459022521972656 -16.361091613769531
v -18.647453308105469 13.631964683532715 -16.361091613769531
v 0.0012795421062037349 -12.595845222473145 1.918010639201384E-09
v 0.00065487023675814271 -6.2979226112365723 2.2489530238090083E-09
v 3.0198296371963806E-05 3.0677256290800869E-09 2.5798954084166326E-09
v 0.00059418112505227327 -6.2623820304870605 0.66813075542449951
v 0.00053132249740883708 -6.164827823638916 1.2879164218902588
v 0.00046334051876328886 -6.0060892105102539 1.8949199914932251
v 0.0003909098741132766 -5.7877421379089355 2.4831171035766602
v 0.00031513316207565367 -5.513451099395752 3.0439586639404297
v 0.00023820651404093951 -5.1929445266723633 3.5633068084716797
v 0.0001591848413227126 -4.8236756324768066 4.0491952896118164
v 7.8810211562085897E-05 -4.4091119766235352 4.4970612525939941
v -2.1626810848829336E-06 -3.9531466960906982 4.9026994705200195
v -8.2973478129133582E-05 -3.4600605964660645 5.2623004913330078
v -0.00016286337631754577 -2.9344844818115234 5.5724887847900391
v -0.000241082176216878 -2.3813531398773193 5.830350399017334
v -0.00031689542811363935 -1.8058607578277588 6.0334644317626953
v -0.00038959120865911245 -1.2134112119674683 6.1799240112304688
v -0.00046256146742962301 -0.57240325212478638 6.2718563079833984
v -0.00052293558837845922 -5.2163098729351987E-08 6.2979226112365723
v -0.00058777106460183859 0.66813069581985474 6.2623820304870605
v -0.00064239749917760491 1.2879164218902588 6.164827823638916
v -0.00069049856392666698 1.8949198722839355 6.0060892105102539
v -0.00073159672319889069 2.4831168651580811 5.7877421379089355
v -0.00076513673411682248 3.0439586639404297 5.513451099395752
v -0.00079051335342228413 3.5633068084716797 5.1929445266723633
v -0.00080832524690777063 4.0491952896118164 4.8236756324768066
v -0.00081840506754815578 4.4970612525939941 4.4091119766235352
v -0.00082065828610211611 4.9026994705200195 3.9531466960906982
v -0.00081506359856575727 5.2623004913330078 3.4600605964660645
v -0.00080167362466454506 5.5724887847900391 2.9344844818115234
v -0.00078061409294605255 5.830350399017334 2.3813531398773193
v -0.0007520827348344028 6.0334644317626953 1.8058607578277588
v -0.00071634748019278049 6.1799240112304688 1.2134112119674683
v -0.00067092472454532981 6.2718563079833984 0.5724031925201416
v -0.00062467192765325308 6.2979226112365723 3.3098274121456939E-10
v -0.00056398281594738364 6.2623820304870605 -0.66813075542449951
v -0.00050112418830394745 6.164827823638916 -1.2879164218902588
v -0.00043314220965839922 6.0060892105102539 -1.8949199914932251
v -0.00036071156500838697 5.7877421379089355 -2.4831171035766602
v -0.0002849348820745945 5.513451099395752 -3.0439586639404297
v -0.00020800821948796511 5.1929445266723633 -3.5633068084716797
v -0.0001289865467697382 4.8236756324768066 -4.0491952896118164
v -4.8611913371132687E-05 4.4091119766235352 -4.4970612525939941
v 3.2360978366341442E-05 3.9531466960906982 -4.9026994705200195
v 0.0001131717799580656 3.4600605964660645 -5.2623004913330078
v 0.00019306167087052017 2.9344844818115234 -5.5724887847900391
v 0.0002712804707698524 2.3813531398773193 -5.830350399017334
v 0.00034709370811469853 1.8058607578277588 -6.0334644317626953
v 0.00041978948866017163 1.2134112119674683 -6.1799240112304688
v 0.00049275974743068218 0.57240325212478638 -6.2718563079833984
v 0.00055313389748334885 5.5230877649137256E-08 -6.2979226112365723
v 0.00061796937370672822 -0.66813069581985474 -6.2623820304870605
v 0.00067259580828249454 -1.2879164218902588 -6.164827823638916
v 0.00072069681482389569 -1.8949198722839355 -6.0060892105102539
v 0.00076179503230378032 -2.4831168651580811 -5.7877421379089355
v 0.0007953349850140512 -3.0439586639404297 -5.513451099395752
v 0.00082071166252717376 -3.5633068084716797 -5.1929445266723633
v 0.00083852355601266026 -4.0491952896118164 -4.8236756324768066
v 0.00084860337665304542 -4.4970612525939941 -4.4091119766235352
v 0.00085085653699934483 -4.9026994705200195 -3.9531466960906982
v 0.00084526190767064691 -5.2623004913330078 -3.4600605964660645
v 0.00083187193376943469 -5.5724887847900391 -2.9344844818115234
v 0.00081081240205094218 -5.830350399017334 -2.3813531398773193
v 0.00078228104393929243 -6.0334644317626953 -1.8058607578277588
v 0.00074654573109000921 -6.1799240112304688 -1.2134112119674683
v 0.00070112303365021944 -6.2718563079833984 -0.5724031925201416
v 0.0011900034733116627 -12.556027412414551 1.0007419586181641
v 0.0010929411510005593 -12.436826705932617 1.99515700340271
v 0.00098896888084709644 -12.238996505737305 2.9769580364227295
v 0.0008787440019659698 -11.963787078857422 3.9399375915527344
v 0.00076296349288895726 -11.61293888092041 4.8780078887939453
v 0.00064235925674438477 -11.18867015838623 5.7852373123168945
v 0.00051769381389021873 -10.693662643432617 6.655890941619873
v 0.00038975535426288843 -10.131047248840332 7.484464168548584
v 0.00025935276062227786 -9.5043792724609375 8.2657175064086914
v 0.00012731041351798922 -8.8176212310791016 8.9947128295898438
v -5.536811841011513E-06 -8.0751161575317383 9.6668405532836914
v -0.000138349030748941 -7.281557559967041 10.277852058410645
v -0.00027028657495975494 -6.4419622421264648 10.823883056640625
v -0.00040051527321338654 -5.5616388320922852 11.301481246948242
v -0.00052821176359429955 -4.6461529731750488 11.707629203796387
v -0.00065256876405328512 -3.7012927532196045 12.039756774902344
v -0.00077280000550672412 -2.7330315113067627 12.29576587677002
v -0.00088814535411074758 -1.7474913597106934 12.47403621673584
v -0.00099787558428943157 -0.75090301036834717 12.573442459106445
v -0.0011012968607246876 0.25043284893035889 12.593355178833008
v -0.0011977554531767964 1.2501853704452515 12.533648490905762
v -0.001286641345359385 2.2420337200164795 12.394700050354004
v -0.0013673928333446383 3.2197074890136719 12.177389144897461
v -0.0014394990867003798 4.1770248413085938 11.883088111877441
v -0.0015025044558569789 5.1079339981079102 11.51365852355957
v -0.0015560104511678219 6.0065488815307617 11.07143497467041
v -0.0015996788861230016 6.8671889305114746 10.559215545654297
v -0.0016332336235791445 7.6844120025634766 9.9802370071411133
v -0.0016564624384045601 8.4530515670776367 9.3381595611572266
v -0.0016692186472937465 9.1682491302490234 8.6370439529418945
v -0.0016714215744286776 9.8254814147949219 7.881321907043457
v -0.0016630571335554123 10.42059326171875 7.0757718086242676
v -0.0016441784100607038 10.949823379516602 6.2254862785339355
v -0.0016149046132341027 11.409825325012207 5.335841178894043
v -0.001575420843437314 11.797690391540527 4.4124612808227539
v -0.0015259768115356565 12.110966682434082 3.4611842632293701
v -0.0014668849762529135 12.347673416137695 2.4880244731903076
v -0.0013985191471874714 12.506314277648926 1.4991346597671509
v -0.00132131134159863 12.58588695526123 0.50076693296432495
v -0.0012357498053461313 12.58588695526123 -0.50076693296432495
v -0.0011423754040151834 12.506315231323242 -1.4991346597671509
v -0.0010417785961180925 12.347673416137695 -2.4880244731903076
v -0.00093459535855799913 12.110966682434082 -3.4611842632293701
v -0.000821503228507936 11.797690391540527 -4.4124612808227539
v -0.000703217345289886 11.409825325012207 -5.335841178894043
v -0.00058048550272360444 10.949823379516602 -6.2254862785339355
v -0.00045408360892906785 10.42059326171875 -7.0757718086242676
v -0.00032481085509061813 9.8254814147949219 -7.881321907043457
v -0.00019348454952705652 9.1682491302490234 -8.6370439529418945
v -6.0934977227589116E-05 8.4530515670776367 -9.3381595611572266
v 7.1999849751591682E-05 7.6844120025634766 -9.9802370071411133
v 0.00020447946735657752 6.8671889305114746 -10.559215545654297
v 0.00033566629281267524 6.0065493583679199 -11.07143497467041
v 0.00046473095426335931 5.1079339981079102 -11.51365852355957
v 0.00059085740940645337 4.177025318145752 -11.883088111877441
v 0.00071324827149510384 3.2197074890136719 -12.177389144897461
v 0.00083112978609278798 2.2420339584350586 -12.394700050354004
v 0.00094375660410150886 1.2501856088638306 -12.533648490905762
v 0.0010504167294129729 0.2504330575466156 -12.593355178833008
v 0.0011504356516525149 -0.75090277194976807 -12.573442459106445
v 0.0012431812938302755 -1.7474911212921143 -12.47403621673584
v 0.0013280670391395688 -2.7330312728881836 -12.29576587677002
v 0.0014045564457774162 -3.7012925148010254 -12.039756774902344
v 0.0014721656916663051 -4.6461529731750488 -11.707629203796387
v 0.0015304674161598086 -5.5616388320922852 -11.301481246948242
v 0.0015790930483490229 -6.4419617652893066 -10.823883056640625
v 0.0016177352517843246 -7.2815570831298828 -10.277852058410645
v 0.0016461494378745556 -8.0751161575317383 -9.6668405532836914
v 0.0016641563270241022 -8.8176212310791016 -8.9947128295898438
v 0.0016716417158022523 -9.5043792724609375 -8.2657175064086914
v 0.0016685585724189878 -10.131047248840332 -7.484464168548584
v 0.0016549262218177319 -10.693662643432617 -6.655890941619873
v 0.0016308308113366365 -11.18867015838623 -5.7852373123168945
v 0.0015964248450472951 -11.61293888092041 -4.8780078887939453
v 0.0015519257867708802 -11.963787078857422 -3.9399375915527344
v 0.0014976148959249258 -12.238996505737305 -2.9769580364227295
v 0.0014338357141241431 -12.436826705932617 -1.99515700340271
v 0.001360991271212697 -12.556027412414551 -1.0007419586181641
v 0.00087617256212979555 -9.3935728073120117 1.0021960735321045
v 0.00062538729980587959 -6.2890310287475586 0.33453765511512756
v 0.00096720620058476925 -9.4468841552734375 2.0834818315051962E-09
v 0.00092298176605254412 -9.4335470199584961 0.50180649757385254
v 0.0007818845915608108 -9.2472410202026367 1.9318746328353882
v 0.00056343246251344681 -6.2213277816772461 0.97923916578292847
v 0.00083004956832155585 -9.3319911956787109 1.4688587188720703
v 0.0006799116381444037 -9.0091333389282227 2.8423800468444824
v 0.00049793085781857371 -6.0930218696594238 1.5933961868286133
v 0.00073179713217541575 -9.1395330429077148 2.3900942802429199
v 0.00057126564206555486 -8.6816129684448242 3.7246756553649902
v 0.00042763730743899941 -5.9042448997497559 2.1917393207550049
v 0.00062635680660605431 -8.8563671112060547 3.2876088619232178
v 0.00045760060311295092 -8.270176887512207 4.5659379959106445
v 0.0003534373827278614 -5.6575503349304199 2.7669389247894287
v 0.00051505694864317775 -8.4863262176513672 4.1504082679748535
v 0.00034221060923300683 -7.7894167900085449 5.3449602127075195
v 0.00027697740006260574 -5.359492301940918 3.3075172901153564
v 0.00040036696009337902 -8.0392389297485352 4.9612760543823242
v 0.00022367812925949693 -7.2355136871337891 6.0737929344177246
v 0.00019891155534423888 -5.0141992568969727 3.8107264041900635
v 0.00028326819301582873 -7.5212984085083008 5.7160897254943848
v 0.00010311616642866284 -6.6136684417724609 6.7455916404724121
v 0.0001191196934087202 -4.6218218803405762 4.2781524658203125
v 0.00016358039283659309 -6.9327330589294434 6.4172286987304688
v -1.8343169358558953E-05 -5.9297199249267578 7.3540487289428711
v 3.8351074181264266E-05 -4.1860456466674805 4.705406665802002
v 4.2427462176419795E-05 -6.2790684700012207 7.0581097602844238
v -0.00013955937174614519 -5.1900911331176758 7.8934512138366699
v -4.2635889258235693E-05 -3.7109620571136475 5.0884761810302734
v -7.9052981163840741E-05 -5.5664429664611816 7.6327142715454102
v -0.00025939420447684824 -4.4017267227172852 8.3587331771850586
v -0.00012308071018196642 -3.2010321617126465 5.423764705657959
v -0.00019972021982539445 -4.8015480041503906 8.1356468200683594
v -0.00037672242615371943 -3.5720298290252686 8.7455253601074219
v -0.00020222800958435982 -2.6610441207885742 5.7081232070922852
v -0.00031844116165302694 -3.9915661811828613 8.5621852874755859
v -0.00049044226761907339 -2.7087912559509277 9.050196647644043
v -0.00027933460660278797 -2.0960688591003418 5.9388823509216309
v -0.00043410103535279632 -3.1441030502319336 8.9083232879638672
v -0.00059948593843728304 -1.8201168775558472 9.2698860168457031
v -0.00035367641248740256 -1.5114110708236694 6.1138749122619629
v -0.00054561375873163342 -2.2671165466308594 9.1708126068115234
v -0.00070894137024879456 -0.85860490798950195 9.4077844619750977
v -0.00042666052468121052 -0.89408957958221436 6.2341346740722656
v -0.00065508997067809105 -1.3411344289779663 9.3512020111083984
v -0.00079950253712013364 -7.9778509132211184E-08 9.4468841552734375
v -0.00049327482702210546 -0.28649824857711792 6.2914028167724609
v -0.000755011395085603 -0.42974737286567688 9.4371042251586914
v -0.00089675572235137224 1.0021959543228149 9.3935728073120117
v -0.00055615982273593545 0.33453762531280518 6.2890310287475586
v -0.00084933888865634799 0.50180643796920776 9.4335470199584961
v -0.0009786954615265131 1.9318746328353882 9.2472410202026367
v -0.00061586755327880383 0.97923910617828369 6.2213277816772461
v -0.0009389004553668201 1.4688587188720703 9.3319911956787109
v -0.0010508470004424453 2.8423798084259033 9.0091333389282227
v -0.00066729512764140964 1.5933961868286133 6.0930218696594238
v -0.0010160418460145593 2.3900942802429199 9.1395330429077148
v -0.0011124942684546113 3.7246754169464111 8.6816129684448242
v -0.0007119501824490726 2.1917390823364258 5.9042448997497559
v -0.0010830244282260537 3.2876088619232178 8.8563671112060547
v -0.0011628041975200176 4.5659379959106445 8.270176887512207
v -0.00074930628761649132 2.7669386863708496 5.6575503349304199
v -0.0011390586150810122 4.1504082679748535 8.4863262176513672
v -0.0012008692137897015 5.3449602127075195 7.7894167900085449
v -0.00077875738497823477 3.3075172901153564 5.359492301940918
v -0.0011832352029159665 4.9612760543823242 8.0392379760742188
v -0.0012275869958102703 6.0737924575805664 7.2355136871337891
v -0.00080037704901769757 3.8107264041900635 5.0141992568969727
v -0.0012156646698713303 5.7160897254943848 7.5212984085083008
v -0.0012427067849785089 6.7455916404724121 6.6136679649353027
v -0.000814339320641011 4.2781524658203125 4.6218218803405762
v -0.0012366081355139613 6.4172286987304688 6.9327330589294434
v -0.0012460865546017885 7.3540487289428711 5.9297199249267578
v -0.00082051305798813701 4.705406665802002 4.1860456466674805
v -0.0012458687415346503 7.0581097602844238 6.2790684700012207
v -0.0012376945232972503 7.8934512138366699 5.1900911331176758
v -0.00081884034443646669 5.0884761810302734 3.7109620571136475
v -0.0012433596421033144 7.6327142715454102 5.5664429664611816
v -0.0012176096206530929 8.3587331771850586 4.4017267227172852
v -0.00080933683784678578 5.423764705657959 3.2010319232940674
v -0.0012291044695302844 8.1356468200683594 4.8015480041503906
v -0.0011860203230753541 8.7455253601074219 3.5720298290252686
v -0.00079209188697859645 5.7081232070922852 2.6610441207885742
v -0.0012032369850203395 8.5621852874755859 3.9915661811828613
v -0.001143223256804049 9.050196647644043 2.7087912559509277
v -0.00076726725092157722 5.9388823509216309 2.0960686206817627
v -0.0011660000309348106 8.9083232879638672 3.1441030502319336
v -0.0010896202875301242 9.2698860168457031 1.8201167583465576
v -0.00073509616777300835 6.1138749122619629 1.5114110708236694
v -0.0011177434353157878 9.1708126068115234 2.2671165466308594
v -0.0010214862413704395 9.4077844619750977 0.8586047887802124
v -0.00069457455538213253 6.2341341972351074 0.89408957958221436
v -0.0010569610167294741 9.3512020111083984 1.3411343097686768
v -0.00095210707513615489 9.4468841552734375 -7.9347362014203782E-10
v -0.00064848532201722264 6.2914028167724609 0.28649818897247314
v -0.00098782707937061787 9.4371042251586914 0.4297473132610321
v -0.00086107337847352028 9.3935728073120117 -1.0021960735321045
v -0.00059518899070098996 6.2890310287475586 -0.33453765511512756
v -0.00090788264060392976 9.4335470199584961 -0.50180649757385254
v -0.00076678546611219645 9.2472410202026367 -1.9318746328353882
v -0.00053323421161621809 6.2213277816772461 -0.97923916578292847
v -0.00081495044287294149 9.3319911956787109 -1.4688587188720703
v -0.00066481245448812842 9.0091333389282227 -2.8423800468444824
v -0.00046773257781751454 6.0930218696594238 -1.5933961868286133
v -0.0007166980067268014 9.1395330429077148 -2.3900942802429199
v -0.0005561665166169405 8.6816129684448242 -3.7246756553649902
v -0.00039743899833410978 5.9042448997497559 -2.1917393207550049
v -0.00061125762294977903 8.8563671112060547 -3.2876088619232178
v -0.00044250144856050611 8.270176887512207 -4.5659379959106445
v -0.00032323907362297177 5.6575503349304199 -2.7669389247894287
v -0.00049995776498690248 8.4863262176513672 -4.1504082679748535
v -0.00032711145468056202 7.7894167900085449 -5.3449602127075195
v -0.00024677912006154656 5.359492301940918 -3.3075172901153564
v -0.00038526780554093421 8.0392389297485352 -4.9612760543823242
v -0.00020857897470705211 7.2355136871337891 -6.0737929344177246
v -0.00016871326079126447 5.0141992568969727 -3.8107264041900635
v -0.00026816903846338391 7.5212984085083008 -5.7160897254943848
v -8.8017019152175635E-05 6.6136684417724609 -6.7455916404724121
v -8.8921398855745792E-05 4.6218218803405762 -4.2781524658203125
v -0.0001484812528360635 6.9327330589294434 -6.4172286987304688
v 3.3442316635046154E-05 5.9297199249267578 -7.3540487289428711
v -8.1527768998057581E-06 4.1860456466674805 -4.705406665802002
v -2.732831308094319E-05 6.2790684700012207 -7.0581097602844238
v 0.00015465851174667478 5.1900911331176758 -7.8934512138366699
v 7.2834183811210096E-05 3.7109620571136475 -5.0884761810302734
v 9.4152128440327942E-05 5.5664429664611816 -7.6327142715454102
v 0.00027449335902929306 4.4017267227172852 -8.3587331771850586
v 0.00015327900473494083 3.2010321617126465 -5.423764705657959
v 0.00021481935982592404 4.8015480041503906 -8.1356468200683594
v 0.00039182155160233378 3.5720298290252686 -8.7455253601074219
v 0.00023242630413733423 2.6610441207885742 -5.7081232070922852
v 0.00033354031620547175 3.9915661811828613 -8.5621852874755859
v 0.00050554145127534866 2.7087912559509277 -9.050196647644043
v 0.00030953288660384715 2.0960688591003418 -5.9388823509216309
v 0.00044920018990524113 3.1441030502319336 -8.9083232879638672
v 0.00061458512209355831 1.8201168775558472 -9.2698860168457031
v 0.00038387472159229219 1.5114110708236694 -6.1138749122619629
v 0.0005607129423879087 2.2671165466308594 -9.1708126068115234
v 0.00072404049569740891 0.85860490798950195 -9.4077844619750977
v 0.00045685883378610015 0.89408963918685913 -6.2341346740722656
v 0.00067018909612670541 1.3411344289779663 -9.3512020111083984
v 0.000814601662568748 8.1312457211879519E-08 -9.4468841552734375
v 0.00052347313612699509 0.28649824857711792 -6.2914028167724609
v 0.00077011052053421736 0.42974737286567688 -9.4371042251586914
v 0.00091185490600764751 -1.0021959543228149 -9.3935728073120117
v 0.00058635813184082508 -0.33453759551048279 -6.2890310287475586
v 0.00086443801410496235 -0.50180643796920776 -9.4335470199584961
v 0.00099379452876746655 -1.9318746328353882 -9.2472410202026367
v 0.00064606586238369346 -0.97923910617828369 -6.2213277816772461
v 0.00095399963902309537 -1.4688587188720703 -9.3319911956787109
v 0.0010659460676833987 -2.8423798084259033 -9.0091333389282227
v 0.00069749343674629927 -1.5933961868286133 -6.0930218696594238
v 0.0010311410296708345 -2.3900942802429199 -9.1395330429077148
v 0.0011275933356955647 -3.7246754169464111 -8.6816129684448242
v 0.00074214843334630132 -2.1917390823364258 -5.9042448997497559
v 0.0010981234954670072 -3.2876088619232178 -8.8563671112060547
v 0.0011779033811762929 -4.5659379959106445 -8.270176887512207
v 0.00077950459672138095 -2.7669386863708496 -5.6575503349304199
v 0.0011541576823219657 -4.1504082679748535 -8.4863262176513672
v 0.0012159683974459767 -5.3449602127075195 -7.7894167900085449
v 0.0008089556940831244 -3.3075172901153564 -5.359492301940918
v 0.0011983343865722418 -4.9612760543823242 -8.0392379760742188
v 0.0012426861794665456 -6.0737924575805664 -7.2355136871337891
v 0.0008305753581225872 -3.8107264041900635 -5.0141992568969727
v 0.0012307638535276055 -5.7160897254943848 -7.5212984085083008
v 0.0012578059686347842 -6.7455916404724121 -6.6136679649353027
v 0.00084453757153823972 -4.2781524658203125 -4.6218218803405762
v 0.0012517072027549148 -6.4172286987304688 -6.9327330589294434
v 0.0012611857382580638 -7.3540487289428711 -5.9297199249267578
v 0.00085071136709302664 -4.705406665802002 -4.1860456466674805
v 0.0012609679251909256 -7.0581097602844238 -6.2790684700012207
v 0.0012527937069535255 -7.8934512138366699 -5.1900911331176758
v 0.00084903865354135633 -5.0884761810302734 -3.7109620571136475
v 0.0012584588257595897 -7.6327142715454102 -5.5664429664611816
v 0.0012327086878940463 -8.3587331771850586 -4.4017267227172852
v 0.00083953514695167542 -5.423764705657959 -3.2010319232940674
v 0.0012442036531865597 -8.1356468200683594 -4.8015480041503906
v 0.0012011193903163075 -8.7455253601074219 -3.5720298290252686
v 0.00082229013787582517 -5.7081232070922852 -2.6610441207885742
v 0.0012183360522612929 -8.5621852874755859 -3.9915661811828613
v 0.0011583223240450025 -9.050196647644043 -2.7087912559509277
v 0.00079746556002646685 -5.9388823509216309 -2.0960686206817627
v 0.0011810992145910859 -8.9083232879638672 -3.1441030502319336
v 0.0011047194711863995 -9.2698860168457031 -1.8201167583465576
v 0.00076529447687789798 -6.1138749122619629 -1.5114110708236694
v 0.0011328425025567412 -9.1708126068115234 -2.2671165466308594
v 0.0010365854250267148 -9.4077844619750977 -0.8586047887802124
v 0.00072477286448702216 -6.2341341972351074 -0.89408957958221436
v 0.0010720602003857493 -9.3512020111083984 -1.3411343097686768
v 0.00067868357291445136 -6.2914028167724609 -0.28649818897247314
v 0.0010029262630268931 -9.4371042251586914 -0.4297473132610321
v -4.9487996101379395 -12.209404945373535 -0.00042288258555345237
v -3.480745792388916 -12.415969848632813 -0.00029746774816885591
v -3.4832682609558105 12.415262222290039 -0.00029747153166681528
v -3.4809463024139404 -0.00035361197660677135 -12.415913581848145
v -4.9488916397094727 -12.16639518737793 1.0234636068344116
v -4.9489917755126953 -12.037670135498047 2.0401360988616943
v -4.949099063873291 -11.824136734008789 3.0424318313598633
v -4.9492130279541016 -11.527298927307129 4.0232892036437988
v -4.9493327140808105 -11.149248123168945 4.9757966995239258
v -4.9494576454162598 -10.692647933959961 5.8932442665100098
v -4.9495863914489746 -10.16071605682373 6.769167423248291
v -4.9497184753417969 -9.5571994781494141 7.5973949432373047
v -3.4806663990020752 -12.377696990966797 -0.97441548109054565
v -3.4805953502655029 -12.263113021850586 -1.9425277709960938
v -3.4805331230163574 -12.072925567626953 -2.8986654281616211
v -3.4804797172546387 -11.808306694030762 -3.8369338512420654
v -3.480435848236084 -11.470887184143066 -4.7515478134155273
v -3.4804017543792725 -11.062748908996582 -5.6368694305419922
v -3.4803774356842041 -10.586406707763672 -6.4874391555786133
v -3.480363130569458 -10.044797897338867 -7.2980136871337891
v -3.4803590774536133 -9.4412622451782227 -8.0635948181152344
v -3.4803652763366699 -8.7795200347900391 -8.7794637680053711
v -3.4803814888000488 -8.0636510848999023 -9.4412059783935547
v -3.4804074764251709 -7.2980694770812988 -10.044741630554199
v -3.4804437160491943 -6.4874954223632813 -10.586350440979004
v -3.4804892539978027 -5.636925220489502 -11.062692642211914
v -3.4805443286895752 -4.7516040802001953 -11.470830917358398
v -3.4806084632873535 -3.8369898796081543 -11.808250427246094
v -3.4806811809539795 -2.8987216949462891 -12.072869300842285
v -3.4807620048522949 -1.9425839185714722 -12.263056755065918
v -3.4808506965637207 -0.97447162866592407 -12.377640724182129
v -3.481048583984375 0.97376441955566406 -12.377640724182129
v -3.4811568260192871 1.9418766498565674 -12.263056755065918
v -3.4812700748443604 2.8980143070220947 -12.072869300842285
v -3.4813880920410156 3.8362827301025391 -11.808250427246094
v -3.4815096855163574 4.7508969306945801 -11.470830917358398
v -3.4816346168518066 5.6362180709838867 -11.062692642211914
v -3.4817616939544678 6.4867877960205078 -10.586350440979004
v -3.4818902015686035 7.2973623275756836 -10.044741630554199
v -3.4820196628570557 8.0629444122314453 -9.4412059783935547
v -3.4821488857269287 8.7788124084472656 -8.7794637680053711
v -3.4822771549224854 9.4405546188354492 -8.0635948181152344
v -3.4824039936065674 10.044090270996094 -7.2980136871337891
v -3.4825282096862793 10.585699081420898 -6.4874391555786133
v -3.4826493263244629 11.062041282653809 -5.6368694305419922
v -3.4827663898468018 11.470179557800293 -4.7515478134155273
v -3.4828786849975586 11.807599067687988 -3.8369338512420654
v -3.4829857349395752 12.07221794128418 -2.8986654281616211
v -3.4830868244171143 12.262405395507813 -1.9425277709960938
v -3.4831812381744385 12.376989364624023 -0.97441548109054565
v -3.4833476543426514 12.376989364624023 0.97382056713104248
v -3.4834187030792236 12.262405395507813 1.9419327974319458
v -3.4834809303283691 12.07221794128418 2.8980705738067627
v -3.4835343360900879 11.807599067687988 3.836338996887207
v -3.4835782051086426 11.470179557800293 4.750953197479248
v -3.4836122989654541 11.062041282653809 5.6362743377685547
v -3.4836366176605225 10.585699081420898 6.4868440628051758
v -3.4836509227752686 10.044090270996094 7.2974185943603516
v -3.4836549758911133 9.4405546188354492 8.0629997253417969
v -3.4836487770080566 8.7788124084472656 8.7788686752319336
v -3.4836325645446777 8.0629434585571289 9.4406108856201172
v -3.4836065769195557 7.2973623275756836 10.044146537780762
v -3.4835703372955322 6.4867877960205078 10.585755348205566
v -3.4835245609283447 5.6362180709838867 11.062097549438477
v -3.4834697246551514 4.7508969306945801 11.470235824584961
v -3.483405590057373 3.83628249168396 11.807655334472656
v -3.4833328723907471 2.8980140686035156 12.072274208068848
v -3.4832520484924316 1.9418764114379883 12.26246166229248
v -3.4831633567810059 0.97376418113708496 12.377045631408691
v -3.4830677509307861 -0.00035382367786951363 12.415318489074707
v -3.4829654693603516 -0.9744718074798584 12.377045631408691
v -3.4828572273254395 -1.9425840377807617 12.26246166229248
v -3.4827439785003662 -2.8987219333648682 12.072274208068848
v -3.4826259613037109 -3.8369901180267334 11.807655334472656
v -3.4825043678283691 -4.7516045570373535 11.470235824584961
v -3.4823794364929199 -5.6369256973266602 11.062097549438477
v -3.4822523593902588 -6.4874954223632813 10.585755348205566
v -3.482123851776123 -7.298069953918457 10.044146537780762
v -3.4819943904876709 -8.0636510848999023 9.4406108856201172
v -3.4818651676177979 -8.7795200347900391 8.7788686752319336
v -3.4817368984222412 -9.4412622451782227 8.0629997253417969
v -3.4816100597381592 -10.044797897338867 7.2974185943603516
v -3.4814858436584473 -10.586406707763672 6.4868440628051758
v -3.4813647270202637 -11.062748908996582 5.6362743377685547
v -3.4812476634979248 -11.470887184143066 4.750953197479248
v -3.481135368347168 -11.808306694030762 3.836338996887207
v -3.4810283184051514 -12.072925567626953 2.8980705738067627
v -3.4809272289276123 -12.263113021850586 1.9419327974319458
v -3.4808328151702881 -12.377696990966797 0.97382056713104248
v -3.484562873840332 -9.8192405700683594 7.5975198745727539
v -3.4846217632293701 -9.3179721832275391 8.2045488357543945
v -3.4846780300140381 -8.779240608215332 8.7785882949829102
v -3.4847216606140137 -8.31964111328125 9.2153034210205078
v -3.4847633838653564 -7.8386664390563965 9.6277256011962891
v -3.4848031997680664 -7.3372783660888672 10.015073776245117
v -3.4848413467407227 -6.8164377212524414 10.376565933227539
v -3.4848771095275879 -6.2778224945068359 10.710997581481934
v -3.4849109649658203 -5.7232027053833008 11.017308235168457
v -3.4849424362182617 -5.1536788940429688 11.294924736022949
v -3.4849715232849121 -4.570350170135498 11.543276786804199
v -3.4849963188171387 -4.0204744338989258 11.746097564697266
v -3.4850189685821533 -3.4625778198242188 11.922468185424805
v -3.4850394725799561 -2.8976178169250488 12.072206497192383
v -3.4850578308105469 -2.3265509605407715 12.195131301879883
v -3.4850738048553467 -1.7503342628479004 12.291057586669922
v -3.4850876331329346 -1.1699246168136597 12.359805107116699
v -3.4850990772247314 -0.58627885580062866 12.401190757751465
v -3.4851081371307373 -0.00035403095535002649 12.415031433105469
v -3.4851148128509521 0.58557385206222534 12.401205062866211
v -3.4851193428039551 1.1692233085632324 12.359833717346191
v -3.4851212501525879 1.749637246131897 12.29110050201416
v -3.4851210117340088 2.3258588314056396 12.195186614990234
v -3.4851181507110596 2.8969314098358154 12.072275161743164
v -3.4851131439208984 3.461897611618042 11.922549247741699
v -3.4851055145263672 4.0198006629943848 11.746191024780273
v -3.485095739364624 4.5696835517883301 11.54338264465332
v -3.4850823879241943 5.1530261039733887 11.295040130615234
v -3.4850664138793945 5.7225637435913086 11.01743221282959
v -3.4850478172302246 6.2771973609924316 10.711129188537598
v -3.4850265979766846 6.8158268928527832 10.376704216003418
v -3.4850027561187744 7.3366818428039551 10.015217781066895
v -3.4849765300750732 7.8380842208862305 9.6278743743896484
v -3.484947681427002 8.3190727233886719 9.2154550552368164
v -3.4849166870117188 8.7786865234375 8.778742790222168
v -3.484874963760376 9.3174848556518555 8.2046480178833008
v -3.4848299026489258 9.818812370300293 7.5975570678710938
v -4.2171993255615234 -9.6885471343994141 7.5974574089050293
v -4.2183036804199219 9.6878166198730469 7.5974941253662109
v -4.95166015625 9.5561647415161133 7.5974311828613281
v -4.9516496658325195 10.197392463684082 6.7122669219970703
v -4.9516263008117676 10.756884574890137 5.7733011245727539
v -4.9515900611877441 11.230156898498535 4.7880587577819824
v -4.9515414237976074 11.613415718078613 3.764437198638916
v -4.9514808654785156 11.903589248657227 2.7106404304504395
v -4.951408863067627 12.098352432250977 1.6351144313812256
v -4.9513258934020996 12.19614315032959 0.54647976160049438
v -4.9512324333190918 12.196178436279297 -0.54653829336166382
v -4.9511294364929199 12.098458290100098 -1.6351792812347412
v -4.9510178565979004 11.903764724731445 -2.7107179164886475
v -4.9508981704711914 11.613658905029297 -3.764533519744873
v -4.9507718086242676 11.230465888977051 -4.788179874420166
v -4.9506397247314453 10.757257461547852 -5.7734522819519043
v -4.950502872467041 10.197826385498047 -6.7124543190002441
v -4.9503617286682129 9.5566558837890625 -7.5976600646972656
v -3.4832131862640381 9.8193521499633789 -7.5975275039672852
v -3.483161449432373 9.3177900314331055 -8.2049627304077148
v -3.4831123352050781 8.778717041015625 -8.7793684005737305
v -3.4830749034881592 8.3191013336181641 -9.2160806655883789
v -3.4830396175384521 7.8381104469299316 -9.6285009384155273
v -3.483006477355957 7.3367061614990234 -10.01584529876709
v -3.4829757213592529 6.8158488273620605 -10.377331733703613
v -3.4829471111297607 6.277216911315918 -10.711757659912109
v -3.4829208850860596 5.7225813865661621 -11.018059730529785
v -3.4828972816467285 5.1530413627624512 -11.29566764831543
v -3.4828760623931885 4.5696969032287598 -11.544010162353516
v -3.4828586578369141 4.0198121070861816 -11.746817588806152
v -3.4828436374664307 3.4619071483612061 -11.923175811767578
v -3.4828307628631592 2.8969392776489258 -12.072901725769043
v -3.4828202724456787 2.3258652687072754 -12.195812225341797
v -3.4828121662139893 1.749642014503479 -12.29172420501709
v -3.4828062057495117 1.1692265272140503 -12.360457420349121
v -3.4828026294708252 0.58557558059692383 -12.401827812194824
v -3.4828014373779297 -0.0003538004239089787 -12.415652275085449
v -3.4828026294708252 -0.58627963066101074 -12.401810646057129
v -3.4828062057495117 -1.1699262857437134 -12.360424041748047
v -3.4828121662139893 -1.750336766242981 -12.291675567626953
v -3.4828202724456787 -2.3265542984008789 -12.195747375488281
v -3.4828307628631592 -2.8976218700408936 -12.072822570800781
v -3.4828436374664307 -3.4625828266143799 -11.92308235168457
v -3.4828586578369141 -4.020479679107666 -11.746709823608398
v -3.4828760623931885 -4.5703563690185547 -11.543889045715332
v -3.4828972816467285 -5.1536850929260254 -11.295535087585449
v -3.4829208850860596 -5.7232093811035156 -11.017916679382324
v -3.4829471111297607 -6.2778286933898926 -10.711605072021484
v -3.4829757213592529 -6.8164443969726563 -10.377172470092773
v -3.4830067157745361 -7.337285041809082 -10.015679359436035
v -3.4830396175384521 -7.8386731147766113 -9.6283302307128906
v -3.4830749034881592 -8.3196468353271484 -9.2159061431884766
v -3.4831123352050781 -8.7792463302612305 -8.7791900634765625
v -3.483161449432373 -9.3180036544799805 -8.2051219940185547
v -3.4832131862640381 -9.8192920684814453 -7.5980606079101563
v -4.2168464660644531 9.6883316040039063 -7.5975937843322754
v -4.2158751487731934 -9.6885976791381836 -7.5981197357177734
v -4.9484200477600098 -9.5572490692138672 -7.5981788635253906
v -4.9484295845031738 -10.160754203796387 -6.7699551582336426
v -4.9484505653381348 -10.692676544189453 -5.8940377235412598
v -4.9484825134277344 -11.14926815032959 -4.9765973091125488
v -4.9485254287719727 -11.527312278747559 -4.0240974426269531
v -4.9485788345336914 -11.82414436340332 -3.0432488918304443
v -4.9486427307128906 -12.037673950195313 -2.0409624576568604
v -4.9487166404724121 -12.166396141052246 -1.0242995023727417
v -3.4806942939758301 -12.894428253173828 -0.00029746742802672088
v -3.4806427955627441 -13.37288761138916 -0.0002974670787807554
v -3.4833595752716064 13.372179985046387 -0.0002974711824208498
v -3.4805629253387451 -13.337212562561035 -0.97642976045608521
v -3.4804909229278564 -13.230381011962891 -1.9473539590835571
v -3.4804267883300781 -13.052961349487305 -2.9078898429870605
v -3.4803712368011475 -12.805899620056152 -3.852912425994873
v -3.4803242683410645 -12.49051570892334 -4.7773795127868652
v -3.4802861213684082 -12.108490943908691 -5.676358699798584
v -3.4802572727203369 -11.661863327026367 -6.5450539588928223
v -3.4802379608154297 -11.153017044067383 -7.3788299560546875
v -3.4802277088165283 -10.584667205810547 -8.1732387542724609
v -3.480226993560791 -9.9598445892333984 -8.9240407943725586
v -3.4802358150482178 -9.2818841934204102 -9.6272306442260742
v -3.4802539348602295 -8.5544023513793945 -10.279057502746582
v -3.4802815914154053 -7.7812814712524414 -10.876041412353516
v -3.4803183078765869 -6.9666457176208496 -11.414999961853027
v -3.4803640842437744 -6.1148419380187988 -11.893054962158203
v -3.4804184436798096 -5.2304143905639648 -12.307657241821289
v -3.4804813861846924 -4.3180828094482422 -12.656595230102539
v -3.4805521965026855 -3.382713794708252 -12.938005447387695
v -3.4806308746337891 -2.4292984008789063 -13.150387763977051
v -3.4807169437408447 -1.4629237651824951 -13.292609214782715
v -3.4808099269866943 -0.48874557018280029 -13.363909721374512
v -3.4809091091156006 0.48803836107254028 -13.363909721374512
v -3.4810142517089844 1.4622164964675903 -13.292609214782715
v -3.4811244010925293 2.428591251373291 -13.150387763977051
v -3.4812395572662354 3.3820064067840576 -12.938005447387695
v -3.481358528137207 4.3173751831054688 -12.656595230102539
v -3.4814810752868652 5.2297072410583496 -12.307657241821289
v -3.4816062450408936 6.1141347885131836 -11.893054962158203
v -3.4817335605621338 6.9659385681152344 -11.414999961853027
v -3.4818625450134277 7.7805743217468262 -10.876041412353516
v -3.4819920063018799 8.5536956787109375 -10.279057502746582
v -3.482121467590332 9.2811765670776367 -9.6272306442260742
v -3.482250452041626 9.959136962890625 -8.9240407943725586
v -3.4823780059814453 10.583959579467773 -8.1732387542724609
v -3.4825036525726318 11.152310371398926 -7.3788299560546875
v -3.4826266765594482 11.66115665435791 -6.5450539588928223
v -3.4827461242675781 12.107783317565918 -5.676358699798584
v -3.4828617572784424 12.489808082580566 -4.7773795127868652
v -3.4829728603363037 12.805191993713379 -3.852912425994873
v -3.4830787181854248 13.052253723144531 -2.9078898429870605
v -3.4831788539886475 13.229673385620117 -1.9473539590835571
v -3.4832725524902344 13.336505889892578 -0.97642976045608521
v -3.4834394454956055 13.336505889892578 0.97583478689193726
v -3.4835114479064941 13.229673385620117 1.9467589855194092
v -3.4835755825042725 13.052253723144531 2.907294750213623
v -3.4836311340332031 12.805191993713379 3.8523173332214355
v -3.4836781024932861 12.489808082580566 4.7767844200134277
v -3.4837160110473633 12.107783317565918 5.6757640838623047
v -3.4837448596954346 11.661155700683594 6.5444588661193848
v -3.4837644100189209 11.152310371398926 7.37823486328125
v -3.4837746620178223 10.583959579467773 8.1726436614990234
v -3.4837751388549805 9.959136962890625 8.9234457015991211
v -3.4837663173675537 9.2811765670776367 9.6266355514526367
v -3.483748197555542 8.5536947250366211 10.278462409973145
v -3.4837207794189453 7.780573844909668 10.875446319580078
v -3.4836840629577637 6.9659380912780762 11.41440486907959
v -3.4836382865905762 6.1141343116760254 11.892459869384766
v -3.483583927154541 5.2297072410583496 12.307063102722168
v -3.4835209846496582 4.3173751831054688 12.656000137329102
v -3.4834499359130859 3.3820061683654785 12.937410354614258
v -3.4833712577819824 2.4285910129547119 13.149792671203613
v -3.4832851886749268 1.4622162580490112 13.292014122009277
v -3.4831924438476563 0.48803815245628357 13.363314628601074
v -3.48309326171875 -0.48874580860137939 13.363314628601074
v -3.4829881191253662 -1.4629240036010742 13.292014122009277
v -3.4828777313232422 -2.4292986392974854 13.149792671203613
v -3.4827628135681152 -3.3827140331268311 12.937410354614258
v -3.4826438426971436 -4.3180828094482422 12.656000137329102
v -3.4825212955474854 -5.230414867401123 12.307063102722168
v -3.4823958873748779 -6.1148419380187988 11.892459869384766
v -3.4822685718536377 -6.9666457176208496 11.41440486907959
v -3.4821398258209229 -7.7812814712524414 10.875447273254395
v -3.4820103645324707 -8.5544023513793945 10.278462409973145
v -3.4818806648254395 -9.2818841934204102 9.6266355514526367
v -3.4817516803741455 -9.9598445892333984 8.9234457015991211
v -3.4816241264343262 -10.584667205810547 8.1726436614990234
v -3.4814984798431396 -11.153017044067383 7.3782353401184082
v -3.4813756942749023 -11.661863327026367 6.5444588661193848
v -3.4812560081481934 -12.108490943908691 5.6757640838623047
v -3.4811403751373291 -12.49051570892334 4.7767844200134277
v -3.4810295104980469 -12.805899620056152 3.8523173332214355
v -3.4809236526489258 -13.052961349487305 2.907294750213623
v -3.4808235168457031 -13.230381011962891 1.9467589855194092
v -3.4807298183441162 -13.337212562561035 0.97583484649658203
v -3.4809472560882568 -12.621935844421387 2.6365230083465576
v -3.481086254119873 -12.296942710876465 3.8792738914489746
v -3.4813897609710693 -11.288337707519531 6.2317624092102051
v -3.4812345504760742 -11.849908828735352 5.0835213661193848
v -3.4815473556518555 -10.632147789001465 7.2950515747070313
v -3.4817090034484863 -9.8761234283447266 8.2898368835449219
v -3.4820394515991211 -8.0938425064086914 10.037261962890625
v -3.4818737506866455 -9.0273656845092773 9.2067766189575195
v -3.4822049140930176 -7.0843214988708496 10.773492813110352
v -3.4825286865234375 -4.8758258819580078 11.936491966247559
v -3.4823684692382813 -6.0082812309265137 11.408557891845703
v -3.4826838970184326 -3.6975893974304199 12.352338790893555
v -3.482832670211792 -2.484635591506958 12.652193069458008
v -3.4829819202423096 -1.1722656488418579 12.840411186218262
v -3.4832384586334229 1.3675460815429688 12.821013450622559
v -3.4831056594848633 -0.00035382743226364255 12.893776893615723
v -3.4833502769470215 2.6364665031433105 12.621284484863281
v -3.4834487438201904 3.8792176246643066 12.296291351318359
v -3.4835329055786133 5.0834650993347168 11.849257469177246
v -3.4836015701293945 6.2317061424255371 11.287687301635742
v -3.4836900234222412 8.2897806167602539 9.8754730224609375
v -3.4836535453796387 7.2949953079223633 10.631496429443359
v -3.4837105274200439 9.2067203521728516 9.0267143249511719
v -3.4837150573730469 10.037205696105957 8.0931921005249023
v -3.48370361328125 10.773436546325684 7.0836701393127441
v -3.483633279800415 11.936435699462891 4.8751745223999023
v -3.4836761951446533 11.408501625061035 6.0076298713684082
v -3.4835748672485352 12.352282524108887 3.6969382762908936
v -3.4834086894989014 12.840353965759277 1.1716142892837524
v -3.483501672744751 12.65213680267334 2.4839842319488525
v -3.4833137989044189 12.893720626831055 -0.00029747135704383254
v -3.483189582824707 12.820957183837891 -1.3681973218917847
v -3.4830610752105713 12.621228218078613 -2.637117862701416
v -3.4827735424041748 11.849201202392578 -5.0841159820556641
v -3.482921838760376 12.296235084533691 -3.879868745803833
v -3.4826183319091797 11.287631034851074 -6.2323575019836426
v -3.4822990894317627 9.8754167556762695 -8.2904319763183594
v -3.4824609756469727 10.631440162658691 -7.2956466674804688
v -3.4821345806121826 9.0266580581665039 -9.207371711730957
v -3.4819686412811279 8.0931358337402344 -10.037857055664063
v -3.4816396236419678 6.0075736045837402 -11.409152030944824
v -3.4818031787872314 7.0836143493652344 -10.774087905883789
v -3.4813244342803955 3.6968820095062256 -12.352932929992676
v -3.4814796447753906 4.8751182556152344 -11.937087059020996
v -3.481175422668457 2.4839282035827637 -12.652787208557129
v -3.4810261726379395 1.171558141708374 -12.841005325317383
v -3.4807698726654053 -1.3682534694671631 -12.821608543395996
v -3.4809024333953857 -0.00035360758192837238 -12.89437198638916
v -3.4806580543518066 -2.637174129486084 -12.621879577636719
v -3.4805595874786377 -3.879925012588501 -12.296886444091797
v -3.4804754257202148 -5.084172248840332 -11.849852561950684
v -3.4804067611694336 -6.2324137687683105 -11.288281440734863
v -3.4803183078765869 -8.2904882431030273 -9.8760671615600586
v -3.4803547859191895 -7.2957029342651367 -10.632091522216797
v -3.4802975654602051 -9.207427978515625 -9.0273094177246094
v -3.4802930355072021 -10.03791332244873 -8.0937862396240234
v -3.480304479598999 -10.774144172668457 -7.0842652320861816
v -3.4803750514984131 -11.937142372131348 -4.8757696151733398
v -3.4803318977355957 -11.409208297729492 -6.0082249641418457
v -3.480433464050293 -12.352989196777344 -3.697533130645752
v -3.4805996417999268 -12.841061592102051 -1.1722092628479004
v -3.4805066585540771 -12.652843475341797 -2.48457932472229
v -3.0791170597076416 -13.372845649719238 -0.00026316463481634855
v -2.6775915622711182 -13.372803688049316 -0.00022886217630002648
v -2.6803083419799805 13.372259140014648 -0.00022886594524607062
v -2.6775116920471191 -13.337129592895508 -0.97636103630065918
v -2.6774396896362305 -13.230298042297363 -1.9472850561141968
v -2.6773755550384521 -13.052877426147461 -2.9078207015991211
v -2.6773200035095215 -12.805816650390625 -3.8528432846069336
v -2.6772730350494385 -12.490431785583496 -4.7773103713989258
v -2.6772351264953613 -12.108407020568848 -5.6762895584106445
v -2.67720627784729 -11.66178035736084 -6.5449843406677246
v -2.6771867275238037 -11.152934074401855 -7.3787603378295898
v -2.6771764755249023 -10.58458423614502 -8.1731691360473633
v -2.677175760269165 -9.9597616195678711 -8.9239711761474609
v -2.6771845817565918 -9.2818012237548828 -9.6271610260009766
v -2.6772029399871826 -8.5543193817138672 -10.278986930847168
v -2.6772303581237793 -7.7811989784240723 -10.875971794128418
v -2.6772670745849609 -6.9665632247924805 -11.414929389953613
v -2.6773128509521484 -6.1147594451904297 -11.892985343933105
v -2.6773672103881836 -5.2303323745727539 -12.307587623596191
v -2.6774301528930664 -4.318000316619873 -12.656524658203125
v -2.6775009632110596 -3.382631778717041 -12.937934875488281
v -2.6775796413421631 -2.4292166233062744 -13.150317192077637
v -2.6776657104492188 -1.4628419876098633 -13.292538642883301
v -2.6777586936950684 -0.4886639416217804 -13.363839149475098
v -2.6778578758239746 0.48811990022659302 -13.363839149475098
v -2.6779630184173584 1.4622979164123535 -13.292538642883301
v -2.6780731678009033 2.4286725521087646 -13.150317192077637
v -2.6781883239746094 3.3820877075195313 -12.937934875488281
v -2.6783072948455811 4.3174562454223633 -12.656524658203125
v -2.6784298419952393 5.2297883033752441 -12.307587623596191
v -2.6785550117492676 6.1142153739929199 -11.892985343933105
v -2.6786823272705078 6.9660191535949707 -11.414929389953613
v -2.6788113117218018 7.7806549072265625 -10.875971794128418
v -2.6789407730102539 8.5537757873535156 -10.278986930847168
v -2.6790702342987061 9.2812566757202148 -9.6271610260009766
v -2.67919921875 9.9592180252075195 -8.9239711761474609
v -2.6793270111083984 10.584039688110352 -8.1731691360473633
v -2.6794524192810059 11.152390480041504 -7.3787603378295898
v -2.6795754432678223 11.661236763000488 -6.5449843406677246
v -2.6796951293945313 12.107863426208496 -5.6762895584106445
v -2.6798105239868164 12.489888191223145 -4.7773103713989258
v -2.6799216270446777 12.805272102355957 -3.8528432846069336
v -2.6800274848937988 13.052333831787109 -2.9078207015991211
v -2.6801276206970215 13.229753494262695 -1.9472850561141968
v -2.6802213191986084 13.33658504486084 -0.97636103630065918
v -2.6803882122039795 13.33658504486084 0.97590327262878418
v -2.6804602146148682 13.229753494262695 1.9468274116516113
v -2.6805243492126465 13.052333831787109 2.9073631763458252
v -2.6805799007415771 12.805272102355957 3.8523855209350586
v -2.6806268692016602 12.489888191223145 4.7768526077270508
v -2.6806647777557373 12.107863426208496 5.6758317947387695
v -2.6806936264038086 11.661235809326172 6.5445270538330078
v -2.6807131767272949 11.152390480041504 7.3783025741577148
v -2.6807234287261963 10.584039688110352 8.1727113723754883
v -2.6807239055633545 9.9592170715332031 8.9235134124755859
v -2.6807153224945068 9.2812566757202148 9.6267032623291016
v -2.680696964263916 8.5537757873535156 10.278529167175293
v -2.6806695461273193 7.7806544303894043 10.875514030456543
v -2.6806328296661377 6.9660191535949707 11.414471626281738
v -2.6805870532989502 6.1142153739929199 11.89252758026123
v -2.680532693862915 5.2297878265380859 12.307129859924316
v -2.6804697513580322 4.3174562454223633 12.65606689453125
v -2.68039870262146 3.3820874691009521 12.937477111816406
v -2.6803200244903564 2.4286723136901855 13.149859428405762
v -2.6802339553833008 1.4622976779937744 13.292080879211426
v -2.6801412105560303 0.48811966180801392 13.363381385803223
v -2.680042028427124 -0.4886641800403595 13.363381385803223
v -2.6799368858337402 -1.4628422260284424 13.292080879211426
v -2.6798264980316162 -2.4292168617248535 13.149859428405762
v -2.6797115802764893 -3.3826320171356201 12.937477111816406
v -2.6795926094055176 -4.3180007934570313 12.65606689453125
v -2.6794700622558594 -5.2303323745727539 12.307129859924316
v -2.6793448925018311 -6.1147599220275879 11.89252758026123
v -2.6792173385620117 -6.9665637016296387 11.414471626281738
v -2.6790885925292969 -7.7811989784240723 10.875514030456543
v -2.6789591312408447 -8.5543203353881836 10.278529167175293
v -2.6788294315338135 -9.2818012237548828 9.6267032623291016
v -2.6787004470825195 -9.9597616195678711 8.9235134124755859
v -2.6785728931427002 -10.58458423614502 8.1727113723754883
v -2.6784472465515137 -11.152934074401855 7.3783025741577148
v -2.6783244609832764 -11.66178035736084 6.5445270538330078
v -2.6782047748565674 -12.108407020568848 5.6758317947387695
v -2.6780891418457031 -12.490431785583496 4.7768526077270508
v -2.6779782772064209 -12.805816650390625 3.8523855209350586
v -2.6778724193572998 -13.052877426147461 2.9073631763458252
v -2.6777722835540771 -13.230298042297363 1.9468274116516113
v -2.6776785850524902 -13.337129592895508 0.97590327262878418
v -3.0793793201446533 -13.090241432189941 2.7344012260437012
v -3.0795238018035889 -12.753188133239746 4.0232667922973633
v -3.0796775817871094 -12.289566993713379 5.2721996307373047
v -3.0800018310546875 -11.026618957519531 7.5657930374145508
v -3.0798385143280029 -11.707158088684082 6.4630489349365234
v -3.0803401470184326 -9.3622884750366211 9.5484561920166016
v -3.080169677734375 -10.242541313171387 8.5974912643432617
v -3.0805122852325439 -8.3941259384155273 10.409757614135742
v -3.0808534622192383 -6.231175422668457 11.831937789916992
v -3.080683708190918 -7.3471441268920898 11.173308372497559
v -3.081019401550293 -5.0566983222961426 12.379462242126465
v -3.0811805725097656 -3.8347413539886475 12.810739517211914
v -3.0813348293304443 -2.5767786502838135 13.121720314025879
v -3.0816178321838379 -0.00031304254662245512 13.372269630432129
v -3.0814898014068604 -1.2157107591629028 13.316922187805176
v -3.081871509552002 2.7343513965606689 13.089665412902832
v -3.0817556381225586 1.4183452129364014 13.296805381774902
v -3.0819737911224365 4.023216724395752 12.752612113952637
v -3.0821323394775391 6.4629988670349121 11.706582069396973
v -3.0820610523223877 5.2721500396728516 12.28899097442627
v -3.082186222076416 7.5657434463500977 11.026042938232422
v -3.0822453498840332 9.5484066009521484 9.3617124557495117
v -3.0822238922119141 8.5974416732788086 10.241965293884277
v -3.0822381973266602 11.173258781433105 7.3465681076049805
v -3.0822501182556152 10.409708023071289 8.3935489654541016
v -3.0822098255157471 11.831888198852539 6.2305994033813477
v -3.082165002822876 12.379412651062012 5.0561223030090332
v -3.0820286273956299 13.121670722961426 2.576202392578125
v -3.0821044445037842 12.810689926147461 3.834165096282959
v -3.0819320678710938 13.316872596740723 1.2151345014572144
v -3.081834077835083 13.372220039367676 -0.00026316856383346021
v -3.0817050933837891 13.296755790710449 -1.4189214706420898
v -3.0815715789794922 13.089615821838379 -2.7349276542663574
v -3.0814273357391357 12.752562522888184 -4.0237932205200195
v -3.0811126232147217 11.70653247833252 -6.4635748863220215
v -3.0812735557556152 12.288941383361816 -5.2727260589599609
v -3.0809493064880371 11.025993347167969 -7.566319465637207
v -3.0807814598083496 10.241915702819824 -8.598017692565918
v -3.0804388523101807 8.3934993743896484 -10.410284042358398
v -3.0806107521057129 9.3616628646850586 -9.5489826202392578
v -3.0802671909332275 7.3465185165405273 -11.173834800720215
v -3.0799314975738525 5.0560722351074219 -12.379988670349121
v -3.0800976753234863 6.2305498123168945 -11.832464218139648
v -3.079770565032959 3.8341155052185059 -12.81126594543457
v -3.0796163082122803 2.5761528015136719 -13.122246742248535
v -3.0794613361358643 1.2150849103927612 -13.317448616027832
v -3.0793330669403076 -0.00031281437259167433 -13.372796058654785
v -3.079195499420166 -1.418971061706543 -13.297331809997559
v -3.0790793895721436 -2.7349772453308105 -13.090191841125488
v -3.0788900852203369 -5.2727756500244141 -12.289517402648926
v -3.0789773464202881 -4.0238428115844727 -12.753138542175293
v -3.0788187980651855 -6.4636249542236328 -11.707108497619629
v -3.0787272453308105 -8.5980672836303711 -10.242491722106934
v -3.0787649154663086 -7.5663690567016602 -11.026569366455078
v -3.0787057876586914 -9.5490322113037109 -9.362238883972168
v -3.0787010192871094 -10.410333633422852 -8.3940753936767578
v -3.0787129402160645 -11.173884391784668 -7.3470945358276367
v -3.0787413120269775 -11.832513809204102 -6.2311253547668457
v -3.0787858963012695 -12.380038261413574 -5.0566482543945313
v -3.0789225101470947 -13.122296333312988 -2.5767285823822021
v -3.0788464546203613 -12.811315536499023 -3.8346912860870361
v -3.0790188312530518 -13.317498207092285 -1.2156608104705811
v -2.677631139755249 -12.984508514404297 -0.00022886217630002648
v -2.677670955657959 -12.596213340759277 -0.00022886217630002648
v -2.6775913238525391 -12.55833625793457 -0.9763188362121582
v -2.6775200366973877 -12.444933891296387 -1.9465385675430298
v -2.6774570941925049 -12.256688117980957 -2.9050529003143311
v -2.677403450012207 -11.994730949401855 -3.8460972309112549
v -2.677358865737915 -11.660636901855469 -4.7640118598937988
v -2.6773240566253662 -11.256416320800781 -5.6532769203186035
v -2.6772987842559814 -10.784500122070313 -6.5085439682006836
v -2.677283763885498 -10.247726440429688 -7.3246688842773438
v -2.6772785186767578 -9.649322509765625 -8.0967435836791992
v -2.6772835254669189 -8.992889404296875 -8.8201255798339844
v -2.6772983074188232 -8.2823724746704102 -9.4904632568359375
v -2.6773231029510498 -7.5220465660095215 -10.103725433349609
v -2.6773579120635986 -6.7164835929870605 -10.656224250793457
v -2.6774020195007324 -5.8705286979675293 -11.144636154174805
v -2.6774554252624512 -4.9892697334289551 -11.566024780273438
v -2.6775181293487549 -4.0780057907104492 -11.917855262756348
v -2.6775891780853271 -3.1422181129455566 -12.198012351989746
v -2.677668571472168 -2.1875343322753906 -12.404809951782227
v -2.67775559425354 -1.219696044921875 -12.537004470825195
v -2.6778497695922852 -0.24452410638332367 -12.593801498413086
v -2.6779506206512451 0.73211681842803955 -12.574859619140625
v -2.6780574321746826 1.7043530941009521 -12.480292320251465
v -2.6781697273254395 2.6663374900817871 -12.3106689453125
v -2.6782865524291992 3.6122846603393555 -12.067008972167969
v -2.6784074306488037 4.5365052223205566 -11.750777244567871
v -2.6785316467285156 5.4334416389465332 -11.363877296447754
v -2.6786582469940186 6.2976984977722168 -10.908634185791016
v -2.6787867546081543 7.1240787506103516 -10.387786865234375
v -2.6789162158966064 7.9076128005981445 -9.8044672012329102
v -2.6790456771850586 8.6435871124267578 -9.1621847152709961
v -2.6791749000549316 9.3275766372680664 -8.4648008346557617
v -2.679302453994751 9.9554672241210938 -7.7165093421936035
v -2.6794281005859375 10.523483276367188 -6.921811580657959
v -2.6795508861541748 11.028207778930664 -6.085486888885498
v -2.6796698570251465 11.466606140136719 -5.2125644683837891
v -2.6797847747802734 11.836041450500488 -4.3082942962646484
v -2.6798944473266602 12.13429069519043 -3.3781154155731201
v -2.6799986362457275 12.359561920166016 -2.4276211261749268
v -2.6800963878631592 12.510499954223633 -1.4625283479690552
v -2.6801872253417969 12.586196899414063 -0.4886411726474762
v -2.6802706718444824 12.586196899414063 0.48818343877792358
v -2.6803462505340576 12.510499954223633 1.4620707035064697
v -2.6804132461547852 12.359561920166016 2.4271633625030518
v -2.680471658706665 12.13429069519043 3.3776576519012451
v -2.68052077293396 11.836040496826172 4.3078370094299316
v -2.6805605888366699 11.466606140136719 5.2121067047119141
v -2.6805906295776367 11.028207778930664 6.085029125213623
v -2.6806106567382813 10.523483276367188 6.921353816986084
v -2.6806209087371826 9.9554672241210938 7.7160515785217285
v -2.6806211471557617 9.3275766372680664 8.4643430709838867
v -2.6806111335754395 8.6435871124267578 9.1617269515991211
v -2.680591344833374 7.9076123237609863 9.8040094375610352
v -2.6805615425109863 7.1240787506103516 10.3873291015625
v -2.6805222034454346 6.2976984977722168 10.908176422119141
v -2.6804730892181396 5.433441162109375 11.363419532775879
v -2.680415153503418 4.5365052223205566 11.750319480895996
v -2.6803481578826904 3.6122844219207764 12.066551208496094
v -2.6802730560302734 2.666337251663208 12.310211181640625
v -2.680189847946167 1.704352855682373 12.47983455657959
v -2.6800990104675293 0.73211658000946045 12.57440185546875
v -2.6800014972686768 -0.24452432990074158 12.593343734741211
v -2.6798975467681885 -1.2196962833404541 12.53654670715332
v -2.6797878742218018 -2.1875345706939697 12.404352188110352
v -2.6796731948852539 -3.1422183513641357 12.197554588317871
v -2.6795542240142822 -4.0780057907104492 11.917397499084473
v -2.679431676864624 -4.9892697334289551 11.565567016601563
v -2.6793062686920166 -5.8705291748046875 11.14417839050293
v -2.6791784763336182 -6.7164840698242188 10.655766487121582
v -2.6790494918823242 -7.5220470428466797 10.103267669677734
v -2.678919792175293 -8.2823724746704102 9.4900054931640625
v -2.6787903308868408 -8.992889404296875 8.8196678161621094
v -2.6786618232727051 -9.6493234634399414 8.0962858200073242
v -2.6785352230072021 -10.247726440429688 7.3242111206054688
v -2.6784110069274902 -10.784500122070313 6.5080862045288086
v -2.6782898902893066 -11.256416320800781 5.6528191566467285
v -2.6781728267669678 -11.660636901855469 4.763554573059082
v -2.6780605316162109 -11.994730949401855 3.8456394672393799
v -2.6779534816741943 -12.256688117980957 2.9045951366424561
v -2.6778523921966553 -12.444933891296387 1.9460808038711548
v -2.6777579784393311 -12.558337211608887 0.97586113214492798
v -2.6778857707977295 -12.710110664367676 2.6550295352935791
v -2.6780259609222412 -12.382844924926758 3.9064702987670898
v -2.6781754493713379 -11.932684898376465 5.119138240814209
v -2.678490161895752 -10.706408500671387 7.3461332321166992
v -2.6783316135406494 -11.3671875 6.2754087448120117
v -2.6788187026977539 -9.0904054641723633 9.2712259292602539
v -2.6786530017852783 -9.945098876953125 8.347874641418457
v -2.6789858341217041 -8.150355339050293 10.107518196105957
v -2.6793169975280762 -6.0502099990844727 11.488402366638184
v -2.679152250289917 -7.1337747573852539 10.848896980285645
v -2.6794784069061279 -4.9098362922668457 12.020028114318848
v -2.6796345710754395 -3.7233607769012451 12.438782691955566
v -2.6797845363616943 -2.5019254684448242 12.740734100341797
v -2.6799349784851074 -1.1803786754608154 12.930268287658691
v -2.6800594329833984 -0.00027225050143897533 12.984007835388184
v -2.6803057193756104 2.6549861431121826 12.709609985351563
v -2.6801931858062744 1.3771927356719971 12.910735130310059
v -2.6804895401000977 5.1190948486328125 11.932184219360352
v -2.6804049015045166 3.9064269065856934 12.382343292236328
v -2.6805586814880371 6.2753653526306152 11.366686820983887
v -2.6806478500366211 8.3478307723999023 9.9445972442626953
v -2.6806111335754395 7.3460898399353027 10.705907821655273
v -2.6806685924530029 9.2711830139160156 9.08990478515625
v -2.6806731224060059 10.107474327087402 8.1498537063598633
v -2.680661678314209 10.848854064941406 7.1332736015319824
v -2.6806340217590332 11.488359451293945 6.0497088432312012
v -2.6805906295776367 12.019985198974609 4.9093351364135742
v -2.6804580688476563 12.740690231323242 2.5014243125915527
v -2.6805317401885986 12.438739776611328 3.7228596210479736
v -2.6803646087646484 12.930224418640137 1.1798775196075439
v -2.6802692413330078 12.983963966369629 -0.00022886598890181631
v -2.6801440715789795 12.91069221496582 -1.377693772315979
v -2.6800143718719482 12.709567070007324 -2.6554872989654541
v -2.6798741817474365 12.38230037689209 -3.9069280624389648
v -2.6795687675476074 11.366643905639648 -6.2758665084838867
v -2.6797249317169189 11.932140350341797 -5.119596004486084
v -2.6794102191925049 10.705864906311035 -7.3465909957885742
v -2.6792471408843994 9.944554328918457 -8.348332405090332
v -2.6789145469665527 8.149810791015625 -10.107975959777832
v -2.6790814399719238 9.0898609161376953 -9.2716836929321289
v -2.6787478923797607 7.1332302093505859 -10.84935474395752
v -2.6784219741821289 4.9092917442321777 -12.020485877990723
v -2.6785833835601807 6.0496659278869629 -11.488860130310059
v -2.6782658100128174 3.7228164672851563 -12.439240455627441
v -2.6781158447265625 2.5013811588287354 -12.741191864013672
v -2.6779654026031494 1.1798343658447266 -12.930726051330566
v -2.6778409481048584 -0.00027202893397770822 -12.984465599060059
v -2.6775946617126465 -2.6555304527282715 -12.710067749023438
v -2.6777071952819824 -1.3777369260787964 -12.911192893981934
v -2.6774108409881592 -5.1196393966674805 -11.932641983032227
v -2.6774954795837402 -3.9069712162017822 -12.382801055908203
v -2.6773414611816406 -6.2759099006652832 -11.367144584655762
v -2.6772525310516357 -8.3483753204345703 -9.9450550079345703
v -2.6772892475128174 -7.3466339111328125 -10.706365585327148
v -2.6772317886352539 -9.2717266082763672 -9.0903615951538086
v -2.6772270202636719 -10.10801887512207 -8.1503114700317383
v -2.6772387027740479 -10.849398612976074 -7.1337313652038574
v -2.6772663593292236 -11.488903045654297 -6.0501666069030762
v -2.6773097515106201 -12.020528793334961 -4.9097929000854492
v -2.6774420738220215 -12.74123477935791 -2.5018820762634277
v -2.6773684024810791 -12.43928337097168 -3.7233173847198486
v -2.6775357723236084 -12.930768966674805 -1.1803352832794189
v -1.3381956815719604 -12.596029281616211 -0.00011443012772360817
v -1.3384428024291992 -12.329838752746582 2.575728178024292
v -1.3385787010192871 -12.012360572814941 3.7897400856018066
v -1.3387235403060913 -11.575664520263672 4.9661383628845215
v -1.3390289545059204 -10.386064529418945 7.1265263557434082
v -1.3388751745223999 -11.027080535888672 6.0878262519836426
v -1.3391870260238647 -9.6475248336791992 8.0983066558837891
v -1.3393478393554688 -8.8183937072753906 8.9940423965454102
v -1.3396713733673096 -6.9202837944030762 10.524527549743652
v -1.3395097255706787 -7.9064593315124512 9.8053216934204102
v -1.3399875164031982 -4.7628607749938965 11.66063117980957
v -1.3398311138153076 -5.8691272735595703 11.144905090332031
v -1.3401391506195068 -3.6118714809417725 12.066861152648926
v -1.3402845859527588 -2.4269678592681885 12.359781265258789
v -1.3405512571334839 -0.00013617725926451385 12.595778465270996
v -1.3404304981231689 -1.1449469327926636 12.543646812438965
v -1.3407901525497437 2.5757064819335938 12.329587936401367
v -1.3406809568405151 1.3361303806304932 12.524697303771973
v -1.3408863544464111 3.7897181510925293 12.012109756469727
v -1.3409686088562012 4.9661169052124023 11.575413703918457
v -1.3410863876342773 7.1265048980712891 10.385814666748047
v -1.3410357236862183 6.0878047943115234 11.026829719543457
v -1.341122031211853 8.0982847213745117 9.6472740173339844
v -1.3411421775817871 8.9940204620361328 8.8181438446044922
v -1.3411355018615723 10.524505615234375 6.9200334548950195
v -1.34114670753479 9.8052997589111328 7.9062089920043945
v -1.3411087989807129 11.14488410949707 5.8688769340515137
v -1.3410096168518066 12.066839218139648 3.6116209030151367
v -1.3410665988922119 11.660609245300293 4.7626099586486816
v -1.3408472537994385 12.543624877929688 1.1446963548660278
v -1.3409380912780762 12.359759330749512 2.4267172813415527
v -1.3407547473907471 12.595757484436035 -0.00011443396942922845
v -1.3406333923339844 12.524676322937012 -1.3363809585571289
v -1.3405076265335083 12.32956600189209 -2.5759570598602295
v -1.3403717279434204 12.012087821960449 -3.7899689674377441
v -1.3400752544403076 11.026808738708496 -6.0880551338195801
v -1.3402268886566162 11.575392723083496 -4.966367244720459
v -1.3399214744567871 10.38579273223877 -7.1267552375793457
v -1.3397634029388428 9.647252082824707 -8.0985355377197266
v -1.3394407033920288 7.9061875343322754 -9.8055505752563477
v -1.3396025896072388 8.8181219100952148 -8.9942712783813477
v -1.3392790555953979 6.9200119972229004 -10.52475643157959
v -1.3389627933502197 4.7625885009765625 -11.660860061645508
v -1.3391193151473999 5.8688554763793945 -11.145133972167969
v -1.3388111591339111 3.6115994453430176 -12.067090034484863
v -1.3386658430099487 2.4266955852508545 -12.360010147094727
v -1.3383991718292236 -0.00013596247299574316 -12.596007347106934
v -1.3385199308395386 1.1446747779846191 -12.543874740600586
v -1.3382694721221924 -1.3364025354385376 -12.52492618560791
v -1.3381601572036743 -2.5759787559509277 -12.329816818237305
v -1.3380639553070068 -3.7899904251098633 -12.012338638305664
v -1.3379147052764893 -6.0880765914916992 -11.027058601379395
v -1.3379818201065063 -4.9663891792297363 -11.575642585754395
v -1.3378639221191406 -7.1267766952514648 -10.386043548583984
v -1.3378081321716309 -8.9942922592163086 -8.8183727264404297
v -1.3378283977508545 -8.0985574722290039 -9.6475028991699219
v -1.3378037214279175 -9.805572509765625 -7.906437873840332
v -1.3378149271011353 -10.524777412414551 -6.920262336730957
v -1.3378416299819946 -11.145155906677246 -5.8691058158874512
v -1.3378838300704956 -11.660881042480469 -4.7628388404846191
v -1.3379408121109009 -12.067111015319824 -3.6118497848510742
v -1.338103175163269 -12.543896675109863 -1.1449252367019653
v -1.3380123376846313 -12.360031127929688 -2.4269459247589111
v -6.8832192420959473 -10.020252227783203 -0.00058812234783545136
v -6.8842229843139648 -6.5325078964233398 7.5972352027893066
v -5.5936064720153809 -11.479687690734863 -0.00047796251601539552
v -6.2384128570556641 -10.749969482421875 -0.00053304241737350821
v -6.8833169937133789 -9.9623203277587891 1.0753132104873657
v -6.8834257125854492 -9.7891912460327148 2.1387729644775391
v -6.8835434913635254 -9.5028696060180664 3.1774930953979492
v -6.883669376373291 -9.1066656112670898 4.1794624328613281
v -6.8838019371032715 -8.6051607131958008 5.1330933570861816
v -6.883939266204834 -8.004155158996582 6.0273594856262207
v -6.8840799331665039 -7.3105969429016113 6.8519182205200195
v -6.5685110092163086 -7.0683488845825195 7.5972614288330078
v -6.2432637214660645 -7.5984559059143066 7.5972881317138672
v -5.9294567108154297 -8.0928859710693359 7.5973138809204102
v -5.6078448295593262 -8.5853252410888672 7.5973405838012695
v -5.2805557250976563 -9.0740156173706055 7.5973677635192871
v -5.9161272048950195 -11.040152549743652 1.2857111692428589
v -5.9163875579833984 -10.488414764404297 3.6780576705932617
v -5.9165244102478027 -10.046672821044922 4.7537035942077637
v -5.916816234588623 -8.8393259048461914 6.737668514251709
v -5.9166679382324219 -9.4949636459350586 5.7773089408874512
v -3.4847326278686523 -4.9097299575805664 8.8019018173217773
v -3.4848356246948242 -4.9097323417663574 10.006275177001953
v -3.4846963882446289 -0.0002144754835171625 7.5975384712219238
v -3.4847993850708008 -0.0002167557249777019 8.8019113540649414
v -3.4849023818969727 -0.00021903595188632607 10.006284713745117
v -3.4850051403045654 -0.00022131619334686548 11.210658073425293
v -3.4848661422729492 4.9092965126037598 8.8019208908081055
v -3.484968900680542 4.9092941284179688 10.006294250488281
v -3.4848992824554443 7.3640532493591309 8.8019256591796875
v -3.4848146438598633 4.9092974662780762 8.1997337341308594
v -3.4848480224609375 7.3640542030334473 8.1997385025024414
v -3.4849174022674561 4.9092950820922852 9.4041070938110352
v -3.4849507808685303 7.3640518188476563 9.4041118621826172
v -3.4850203990936279 4.9092931747436523 10.608480453491211
v -3.4850566387176514 -0.00022245630680117756 11.812844276428223
v -3.4850385189056396 2.4545352458953857 11.210662841796875
v -3.4850900173187256 2.4545340538024902 11.812849044799805
v -3.4850642681121826 2.4545347690582275 11.51175594329834
v -3.4850552082061768 3.6819136142730713 11.210664749145508
v -3.4850809574127197 3.681912899017334 11.511757850646973
v -3.4849536418914795 -0.00022017607989255339 10.608470916748047
v -3.4849355220794678 2.4545376300811768 10.006289482116699
v -3.4849870204925537 2.4545364379882813 10.608475685119629
v -3.4851157665252686 2.454533576965332 12.11394214630127
v -3.4850823879241943 -0.0002230263635283336 12.113937377929688
v -3.4850733280181885 1.2271558046340942 11.812847137451172
v -3.4850990772247314 1.227155327796936 12.113940238952637
v -3.4849717617034912 -2.4549779891967773 11.210653305053711
v -3.4850232601165771 -2.4549789428710938 11.812839508056641
v -3.4850490093231201 -2.4549796581268311 12.113933563232422
v -3.4850399494171143 -1.2276006937026978 11.81284236907959
v -3.4850656986236572 -1.2276012897491455 12.113935470581055
v -3.48500657081604 -3.6823573112487793 11.812837600708008
v -3.4849975109100342 -2.4549784660339355 11.511746406555176
v -3.4849550724029541 -3.6823561191558838 11.210651397705078
v -3.4849808216094971 -3.6823568344116211 11.511744499206543
v -3.4848871231079102 -4.9097332954406738 10.608462333679199
v -3.4848690032958984 -2.4549756050109863 10.006279945373535
v -3.4849202632904053 -2.4549767971038818 10.608467102050781
v -3.4847841262817383 -4.9097309112548828 9.4040889739990234
v -3.4846992492675781 -7.3644866943359375 8.8018980026245117
v -3.4847507476806641 -7.3644876480102539 9.4040842056274414
v -3.4846811294555664 -4.90972900390625 8.1997156143188477
v -3.4846477508544922 -7.3644852638244629 8.1997108459472656
v -3.484607458114624 -6.5462322235107422 7.5975260734558105
v -3.4846518039703369 -3.2732231616973877 7.5975322723388672
v -3.4847409725189209 3.272794246673584 7.5975446701049805
v -3.4847853183746338 6.5458030700683594 7.5975508689880371
v -6.0353031158447266 -4.9097275733947754 7.5973110198974609
v -6.0353031158447266 -0.00021447507606353611 7.5973200798034668
v -6.0353031158447266 4.9092988967895508 7.5973296165466309
v -5.185056209564209 -4.9097275733947754 7.5973834991455078
v -5.185056209564209 -0.00021447522158268839 7.5973930358886719
v -5.185056209564209 4.9092988967895508 7.5974020957946777
v -4.3348097801208496 -4.9097275733947754 7.5974564552307129
v -4.3348097801208496 -0.00021447535254992545 7.5974655151367188
v -4.3348097801208496 4.9092988967895508 7.5974750518798828
v -6.8855500221252441 6.5310807228088379 7.5972599983215332
v -6.8853826522827148 4.8981356620788574 7.597257137298584
v -6.8852152824401855 3.265190601348877 7.5972537994384766
v -6.8850488662719727 1.632245659828186 7.5972509384155273
v -6.8848824501037598 -0.00069939595414325595 7.5972476005554199
v -6.8847169876098633 -1.6336516141891479 7.5972447395324707
v -6.884552001953125 -3.2666037082672119 7.5972414016723633
v -6.8843870162963867 -4.8995561599731445 7.5972385406494141
v -6.0353031158447266 -7.3644843101501465 7.5973062515258789
v -5.185056209564209 -7.3644843101501465 7.597379207611084
v -5.6101799011230469 -4.9097275733947754 7.5973472595214844
v -5.6101799011230469 -7.3644843101501465 7.5973424911499023
v -5.8227415084838867 -7.3644843101501465 7.5973243713378906
v -5.185056209564209 -8.591862678527832 7.597376823425293
v -5.397618293762207 -7.3644843101501465 7.5973610877990723
v -5.397618293762207 -8.591862678527832 7.5973587036132813
v -4.3348097801208496 -7.3644843101501465 7.5974516868591309
v -4.7599329948425293 -4.9097275733947754 7.5974202156066895
v -4.7599329948425293 -7.3644843101501465 7.5974154472351074
v -4.7599329948425293 -8.591862678527832 7.5974130630493164
v -4.9724946022033691 -7.3644843101501465 7.5973973274230957
v -4.9724946022033691 -8.591862678527832 7.5973949432373047
v -5.6095705032348633 8.5841856002807617 7.5973730087280273
v -6.2447719573974609 7.5972156524658203 7.5973167419433594
v -4.3348097801208496 7.3640551567077637 7.5974793434143066
v -5.185056209564209 7.3640551567077637 7.5974068641662598
v -4.7599329948425293 4.9092988967895508 7.5974388122558594
v -4.7599329948425293 7.3640551567077637 7.5974431037902832
v -6.0353031158447266 7.3640551567077637 7.5973343849182129
v -5.6101799011230469 4.9092988967895508 7.5973658561706543
v -5.6101799011230469 7.3640551567077637 7.5973706245422363
v -3.9096863269805908 -4.9097275733947754 7.5974926948547363
v -3.9096863269805908 -7.3644843101501465 7.5974879264831543
v -3.9096863269805908 4.9092988967895508 7.5975112915039063
v -3.9096863269805908 7.3640551567077637 7.5975160598754883
v -6.8829245567321777 -6.532681941986084 -7.598261833190918
v -5.4509925842285156 -8.819117546081543 -7.5982017517089844
v -5.946413516998291 -8.0646276473999023 -7.5982232093811035
v -6.4264636039733887 -7.3003063201904297 -7.5982437133789063
v -6.8829092979431152 -7.3107342720031738 -6.8529477119445801
v -6.8829092979431152 -8.0042581558227539 -6.0283980369567871
v -6.8829245567321777 -8.6052341461181641 -5.1341466903686523
v -6.8829550743103027 -9.1067132949829102 -4.1805338859558105
v -6.883000373840332 -9.5028972625732422 -3.1785876750946045
v -6.8830599784851074 -9.7892036437988281 -2.1398930549621582
v -6.8831334114074707 -9.9623231887817383 -1.0764608383178711
v -5.9156646728515625 -8.8132638931274414 -6.7727298736572266
v -5.9157109260559082 -10.034099578857422 -4.7811908721923828
v -5.9157609939575195 -10.502509117126465 -3.6386332511901855
v -5.9158282279968262 -10.841279983520508 -2.4511649608612061
v -5.9159111976623535 -11.046229362487793 -1.2334451675415039
v -3.4831101894378662 4.9097237586975098 -8.8021249771118164
v -3.4830074310302734 4.9097561836242676 -10.006589889526367
v -3.4831101894378662 6.2635459471493959E-05 -8.8022584915161133
v -3.4830074310302734 9.5333038188982755E-05 -10.006723403930664
v -3.4829044342041016 0.00012803061690647155 -11.211188316345215
v -3.4831101894378662 -4.9095983505249023 -8.8023920059204102
v -3.4830074310302734 -4.9095659255981445 -10.006856918334961
v -3.4831101894378662 -7.3644289970397949 -8.8024587631225586
v -3.4831616878509521 -4.9096145629882813 -8.200160026550293
v -3.4831616878509521 -7.3644452095031738 -8.200225830078125
v -3.4830589294433594 -4.9095821380615234 -9.4046239852905273
v -3.4830589294433594 -7.364412784576416 -9.4046907424926758
v -3.4829559326171875 -4.9095492362976074 -10.609088897705078
v -3.4828529357910156 0.00014437940262723714 -11.813420295715332
v -3.4829044342041016 -2.4547023773193359 -11.211254119873047
v -3.4828529357910156 -2.454686164855957 -11.81348705291748
v -3.4828786849975586 -2.4546942710876465 -11.512371063232422
v -3.4829044342041016 -3.6821177005767822 -11.211287498474121
v -3.4828786849975586 -3.6821095943450928 -11.51240348815918
v -3.4829559326171875 0.00011168183118570596 -10.608955383300781
v -3.4830074310302734 -2.454735279083252 -10.006790161132813
v -3.4829559326171875 -2.4547188282012939 -10.60902214050293
v -3.4828271865844727 -2.4546780586242676 -12.114603042602539
v -3.4828271865844727 0.00015255379548761994 -12.114536285400391
v -3.4828529357910156 -1.2272708415985107 -11.813453674316406
v -3.4828271865844727 -1.2272627353668213 -12.114569664001465
v -3.4829044342041016 2.454958438873291 -11.211121559143066
v -3.4828529357910156 2.454974889755249 -11.813353538513184
v -3.4828271865844727 2.4549829959869385 -12.114469528198242
v -3.4828529357910156 1.2275596857070923 -11.813386917114258
v -3.4828271865844727 1.2275677919387817 -12.114502906799316
v -3.4828529357910156 3.6823902130126953 -11.813320159912109
v -3.4828786849975586 2.4549667835235596 -11.512237548828125
v -3.4829044342041016 3.6823737621307373 -11.211088180541992
v -3.4828786849975586 3.6823821067810059 -11.512204170227051
v -3.4829559326171875 4.9097728729248047 -10.608821868896484
v -3.4830074310302734 2.4549257755279541 -10.006656646728516
v -3.4829559326171875 2.4549422264099121 -10.608888626098633
v -3.4830589294433594 4.9097399711608887 -9.40435791015625
v -3.4831101894378662 7.3645544052124023 -8.802058219909668
v -3.4830589294433594 7.3645706176757813 -9.4042911529541016
v -3.4831616878509521 4.9097075462341309 -8.1998929977416992
v -3.4831616878509521 7.3645377159118652 -8.1998262405395508
v -3.4832131862640381 6.5462446212768555 -7.5976161956787109
v -3.4832131862640381 3.2731373310089111 -7.5977048873901367
v -3.4832131862640381 2.9937882572994567E-05 -7.5977940559387207
v -3.4832131862640381 -3.2730774879455566 -7.5978827476501465
v -3.4832131862640381 -6.5461850166320801 -7.5979714393615723
v -6.8838129043579102 -4.0858831405639648 -0.00058812246425077319
v -6.8839268684387207 -4.0858831405639648 1.331316351890564
v -6.8840417861938477 -4.0858831405639648 2.6632208824157715
v -6.8841567039489746 -4.0858831405639648 3.9951252937316895
v -6.8842720985412598 -4.0858831405639648 5.3270297050476074
v -6.8831710815429688 -4.0858831405639648 -7.5981955528259277
v -6.8832330703735352 -4.0858831405639648 -6.8622775077819824
v -6.883425235748291 -4.0858831405639648 -4.575047492980957
v -6.8836183547973633 -4.0858831405639648 -2.2878179550170898
v -8.0306558609008789 -4.0858831405639648 -3.3850083351135254
v -7.3686528205871582 5.4321856498718262 5.3270297050476074
v -6.7957439422607422 8.6048755645751953 5.3270297050476074
v -6.8844780921936035 -2.0432913303375244 5.3270297050476074
v -6.8846850395202637 -0.00069937622174620628 5.3270297050476074
v -6.8849010467529297 2.1207377910614014 5.3270297050476074
v -6.8851184844970703 4.2421751022338867 5.3270297050476074
v -6.8853363990783691 6.363612174987793 5.3270297050476074
v -6.885554313659668 8.4850492477416992 5.3270297050476074
v -7.3686528205871582 7.0185303688049316 5.3270297050476074
v -7.0821986198425293 5.4321856498718262 5.3270297050476074
v -7.0821986198425293 7.0185303688049316 5.3270297050476074
v -7.0821986198425293 7.8117032051086426 5.3270297050476074
v -6.9389710426330566 7.0185303688049316 5.3270297050476074
v -6.9389710426330566 7.8117032051086426 5.3270297050476074
v -7.3686528205871582 -0.91319358348846436 5.3270297050476074
v -8.031987190246582 8.6048755645751953 0.97101080417633057
v -8.031987190246582 8.6048755645751953 -3.3850083351135254
v -6.9765949249267578 8.6048755645751953 -7.7410273551940918
v -8.031987190246582 8.6048755645751953 -7.7410273551940918
v -6.8855500221252441 8.6048755645751953 5.1312274932861328
v -6.8854947090148926 8.6048755645751953 4.4897503852844238
v -6.885439395904541 8.6048755645751953 3.8482735157012939
v -6.8853840827941895 8.6048755645751953 3.206796407699585
v -6.8853287696838379 8.6048755645751953 2.5653195381164551
v -6.8852739334106445 8.6048755645751953 1.9238426685333252
v -6.8852190971374512 8.6048755645751953 1.2823656797409058
v -6.8851642608642578 8.6048755645751953 0.64088881015777588
v -6.8851094245910645 8.6048755645751953 -0.00058812502538785338
v -6.8850545883178711 8.6048755645751953 -0.64206504821777344
v -6.8849997520446777 8.6048755645751953 -1.2835420370101929
v -6.8849449157714844 8.6048755645751953 -1.9250189065933228
v -6.8848905563354492 8.6048755645751953 -2.5664958953857422
v -6.8848361968994141 8.6048755645751953 -3.2079727649688721
v -6.8847818374633789 8.6048755645751953 -3.8494498729705811
v -6.8847274780273438 8.6048755645751953 -4.4909267425537109
v -6.8846731185913086 8.6048755645751953 -5.1324038505554199
v -6.9765949249267578 8.6048755645751953 3.1490204334259033
v -6.9765949249267578 8.6048755645751953 4.2380251884460449
v -7.5042910575866699 8.6048755645751953 0.97101080417633057
v -8.031987190246582 8.6048755645751953 3.1490204334259033
v -7.5042910575866699 8.6048755645751953 3.1490204334259033
v -7.240443229675293 8.6048755645751953 3.1490204334259033
v -7.5042910575866699 8.6048755645751953 4.2380251884460449
v -7.240443229675293 8.6048755645751953 4.2380251884460449
v -6.2747349739074707 8.6048755645751953 -6.3758630752563477
v -5.5949373245239258 8.6048755645751953 -7.597740650177002
v -5.9212026596069336 8.6048755645751953 -7.7410273551940918
v -6.884793758392334 9.0647058486938477 -4.2678914070129395
v -6.8849086761474609 9.4379539489746094 -3.3626224994659424
v -6.8850178718566895 9.7210540771484375 -2.4252433776855469
v -6.8851189613342285 9.9113035202026367 -1.4647067785263062
v -6.8852119445800781 10.006884574890137 -0.4901864230632782
v -6.8852958679199219 10.006884574890137 0.48900997638702393
v -6.8853693008422852 9.9113035202026367 1.4635303020477295
v -6.8854317665100098 9.7210540771484375 2.4240670204162598
v -6.8854832649230957 9.4379539489746094 3.3614461421966553
v -6.8855228424072266 9.0647058486938477 4.2667150497436523
v -6.8853626251220703 8.9629411697387695 2.5246829986572266
v -6.8851819038391113 9.3118648529052734 -0.00058812525821849704
v -6.8850603103637695 9.2183437347412109 -1.3170562982559204
v -6.8849306106567383 8.9621524810791016 -2.5286562442779541
v -6.8836150169372559 -6.0640063285827637 -0.00058812246425077319
v -6.8834171295166016 -8.0421295166015625 -0.00058812240604311228
v -6.8855671882629395 7.593379020690918 6.5355739593505859
v -6.8835906982421875 -7.0054535865783691 0.81753015518188477
v -6.8837547302246094 -6.6597366333007813 2.3217215538024902
v -6.883845329284668 -6.365631103515625 3.0364408493041992
v -6.884035587310791 -5.5735788345336914 4.3213229179382324
v -6.884333610534668 -3.9314706325531006 5.8547463417053223
v -6.8842339515686035 -4.5324153900146484 5.4030637741088867
v -6.8841342926025391 -5.0818657875061035 4.889979362487793
v -6.883939266204834 -6.0019669532775879 3.7035565376281738
v -6.8844318389892578 -3.2858603000640869 6.2398943901062012
v -6.8845281600952148 -2.6029205322265625 6.5541315078735352
v -6.8846211433410645 -1.8904116153717041 6.793886661529541
v -6.884709358215332 -1.1564298868179321 6.9564361572265625
v -6.8847980499267578 -0.35953745245933533 7.0426454544067383
v -6.8849458694458008 1.17276930809021 6.9534664154052734
v -6.8850607872009277 2.6570885181427002 6.5317978858947754
v -6.8850092887878418 1.9473751783370972 6.7773842811584473
v -6.8848729133605957 0.38099601864814758 7.0414438247680664
v -6.8851327896118164 3.9482846260070801 5.8424787521362305
v -6.885101318359375 3.3206179141998291 6.220726490020752
v -5.9186029434204102 9.3130636215209961 6.0642862319946289
v -5.9185924530029297 9.5923604965209961 5.6120829582214355
v -6.4020705223083496 9.1198911666870117 5.3356409072875977
v -5.9185981750488281 9.4554157257080078 5.8398542404174805
v -6.4020800590515137 8.8543491363525391 5.7655749320983887
v -6.4020757675170898 8.9896907806396484 5.5521955490112305
v -5.918609619140625 9.013737678527832 6.500859260559082
v -6.6438140869140625 8.7568273544311523 5.4083662033081055
v -6.4020781517028809 8.9226579666137695 5.6592898368835449
v -6.6438188552856445 8.6249914169311523 5.6162190437316895
v -6.6438164710998535 8.6915311813354492 5.5126867294311523
v -5.9186067581176758 9.1660003662109375 6.2843551635742188
v -6.4020867347717285 8.5697641372680664 6.1806483268737793
v -6.4020838737487793 8.7145280838012695 5.9748063087463379
v -6.0331816673278809 -4.9096312522888184 -7.5981450080871582
v -5.183192253112793 -4.9096312522888184 -7.5980725288391113
v -4.3332028388977051 4.9096908569335938 -7.5977334976196289
v -4.3332028388977051 -4.9096312522888184 -7.5980000495910645
v -4.3332028388977051 7.3645215034484863 -7.5976667404174805
v -4.7581973075866699 4.9096908569335938 -7.5977697372436523
v -4.7581973075866699 7.3645215034484863 -7.5977029800415039
v -3.908207893371582 4.9096908569335938 -7.5976967811584473
v -3.908207893371582 7.3645215034484863 -7.597630500793457
v -4.3332028388977051 -7.3644614219665527 -7.5980663299560547
v -3.908207893371582 -4.9096312522888184 -7.5979633331298828
v -3.908207893371582 -7.3644614219665527 -7.5980300903320313
v -5.183192253112793 -7.3644614219665527 -7.5981392860412598
v -4.7581973075866699 -7.3644614219665527 -7.5981030464172363
v -6.0331816673278809 -7.3644614219665527 -7.5982117652893066
v -5.6081867218017578 -4.9096312522888184 -7.5981087684631348
v -5.6081867218017578 -7.3644614219665527 -7.5981755256652832
v -29.134346008300781 1.7424474954605103 2.2648842334747314
v -29.134346008300781 1.7424474954605103 -1.7351157665252686
v -28.92376708984375 2.5828149318695068 2.2648842334747314
v -28.92376708984375 2.5828149318695068 -1.7351157665252686
v -28.642036437988281 3.3751199245452881 2.2648842334747314
v -28.642036437988281 3.3751199245452881 -1.7351157665252686
v -28.274982452392578 4.1593976020812988 2.2648842334747314
v -28.274982452392578 4.1593976020812988 -1.7351157665252686
v -27.821231842041016 4.9224696159362793 2.2648842334747314
v -27.821231842041016 4.9224696159362793 -1.7351157665252686
v -27.284942626953125 5.6469898223876953 2.2648842334747314
v -27.284942626953125 5.6469898223876953 -1.7351157665252686
v -26.682943344116211 6.3085346221923828 2.2648842334747314
v -26.682943344116211 6.3085346221923828 -1.7351157665252686
v -26.0106201171875 6.9117527008056641 2.2648842334747314
v -26.0106201171875 6.9117527008056641 -1.7351157665252686
v -25.2769775390625 7.4459052085876465 2.2648842334747314
v -25.2769775390625 7.4459052085876465 -1.7351157665252686
v -24.49310302734375 7.9022126197814941 2.2648842334747314
v -24.49310302734375 7.9022126197814941 -1.7351157665252686
v -23.67161750793457 8.2743253707885742 2.2648842334747314
v -23.67161750793457 8.2743253707885742 -1.7351157665252686
v -22.826009750366211 8.5586156845092773 2.2648842334747314
v -22.826009750366211 8.5586156845092773 -1.7351157665252686
v -21.969926834106445 8.7542438507080078 2.2648842334747314
v -21.969926834106445 8.7542438507080078 -1.7351157665252686
v -21.116491317749023 8.8630275726318359 2.2648842334747314
v -21.116491317749023 8.8630275726318359 -1.7351157665252686
v -20.277729034423828 8.8891229629516602 2.2648842334747314
v -20.277729034423828 8.8891229629516602 -1.7351157665252686
v -19.415395736694336 8.8331727981567383 2.2648842334747314
v -19.415395736694336 8.8331727981567383 -1.7351157665252686
v -18.68433952331543 8.7188701629638672 2.2648842334747314
v -18.68433952331543 8.7188701629638672 -1.7351157665252686
v -17.843973159790039 8.5082912445068359 2.2648842334747314
v -17.843973159790039 8.5082912445068359 -1.7351157665252686
v -17.051668167114258 8.2265596389770508 2.2648842334747314
v -17.051668167114258 8.2265596389770508 -1.7351157665252686
v -16.267389297485352 7.8595075607299805 2.2648842334747314
v -16.267389297485352 7.8595075607299805 -1.7351157665252686
v -15.504318237304688 7.405756950378418 2.2648842334747314
v -15.504318237304688 7.405756950378418 -1.7351157665252686
v -14.779797554016113 6.8694667816162109 2.2648842334747314
v -14.779797554016113 6.8694667816162109 -1.7351157665252686
v -14.118253707885742 6.2674665451049805 2.2648842334747314
v -14.118253707885742 6.2674665451049805 -1.7351157665252686
v -13.515035629272461 5.5951442718505859 2.2648842334747314
v -13.515035629272461 5.5951442718505859 -1.7351157665252686
v -12.98088264465332 4.8615016937255859 2.2648842334747314
v -12.98088264465332 4.8615016937255859 -1.7351157665252686
v -12.524575233459473 4.0776267051696777 2.2648842334747314
v -12.524575233459473 4.0776267051696777 -1.7351157665252686
v -12.152462005615234 3.2561409473419189 2.2648842334747314
v -12.152462005615234 3.2561409473419189 -1.7351157665252686
v -11.868172645568848 2.4105334281921387 2.2648842334747314
v -11.868172645568848 2.4105334281921387 -1.7351157665252686
v -11.672544479370117 1.5544502735137939 2.2648842334747314
v -11.672544479370117 1.5544502735137939 -1.7351157665252686
v -11.563760757446289 0.7010161280632019 2.2648842334747314
v -11.563760757446289 0.7010161280632019 -1.7351157665252686
v -11.537664413452148 -0.13774584233760834 2.2648842334747314
v -11.537664413452148 -0.13774584233760834 -1.7351157665252686
v -11.593615531921387 -1.0000792741775513 2.2648842334747314
v -11.593615531921387 -1.0000792741775513 -1.7351157665252686
v -11.707917213439941 -1.731135368347168 2.2648842334747314
v -11.707917213439941 -1.731135368347168 -1.7351157665252686
v -11.918497085571289 -2.5715029239654541 2.2648842334747314
v -11.918497085571289 -2.5715029239654541 -1.7351157665252686
v -12.200227737426758 -3.3638079166412354 2.2648842334747314
v -12.200227737426758 -3.3638079166412354 -1.7351157665252686
v -12.567280769348145 -4.1480855941772461 2.2648842334747314
v -12.567280769348145 -4.1480855941772461 -1.7351157665252686
v -13.021030426025391 -4.9111576080322266 2.2648842334747314
v -13.021030426025391 -4.9111576080322266 -1.7351157665252686
v -13.557320594787598 -5.6356778144836426 2.2648842334747314
v -13.557320594787598 -5.6356778144836426 -1.7351157665252686
v -14.159320831298828 -6.2972221374511719 2.2648842334747314
v -14.159320831298828 -6.2972221374511719 -1.7351157665252686
v -14.831643104553223 -6.9004406929016113 2.2648842334747314
v -14.831643104553223 -6.9004406929016113 -1.7351157665252686
v -15.565285682678223 -7.4345932006835938 2.2648842334747314
v -15.565285682678223 -7.4345932006835938 -1.7351157665252686
v -16.349161148071289 -7.8909006118774414 2.2648842334747314
v -16.349161148071289 -7.8909006118774414 -1.7351157665252686
v -17.170646667480469 -8.2630138397216797 2.2648842334747314
v -17.170646667480469 -8.2630138397216797 -1.7351157665252686
v -18.016254425048828 -8.5473031997680664 2.2648842334747314
v -18.016254425048828 -8.5473031997680664 -1.7351157665252686
v -18.872337341308594 -8.7429313659667969 2.2648842334747314
v -18.872337341308594 -8.7429313659667969 -1.7351157665252686
v -19.725770950317383 -8.851715087890625 2.2648842334747314
v -19.725770950317383 -8.851715087890625 -1.7351157665252686
v -20.564533233642578 -8.8778104782104492 2.2648842334747314
v -20.564533233642578 -8.8778104782104492 -1.7351157665252686
v -21.42686653137207 -8.8218603134155273 2.2648842334747314
v -21.42686653137207 -8.8218603134155273 -1.7351157665252686
v -22.157922744750977 -8.7075586318969727 2.2648842334747314
v -22.157922744750977 -8.7075586318969727 -1.7351157665252686
v -22.998291015625 -8.496978759765625 2.2648842334747314
v -22.998291015625 -8.496978759765625 -1.7351157665252686
v -23.790596008300781 -8.2152481079101563 2.2648842334747314
v -23.790596008300781 -8.2152481079101563 -1.7351157665252686
v -24.574872970581055 -7.8481950759887695 2.2648842334747314
v -24.574872970581055 -7.8481950759887695 -1.7351157665252686
v -25.337945938110352 -7.3944449424743652 2.2648842334747314
v -25.337945938110352 -7.3944449424743652 -1.7351157665252686
v -26.062465667724609 -6.8581547737121582 2.2648842334747314
v -26.062465667724609 -6.8581547737121582 -1.7351157665252686
v -26.724010467529297 -6.2561545372009277 2.2648842334747314
v -26.724010467529297 -6.2561545372009277 -1.7351157665252686
v -27.327228546142578 -5.5838322639465332 2.2648842334747314
v -27.327228546142578 -5.5838322639465332 -1.7351157665252686
v -27.861381530761719 -4.8501896858215332 2.2648842334747314
v -27.861381530761719 -4.8501896858215332 -1.7351157665252686
v -28.31768798828125 -4.066314697265625 2.2648842334747314
v -28.31768798828125 -4.066314697265625 -1.7351157665252686
v -28.689802169799805 -3.2448287010192871 2.2648842334747314
v -28.689802169799805 -3.2448287010192871 -1.7351157665252686
v -28.974090576171875 -2.3992214202880859 2.2648842334747314
v -28.974090576171875 -2.3992214202880859 -1.7351157665252686
v -29.169719696044922 -1.5431382656097412 2.2648842334747314
v -29.169719696044922 -1.5431382656097412 -1.7351157665252686
v -29.27850341796875 -0.68970412015914917 2.2648842334747314
v -29.27850341796875 -0.68970412015914917 -1.7351157665252686
v -29.304597854614258 0.14905789494514465 2.2648842334747314
v -29.304597854614258 0.14905789494514465 -1.7351157665252686
v -29.248647689819336 1.011391282081604 2.2648842334747314
v -29.248647689819336 1.011391282081604 -1.7351157665252686
v -29.134346008300781 1.7424474954605103 0.26488417387008667
v -29.248647689819336 1.011391282081604 0.26488417387008667
v -29.198646545410156 1.3810806274414063 2.2648842334747314
v -29.198646545410156 1.3810806274414063 0.26488417387008667
v -29.304597854614258 0.14905789494514465 0.26488417387008667
v -29.27850341796875 -0.68970412015914917 0.26488417387008667
v -29.301546096801758 -0.26779374480247498 2.2648842334747314
v -29.301546096801758 -0.26779374480247498 0.26488417387008667
v -29.169719696044922 -1.5431382656097412 0.26488417387008667
v -29.234756469726563 -1.1153068542480469 2.2648842334747314
v -29.234756469726563 -1.1153068542480469 0.26488417387008667
v -28.974090576171875 -2.3992214202880859 0.26488417387008667
v -29.08293342590332 -1.9716494083404541 2.2648842334747314
v -29.08293342590332 -1.9716494083404541 0.26488417387008667
v -28.689802169799805 -3.2448287010192871 0.26488417387008667
v -28.843040466308594 -2.8241827487945557 2.2648842334747314
v -28.843040466308594 -2.8241827487945557 0.26488417387008667
v -28.31768798828125 -4.066314697265625 0.26488417387008667
v -28.514560699462891 -3.6594419479370117 2.2648842334747314
v -28.514560699462891 -3.6594419479370117 0.26488417387008667
v -27.861381530761719 -4.8501896858215332 0.26488417387008667
v -28.099723815917969 -4.463770866394043 2.2648842334747314
v -28.099723815917969 -4.463770866394043 0.26488417387008667
v -27.327228546142578 -5.5838322639465332 0.26488417387008667
v -26.724010467529297 -6.2561545372009277 0.26488417387008667
v -27.033620834350586 -5.9282755851745605 2.2648842334747314
v -27.033620834350586 -5.9282755851745605 0.26488417387008667
v -26.062465667724609 -6.8581547737121582 0.26488417387008667
v -26.399797439575195 -6.5664143562316895 2.2648842334747314
v -26.399797439575195 -6.5664143562316895 0.26488417387008667
v -25.337945938110352 -7.3944449424743652 0.26488417387008667
v -24.574872970581055 -7.8481950759887695 0.26488417387008667
v -24.959917068481445 -7.6321430206298828 2.2648842334747314
v -24.959917068481445 -7.6321430206298828 0.26488417387008667
v -23.790596008300781 -8.2152481079101563 0.26488417387008667
v -24.184537887573242 -8.0425310134887695 2.2648842334747314
v -24.184537887573242 -8.0425310134887695 0.26488417387008667
v -22.998291015625 -8.496978759765625 0.26488417387008667
v -23.394664764404297 -8.3665981292724609 2.2648842334747314
v -23.394664764404297 -8.3665981292724609 0.26488417387008667
v -22.157922744750977 -8.7075586318969727 0.26488417387008667
v -21.42686653137207 -8.8218603134155273 0.26488417387008667
v -21.79655647277832 -8.7718582153320313 2.2648842334747314
v -21.79655647277832 -8.7718582153320313 0.26488417387008667
v -20.564533233642578 -8.8778104782104492 0.26488417387008667
v -19.725770950317383 -8.851715087890625 0.26488417387008667
v -20.147682189941406 -8.8747587203979492 2.2648842334747314
v -20.147682189941406 -8.8747587203979492 0.26488417387008667
v -18.872337341308594 -8.7429313659667969 0.26488417387008667
v -19.300168991088867 -8.8079690933227539 2.2648842334747314
v -19.300168991088867 -8.8079690933227539 0.26488417387008667
v -18.016254425048828 -8.5473031997680664 0.26488417387008667
v -18.443826675415039 -8.6561460494995117 2.2648842334747314
v -18.443826675415039 -8.6561460494995117 0.26488417387008667
v -17.170646667480469 -8.2630138397216797 0.26488417387008667
v -17.591293334960938 -8.4162530899047852 2.2648842334747314
v -17.591293334960938 -8.4162530899047852 0.26488417387008667
v -16.349161148071289 -7.8909006118774414 0.26488417387008667
v -16.756032943725586 -8.087773323059082 2.2648842334747314
v -16.756032943725586 -8.087773323059082 0.26488417387008667
v -15.565285682678223 -7.4345932006835938 0.26488417387008667
v -15.951704978942871 -7.672935962677002 2.2648842334747314
v -15.951704978942871 -7.672935962677002 0.26488417387008667
v -14.831643104553223 -6.9004406929016113 0.26488417387008667
v -14.159320831298828 -6.2972221374511719 0.26488417387008667
v -14.487200736999512 -6.6068325042724609 2.2648842334747314
v -14.487200736999512 -6.6068325042724609 0.26488417387008667
v -13.557320594787598 -5.6356778144836426 0.26488417387008667
v -13.849061012268066 -5.9730091094970703 2.2648842334747314
v -13.849061012268066 -5.9730091094970703 0.26488417387008667
v -13.021030426025391 -4.9111576080322266 0.26488417387008667
v -12.567280769348145 -4.1480855941772461 0.26488417387008667
v -12.783332824707031 -4.5331296920776367 2.2648842334747314
v -12.783332824707031 -4.5331296920776367 0.26488417387008667
v -12.200227737426758 -3.3638079166412354 0.26488417387008667
v -12.372944831848145 -3.7577507495880127 2.2648842334747314
v -12.372944831848145 -3.7577507495880127 0.26488417387008667
v -11.918497085571289 -2.5715029239654541 0.26488417387008667
v -12.048876762390137 -2.9678778648376465 2.2648842334747314
v -12.048876762390137 -2.9678778648376465 0.26488417387008667
v -11.707917213439941 -1.731135368347168 0.26488417387008667
v -11.593615531921387 -1.0000792741775513 0.26488417387008667
v -11.643617630004883 -1.369768500328064 2.2648842334747314
v -11.643617630004883 -1.369768500328064 0.26488417387008667
v -11.537664413452148 -0.13774584233760834 0.26488417387008667
v -11.563760757446289 0.7010161280632019 0.26488417387008667
v -11.540716171264648 0.27910581231117249 2.2648842334747314
v -11.540716171264648 0.27910581231117249 0.26488417387008667
v -11.672544479370117 1.5544502735137939 0.26488417387008667
v -11.60750675201416 1.1266189813613892 2.2648842334747314
v -11.60750675201416 1.1266189813613892 0.26488417387008667
v -11.868172645568848 2.4105334281921387 0.26488417387008667
v -11.759329795837402 1.9829614162445068 2.2648842334747314
v -11.759329795837402 1.9829614162445068 0.26488417387008667
v -12.152462005615234 3.2561409473419189 0.26488417387008667
v -11.999221801757813 2.8354949951171875 2.2648842334747314
v -11.999221801757813 2.8354949951171875 0.26488417387008667
v -12.524575233459473 4.0776267051696777 0.26488417387008667
v -12.327701568603516 3.6707539558410645 2.2648842334747314
v -12.327701568603516 3.6707539558410645 0.26488417387008667
v -12.98088264465332 4.8615016937255859 0.26488417387008667
v -12.74254035949707 4.4750828742980957 2.2648842334747314
v -12.74254035949707 4.4750828742980957 0.26488417387008667
v -13.515035629272461 5.5951442718505859 0.26488417387008667
v -14.118253707885742 6.2674665451049805 0.26488417387008667
v -13.808643341064453 5.9395875930786133 2.2648842334747314
v -13.808643341064453 5.9395875930786133 0.26488417387008667
v -14.779797554016113 6.8694667816162109 0.26488417387008667
v -14.442466735839844 6.5777263641357422 2.2648842334747314
v -14.442466735839844 6.5777263641357422 0.26488417387008667
v -15.504318237304688 7.405756950378418 0.26488417387008667
v -16.267389297485352 7.8595075607299805 0.26488417387008667
v -15.882346153259277 7.6434550285339355 2.2648842334747314
v -15.882346153259277 7.6434550285339355 0.26488417387008667
v -17.051668167114258 8.2265596389770508 0.26488417387008667
v -16.657724380493164 8.0538434982299805 2.2648842334747314
v -16.657724380493164 8.0538434982299805 0.26488417387008667
v -17.843973159790039 8.5082912445068359 0.26488417387008667
v -17.447597503662109 8.3779106140136719 2.2648842334747314
v -17.447597503662109 8.3779106140136719 0.26488417387008667
v -18.68433952331543 8.7188701629638672 0.26488417387008667
v -19.415395736694336 8.8331727981567383 0.26488417387008667
v -19.045707702636719 8.7831707000732422 2.2648842334747314
v -19.045707702636719 8.7831707000732422 0.26488417387008667
v -20.277729034423828 8.8891229629516602 0.26488417387008667
v -21.116491317749023 8.8630275726318359 0.26488417387008667
v -20.694581985473633 8.8860712051391602 2.2648842334747314
v -20.694581985473633 8.8860712051391602 0.26488417387008667
v -21.969926834106445 8.7542438507080078 0.26488417387008667
v -21.542095184326172 8.8192815780639648 2.2648842334747314
v -21.542095184326172 8.8192815780639648 0.26488417387008667
v -22.826009750366211 8.5586156845092773 0.26488417387008667
v -22.3984375 8.6674575805664063 2.2648842334747314
v -22.3984375 8.6674575805664063 0.26488417387008667
v -23.67161750793457 8.2743253707885742 0.26488417387008667
v -23.250970840454102 8.4275655746459961 2.2648842334747314
v -23.250970840454102 8.4275655746459961 0.26488417387008667
v -24.49310302734375 7.9022126197814941 0.26488417387008667
v -24.08622932434082 8.099085807800293 2.2648842334747314
v -24.08622932434082 8.099085807800293 0.26488417387008667
v -25.2769775390625 7.4459052085876465 0.26488417387008667
v -24.890558242797852 7.6842479705810547 2.2648842334747314
v -24.890558242797852 7.6842479705810547 0.26488417387008667
v -26.0106201171875 6.9117527008056641 0.26488417387008667
v -26.682943344116211 6.3085346221923828 0.26488417387008667
v -26.355062484741211 6.6181445121765137 2.2648842334747314
v -26.355062484741211 6.6181445121765137 0.26488417387008667
v -27.284942626953125 5.6469898223876953 0.26488417387008667
v -26.993202209472656 5.984321117401123 2.2648842334747314
v -26.993202209472656 5.984321117401123 0.26488417387008667
v -27.821231842041016 4.9224696159362793 0.26488417387008667
v -28.274982452392578 4.1593976020812988 0.26488417387008667
v -28.058931350708008 4.5444421768188477 2.2648842334747314
v -28.058931350708008 4.5444421768188477 0.26488417387008667
v -28.642036437988281 3.3751199245452881 0.26488417387008667
v -28.469318389892578 3.7690627574920654 2.2648842334747314
v -28.469318389892578 3.7690627574920654 0.26488417387008667
v -28.92376708984375 2.5828149318695068 0.26488417387008667
v -28.793386459350586 2.9791898727416992 2.2648842334747314
v -28.793386459350586 2.9791898727416992 0.26488417387008667
v -29.04029655456543 2.1612415313720703 2.2648842334747314
v -29.04029655456543 2.1612415313720703 0.26488417387008667
v -28.92376708984375 2.5828149318695068 4.2648839950561523
v -29.134346008300781 1.7424474954605103 4.2648839950561523
v -29.04029655456543 2.1612415313720703 4.2648839950561523
v -28.642036437988281 3.3751199245452881 4.2648839950561523
v -28.793386459350586 2.9791898727416992 4.2648839950561523
v -28.274982452392578 4.1593976020812988 4.2648839950561523
v -28.469318389892578 3.7690627574920654 4.2648839950561523
v -27.821231842041016 4.9224696159362793 4.2648839950561523
v -28.058931350708008 4.5444421768188477 4.2648839950561523
v -27.284942626953125 5.6469898223876953 4.2648839950561523
v -27.563468933105469 5.2899327278137207 2.2648842334747314
v -27.563468933105469 5.2899327278137207 4.2648839950561523
v -26.682943344116211 6.3085346221923828 4.2648839950561523
v -26.993202209472656 5.984321117401123 4.2648839950561523
v -26.0106201171875 6.9117527008056641 4.2648839950561523
v -26.355062484741211 6.6181445121765137 4.2648839950561523
v -25.2769775390625 7.4459052085876465 4.2648839950561523
v -25.650814056396484 7.1880631446838379 2.2648842334747314
v -25.650814056396484 7.1880631446838379 4.2648839950561523
v -24.49310302734375 7.9022126197814941 4.2648839950561523
v -24.890558242797852 7.6842479705810547 4.2648839950561523
v -23.67161750793457 8.2743253707885742 4.2648839950561523
v -24.08622932434082 8.099085807800293 4.2648839950561523
v -22.826009750366211 8.5586156845092773 4.2648839950561523
v -23.250970840454102 8.4275655746459961 4.2648839950561523
v -21.969926834106445 8.7542438507080078 4.2648839950561523
v -22.3984375 8.6674575805664063 4.2648839950561523
v -21.116491317749023 8.8630275726318359 4.2648839950561523
v -21.542095184326172 8.8192815780639648 4.2648839950561523
v -20.277729034423828 8.8891229629516602 4.2648839950561523
v -20.694581985473633 8.8860712051391602 4.2648839950561523
v -19.415395736694336 8.8331727981567383 4.2648839950561523
v -19.842325210571289 8.8714065551757813 2.2648842334747314
v -19.842325210571289 8.8714065551757813 4.2648839950561523
v -18.68433952331543 8.7188701629638672 4.2648839950561523
v -19.045707702636719 8.7831707000732422 4.2648839950561523
v -17.843973159790039 8.5082912445068359 4.2648839950561523
v -18.265546798706055 8.6248207092285156 2.2648842334747314
v -18.265546798706055 8.6248207092285156 4.2648839950561523
v -17.051668167114258 8.2265596389770508 4.2648839950561523
v -17.447597503662109 8.3779106140136719 4.2648839950561523
v -16.267389297485352 7.8595075607299805 4.2648839950561523
v -16.657724380493164 8.0538434982299805 4.2648839950561523
v -15.504318237304688 7.405756950378418 4.2648839950561523
v -15.882346153259277 7.6434550285339355 4.2648839950561523
v -14.779797554016113 6.8694667816162109 4.2648839950561523
v -15.136855125427246 7.1479926109313965 2.2648842334747314
v -15.136855125427246 7.1479926109313965 4.2648839950561523
v -14.118253707885742 6.2674665451049805 4.2648839950561523
v -14.442466735839844 6.5777263641357422 4.2648839950561523
v -13.515035629272461 5.5951442718505859 4.2648839950561523
v -13.808643341064453 5.9395875930786133 4.2648839950561523
v -12.98088264465332 4.8615016937255859 4.2648839950561523
v -13.238724708557129 5.2353382110595703 2.2648842334747314
v -13.238724708557129 5.2353382110595703 4.2648839950561523
v -12.524575233459473 4.0776267051696777 4.2648839950561523
v -12.74254035949707 4.4750828742980957 4.2648839950561523
v -12.152462005615234 3.2561409473419189 4.2648839950561523
v -12.327701568603516 3.6707539558410645 4.2648839950561523
v -11.868172645568848 2.4105334281921387 4.2648839950561523
v -11.999221801757813 2.8354949951171875 4.2648839950561523
v -11.672544479370117 1.5544502735137939 4.2648839950561523
v -11.759329795837402 1.9829614162445068 4.2648839950561523
v -11.563760757446289 0.7010161280632019 4.2648839950561523
v -11.60750675201416 1.1266189813613892 4.2648839950561523
v -11.537664413452148 -0.13774584233760834 4.2648839950561523
v -11.540716171264648 0.27910581231117249 4.2648839950561523
v -11.593615531921387 -1.0000792741775513 4.2648839950561523
v -11.555380821228027 -0.57315009832382202 2.2648842334747314
v -11.555380821228027 -0.57315009832382202 4.2648839950561523
v -11.707917213439941 -1.731135368347168 4.2648839950561523
v -11.643617630004883 -1.369768500328064 4.2648839950561523
v -11.918497085571289 -2.5715029239654541 4.2648839950561523
v -11.801966667175293 -2.1499295234680176 2.2648842334747314
v -11.801966667175293 -2.1499295234680176 4.2648839950561523
v -12.200227737426758 -3.3638079166412354 4.2648839950561523
v -12.048876762390137 -2.9678778648376465 4.2648839950561523
v -12.567280769348145 -4.1480855941772461 4.2648839950561523
v -12.372944831848145 -3.7577507495880127 4.2648839950561523
v -13.021030426025391 -4.9111576080322266 4.2648839950561523
v -12.783332824707031 -4.5331296920776367 4.2648839950561523
v -13.557320594787598 -5.6356778144836426 4.2648839950561523
v -13.27879524230957 -5.2786202430725098 2.2648842334747314
v -13.27879524230957 -5.2786202430725098 4.2648839950561523
v -14.159320831298828 -6.2972221374511719 4.2648839950561523
v -13.849061012268066 -5.9730091094970703 4.2648839950561523
v -14.831643104553223 -6.9004406929016113 4.2648839950561523
v -14.487200736999512 -6.6068325042724609 4.2648839950561523
v -15.565285682678223 -7.4345932006835938 4.2648839950561523
v -15.191449165344238 -7.1767511367797852 2.2648842334747314
v -15.191449165344238 -7.1767511367797852 4.2648839950561523
v -16.349161148071289 -7.8909006118774414 4.2648839950561523
v -15.951704978942871 -7.672935962677002 4.2648839950561523
v -17.170646667480469 -8.2630138397216797 4.2648839950561523
v -16.756032943725586 -8.087773323059082 4.2648839950561523
v -18.016254425048828 -8.5473031997680664 4.2648839950561523
v -17.591293334960938 -8.4162530899047852 4.2648839950561523
v -18.872337341308594 -8.7429313659667969 4.2648839950561523
v -18.443826675415039 -8.6561460494995117 4.2648839950561523
v -19.725770950317383 -8.851715087890625 4.2648839950561523
v -19.300168991088867 -8.8079690933227539 4.2648839950561523
v -20.564533233642578 -8.8778104782104492 4.2648839950561523
v -20.147682189941406 -8.8747587203979492 4.2648839950561523
v -21.42686653137207 -8.8218603134155273 4.2648839950561523
v -20.999937057495117 -8.8600940704345703 2.2648842334747314
v -20.999937057495117 -8.8600940704345703 4.2648839950561523
v -22.157922744750977 -8.7075586318969727 4.2648839950561523
v -21.79655647277832 -8.7718582153320313 4.2648839950561523
v -22.998291015625 -8.496978759765625 4.2648839950561523
v -22.576717376708984 -8.6135082244873047 2.2648842334747314
v -22.576717376708984 -8.6135082244873047 4.2648839950561523
v -23.790596008300781 -8.2152481079101563 4.2648839950561523
v -23.394664764404297 -8.3665981292724609 4.2648839950561523
v -24.574872970581055 -7.8481950759887695 4.2648839950561523
v -24.184537887573242 -8.0425310134887695 4.2648839950561523
v -25.337945938110352 -7.3944449424743652 4.2648839950561523
v -24.959917068481445 -7.6321430206298828 4.2648839950561523
v -26.062465667724609 -6.8581547737121582 4.2648839950561523
v -25.705408096313477 -7.1366806030273438 2.2648842334747314
v -25.705408096313477 -7.1366806030273438 4.2648839950561523
v -26.724010467529297 -6.2561545372009277 4.2648839950561523
v -26.399797439575195 -6.5664143562316895 4.2648839950561523
v -27.327228546142578 -5.5838322639465332 4.2648839950561523
v -27.033620834350586 -5.9282755851745605 4.2648839950561523
v -27.861381530761719 -4.8501896858215332 4.2648839950561523
v -27.603538513183594 -5.2240262031555176 2.2648842334747314
v -27.603538513183594 -5.2240262031555176 4.2648839950561523
v -28.31768798828125 -4.066314697265625 4.2648839950561523
v -28.099723815917969 -4.463770866394043 4.2648839950561523
v -28.689802169799805 -3.2448287010192871 4.2648839950561523
v -28.514560699462891 -3.6594419479370117 4.2648839950561523
v -28.974090576171875 -2.3992214202880859 4.2648839950561523
v -28.843040466308594 -2.8241827487945557 4.2648839950561523
v -29.169719696044922 -1.5431382656097412 4.2648839950561523
v -29.08293342590332 -1.9716494083404541 4.2648839950561523
v -29.27850341796875 -0.68970412015914917 4.2648839950561523
v -29.234756469726563 -1.1153068542480469 4.2648839950561523
v -29.304597854614258 0.14905789494514465 4.2648839950561523
v -29.301546096801758 -0.26779374480247498 4.2648839950561523
v -29.248647689819336 1.011391282081604 4.2648839950561523
v -29.286882400512695 0.58446210622787476 2.2648842334747314
v -29.286882400512695 0.58446210622787476 4.2648839950561523
v -29.198646545410156 1.3810806274414063 4.2648839950561523
v -20.421131134033203 0.0056560253724455833 -1.7351157665252686
v -20.421131134033203 4.4479680061340332 -1.7351157665252686
v -24.863443374633789 0.0056560253724455833 -1.7351157665252686
v -24.863443374633789 4.4479680061340332 -1.7351157665252686
v -24.863443374633789 2.2268121242523193 -1.7351157665252686
v -27.084600448608398 0.0056560253724455833 -1.7351157665252686
v -27.084600448608398 4.4479680061340332 -1.7351157665252686
v -27.084600448608398 2.2268121242523193 -1.7351157665252686
v -20.421131134033203 -4.4366559982299805 -1.7351157665252686
v -24.863443374633789 -4.4366559982299805 -1.7351157665252686
v -27.084600448608398 1.1162340641021729 -1.7351157665252686
v -28.195178985595703 0.0056560253724455833 -1.7351157665252686
v -28.195178985595703 2.2268121242523193 -1.7351157665252686
v -28.195178985595703 1.1162340641021729 -1.7351157665252686
v -24.863443374633789 -2.2155001163482666 -1.7351157665252686
v -27.084600448608398 -4.4366559982299805 -1.7351157665252686
v -27.084600448608398 -2.2155001163482666 -1.7351157665252686
v -24.863443374633789 6.6691241264343262 -1.7351157665252686
v -20.421131134033203 6.6691241264343262 -1.7351157665252686
v -22.642288208007813 4.4479680061340332 -1.7351157665252686
v -22.642288208007813 6.6691241264343262 -1.7351157665252686
v -15.978819847106934 0.0056560253724455833 -1.7351157665252686
v -15.978819847106934 4.4479680061340332 -1.7351157665252686
v -15.978819847106934 6.6691241264343262 -1.7351157665252686
v -18.199975967407227 4.4479680061340332 -1.7351157665252686
v -18.199975967407227 6.6691241264343262 -1.7351157665252686
v -18.199975967407227 7.7797021865844727 -1.7351157665252686
v -19.310554504394531 6.6691241264343262 -1.7351157665252686
v -20.421131134033203 7.7797021865844727 -1.7351157665252686
v -19.310554504394531 7.7797021865844727 -1.7351157665252686
v -13.757663726806641 4.4479680061340332 -1.7351157665252686
v -13.757663726806641 0.0056560253724455833 -1.7351157665252686
v -15.978819847106934 2.2268121242523193 -1.7351157665252686
v -13.757663726806641 2.2268121242523193 -1.7351157665252686
v -15.978819847106934 -4.4366559982299805 -1.7351157665252686
v -13.757663726806641 -4.4366559982299805 -1.7351157665252686
v -15.978819847106934 -2.2155001163482666 -1.7351157665252686
v -13.757663726806641 -2.2155001163482666 -1.7351157665252686
v -12.647085189819336 -2.2155001163482666 -1.7351157665252686
v -13.757663726806641 -1.1049220561981201 -1.7351157665252686
v -12.647085189819336 0.0056560253724455833 -1.7351157665252686
v -12.647085189819336 -1.1049220561981201 -1.7351157665252686
v -15.978819847106934 -6.6578121185302734 -1.7351157665252686
v -20.421131134033203 -6.6578121185302734 -1.7351157665252686
v -18.199975967407227 -4.4366559982299805 -1.7351157665252686
v -18.199975967407227 -6.6578121185302734 -1.7351157665252686
v -24.863443374633789 -6.6578121185302734 -1.7351157665252686
v -22.642288208007813 -4.4366559982299805 -1.7351157665252686
v -22.642288208007813 -6.6578121185302734 -1.7351157665252686
v -20.421131134033203 -7.7683901786804199 -1.7351157665252686
v -22.642288208007813 -7.7683901786804199 -1.7351157665252686
v -21.531709671020508 -6.6578121185302734 -1.7351157665252686
v -21.531709671020508 -7.7683901786804199 -1.7351157665252686
vt 0.59733802080154419 0.56481319665908813
vt 0.63381272554397583 0.45780220627784729
vt 0.63381272554397583 0.56481319665908813
vt 0.63381272554397583 0.51130771636962891
vt 0.61557537317276001 0.56481319665908813
vt 0.59733867645263672 0.53806042671203613
vt 0.59733939170837402 0.51130771636962891
vt 0.59734010696411133 0.4845549464225769
vt 0.59734076261520386 0.45780220627784729
vt 0.61557674407958984 0.45780220627784729
vt 0.59587317705154419 0.45780220627784729
vt 0.59587317705154419 0.56481319665908813
vt 0.59587317705154419 0.51130771636962891
vt 0.57881420850753784 0.56481319665908813
vt 0.56175523996353149 0.56481319665908813
vt 0.56174087524414063 0.45780220627784729
vt 0.57880699634552002 0.45780220627784729
vt 0.56739205121994019 0.55258631706237793
vt 0.57161974906921387 0.53940111398696899
vt 0.5742415189743042 0.52553170919418335
vt 0.57512903213500977 0.51130574941635132
vt 0.57423770427703857 0.49708005785942078
vt 0.57161217927932739 0.48321142792701721
vt 0.56738096475601196 0.47002747654914856
vt 0.031181542202830315 0.062063302844762802
vt 0.031181542202830315 0.15533468127250671
vt 0.062481489032506943 0.18642513453960419
vt 0.093781441450119019 0.18642513453960419
vt 0.1250813752412796 0.18642513453960419
vt 0.15638133883476257 0.18642513453960419
vt 0.18768127262592316 0.12424421310424805
vt 0.18768127262592316 0.15533468127250671
vt 0.054647050797939301 0.20293150842189789
vt 0.046344395726919174 0.1976606547832489
vt 0.038299281150102615 0.19145631790161133
vt 0.030658222734928131 0.18432055413722992
vt 0.023573340848088264 0.17628440260887146
vt 0.01719522662460804 0.1674104630947113
vt 0.011664746329188347 0.15779328346252441
vt 0.0071046142838895321 0.147557333111763
vt 0.0036115916445851326 0.13685232400894165
vt 0.0012502737808972597 0.12584622204303741
vt 4.9233702156925574E-05 0.11471657454967499
vt 0 0.10364111512899399
vt 0.0010589200537651777 0.092788547277450562
vt 0.0031515636947005987 0.08231072872877121
vt 0.0061789951287209988 0.07233661413192749
vt 0.010025076568126678 0.062968634068965912
vt 0.014563947916030884 0.054281298071146011
vt 0.019870312884449959 0.046034213155508041
vt 0.026116454973816872 0.038042943924665451
vt 0.033300295472145081 0.030453028157353401
vt 0.041390586644411087 0.023415565490722656
vt 0.050324320793151855 0.017080139368772507
vt 0.060006305575370789 0.011586674489080906
vt 0.070311233401298523 0.0070570632815361023
vt 0.081088371574878693 0.0035874191671609879
vt 0.092168636620044708 0.0012419057311490178
vt 0.10337327420711517 4.8904181312536821E-05
vt 0.11452337354421616 0
vt 0.12544906139373779 0.0010518328053876758
vt 0.135997474193573 0.0031304701697081327
vt 0.14603880047798157 0.0061376392841339111
vt 0.15546990931034088 0.0099579794332385063
vt 0.16421577334403992 0.014466471970081329
vt 0.17251843214035034 0.019737321883440018
vt 0.18056352436542511 0.025941656902432442
vt 0.18820460140705109 0.033077418804168701
vt 0.19528947770595551 0.041113559156656265
vt 0.20166759192943573 0.04998750239610672
vt 0.20719808340072632 0.059604685753583908
vt 0.21175821125507355 0.06984063982963562
vt 0.21525123715400696 0.08054564893245697
vt 0.21761254966259003 0.091551750898361206
vt 0.21881358325481415 0.10268139839172363
vt 0.21886281669139862 0.11375686526298523
vt 0.21780389547348022 0.12460943311452866
vt 0.21571125090122223 0.13508723676204681
vt 0.21268382668495178 0.14506135880947113
vt 0.20883774757385254 0.15442934632301331
vt 0.20429888367652893 0.16311667859554291
vt 0.19899250566959381 0.17136377096176147
vt 0.1927463710308075 0.17935502529144287
vt 0.18556252121925354 0.18694494664669037
vt 0.17747223377227783 0.19398240745067596
vt 0.16853849589824677 0.20031782984733582
vt 0.15885651111602783 0.20581130683422089
vt 0.1485515832901001 0.21034091711044312
vt 0.13777443766593933 0.21381056308746338
vt 0.12669417262077332 0.21615608036518097
vt 0.11548954248428345 0.21734906733036041
vt 0.10433945059776306 0.21739797294139862
vt 0.093413762748241425 0.2163461446762085
vt 0.082865342497825623 0.21426750719547272
vt 0.07282402366399765 0.21126033365726471
vt 0.063392922282218933 0.20744000375270844
vt 0.062481489032506943 0.20197035372257233
vt 0.031181542202830315 0.07760852575302124
vt 0.01553157065063715 0.062063302844762802
vt 0.01553157065063715 0.07760852575302124
vt 0.20333124697208405 0.15533468127250671
vt 0.18768127262592316 0.13978943228721619
vt 0.20333124697208405 0.12424421310424805
vt 0.20333124697208405 0.13978943228721619
vt 0.093781441450119019 0.20197035372257233
vt 0.078131459653377533 0.18642513453960419
vt 0.078131459653377533 0.20197035372257233
vt 0.035978507250547409 0.10438159853219986
vt 0.037591617554426193 0.11088031530380249
vt 0.039869930595159531 0.11741837859153748
vt 0.042844269424676895 0.12390106171369553
vt 0.04652780294418335 0.13022372126579285
vt 0.050912808626890182 0.13627570867538452
vt 0.055968567728996277 0.14194564521312714
vt 0.06164088100194931 0.14712725579738617
vt 0.067853383719921112 0.1517254114151001
vt 0.074510738253593445 0.15566167235374451
vt 0.081503480672836304 0.15887865424156189
vt 0.088713862001895905 0.16134276986122131
vt 0.096022285521030426 0.16304507851600647
vt 0.10331341624259949 0.16400007903575897
vt 0.11048141866922379 0.16424308717250824
vt 0.11743403971195221 0.1638263612985611
vt 0.12409503012895584 0.16281446814537048
vt 0.130637526512146 0.16121213138103485
vt 0.13721963763237 0.15894907712936401
vt 0.143746018409729 0.15599465370178223
vt 0.15011127293109894 0.1523357629776001
vt 0.15620402991771698 0.14798010885715485
vt 0.16191217303276062 0.14295817911624908
vt 0.16712871193885803 0.13732384145259857
vt 0.17175783216953278 0.1311529129743576
vt 0.17572063207626343 0.12454010546207428
vt 0.17895928025245667 0.11759417504072189
vt 0.18144001066684723 0.11043205857276917
vt 0.18315377831459045 0.10317254066467285
vt 0.1841152161359787 0.095930218696594238
vt 0.18435986340045929 0.088810183107852936
vt 0.18394032120704651 0.081904105842113495
vt 0.18292160332202911 0.075287699699401855
vt 0.18130849301815033 0.068788982927799225
vt 0.17903017997741699 0.06225091964006424
vt 0.17605583369731903 0.055768232792615891
vt 0.17237231135368347 0.049445580691099167
vt 0.16798730194568634 0.043393593281507492
vt 0.16293154656887054 0.037723653018474579
vt 0.15725922584533691 0.032542042434215546
vt 0.15104673802852631 0.027943884953856468
vt 0.14438936114311218 0.024007625877857208
vt 0.13739663362503052 0.020790643990039825
vt 0.13018624484539032 0.018326517194509506
vt 0.1228778138756752 0.016624221578240395
vt 0.11558669805526733 0.015669224783778191
vt 0.10841868817806244 0.015426203608512878
vt 0.10146606713533401 0.015842944383621216
vt 0.09480508416891098 0.016854841262102127
vt 0.088262580335140228 0.018457159399986267
vt 0.081680469214916229 0.020720219239592552
vt 0.075154095888137817 0.023674651980400085
vt 0.068788841366767883 0.027333533391356468
vt 0.062696076929569244 0.031689189374446869
vt 0.056987930089235306 0.036711111664772034
vt 0.051771406084299088 0.042345460504293442
vt 0.047142267227172852 0.048516377806663513
vt 0.043179485946893692 0.055129185318946838
vt 0.039940826594829559 0.062075119465589523
vt 0.037460096180438995 0.06923723965883255
vt 0.03574632853269577 0.076496750116348267
vt 0.034784898161888123 0.083739079535007477
vt 0.034540243446826935 0.090859115123748779
vt 0.034959789365530014 0.097765199840068817
vt 0.046831518411636353 0.15533468127250671
vt 0.031181542202830315 0.13978943228721619
vt 0.046831518411636353 0.13978943228721619
vt 0.093781441450119019 0.17087990045547485
vt 0.062481489032506943 0.17087990045547485
vt 0.078131459653377533 0.17087990045547485
vt 0.1250813752412796 0.17087990045547485
vt 0.10943140834569931 0.18642513453960419
vt 0.10943140834569931 0.17087990045547485
vt 0.15638133883476257 0.17087990045547485
vt 0.14073134958744049 0.18642513453960419
vt 0.14073134958744049 0.17087990045547485
vt 0.17203129827976227 0.15533468127250671
vt 0.17203129827976227 0.13978943228721619
vt 0.031181542202830315 0.12424421310424805
vt 0.18768127262592316 0.062063302844762802
vt 0.56027603149414063 0.2914920449256897
vt 0.50132858753204346 0.2914920449256897
vt 0.44238114356994629 0.2914920449256897
vt 0.38343369960784912 0.2914920449256897
vt 0.50132858753204346 0.30313608050346375
vt 0.44238114356994629 0.30313608050346375
vt 0.50132858753204346 0.31405451893806458
vt 0.44238114356994629 0.31405451893806458
vt 0.50132858753204346 0.32497295737266541
vt 0.44238114356994629 0.32497295737266541
vt 0.50132858753204346 0.33589139580726624
vt 0.44238114356994629 0.33589139580726624
vt 0.50132858753204346 0.34675592184066772
vt 0.44238114356994629 0.34675592184066772
vt 0.50132858753204346 0.35737600922584534
vt 0.44238114356994629 0.35737600922584534
vt 0.50132858753204346 0.36799606680870056
vt 0.44238114356994629 0.36799606680870056
vt 0.50132858753204346 0.37861612439155579
vt 0.44238114356994629 0.37861612439155579
vt 0.50132858753204346 0.38923618197441101
vt 0.44238114356994629 0.38923618197441101
vt 0.50132858753204346 0.39985623955726624
vt 0.44238114356994629 0.39985623955726624
vt 0.50132858753204346 0.41047629714012146
vt 0.44238114356994629 0.41047629714012146
vt 0.50132858753204346 0.42109635472297668
vt 0.44238114356994629 0.42109635472297668
vt 0.50132858753204346 0.43171641230583191
vt 0.44238114356994629 0.43171641230583191
vt 0.50132858753204346 0.44233646988868713
vt 0.44238114356994629 0.44233646988868713
vt 0.50132858753204346 0.45360586047172546
vt 0.44238114356994629 0.45360586047172546
vt 0.50132858753204346 0.58256083726882935
vt 0.44238114356994629 0.58256083726882935
vt 0.50132858753204346 0.59318089485168457
vt 0.44238114356994629 0.59318089485168457
vt 0.50132858753204346 0.60380095243453979
vt 0.44238114356994629 0.60380095243453979
vt 0.50132858753204346 0.61442101001739502
vt 0.44238114356994629 0.61442101001739502
vt 0.50132858753204346 0.62569040060043335
vt 0.44238114356994629 0.62569040060043335
vt 0.50132858753204346 0.63566112518310547
vt 0.44238114356994629 0.63566112518310547
vt 0.50132858753204346 0.6473051905632019
vt 0.44238114356994629 0.6473051905632019
vt 0.50132858753204346 0.65822362899780273
vt 0.44238114356994629 0.65822362899780273
vt 0.50132858753204346 0.66914206743240356
vt 0.44238114356994629 0.66914206743240356
vt 0.50132858753204346 0.68006050586700439
vt 0.44238114356994629 0.68006050586700439
vt 0.50132858753204346 0.69092506170272827
vt 0.44238114356994629 0.69092506170272827
vt 0.50132858753204346 0.7015451192855835
vt 0.44238114356994629 0.7015451192855835
vt 0.50132858753204346 0.71216517686843872
vt 0.44238114356994629 0.71216517686843872
vt 0.50132858753204346 0.72278523445129395
vt 0.44238114356994629 0.72278523445129395
vt 0.50132858753204346 0.73340523242950439
vt 0.44238114356994629 0.73340523242950439
vt 0.50132858753204346 0.74402529001235962
vt 0.44238114356994629 0.74402529001235962
vt 0.50132858753204346 0.75464540719985962
vt 0.44238114356994629 0.75464540719985962
vt 0.50132858753204346 0.76526546478271484
vt 0.44238114356994629 0.76526546478271484
vt 0.50132858753204346 0.77588552236557007
vt 0.44238114356994629 0.77588552236557007
vt 0.50132858753204346 0.78650557994842529
vt 0.44238114356994629 0.78650557994842529
vt 0.50132858753204346 0.79777497053146362
vt 0.44238114356994629 0.79777497053146362
vt 0.50132858753204346 0.80774569511413574
vt 0.44238114356994629 0.80774569511413574
vt 0.50132858753204346 0.8193897008895874
vt 0.44238114356994629 0.8193897008895874
vt 0.50132858753204346 0.83030819892883301
vt 0.44238114356994629 0.83030819892883301
vt 0.50132858753204346 0.84122657775878906
vt 0.44238114356994629 0.84122657775878906
vt 0.50132858753204346 0.85214507579803467
vt 0.44238114356994629 0.85214507579803467
vt 0.50132858753204346 0.86300957202911377
vt 0.44238114356994629 0.86300957202911377
vt 0.50132858753204346 0.87362962961196899
vt 0.44238114356994629 0.87362962961196899
vt 0.50132858753204346 0.88424968719482422
vt 0.44238114356994629 0.88424968719482422
vt 0.50132858753204346 0.89486974477767944
vt 0.44238114356994629 0.89486974477767944
vt 0.50132858753204346 0.90548980236053467
vt 0.44238114356994629 0.90548980236053467
vt 0.50132858753204346 0.91610985994338989
vt 0.44238114356994629 0.91610985994338989
vt 0.50132858753204346 0.92672997713088989
vt 0.44238114356994629 0.92672997713088989
vt 0.50132858753204346 0.93735003471374512
vt 0.44238114356994629 0.93735003471374512
vt 0.50132858753204346 0.94797009229660034
vt 0.44238114356994629 0.94797009229660034
vt 0.50132858753204346 0.95859014987945557
vt 0.44238114356994629 0.95859014987945557
vt 0.50132858753204346 0.9698595404624939
vt 0.44238114356994629 0.9698595404624939
vt 0.50132858753204346 0.97983026504516602
vt 0.44238114356994629 0.97983026504516602
vt 0.38343369960784912 0.97983026504516602
vt 0.56027603149414063 0.3022473156452179
vt 0.56027603149414063 0.31300261616706848
vt 0.56027603149414063 0.32375788688659668
vt 0.56027603149414063 0.33451318740844727
vt 0.56027603149414063 0.34526845812797546
vt 0.56027603149414063 0.35602375864982605
vt 0.56027603149414063 0.36677902936935425
vt 0.56027603149414063 0.37753430008888245
vt 0.56027603149414063 0.38828960061073303
vt 0.56027603149414063 0.39904487133026123
vt 0.56027603149414063 0.40980017185211182
vt 0.56027603149414063 0.42055544257164001
vt 0.56027603149414063 0.4313107430934906
vt 0.56027603149414063 0.4420660138130188
vt 0.56027603149414063 0.45282131433486938
vt 0.56027603149414063 0.46357658505439758
vt 0.56027603149414063 0.47433188557624817
vt 0.56027603149414063 0.48508715629577637
vt 0.56027603149414063 0.49584245681762695
vt 0.56027603149414063 0.50659769773483276
vt 0.56027603149414063 0.51735299825668335
vt 0.56027603149414063 0.52810829877853394
vt 0.56027603149414063 0.53886359930038452
vt 0.56027603149414063 0.54961884021759033
vt 0.56027603149414063 0.56037414073944092
vt 0.56027603149414063 0.5711294412612915
vt 0.56027603149414063 0.58188474178314209
vt 0.56027603149414063 0.5926399827003479
vt 0.56027603149414063 0.60339528322219849
vt 0.56027603149414063 0.61415058374404907
vt 0.56027603149414063 0.62490588426589966
vt 0.56027603149414063 0.63566112518310547
vt 0.56027603149414063 0.64641642570495605
vt 0.56027603149414063 0.65717172622680664
vt 0.56027603149414063 0.66792696714401245
vt 0.56027603149414063 0.67868226766586304
vt 0.56027603149414063 0.68943756818771362
vt 0.56027603149414063 0.70019286870956421
vt 0.56027603149414063 0.71094810962677002
vt 0.56027603149414063 0.72170341014862061
vt 0.56027603149414063 0.73245871067047119
vt 0.56027603149414063 0.74321401119232178
vt 0.56027603149414063 0.75396925210952759
vt 0.56027603149414063 0.76472455263137817
vt 0.56027603149414063 0.77547985315322876
vt 0.56027603149414063 0.78623509407043457
vt 0.56027603149414063 0.79699039459228516
vt 0.56027603149414063 0.80774569511413574
vt 0.56027603149414063 0.81850099563598633
vt 0.56027603149414063 0.82925623655319214
vt 0.56027603149414063 0.84001153707504272
vt 0.56027603149414063 0.85076683759689331
vt 0.56027603149414063 0.8615221381187439
vt 0.56027603149414063 0.87227737903594971
vt 0.56027603149414063 0.88303267955780029
vt 0.56027603149414063 0.89378798007965088
vt 0.56027603149414063 0.90454328060150146
vt 0.56027603149414063 0.91529852151870728
vt 0.56027603149414063 0.92605382204055786
vt 0.56027603149414063 0.93680912256240845
vt 0.56027603149414063 0.94756436347961426
vt 0.56027603149414063 0.95831966400146484
vt 0.56027603149414063 0.96907496452331543
vt 0.56027603149414063 0.97983026504516602
vt 0.53080230951309204 0.30313608050346375
vt 0.50132858753204346 0.29731407761573792
vt 0.53080230951309204 0.2914920449256897
vt 0.53080230951309204 0.29731407761573792
vt 0.53080230951309204 0.31405451893806458
vt 0.50132858753204346 0.30859529972076416
vt 0.53080230951309204 0.30859529972076416
vt 0.53080230951309204 0.32497295737266541
vt 0.50132858753204346 0.31951373815536499
vt 0.53080230951309204 0.31951373815536499
vt 0.53080230951309204 0.33589139580726624
vt 0.50132858753204346 0.33043217658996582
vt 0.53080230951309204 0.33043217658996582
vt 0.53080230951309204 0.34675592184066772
vt 0.50132858753204346 0.34132367372512817
vt 0.53080230951309204 0.34132367372512817
vt 0.53080230951309204 0.35737600922584534
vt 0.50132858753204346 0.35206598043441772
vt 0.53080230951309204 0.35206598043441772
vt 0.53080230951309204 0.36799606680870056
vt 0.50132858753204346 0.36268603801727295
vt 0.53080230951309204 0.36268603801727295
vt 0.53080230951309204 0.37861612439155579
vt 0.50132858753204346 0.37330609560012817
vt 0.53080230951309204 0.37330609560012817
vt 0.53080230951309204 0.38923618197441101
vt 0.50132858753204346 0.3839261531829834
vt 0.53080230951309204 0.3839261531829834
vt 0.53080230951309204 0.39985623955726624
vt 0.50132858753204346 0.39454621076583862
vt 0.53080230951309204 0.39454621076583862
vt 0.53080230951309204 0.41047629714012146
vt 0.50132858753204346 0.40516626834869385
vt 0.53080230951309204 0.40516626834869385
vt 0.53080230951309204 0.42109635472297668
vt 0.50132858753204346 0.41578632593154907
vt 0.53080230951309204 0.41578632593154907
vt 0.53080230951309204 0.43171641230583191
vt 0.50132858753204346 0.4264063835144043
vt 0.53080230951309204 0.4264063835144043
vt 0.53080230951309204 0.44233646988868713
vt 0.50132858753204346 0.43702644109725952
vt 0.53080230951309204 0.43702644109725952
vt 0.53080230951309204 0.45360586047172546
vt 0.50132858753204346 0.4479711651802063
vt 0.53080230951309204 0.4479711651802063
vt 0.53080230951309204 0.58256083726882935
vt 0.50132858753204346 0.57725083827972412
vt 0.53080230951309204 0.57725083827972412
vt 0.53080230951309204 0.59318089485168457
vt 0.50132858753204346 0.58787089586257935
vt 0.53080230951309204 0.58787089586257935
vt 0.53080230951309204 0.60380095243453979
vt 0.50132858753204346 0.59849095344543457
vt 0.53080230951309204 0.59849095344543457
vt 0.53080230951309204 0.61442101001739502
vt 0.50132858753204346 0.60911101102828979
vt 0.53080230951309204 0.60911101102828979
vt 0.53080230951309204 0.62569040060043335
vt 0.50132858753204346 0.62005573511123657
vt 0.53080230951309204 0.62005573511123657
vt 0.53080230951309204 0.63566112518310547
vt 0.50132858753204346 0.6306757926940918
vt 0.53080230951309204 0.6306757926940918
vt 0.53080230951309204 0.6473051905632019
vt 0.50132858753204346 0.64148318767547607
vt 0.53080230951309204 0.64148318767547607
vt 0.53080230951309204 0.65822362899780273
vt 0.50132858753204346 0.65276443958282471
vt 0.53080230951309204 0.65276443958282471
vt 0.53080230951309204 0.66914206743240356
vt 0.50132858753204346 0.66368281841278076
vt 0.53080230951309204 0.66368281841278076
vt 0.53080230951309204 0.68006050586700439
vt 0.50132858753204346 0.67460131645202637
vt 0.53080230951309204 0.67460131645202637
vt 0.53080230951309204 0.69092506170272827
vt 0.50132858753204346 0.68549275398254395
vt 0.53080230951309204 0.68549275398254395
vt 0.53080230951309204 0.7015451192855835
vt 0.50132858753204346 0.6962350606918335
vt 0.53080230951309204 0.6962350606918335
vt 0.53080230951309204 0.71216517686843872
vt 0.50132858753204346 0.70685511827468872
vt 0.53080230951309204 0.70685511827468872
vt 0.53080230951309204 0.72278523445129395
vt 0.50132858753204346 0.71747517585754395
vt 0.53080230951309204 0.71747517585754395
vt 0.53080230951309204 0.73340523242950439
vt 0.50132858753204346 0.72809523344039917
vt 0.53080230951309204 0.72809523344039917
vt 0.53080230951309204 0.74402529001235962
vt 0.50132858753204346 0.73871529102325439
vt 0.53080230951309204 0.73871529102325439
vt 0.53080230951309204 0.75464540719985962
vt 0.50132858753204346 0.74933540821075439
vt 0.53080230951309204 0.74933540821075439
vt 0.53080230951309204 0.76526546478271484
vt 0.50132858753204346 0.75995546579360962
vt 0.53080230951309204 0.75995546579360962
vt 0.53080230951309204 0.77588552236557007
vt 0.50132858753204346 0.77057552337646484
vt 0.53080230951309204 0.77057552337646484
vt 0.53080230951309204 0.78650557994842529
vt 0.50132858753204346 0.78119558095932007
vt 0.53080230951309204 0.78119558095932007
vt 0.53080230951309204 0.79777497053146362
vt 0.50132858753204346 0.79214024543762207
vt 0.53080230951309204 0.79214024543762207
vt 0.53080230951309204 0.80774569511413574
vt 0.50132858753204346 0.80276030302047729
vt 0.53080230951309204 0.80276030302047729
vt 0.53080230951309204 0.8193897008895874
vt 0.50132858753204346 0.81356769800186157
vt 0.53080230951309204 0.81356769800186157
vt 0.53080230951309204 0.83030819892883301
vt 0.50132858753204346 0.82484894990921021
vt 0.53080230951309204 0.82484894990921021
vt 0.53080230951309204 0.84122657775878906
vt 0.50132858753204346 0.83576738834381104
vt 0.53080230951309204 0.83576738834381104
vt 0.53080230951309204 0.85214507579803467
vt 0.50132858753204346 0.84668582677841187
vt 0.53080230951309204 0.84668582677841187
vt 0.53080230951309204 0.86300957202911377
vt 0.50132858753204346 0.85757732391357422
vt 0.53080230951309204 0.85757732391357422
vt 0.53080230951309204 0.87362962961196899
vt 0.50132858753204346 0.86831963062286377
vt 0.53080230951309204 0.86831963062286377
vt 0.53080230951309204 0.88424968719482422
vt 0.50132858753204346 0.87893968820571899
vt 0.53080230951309204 0.87893968820571899
vt 0.53080230951309204 0.89486974477767944
vt 0.50132858753204346 0.88955974578857422
vt 0.53080230951309204 0.88955974578857422
vt 0.53080230951309204 0.90548980236053467
vt 0.50132858753204346 0.90017980337142944
vt 0.53080230951309204 0.90017980337142944
vt 0.53080230951309204 0.91610985994338989
vt 0.50132858753204346 0.91079986095428467
vt 0.53080230951309204 0.91079986095428467
vt 0.53080230951309204 0.92672997713088989
vt 0.50132858753204346 0.92141991853713989
vt 0.53080230951309204 0.92141991853713989
vt 0.53080230951309204 0.93735003471374512
vt 0.50132858753204346 0.93203997611999512
vt 0.53080230951309204 0.93203997611999512
vt 0.53080230951309204 0.94797009229660034
vt 0.50132858753204346 0.94266003370285034
vt 0.53080230951309204 0.94266003370285034
vt 0.53080230951309204 0.95859014987945557
vt 0.50132858753204346 0.95328009128570557
vt 0.53080230951309204 0.95328009128570557
vt 0.53080230951309204 0.9698595404624939
vt 0.50132858753204346 0.96422481536865234
vt 0.53080230951309204 0.96422481536865234
vt 0.53080230951309204 0.97983026504516602
vt 0.50132858753204346 0.97484487295150757
vt 0.53080230951309204 0.97484487295150757
vt 0.38343369960784912 0.96546924114227295
vt 0.38343369960784912 0.95169550180435181
vt 0.38343369960784912 0.93837857246398926
vt 0.38343369960784912 0.92540305852890015
vt 0.38343369960784912 0.91266423463821411
vt 0.38343369960784912 0.90006476640701294
vt 0.38343369960784912 0.88751119375228882
vt 0.38343369960784912 0.87491166591644287
vt 0.38343369960784912 0.86217290163040161
vt 0.38343369960784912 0.8491973876953125
vt 0.38343369960784912 0.83588045835494995
vt 0.38343369960784912 0.82210671901702881
vt 0.38343369960784912 0.80774569511413574
vt 0.38343369960784912 0.79338467121124268
vt 0.38343369960784912 0.77961093187332153
vt 0.38343369960784912 0.76629400253295898
vt 0.38343369960784912 0.75331848859786987
vt 0.38343369960784912 0.74057966470718384
vt 0.38343369960784912 0.72798019647598267
vt 0.38343369960784912 0.71542662382125854
vt 0.38343369960784912 0.70282715559005737
vt 0.38343369960784912 0.69008833169937134
vt 0.38343369960784912 0.67711281776428223
vt 0.38343369960784912 0.66379588842391968
vt 0.38343369960784912 0.65002214908599854
vt 0.38343369960784912 0.63566112518310547
vt 0.38343369960784912 0.62130016088485718
vt 0.38343369960784912 0.60752636194229126
vt 0.38343369960784912 0.59420949220657349
vt 0.38343369960784912 0.58123397827148438
vt 0.38343369960784912 0.56849515438079834
vt 0.38343369960784912 0.55589562654495239
vt 0.38343369960784912 0.54334211349487305
vt 0.38343369960784912 0.5307425856590271
vt 0.38343369960784912 0.51800376176834106
vt 0.38343369960784912 0.50502824783325195
vt 0.38343369960784912 0.49171134829521179
vt 0.38343369960784912 0.47793757915496826
vt 0.38343369960784912 0.46357658505439758
vt 0.38343369960784912 0.44921556115150452
vt 0.38343369960784912 0.43544185161590576
vt 0.38343369960784912 0.42212492227554321
vt 0.38343369960784912 0.40914937853813171
vt 0.38343369960784912 0.39641058444976807
vt 0.38343369960784912 0.38381108641624451
vt 0.38343369960784912 0.37125754356384277
vt 0.38343369960784912 0.35865801572799683
vt 0.38343369960784912 0.34591922163963318
vt 0.38343369960784912 0.33294370770454407
vt 0.38343369960784912 0.31962677836418152
vt 0.38343369960784912 0.30585303902626038
vt 0.41290745139122009 0.97983026504516602
vt 0.41290745139122009 0.9698595404624939
vt 0.44238114356994629 0.97484487295150757
vt 0.41290745139122009 0.97484487295150757
vt 0.41290745139122009 0.95859014987945557
vt 0.44238114356994629 0.96422481536865234
vt 0.41290745139122009 0.96422481536865234
vt 0.41290745139122009 0.94797009229660034
vt 0.44238114356994629 0.95328009128570557
vt 0.41290745139122009 0.95328009128570557
vt 0.41290745139122009 0.93735003471374512
vt 0.44238114356994629 0.94266003370285034
vt 0.41290745139122009 0.94266003370285034
vt 0.41290745139122009 0.92672997713088989
vt 0.41290745139122009 0.91610985994338989
vt 0.44238114356994629 0.92141991853713989
vt 0.41290745139122009 0.92141991853713989
vt 0.41290745139122009 0.90548980236053467
vt 0.44238114356994629 0.91079986095428467
vt 0.41290745139122009 0.91079986095428467
vt 0.41290745139122009 0.89486974477767944
vt 0.44238114356994629 0.90017980337142944
vt 0.41290745139122009 0.90017980337142944
vt 0.41290745139122009 0.88424968719482422
vt 0.44238114356994629 0.88955974578857422
vt 0.41290745139122009 0.88955974578857422
vt 0.41290745139122009 0.87362962961196899
vt 0.44238114356994629 0.87893968820571899
vt 0.41290745139122009 0.87893968820571899
vt 0.41290745139122009 0.86300957202911377
vt 0.41290745139122009 0.85214507579803467
vt 0.44238114356994629 0.85757732391357422
vt 0.41290745139122009 0.85757732391357422
vt 0.41290745139122009 0.84122657775878906
vt 0.44238114356994629 0.84668582677841187
vt 0.41290745139122009 0.84668582677841187
vt 0.41290745139122009 0.83030819892883301
vt 0.44238114356994629 0.83576738834381104
vt 0.41290745139122009 0.83576738834381104
vt 0.41290745139122009 0.8193897008895874
vt 0.44238114356994629 0.82484894990921021
vt 0.41290745139122009 0.82484894990921021
vt 0.41290745139122009 0.80774569511413574
vt 0.44238114356994629 0.81356769800186157
vt 0.41290745139122009 0.81356769800186157
vt 0.41290745139122009 0.79777497053146362
vt 0.41290745139122009 0.78650557994842529
vt 0.44238114356994629 0.79214024543762207
vt 0.41290745139122009 0.79214024543762207
vt 0.41290745139122009 0.77588552236557007
vt 0.44238114356994629 0.78119558095932007
vt 0.41290745139122009 0.78119558095932007
vt 0.41290745139122009 0.76526546478271484
vt 0.44238114356994629 0.77057552337646484
vt 0.41290745139122009 0.77057552337646484
vt 0.41290745139122009 0.75464540719985962
vt 0.41290745139122009 0.74402529001235962
vt 0.44238114356994629 0.74933540821075439
vt 0.41290745139122009 0.74933540821075439
vt 0.41290745139122009 0.73340523242950439
vt 0.44238114356994629 0.73871529102325439
vt 0.41290745139122009 0.73871529102325439
vt 0.41290745139122009 0.72278523445129395
vt 0.44238114356994629 0.72809523344039917
vt 0.41290745139122009 0.72809523344039917
vt 0.41290745139122009 0.71216517686843872
vt 0.44238114356994629 0.71747517585754395
vt 0.41290745139122009 0.71747517585754395
vt 0.41290745139122009 0.7015451192855835
vt 0.44238114356994629 0.70685511827468872
vt 0.41290745139122009 0.70685511827468872
vt 0.41290745139122009 0.69092506170272827
vt 0.41290745139122009 0.68006050586700439
vt 0.44238114356994629 0.68549275398254395
vt 0.41290745139122009 0.68549275398254395
vt 0.41290745139122009 0.66914206743240356
vt 0.44238114356994629 0.67460131645202637
vt 0.41290745139122009 0.67460131645202637
vt 0.41290745139122009 0.65822362899780273
vt 0.44238114356994629 0.66368281841278076
vt 0.41290745139122009 0.66368281841278076
vt 0.41290745139122009 0.6473051905632019
vt 0.44238114356994629 0.65276443958282471
vt 0.41290745139122009 0.65276443958282471
vt 0.41290745139122009 0.63566112518310547
vt 0.44238114356994629 0.64148318767547607
vt 0.41290745139122009 0.64148318767547607
vt 0.41290745139122009 0.62569040060043335
vt 0.41290745139122009 0.61442101001739502
vt 0.44238114356994629 0.62005573511123657
vt 0.41290745139122009 0.62005573511123657
vt 0.41290745139122009 0.60380095243453979
vt 0.44238114356994629 0.60911101102828979
vt 0.41290745139122009 0.60911101102828979
vt 0.41290745139122009 0.59318089485168457
vt 0.44238114356994629 0.59849095344543457
vt 0.41290745139122009 0.59849095344543457
vt 0.41290745139122009 0.58256083726882935
vt 0.41290745139122009 0.57725083827972412
vt 0.41290745139122009 0.45360586047172546
vt 0.41290745139122009 0.44233646988868713
vt 0.44238114356994629 0.4479711651802063
vt 0.41290745139122009 0.4479711651802063
vt 0.41290745139122009 0.43171641230583191
vt 0.44238114356994629 0.43702644109725952
vt 0.41290745139122009 0.43702644109725952
vt 0.41290745139122009 0.42109635472297668
vt 0.44238114356994629 0.4264063835144043
vt 0.41290745139122009 0.4264063835144043
vt 0.41290745139122009 0.41047629714012146
vt 0.41290745139122009 0.39985623955726624
vt 0.44238114356994629 0.40516626834869385
vt 0.41290745139122009 0.40516626834869385
vt 0.41290745139122009 0.38923618197441101
vt 0.44238114356994629 0.39454621076583862
vt 0.41290745139122009 0.39454621076583862
vt 0.41290745139122009 0.37861612439155579
vt 0.44238114356994629 0.3839261531829834
vt 0.41290745139122009 0.3839261531829834
vt 0.41290745139122009 0.36799606680870056
vt 0.44238114356994629 0.37330609560012817
vt 0.41290745139122009 0.37330609560012817
vt 0.41290745139122009 0.35737600922584534
vt 0.44238114356994629 0.36268603801727295
vt 0.41290745139122009 0.36268603801727295
vt 0.41290745139122009 0.34675592184066772
vt 0.41290745139122009 0.33589139580726624
vt 0.44238114356994629 0.34132367372512817
vt 0.41290745139122009 0.34132367372512817
vt 0.41290745139122009 0.32497295737266541
vt 0.44238114356994629 0.33043217658996582
vt 0.41290745139122009 0.33043217658996582
vt 0.41290745139122009 0.31405451893806458
vt 0.44238114356994629 0.31951373815536499
vt 0.41290745139122009 0.31951373815536499
vt 0.41290745139122009 0.30313608050346375
vt 0.44238114356994629 0.30859529972076416
vt 0.41290745139122009 0.30859529972076416
vt 0.41290745139122009 0.2914920449256897
vt 0.44238114356994629 0.29731407761573792
vt 0.41290745139122009 0.29731407761573792
vt 0.40671658515930176 0.46518918871879578
vt 0.40671658515930176 0.47983595728874207
vt 0.40671658515930176 0.49422678351402283
vt 0.40671658515930176 0.50836837291717529
vt 0.40671658515930176 0.52226716279983521
vt 0.40671658515930176 0.53592932224273682
vt 0.40671658515930176 0.54936081171035767
vt 0.40671658515930176 0.56256747245788574
vt 0.40671658515930176 0.57555484771728516
vt 0.43100264668464661 0.57555484771728516
vt 0.45528867840766907 0.57555484771728516
vt 0.47957471013069153 0.57555484771728516
vt 0.50386077165603638 0.57555484771728516
vt 0.52814680337905884 0.57555484771728516
vt 0.5524328351020813 0.57555484771728516
vt 0.5524328351020813 0.56256747245788574
vt 0.5524328351020813 0.54936081171035767
vt 0.5524328351020813 0.53592932224273682
vt 0.5524328351020813 0.52226716279983521
vt 0.5524328351020813 0.50836837291717529
vt 0.5524328351020813 0.49422678351402283
vt 0.5524328351020813 0.47983595728874207
vt 0.5524328351020813 0.46518918871879578
vt 0.52814680337905884 0.46518918871879578
vt 0.50386077165603638 0.46518918871879578
vt 0.47957471013069153 0.46518918871879578
vt 0.45528867840766907 0.46518918871879578
vt 0.43100264668464661 0.46518918871879578
vt 0.25623872876167297 0.78215235471725464
vt 0.24877145886421204 0.77725124359130859
vt 0.24227455258369446 0.77195346355438232
vt 0.23633243143558502 0.766029953956604
vt 0.23100408911705017 0.75953936576843262
vt 0.22636367380619049 0.75258183479309082
vt 0.22250944375991821 0.74536550045013428
vt 0.21936573088169098 0.73780673742294312
vt 0.21696202456951141 0.72997647523880005
vt 0.21532092988491058 0.72194832563400269
vt 0.21445783972740173 0.71379762887954712
vt 0.21438084542751312 0.70560097694396973
vt 0.21509069204330444 0.69743525981903076
vt 0.21658071875572205 0.68937718868255615
vt 0.21883690357208252 0.68150240182876587
vt 0.2220451682806015 0.67342913150787354
vt 0.22555609047412872 0.6665961742401123
vt 0.23041477799415588 0.65906363725662231
vt 0.23566663265228271 0.65250992774963379
vt 0.24153883755207062 0.64651590585708618
vt 0.24797315895557404 0.64114093780517578
vt 0.25487038493156433 0.63646000623703003
vt 0.26202419400215149 0.63257205486297607
vt 0.26951748132705688 0.62940090894699097
vt 0.27727985382080078 0.62697619199752808
vt 0.28523844480514526 0.62532073259353638
vt 0.29331851005554199 0.62445008754730225
vt 0.30144417285919189 0.62437242269515991
vt 0.30953913927078247 0.62508851289749146
vt 0.31752738356590271 0.62659150362014771
vt 0.32533389329910278 0.62886744737625122
vt 0.33333727717399597 0.63210374116897583
vt 0.34011098742485046 0.63564532995223999
vt 0.3475782573223114 0.64054650068283081
vt 0.35407516360282898 0.64584428071975708
vt 0.36001729965209961 0.6517677903175354
vt 0.36534562706947327 0.65825837850570679
vt 0.36998605728149414 0.66521584987640381
vt 0.37384027242660522 0.67243224382400513
vt 0.37698400020599365 0.67999100685119629
vt 0.37938767671585083 0.68782120943069458
vt 0.38102880120277405 0.69584935903549194
vt 0.3818918764591217 0.70400005578994751
vt 0.38196885585784912 0.71219676733016968
vt 0.38125902414321899 0.72036248445510864
vt 0.37976899743080139 0.72842055559158325
vt 0.37751281261444092 0.73629528284072876
vt 0.37430456280708313 0.74436861276626587
vt 0.37079364061355591 0.75120151042938232
vt 0.36593493819236755 0.75873410701751709
vt 0.36068308353424072 0.76528781652450562
vt 0.35481089353561401 0.77128183841705322
vt 0.3483765721321106 0.77665674686431885
vt 0.34147933125495911 0.78133773803710938
vt 0.33432552218437195 0.78522562980651855
vt 0.32683223485946655 0.78839683532714844
vt 0.31906986236572266 0.79082155227661133
vt 0.31111127138137817 0.79247701168060303
vt 0.30303120613098145 0.79334765672683716
vt 0.29490554332733154 0.79342532157897949
vt 0.28681057691574097 0.79270923137664795
vt 0.27882233262062073 0.79120618104934692
vt 0.27101582288742065 0.78893029689788818
vt 0.26301246881484985 0.78569400310516357
vt 0.29817485809326172 0.70889884233474731
vt 0.29817485809326172 0.75119423866271973
vt 0.25624597072601318 0.70889884233474731
vt 0.25624597072601318 0.75119423866271973
vt 0.25624597072601318 0.77234190702438354
vt 0.23528154194355011 0.75119423866271973
vt 0.25624597072601318 0.73004657030105591
vt 0.23528154194355011 0.70889884233474731
vt 0.23528154194355011 0.73004657030105591
vt 0.29817485809326172 0.66660350561141968
vt 0.25624597072601318 0.66660350561141968
vt 0.25624597072601318 0.6877511739730835
vt 0.23528154194355011 0.66660350561141968
vt 0.23528154194355011 0.6877511739730835
vt 0.25624597072601318 0.64545583724975586
vt 0.29817485809326172 0.64545583724975586
vt 0.27721041440963745 0.66660350561141968
vt 0.27721041440963745 0.64545583724975586
vt 0.34010374546051025 0.70889884233474731
vt 0.34010374546051025 0.66660350561141968
vt 0.34010374546051025 0.64545583724975586
vt 0.31913930177688599 0.66660350561141968
vt 0.31913930177688599 0.64545583724975586
vt 0.36106818914413452 0.66660350561141968
vt 0.36106818914413452 0.70889884233474731
vt 0.34010374546051025 0.6877511739730835
vt 0.36106818914413452 0.6877511739730835
vt 0.34010374546051025 0.75119423866271973
vt 0.36106818914413452 0.75119423866271973
vt 0.34010374546051025 0.73004657030105591
vt 0.36106818914413452 0.73004657030105591
vt 0.34010374546051025 0.77234190702438354
vt 0.29817485809326172 0.77234190702438354
vt 0.31913930177688599 0.75119423866271973
vt 0.31913930177688599 0.77234190702438354
vt 0.27721041440963745 0.75119423866271973
vt 0.27721041440963745 0.77234190702438354
vt 0.69374370574951172 0.2914920449256897
vt 0.67682737112045288 0.2914920449256897
vt 0.65991109609603882 0.2914920449256897
vt 0.65991109609603882 0.30313608050346375
vt 0.65991109609603882 0.31405451893806458
vt 0.65991109609603882 0.32497295737266541
vt 0.65991109609603882 0.33589139580726624
vt 0.65991109609603882 0.34675592184066772
vt 0.65991109609603882 0.35737600922584534
vt 0.65991109609603882 0.36799606680870056
vt 0.65991109609603882 0.37861612439155579
vt 0.65991109609603882 0.38923618197441101
vt 0.65991109609603882 0.39985623955726624
vt 0.65991109609603882 0.41047629714012146
vt 0.65991109609603882 0.42109635472297668
vt 0.65991109609603882 0.43171641230583191
vt 0.65991109609603882 0.44233646988868713
vt 0.65991109609603882 0.45360586047172546
vt 0.69374370574951172 0.46357658505439758
vt 0.65991109609603882 0.46357658505439758
vt 0.65991109609603882 0.47522065043449402
vt 0.65991109609603882 0.48613908886909485
vt 0.65991109609603882 0.49705749750137329
vt 0.65991109609603882 0.50797593593597412
vt 0.65991109609603882 0.518840491771698
vt 0.65991109609603882 0.52946054935455322
vt 0.65991109609603882 0.54008060693740845
vt 0.65991109609603882 0.55070066452026367
vt 0.65991109609603882 0.5613207221031189
vt 0.65991109609603882 0.57194077968597412
vt 0.65991109609603882 0.58256083726882935
vt 0.65991109609603882 0.59318089485168457
vt 0.65991109609603882 0.60380095243453979
vt 0.65991109609603882 0.61442101001739502
vt 0.65991109609603882 0.62569040060043335
vt 0.69374370574951172 0.63566112518310547
vt 0.65991109609603882 0.63566112518310547
vt 0.65991109609603882 0.6473051905632019
vt 0.65991109609603882 0.65822362899780273
vt 0.65991109609603882 0.66914206743240356
vt 0.65991109609603882 0.68006050586700439
vt 0.65991109609603882 0.69092506170272827
vt 0.65991109609603882 0.7015451192855835
vt 0.65991109609603882 0.71216517686843872
vt 0.65991109609603882 0.72278523445129395
vt 0.65991109609603882 0.73340523242950439
vt 0.65991109609603882 0.74402529001235962
vt 0.65991109609603882 0.75464540719985962
vt 0.65991109609603882 0.76526546478271484
vt 0.65991109609603882 0.77588552236557007
vt 0.65991109609603882 0.78650557994842529
vt 0.65991109609603882 0.79777497053146362
vt 0.65991109609603882 0.80774569511413574
vt 0.65991109609603882 0.8193897008895874
vt 0.65991109609603882 0.83030819892883301
vt 0.65991109609603882 0.84122657775878906
vt 0.65991109609603882 0.85214507579803467
vt 0.65991109609603882 0.86300957202911377
vt 0.65991109609603882 0.87362962961196899
vt 0.65991109609603882 0.88424968719482422
vt 0.65991109609603882 0.89486974477767944
vt 0.65991109609603882 0.90548980236053467
vt 0.65991109609603882 0.91610985994338989
vt 0.65991109609603882 0.92672997713088989
vt 0.65991109609603882 0.93735003471374512
vt 0.65991109609603882 0.94797009229660034
vt 0.65991109609603882 0.95859014987945557
vt 0.65991109609603882 0.9698595404624939
vt 0.69374370574951172 0.97983026504516602
vt 0.67682737112045288 0.97983026504516602
vt 0.65991109609603882 0.97983026504516602
vt 0.69374370574951172 0.30472931265830994
vt 0.69374370574951172 0.31796658039093018
vt 0.69374370574951172 0.33120384812355042
vt 0.69374370574951172 0.34444114565849304
vt 0.69374370574951172 0.35767841339111328
vt 0.69374370574951172 0.37091568112373352
vt 0.69374370574951172 0.38415294885635376
vt 0.69374370574951172 0.397390216588974
vt 0.69374370574951172 0.41062751412391663
vt 0.69374370574951172 0.42386478185653687
vt 0.69374370574951172 0.4371020495891571
vt 0.69374370574951172 0.45033931732177734
vt 0.69374370574951172 0.47681388258934021
vt 0.69374370574951172 0.49005112051963806
vt 0.69374370574951172 0.5032883882522583
vt 0.69374370574951172 0.51652568578720093
vt 0.69374370574951172 0.52976298332214355
vt 0.69374370574951172 0.54300022125244141
vt 0.69374370574951172 0.55623751878738403
vt 0.69374370574951172 0.56947475671768188
vt 0.69374370574951172 0.58271205425262451
vt 0.69374370574951172 0.59594929218292236
vt 0.69374370574951172 0.60918658971786499
vt 0.69374370574951172 0.62242388725280762
vt 0.69374370574951172 0.6488984227180481
vt 0.69374370574951172 0.66213572025299072
vt 0.69374370574951172 0.67537295818328857
vt 0.69374370574951172 0.6886102557182312
vt 0.69374370574951172 0.70184749364852905
vt 0.69374370574951172 0.71508479118347168
vt 0.69374370574951172 0.72832202911376953
vt 0.69374370574951172 0.74155932664871216
vt 0.69374370574951172 0.75479662418365479
vt 0.69374370574951172 0.76803386211395264
vt 0.69374370574951172 0.78127110004425049
vt 0.69374370574951172 0.79450839757919312
vt 0.69374370574951172 0.80774569511413574
vt 0.69374370574951172 0.82098299264907837
vt 0.69374370574951172 0.83422023057937622
vt 0.69374370574951172 0.84745752811431885
vt 0.69374370574951172 0.8606947660446167
vt 0.69374370574951172 0.87393206357955933
vt 0.69374370574951172 0.88716936111450195
vt 0.69374370574951172 0.9004065990447998
vt 0.69374370574951172 0.91364389657974243
vt 0.69374370574951172 0.92688113451004028
vt 0.69374370574951172 0.94011843204498291
vt 0.69374370574951172 0.95335566997528076
vt 0.69374370574951172 0.96659296751022339
vt 0.67682737112045288 0.31405451893806458
vt 0.67682737112045288 0.32497295737266541
vt 0.67682737112045288 0.34675592184066772
vt 0.67682737112045288 0.33589139580726624
vt 0.67682737112045288 0.35737600922584534
vt 0.67682737112045288 0.37861612439155579
vt 0.67682737112045288 0.36799606680870056
vt 0.67682737112045288 0.39985623955726624
vt 0.67682737112045288 0.38923618197441101
vt 0.67682737112045288 0.41047629714012146
vt 0.67682737112045288 0.42109635472297668
vt 0.67682737112045288 0.43171641230583191
vt 0.67682737112045288 0.46357658505439758
vt 0.67682737112045288 0.45360586047172546
vt 0.67682737112045288 0.47522065043449402
vt 0.67682737112045288 0.44233646988868713
vt 0.67682737112045288 0.49705749750137329
vt 0.67682737112045288 0.48613908886909485
vt 0.67682737112045288 0.52946054935455322
vt 0.67682737112045288 0.518840491771698
vt 0.67682737112045288 0.54008060693740845
vt 0.67682737112045288 0.50797593593597412
vt 0.67682737112045288 0.57194077968597412
vt 0.67682737112045288 0.5613207221031189
vt 0.67682737112045288 0.58256083726882935
vt 0.67682737112045288 0.60380095243453979
vt 0.67682737112045288 0.59318089485168457
vt 0.67682737112045288 0.62569040060043335
vt 0.67682737112045288 0.61442101001739502
vt 0.67682737112045288 0.55070066452026367
vt 0.67682737112045288 0.63566112518310547
vt 0.67682737112045288 0.6473051905632019
vt 0.67682737112045288 0.65822362899780273
vt 0.67682737112045288 0.66914206743240356
vt 0.67682737112045288 0.69092506170272827
vt 0.67682737112045288 0.68006050586700439
vt 0.67682737112045288 0.7015451192855835
vt 0.67682737112045288 0.71216517686843872
vt 0.67682737112045288 0.74402529001235962
vt 0.67682737112045288 0.73340523242950439
vt 0.67682737112045288 0.75464540719985962
vt 0.67682737112045288 0.72278523445129395
vt 0.67682737112045288 0.76526546478271484
vt 0.67682737112045288 0.77588552236557007
vt 0.67682737112045288 0.79777497053146362
vt 0.67682737112045288 0.78650557994842529
vt 0.67682737112045288 0.8193897008895874
vt 0.67682737112045288 0.80774569511413574
vt 0.67682737112045288 0.83030819892883301
vt 0.67682737112045288 0.85214507579803467
vt 0.67682737112045288 0.84122657775878906
vt 0.67682737112045288 0.86300957202911377
vt 0.67682737112045288 0.88424968719482422
vt 0.67682737112045288 0.87362962961196899
vt 0.67682737112045288 0.89486974477767944
vt 0.67682737112045288 0.92672997713088989
vt 0.67682737112045288 0.91610985994338989
vt 0.67682737112045288 0.93735003471374512
vt 0.67682737112045288 0.9698595404624939
vt 0.67682737112045288 0.95859014987945557
vt 0.67682737112045288 0.94797009229660034
vt 0.67682737112045288 0.90548980236053467
vt 0.87062114477157593 0
vt 0.8182482123374939 0
vt 0.76587527990341187 0
vt 0.8182482123374939 0.011289134621620178
vt 0.76587527990341187 0.011289134621620178
vt 0.8182482123374939 0.021874764934182167
vt 0.76587527990341187 0.021874764934182167
vt 0.8182482123374939 0.032460395246744156
vt 0.76587527990341187 0.032460395246744156
vt 0.8182482123374939 0.043046023696660995
vt 0.76587527990341187 0.043046023696660995
vt 0.8182482123374939 0.053579419851303101
vt 0.76587527990341187 0.053579419851303101
vt 0.8182482123374939 0.063875772058963776
vt 0.76587527990341187 0.063875772058963776
vt 0.8182482123374939 0.074172124266624451
vt 0.76587527990341187 0.074172124266624451
vt 0.8182482123374939 0.084468476474285126
vt 0.76587527990341187 0.084468476474285126
vt 0.8182482123374939 0.094764836132526398
vt 0.76587527990341187 0.094764836132526398
vt 0.8182482123374939 0.10506118834018707
vt 0.76587527990341187 0.10506118834018707
vt 0.8182482123374939 0.11535753309726715
vt 0.76587527990341187 0.11535753309726715
vt 0.8182482123374939 0.12565389275550842
vt 0.76587527990341187 0.12565389275550842
vt 0.8182482123374939 0.1359502375125885
vt 0.76587527990341187 0.1359502375125885
vt 0.8182482123374939 0.14624659717082977
vt 0.76587527990341187 0.14624659717082977
vt 0.8182482123374939 0.15717248618602753
vt 0.76587527990341187 0.15717248618602753
vt 0.8182482123374939 0.16683930158615112
vt 0.76587527990341187 0.16683930158615112
vt 0.8182482123374939 0.1781284362077713
vt 0.76587527990341187 0.1781284362077713
vt 0.8182482123374939 0.18871407210826874
vt 0.76587527990341187 0.18871407210826874
vt 0.8182482123374939 0.19929970800876617
vt 0.76587527990341187 0.19929970800876617
vt 0.8182482123374939 0.20988532900810242
vt 0.76587527990341187 0.20988532900810242
vt 0.8182482123374939 0.22041872143745422
vt 0.76587527990341187 0.22041872143745422
vt 0.8182482123374939 0.2307150661945343
vt 0.76587527990341187 0.2307150661945343
vt 0.8182482123374939 0.24101141095161438
vt 0.76587527990341187 0.24101141095161438
vt 0.8182482123374939 0.25130778551101685
vt 0.76587527990341187 0.25130778551101685
vt 0.8182482123374939 0.26160413026809692
vt 0.76587527990341187 0.26160413026809692
vt 0.8182482123374939 0.271900475025177
vt 0.76587527990341187 0.271900475025177
vt 0.8182482123374939 0.28219684958457947
vt 0.76587527990341187 0.28219684958457947
vt 0.8182482123374939 0.29249319434165955
vt 0.76587527990341187 0.29249319434165955
vt 0.8182482123374939 0.30278953909873962
vt 0.76587527990341187 0.30278953909873962
vt 0.8182482123374939 0.31308591365814209
vt 0.76587527990341187 0.31308591365814209
vt 0.8182482123374939 0.32401180267333984
vt 0.76587527990341187 0.32401180267333984
vt 0.8182482123374939 0.33367860317230225
vt 0.76587527990341187 0.33367860317230225
vt 0.8182482123374939 0.34496772289276123
vt 0.76587527990341187 0.34496772289276123
vt 0.8182482123374939 0.35555335879325867
vt 0.76587527990341187 0.35555335879325867
vt 0.8182482123374939 0.3661389946937561
vt 0.76587527990341187 0.3661389946937561
vt 0.8182482123374939 0.37672463059425354
vt 0.76587527990341187 0.37672463059425354
vt 0.8182482123374939 0.38725802302360535
vt 0.76587527990341187 0.38725802302360535
vt 0.8182482123374939 0.39755436778068542
vt 0.76587527990341187 0.39755436778068542
vt 0.8182482123374939 0.4078507125377655
vt 0.76587527990341187 0.4078507125377655
vt 0.8182482123374939 0.41814705729484558
vt 0.76587527990341187 0.41814705729484558
vt 0.8182482123374939 0.42844343185424805
vt 0.76587527990341187 0.42844343185424805
vt 0.8182482123374939 0.43873977661132813
vt 0.76587527990341187 0.43873977661132813
vt 0.8182482123374939 0.44903615117073059
vt 0.76587527990341187 0.44903615117073059
vt 0.8182482123374939 0.45933249592781067
vt 0.76587527990341187 0.45933249592781067
vt 0.8182482123374939 0.46962887048721313
vt 0.76587527990341187 0.46962887048721313
vt 0.8182482123374939 0.47992521524429321
vt 0.76587527990341187 0.47992521524429321
vt 0.8182482123374939 0.49085110425949097
vt 0.76587527990341187 0.49085110425949097
vt 0.8182482123374939 0.50051790475845337
vt 0.76587527990341187 0.50051790475845337
vt 0.8182482123374939 0.51180702447891235
vt 0.76587527990341187 0.51180702447891235
vt 0.8182482123374939 0.52239269018173218
vt 0.76587527990341187 0.52239269018173218
vt 0.8182482123374939 0.53297829627990723
vt 0.76587527990341187 0.53297829627990723
vt 0.8182482123374939 0.54356396198272705
vt 0.76587527990341187 0.54356396198272705
vt 0.8182482123374939 0.55409729480743408
vt 0.76587527990341187 0.55409729480743408
vt 0.8182482123374939 0.56439369916915894
vt 0.76587527990341187 0.56439369916915894
vt 0.8182482123374939 0.57469004392623901
vt 0.76587527990341187 0.57469004392623901
vt 0.8182482123374939 0.58498638868331909
vt 0.76587527990341187 0.58498638868331909
vt 0.8182482123374939 0.59528273344039917
vt 0.76587527990341187 0.59528273344039917
vt 0.8182482123374939 0.60557907819747925
vt 0.76587527990341187 0.60557907819747925
vt 0.8182482123374939 0.6158754825592041
vt 0.76587527990341187 0.6158754825592041
vt 0.8182482123374939 0.62617182731628418
vt 0.76587527990341187 0.62617182731628418
vt 0.8182482123374939 0.63646817207336426
vt 0.76587527990341187 0.63646817207336426
vt 0.8182482123374939 0.64676451683044434
vt 0.76587527990341187 0.64676451683044434
vt 0.8182482123374939 0.65769040584564209
vt 0.76587527990341187 0.65769040584564209
vt 0.87062114477157593 0.66735720634460449
vt 0.8182482123374939 0.66735720634460449
vt 0.76587527990341187 0.66735720634460449
vt 0.87062114477157593 0.0084475595504045486
vt 0.87062114477157593 0.016895119100809097
vt 0.87062114477157593 0.025342676788568497
vt 0.87062114477157593 0.033790238201618195
vt 0.87062114477157593 0.042237799614667892
vt 0.87062114477157593 0.050685353577136993
vt 0.87062114477157593 0.059132914990186691
vt 0.87062114477157593 0.067580476403236389
vt 0.87062114477157593 0.076028034090995789
vt 0.87062114477157593 0.084475599229335785
vt 0.87062114477157593 0.092923149466514587
vt 0.87062114477157593 0.10137070715427399
vt 0.87062114477157593 0.10981827974319458
vt 0.87062114477157593 0.11826582998037338
vt 0.87062114477157593 0.12671339511871338
vt 0.87062114477157593 0.13516095280647278
vt 0.87062114477157593 0.14360851049423218
vt 0.87062114477157593 0.15205606818199158
vt 0.87062114477157593 0.16050364077091217
vt 0.87062114477157593 0.16895119845867157
vt 0.87062114477157593 0.17739875614643097
vt 0.87062114477157593 0.18584629893302917
vt 0.87062114477157593 0.19429387152194977
vt 0.87062114477157593 0.20274141430854797
vt 0.87062114477157593 0.21118898689746857
vt 0.87062114477157593 0.21963655948638916
vt 0.87062114477157593 0.22808410227298737
vt 0.87062114477157593 0.23653165996074677
vt 0.87062114477157593 0.24497923254966736
vt 0.87062114477157593 0.25342679023742676
vt 0.87062114477157593 0.26187434792518616
vt 0.87062114477157593 0.27032190561294556
vt 0.87062114477157593 0.27876946330070496
vt 0.87062114477157593 0.28721702098846436
vt 0.87062114477157593 0.29566457867622375
vt 0.87062114477157593 0.30411213636398315
vt 0.87062114477157593 0.31255969405174255
vt 0.87062114477157593 0.32100728154182434
vt 0.87062114477157593 0.32945480942726135
vt 0.87062114477157593 0.33790239691734314
vt 0.87062114477157593 0.34634995460510254
vt 0.87062114477157593 0.35479751229286194
vt 0.87062114477157593 0.36324504017829895
vt 0.87062114477157593 0.37169259786605835
vt 0.87062114477157593 0.38014018535614014
vt 0.87062114477157593 0.38858774304389954
vt 0.87062114477157593 0.39703530073165894
vt 0.87062114477157593 0.40548282861709595
vt 0.87062114477157593 0.41393041610717773
vt 0.87062114477157593 0.42237797379493713
vt 0.87062114477157593 0.43082553148269653
vt 0.87062114477157593 0.43927311897277832
vt 0.87062114477157593 0.44772067666053772
vt 0.87062114477157593 0.45616820454597473
vt 0.87062114477157593 0.46461576223373413
vt 0.87062114477157593 0.47306331992149353
vt 0.87062114477157593 0.48151090741157532
vt 0.87062114477157593 0.48995846509933472
vt 0.87062114477157593 0.49840602278709412
vt 0.87062114477157593 0.50685358047485352
vt 0.87062114477157593 0.51530110836029053
vt 0.87062114477157593 0.52374869585037231
vt 0.87062114477157593 0.5321962833404541
vt 0.87062114477157593 0.54064381122589111
vt 0.87062114477157593 0.54909133911132813
vt 0.87062114477157593 0.55753892660140991
vt 0.87062114477157593 0.5659865140914917
vt 0.87062114477157593 0.57443404197692871
vt 0.87062114477157593 0.5828816294670105
vt 0.87062114477157593 0.59132915735244751
vt 0.87062114477157593 0.59977668523788452
vt 0.87062114477157593 0.60822427272796631
vt 0.87062114477157593 0.6166718602180481
vt 0.87062114477157593 0.62511938810348511
vt 0.87062114477157593 0.63356697559356689
vt 0.87062114477157593 0.64201456308364868
vt 0.87062114477157593 0.65046209096908569
vt 0.87062114477157593 0.65890961885452271
vt 0.84443467855453491 0.011289134621620178
vt 0.8182482123374939 0.0056445673108100891
vt 0.84443467855453491 0
vt 0.84443467855453491 0.0056445673108100891
vt 0.84443467855453491 0.021874764934182167
vt 0.8182482123374939 0.016581948846578598
vt 0.84443467855453491 0.016581948846578598
vt 0.84443467855453491 0.032460395246744156
vt 0.8182482123374939 0.027167579159140587
vt 0.84443467855453491 0.027167579159140587
vt 0.84443467855453491 0.043046023696660995
vt 0.8182482123374939 0.037753209471702576
vt 0.84443467855453491 0.037753209471702576
vt 0.84443467855453491 0.053579419851303101
vt 0.8182482123374939 0.048312719911336899
vt 0.84443467855453491 0.048312719911336899
vt 0.84443467855453491 0.063875772058963776
vt 0.8182482123374939 0.058727599680423737
vt 0.84443467855453491 0.058727599680423737
vt 0.84443467855453491 0.074172124266624451
vt 0.8182482123374939 0.069023944437503815
vt 0.84443467855453491 0.069023944437503815
vt 0.84443467855453491 0.084468476474285126
vt 0.8182482123374939 0.079320304095745087
vt 0.84443467855453491 0.079320304095745087
vt 0.84443467855453491 0.094764836132526398
vt 0.8182482123374939 0.089616648852825165
vt 0.84443467855453491 0.089616648852825165
vt 0.84443467855453491 0.10506118834018707
vt 0.8182482123374939 0.099913008511066437
vt 0.84443467855453491 0.099913008511066437
vt 0.84443467855453491 0.11535753309726715
vt 0.8182482123374939 0.11020936071872711
vt 0.84443467855453491 0.11020936071872711
vt 0.84443467855453491 0.12565389275550842
vt 0.8182482123374939 0.12050570547580719
vt 0.84443467855453491 0.12050570547580719
vt 0.84443467855453491 0.1359502375125885
vt 0.8182482123374939 0.13080206513404846
vt 0.84443467855453491 0.13080206513404846
vt 0.84443467855453491 0.14624659717082977
vt 0.8182482123374939 0.14109842479228973
vt 0.84443467855453491 0.14109842479228973
vt 0.84443467855453491 0.15717248618602753
vt 0.8182482123374939 0.15170954167842865
vt 0.84443467855453491 0.15170954167842865
vt 0.84443467855453491 0.16683930158615112
vt 0.8182482123374939 0.16200590133666992
vt 0.84443467855453491 0.16200590133666992
vt 0.84443467855453491 0.1781284362077713
vt 0.8182482123374939 0.17248386144638062
vt 0.84443467855453491 0.17248386144638062
vt 0.84443467855453491 0.18871407210826874
vt 0.8182482123374939 0.18342123925685883
vt 0.84443467855453491 0.18342123925685883
vt 0.84443467855453491 0.19929970800876617
vt 0.8182482123374939 0.19400687515735626
vt 0.84443467855453491 0.19400687515735626
vt 0.84443467855453491 0.20988532900810242
vt 0.8182482123374939 0.2045925110578537
vt 0.84443467855453491 0.2045925110578537
vt 0.84443467855453491 0.22041872143745422
vt 0.8182482123374939 0.21515202522277832
vt 0.84443467855453491 0.21515202522277832
vt 0.84443467855453491 0.2307150661945343
vt 0.8182482123374939 0.22556689381599426
vt 0.84443467855453491 0.22556689381599426
vt 0.84443467855453491 0.24101141095161438
vt 0.8182482123374939 0.23586323857307434
vt 0.84443467855453491 0.23586323857307434
vt 0.84443467855453491 0.25130778551101685
vt 0.8182482123374939 0.24615961313247681
vt 0.84443467855453491 0.24615961313247681
vt 0.84443467855453491 0.26160413026809692
vt 0.8182482123374939 0.25645595788955688
vt 0.84443467855453491 0.25645595788955688
vt 0.84443467855453491 0.271900475025177
vt 0.8182482123374939 0.26675230264663696
vt 0.84443467855453491 0.26675230264663696
vt 0.84443467855453491 0.28219684958457947
vt 0.8182482123374939 0.27704864740371704
vt 0.84443467855453491 0.27704864740371704
vt 0.84443467855453491 0.29249319434165955
vt 0.8182482123374939 0.28734502196311951
vt 0.84443467855453491 0.28734502196311951
vt 0.84443467855453491 0.30278953909873962
vt 0.8182482123374939 0.29764136672019958
vt 0.84443467855453491 0.29764136672019958
vt 0.84443467855453491 0.31308591365814209
vt 0.8182482123374939 0.30793774127960205
vt 0.84443467855453491 0.30793774127960205
vt 0.84443467855453491 0.32401180267333984
vt 0.8182482123374939 0.31854882836341858
vt 0.84443467855453491 0.31854882836341858
vt 0.84443467855453491 0.33367860317230225
vt 0.8182482123374939 0.32884520292282104
vt 0.84443467855453491 0.32884520292282104
vt 0.84443467855453491 0.34496772289276123
vt 0.8182482123374939 0.33932316303253174
vt 0.84443467855453491 0.33932316303253174
vt 0.84443467855453491 0.35555335879325867
vt 0.8182482123374939 0.35026055574417114
vt 0.84443467855453491 0.35026055574417114
vt 0.84443467855453491 0.3661389946937561
vt 0.8182482123374939 0.36084619164466858
vt 0.84443467855453491 0.36084619164466858
vt 0.84443467855453491 0.37672463059425354
vt 0.8182482123374939 0.37143182754516602
vt 0.84443467855453491 0.37143182754516602
vt 0.84443467855453491 0.38725802302360535
vt 0.8182482123374939 0.38199129700660706
vt 0.84443467855453491 0.38199129700660706
vt 0.84443467855453491 0.39755436778068542
vt 0.8182482123374939 0.39240619540214539
vt 0.84443467855453491 0.39240619540214539
vt 0.84443467855453491 0.4078507125377655
vt 0.8182482123374939 0.40270254015922546
vt 0.84443467855453491 0.40270254015922546
vt 0.84443467855453491 0.41814705729484558
vt 0.8182482123374939 0.41299888491630554
vt 0.84443467855453491 0.41299888491630554
vt 0.84443467855453491 0.42844343185424805
vt 0.8182482123374939 0.42329522967338562
vt 0.84443467855453491 0.42329522967338562
vt 0.84443467855453491 0.43873977661132813
vt 0.8182482123374939 0.43359160423278809
vt 0.84443467855453491 0.43359160423278809
vt 0.84443467855453491 0.44903615117073059
vt 0.8182482123374939 0.44388797879219055
vt 0.84443467855453491 0.44388797879219055
vt 0.84443467855453491 0.45933249592781067
vt 0.8182482123374939 0.45418432354927063
vt 0.84443467855453491 0.45418432354927063
vt 0.84443467855453491 0.46962887048721313
vt 0.8182482123374939 0.46448066830635071
vt 0.84443467855453491 0.46448066830635071
vt 0.84443467855453491 0.47992521524429321
vt 0.8182482123374939 0.47477704286575317
vt 0.84443467855453491 0.47477704286575317
vt 0.84443467855453491 0.49085110425949097
vt 0.8182482123374939 0.4853881299495697
vt 0.84443467855453491 0.4853881299495697
vt 0.84443467855453491 0.50051790475845337
vt 0.8182482123374939 0.49568447470664978
vt 0.84443467855453491 0.49568447470664978
vt 0.84443467855453491 0.51180702447891235
vt 0.8182482123374939 0.50616246461868286
vt 0.84443467855453491 0.50616246461868286
vt 0.84443467855453491 0.52239269018173218
vt 0.8182482123374939 0.51709985733032227
vt 0.84443467855453491 0.51709985733032227
vt 0.84443467855453491 0.53297829627990723
vt 0.8182482123374939 0.52768546342849731
vt 0.84443467855453491 0.52768546342849731
vt 0.84443467855453491 0.54356396198272705
vt 0.8182482123374939 0.53827112913131714
vt 0.84443467855453491 0.53827112913131714
vt 0.84443467855453491 0.55409729480743408
vt 0.8182482123374939 0.54883062839508057
vt 0.84443467855453491 0.54883062839508057
vt 0.84443467855453491 0.56439369916915894
vt 0.8182482123374939 0.55924546718597412
vt 0.84443467855453491 0.55924546718597412
vt 0.84443467855453491 0.57469004392623901
vt 0.8182482123374939 0.56954187154769897
vt 0.84443467855453491 0.56954187154769897
vt 0.84443467855453491 0.58498638868331909
vt 0.8182482123374939 0.57983821630477905
vt 0.84443467855453491 0.57983821630477905
vt 0.84443467855453491 0.59528273344039917
vt 0.8182482123374939 0.59013456106185913
vt 0.84443467855453491 0.59013456106185913
vt 0.84443467855453491 0.60557907819747925
vt 0.8182482123374939 0.60043090581893921
vt 0.84443467855453491 0.60043090581893921
vt 0.84443467855453491 0.6158754825592041
vt 0.8182482123374939 0.61072731018066406
vt 0.84443467855453491 0.61072731018066406
vt 0.84443467855453491 0.62617182731628418
vt 0.8182482123374939 0.62102365493774414
vt 0.84443467855453491 0.62102365493774414
vt 0.84443467855453491 0.63646817207336426
vt 0.8182482123374939 0.63131999969482422
vt 0.84443467855453491 0.63131999969482422
vt 0.84443467855453491 0.64676451683044434
vt 0.8182482123374939 0.6416163444519043
vt 0.84443467855453491 0.6416163444519043
vt 0.84443467855453491 0.65769040584564209
vt 0.8182482123374939 0.65222746133804321
vt 0.84443467855453491 0.65222746133804321
vt 0.84443467855453491 0.66735720634460449
vt 0.8182482123374939 0.66252380609512329
vt 0.84443467855453491 0.66252380609512329
vt 0.97243809700012207 0
vt 0.96140205860137939 0
vt 0.96140205860137939 0.32890412211418152
vt 0.96140205860137939 0.49335619807243347
vt 0.97243809700012207 0.65780824422836304
vt 0.96140205860137939 0.65780824422836304
vt 0.97243809700012207 0.0087903272360563278
vt 0.97243809700012207 0.017580654472112656
vt 0.97243809700012207 0.026370983570814133
vt 0.97243809700012207 0.035161308944225311
vt 0.97243809700012207 0.043951638042926788
vt 0.97243809700012207 0.052741967141628265
vt 0.97243809700012207 0.061532292515039444
vt 0.97243809700012207 0.070322617888450623
vt 0.96140205860137939 0.64958566427230835
vt 0.96140205860137939 0.64136308431625366
vt 0.96140205860137939 0.6331404447555542
vt 0.96140205860137939 0.62491780519485474
vt 0.96140205860137939 0.61669522523880005
vt 0.96140205860137939 0.60847264528274536
vt 0.96140205860137939 0.60025006532669067
vt 0.96140205860137939 0.59202742576599121
vt 0.96140205860137939 0.58380478620529175
vt 0.96140205860137939 0.57558220624923706
vt 0.96140205860137939 0.56735962629318237
vt 0.96140205860137939 0.55913704633712769
vt 0.96140205860137939 0.55091440677642822
vt 0.96140205860137939 0.54269182682037354
vt 0.96140205860137939 0.53446918725967407
vt 0.96140205860137939 0.52624660730361938
vt 0.96140205860137939 0.5180240273475647
vt 0.96140205860137939 0.50980138778686523
vt 0.96140205860137939 0.50157880783081055
vt 0.96140205860137939 0.4851335883140564
vt 0.96140205860137939 0.47691100835800171
vt 0.96140205860137939 0.46868836879730225
vt 0.96140205860137939 0.46046575903892517
vt 0.96140205860137939 0.45224317908287048
vt 0.96140205860137939 0.44402056932449341
vt 0.96140205860137939 0.43579798936843872
vt 0.96140205860137939 0.42757534980773926
vt 0.96140205860137939 0.41935274004936218
vt 0.96140205860137939 0.4111301600933075
vt 0.96140205860137939 0.40290755033493042
vt 0.96140205860137939 0.39468497037887573
vt 0.96140205860137939 0.38646233081817627
vt 0.96140205860137939 0.37823975086212158
vt 0.96140205860137939 0.37001714110374451
vt 0.96140205860137939 0.36179453134536743
vt 0.96140205860137939 0.35357195138931274
vt 0.96140205860137939 0.34534931182861328
vt 0.96140205860137939 0.33712673187255859
vt 0.96140205860137939 0.32068154215812683
vt 0.96140205860137939 0.31245890259742737
vt 0.96140205860137939 0.30423632264137268
vt 0.96140205860137939 0.29601371288299561
vt 0.96140205860137939 0.28779110312461853
vt 0.96140205860137939 0.27956852316856384
vt 0.96140205860137939 0.27134591341018677
vt 0.96140205860137939 0.26312330365180969
vt 0.96140205860137939 0.25490069389343262
vt 0.96140205860137939 0.24667809903621674
vt 0.96140205860137939 0.23845550417900085
vt 0.96140205860137939 0.23023287951946259
vt 0.96140205860137939 0.2220102846622467
vt 0.96140205860137939 0.21378767490386963
vt 0.96140205860137939 0.20556508004665375
vt 0.96140205860137939 0.19734248518943787
vt 0.96140205860137939 0.18911987543106079
vt 0.96140205860137939 0.18089726567268372
vt 0.96140205860137939 0.17267465591430664
vt 0.96140205860137939 0.16445206105709076
vt 0.96140205860137939 0.15622945129871368
vt 0.96140205860137939 0.1480068564414978
vt 0.96140205860137939 0.13978426158428192
vt 0.96140205860137939 0.13156165182590485
vt 0.96140205860137939 0.12333904951810837
vt 0.96140205860137939 0.11511643975973129
vt 0.96140205860137939 0.10689383745193481
vt 0.96140205860137939 0.098671242594718933
vt 0.96140205860137939 0.090448632836341858
vt 0.96140205860137939 0.08222603052854538
vt 0.96140205860137939 0.074003428220748901
vt 0.96140205860137939 0.065780825912952423
vt 0.96140205860137939 0.057558219879865646
vt 0.96140205860137939 0.049335621297359467
vt 0.96140205860137939 0.04111301526427269
vt 0.96140205860137939 0.032890412956476212
vt 0.96140205860137939 0.024667810648679733
vt 0.96140205860137939 0.016445206478238106
vt 0.96140205860137939 0.0082226032391190529
vt 0.96142387390136719 0.068946652114391327
vt 0.96142357587814331 0.075586341321468353
vt 0.96142321825027466 0.08222603052854538
vt 0.96142292022705078 0.087572894990444183
vt 0.96142256259918213 0.09291626513004303
vt 0.96142226457595825 0.09825965017080307
vt 0.9614219069480896 0.10360650718212128
vt 0.96142154932022095 0.10895334929227829
vt 0.96142119169235229 0.11429671943187714
vt 0.96142083406448364 0.11964008212089539
vt 0.96142041683197021 0.124986931681633
vt 0.96142005920410156 0.12992964684963226
vt 0.96141970157623291 0.13486412167549133
vt 0.96141934394836426 0.13979317247867584
vt 0.96141892671585083 0.14471952617168427
vt 0.96141856908798218 0.1496458500623703
vt 0.96141821146011353 0.15457488596439362
vt 0.9614177942276001 0.15950936079025269
vt 0.96141743659973145 0.16445206105709076
vt 0.96141701936721802 0.16939479112625122
vt 0.96141666173934937 0.17432926595211029
vt 0.96141624450683594 0.17925830185413361
vt 0.96141588687896729 0.18418464064598083
vt 0.96141546964645386 0.18911099433898926
vt 0.96141511201858521 0.19404003024101257
vt 0.96141475439071655 0.19897449016571045
vt 0.9614143967628479 0.20391720533370972
vt 0.96141397953033447 0.20926405489444733
vt 0.96141362190246582 0.21460744738578796
vt 0.96141326427459717 0.21995081007480621
vt 0.96141290664672852 0.22529765963554382
vt 0.96141254901885986 0.23064450919628143
vt 0.96141225099563599 0.23598787188529968
vt 0.96141189336776733 0.24133126437664032
vt 0.96141159534454346 0.24667809903621674
vt 0.9614112377166748 0.25331836938858032
vt 0.96141093969345093 0.25995868444442749
vt 0.96693146228790283 0.069627150893211365
vt 0.96692496538162231 0.25927740335464478
vt 0.97243809700012207 0.25858110189437866
vt 0.97243809700012207 0.26795706152915955
vt 0.97243809700012207 0.27733302116394043
vt 0.97243809700012207 0.28670895099639893
vt 0.97243809700012207 0.29608491063117981
vt 0.97243809700012207 0.30546087026596069
vt 0.97243809700012207 0.31483682990074158
vt 0.97243809700012207 0.32421278953552246
vt 0.97243809700012207 0.33358871936798096
vt 0.97243809700012207 0.34296464920043945
vt 0.97243809700012207 0.35234060883522034
vt 0.97243809700012207 0.36171656847000122
vt 0.97243809700012207 0.37109249830245972
vt 0.97243809700012207 0.3804684579372406
vt 0.97243809700012207 0.38984441757202148
vt 0.97243809700012207 0.39922040700912476
vt 0.96140849590301514 0.39784261584281921
vt 0.96140891313552856 0.40448641777038574
vt 0.96140933036804199 0.4111301600933075
vt 0.96140968799591064 0.4164770245552063
vt 0.9614100456237793 0.42182037234306335
vt 0.96141040325164795 0.4271637499332428
vt 0.96141082048416138 0.43251058459281921
vt 0.9614112377166748 0.43785744905471802
vt 0.96141165494918823 0.44320079684257507
vt 0.96141207218170166 0.44854417443275452
vt 0.96141254901885986 0.45389106869697571
vt 0.96141296625137329 0.45883375406265259
vt 0.96141338348388672 0.46376821398735046
vt 0.96141380071640015 0.46869724988937378
vt 0.96141421794891357 0.4736236035823822
vt 0.96141469478607178 0.47854995727539063
vt 0.96141511201858521 0.48347899317741394
vt 0.96141558885574341 0.48841345310211182
vt 0.96141600608825684 0.49335619807243347
vt 0.96141648292541504 0.49829888343811035
vt 0.96141690015792847 0.50323331356048584
vt 0.96141737699508667 0.50816237926483154
vt 0.9614177942276001 0.51308870315551758
vt 0.96141821146011353 0.51801508665084839
vt 0.96141868829727173 0.52294409275054932
vt 0.96141910552978516 0.52787858247756958
vt 0.96141952276229858 0.53282129764556885
vt 0.96141993999481201 0.53816819190979004
vt 0.96142035722732544 0.54351150989532471
vt 0.96142083406448364 0.54885488748550415
vt 0.96142119169235229 0.55420172214508057
vt 0.96142160892486572 0.55954861640930176
vt 0.96142202615737915 0.56489193439483643
vt 0.9614223837852478 0.57023537158966064
vt 0.96142274141311646 0.57558220624923706
vt 0.96142315864562988 0.58222222328186035
vt 0.96142351627349854 0.58886224031448364
vt 0.96692377328872681 0.39852401614189148
vt 0.96693122386932373 0.58818179368972778
vt 0.97243809700012207 0.58748632669448853
vt 0.97243809700012207 0.59627652168273926
vt 0.97243809700012207 0.60506677627563477
vt 0.97243809700012207 0.61385703086853027
vt 0.97243809700012207 0.62264728546142578
vt 0.97243809700012207 0.63143754005432129
vt 0.97243809700012207 0.6402277946472168
vt 0.97243809700012207 0.64901798963546753
vt 0.87869000434875488 0
vt 0.87538802623748779 0
vt 0.87208598852157593 0
vt 0.87869000434875488 0.17712698876857758
vt 0.87869000434875488 0.35425397753715515
vt 0.87208598852157593 0.35425397753715515
vt 0.87869000434875488 0.53138095140457153
vt 0.87869000434875488 0.7085079550743103
vt 0.87538802623748779 0.7085079550743103
vt 0.87208598852157593 0.7085079550743103
vt 0.87869000434875488 0.0088563496246933937
vt 0.87869000434875488 0.017712699249386787
vt 0.87869000434875488 0.026569049805402756
vt 0.87869000434875488 0.035425398498773575
vt 0.87869000434875488 0.044281747192144394
vt 0.87869000434875488 0.053138099610805511
vt 0.87869000434875488 0.061994444578886032
vt 0.87869000434875488 0.07085079699754715
vt 0.87869000434875488 0.079707145690917969
vt 0.87869000434875488 0.088563494384288788
vt 0.87869000434875488 0.097419850528240204
vt 0.87869000434875488 0.10627619922161102
vt 0.87869000434875488 0.11513254046440125
vt 0.87869000434875488 0.12398888915777206
vt 0.87869000434875488 0.13284523785114288
vt 0.87869000434875488 0.1417015939950943
vt 0.87869000434875488 0.15055795013904572
vt 0.87869000434875488 0.15941429138183594
vt 0.87869000434875488 0.16827063262462616
vt 0.87869000434875488 0.1859833300113678
vt 0.87869000434875488 0.19483970105648041
vt 0.87869000434875488 0.20369604229927063
vt 0.87869000434875488 0.21255239844322205
vt 0.87869000434875488 0.22140873968601227
vt 0.87869000434875488 0.23026508092880249
vt 0.87869000434875488 0.23912143707275391
vt 0.87869000434875488 0.24797777831554413
vt 0.87869000434875488 0.25683414936065674
vt 0.87869000434875488 0.26569047570228577
vt 0.87869000434875488 0.27454683184623718
vt 0.87869000434875488 0.2834031879901886
vt 0.87869000434875488 0.29225954413414001
vt 0.87869000434875488 0.30111590027809143
vt 0.87869000434875488 0.30997222661972046
vt 0.87869000434875488 0.31882858276367188
vt 0.87869000434875488 0.32768493890762329
vt 0.87869000434875488 0.33654126524925232
vt 0.87869000434875488 0.34539765119552612
vt 0.87869000434875488 0.36311033368110657
vt 0.87869000434875488 0.3719666600227356
vt 0.87869000434875488 0.3808230459690094
vt 0.87869000434875488 0.38967940211296082
vt 0.87869000434875488 0.39853572845458984
vt 0.87869000434875488 0.40739208459854126
vt 0.87869000434875488 0.41624841094017029
vt 0.87869000434875488 0.42510479688644409
vt 0.87869000434875488 0.43396112322807312
vt 0.87869000434875488 0.44281747937202454
vt 0.87869000434875488 0.45167380571365356
vt 0.87869000434875488 0.46053016185760498
vt 0.87869000434875488 0.46938654780387878
vt 0.87869000434875488 0.47824287414550781
vt 0.87869000434875488 0.48709923028945923
vt 0.87869000434875488 0.49595555663108826
vt 0.87869000434875488 0.50481188297271729
vt 0.87869000434875488 0.51366829872131348
vt 0.87869000434875488 0.52252465486526489
vt 0.87869000434875488 0.54023730754852295
vt 0.87869000434875488 0.54909366369247437
vt 0.87869000434875488 0.55795001983642578
vt 0.87869000434875488 0.5668063759803772
vt 0.87869000434875488 0.57566273212432861
vt 0.87869000434875488 0.58451908826828003
vt 0.87869000434875488 0.59337538480758667
vt 0.87869000434875488 0.60223180055618286
vt 0.87869000434875488 0.6110880970954895
vt 0.87869000434875488 0.61994445323944092
vt 0.87869000434875488 0.62880080938339233
vt 0.87869000434875488 0.63765716552734375
vt 0.87869000434875488 0.64651352167129517
vt 0.87869000434875488 0.65536987781524658
vt 0.87869000434875488 0.664226233959198
vt 0.87869000434875488 0.67308253049850464
vt 0.87869000434875488 0.68193888664245605
vt 0.87869000434875488 0.69079530239105225
vt 0.87869000434875488 0.69965159893035889
vt 0.87208598852157593 0.70026952028274536
vt 0.87208598852157593 0.69203102588653564
vt 0.87208598852157593 0.68379253149032593
vt 0.87208598852157593 0.67555409669876099
vt 0.87208598852157593 0.66731560230255127
vt 0.87208598852157593 0.65907716751098633
vt 0.87208598852157593 0.65083873271942139
vt 0.87208598852157593 0.64260023832321167
vt 0.87208598852157593 0.63436180353164673
vt 0.87208598852157593 0.62612330913543701
vt 0.87208598852157593 0.61788487434387207
vt 0.87208598852157593 0.60964637994766235
vt 0.87208598852157593 0.60140788555145264
vt 0.87208598852157593 0.5931694507598877
vt 0.87208598852157593 0.58493095636367798
vt 0.87208598852157593 0.57669252157211304
vt 0.87208598852157593 0.5684540867805481
vt 0.87208598852157593 0.56021559238433838
vt 0.87208598852157593 0.55197715759277344
vt 0.87208598852157593 0.54373866319656372
vt 0.87208598852157593 0.53550022840499878
vt 0.87208598852157593 0.52726173400878906
vt 0.87208598852157593 0.51902323961257935
vt 0.87208598852157593 0.5107848048210144
vt 0.87208598852157593 0.50254631042480469
vt 0.87208598852157593 0.49430787563323975
vt 0.87208598852157593 0.4860694408416748
vt 0.87208598852157593 0.47783097624778748
vt 0.87208598852157593 0.46959251165390015
vt 0.87208598852157593 0.46135401725769043
vt 0.87208598852157593 0.4531155526638031
vt 0.87208598852157593 0.44487708806991577
vt 0.87208598852157593 0.43663862347602844
vt 0.87208598852157593 0.42840015888214111
vt 0.87208598852157593 0.42016169428825378
vt 0.87208598852157593 0.41192322969436646
vt 0.87208598852157593 0.40368476510047913
vt 0.87208598852157593 0.39544633030891418
vt 0.87208598852157593 0.38720786571502686
vt 0.87208598852157593 0.37896940112113953
vt 0.87208598852157593 0.37073090672492981
vt 0.87208598852157593 0.36249244213104248
vt 0.87208598852157593 0.34601551294326782
vt 0.87208598852157593 0.33777704834938049
vt 0.87208598852157593 0.32953858375549316
vt 0.87208598852157593 0.32130011916160583
vt 0.87208598852157593 0.31306165456771851
vt 0.87208598852157593 0.30482318997383118
vt 0.87208598852157593 0.29658472537994385
vt 0.87208598852157593 0.28834626078605652
vt 0.87208598852157593 0.28010779619216919
vt 0.87208598852157593 0.27186933159828186
vt 0.87208598852157593 0.26363086700439453
vt 0.87208598852157593 0.2553924024105072
vt 0.87208598852157593 0.24715393781661987
vt 0.87208598852157593 0.23891548812389374
vt 0.87208598852157593 0.23067700862884521
vt 0.87208598852157593 0.22243854403495789
vt 0.87208598852157593 0.21420007944107056
vt 0.87208598852157593 0.20596161484718323
vt 0.87208598852157593 0.19772316515445709
vt 0.87208598852157593 0.18948470056056976
vt 0.87208598852157593 0.18124622106552124
vt 0.87208598852157593 0.17300775647163391
vt 0.87208598852157593 0.16476929187774658
vt 0.87208598852157593 0.15653082728385925
vt 0.87208598852157593 0.14829236268997192
vt 0.87208598852157593 0.14005389809608459
vt 0.87208598852157593 0.13181543350219727
vt 0.87208598852157593 0.12357696890830994
vt 0.87208598852157593 0.11533850431442261
vt 0.87208598852157593 0.10710003972053528
vt 0.87208598852157593 0.098861582577228546
vt 0.87208598852157593 0.09062311053276062
vt 0.87208598852157593 0.082384645938873291
vt 0.87208598852157593 0.074146181344985962
vt 0.87208598852157593 0.065907716751098633
vt 0.87208598852157593 0.057669252157211304
vt 0.87208598852157593 0.049430791288614273
vt 0.87208598852157593 0.041192322969436646
vt 0.87208598852157593 0.032953858375549316
vt 0.87208598852157593 0.024715395644307137
vt 0.87208598852157593 0.016476929187774658
vt 0.87208598852157593 0.0082384645938873291
vt 0.87538802623748779 0.023223612457513809
vt 0.87538802623748779 0.03446197509765625
vt 0.87538802623748779 0.056883245706558228
vt 0.87538802623748779 0.045700337737798691
vt 0.87538802623748779 0.067814499139785767
vt 0.87538802623748779 0.078745745122432709
vt 0.87538802623748779 0.10060825198888779
vt 0.87538802623748779 0.089676991105079651
vt 0.87538802623748779 0.11153949797153473
vt 0.87538802623748779 0.13340200483798981
vt 0.87538802623748779 0.12247074395418167
vt 0.87538802623748779 0.14433324337005615
vt 0.87538802623748779 0.1552644819021225
vt 0.87538802623748779 0.16686409711837769
vt 0.87538802623748779 0.18911224603652954
vt 0.87538802623748779 0.17712698876857758
vt 0.87538802623748779 0.20035061240196228
vt 0.87538802623748779 0.21158897876739502
vt 0.87538802623748779 0.22282734513282776
vt 0.87538802623748779 0.2340102344751358
vt 0.87538802623748779 0.25587272644042969
vt 0.87538802623748779 0.24494148790836334
vt 0.87538802623748779 0.26680400967597961
vt 0.87538802623748779 0.27773523330688477
vt 0.87538802623748779 0.2886664867401123
vt 0.87538802623748779 0.310528963804245
vt 0.87538802623748779 0.29959774017333984
vt 0.87538802623748779 0.32146021723747253
vt 0.87538802623748779 0.34399110078811646
vt 0.87538802623748779 0.33239150047302246
vt 0.87538802623748779 0.35425397753715515
vt 0.87538802623748779 0.36623921990394592
vt 0.87538802623748779 0.37747758626937866
vt 0.87538802623748779 0.39995431900024414
vt 0.87538802623748779 0.3887159526348114
vt 0.87538802623748779 0.41113722324371338
vt 0.87538802623748779 0.43299973011016846
vt 0.87538802623748779 0.42206847667694092
vt 0.87538802623748779 0.44393095374107361
vt 0.87538802623748779 0.45486220717430115
vt 0.87538802623748779 0.47672474384307861
vt 0.87538802623748779 0.46579346060752869
vt 0.87538802623748779 0.4985872209072113
vt 0.87538802623748779 0.48765599727630615
vt 0.87538802623748779 0.50951850414276123
vt 0.87538802623748779 0.52111810445785522
vt 0.87538802623748779 0.5433661937713623
vt 0.87538802623748779 0.53138095140457153
vt 0.87538802623748779 0.55460458993911743
vt 0.87538802623748779 0.56584292650222778
vt 0.87538802623748779 0.57708132266998291
vt 0.87538802623748779 0.58826422691345215
vt 0.87538802623748779 0.61012673377990723
vt 0.87538802623748779 0.59919548034667969
vt 0.87538802623748779 0.62105792760848999
vt 0.87538802623748779 0.63198918104171753
vt 0.87538802623748779 0.64292043447494507
vt 0.87538802623748779 0.66478300094604492
vt 0.87538802623748779 0.65385174751281738
vt 0.87538802623748779 0.67571425437927246
vt 0.87538802623748779 0.69824510812759399
vt 0.87538802623748779 0.68664544820785522
vt 0.76587527990341187 0.2914920449256897
vt 0.76248955726623535 0.2914920449256897
vt 0.75910383462905884 0.2914920449256897
vt 0.76587527990341187 0.64501357078552246
vt 0.75910383462905884 0.64501357078552246
vt 0.76587527990341187 0.99853515625
vt 0.76248955726623535 0.99853515625
vt 0.75910383462905884 0.99853515625
vt 0.76587527990341187 0.29971346259117126
vt 0.76587527990341187 0.30793491005897522
vt 0.76587527990341187 0.31615632772445679
vt 0.76587527990341187 0.32437777519226074
vt 0.76587527990341187 0.33259919285774231
vt 0.76587527990341187 0.34082064032554626
vt 0.76587527990341187 0.34904205799102783
vt 0.76587527990341187 0.3572634756565094
vt 0.76587527990341187 0.36548492312431335
vt 0.76587527990341187 0.37370637059211731
vt 0.76587527990341187 0.38192778825759888
vt 0.76587527990341187 0.39014923572540283
vt 0.76587527990341187 0.3983706533908844
vt 0.76587527990341187 0.40659207105636597
vt 0.76587527990341187 0.41481351852416992
vt 0.76587527990341187 0.42303493618965149
vt 0.76587527990341187 0.43125638365745544
vt 0.76587527990341187 0.43947780132293701
vt 0.76587527990341187 0.44769924879074097
vt 0.76587527990341187 0.45592066645622253
vt 0.76587527990341187 0.46414211392402649
vt 0.76587527990341187 0.47236353158950806
vt 0.76587527990341187 0.48058497905731201
vt 0.76587527990341187 0.48880639672279358
vt 0.76587527990341187 0.49702781438827515
vt 0.76587527990341187 0.5052492618560791
vt 0.76587527990341187 0.51347070932388306
vt 0.76587527990341187 0.52169215679168701
vt 0.76587527990341187 0.52991354465484619
vt 0.76587527990341187 0.53813499212265015
vt 0.76587527990341187 0.5463564395904541
vt 0.76587527990341187 0.55457782745361328
vt 0.76587527990341187 0.56279927492141724
vt 0.76587527990341187 0.57102072238922119
vt 0.76587527990341187 0.57924211025238037
vt 0.76587527990341187 0.58746355772018433
vt 0.76587527990341187 0.59568500518798828
vt 0.76587527990341187 0.60390645265579224
vt 0.76587527990341187 0.61212790012359619
vt 0.76587527990341187 0.62034928798675537
vt 0.76587527990341187 0.62857073545455933
vt 0.76587527990341187 0.63679218292236328
vt 0.76587527990341187 0.65323501825332642
vt 0.76587527990341187 0.66145646572113037
vt 0.76587527990341187 0.66967791318893433
vt 0.76587527990341187 0.67789936065673828
vt 0.76587527990341187 0.68612074851989746
vt 0.76587527990341187 0.69434219598770142
vt 0.76587527990341187 0.7025635838508606
vt 0.76587527990341187 0.71078503131866455
vt 0.76587527990341187 0.71900647878646851
vt 0.76587527990341187 0.72722792625427246
vt 0.76587527990341187 0.73544937372207642
vt 0.76587527990341187 0.7436707615852356
vt 0.76587527990341187 0.75189220905303955
vt 0.76587527990341187 0.76011365652084351
vt 0.76587527990341187 0.76833510398864746
vt 0.76587527990341187 0.77655655145645142
vt 0.76587527990341187 0.7847779393196106
vt 0.76587527990341187 0.79299932718276978
vt 0.76587527990341187 0.80122077465057373
vt 0.76587527990341187 0.80944222211837769
vt 0.76587527990341187 0.81766366958618164
vt 0.76587527990341187 0.8258851170539856
vt 0.76587527990341187 0.83410650491714478
vt 0.76587527990341187 0.84232795238494873
vt 0.76587527990341187 0.85054939985275269
vt 0.76587527990341187 0.85877084732055664
vt 0.76587527990341187 0.86699223518371582
vt 0.76587527990341187 0.87521368265151978
vt 0.76587527990341187 0.88343513011932373
vt 0.76587527990341187 0.89165651798248291
vt 0.76587527990341187 0.89987796545028687
vt 0.76587527990341187 0.90809941291809082
vt 0.76587527990341187 0.91632086038589478
vt 0.76587527990341187 0.92454230785369873
vt 0.76587527990341187 0.93276369571685791
vt 0.76587527990341187 0.94098514318466187
vt 0.76587527990341187 0.94920659065246582
vt 0.76587527990341187 0.957427978515625
vt 0.76587527990341187 0.96564942598342896
vt 0.76587527990341187 0.97387087345123291
vt 0.76587527990341187 0.98209226131439209
vt 0.76587527990341187 0.99031370878219604
vt 0.75910383462905884 0.99031370878219604
vt 0.75910383462905884 0.98209226131439209
vt 0.75910383462905884 0.97387087345123291
vt 0.75910383462905884 0.96564942598342896
vt 0.75910383462905884 0.957427978515625
vt 0.75910383462905884 0.94920659065246582
vt 0.75910383462905884 0.94098514318466187
vt 0.75910383462905884 0.93276369571685791
vt 0.75910383462905884 0.92454230785369873
vt 0.75910383462905884 0.91632086038589478
vt 0.75910383462905884 0.90809941291809082
vt 0.75910383462905884 0.89987796545028687
vt 0.75910383462905884 0.89165651798248291
vt 0.75910383462905884 0.88343513011932373
vt 0.75910383462905884 0.87521368265151978
vt 0.75910383462905884 0.86699223518371582
vt 0.75910383462905884 0.85877084732055664
vt 0.75910383462905884 0.85054939985275269
vt 0.75910383462905884 0.84232795238494873
vt 0.75910383462905884 0.83410650491714478
vt 0.75910383462905884 0.8258851170539856
vt 0.75910383462905884 0.81766366958618164
vt 0.75910383462905884 0.80944222211837769
vt 0.75910383462905884 0.80122077465057373
vt 0.75910383462905884 0.79299932718276978
vt 0.75910383462905884 0.7847779393196106
vt 0.75910383462905884 0.77655655145645142
vt 0.75910383462905884 0.76833510398864746
vt 0.75910383462905884 0.76011365652084351
vt 0.75910383462905884 0.75189220905303955
vt 0.75910383462905884 0.7436707615852356
vt 0.75910383462905884 0.73544937372207642
vt 0.75910383462905884 0.72722792625427246
vt 0.75910383462905884 0.71900647878646851
vt 0.75910383462905884 0.71078503131866455
vt 0.75910383462905884 0.7025635838508606
vt 0.75910383462905884 0.69434219598770142
vt 0.75910383462905884 0.68612074851989746
vt 0.75910383462905884 0.67789936065673828
vt 0.75910383462905884 0.66967791318893433
vt 0.75910383462905884 0.66145646572113037
vt 0.75910383462905884 0.65323501825332642
vt 0.75910383462905884 0.63679218292236328
vt 0.75910383462905884 0.62857073545455933
vt 0.75910383462905884 0.62034928798675537
vt 0.75910383462905884 0.61212790012359619
vt 0.75910383462905884 0.60390645265579224
vt 0.75910383462905884 0.59568500518798828
vt 0.75910383462905884 0.58746355772018433
vt 0.75910383462905884 0.57924211025238037
vt 0.75910383462905884 0.57102072238922119
vt 0.75910383462905884 0.56279927492141724
vt 0.75910383462905884 0.55457782745361328
vt 0.75910383462905884 0.5463564395904541
vt 0.75910383462905884 0.53813499212265015
vt 0.75910383462905884 0.52991354465484619
vt 0.75910383462905884 0.52169215679168701
vt 0.75910383462905884 0.51347070932388306
vt 0.75910383462905884 0.5052492618560791
vt 0.75910383462905884 0.49702781438827515
vt 0.75910383462905884 0.48880639672279358
vt 0.75910383462905884 0.48058497905731201
vt 0.75910383462905884 0.47236353158950806
vt 0.75910383462905884 0.46414211392402649
vt 0.75910383462905884 0.45592066645622253
vt 0.75910383462905884 0.44769924879074097
vt 0.75910383462905884 0.43947780132293701
vt 0.75910383462905884 0.43125638365745544
vt 0.75910383462905884 0.42303493618965149
vt 0.75910383462905884 0.41481351852416992
vt 0.75910383462905884 0.40659207105636597
vt 0.75910383462905884 0.3983706533908844
vt 0.75910383462905884 0.39014923572540283
vt 0.75910383462905884 0.38192778825759888
vt 0.75910383462905884 0.37370637059211731
vt 0.75910383462905884 0.36548492312431335
vt 0.75910383462905884 0.3572634756565094
vt 0.75910383462905884 0.34904205799102783
vt 0.75910383462905884 0.34082064032554626
vt 0.75910383462905884 0.33259919285774231
vt 0.75910383462905884 0.32437777519226074
vt 0.75910383462905884 0.31615632772445679
vt 0.75910383462905884 0.30793491005897522
vt 0.75910383462905884 0.29971346259117126
vt 0.76248955726623535 0.31466764211654663
vt 0.76248955726623535 0.32588276267051697
vt 0.76248955726623535 0.3370978832244873
vt 0.76248955726623535 0.35916632413864136
vt 0.76248955726623535 0.34825769066810608
vt 0.76248955726623535 0.3809836208820343
vt 0.76248955726623535 0.37007498741149902
vt 0.76248955726623535 0.39189228415489197
vt 0.76248955726623535 0.41370958089828491
vt 0.76248955726623535 0.40280091762542725
vt 0.76248955726623535 0.42461821436882019
vt 0.76248955726623535 0.43552687764167786
vt 0.76248955726623535 0.44643551111221313
vt 0.76248955726623535 0.46825280785560608
vt 0.76248955726623535 0.45801115036010742
vt 0.76248955726623535 0.4914284348487854
vt 0.76248955726623535 0.48021328449249268
vt 0.76248955726623535 0.50264352560043335
vt 0.76248955726623535 0.52501845359802246
vt 0.76248955726623535 0.51385867595672607
vt 0.76248955726623535 0.53592711687088013
vt 0.76248955726623535 0.55774444341659546
vt 0.76248955726623535 0.54683572053909302
vt 0.76248955726623535 0.57956171035766602
vt 0.76248955726623535 0.56865304708480835
vt 0.76248955726623535 0.59047037363052368
vt 0.76248955726623535 0.60137897729873657
vt 0.76248955726623535 0.6231963038444519
vt 0.76248955726623535 0.61228764057159424
vt 0.76248955726623535 0.63477194309234619
vt 0.76248955726623535 0.64501357078552246
vt 0.76248955726623535 0.65697407722473145
vt 0.76248955726623535 0.66818922758102417
vt 0.76248955726623535 0.67940431833267212
vt 0.76248955726623535 0.70177924633026123
vt 0.76248955726623535 0.69061946868896484
vt 0.76248955726623535 0.7126879096031189
vt 0.76248955726623535 0.72359651327133179
vt 0.76248955726623535 0.74541383981704712
vt 0.76248955726623535 0.73450517654418945
vt 0.76248955726623535 0.75632244348526001
vt 0.76248955726623535 0.77813977003097534
vt 0.76248955726623535 0.76723116636276245
vt 0.76248955726623535 0.78904843330383301
vt 0.76248955726623535 0.79995709657669067
vt 0.76248955726623535 0.81153273582458496
vt 0.76248955726623535 0.82177436351776123
vt 0.76248955726623535 0.83373481035232544
vt 0.76248955726623535 0.84494996070861816
vt 0.76248955726623535 0.86738026142120361
vt 0.76248955726623535 0.85616511106491089
vt 0.76248955726623535 0.8785400390625
vt 0.76248955726623535 0.90035730600357056
vt 0.76248955726623535 0.88944864273071289
vt 0.76248955726623535 0.91126596927642822
vt 0.76248955726623535 0.92217457294464111
vt 0.76248955726623535 0.93308323621749878
vt 0.76248955726623535 0.94399195909500122
vt 0.76248955726623535 0.95490056276321411
vt 0.76248955726623535 0.97671788930892944
vt 0.76248955726623535 0.96580922603607178
vt 0.76248955726623535 0.98829352855682373
vt 0.70175689458847046 0.2914920449256897
vt 0.6984826922416687 0.2914920449256897
vt 0.69520854949951172 0.2914920449256897
vt 0.70175689458847046 0.64501357078552246
vt 0.70175689458847046 0.99853515625
vt 0.6984826922416687 0.99853515625
vt 0.69520854949951172 0.99853515625
vt 0.70175689458847046 0.29971346259117126
vt 0.70175689458847046 0.30793491005897522
vt 0.70175689458847046 0.31615632772445679
vt 0.70175689458847046 0.32437777519226074
vt 0.70175689458847046 0.33259919285774231
vt 0.70175689458847046 0.34082064032554626
vt 0.70175689458847046 0.34904205799102783
vt 0.70175689458847046 0.3572634756565094
vt 0.70175689458847046 0.36548492312431335
vt 0.70175689458847046 0.37370637059211731
vt 0.70175689458847046 0.38192778825759888
vt 0.70175689458847046 0.39014923572540283
vt 0.70175689458847046 0.3983706533908844
vt 0.70175689458847046 0.40659207105636597
vt 0.70175689458847046 0.41481351852416992
vt 0.70175689458847046 0.42303493618965149
vt 0.70175689458847046 0.43125638365745544
vt 0.70175689458847046 0.43947780132293701
vt 0.70175689458847046 0.44769924879074097
vt 0.70175689458847046 0.45592066645622253
vt 0.70175689458847046 0.46414211392402649
vt 0.70175689458847046 0.47236353158950806
vt 0.70175689458847046 0.48058497905731201
vt 0.70175689458847046 0.48880639672279358
vt 0.70175689458847046 0.49702781438827515
vt 0.70175689458847046 0.5052492618560791
vt 0.70175689458847046 0.51347070932388306
vt 0.70175689458847046 0.52169215679168701
vt 0.70175689458847046 0.52991354465484619
vt 0.70175689458847046 0.53813499212265015
vt 0.70175689458847046 0.5463564395904541
vt 0.70175689458847046 0.55457782745361328
vt 0.70175689458847046 0.56279927492141724
vt 0.70175689458847046 0.57102072238922119
vt 0.70175689458847046 0.57924211025238037
vt 0.70175689458847046 0.58746355772018433
vt 0.70175689458847046 0.59568500518798828
vt 0.70175689458847046 0.60390645265579224
vt 0.70175689458847046 0.61212790012359619
vt 0.70175689458847046 0.62034928798675537
vt 0.70175689458847046 0.62857073545455933
vt 0.70175689458847046 0.63679218292236328
vt 0.70175689458847046 0.65323501825332642
vt 0.70175689458847046 0.66145646572113037
vt 0.70175689458847046 0.66967791318893433
vt 0.70175689458847046 0.67789936065673828
vt 0.70175689458847046 0.68612074851989746
vt 0.70175689458847046 0.69434219598770142
vt 0.70175689458847046 0.7025635838508606
vt 0.70175689458847046 0.71078503131866455
vt 0.70175689458847046 0.71900647878646851
vt 0.70175689458847046 0.72722792625427246
vt 0.70175689458847046 0.73544937372207642
vt 0.70175689458847046 0.7436707615852356
vt 0.70175689458847046 0.75189220905303955
vt 0.70175689458847046 0.76011365652084351
vt 0.70175689458847046 0.76833510398864746
vt 0.70175689458847046 0.77655655145645142
vt 0.70175689458847046 0.7847779393196106
vt 0.70175689458847046 0.79299932718276978
vt 0.70175689458847046 0.80122077465057373
vt 0.70175689458847046 0.80944222211837769
vt 0.70175689458847046 0.81766366958618164
vt 0.70175689458847046 0.8258851170539856
vt 0.70175689458847046 0.83410650491714478
vt 0.70175689458847046 0.84232795238494873
vt 0.70175689458847046 0.85054939985275269
vt 0.70175689458847046 0.85877084732055664
vt 0.70175689458847046 0.86699223518371582
vt 0.70175689458847046 0.87521368265151978
vt 0.70175689458847046 0.88343513011932373
vt 0.70175689458847046 0.89165651798248291
vt 0.70175689458847046 0.89987796545028687
vt 0.70175689458847046 0.90809941291809082
vt 0.70175689458847046 0.91632086038589478
vt 0.70175689458847046 0.92454230785369873
vt 0.70175689458847046 0.93276369571685791
vt 0.70175689458847046 0.94098514318466187
vt 0.70175689458847046 0.94920659065246582
vt 0.70175689458847046 0.957427978515625
vt 0.70175689458847046 0.96564942598342896
vt 0.70175689458847046 0.97387087345123291
vt 0.70175689458847046 0.98209226131439209
vt 0.70175689458847046 0.99031370878219604
vt 0.69520854949951172 0.98980623483657837
vt 0.69520854949951172 0.98107731342315674
vt 0.69520854949951172 0.97234839200973511
vt 0.69520854949951172 0.96361947059631348
vt 0.69520854949951172 0.95489048957824707
vt 0.69520854949951172 0.94616156816482544
vt 0.69520854949951172 0.93743264675140381
vt 0.69520854949951172 0.92870372533798218
vt 0.69520854949951172 0.91997480392456055
vt 0.69520854949951172 0.91124588251113892
vt 0.69520854949951172 0.90251696109771729
vt 0.69520854949951172 0.89378803968429565
vt 0.69520854949951172 0.88505905866622925
vt 0.69520854949951172 0.87633013725280762
vt 0.69520854949951172 0.86760121583938599
vt 0.69520854949951172 0.85887229442596436
vt 0.69520854949951172 0.85014337301254272
vt 0.69520854949951172 0.84141445159912109
vt 0.69520854949951172 0.83268553018569946
vt 0.69520854949951172 0.82395660877227783
vt 0.69520854949951172 0.8152276873588562
vt 0.69520854949951172 0.80649876594543457
vt 0.69520854949951172 0.79776984453201294
vt 0.69520854949951172 0.78904092311859131
vt 0.69520854949951172 0.78031200170516968
vt 0.69520854949951172 0.77158308029174805
vt 0.69520854949951172 0.76285415887832642
vt 0.69520854949951172 0.75412523746490479
vt 0.69520854949951172 0.74539625644683838
vt 0.69520854949951172 0.73666733503341675
vt 0.69520854949951172 0.72793841361999512
vt 0.69520854949951172 0.71920949220657349
vt 0.69520854949951172 0.71048057079315186
vt 0.69520854949951172 0.70175164937973022
vt 0.69520854949951172 0.69302272796630859
vt 0.69520854949951172 0.68429380655288696
vt 0.69520854949951172 0.67556482553482056
vt 0.69520854949951172 0.66683590412139893
vt 0.69520854949951172 0.65810698270797729
vt 0.69520854949951172 0.64937806129455566
vt 0.69520854949951172 0.64064913988113403
vt 0.69520854949951172 0.6319202184677124
vt 0.69520854949951172 0.62319129705429077
vt 0.69520854949951172 0.61446237564086914
vt 0.69520854949951172 0.60573345422744751
vt 0.69520854949951172 0.59700453281402588
vt 0.69520854949951172 0.58827555179595947
vt 0.69520854949951172 0.57954663038253784
vt 0.69520854949951172 0.57081770896911621
vt 0.69520854949951172 0.56208878755569458
vt 0.69520854949951172 0.55335986614227295
vt 0.69520854949951172 0.54463094472885132
vt 0.69520854949951172 0.53590202331542969
vt 0.69520854949951172 0.52717310190200806
vt 0.69520854949951172 0.51844412088394165
vt 0.69520854949951172 0.50971519947052002
vt 0.69520854949951172 0.50098627805709839
vt 0.69520854949951172 0.49225738644599915
vt 0.69520854949951172 0.48352843523025513
vt 0.69520854949951172 0.4747995138168335
vt 0.69520854949951172 0.46607059240341187
vt 0.69520854949951172 0.45734164118766785
vt 0.69520854949951172 0.44861271977424622
vt 0.69520854949951172 0.43988379836082458
vt 0.69520854949951172 0.43115487694740295
vt 0.69520854949951172 0.42242595553398132
vt 0.69520854949951172 0.41369703412055969
vt 0.69520854949951172 0.40496808290481567
vt 0.69520854949951172 0.39623916149139404
vt 0.69520854949951172 0.38751024007797241
vt 0.69520854949951172 0.37878131866455078
vt 0.69520854949951172 0.37005239725112915
vt 0.69520854949951172 0.36132344603538513
vt 0.69520854949951172 0.3525945246219635
vt 0.69520854949951172 0.34386560320854187
vt 0.69520854949951172 0.33513668179512024
vt 0.69520854949951172 0.32640776038169861
vt 0.69520854949951172 0.31767880916595459
vt 0.69520854949951172 0.30894988775253296
vt 0.69520854949951172 0.30022096633911133
vt 0.6984826922416687 0.31466764211654663
vt 0.6984826922416687 0.32588276267051697
vt 0.6984826922416687 0.3370978832244873
vt 0.6984826922416687 0.35916632413864136
vt 0.6984826922416687 0.34825769066810608
vt 0.6984826922416687 0.3809836208820343
vt 0.6984826922416687 0.37007498741149902
vt 0.6984826922416687 0.39189228415489197
vt 0.6984826922416687 0.41370958089828491
vt 0.6984826922416687 0.40280091762542725
vt 0.6984826922416687 0.42461821436882019
vt 0.6984826922416687 0.43552687764167786
vt 0.6984826922416687 0.44643551111221313
vt 0.6984826922416687 0.45801115036010742
vt 0.6984826922416687 0.46825280785560608
vt 0.6984826922416687 0.4914284348487854
vt 0.6984826922416687 0.48021328449249268
vt 0.6984826922416687 0.51385867595672607
vt 0.6984826922416687 0.50264352560043335
vt 0.6984826922416687 0.52501845359802246
vt 0.6984826922416687 0.54683572053909302
vt 0.6984826922416687 0.53592711687088013
vt 0.6984826922416687 0.55774444341659546
vt 0.6984826922416687 0.56865304708480835
vt 0.6984826922416687 0.57956171035766602
vt 0.6984826922416687 0.59047037363052368
vt 0.6984826922416687 0.60137897729873657
vt 0.6984826922416687 0.6231963038444519
vt 0.6984826922416687 0.61228764057159424
vt 0.6984826922416687 0.63477194309234619
vt 0.6984826922416687 0.64501357078552246
vt 0.6984826922416687 0.65697407722473145
vt 0.6984826922416687 0.66818922758102417
vt 0.6984826922416687 0.67940431833267212
vt 0.6984826922416687 0.70177924633026123
vt 0.6984826922416687 0.69061946868896484
vt 0.6984826922416687 0.7126879096031189
vt 0.6984826922416687 0.72359651327133179
vt 0.6984826922416687 0.74541383981704712
vt 0.6984826922416687 0.73450517654418945
vt 0.6984826922416687 0.75632244348526001
vt 0.6984826922416687 0.77813977003097534
vt 0.6984826922416687 0.76723116636276245
vt 0.6984826922416687 0.78904843330383301
vt 0.6984826922416687 0.79995709657669067
vt 0.6984826922416687 0.81153273582458496
vt 0.6984826922416687 0.82177436351776123
vt 0.6984826922416687 0.84494996070861816
vt 0.6984826922416687 0.83373481035232544
vt 0.6984826922416687 0.86738026142120361
vt 0.6984826922416687 0.85616511106491089
vt 0.6984826922416687 0.8785400390625
vt 0.6984826922416687 0.90035730600357056
vt 0.6984826922416687 0.88944864273071289
vt 0.6984826922416687 0.91126596927642822
vt 0.6984826922416687 0.92217457294464111
vt 0.6984826922416687 0.93308323621749878
vt 0.6984826922416687 0.94399195909500122
vt 0.6984826922416687 0.95490056276321411
vt 0.6984826922416687 0.97671788930892944
vt 0.6984826922416687 0.96580922603607178
vt 0.6984826922416687 0.98829352855682373
vt 0 0.26890259981155396
vt 0 0.27946490049362183
vt 0 0.2900272011756897
vt 0.66736233234405518 0.26890259981155396
vt 0.66736233234405518 0.27946490049362183
vt 0.66736233234405518 0.2900272011756897
vt 0.0082390410825610161 0.26890259981155396
vt 0.016478082165122032 0.26890259981155396
vt 0.024717122316360474 0.26890259981155396
vt 0.032956164330244064 0.26890259981155396
vt 0.041195202618837357 0.26890259981155396
vt 0.049434244632720947 0.26890259981155396
vt 0.057673286646604538 0.26890259981155396
vt 0.065912328660488129 0.26890259981155396
vt 0.074151366949081421 0.26890259981155396
vt 0.082390405237674713 0.26890259981155396
vt 0.090629443526268005 0.26890259981155396
vt 0.098868489265441895 0.26890259981155396
vt 0.10710752755403519 0.26890259981155396
vt 0.11534657329320908 0.26890259981155396
vt 0.12358560413122177 0.26890259981155396
vt 0.13182465732097626 0.26890259981155396
vt 0.14006368815898895 0.26890259981155396
vt 0.14830273389816284 0.26890259981155396
vt 0.15654176473617554 0.26890259981155396
vt 0.16478081047534943 0.26890259981155396
vt 0.17301985621452332 0.26890259981155396
vt 0.18125888705253601 0.26890259981155396
vt 0.18949794769287109 0.26890259981155396
vt 0.19773697853088379 0.26890259981155396
vt 0.20597600936889648 0.26890259981155396
vt 0.21421505510807037 0.26890259981155396
vt 0.22245410084724426 0.26890259981155396
vt 0.23069314658641815 0.26890259981155396
vt 0.23893217742443085 0.26890259981155396
vt 0.24717120826244354 0.26890259981155396
vt 0.25541028380393982 0.26890259981155396
vt 0.26364931464195251 0.26890259981155396
vt 0.27188834547996521 0.26890259981155396
vt 0.28012737631797791 0.26890259981155396
vt 0.28836643695831299 0.26890259981155396
vt 0.29660546779632568 0.26890259981155396
vt 0.30484449863433838 0.26890259981155396
vt 0.31308352947235107 0.26890259981155396
vt 0.32132259011268616 0.26890259981155396
vt 0.32956162095069885 0.26890259981155396
vt 0.33780068159103394 0.26890259981155396
vt 0.34603971242904663 0.26890259981155396
vt 0.35427874326705933 0.26890259981155396
vt 0.36251777410507202 0.26890259981155396
vt 0.37075686454772949 0.26890259981155396
vt 0.37899589538574219 0.26890259981155396
vt 0.38723492622375488 0.26890259981155396
vt 0.39547395706176758 0.26890259981155396
vt 0.40371298789978027 0.26890259981155396
vt 0.41195201873779297 0.26890259981155396
vt 0.42019107937812805 0.26890259981155396
vt 0.42843011021614075 0.26890259981155396
vt 0.43666917085647583 0.26890259981155396
vt 0.44490820169448853 0.26890259981155396
vt 0.45314726233482361 0.26890259981155396
vt 0.4613862931728363 0.26890259981155396
vt 0.469625324010849 0.26890259981155396
vt 0.47786435484886169 0.26890259981155396
vt 0.48610338568687439 0.26890259981155396
vt 0.49434241652488708 0.26890259981155396
vt 0.50258153676986694 0.26890259981155396
vt 0.51082056760787964 0.26890259981155396
vt 0.51905959844589233 0.26890259981155396
vt 0.52729862928390503 0.26890259981155396
vt 0.53553766012191772 0.26890259981155396
vt 0.54377669095993042 0.26890259981155396
vt 0.55201572179794312 0.26890259981155396
vt 0.56025475263595581 0.26890259981155396
vt 0.56849384307861328 0.26890259981155396
vt 0.57673287391662598 0.26890259981155396
vt 0.58497190475463867 0.26890259981155396
vt 0.59321093559265137 0.26890259981155396
vt 0.60144996643066406 0.26890259981155396
vt 0.60968899726867676 0.26890259981155396
vt 0.61792802810668945 0.26890259981155396
vt 0.62616705894470215 0.26890259981155396
vt 0.63440614938735962 0.26890259981155396
vt 0.64264518022537231 0.26890259981155396
vt 0.65088421106338501 0.26890259981155396
vt 0.65912324190139771 0.26890259981155396
vt 0.65891468524932861 0.2900272011756897
vt 0.65046703815460205 0.2900272011756897
vt 0.64201945066452026 0.2900272011756897
vt 0.6335718035697937 0.2900272011756897
vt 0.62512421607971191 0.2900272011756897
vt 0.61667656898498535 0.2900272011756897
vt 0.60822892189025879 0.2900272011756897
vt 0.59978127479553223 0.2900272011756897
vt 0.59133368730545044 0.2900272011756897
vt 0.58288609981536865 0.2900272011756897
vt 0.57443845272064209 0.2900272011756897
vt 0.56599080562591553 0.2900272011756897
vt 0.55754315853118896 0.2900272011756897
vt 0.54909557104110718 0.2900272011756897
vt 0.54064798355102539 0.2900272011756897
vt 0.53220033645629883 0.2900272011756897
vt 0.52375268936157227 0.2900272011756897
vt 0.5153050422668457 0.2900272011756897
vt 0.50685745477676392 0.2900272011756897
vt 0.49840983748435974 0.2900272011756897
vt 0.48996222019195557 0.2900272011756897
vt 0.481514573097229 0.2900272011756897
vt 0.47306695580482483 0.2900272011756897
vt 0.46461930871009827 0.2900272011756897
vt 0.45617169141769409 0.2900272011756897
vt 0.4477241039276123 0.2900272011756897
vt 0.43927645683288574 0.2900272011756897
vt 0.43082883954048157 0.2900272011756897
vt 0.422381192445755 0.2900272011756897
vt 0.41393357515335083 0.2900272011756897
vt 0.40548592805862427 0.2900272011756897
vt 0.39703834056854248 0.2900272011756897
vt 0.38859072327613831 0.2900272011756897
vt 0.38014307618141174 0.2900272011756897
vt 0.37169545888900757 0.2900272011756897
vt 0.36324781179428101 0.2900272011756897
vt 0.35480022430419922 0.2900272011756897
vt 0.34635260701179504 0.2900272011756897
vt 0.33790495991706848 0.2900272011756897
vt 0.32945734262466431 0.2900272011756897
vt 0.32100972533226013 0.2900272011756897
vt 0.31256210803985596 0.2900272011756897
vt 0.30411446094512939 0.2900272011756897
vt 0.29566684365272522 0.2900272011756897
vt 0.28721922636032104 0.2900272011756897
vt 0.27877157926559448 0.2900272011756897
vt 0.2703239917755127 0.2900272011756897
vt 0.26187634468078613 0.2900272011756897
vt 0.25342872738838196 0.2900272011756897
vt 0.24498111009597778 0.2900272011756897
vt 0.23653347790241241 0.2900272011756897
vt 0.22808584570884705 0.2900272011756897
vt 0.21963822841644287 0.2900272011756897
vt 0.2111905962228775 0.2900272011756897
vt 0.20274296402931213 0.2900272011756897
vt 0.19429536163806915 0.2900272011756897
vt 0.18584772944450378 0.2900272011756897
vt 0.17740011215209961 0.2900272011756897
vt 0.16895247995853424 0.2900272011756897
vt 0.16050486266613007 0.2900272011756897
vt 0.1520572304725647 0.2900272011756897
vt 0.14360961318016052 0.2900272011756897
vt 0.13516199588775635 0.2900272011756897
vt 0.12671436369419098 0.2900272011756897
vt 0.11826673895120621 0.2900272011756897
vt 0.10981911420822144 0.2900272011756897
vt 0.10137148201465607 0.2900272011756897
vt 0.092923864722251892 0.2900272011756897
vt 0.08447623997926712 0.2900272011756897
vt 0.076028615236282349 0.2900272011756897
vt 0.067580997943878174 0.2900272011756897
vt 0.059133369475603104 0.2900272011756897
vt 0.050685741007328033 0.2900272011756897
vt 0.04223811998963356 0.2900272011756897
vt 0.033790498971939087 0.2900272011756897
vt 0.025342870503664017 0.2900272011756897
vt 0.016895249485969543 0.2900272011756897
vt 0.0084476247429847717 0.2900272011756897
vt 0.021874932572245598 0.27946490049362183
vt 0.032460641115903854 0.27946490049362183
vt 0.04304635152220726 0.27946490049362183
vt 0.063876263797283173 0.27946490049362183
vt 0.053579825907945633 0.27946490049362183
vt 0.074172690510749817 0.27946490049362183
vt 0.084469124674797058 0.27946490049362183
vt 0.10506198555231094 0.27946490049362183
vt 0.094765558838844299 0.27946490049362183
vt 0.12565484642982483 0.27946490049362183
vt 0.11535841226577759 0.27946490049362183
vt 0.13595128059387207 0.27946490049362183
vt 0.14624771475791931 0.27946490049362183
vt 0.16684058308601379 0.27946490049362183
vt 0.15717369318008423 0.27946490049362183
vt 0.18871551752090454 0.27946490049362183
vt 0.17812980711460114 0.27946490049362183
vt 0.19930122792720795 0.27946490049362183
vt 0.20988693833351135 0.27946490049362183
vt 0.23071682453155518 0.27946490049362183
vt 0.22042040526866913 0.27946490049362183
vt 0.24101325869560242 0.27946490049362183
vt 0.25130969285964966 0.27946490049362183
vt 0.27190256118774414 0.27946490049362183
vt 0.2616061270236969 0.27946490049362183
vt 0.28219899535179138 0.27946490049362183
vt 0.30279183387756348 0.27946490049362183
vt 0.29249542951583862 0.27946490049362183
vt 0.32401427626609802 0.27946490049362183
vt 0.31308829784393311 0.27946490049362183
vt 0.33368116617202759 0.27946490049362183
vt 0.34497034549713135 0.27946490049362183
vt 0.35555610060691833 0.27946490049362183
vt 0.36614179611206055 0.27946490049362183
vt 0.38726097345352173 0.27946490049362183
vt 0.37672752141952515 0.27946490049362183
vt 0.39755740761756897 0.27946490049362183
vt 0.40785384178161621 0.27946490049362183
vt 0.42844668030738831 0.27946490049362183
vt 0.41815027594566345 0.27946490049362183
vt 0.43874311447143555 0.27946490049362183
vt 0.45933601260185242 0.27946490049362183
vt 0.44903957843780518 0.27946490049362183
vt 0.46963244676589966 0.27946490049362183
vt 0.4799288809299469 0.27946490049362183
vt 0.50052171945571899 0.27946490049362183
vt 0.49085485935211182 0.27946490049362183
vt 0.51181095838546753 0.27946490049362183
vt 0.52239668369293213 0.27946490049362183
vt 0.53298234939575195 0.27946490049362183
vt 0.55410152673721313 0.27946490049362183
vt 0.54356807470321655 0.27946490049362183
vt 0.56439799070358276 0.27946490049362183
vt 0.58499085903167725 0.27946490049362183
vt 0.57469439506530762 0.27946490049362183
vt 0.5952872633934021 0.27946490049362183
vt 0.60558366775512695 0.27946490049362183
vt 0.61588019132614136 0.27946490049362183
vt 0.62617659568786621 0.27946490049362183
vt 0.63647300004959106 0.27946490049362183
vt 0.65769541263580322 0.27946490049362183
vt 0.64676946401596069 0.27946490049362183
vt 0 0.55248945951461792
vt 0 0.57712298631668091
vt 0.088531337678432465 0.55248945951461792
vt 0 0.56891179084777832
vt 0 0.56070065498352051
vt 0.011066417209804058 0.55248945951461792
vt 0.022132834419608116 0.55248945951461792
vt 0.0331992506980896 0.55248945951461792
vt 0.044265668839216232 0.55248945951461792
vt 0.055332083255052567 0.55248945951461792
vt 0.066398501396179199 0.55248945951461792
vt 0.077464915812015533 0.55248945951461792
vt 0.069090820848941803 0.57712298631668091
vt 0.060454472899436951 0.57712298631668091
vt 0.0518181212246418 0.57712298631668091
vt 0.043181765824556351 0.57712298631668091
vt 0.034545410424470901 0.57712298631668091
vt 0.0259090606123209 0.57712298631668091
vt 0.017272705212235451 0.57712298631668091
vt 0.0086363526061177254 0.57712298631668091
vt 0.084502317011356354 0.55650955438613892
vt 0.080785676836967468 0.56065118312835693
vt 0.077545255422592163 0.5646471381187439
vt 0.074519693851470947 0.56874221563339233
vt 0.071704186499118805 0.5729098916053772
vt 0.011930366978049278 0.56480622291564941
vt 0.034698616713285446 0.56480622291564941
vt 0.04546516016125679 0.56480622291564941
vt 0.066998250782489777 0.56480622291564941
vt 0.056231707334518433 0.56480622291564941
vt 0.91931205987930298 0
vt 0.90952277183532715 0.041397988796234131
vt 0.89973348379135132 0.041397988796234131
vt 0.91931205987930298 0.082795977592468262
vt 0.90952277183532715 0.082795977592468262
vt 0.89973348379135132 0.082795977592468262
vt 0.88994419574737549 0.082795977592468262
vt 0.90952277183532715 0.12419396638870239
vt 0.89973348379135132 0.12419396638870239
vt 0.91931205987930298 0.16559195518493652
vt 0.91437757015228271 0.16136467456817627
vt 0.90971124172210693 0.15682142972946167
vt 0.9061616063117981 0.15294581651687622
vt 0.90280938148498535 0.14889009296894073
vt 0.89966100454330444 0.14466224610805511
vt 0.89672279357910156 0.14027023315429688
vt 0.89400452375411987 0.13572834432125092
vt 0.89151483774185181 0.13105162978172302
vt 0.88925838470458984 0.12624925374984741
vt 0.88723981380462646 0.12133032828569412
vt 0.88559138774871826 0.11669271439313889
vt 0.88415789604187012 0.11198706179857254
vt 0.88294088840484619 0.10722324997186661
vt 0.88194185495376587 0.1024099662899971
vt 0.88116222620010376 0.097554504871368408
vt 0.88060349225997925 0.092663004994392395
vt 0.88026720285415649 0.087740398943424225
vt 0.88015484809875488 0.082794874906539917
vt 0.88026726245880127 0.077849380671977997
vt 0.88060367107391357 0.072926796972751617
vt 0.88116252422332764 0.068035334348678589
vt 0.88194221258163452 0.063179917633533478
vt 0.88294136524200439 0.058366671204566956
vt 0.8841584324836731 0.053602911531925201
vt 0.88559198379516602 0.048897307366132736
vt 0.88724052906036377 0.044259749352931976
vt 0.88925915956497192 0.039340928196907043
vt 0.89151567220687866 0.034538660198450089
vt 0.89400535821914673 0.029862059280276299
vt 0.89672368764877319 0.025320274755358696
vt 0.89966189861297607 0.020928371697664261
vt 0.90281033515930176 0.016700629144906998
vt 0.9061625599861145 0.012645016424357891
vt 0.90971219539642334 0.008769509382545948
vt 0.91437810659408569 0.0042268028482794762
vt 0.90952277183532715 0.14489296078681946
vt 0.91441744565963745 0.12419396638870239
vt 0.91441744565963745 0.14489296078681946
vt 0.90462815761566162 0.12419396638870239
vt 0.90462815761566162 0.14489296078681946
vt 0.89483880996704102 0.12419396638870239
vt 0.88504952192306519 0.082795977592468262
vt 0.88994419574737549 0.10349497199058533
vt 0.88504952192306519 0.10349497199058533
vt 0.88749682903289795 0.10349497199058533
vt 0.88994419574737549 0.11384446918964386
vt 0.88749682903289795 0.11384446918964386
vt 0.89483880996704102 0.082795977592468262
vt 0.89973348379135132 0.10349497199058533
vt 0.89483880996704102 0.10349497199058533
vt 0.88260221481323242 0.10349497199058533
vt 0.88260221481323242 0.082795977592468262
vt 0.88504952192306519 0.093145474791526794
vt 0.88260221481323242 0.093145474791526794
vt 0.88994419574737549 0.062096983194351196
vt 0.88504952192306519 0.062096983194351196
vt 0.88260221481323242 0.062096983194351196
vt 0.88504952192306519 0.072446480393409729
vt 0.88260221481323242 0.072446480393409729
vt 0.88504952192306519 0.051747485995292664
vt 0.88749682903289795 0.062096983194351196
vt 0.88994419574737549 0.051747485995292664
vt 0.88749682903289795 0.051747485995292664
vt 0.89483880996704102 0.041397988796234131
vt 0.89973348379135132 0.062096983194351196
vt 0.89483880996704102 0.062096983194351196
vt 0.90462815761566162 0.041397988796234131
vt 0.90952277183532715 0.020698994398117065
vt 0.90462815761566162 0.020698994398117065
vt 0.91441744565963745 0.041397988796234131
vt 0.91441744565963745 0.020698994398117065
vt 0.91931205987930298 0.027598658576607704
vt 0.91931205987930298 0.055197317153215408
vt 0.91931205987930298 0.11039463430643082
vt 0.91931205987930298 0.13799329102039337
vt 0.73722922801971436 0.33289003372192383
vt 0.73722922801971436 0.37428802251815796
vt 0.73722922801971436 0.41568601131439209
vt 0.74403250217437744 0.33289003372192383
vt 0.74403250217437744 0.37428802251815796
vt 0.74403250217437744 0.41568601131439209
vt 0.75083571672439575 0.33289003372192383
vt 0.75083571672439575 0.37428802251815796
vt 0.75083571672439575 0.41568601131439209
vt 0.75763899087905884 0.2914920449256897
vt 0.73042601346969604 0.42936119437217712
vt 0.73042738437652588 0.41559186577796936
vt 0.73042869567871094 0.40182256698608398
vt 0.730430006980896 0.38805323839187622
vt 0.73043137788772583 0.37428390979766846
vt 0.73043268918991089 0.36051455140113831
vt 0.73043400049209595 0.34674516320228577
vt 0.73043531179428101 0.33297580480575562
vt 0.73043662309646606 0.31920641660690308
vt 0.73296278715133667 0.31468811631202698
vt 0.73556524515151978 0.31021812558174133
vt 0.73807621002197266 0.30604901909828186
vt 0.74064958095550537 0.30189666152000427
vt 0.74326837062835693 0.29777592420578003
vt 0.74591553211212158 0.29370161890983582
vt 0.73722922801971436 0.31219103932380676
vt 0.74403250217437744 0.31219103932380676
vt 0.7406308650970459 0.33289003372192383
vt 0.7406308650970459 0.31219103932380676
vt 0.73893004655838013 0.31219103932380676
vt 0.74403250217437744 0.30184152722358704
vt 0.74233168363571167 0.31219103932380676
vt 0.74233168363571167 0.30184152722358704
vt 0.75083571672439575 0.31219103932380676
vt 0.74743413925170898 0.33289003372192383
vt 0.74743413925170898 0.31219103932380676
vt 0.74743413925170898 0.30184152722358704
vt 0.74573332071304321 0.31219103932380676
vt 0.74573332071304321 0.30184152722358704
vt 0.74590003490447998 0.45486930012702942
vt 0.74063575267791748 0.44667336344718933
vt 0.73555320501327515 0.43835103511810303
vt 0.75083571672439575 0.43638500571250916
vt 0.74403250217437744 0.43638500571250916
vt 0.74743413925170898 0.41568601131439209
vt 0.74743413925170898 0.43638500571250916
vt 0.73722922801971436 0.43638500571250916
vt 0.7406308650970459 0.41568601131439209
vt 0.7406308650970459 0.43638500571250916
vt 0.75177681446075439 0.29259407520294189
vt 0.75423735380172729 0.33289003372192383
vt 0.75423735380172729 0.31219103932380676
vt 0.75763684511184692 0.45708400011062622
vt 0.75176793336868286 0.45597940683364868
vt 0.75423735380172729 0.41568601131439209
vt 0.75423735380172729 0.43638500571250916
vt 0.75763863325119019 0.31909069418907166
vt 0.75763827562332153 0.34668934345245361
vt 0.75763791799545288 0.37428802251815796
vt 0.75763756036758423 0.40188667178153992
vt 0.75763720273971558 0.42948532104492188
vt 0 0.43743425607681274
vt 0.088528983294963837 0.43743425607681274
vt 0.088528983294963837 0.46206775307655334
vt 0.088528983294963837 0.44564542174339294
vt 0.088528983294963837 0.45385658740997314
vt 0.019438821822404861 0.46206775307655334
vt 0.015378615818917751 0.4556681215763092
vt 0.010804901830852032 0.44935944676399231
vt 0.0056856591254472733 0.44324654340744019
vt 0.01106612291187048 0.43743425607681274
vt 0.022132245823740959 0.43743425607681274
vt 0.033198367804288864 0.43743425607681274
vt 0.044264491647481918 0.43743425607681274
vt 0.055330611765384674 0.43743425607681274
vt 0.066396735608577728 0.43743425607681274
vt 0.077462859451770782 0.43743425607681274
vt 0.079892709851264954 0.46206775307655334
vt 0.071256443858146667 0.46206775307655334
vt 0.062620170414447784 0.46206775307655334
vt 0.0539839006960392 0.46206775307655334
vt 0.045347630977630615 0.46206775307655334
vt 0.036711361259222031 0.46206775307655334
vt 0.028075089678168297 0.46206775307655334
vt 0.021133892238140106 0.44975098967552185
vt 0.042792562395334244 0.44975098967552185
vt 0.054226666688919067 0.44975098967552185
vt 0.065660774707794189 0.44975098967552185
vt 0.077094875276088715 0.44975098967552185
vt 0.95993721485137939 0
vt 0.95014715194702148 0.041399233043193817
vt 0.94035708904266357 0.041399233043193817
vt 0.95014715194702148 0.082798466086387634
vt 0.94035708904266357 0.082798466086387634
vt 0.93056702613830566 0.082798466086387634
vt 0.95014715194702148 0.12419770658016205
vt 0.94035708904266357 0.12419770658016205
vt 0.95993721485137939 0.16559693217277527
vt 0.95500284433364868 0.16137011349201202
vt 0.95033657550811768 0.15682734549045563
vt 0.94678682088851929 0.15295194089412689
vt 0.94343441724777222 0.14889642596244812
vt 0.94028592109680176 0.14466878771781921
vt 0.93734753131866455 0.14027696847915649
vt 0.93462908267974854 0.13573527336120605
vt 0.93213921785354614 0.13105873763561249
vt 0.92988258600234985 0.1262565404176712
vt 0.92786377668380737 0.12133777141571045
vt 0.92621511220932007 0.11670047789812088
vt 0.92478138208389282 0.11199503391981125
vt 0.92356413602828979 0.10723120719194412
vt 0.92256486415863037 0.10241773724555969
vt 0.92178499698638916 0.097562089562416077
vt 0.92122602462768555 0.092670507729053497
vt 0.92088949680328369 0.087748035788536072
vt 0.92077690362930298 0.082802809774875641
vt 0.92088907957077026 0.077857539057731628
vt 0.92122524976730347 0.072935014963150024
vt 0.92178386449813843 0.068043358623981476
vt 0.92256331443786621 0.0631876140832901
vt 0.92356222867965698 0.058374043554067612
vt 0.92477911710739136 0.053610086441040039
vt 0.92621243000030518 0.048904497176408768
vt 0.92786073684692383 0.044267039746046066
vt 0.92987918853759766 0.039348028600215912
vt 0.93213552236557007 0.034545563161373138
vt 0.93462508916854858 0.029868759214878082
vt 0.93734323978424072 0.025326769798994064
vt 0.94028133153915405 0.020934650674462318
vt 0.94342958927154541 0.016706686466932297
vt 0.9467816948890686 0.012650849297642708
vt 0.95033127069473267 0.008775114081799984
vt 0.95499998331069946 0.0042294054292142391
vt 0.95014715194702148 0.14489732682704926
vt 0.95504218339920044 0.12419770658016205
vt 0.95504218339920044 0.14489732682704926
vt 0.94525212049484253 0.12419770658016205
vt 0.94525212049484253 0.14489732682704926
vt 0.93546205759048462 0.12419770658016205
vt 0.92567199468612671 0.082798466086387634
vt 0.93056702613830566 0.10349808633327484
vt 0.92567199468612671 0.10349808633327484
vt 0.9281194806098938 0.10349808633327484
vt 0.93056702613830566 0.11384789645671844
vt 0.9281194806098938 0.11384789645671844
vt 0.93546205759048462 0.082798466086387634
vt 0.94035708904266357 0.10349808633327484
vt 0.93546205759048462 0.10349808633327484
vt 0.92322444915771484 0.10349808633327484
vt 0.92322444915771484 0.082798466086387634
vt 0.92567199468612671 0.093148276209831238
vt 0.92322444915771484 0.093148276209831238
vt 0.93056702613830566 0.062098853290081024
vt 0.92567199468612671 0.062098853290081024
vt 0.92322444915771484 0.062098853290081024
vt 0.92567199468612671 0.072448663413524628
vt 0.92322444915771484 0.072448663413524628
vt 0.92567199468612671 0.051749043166637421
vt 0.9281194806098938 0.062098853290081024
vt 0.93056702613830566 0.051749043166637421
vt 0.9281194806098938 0.051749043166637421
vt 0.93546205759048462 0.041399233043193817
vt 0.94035708904266357 0.062098853290081024
vt 0.93546205759048462 0.062098853290081024
vt 0.94525212049484253 0.041399233043193817
vt 0.95014715194702148 0.020699616521596909
vt 0.94525212049484253 0.020699616521596909
vt 0.95504218339920044 0.041399233043193817
vt 0.95504218339920044 0.020699616521596909
vt 0.95993721485137939 0.02759949117898941
vt 0.95993721485137939 0.055198982357978821
vt 0.95993721485137939 0.082798466086387634
vt 0.95993721485137939 0.11039796471595764
vt 0.95993721485137939 0.13799744844436646
vt 0 0.6675446629524231
vt 0 0.70312684774398804
vt 0.072729207575321198 0.70312684774398804
vt 0 0.68533575534820557
vt 0.1454584151506424 0.70312684774398804
vt 0.12121535092592239 0.70312684774398804
vt 0.096972286701202393 0.70312684774398804
vt 0.048486143350601196 0.70312684774398804
vt 0.024243071675300598 0.70312684774398804
vt 0.10098278522491455 0.68456089496612549
vt 0.11210168898105621 0.68456184864044189
vt 0.12322060763835907 0.6845628023147583
vt 0.13433951139450073 0.68456381559371948
vt 0.1454584151506424 0.68456476926803589
vt 0.037556987255811691 0.68455547094345093
vt 0.043700523674488068 0.68455600738525391
vt 0.062794610857963562 0.68455761671066284
vt 0.081888698041439056 0.68455922603607178
vt 0.037558425217866898 0.6675446629524231
vt 0.018779212608933449 0.6675446629524231
vt 0.072729207575321198 0.69423127174377441
vt 0.080258242785930634 0.35201117396354675
vt 0.10701099038124084 0.34718027710914612
vt 0.10701099038124084 0.36650380492210388
vt 0.094786308705806732 0.36062169075012207
vt 0.08160102367401123 0.35620886087417603
vt 0.067733138799667358 0.35347065329551697
vt 0.053507447242736816 0.35254111886024475
vt 0.039281159639358521 0.3534666895866394
vt 0.025412091985344887 0.35620099306106567
vt 0.012226907536387444 0.36061012744903564
vt 0 0.36648884415626526
vt 0 0.34792676568031311
vt 0.01722353883087635 0.3479284942150116
vt 0.034447077661752701 0.34793025255203247
vt 0.052335456013679504 0.34793207049369812
vt 0.070223838090896606 0.34793388843536377
vt 0.088112212717533112 0.34793573617935181
vt 0.10600059479475021 0.34793758392333984
vt 0.093634620308876038 0.35201117396354675
vt 0.080258242785930634 0.34959572553634644
vt 0.093634620308876038 0.34959572553634644
vt 0.10032280534505844 0.34959572553634644
vt 0.093634620308876038 0.34838798642158508
vt 0.10032280534505844 0.34838798642158508
vt 0.026752747595310211 0.35201117396354675
vt 0.036364603787660599 0.86043518781661987
vt 0.072729207575321198 0.86043518781661987
vt 0.10909381508827209 0.85153591632843018
vt 0.10909381508827209 0.86043518781661987
vt 0.10789712518453598 0.83373737335205078
vt 0.12667776644229889 0.83373737335205078
vt 0.1454584151506424 0.83373737335205078
vt 0.1454584151506424 0.85153591632843018
vt 0.1454584151506424 0.86933445930480957
vt 0.12121535092592239 0.86933445930480957
vt 0.096972286701202393 0.86933445930480957
vt 0.072729207575321198 0.86933445930480957
vt 0.048486143350601196 0.86933445930480957
vt 0.024243071675300598 0.86933445930480957
vt 0.0016345854382961988 0.85076820850372314
vt 0.0069897170178592205 0.85076773166656494
vt 0.012344848364591599 0.85076731443405151
vt 0.017699979245662689 0.85076683759689331
vt 0.023055111989378929 0.85076636075973511
vt 0.02841024287045002 0.8507658839225769
vt 0.03376537561416626 0.8507654070854187
vt 0.03912050649523735 0.85076498985290527
vt 0.04447564110159874 0.85076451301574707
vt 0.049830768257379532 0.85076403617858887
vt 0.055185899138450623 0.85076355934143066
vt 0.060541033744812012 0.85076314210891724
vt 0.065896160900592804 0.85076266527175903
vt 0.071251295506954193 0.85076218843460083
vt 0.076606422662734985 0.85076171159744263
vt 0.081961564719676971 0.8507612943649292
vt 0.087316691875457764 0.850760817527771
vt 0.018182301893830299 0.85153591632843018
vt 0 0.85001093149185181
vt 0.0090911509469151497 0.85153591632843018
vt 0.036364603787660599 0.85598558187484741
vt 0.018182301893830299 0.86043518781661987
vt 0.018182301893830299 0.85598558187484741
vt 0.018182301893830299 0.85376071929931641
vt 0.0090911509469151497 0.85598558187484741
vt 0.0090911509469151497 0.85376071929931641
vt 0.097696587443351746 0.84561771154403687
vt 0.10789763927459717 0.83988553285598755
vt 0 0.86933445930480957
vt 0.10909381508827209 0.84263664484024048
vt 0 0.3034149706363678
vt 0.044408209621906281 0.2914920449256897
vt 0.088816419243812561 0.3034149706363678
vt 0.0046900827437639236 0.30077597498893738
vt 0.0096753323450684547 0.29841905832290649
vt 0.014944699592888355 0.29636767506599426
vt 0.020476842299103737 0.29464897513389587
vt 0.026238769292831421 0.29328379034996033
vt 0.032185982912778854 0.29229399561882019
vt 0.038263443857431412 0.29169285297393799
vt 0.050552967935800552 0.29169285297393799
vt 0.056630432605743408 0.29229399561882019
vt 0.06257764995098114 0.29328379034996033
vt 0.068339578807353973 0.29464897513389587
vt 0.073871716856956482 0.29636767506599426
vt 0.079141080379486084 0.29841905832290649
vt 0.08412633091211319 0.30077597498893738
vt 0.080742202699184418 0.3034149706363678
vt 0.072667978703975677 0.3034149706363678
vt 0.064593762159347534 0.3034149706363678
vt 0.056519538164138794 0.3034149706363678
vt 0.048445317894220352 0.3034149706363678
vt 0.040371101349592209 0.3034149706363678
vt 0.032296881079673767 0.3034149706363678
vt 0.024222658947110176 0.3034149706363678
vt 0.016148440539836884 0.3034149706363678
vt 0.0080742202699184418 0.3034149706363678
vt 0.021729571744799614 0.29745352268218994
vt 0.044408209621906281 0.29745352268218994
vt 0.056122183799743652 0.29745352268218994
vt 0.067112617194652557 0.29745352268218994
vt 0.65264886617660522 0.2914920449256897
vt 0.65264886617660522 0.34153181314468384
vt 0.64357161521911621 0.34153181314468384
vt 0.6344943642616272 0.34153181314468384
vt 0.62541705369949341 0.34153181314468384
vt 0.61633980274200439 0.34153181314468384
vt 0.60726255178451538 0.34153181314468384
vt 0.59818524122238159 0.34153181314468384
vt 0.58910799026489258 0.34153181314468384
vt 0.58003067970275879 0.34153181314468384
vt 0.56174087524414063 0.32978329062461853
vt 0.56542426347732544 0.32438200712203979
vt 0.58162021636962891 0.3087601363658905
vt 0.6095847487449646 0.29652363061904907
vt 0.65264886617660522 0.30817195773124695
vt 0.65264886617660522 0.32485190033912659
vt 0 0.21886281669139862
vt 0 0.26743775606155396
vt 0.21900753676891327 0.26743775606155396
vt 0.073034830391407013 0.26743775606155396
vt 0.063905477523803711 0.26743775606155396
vt 0.05477612093091011 0.26743775606155396
vt 0.045646768063306808 0.26743775606155396
vt 0.036517415195703506 0.26743775606155396
vt 0.027388060465455055 0.26743775606155396
vt 0.018258707597851753 0.26743775606155396
vt 0.0091293537989258766 0.26743775606155396
vt 0.19354492425918579 0.26743775606155396
vt 0.18188545107841492 0.25942167639732361
vt 0.16773837804794312 0.25311720371246338
vt 0.15125401318073273 0.2490352988243103
vt 0.13329003751277924 0.24761512875556946
vt 0.11532596498727798 0.24903525412082672
vt 0.098841510713100433 0.2531171441078186
vt 0.084694355726242065 0.25942164659500122
vt 0.20627622306346893 0.26743775606155396
vt 0.026743423193693161 0.22059516608715057
vt 0.049031477421522141 0.22534367442131042
vt 0.065705552697181702 0.23219859600067139
vt 0.077781006693840027 0.24037723243236542
vt 0.10222357511520386 0.23212751746177673
vt 0.13329003751277924 0.22903245687484741
vt 0.16544589400291443 0.23236267268657684
vt 0.19035825133323669 0.24117180705070496
vt 0.20743931829929352 0.25336149334907532
vt 0 0.25124609470367432
vt 0 0.23505446314811707
vt 0.0098659256473183632 0.24315027892589569
vt 0.028473701328039169 0.24315027892589569
vt 0.03777758777141571 0.24315027892589569
vt 0.055973660200834274 0.24315027892589569
vt 0.083122573792934418 0.24315027892589569
vt 0.074072934687137604 0.24315027892589569
vt 0.065023303031921387 0.24315027892589569
vt 0.046924024820327759 0.24315027892589569
vt 0.092172212898731232 0.24315027892589569
vt 0.10122184455394745 0.24315027892589569
vt 0.11027148365974426 0.24315027892589569
vt 0.11932111531496048 0.24315027892589569
vt 0.12897057831287384 0.24315027892589569
vt 0.14747534692287445 0.24315027892589569
vt 0.16607879102230072 0.24315027892589569
vt 0.15703834593296051 0.24315027892589569
vt 0.13788488507270813 0.24315027892589569
vt 0.18372170627117157 0.24315027892589569
vt 0.17490024864673615 0.24315027892589569
vt 0.65844625234603882 0.45780220627784729
vt 0.63527756929397583 0.47726806998252869
vt 0.64315974712371826 0.471832275390625
vt 0.65076941251754761 0.46555835008621216
vt 0.65844625234603882 0.47325494885444641
vt 0.65844625234603882 0.48870772123336792
vt 0.63527756929397583 0.61562389135360718
vt 0.63527756929397583 0.60640019178390503
vt 0.63527756929397583 0.59717643260955811
vt 0.63527756929397583 0.58795273303985596
vt 0.63527756929397583 0.57872903347015381
vt 0.63527756929397583 0.56950527429580688
vt 0.63527756929397583 0.56028157472610474
vt 0.63527756929397583 0.55105781555175781
vt 0.63527756929397583 0.54183411598205566
vt 0.63527756929397583 0.53261041641235352
vt 0.63527756929397583 0.52338665723800659
vt 0.63527756929397583 0.51416295766830444
vt 0.63527756929397583 0.50493919849395752
vt 0.63527756929397583 0.49571549892425537
vt 0.63527756929397583 0.48649176955223083
vt 0.64299970865249634 0.62093991041183472
vt 0.65737032890319824 0.48935610055923462
vt 0.64686191082000732 0.48700156807899475
vt 0.64686191082000732 0.49192735552787781
vt 0.65265405178070068 0.49192735552787781
vt 0.64686191082000732 0.48946446180343628
vt 0.65265405178070068 0.48700156807899475
vt 0.65265405178070068 0.48946446180343628
vt 0.64686191082000732 0.482095867395401
vt 0.65555012226104736 0.48946446180343628
vt 0.65265405178070068 0.48823302984237671
vt 0.65555012226104736 0.48700156807899475
vt 0.65555012226104736 0.48823302984237671
vt 0.64686191082000732 0.48454871773719788
vt 0.65265405178070068 0.482095867395401
vt 0.65265405178070068 0.48454871773719788
vt 0.65844625234603882 0.49106743931770325
vt 0.65844625234603882 0.60183113813400269
vt 0.65114176273345947 0.61211973428726196
vt 0.65844625234603882 0.5011368989944458
vt 0.65844625234603882 0.51120632886886597
vt 0.65844625234603882 0.52127575874328613
vt 0.65844625234603882 0.5313451886177063
vt 0.65844625234603882 0.54141461849212646
vt 0.65844625234603882 0.55148398876190186
vt 0.65844625234603882 0.5615534782409668
vt 0.65844625234603882 0.57162284851074219
vt 0.65844625234603882 0.58169227838516235
vt 0.65844625234603882 0.59176170825958252
vt 0.70855796337127686 0.41568973660469055
vt 0.71535903215408325 0.41568973660469055
vt 0.72216010093688965 0.33289128541946411
vt 0.72216010093688965 0.41568973660469055
vt 0.72896116971969604 0.2914920449256897
vt 0.72896116971969604 0.45708897709846497
vt 0.71722197532653809 0.29370716214179993
vt 0.72309112548828125 0.29259681701660156
vt 0.72216010093688965 0.3121916651725769
vt 0.71875959634780884 0.33289128541946411
vt 0.71875959634780884 0.3121916651725769
vt 0.72556066513061523 0.33289128541946411
vt 0.72556066513061523 0.3121916651725769
vt 0.72309887409210205 0.45598694682121277
vt 0.71723753213882446 0.45487937331199646
vt 0.72216010093688965 0.43638935685157776
vt 0.72556066513061523 0.41568973660469055
vt 0.72556066513061523 0.43638935685157776
vt 0.71535903215408325 0.43638935685157776
vt 0.71875959634780884 0.43638935685157776
vt 0.71206444501876831 0.30173271894454956
vt 0.71321618556976318 0.44865533709526062
vt 0.70925223827362061 0.44229328632354736
vt 0.70541125535964966 0.43584835529327393
vt 0.70175886154174805 0.42937561869621277
vt 0.70855796337127686 0.43638935685157776
vt 0.71195852756500244 0.41568973660469055
vt 0.71195852756500244 0.43638935685157776
vt 0.72896116971969604 0.31909152865409851
vt 0.72896116971969604 0.34669101238250732
vt 0.72896116971969604 0.37429049611091614
vt 0.72896116971969604 0.40189000964164734
vt 0.72896116971969604 0.42948949337005615
vt 0.71789854764938354 0.40874373912811279
vt 0.71789854764938354 0.38199099898338318
vt 0.71789854764938354 0.35523822903633118
vt 0.71789854764938354 0.32848548889160156
vt 0.71789854764938354 0.30173274874687195
vt 0.70175689458847046 0.40874373912811279
vt 0.21291600167751312 0.2914920449256897
vt 0.17991963028907776 0.2914920449256897
vt 0.1469232589006424 0.2914920449256897
vt 0.17991963028907776 0.2994549572467804
vt 0.1469232589006424 0.2994549572467804
vt 0.17991963028907776 0.30692166090011597
vt 0.1469232589006424 0.30692166090011597
vt 0.17991963028907776 0.31438836455345154
vt 0.1469232589006424 0.31438836455345154
vt 0.17991963028907776 0.32185503840446472
vt 0.1469232589006424 0.32185503840446472
vt 0.17991963028907776 0.3292849063873291
vt 0.1469232589006424 0.3292849063873291
vt 0.17991963028907776 0.33654755353927612
vt 0.1469232589006424 0.33654755353927612
vt 0.17991963028907776 0.34381020069122314
vt 0.1469232589006424 0.34381020069122314
vt 0.17991963028907776 0.35107284784317017
vt 0.1469232589006424 0.35107284784317017
vt 0.17991963028907776 0.35833549499511719
vt 0.1469232589006424 0.35833549499511719
vt 0.17991963028907776 0.36559814214706421
vt 0.1469232589006424 0.36559814214706421
vt 0.17991963028907776 0.37286078929901123
vt 0.1469232589006424 0.37286078929901123
vt 0.17991963028907776 0.38012346625328064
vt 0.1469232589006424 0.38012346625328064
vt 0.17991963028907776 0.38738611340522766
vt 0.1469232589006424 0.38738611340522766
vt 0.17991963028907776 0.39464876055717468
vt 0.1469232589006424 0.39464876055717468
vt 0.17991963028907776 0.40235546231269836
vt 0.1469232589006424 0.40235546231269836
vt 0.17991963028907776 0.40917405486106873
vt 0.1469232589006424 0.40917405486106873
vt 0.17991963028907776 0.41713696718215942
vt 0.1469232589006424 0.41713696718215942
vt 0.17991963028907776 0.424603670835495
vt 0.1469232589006424 0.424603670835495
vt 0.17991963028907776 0.43207037448883057
vt 0.1469232589006424 0.43207037448883057
vt 0.17991963028907776 0.43953707814216614
vt 0.1469232589006424 0.43953707814216614
vt 0.17991963028907776 0.44696691632270813
vt 0.1469232589006424 0.44696691632270813
vt 0.17991963028907776 0.45422956347465515
vt 0.1469232589006424 0.45422956347465515
vt 0.17991963028907776 0.46149221062660217
vt 0.1469232589006424 0.46149221062660217
vt 0.17991963028907776 0.46875488758087158
vt 0.1469232589006424 0.46875488758087158
vt 0.17991963028907776 0.4760175347328186
vt 0.1469232589006424 0.4760175347328186
vt 0.17991963028907776 0.48328018188476563
vt 0.1469232589006424 0.48328018188476563
vt 0.17991963028907776 0.49054282903671265
vt 0.1469232589006424 0.49054282903671265
vt 0.17991963028907776 0.49780547618865967
vt 0.1469232589006424 0.49780547618865967
vt 0.17991963028907776 0.50506812334060669
vt 0.1469232589006424 0.50506812334060669
vt 0.17991963028907776 0.51233077049255371
vt 0.1469232589006424 0.51233077049255371
vt 0.17991963028907776 0.52003747224807739
vt 0.1469232589006424 0.52003747224807739
vt 0.17991963028907776 0.52685606479644775
vt 0.1469232589006424 0.52685606479644775
vt 0.17991963028907776 0.53481900691986084
vt 0.1469232589006424 0.53481900691986084
vt 0.17991963028907776 0.54228568077087402
vt 0.1469232589006424 0.54228568077087402
vt 0.17991963028907776 0.54975235462188721
vt 0.1469232589006424 0.54975235462188721
vt 0.17991963028907776 0.55721908807754517
vt 0.1469232589006424 0.55721908807754517
vt 0.17991963028907776 0.56464892625808716
vt 0.1469232589006424 0.56464892625808716
vt 0.17991963028907776 0.57191157341003418
vt 0.1469232589006424 0.57191157341003418
vt 0.17991963028907776 0.5791742205619812
vt 0.1469232589006424 0.5791742205619812
vt 0.17991963028907776 0.58643686771392822
vt 0.1469232589006424 0.58643686771392822
vt 0.17991963028907776 0.59369951486587524
vt 0.1469232589006424 0.59369951486587524
vt 0.17991963028907776 0.60096216201782227
vt 0.1469232589006424 0.60096216201782227
vt 0.17991963028907776 0.60822486877441406
vt 0.1469232589006424 0.60822486877441406
vt 0.17991963028907776 0.61548751592636108
vt 0.1469232589006424 0.61548751592636108
vt 0.17991963028907776 0.62275016307830811
vt 0.1469232589006424 0.62275016307830811
vt 0.17991963028907776 0.63001281023025513
vt 0.1469232589006424 0.63001281023025513
vt 0.17991963028907776 0.63771951198577881
vt 0.1469232589006424 0.63771951198577881
vt 0.21291600167751312 0.64453810453414917
vt 0.17991963028907776 0.64453810453414917
vt 0.1469232589006424 0.64453810453414917
vt 0.17991963028907776 0.65250098705291748
vt 0.1469232589006424 0.65250098705291748
vt 0.17991963028907776 0.65996772050857544
vt 0.1469232589006424 0.65996772050857544
vt 0.17991963028907776 0.66743439435958862
vt 0.1469232589006424 0.66743439435958862
vt 0.17991963028907776 0.67490112781524658
vt 0.1469232589006424 0.67490112781524658
vt 0.17991963028907776 0.68233096599578857
vt 0.1469232589006424 0.68233096599578857
vt 0.17991963028907776 0.6895936131477356
vt 0.1469232589006424 0.6895936131477356
vt 0.17991963028907776 0.69685626029968262
vt 0.1469232589006424 0.69685626029968262
vt 0.17991963028907776 0.70411890745162964
vt 0.1469232589006424 0.70411890745162964
vt 0.17991963028907776 0.71138155460357666
vt 0.1469232589006424 0.71138155460357666
vt 0.17991963028907776 0.71864420175552368
vt 0.1469232589006424 0.71864420175552368
vt 0.17991963028907776 0.7259068489074707
vt 0.1469232589006424 0.7259068489074707
vt 0.17991963028907776 0.7331695556640625
vt 0.1469232589006424 0.7331695556640625
vt 0.17991963028907776 0.74043220281600952
vt 0.1469232589006424 0.74043220281600952
vt 0.17991963028907776 0.74769484996795654
vt 0.1469232589006424 0.74769484996795654
vt 0.17991963028907776 0.75540155172348022
vt 0.1469232589006424 0.75540155172348022
vt 0.21291600167751312 0.76222014427185059
vt 0.17991963028907776 0.76222014427185059
vt 0.1469232589006424 0.76222014427185059
vt 0.16342145204544067 0.76222014427185059
vt 0.16342145204544067 0.75540155172348022
vt 0.17991963028907776 0.75881081819534302
vt 0.16342145204544067 0.75881081819534302
vt 0.16342145204544067 0.74769484996795654
vt 0.16342145204544067 0.74043220281600952
vt 0.17991963028907776 0.74406349658966064
vt 0.16342145204544067 0.74406349658966064
vt 0.16342145204544067 0.7331695556640625
vt 0.17991963028907776 0.73680084943771362
vt 0.16342145204544067 0.73680084943771362
vt 0.16342145204544067 0.7259068489074707
vt 0.17991963028907776 0.7295382022857666
vt 0.16342145204544067 0.7295382022857666
vt 0.16342145204544067 0.71864420175552368
vt 0.17991963028907776 0.72227555513381958
vt 0.16342145204544067 0.72227555513381958
vt 0.16342145204544067 0.71138155460357666
vt 0.17991963028907776 0.71501284837722778
vt 0.16342145204544067 0.71501284837722778
vt 0.16342145204544067 0.70411890745162964
vt 0.17991963028907776 0.70775020122528076
vt 0.16342145204544067 0.70775020122528076
vt 0.16342145204544067 0.69685626029968262
vt 0.16342145204544067 0.6895936131477356
vt 0.17991963028907776 0.69322490692138672
vt 0.16342145204544067 0.69322490692138672
vt 0.16342145204544067 0.68233096599578857
vt 0.17991963028907776 0.6859622597694397
vt 0.16342145204544067 0.6859622597694397
vt 0.16342145204544067 0.67490112781524658
vt 0.16342145204544067 0.66743439435958862
vt 0.17991963028907776 0.67116779088973999
vt 0.16342145204544067 0.67116779088973999
vt 0.16342145204544067 0.65996772050857544
vt 0.17991963028907776 0.66370105743408203
vt 0.16342145204544067 0.66370105743408203
vt 0.16342145204544067 0.65250098705291748
vt 0.17991963028907776 0.65623438358306885
vt 0.16342145204544067 0.65623438358306885
vt 0.16342145204544067 0.64453810453414917
vt 0.16342145204544067 0.63771951198577881
vt 0.17991963028907776 0.6411287784576416
vt 0.16342145204544067 0.6411287784576416
vt 0.16342145204544067 0.63001281023025513
vt 0.16342145204544067 0.62275016307830811
vt 0.17991963028907776 0.62638145685195923
vt 0.16342145204544067 0.62638145685195923
vt 0.16342145204544067 0.61548751592636108
vt 0.17991963028907776 0.61911880970001221
vt 0.16342145204544067 0.61911880970001221
vt 0.16342145204544067 0.60822486877441406
vt 0.17991963028907776 0.61185616254806519
vt 0.16342145204544067 0.61185616254806519
vt 0.16342145204544067 0.60096216201782227
vt 0.17991963028907776 0.60459351539611816
vt 0.16342145204544067 0.60459351539611816
vt 0.16342145204544067 0.59369951486587524
vt 0.17991963028907776 0.59733086824417114
vt 0.16342145204544067 0.59733086824417114
vt 0.16342145204544067 0.58643686771392822
vt 0.17991963028907776 0.59006822109222412
vt 0.16342145204544067 0.59006822109222412
vt 0.16342145204544067 0.5791742205619812
vt 0.16342145204544067 0.57191157341003418
vt 0.17991963028907776 0.57554292678833008
vt 0.16342145204544067 0.57554292678833008
vt 0.16342145204544067 0.56464892625808716
vt 0.17991963028907776 0.56828027963638306
vt 0.16342145204544067 0.56828027963638306
vt 0.16342145204544067 0.55721908807754517
vt 0.16342145204544067 0.54975235462188721
vt 0.17991963028907776 0.55348575115203857
vt 0.16342145204544067 0.55348575115203857
vt 0.16342145204544067 0.54228568077087402
vt 0.17991963028907776 0.54601901769638062
vt 0.16342145204544067 0.54601901769638062
vt 0.16342145204544067 0.53481900691986084
vt 0.17991963028907776 0.53855234384536743
vt 0.16342145204544067 0.53855234384536743
vt 0.16342145204544067 0.52685606479644775
vt 0.16342145204544067 0.52003747224807739
vt 0.17991963028907776 0.52344679832458496
vt 0.16342145204544067 0.52344679832458496
vt 0.16342145204544067 0.51233077049255371
vt 0.16342145204544067 0.50506812334060669
vt 0.17991963028907776 0.50869947671890259
vt 0.16342145204544067 0.50869947671890259
vt 0.16342145204544067 0.49780547618865967
vt 0.17991963028907776 0.50143676996231079
vt 0.16342145204544067 0.50143676996231079
vt 0.16342145204544067 0.49054282903671265
vt 0.17991963028907776 0.49417415261268616
vt 0.16342145204544067 0.49417415261268616
vt 0.16342145204544067 0.48328018188476563
vt 0.17991963028907776 0.48691150546073914
vt 0.16342145204544067 0.48691150546073914
vt 0.16342145204544067 0.4760175347328186
vt 0.17991963028907776 0.47964885830879211
vt 0.16342145204544067 0.47964885830879211
vt 0.16342145204544067 0.46875488758087158
vt 0.17991963028907776 0.47238621115684509
vt 0.16342145204544067 0.47238621115684509
vt 0.16342145204544067 0.46149221062660217
vt 0.16342145204544067 0.45422956347465515
vt 0.17991963028907776 0.45786088705062866
vt 0.16342145204544067 0.45786088705062866
vt 0.16342145204544067 0.44696691632270813
vt 0.17991963028907776 0.45059823989868164
vt 0.16342145204544067 0.45059823989868164
vt 0.16342145204544067 0.43953707814216614
vt 0.16342145204544067 0.43207037448883057
vt 0.17991963028907776 0.43580371141433716
vt 0.16342145204544067 0.43580371141433716
vt 0.16342145204544067 0.424603670835495
vt 0.17991963028907776 0.42833700776100159
vt 0.16342145204544067 0.42833700776100159
vt 0.16342145204544067 0.41713696718215942
vt 0.17991963028907776 0.4208703339099884
vt 0.16342145204544067 0.4208703339099884
vt 0.16342145204544067 0.40917405486106873
vt 0.16342145204544067 0.40235546231269836
vt 0.17991963028907776 0.40576475858688354
vt 0.16342145204544067 0.40576475858688354
vt 0.16342145204544067 0.39464876055717468
vt 0.16342145204544067 0.38738611340522766
vt 0.17991963028907776 0.39101743698120117
vt 0.16342145204544067 0.39101743698120117
vt 0.16342145204544067 0.38012346625328064
vt 0.17991963028907776 0.38375478982925415
vt 0.16342145204544067 0.38375478982925415
vt 0.16342145204544067 0.37286078929901123
vt 0.17991963028907776 0.37649211287498474
vt 0.16342145204544067 0.37649211287498474
vt 0.16342145204544067 0.36559814214706421
vt 0.17991963028907776 0.36922946572303772
vt 0.16342145204544067 0.36922946572303772
vt 0.16342145204544067 0.35833549499511719
vt 0.17991963028907776 0.3619668185710907
vt 0.16342145204544067 0.3619668185710907
vt 0.16342145204544067 0.35107284784317017
vt 0.17991963028907776 0.35470417141914368
vt 0.16342145204544067 0.35470417141914368
vt 0.16342145204544067 0.34381020069122314
vt 0.16342145204544067 0.33654755353927612
vt 0.17991963028907776 0.34017887711524963
vt 0.16342145204544067 0.34017887711524963
vt 0.16342145204544067 0.3292849063873291
vt 0.17991963028907776 0.33291622996330261
vt 0.16342145204544067 0.33291622996330261
vt 0.16342145204544067 0.32185503840446472
vt 0.16342145204544067 0.31438836455345154
vt 0.17991963028907776 0.31812170147895813
vt 0.16342145204544067 0.31812170147895813
vt 0.16342145204544067 0.30692166090011597
vt 0.17991963028907776 0.31065499782562256
vt 0.16342145204544067 0.31065499782562256
vt 0.16342145204544067 0.2994549572467804
vt 0.17991963028907776 0.30318829417228699
vt 0.16342145204544067 0.30318829417228699
vt 0.16342145204544067 0.2914920449256897
vt 0.17991963028907776 0.29547348618507385
vt 0.16342145204544067 0.29547348618507385
vt 0.21291600167751312 0.29884716868400574
vt 0.21291600167751312 0.30620229244232178
vt 0.21291600167751312 0.31355741620063782
vt 0.21291600167751312 0.32091253995895386
vt 0.21291600167751312 0.3282676637172699
vt 0.21291600167751312 0.33562278747558594
vt 0.21291600167751312 0.34297791123390198
vt 0.21291600167751312 0.35033303499221802
vt 0.21291600167751312 0.35768818855285645
vt 0.21291600167751312 0.36504331231117249
vt 0.21291600167751312 0.37239843606948853
vt 0.21291600167751312 0.37975355982780457
vt 0.21291600167751312 0.38710868358612061
vt 0.21291600167751312 0.39446380734443665
vt 0.21291600167751312 0.40181893110275269
vt 0.21291600167751312 0.40917405486106873
vt 0.21291600167751312 0.41652917861938477
vt 0.21291600167751312 0.42388430237770081
vt 0.21291600167751312 0.43123942613601685
vt 0.21291600167751312 0.43859454989433289
vt 0.21291600167751312 0.44594970345497131
vt 0.21291600167751312 0.45330482721328735
vt 0.21291600167751312 0.46065995097160339
vt 0.21291600167751312 0.46801507472991943
vt 0.21291600167751312 0.47537019848823547
vt 0.21291600167751312 0.48272532224655151
vt 0.21291600167751312 0.49008044600486755
vt 0.21291600167751312 0.49743556976318359
vt 0.21291600167751312 0.50479072332382202
vt 0.21291600167751312 0.51214581727981567
vt 0.21291600167751312 0.5195009708404541
vt 0.21291600167751312 0.52685606479644775
vt 0.21291600167751312 0.53421121835708618
vt 0.21291600167751312 0.54156631231307983
vt 0.21291600167751312 0.54892146587371826
vt 0.21291600167751312 0.55627655982971191
vt 0.21291600167751312 0.56363171339035034
vt 0.21291600167751312 0.57098680734634399
vt 0.21291600167751312 0.57834196090698242
vt 0.21291600167751312 0.58569711446762085
vt 0.21291600167751312 0.5930522084236145
vt 0.21291600167751312 0.60040736198425293
vt 0.21291600167751312 0.60776245594024658
vt 0.21291600167751312 0.61511760950088501
vt 0.21291600167751312 0.62247270345687866
vt 0.21291600167751312 0.62982785701751709
vt 0.21291600167751312 0.63718295097351074
vt 0.21291600167751312 0.65189319849014282
vt 0.21291600167751312 0.65924835205078125
vt 0.21291600167751312 0.66660350561141968
vt 0.21291600167751312 0.67395859956741333
vt 0.21291600167751312 0.68131375312805176
vt 0.21291600167751312 0.68866884708404541
vt 0.21291600167751312 0.69602400064468384
vt 0.21291600167751312 0.70337909460067749
vt 0.21291600167751312 0.71073424816131592
vt 0.21291600167751312 0.71808934211730957
vt 0.21291600167751312 0.725444495677948
vt 0.21291600167751312 0.73279958963394165
vt 0.21291600167751312 0.74015474319458008
vt 0.21291600167751312 0.74750989675521851
vt 0.21291600167751312 0.75486499071121216
vt 0.19641782343387604 0.2994549572467804
vt 0.19641782343387604 0.2914920449256897
vt 0.19641782343387604 0.29547348618507385
vt 0.19641782343387604 0.30692166090011597
vt 0.19641782343387604 0.30318829417228699
vt 0.19641782343387604 0.31438836455345154
vt 0.19641782343387604 0.31065499782562256
vt 0.19641782343387604 0.32185503840446472
vt 0.19641782343387604 0.31812170147895813
vt 0.19641782343387604 0.3292849063873291
vt 0.17991963028907776 0.32556995749473572
vt 0.19641782343387604 0.32556995749473572
vt 0.19641782343387604 0.33654755353927612
vt 0.19641782343387604 0.33291622996330261
vt 0.19641782343387604 0.34381020069122314
vt 0.19641782343387604 0.34017887711524963
vt 0.19641782343387604 0.35107284784317017
vt 0.17991963028907776 0.34744152426719666
vt 0.19641782343387604 0.34744152426719666
vt 0.19641782343387604 0.35833549499511719
vt 0.19641782343387604 0.35470417141914368
vt 0.19641782343387604 0.36559814214706421
vt 0.19641782343387604 0.3619668185710907
vt 0.19641782343387604 0.37286078929901123
vt 0.19641782343387604 0.36922946572303772
vt 0.19641782343387604 0.38012346625328064
vt 0.19641782343387604 0.37649211287498474
vt 0.19641782343387604 0.38738611340522766
vt 0.19641782343387604 0.38375478982925415
vt 0.19641782343387604 0.39464876055717468
vt 0.19641782343387604 0.39101743698120117
vt 0.19641782343387604 0.40235546231269836
vt 0.17991963028907776 0.39850211143493652
vt 0.19641782343387604 0.39850211143493652
vt 0.19641782343387604 0.40917405486106873
vt 0.19641782343387604 0.40576475858688354
vt 0.19641782343387604 0.41713696718215942
vt 0.17991963028907776 0.41315552592277527
vt 0.19641782343387604 0.41315552592277527
vt 0.19641782343387604 0.424603670835495
vt 0.19641782343387604 0.4208703339099884
vt 0.19641782343387604 0.43207037448883057
vt 0.19641782343387604 0.42833700776100159
vt 0.19641782343387604 0.43953707814216614
vt 0.19641782343387604 0.43580371141433716
vt 0.19641782343387604 0.44696691632270813
vt 0.17991963028907776 0.44325199723243713
vt 0.19641782343387604 0.44325199723243713
vt 0.19641782343387604 0.45422956347465515
vt 0.19641782343387604 0.45059823989868164
vt 0.19641782343387604 0.46149221062660217
vt 0.19641782343387604 0.45786088705062866
vt 0.19641782343387604 0.46875488758087158
vt 0.17991963028907776 0.46512356400489807
vt 0.19641782343387604 0.46512356400489807
vt 0.19641782343387604 0.4760175347328186
vt 0.19641782343387604 0.47238621115684509
vt 0.19641782343387604 0.48328018188476563
vt 0.19641782343387604 0.47964885830879211
vt 0.19641782343387604 0.49054282903671265
vt 0.19641782343387604 0.48691150546073914
vt 0.19641782343387604 0.49780547618865967
vt 0.19641782343387604 0.49417415261268616
vt 0.19641782343387604 0.50506812334060669
vt 0.19641782343387604 0.50143676996231079
vt 0.19641782343387604 0.51233077049255371
vt 0.19641782343387604 0.50869947671890259
vt 0.19641782343387604 0.52003747224807739
vt 0.17991963028907776 0.51618415117263794
vt 0.19641782343387604 0.51618415117263794
vt 0.19641782343387604 0.52685606479644775
vt 0.19641782343387604 0.52344679832458496
vt 0.19641782343387604 0.53481900691986084
vt 0.17991963028907776 0.5308375358581543
vt 0.19641782343387604 0.5308375358581543
vt 0.19641782343387604 0.54228568077087402
vt 0.19641782343387604 0.53855234384536743
vt 0.19641782343387604 0.54975235462188721
vt 0.19641782343387604 0.54601901769638062
vt 0.19641782343387604 0.55721908807754517
vt 0.19641782343387604 0.55348575115203857
vt 0.19641782343387604 0.56464892625808716
vt 0.17991963028907776 0.56093400716781616
vt 0.19641782343387604 0.56093400716781616
vt 0.19641782343387604 0.57191157341003418
vt 0.19641782343387604 0.56828027963638306
vt 0.19641782343387604 0.5791742205619812
vt 0.19641782343387604 0.57554292678833008
vt 0.19641782343387604 0.58643686771392822
vt 0.17991963028907776 0.5828055739402771
vt 0.19641782343387604 0.5828055739402771
vt 0.19641782343387604 0.59369951486587524
vt 0.19641782343387604 0.59006822109222412
vt 0.19641782343387604 0.60096216201782227
vt 0.19641782343387604 0.59733086824417114
vt 0.19641782343387604 0.60822486877441406
vt 0.19641782343387604 0.60459351539611816
vt 0.19641782343387604 0.61548751592636108
vt 0.19641782343387604 0.61185616254806519
vt 0.19641782343387604 0.62275016307830811
vt 0.19641782343387604 0.61911880970001221
vt 0.19641782343387604 0.63001281023025513
vt 0.19641782343387604 0.62638145685195923
vt 0.19641782343387604 0.63771951198577881
vt 0.17991963028907776 0.63386613130569458
vt 0.19641782343387604 0.63386613130569458
vt 0.19641782343387604 0.64453810453414917
vt 0.19641782343387604 0.6411287784576416
vt 0.19641782343387604 0.65250098705291748
vt 0.17991963028907776 0.64851957559585571
vt 0.19641782343387604 0.64851957559585571
vt 0.19641782343387604 0.65996772050857544
vt 0.19641782343387604 0.65623438358306885
vt 0.19641782343387604 0.66743439435958862
vt 0.19641782343387604 0.66370105743408203
vt 0.19641782343387604 0.67490112781524658
vt 0.19641782343387604 0.67116779088973999
vt 0.19641782343387604 0.68233096599578857
vt 0.17991963028907776 0.67861604690551758
vt 0.19641782343387604 0.67861604690551758
vt 0.19641782343387604 0.6895936131477356
vt 0.19641782343387604 0.6859622597694397
vt 0.19641782343387604 0.69685626029968262
vt 0.19641782343387604 0.69322490692138672
vt 0.19641782343387604 0.70411890745162964
vt 0.17991963028907776 0.70048755407333374
vt 0.19641782343387604 0.70048755407333374
vt 0.19641782343387604 0.71138155460357666
vt 0.19641782343387604 0.70775020122528076
vt 0.19641782343387604 0.71864420175552368
vt 0.19641782343387604 0.71501284837722778
vt 0.19641782343387604 0.7259068489074707
vt 0.19641782343387604 0.72227555513381958
vt 0.19641782343387604 0.7331695556640625
vt 0.19641782343387604 0.7295382022857666
vt 0.19641782343387604 0.74043220281600952
vt 0.19641782343387604 0.73680084943771362
vt 0.19641782343387604 0.74769484996795654
vt 0.19641782343387604 0.74406349658966064
vt 0.19641782343387604 0.75540155172348022
vt 0.17991963028907776 0.751548171043396
vt 0.19641782343387604 0.751548171043396
vt 0.19641782343387604 0.76222014427185059
vt 0.19641782343387604 0.75881081819534302
vt 0.21581645309925079 0.35175421833992004
vt 0.21759210526943207 0.34466809034347534
vt 0.21996770799160004 0.33798721432685852
vt 0.22306276857852936 0.33137401938438416
vt 0.22688888013362885 0.32493963837623596
vt 0.23141099512577057 0.31883034110069275
vt 0.23648717999458313 0.31325206160545349
vt 0.24215632677078247 0.30816560983657837
vt 0.24834254384040833 0.3036615252494812
vt 0.25495234131813049 0.29981386661529541
vt 0.26187926530838013 0.29667612910270691
vt 0.26900959014892578 0.29427894949913025
vt 0.27622824907302856 0.29262936115264893
vt 0.28342458605766296 0.29171207547187805
vt 0.29049721360206604 0.2914920449256897
vt 0.29776856303215027 0.29196381568908691
vt 0.30393296480178833 0.29292765259742737
vt 0.31101912260055542 0.29470327496528625
vt 0.31769999861717224 0.29707890748977661
vt 0.32431316375732422 0.30017396807670593
vt 0.33074754476547241 0.30400007963180542
vt 0.33685684204101563 0.30852216482162476
vt 0.34243512153625488 0.31359836459159851
vt 0.34752157330513 0.31926751136779785
vt 0.35202565789222717 0.32545372843742371
vt 0.35587334632873535 0.33206352591514587
vt 0.35901105403900146 0.33899044990539551
vt 0.36140826344490051 0.34612077474594116
vt 0.36305782198905945 0.35333943367004395
vt 0.36397510766983032 0.36053577065467834
vt 0.36419516801834106 0.36760839819908142
vt 0.36372336745262146 0.37487974762916565
vt 0.36275956034660339 0.38104414939880371
vt 0.36098390817642212 0.3881303071975708
vt 0.35860827565193176 0.39481118321418762
vt 0.35551324486732483 0.40142437815666199
vt 0.35168713331222534 0.40785872936248779
vt 0.34716501832008362 0.41396802663803101
vt 0.34208884835243225 0.41954630613327026
vt 0.33641967177391052 0.42463275790214539
vt 0.33023345470428467 0.42913684248924255
vt 0.3236236572265625 0.43298453092575073
vt 0.31669673323631287 0.43612223863601685
vt 0.30956640839576721 0.43851944804191589
vt 0.30234774947166443 0.44016900658607483
vt 0.29515141248703003 0.4410862922668457
vt 0.28807881474494934 0.44130635261535645
vt 0.28080743551254272 0.44083455204963684
vt 0.27464303374290466 0.43987074494361877
vt 0.26755687594413757 0.4380950927734375
vt 0.26087602972984314 0.43571949005126953
vt 0.25426283478736877 0.43262442946434021
vt 0.24782845377922058 0.42879831790924072
vt 0.24171915650367737 0.424276202917099
vt 0.23614087700843811 0.41920003294944763
vt 0.23105442523956299 0.4135308563709259
vt 0.22655034065246582 0.40734463930130005
vt 0.22270266711711884 0.40073484182357788
vt 0.21956494450569153 0.39380791783332825
vt 0.21716775000095367 0.38667759299278259
vt 0.21551817655563354 0.37945893406867981
vt 0.21460089087486267 0.37226259708404541
vt 0.21438084542751312 0.36518999934196472
vt 0.21485263109207153 0.35791862010955811
vt 0.28928801417350769 0.36639919877052307
vt 0.28928801417350769 0.32894071936607361
vt 0.25182953476905823 0.36639919877052307
vt 0.25182953476905823 0.32894071936607361
vt 0.25182953476905823 0.34766995906829834
vt 0.23310032486915588 0.36639919877052307
vt 0.23310032486915588 0.32894071936607361
vt 0.23310032486915588 0.34766995906829834
vt 0.28928801417350769 0.40385764837265015
vt 0.25182953476905823 0.40385764837265015
vt 0.23310032486915588 0.35703456401824951
vt 0.22373570501804352 0.36639919877052307
vt 0.22373570501804352 0.34766995906829834
vt 0.22373570501804352 0.35703456401824951
vt 0.25182953476905823 0.38512840867042542
vt 0.23310032486915588 0.40385764837265015
vt 0.23310032486915588 0.38512840867042542
vt 0.25182953476905823 0.31021150946617126
vt 0.28928801417350769 0.31021150946617126
vt 0.27055877447128296 0.32894071936607361
vt 0.27055877447128296 0.31021150946617126
vt 0.32674646377563477 0.36639919877052307
vt 0.32674646377563477 0.32894071936607361
vt 0.32674646377563477 0.31021150946617126
vt 0.30801722407341003 0.32894071936607361
vt 0.30801722407341003 0.31021150946617126
vt 0.30801722407341003 0.30084690451622009
vt 0.29865261912345886 0.31021150946617126
vt 0.28928801417350769 0.30084690451622009
vt 0.29865261912345886 0.30084690451622009
vt 0.3454757034778595 0.32894071936607361
vt 0.3454757034778595 0.36639919877052307
vt 0.32674646377563477 0.34766995906829834
vt 0.3454757034778595 0.34766995906829834
vt 0.32674646377563477 0.40385764837265015
vt 0.3454757034778595 0.40385764837265015
vt 0.32674646377563477 0.38512840867042542
vt 0.3454757034778595 0.38512840867042542
vt 0.35484030842781067 0.38512840867042542
vt 0.3454757034778595 0.37576380372047424
vt 0.35484030842781067 0.36639919877052307
vt 0.35484030842781067 0.37576380372047424
vt 0.32674646377563477 0.42258688807487488
vt 0.28928801417350769 0.42258688807487488
vt 0.30801722407341003 0.40385764837265015
vt 0.30801722407341003 0.42258688807487488
vt 0.25182953476905823 0.42258688807487488
vt 0.27055877447128296 0.40385764837265015
vt 0.27055877447128296 0.42258688807487488
vt 0.28928801417350769 0.43195149302482605
vt 0.27055877447128296 0.43195149302482605
vt 0.27992337942123413 0.42258688807487488
vt 0.27992337942123413 0.43195149302482605
vn 1 0 0
vn 1 0 0
vn 1 0 0
vn 1 0 0
vn 1 0 0
vn 1 0 0
vn 1 0 0
vn 1 0 0
vn 1 0 0
vn 1 0 0
vn 0 0 -1
vn 0 0 -1
vn 0 0 -1
vn 0 0 -1
vn 0 0 -1
vn 0 0 -1
vn 0 0 -1
vn 0 0 -1
vn 0 0 -1
vn 0 0 -1
vn 0 0 -1
vn 0 0 -1
vn 0 0 -1
vn 0 0 -1
vn 0 0 1
vn 0 0 1
vn 0 0 1
vn 0 0 1
vn 0 0 1
vn 0 0 1
vn 0 0 1
vn 0 0 1
vn 0 0 1
vn 0 0 1
vn 0 0 1
vn 0 0 1
vn 0 0 1
vn 0 0 1
vn 0 0 1
vn 0 0 1
vn 0 0 1
vn 0 0 1
vn 0 0 1
vn 0 0 1
vn 0 0 1
vn 0 0 1
vn 0 0 1
vn 0 0 1
vn 0 0 1
vn 0 0 1
vn 0 0 1
vn 0 0 1
vn 0 0 1
vn 0 0 1
vn 0 0 1
vn 0 0 1
vn 0 0 1
vn 0 0 1
vn 0 0 1
vn 0 0 1
vn 0 0 1
vn 0 0 1
vn 0 0 1
vn 0 0 1
vn 0 0 1
vn 0 0 1
vn 0 0 1
vn 0 0 1
vn 0 0 1
vn 0 0 1
vn 0 0 1
vn 0 0 1
vn 0 0 1
vn 0 0 1
vn 0 0 1
vn 0 0 1
vn 0 0 1
vn 0 0 1
vn 0 0 1
vn 0 0 1
vn 0 0 1
vn 0 0 1
vn 0 0 1
vn 0 0 1
vn 0 0 1
vn 0 0 1
vn 0 0 1
vn 0 0 1
vn 0 0 1
vn 0 0 1
vn 0 0 1
vn 0 0 1
vn 0 0 1
vn 0 0 1
vn 0 0 1
vn 0 0 1
vn 0 0 1
vn 0 0 1
vn 0 0 1
vn 0 0 1
vn 0 0 1
vn 0 0 1
vn 0 0 1
vn 0 0 1
vn 0 0 1
vn 0 0 1
vn 0 0 1
vn 0 0 1
vn 0 0 1
vn 0 0 1
vn 0 0 1
vn 0 0 1
vn 0 0 1
vn 0 0 1
vn 0 0 1
vn 0 0 1
vn 0 0 1
vn 0 0 1
vn 0 0 1
vn 0 0 1
vn 0 0 1
vn 0 0 1
vn 0 0 1
vn 0 0 1
vn 0 0 1
vn 0 0 1
vn 0 0 1
vn 0 0 1
vn 0 0 1
vn 0 0 1
vn 0 0 1
vn 0 0 1
vn 0 0 1
vn 0 0 1
vn 0 0 1
vn 0 0 1
vn 0 0 1
vn 0 0 1
vn 0 0 1
vn 0 0 1
vn 0 0 1
vn 0 0 1
vn 0 0 1
vn 0 0 1
vn 0 0 1
vn 0 0 1
vn 0 0 1
vn 0 0 1
vn 0 0 1
vn 0 0 1
vn 0 0 1
vn 0 0 1
vn 0 0 1
vn 0 0 1
vn 0 0 1
vn 0 0 1
vn 0 0 1
vn 0 0 1
vn 0 0 1
vn 0 0 1
vn 0 0 1
vn 0 0 1
vn 0 0 1
vn 0 0 1
vn 0 0 1
vn 0 0 1
vn 0 0 1
vn 0 0 1
vn 0 0 1
vn 0 0 1
vn 0 0 1
vn 0 0 1
vn 0 0 1
vn 0 0 1
vn 0 0 1
vn 0 0 1
vn 0 0 1
vn 0 0 1
vn 0 0 1
vn 0 0 1
vn 0 0 1
vn 0 0 1
vn 0 0 1
vn 0 0 1
vn 0 0 1
vn 0 0 1
vn 0 0 1
vn -0.50008630752563477 0.86597555875778198 0
vn -0.50008630752563477 0.86597555875778198 0
vn -0.50008630752563477 0.86597555875778198 0
vn -0.50008630752563477 0.86597555875778198 0
vn -0.41336697340011597 0.91056454181671143 0
vn -0.41336697340011597 0.91056454181671143 0
vn -0.32542973756790161 0.94556623697280884 0
vn -0.32542973756790161 0.94556623697280884 0
vn -0.23183602094650269 0.97275489568710327 0
vn -0.23183602094650269 0.97275489568710327 0
vn -0.13359831273555756 0.9910355806350708 0
vn -0.13359831273555756 0.9910355806350708 0
vn -0.032492570579051971 0.99947196245193481 0
vn -0.032492570579051971 0.99947196245193481 0
vn 0.068165585398674011 0.99767404794692993 0
vn 0.068165585398674011 0.99767404794692993 0
vn 0.16911190748214722 0.98559683561325073 0
vn 0.16911190748214722 0.98559683561325073 0
vn 0.26876959204673767 0.96320450305938721 0
vn 0.26876959204673767 0.96320450305938721 0
vn 0.36557263135910034 0.93078279495239258 0
vn 0.36557263135910034 0.93078279495239258 0
vn 0.45804685354232788 0.88892805576324463 0
vn 0.45804685354232788 0.88892805576324463 0
vn 0.5448836088180542 0.83851170539855957 0
vn 0.5448836088180542 0.83851170539855957 0
vn 0.62499880790710449 0.78062570095062256 0
vn 0.62499880790710449 0.78062570095062256 0
vn 0.69757145643234253 0.71651524305343628 0
vn 0.69757145643234253 0.71651524305343628 0
vn 0.76206046342849731 0.64750587940216064 0
vn 0.76206046342849731 0.64750587940216064 0
vn 0.82135981321334839 0.57041043043136597 0
vn 0.82135981321334839 0.57041043043136597 0
vn 0.83851170539855957 -0.5448836088180542 0
vn 0.83851170539855957 -0.5448836088180542 0
vn 0.78062570095062256 -0.62499880790710449 0
vn 0.78062570095062256 -0.62499880790710449 0
vn 0.71651524305343628 -0.69757145643234253 0
vn 0.71651524305343628 -0.69757145643234253 0
vn 0.64750587940216064 -0.76206046342849731 0
vn 0.64750587940216064 -0.76206046342849731 0
vn 0.57041043043136597 -0.82135981321334839 0
vn 0.57041043043136597 -0.82135981321334839 0
vn 0.50008630752563477 -0.86597555875778198 0
vn 0.50008630752563477 -0.86597555875778198 0
vn 0.41336697340011597 -0.91056454181671143 0
vn 0.41336697340011597 -0.91056454181671143 0
vn 0.32542973756790161 -0.94556623697280884 0
vn 0.32542973756790161 -0.94556623697280884 0
vn 0.23183602094650269 -0.97275489568710327 0
vn 0.23183602094650269 -0.97275489568710327 0
vn 0.13359831273555756 -0.9910355806350708 0
vn 0.13359831273555756 -0.9910355806350708 0
vn 0.032492570579051971 -0.99947196245193481 0
vn 0.032492570579051971 -0.99947196245193481 0
vn -0.068165585398674011 -0.99767404794692993 0
vn -0.068165585398674011 -0.99767404794692993 0
vn -0.16911190748214722 -0.98559683561325073 0
vn -0.16911190748214722 -0.98559683561325073 0
vn -0.26876959204673767 -0.96320450305938721 0
vn -0.26876959204673767 -0.96320450305938721 0
vn -0.36557263135910034 -0.93078279495239258 0
vn -0.36557263135910034 -0.93078279495239258 0
vn -0.45804685354232788 -0.88892805576324463 0
vn -0.45804685354232788 -0.88892805576324463 0
vn -0.5448836088180542 -0.83851170539855957 0
vn -0.5448836088180542 -0.83851170539855957 0
vn -0.62499880790710449 -0.78062570095062256 0
vn -0.62499880790710449 -0.78062570095062256 0
vn -0.69757145643234253 -0.71651524305343628 0
vn -0.69757145643234253 -0.71651524305343628 0
vn -0.76206046342849731 -0.64750587940216064 0
vn -0.76206046342849731 -0.64750587940216064 0
vn -0.82135981321334839 -0.57041043043136597 0
vn -0.82135981321334839 -0.57041043043136597 0
vn -0.86597555875778198 -0.50008630752563477 0
vn -0.86597555875778198 -0.50008630752563477 0
vn -0.91056454181671143 -0.41336697340011597 0
vn -0.91056454181671143 -0.41336697340011597 0
vn -0.94556623697280884 -0.32542973756790161 0
vn -0.94556623697280884 -0.32542973756790161 0
vn -0.97275489568710327 -0.23183602094650269 0
vn -0.97275489568710327 -0.23183602094650269 0
vn -0.9910355806350708 -0.13359831273555756 0
vn -0.9910355806350708 -0.13359831273555756 0
vn -0.99947196245193481 -0.032492570579051971 0
vn -0.99947196245193481 -0.032492570579051971 0
vn -0.99767404794692993 0.068165585398674011 0
vn -0.99767404794692993 0.068165585398674011 0
vn -0.98559683561325073 0.16911190748214722 0
vn -0.98559683561325073 0.16911190748214722 0
vn -0.96320450305938721 0.26876959204673767 0
vn -0.96320450305938721 0.26876959204673767 0
vn -0.93078279495239258 0.36557263135910034 0
vn -0.93078279495239258 0.36557263135910034 0
vn -0.88892805576324463 0.45804685354232788 0
vn -0.88892805576324463 0.45804685354232788 0
vn -0.83851170539855957 0.5448836088180542 0
vn -0.83851170539855957 0.5448836088180542 0
vn -0.78062570095062256 0.62499880790710449 0
vn -0.78062570095062256 0.62499880790710449 0
vn -0.71651524305343628 0.69757145643234253 0
vn -0.71651524305343628 0.69757145643234253 0
vn -0.64750587940216064 0.76206046342849731 0
vn -0.64750587940216064 0.76206046342849731 0
vn -0.57041043043136597 0.82135981321334839 0
vn -0.57041043043136597 0.82135981321334839 0
vn -0.50008630752563477 0.86597555875778198 0
vn -0.50008630752563477 0.86597555875778198 0
vn -0.50008630752563477 0.86597555875778198 0
vn -0.42025163769721985 0.90740758180618286 0
vn -0.33416196703910828 0.94251567125320435 0
vn -0.24250213801860809 0.97015088796615601 0
vn -0.1462133526802063 0.98925310373306274 0
vn -0.046480752527713776 0.99891918897628784 0
vn 0.055300302803516388 0.9984697699546814 0
vn 0.1575791984796524 0.98750633001327515 0
vn 0.25872281193733215 0.96595162153244019 0
vn 0.35709944367408752 0.93406635522842407 0
vn 0.4511655867099762 0.89244025945663452 0
vn 0.53954535722732544 0.84195655584335327 0
vn 0.62109482288360596 0.78373539447784424 0
vn 0.69494515657424927 0.71906274557113647 0
vn 0.76052123308181763 0.64931309223175049 0
vn 0.81753766536712646 0.57587516307830811 0
vn 0.86597555875778198 0.50008630752563477 0
vn 0.90740758180618286 0.42025163769721985 0
vn 0.94251567125320435 0.33416196703910828 0
vn 0.97015088796615601 0.24250213801860809 0
vn 0.98925310373306274 0.1462133526802063 0
vn 0.99891918897628784 0.046480752527713776 0
vn 0.9984697699546814 -0.055300302803516388 0
vn 0.98750633001327515 -0.1575791984796524 0
vn 0.96595162153244019 -0.25872281193733215 0
vn 0.93406635522842407 -0.35709944367408752 0
vn 0.89244025945663452 -0.4511655867099762 0
vn 0.84195655584335327 -0.53954535722732544 0
vn 0.78373539447784424 -0.62109482288360596 0
vn 0.71906274557113647 -0.69494515657424927 0
vn 0.64931309223175049 -0.76052123308181763 0
vn 0.57587516307830811 -0.81753766536712646 0
vn 0.50008630752563477 -0.86597555875778198 0
vn 0.42025163769721985 -0.90740758180618286 0
vn 0.33416196703910828 -0.94251567125320435 0
vn 0.24250213801860809 -0.97015088796615601 0
vn 0.1462133526802063 -0.98925310373306274 0
vn 0.046480752527713776 -0.99891918897628784 0
vn -0.055300302803516388 -0.9984697699546814 0
vn -0.1575791984796524 -0.98750633001327515 0
vn -0.25872281193733215 -0.96595162153244019 0
vn -0.35709944367408752 -0.93406635522842407 0
vn -0.4511655867099762 -0.89244025945663452 0
vn -0.53954535722732544 -0.84195655584335327 0
vn -0.62109482288360596 -0.78373539447784424 0
vn -0.69494515657424927 -0.71906274557113647 0
vn -0.76052123308181763 -0.64931309223175049 0
vn -0.81753766536712646 -0.57587516307830811 0
vn -0.86597555875778198 -0.50008630752563477 0
vn -0.90740758180618286 -0.42025163769721985 0
vn -0.94251567125320435 -0.33416196703910828 0
vn -0.97015088796615601 -0.24250213801860809 0
vn -0.98925310373306274 -0.1462133526802063 0
vn -0.99891918897628784 -0.046480752527713776 0
vn -0.9984697699546814 0.055300302803516388 0
vn -0.98750633001327515 0.1575791984796524 0
vn -0.96595162153244019 0.25872281193733215 0
vn -0.93406635522842407 0.35709944367408752 0
vn -0.89244025945663452 0.4511655867099762 0
vn -0.84195655584335327 0.53954535722732544 0
vn -0.78373539447784424 0.62109482288360596 0
vn -0.71906274557113647 0.69494515657424927 0
vn -0.64931309223175049 0.76052123308181763 0
vn -0.57587516307830811 0.81753766536712646 0
vn -0.50008630752563477 0.86597555875778198 0
vn -0.41336697340011597 0.91056454181671143 0
vn -0.45767882466316223 0.88911759853363037 0
vn -0.50008630752563477 0.86597555875778198 0
vn -0.45767882466316223 0.88911759853363037 0
vn -0.32542973756790161 0.94556623697280884 0
vn -0.37015813589096069 0.92896878719329834 0
vn -0.37015813589096069 0.92896878719329834 0
vn -0.23183602094650269 0.97275489568710327 0
vn -0.27928295731544495 0.96020883321762085 0
vn -0.27928295731544495 0.96020883321762085 0
vn -0.13359831273555756 0.9910355806350708 0
vn -0.18322403728961945 0.98307120800018311 0
vn -0.18322403728961945 0.98307120800018311 0
vn -0.032492570579051971 0.99947196245193481 0
vn -0.083376161754131317 0.99651813507080078 0
vn -0.083376161754131317 0.99651813507080078 0
vn 0.068165585398674011 0.99767404794692993 0
vn 0.017703743651509285 0.9998432993888855 0
vn 0.017703743651509285 0.9998432993888855 0
vn 0.16911190748214722 0.98559683561325073 0
vn 0.11870056390762329 0.99293011426925659 0
vn 0.11870056390762329 0.99293011426925659 0
vn 0.26876959204673767 0.96320450305938721 0
vn 0.21920092403888702 0.97567975521087646 0
vn 0.21920092403888702 0.97567975521087646 0
vn 0.36557263135910034 0.93078279495239258 0
vn 0.31762316823005676 0.94821703433990479 0
vn 0.31762316823005676 0.94821703433990479 0
vn 0.45804685354232788 0.88892805576324463 0
vn 0.41243728995323181 0.91098600625991821 0
vn 0.41243728995323181 0.91098600625991821 0
vn 0.5448836088180542 0.83851170539855957 0
vn 0.5022435188293457 0.86472624540328979 0
vn 0.5022435188293457 0.86472624540328979 0
vn 0.62499880790710449 0.78062570095062256 0
vn 0.58583915233612061 0.81042730808258057 0
vn 0.58583915233612061 0.81042730808258057 0
vn 0.69757145643234253 0.71651524305343628 0
vn 0.66226834058761597 0.74926674365997314 0
vn 0.66226834058761597 0.74926674365997314 0
vn 0.76206046342849731 0.64750587940216064 0
vn 0.73084926605224609 0.68253886699676514 0
vn 0.73084926605224609 0.68253886699676514 0
vn 0.82135981321334839 0.57041043043136597 0
vn 0.79289251565933228 0.60936146974563599 0
vn 0.79289251565933228 0.60936146974563599 0
vn 0.83851170539855957 -0.5448836088180542 0
vn 0.86472624540328979 -0.5022435188293457 0
vn 0.86472624540328979 -0.5022435188293457 0
vn 0.78062570095062256 -0.62499880790710449 0
vn 0.81042730808258057 -0.58583915233612061 0
vn 0.81042730808258057 -0.58583915233612061 0
vn 0.71651524305343628 -0.69757145643234253 0
vn 0.74926674365997314 -0.66226834058761597 0
vn 0.74926674365997314 -0.66226834058761597 0
vn 0.64750587940216064 -0.76206046342849731 0
vn 0.68253886699676514 -0.73084926605224609 0
vn 0.68253886699676514 -0.73084926605224609 0
vn 0.57041043043136597 -0.82135981321334839 0
vn 0.60936146974563599 -0.79289251565933228 0
vn 0.60936146974563599 -0.79289251565933228 0
vn 0.50008630752563477 -0.86597555875778198 0
vn 0.53542721271514893 -0.84458136558532715 0
vn 0.53542721271514893 -0.84458136558532715 0
vn 0.41336697340011597 -0.91056454181671143 0
vn 0.45767882466316223 -0.88911759853363037 0
vn 0.45767882466316223 -0.88911759853363037 0
vn 0.32542973756790161 -0.94556623697280884 0
vn 0.37015813589096069 -0.92896878719329834 0
vn 0.37015813589096069 -0.92896878719329834 0
vn 0.23183602094650269 -0.97275489568710327 0
vn 0.27928295731544495 -0.96020883321762085 0
vn 0.27928295731544495 -0.96020883321762085 0
vn 0.13359831273555756 -0.9910355806350708 0
vn 0.18322403728961945 -0.98307120800018311 0
vn 0.18322403728961945 -0.98307120800018311 0
vn 0.032492570579051971 -0.99947196245193481 0
vn 0.083376161754131317 -0.99651813507080078 0
vn 0.083376161754131317 -0.99651813507080078 0
vn -0.068165585398674011 -0.99767404794692993 0
vn -0.017703743651509285 -0.9998432993888855 0
vn -0.017703743651509285 -0.9998432993888855 0
vn -0.16911190748214722 -0.98559683561325073 0
vn -0.11870056390762329 -0.99293011426925659 0
vn -0.11870056390762329 -0.99293011426925659 0
vn -0.26876959204673767 -0.96320450305938721 0
vn -0.21920092403888702 -0.97567975521087646 0
vn -0.21920092403888702 -0.97567975521087646 0
vn -0.36557263135910034 -0.93078279495239258 0
vn -0.31762316823005676 -0.94821703433990479 0
vn -0.31762316823005676 -0.94821703433990479 0
vn -0.45804685354232788 -0.88892805576324463 0
vn -0.41243728995323181 -0.91098600625991821 0
vn -0.41243728995323181 -0.91098600625991821 0
vn -0.5448836088180542 -0.83851170539855957 0
vn -0.5022435188293457 -0.86472624540328979 0
vn -0.5022435188293457 -0.86472624540328979 0
vn -0.62499880790710449 -0.78062570095062256 0
vn -0.58583915233612061 -0.81042730808258057 0
vn -0.58583915233612061 -0.81042730808258057 0
vn -0.69757145643234253 -0.71651524305343628 0
vn -0.66226834058761597 -0.74926674365997314 0
vn -0.66226834058761597 -0.74926674365997314 0
vn -0.76206046342849731 -0.64750587940216064 0
vn -0.73084926605224609 -0.68253886699676514 0
vn -0.73084926605224609 -0.68253886699676514 0
vn -0.82135981321334839 -0.57041043043136597 0
vn -0.79289251565933228 -0.60936146974563599 0
vn -0.79289251565933228 -0.60936146974563599 0
vn -0.86597555875778198 -0.50008630752563477 0
vn -0.84458136558532715 -0.53542721271514893 0
vn -0.84458136558532715 -0.53542721271514893 0
vn -0.91056454181671143 -0.41336697340011597 0
vn -0.88911759853363037 -0.45767882466316223 0
vn -0.88911759853363037 -0.45767882466316223 0
vn -0.94556623697280884 -0.32542973756790161 0
vn -0.92896878719329834 -0.37015813589096069 0
vn -0.92896878719329834 -0.37015813589096069 0
vn -0.97275489568710327 -0.23183602094650269 0
vn -0.96020883321762085 -0.27928295731544495 0
vn -0.96020883321762085 -0.27928295731544495 0
vn -0.9910355806350708 -0.13359831273555756 0
vn -0.98307120800018311 -0.18322403728961945 0
vn -0.98307120800018311 -0.18322403728961945 0
vn -0.99947196245193481 -0.032492570579051971 0
vn -0.99651813507080078 -0.083376161754131317 0
vn -0.99651813507080078 -0.083376161754131317 0
vn -0.99767404794692993 0.068165585398674011 0
vn -0.9998432993888855 0.017703743651509285 0
vn -0.9998432993888855 0.017703743651509285 0
vn -0.98559683561325073 0.16911190748214722 0
vn -0.99293011426925659 0.11870056390762329 0
vn -0.99293011426925659 0.11870056390762329 0
vn -0.96320450305938721 0.26876959204673767 0
vn -0.97567975521087646 0.21920092403888702 0
vn -0.97567975521087646 0.21920092403888702 0
vn -0.93078279495239258 0.36557263135910034 0
vn -0.94821703433990479 0.31762316823005676 0
vn -0.94821703433990479 0.31762316823005676 0
vn -0.88892805576324463 0.45804685354232788 0
vn -0.91098600625991821 0.41243728995323181 0
vn -0.91098600625991821 0.41243728995323181 0
vn -0.83851170539855957 0.5448836088180542 0
vn -0.86472624540328979 0.5022435188293457 0
vn -0.86472624540328979 0.5022435188293457 0
vn -0.78062570095062256 0.62499880790710449 0
vn -0.81042730808258057 0.58583915233612061 0
vn -0.81042730808258057 0.58583915233612061 0
vn -0.71651524305343628 0.69757145643234253 0
vn -0.74926674365997314 0.66226834058761597 0
vn -0.74926674365997314 0.66226834058761597 0
vn -0.64750587940216064 0.76206046342849731 0
vn -0.68253886699676514 0.73084926605224609 0
vn -0.68253886699676514 0.73084926605224609 0
vn -0.57041043043136597 0.82135981321334839 0
vn -0.60936146974563599 0.79289251565933228 0
vn -0.60936146974563599 0.79289251565933228 0
vn -0.50008630752563477 0.86597555875778198 0
vn -0.53542721271514893 0.84458136558532715 0
vn -0.53542721271514893 0.84458136558532715 0
vn -0.60082191228866577 0.79938292503356934 0
vn -0.69279623031616211 0.72113341093063354 0
vn -0.77466797828674316 0.63236820697784424 0
vn -0.84524333477020264 0.53438162803649902 0
vn -0.90349316596984863 0.42860254645347595 0
vn -0.94856798648834229 0.31657347083091736 0
vn -0.97981059551239014 0.19992806017398834 0
vn -0.99676531553268433 0.080367252230644226 0
vn -0.99918496608734131 -0.040365498512983322 0
vn -0.98703426122665405 -0.1605096310377121 0
vn -0.96049040555953979 -0.27831315994262695 0
vn -0.91994041204452515 -0.39205828309059143 0
vn -0.86597555875778198 -0.50008630752563477 0
vn -0.79938292503356934 -0.60082191228866577 0
vn -0.72113341093063354 -0.69279623031616211 0
vn -0.63236820697784424 -0.77466797828674316 0
vn -0.53438162803649902 -0.84524333477020264 0
vn -0.42860254645347595 -0.90349316596984863 0
vn -0.31657347083091736 -0.94856798648834229 0
vn -0.19992806017398834 -0.97981059551239014 0
vn -0.080367252230644226 -0.99676531553268433 0
vn 0.040365498512983322 -0.99918496608734131 0
vn 0.1605096310377121 -0.98703426122665405 0
vn 0.27831315994262695 -0.96049040555953979 0
vn 0.39205828309059143 -0.91994041204452515 0
vn 0.50008630752563477 -0.86597555875778198 0
vn 0.60082191228866577 -0.79938292503356934 0
vn 0.69279623031616211 -0.72113341093063354 0
vn 0.77466797828674316 -0.63236820697784424 0
vn 0.84524333477020264 -0.53438162803649902 0
vn 0.90349316596984863 -0.42860254645347595 0
vn 0.94856798648834229 -0.31657347083091736 0
vn 0.97981059551239014 -0.19992806017398834 0
vn 0.99676531553268433 -0.080367252230644226 0
vn 0.99918496608734131 0.040365498512983322 0
vn 0.98703426122665405 0.1605096310377121 0
vn 0.96049040555953979 0.27831315994262695 0
vn 0.91994041204452515 0.39205828309059143 0
vn 0.86597555875778198 0.50008630752563477 0
vn 0.79938292503356934 0.60082191228866577 0
vn 0.72113341093063354 0.69279623031616211 0
vn 0.63236820697784424 0.77466797828674316 0
vn 0.53438162803649902 0.84524333477020264 0
vn 0.42860254645347595 0.90349316596984863 0
vn 0.31657347083091736 0.94856798648834229 0
vn 0.19992806017398834 0.97981059551239014 0
vn 0.080367252230644226 0.99676531553268433 0
vn -0.040365498512983322 0.99918496608734131 0
vn -0.1605096310377121 0.98703426122665405 0
vn -0.27831315994262695 0.96049040555953979 0
vn -0.39205828309059143 0.91994041204452515 0
vn -0.50008630752563477 0.86597555875778198 0
vn -0.57041043043136597 0.82135981321334839 0
vn -0.53542721271514893 0.84458136558532715 0
vn -0.53542721271514893 0.84458136558532715 0
vn -0.64750587940216064 0.76206046342849731 0
vn -0.60936146974563599 0.79289251565933228 0
vn -0.60936146974563599 0.79289251565933228 0
vn -0.71651524305343628 0.69757145643234253 0
vn -0.68253886699676514 0.73084926605224609 0
vn -0.68253886699676514 0.73084926605224609 0
vn -0.78062570095062256 0.62499880790710449 0
vn -0.74926674365997314 0.66226834058761597 0
vn -0.74926674365997314 0.66226834058761597 0
vn -0.83851170539855957 0.5448836088180542 0
vn -0.88892805576324463 0.45804685354232788 0
vn -0.86472624540328979 0.5022435188293457 0
vn -0.86472624540328979 0.5022435188293457 0
vn -0.93078279495239258 0.36557263135910034 0
vn -0.91098600625991821 0.41243728995323181 0
vn -0.91098600625991821 0.41243728995323181 0
vn -0.96320450305938721 0.26876959204673767 0
vn -0.94821703433990479 0.31762316823005676 0
vn -0.94821703433990479 0.31762316823005676 0
vn -0.98559683561325073 0.16911190748214722 0
vn -0.97567975521087646 0.21920092403888702 0
vn -0.97567975521087646 0.21920092403888702 0
vn -0.99767404794692993 0.068165585398674011 0
vn -0.99293011426925659 0.11870056390762329 0
vn -0.99293011426925659 0.11870056390762329 0
vn -0.99947196245193481 -0.032492570579051971 0
vn -0.9910355806350708 -0.13359831273555756 0
vn -0.99651813507080078 -0.083376161754131317 0
vn -0.99651813507080078 -0.083376161754131317 0
vn -0.97275489568710327 -0.23183602094650269 0
vn -0.98307120800018311 -0.18322403728961945 0
vn -0.98307120800018311 -0.18322403728961945 0
vn -0.94556623697280884 -0.32542973756790161 0
vn -0.96020883321762085 -0.27928295731544495 0
vn -0.96020883321762085 -0.27928295731544495 0
vn -0.91056454181671143 -0.41336697340011597 0
vn -0.92896878719329834 -0.37015813589096069 0
vn -0.92896878719329834 -0.37015813589096069 0
vn -0.86597555875778198 -0.50008630752563477 0
vn -0.88911759853363037 -0.45767882466316223 0
vn -0.88911759853363037 -0.45767882466316223 0
vn -0.82135981321334839 -0.57041043043136597 0
vn -0.76206046342849731 -0.64750587940216064 0
vn -0.79289251565933228 -0.60936146974563599 0
vn -0.79289251565933228 -0.60936146974563599 0
vn -0.69757145643234253 -0.71651524305343628 0
vn -0.73084926605224609 -0.68253886699676514 0
vn -0.73084926605224609 -0.68253886699676514 0
vn -0.62499880790710449 -0.78062570095062256 0
vn -0.66226834058761597 -0.74926674365997314 0
vn -0.66226834058761597 -0.74926674365997314 0
vn -0.5448836088180542 -0.83851170539855957 0
vn -0.45804685354232788 -0.88892805576324463 0
vn -0.5022435188293457 -0.86472624540328979 0
vn -0.5022435188293457 -0.86472624540328979 0
vn -0.36557263135910034 -0.93078279495239258 0
vn -0.41243728995323181 -0.91098600625991821 0
vn -0.41243728995323181 -0.91098600625991821 0
vn -0.26876959204673767 -0.96320450305938721 0
vn -0.31762316823005676 -0.94821703433990479 0
vn -0.31762316823005676 -0.94821703433990479 0
vn -0.16911190748214722 -0.98559683561325073 0
vn -0.21920092403888702 -0.97567975521087646 0
vn -0.21920092403888702 -0.97567975521087646 0
vn -0.068165585398674011 -0.99767404794692993 0
vn -0.11870056390762329 -0.99293011426925659 0
vn -0.11870056390762329 -0.99293011426925659 0
vn 0.032492570579051971 -0.99947196245193481 0
vn 0.13359831273555756 -0.9910355806350708 0
vn 0.083376161754131317 -0.99651813507080078 0
vn 0.083376161754131317 -0.99651813507080078 0
vn 0.23183602094650269 -0.97275489568710327 0
vn 0.18322403728961945 -0.98307120800018311 0
vn 0.18322403728961945 -0.98307120800018311 0
vn 0.32542973756790161 -0.94556623697280884 0
vn 0.27928295731544495 -0.96020883321762085 0
vn 0.27928295731544495 -0.96020883321762085 0
vn 0.41336697340011597 -0.91056454181671143 0
vn 0.37015813589096069 -0.92896878719329834 0
vn 0.37015813589096069 -0.92896878719329834 0
vn 0.50008630752563477 -0.86597555875778198 0
vn 0.45767882466316223 -0.88911759853363037 0
vn 0.45767882466316223 -0.88911759853363037 0
vn 0.57041043043136597 -0.82135981321334839 0
vn 0.64750587940216064 -0.76206046342849731 0
vn 0.60936146974563599 -0.79289251565933228 0
vn 0.60936146974563599 -0.79289251565933228 0
vn 0.71651524305343628 -0.69757145643234253 0
vn 0.68253886699676514 -0.73084926605224609 0
vn 0.68253886699676514 -0.73084926605224609 0
vn 0.78062570095062256 -0.62499880790710449 0
vn 0.74926674365997314 -0.66226834058761597 0
vn 0.74926674365997314 -0.66226834058761597 0
vn 0.83851170539855957 -0.5448836088180542 0
vn 0.86472624540328979 -0.5022435188293457 0
vn 0.82135981321334839 0.57041043043136597 0
vn 0.76206046342849731 0.64750587940216064 0
vn 0.79289251565933228 0.60936146974563599 0
vn 0.79289251565933228 0.60936146974563599 0
vn 0.69757145643234253 0.71651524305343628 0
vn 0.73084926605224609 0.68253886699676514 0
vn 0.73084926605224609 0.68253886699676514 0
vn 0.62499880790710449 0.78062570095062256 0
vn 0.66226834058761597 0.74926674365997314 0
vn 0.66226834058761597 0.74926674365997314 0
vn 0.5448836088180542 0.83851170539855957 0
vn 0.45804685354232788 0.88892805576324463 0
vn 0.5022435188293457 0.86472624540328979 0
vn 0.5022435188293457 0.86472624540328979 0
vn 0.36557263135910034 0.93078279495239258 0
vn 0.41243728995323181 0.91098600625991821 0
vn 0.41243728995323181 0.91098600625991821 0
vn 0.26876959204673767 0.96320450305938721 0
vn 0.31762316823005676 0.94821703433990479 0
vn 0.31762316823005676 0.94821703433990479 0
vn 0.16911190748214722 0.98559683561325073 0
vn 0.21920092403888702 0.97567975521087646 0
vn 0.21920092403888702 0.97567975521087646 0
vn 0.068165585398674011 0.99767404794692993 0
vn 0.11870056390762329 0.99293011426925659 0
vn 0.11870056390762329 0.99293011426925659 0
vn -0.032492570579051971 0.99947196245193481 0
vn -0.13359831273555756 0.9910355806350708 0
vn -0.083376161754131317 0.99651813507080078 0
vn -0.083376161754131317 0.99651813507080078 0
vn -0.23183602094650269 0.97275489568710327 0
vn -0.18322403728961945 0.98307120800018311 0
vn -0.18322403728961945 0.98307120800018311 0
vn -0.32542973756790161 0.94556623697280884 0
vn -0.27928295731544495 0.96020883321762085 0
vn -0.27928295731544495 0.96020883321762085 0
vn -0.41336697340011597 0.91056454181671143 0
vn -0.37015813589096069 0.92896878719329834 0
vn -0.37015813589096069 0.92896878719329834 0
vn -0.50008630752563477 0.86597555875778198 0
vn -0.45767882466316223 0.88911759853363037 0
vn -0.45767882466316223 0.88911759853363037 0
vn 0.87254452705383301 0.4885345995426178 0
vn 0.92623805999755859 0.37693911790847778 0
vn 0.96651965379714966 0.2565925121307373 0
vn 0.99151450395584106 0.12999600172042847 0
vn 1 0.0001399358588969335 0
vn 0.99155086278915405 -0.12971849739551544 0
vn 0.966591477394104 -0.25632199645042419 0
vn 0.92634350061416626 -0.37667989730834961 0
vn 0.87268120050430298 -0.48829036951065063 0
vn 0.87268120050430298 -0.48829036951065063 0
vn 0.87268120050430298 -0.48829036951065063 0
vn 0.87268120050430298 -0.48829036951065063 0
vn 0.87268120050430298 -0.48829036951065063 0
vn 0.87268120050430298 -0.48829036951065063 0
vn 0.87268120050430298 -0.48829036951065063 0
vn 0.92634350061416626 -0.37667989730834961 0
vn 0.966591477394104 -0.25632199645042419 0
vn 0.99155086278915405 -0.12971849739551544 0
vn 1 0.0001399358588969335 0
vn 0.99151450395584106 0.12999600172042847 0
vn 0.96651965379714966 0.2565925121307373 0
vn 0.92623805999755859 0.37693911790847778 0
vn 0.87254452705383301 0.4885345995426178 0
vn 0.87254452705383301 0.4885345995426178 0
vn 0.87254452705383301 0.4885345995426178 0
vn 0.87254452705383301 0.4885345995426178 0
vn 0.87254452705383301 0.4885345995426178 0
vn 0.87254452705383301 0.4885345995426178 0
vn 0 0 -1
vn 0 0 -1
vn 0 0 -1
vn 0 0 -1
vn 0 0 -1
vn 0 0 -1
vn 0 0 -1
vn 0 0 -1
vn 0 0 -1
vn 0 0 -1
vn 0 0 -1
vn 0 0 -1
vn 0 0 -1
vn 0 0 -1
vn 0 0 -1
vn 0 0 -1
vn 0 0 -1
vn 0 0 -1
vn 0 0 -1
vn 0 0 -1
vn 0 0 -1
vn 0 0 -1
vn 0 0 -1
vn 0 0 -1
vn 0 0 -1
vn 0 0 -1
vn 0 0 -1
vn 0 0 -1
vn 0 0 -1
vn 0 0 -1
vn 0 0 -1
vn 0 0 -1
vn 0 0 -1
vn 0 0 -1
vn 0 0 -1
vn 0 0 -1
vn 0 0 -1
vn 0 0 -1
vn 0 0 -1
vn 0 0 -1
vn 0 0 -1
vn 0 0 -1
vn 0 0 -1
vn 0 0 -1
vn 0 0 -1
vn 0 0 -1
vn 0 0 -1
vn 0 0 -1
vn 0 0 -1
vn 0 0 -1
vn 0 0 -1
vn 0 0 -1
vn 0 0 -1
vn 0 0 -1
vn 0 0 -1
vn 0 0 -1
vn 0 0 -1
vn 0 0 -1
vn 0 0 -1
vn 0 0 -1
vn 0 0 -1
vn 0 0 -1
vn 0 0 -1
vn 0 0 -1
vn 0 0 -1
vn 0 0 -1
vn 0 0 -1
vn 0 0 -1
vn 0 0 -1
vn 0 0 -1
vn 0 0 -1
vn 0 0 -1
vn 0 0 -1
vn 0 0 -1
vn 0 0 -1
vn 0 0 -1
vn 0 0 -1
vn 0 0 -1
vn 0 0 -1
vn 0 0 -1
vn 0 0 -1
vn 0 0 -1
vn 0 0 -1
vn 0 0 -1
vn 0 0 -1
vn 0 0 -1
vn 0 0 -1
vn 0 0 -1
vn 0 0 -1
vn 0 0 -1
vn 0 0 -1
vn 0 0 -1
vn 0 0 -1
vn 0 0 -1
vn 0 0 -1
vn 0 0 -1
vn 0 0 -1
vn 0 0 -1
vn 0 0 -1
vn 0 0 -1
vn 0 0 -1
vn -0.35361441969871521 0.61233723163604736 -0.70710676908493042
vn -0.35361441969871521 0.61233723163604736 -0.70710676908493042
vn -0.35361441969871521 0.61233723163604736 -0.70710676908493042
vn -0.4165802001953125 0.57136762142181396 -0.70710676908493042
vn -0.47136354446411133 0.52708292007446289 -0.70710676908493042
vn -0.52146869897842407 0.47756713628768921 -0.70710676908493042
vn -0.5663985013961792 0.42331162095069885 -0.70710676908493042
vn -0.60552746057510376 0.36515271663665771 -0.70710676908493042
vn -0.6380271315574646 0.30483013391494751 -0.70710676908493042
vn -0.66453564167022705 0.24164514243602753 -0.70710676908493042
vn -0.68480414152145386 0.17619107663631439 -0.70710676908493042
vn -0.69864225387573242 0.10908257961273193 -0.70710676908493042
vn -0.70592004060745239 0.040949780493974686 -0.70710676908493042
vn -0.70656919479370117 -0.027567543089389801 -0.70710676908493042
vn -0.70058357715606689 -0.095825999975204468 -0.70710676908493042
vn -0.68801945447921753 -0.16318464279174805 -0.70710676908493042
vn -0.6689947247505188 -0.22901096940040588 -0.70710676908493042
vn -0.64194202423095703 -0.29649698734283447 -0.70710676908493042
vn -0.61233723163604736 -0.35361441969871521 -0.70710676908493042
vn -0.61233723163604736 -0.35361441969871521 -0.70710676908493042
vn -0.57136762142181396 -0.4165802001953125 -0.70710676908493042
vn -0.52708292007446289 -0.47136354446411133 -0.70710676908493042
vn -0.47756713628768921 -0.52146869897842407 -0.70710676908493042
vn -0.42331162095069885 -0.5663985013961792 -0.70710676908493042
vn -0.36515271663665771 -0.60552746057510376 -0.70710676908493042
vn -0.30483013391494751 -0.6380271315574646 -0.70710676908493042
vn -0.24164514243602753 -0.66453564167022705 -0.70710676908493042
vn -0.17619107663631439 -0.68480414152145386 -0.70710676908493042
vn -0.10908257961273193 -0.69864225387573242 -0.70710676908493042
vn -0.040949780493974686 -0.70592004060745239 -0.70710676908493042
vn 0.027567543089389801 -0.70656919479370117 -0.70710676908493042
vn 0.095825999975204468 -0.70058357715606689 -0.70710676908493042
vn 0.16318464279174805 -0.68801945447921753 -0.70710676908493042
vn 0.22901096940040588 -0.6689947247505188 -0.70710676908493042
vn 0.29649698734283447 -0.64194202423095703 -0.70710676908493042
vn 0.35361441969871521 -0.61233723163604736 -0.70710676908493042
vn 0.35361441969871521 -0.61233723163604736 -0.70710676908493042
vn 0.4165802001953125 -0.57136762142181396 -0.70710676908493042
vn 0.47136354446411133 -0.52708292007446289 -0.70710676908493042
vn 0.52146869897842407 -0.47756713628768921 -0.70710676908493042
vn 0.5663985013961792 -0.42331162095069885 -0.70710676908493042
vn 0.60552746057510376 -0.36515271663665771 -0.70710676908493042
vn 0.6380271315574646 -0.30483013391494751 -0.70710676908493042
vn 0.66453564167022705 -0.24164514243602753 -0.70710676908493042
vn 0.68480414152145386 -0.17619107663631439 -0.70710676908493042
vn 0.69864225387573242 -0.10908257961273193 -0.70710676908493042
vn 0.70592004060745239 -0.040949780493974686 -0.70710676908493042
vn 0.70656919479370117 0.027567543089389801 -0.70710676908493042
vn 0.70058357715606689 0.095825999975204468 -0.70710676908493042
vn 0.68801945447921753 0.16318464279174805 -0.70710676908493042
vn 0.6689947247505188 0.22901096940040588 -0.70710676908493042
vn 0.64194202423095703 0.29649698734283447 -0.70710676908493042
vn 0.61233723163604736 0.35361441969871521 -0.70710676908493042
vn 0.57136762142181396 0.4165802001953125 -0.70710676908493042
vn 0.52708292007446289 0.47136354446411133 -0.70710676908493042
vn 0.47756713628768921 0.52146869897842407 -0.70710676908493042
vn 0.42331162095069885 0.5663985013961792 -0.70710676908493042
vn 0.36515271663665771 0.60552746057510376 -0.70710676908493042
vn 0.30483013391494751 0.6380271315574646 -0.70710676908493042
vn 0.24164514243602753 0.66453564167022705 -0.70710676908493042
vn 0.17619107663631439 0.68480414152145386 -0.70710676908493042
vn 0.10908257961273193 0.69864225387573242 -0.70710676908493042
vn 0.040949780493974686 0.70592004060745239 -0.70710676908493042
vn -0.027567543089389801 0.70656919479370117 -0.70710676908493042
vn -0.095825999975204468 0.70058357715606689 -0.70710676908493042
vn -0.16318464279174805 0.68801945447921753 -0.70710676908493042
vn -0.22901096940040588 0.6689947247505188 -0.70710676908493042
vn -0.29649698734283447 0.64194202423095703 -0.70710676908493042
vn -0.35361441969871521 0.61233723163604736 -0.70710676908493042
vn -0.35361441969871521 0.61233723163604736 -0.70710676908493042
vn -0.35361441969871521 0.61233723163604736 -0.70710676908493042
vn -0.42484524846076965 0.56524908542633057 -0.70710676908493042
vn -0.48988088965415955 0.50991833209991455 -0.70710676908493042
vn -0.54777300357818604 0.44715183973312378 -0.70710676908493042
vn -0.59767729043960571 0.37786486744880676 -0.70710676908493042
vn -0.638866126537323 0.30306777358055115 -0.70710676908493042
vn -0.67073887586593628 0.22385124862194061 -0.70710676908493042
vn -0.69283068180084229 0.141370490193367 -0.70710676908493042
vn -0.70481950044631958 0.056828226894140244 -0.70710676908493042
vn -0.70653045177459717 -0.028542717918753624 -0.70710676908493042
vn -0.69793862104415894 -0.11349745094776154 -0.70710676908493042
vn -0.67916923761367798 -0.19679713249206543 -0.70710676908493042
vn -0.65049606561660767 -0.27722707390785217 -0.70710676908493042
vn -0.56524908542633057 -0.42484524846076965 -0.70710676908493042
vn -0.50991833209991455 -0.48988088965415955 -0.70710676908493042
vn -0.44715183973312378 -0.54777300357818604 -0.70710676908493042
vn -0.37786486744880676 -0.59767729043960571 -0.70710676908493042
vn -0.30306777358055115 -0.638866126537323 -0.70710676908493042
vn -0.22385124862194061 -0.67073887586593628 -0.70710676908493042
vn -0.141370490193367 -0.69283068180084229 -0.70710676908493042
vn -0.056828226894140244 -0.70481950044631958 -0.70710676908493042
vn 0.028542717918753624 -0.70653045177459717 -0.70710676908493042
vn 0.11349745094776154 -0.69793862104415894 -0.70710676908493042
vn 0.19679713249206543 -0.67916923761367798 -0.70710676908493042
vn 0.27722707390785217 -0.65049606561660767 -0.70710676908493042
vn 0.42484524846076965 -0.56524908542633057 -0.70710676908493042
vn 0.48988088965415955 -0.50991833209991455 -0.70710676908493042
vn 0.54777300357818604 -0.44715183973312378 -0.70710676908493042
vn 0.59767729043960571 -0.37786486744880676 -0.70710676908493042
vn 0.638866126537323 -0.30306777358055115 -0.70710676908493042
vn 0.67073887586593628 -0.22385124862194061 -0.70710676908493042
vn 0.69283068180084229 -0.141370490193367 -0.70710676908493042
vn 0.70481950044631958 -0.056828226894140244 -0.70710676908493042
vn 0.70653045177459717 0.028542717918753624 -0.70710676908493042
vn 0.69793862104415894 0.11349745094776154 -0.70710676908493042
vn 0.67916923761367798 0.19679713249206543 -0.70710676908493042
vn 0.65049606561660767 0.27722707390785217 -0.70710676908493042
vn 0.61233723163604736 0.35361441969871521 -0.70710676908493042
vn 0.56524908542633057 0.42484524846076965 -0.70710676908493042
vn 0.50991833209991455 0.48988088965415955 -0.70710676908493042
vn 0.44715183973312378 0.54777300357818604 -0.70710676908493042
vn 0.37786486744880676 0.59767729043960571 -0.70710676908493042
vn 0.30306777358055115 0.638866126537323 -0.70710676908493042
vn 0.22385124862194061 0.67073887586593628 -0.70710676908493042
vn 0.141370490193367 0.69283068180084229 -0.70710676908493042
vn 0.056828226894140244 0.70481950044631958 -0.70710676908493042
vn -0.028542717918753624 0.70653045177459717 -0.70710676908493042
vn -0.11349745094776154 0.69793862104415894 -0.70710676908493042
vn -0.19679713249206543 0.67916923761367798 -0.70710676908493042
vn -0.27722707390785217 0.65049606561660767 -0.70710676908493042
vn -0.47136354446411133 0.52708292007446289 -0.70710676908493042
vn -0.52146869897842407 0.47756713628768921 -0.70710676908493042
vn -0.60552746057510376 0.36515271663665771 -0.70710676908493042
vn -0.5663985013961792 0.42331162095069885 -0.70710676908493042
vn -0.6380271315574646 0.30483013391494751 -0.70710676908493042
vn -0.68480414152145386 0.17619107663631439 -0.70710676908493042
vn -0.66453564167022705 0.24164514243602753 -0.70710676908493042
vn -0.70592004060745239 0.040949780493974686 -0.70710676908493042
vn -0.69864225387573242 0.10908257961273193 -0.70710676908493042
vn -0.70656919479370117 -0.027567543089389801 -0.70710676908493042
vn -0.70058357715606689 -0.095825999975204468 -0.70710676908493042
vn -0.68801945447921753 -0.16318464279174805 -0.70710676908493042
vn -0.61233723163604736 -0.35361441969871521 -0.70710676908493042
vn -0.64194202423095703 -0.29649698734283447 -0.70710676908493042
vn -0.57136762142181396 -0.4165802001953125 -0.70710676908493042
vn -0.6689947247505188 -0.22901096940040588 -0.70710676908493042
vn -0.47756713628768921 -0.52146869897842407 -0.70710676908493042
vn -0.52708292007446289 -0.47136354446411133 -0.70710676908493042
vn -0.30483013391494751 -0.6380271315574646 -0.70710676908493042
vn -0.36515271663665771 -0.60552746057510376 -0.70710676908493042
vn -0.24164514243602753 -0.66453564167022705 -0.70710676908493042
vn -0.42331162095069885 -0.5663985013961792 -0.70710676908493042
vn -0.040949780493974686 -0.70592004060745239 -0.70710676908493042
vn -0.10908257961273193 -0.69864225387573242 -0.70710676908493042
vn 0.027567543089389801 -0.70656919479370117 -0.70710676908493042
vn 0.16318464279174805 -0.68801945447921753 -0.70710676908493042
vn 0.095825999975204468 -0.70058357715606689 -0.70710676908493042
vn 0.29649698734283447 -0.64194202423095703 -0.70710676908493042
vn 0.22901096940040588 -0.6689947247505188 -0.70710676908493042
vn -0.17619107663631439 -0.68480414152145386 -0.70710676908493042
vn 0.35361441969871521 -0.61233723163604736 -0.70710676908493042
vn 0.4165802001953125 -0.57136762142181396 -0.70710676908493042
vn 0.47136354446411133 -0.52708292007446289 -0.70710676908493042
vn 0.52146869897842407 -0.47756713628768921 -0.70710676908493042
vn 0.60552746057510376 -0.36515271663665771 -0.70710676908493042
vn 0.5663985013961792 -0.42331162095069885 -0.70710676908493042
vn 0.6380271315574646 -0.30483013391494751 -0.70710676908493042
vn 0.66453564167022705 -0.24164514243602753 -0.70710676908493042
vn 0.70592004060745239 -0.040949780493974686 -0.70710676908493042
vn 0.69864225387573242 -0.10908257961273193 -0.70710676908493042
vn 0.70656919479370117 0.027567543089389801 -0.70710676908493042
vn 0.68480414152145386 -0.17619107663631439 -0.70710676908493042
vn 0.70058357715606689 0.095825999975204468 -0.70710676908493042
vn 0.68801945447921753 0.16318464279174805 -0.70710676908493042
vn 0.64194202423095703 0.29649698734283447 -0.70710676908493042
vn 0.6689947247505188 0.22901096940040588 -0.70710676908493042
vn 0.57136762142181396 0.4165802001953125 -0.70710676908493042
vn 0.61233723163604736 0.35361441969871521 -0.70710676908493042
vn 0.52708292007446289 0.47136354446411133 -0.70710676908493042
vn 0.42331162095069885 0.5663985013961792 -0.70710676908493042
vn 0.47756713628768921 0.52146869897842407 -0.70710676908493042
vn 0.36515271663665771 0.60552746057510376 -0.70710676908493042
vn 0.24164514243602753 0.66453564167022705 -0.70710676908493042
vn 0.30483013391494751 0.6380271315574646 -0.70710676908493042
vn 0.17619107663631439 0.68480414152145386 -0.70710676908493042
vn -0.027567543089389801 0.70656919479370117 -0.70710676908493042
vn 0.040949780493974686 0.70592004060745239 -0.70710676908493042
vn -0.095825999975204468 0.70058357715606689 -0.70710676908493042
vn -0.29649698734283447 0.64194202423095703 -0.70710676908493042
vn -0.22901096940040588 0.6689947247505188 -0.70710676908493042
vn -0.16318464279174805 0.68801945447921753 -0.70710676908493042
vn 0.10908257961273193 0.69864225387573242 -0.70710676908493042
vn 1 9.918698196997866E-05 8.5430510807782412E-05
vn 1 9.918698196997866E-05 8.5430510807782412E-05
vn 1 9.918698196997866E-05 8.5430510807782412E-05
vn 1 9.9200507975183427E-05 8.5684856458101422E-05
vn 1 9.9200507975183427E-05 8.5684856458101422E-05
vn 1 9.923764446284622E-05 8.5920793935656548E-05
vn 1 9.923764446284622E-05 8.5920793935656548E-05
vn 1 9.9298078566789627E-05 8.6151863797567785E-05
vn 1 9.9298078566789627E-05 8.6151863797567785E-05
vn 1 9.9381199106574059E-05 8.637578139314428E-05
vn 1 9.9381199106574059E-05 8.637578139314428E-05
vn 1 9.9485616374295205E-05 8.6589279817417264E-05
vn 1 9.9485616374295205E-05 8.6589279817417264E-05
vn 1 9.9607619631569833E-05 8.6786982137709856E-05
vn 1 9.9607619631569833E-05 8.6786982137709856E-05
vn 1 9.9748198408633471E-05 8.6971951532177627E-05
vn 1 9.9748198408633471E-05 8.6971951532177627E-05
vn 1 9.9906013929285109E-05 8.7142441770993173E-05
vn 1 9.9906013929285109E-05 8.7142441770993173E-05
vn 1 0.00010007958917412907 8.7296859419438988E-05
vn 1 0.00010007958917412907 8.7296859419438988E-05
vn 1 0.00010026729432865977 8.7433749285992235E-05
vn 1 0.00010026729432865977 8.7433749285992235E-05
vn 1 0.00010046736861113459 8.7551830802112818E-05
vn 1 0.00010046736861113459 8.7551830802112818E-05
vn 1 0.00010067793482448906 8.7649998022243381E-05
vn 1 0.00010067793482448906 8.7649998022243381E-05
vn 1 0.00010089701390825212 8.7727319623809308E-05
vn 1 0.00010089701390825212 8.7727319623809308E-05
vn 1 0.00010112254676641896 8.7783075287006795E-05
vn 1 0.00010112254676641896 8.7783075287006795E-05
vn 1 0.00010136656055692583 8.7818065367173404E-05
vn 1 0.00010136656055692583 8.7818065367173404E-05
vn 1 0.0001015844609355554 8.782798977335915E-05
vn 1 0.0001015844609355554 8.782798977335915E-05
vn 1 0.00010183880658587441 8.7814463768154383E-05
vn 1 0.00010183880658587441 8.7814463768154383E-05
vn 1 0.00010207474406342953 8.777732728049159E-05
vn 1 0.00010207474406342953 8.777732728049159E-05
vn 1 0.00010230581392534077 8.7716893176548183E-05
vn 1 0.00010230581392534077 8.7716893176548183E-05
vn 1 0.00010252973152091727 8.7633779912721366E-05
vn 1 0.00010252973152091727 8.7633779912721366E-05
vn 1 0.00010274322994519025 8.7529362645000219E-05
vn 1 0.00010274322994519025 8.7529362645000219E-05
vn 1 0.00010294093226548284 8.7407352111767977E-05
vn 1 0.00010294093226548284 8.7407352111767977E-05
vn 1 0.00010312590165995061 8.7266780610661954E-05
vn 1 0.00010312590165995061 8.7266780610661954E-05
vn 1 0.00010329639189876616 8.7108965090010315E-05
vn 1 0.00010329639189876616 8.7108965090010315E-05
vn 1 0.00010345080954721197 8.6935389845166355E-05
vn 1 0.00010345080954721197 8.6935389845166355E-05
vn 1 0.00010358770668972284 8.6747677414678037E-05
vn 1 0.00010358770668972284 8.6747677414678037E-05
vn 1 0.00010370578820584342 8.6547603132203221E-05
vn 1 0.00010370578820584342 8.6547603132203221E-05
vn 1 0.00010380394815001637 8.6337036918848753E-05
vn 1 0.00010380394815001637 8.6337036918848753E-05
vn 1 0.00010388126975158229 8.6117965111043304E-05
vn 1 0.00010388126975158229 8.6117965111043304E-05
vn 1 0.00010393702541477978 8.5892432252876461E-05
vn 1 0.00010393702541477978 8.5892432252876461E-05
vn 1 0.000103972022770904 8.5648411186411977E-05
vn 1 0.000103972022770904 8.5648411186411977E-05
vn 1 0.00010398193990113214 8.5430510807782412E-05
vn 1 0.00010398193990113214 8.5430510807782412E-05
vn 1 0.00010396841389592737 8.5176165157463402E-05
vn 1 0.00010396841389592737 8.5176165157463402E-05
vn 1 0.00010393127740826458 8.4940227679908276E-05
vn 1 0.00010393127740826458 8.4940227679908276E-05
vn 1 0.00010387085058027878 8.4709157817997038E-05
vn 1 0.00010387085058027878 8.4709157817997038E-05
vn 1 0.00010378773004049435 8.4485240222420543E-05
vn 1 0.00010378773004049435 8.4485240222420543E-05
vn 1 0.00010368331277277321 8.4271741798147559E-05
vn 1 0.00010368331277277321 8.4271741798147559E-05
vn 1 0.00010356130223954096 8.4074039477854967E-05
vn 1 0.00010356130223954096 8.4074039477854967E-05
vn 1 0.00010342073073843494 8.3889070083387196E-05
vn 1 0.00010342073073843494 8.3889070083387196E-05
vn 1 0.0001032629152177833 8.371857984457165E-05
vn 1 0.0001032629152177833 8.371857984457165E-05
vn 1 0.00010308933997293934 8.3564162196125835E-05
vn 1 0.00010308933997293934 8.3564162196125835E-05
vn 1 0.00010290163481840864 8.3427265053614974E-05
vn 1 0.00010290163481840864 8.3427265053614974E-05
vn 1 0.00010270155325997621 8.3309183537494391E-05
vn 1 0.00010270155325997621 8.3309183537494391E-05
vn 1 0.00010249099432257935 8.3211023593321443E-05
vn 1 0.00010249099432257935 8.3211023593321443E-05
vn 1 0.00010227191523881629 8.3133701991755515E-05
vn 1 0.00010227191523881629 8.3133701991755515E-05
vn 1 0.00010204638238064945 8.3077946328558028E-05
vn 1 0.00010204638238064945 8.3077946328558028E-05
vn 1 0.00010180236131418496 8.3042948972433805E-05
vn 1 0.00010180236131418496 8.3042948972433805E-05
vn 1 0.0001015844609355554 8.3033031842205673E-05
vn 1 0.0001015844609355554 8.3033031842205673E-05
vn 1 0.000101330122561194 8.304655784741044E-05
vn 1 0.000101330122561194 8.304655784741044E-05
vn 1 0.00010109417780768126 8.3083694335073233E-05
vn 1 0.00010109417780768126 8.3083694335073233E-05
vn 1 0.00010086310794577003 8.3144121163059026E-05
vn 1 0.00010086310794577003 8.3144121163059026E-05
vn 1 0.00010063919762615114 8.3227241702843457E-05
vn 1 0.00010063919762615114 8.3227241702843457E-05
vn 1 0.00010042569192592055 8.3331658970564604E-05
vn 1 0.00010042569192592055 8.3331658970564604E-05
vn 1 0.00010022798960562795 8.3453669503796846E-05
vn 1 0.00010022798960562795 8.3453669503796846E-05
vn 1 0.00010004302021116018 8.3594241004902869E-05
vn 1 0.00010004302021116018 8.3594241004902869E-05
vn 1 9.9872529972344637E-05 8.3752056525554508E-05
vn 1 9.9872529972344637E-05 8.3752056525554508E-05
vn 1 9.9718112323898822E-05 8.3925631770398468E-05
vn 1 9.9718112323898822E-05 8.3925631770398468E-05
vn 1 9.9581222457345575E-05 8.4113344200886786E-05
vn 1 9.9581222457345575E-05 8.4113344200886786E-05
vn 1 9.9463140941224992E-05 8.4313418483361602E-05
vn 1 9.9463140941224992E-05 8.4313418483361602E-05
vn 1 9.9364973721094429E-05 8.452398469671607E-05
vn 1 9.9364973721094429E-05 8.452398469671607E-05
vn 1 9.9287652119528502E-05 8.4743056504521519E-05
vn 1 9.9287652119528502E-05 8.4743056504521519E-05
vn 1 9.9231903732288629E-05 8.4968589362688363E-05
vn 1 9.9231903732288629E-05 8.4968589362688363E-05
vn 1 9.9196906376164407E-05 8.5212610429152846E-05
vn 1 9.9196906376164407E-05 8.5212610429152846E-05
vn 1 9.918698196997866E-05 8.5430510807782412E-05
vn 1 9.918698196997866E-05 8.5430510807782412E-05
vn 1 9.918698196997866E-05 8.5430510807782412E-05
vn 1 9.9194563517812639E-05 8.5620988102164119E-05
vn 1 9.9217249953653663E-05 8.5810264863539487E-05
vn 1 9.9254903034307063E-05 8.5997140558902174E-05
vn 1 9.9307289929129183E-05 8.6180436483118683E-05
vn 1 9.9374068668112159E-05 8.6358988482970744E-05
vn 1 9.9454824521671981E-05 8.653166878502816E-05
vn 1 9.9549040896818042E-05 8.6697385995648801E-05
vn 1 9.9656128440983593E-05 8.6855092376936227E-05
vn 1 9.9775410490110517E-05 8.7003798398654908E-05
vn 1 9.9906123068649322E-05 8.7142558186315E-05
vn 1 0.00010004745126934722 8.7270484073087573E-05
vn 1 0.00010019850014941767 8.7386790255550295E-05
vn 1 0.00010035830928245559 8.7490720034111291E-05
vn 1 0.00010052586731035262 8.7581625848542899E-05
vn 1 0.0001007001192192547 8.7658925622235984E-05
vn 1 0.00010087995906360447 8.7722146417945623E-05
vn 1 0.00010106425906997174 8.777087350608781E-05
vn 1 0.00010125184780918062 8.7804808572400361E-05
vn 1 0.00010144153930013999 8.7823726062197238E-05
vn 1 0.00010163213300984353 8.7827516836114228E-05
vn 1 0.00010182242112932727 8.7816151790320873E-05
vn 1 0.00010201121040154248 8.7789703684393317E-05
vn 1 0.00010219730029348284 8.7748339865356684E-05
vn 1 0.00010237951210001484 8.7692322267685086E-05
vn 1 0.00010255670349579304 8.7622007413301617E-05
vn 1 0.00010272773943142965 8.7537839135620743E-05
vn 1 0.00010289155761711299 8.7440341303590685E-05
vn 1 0.00010304710303898901 8.7330139649566263E-05
vn 1 0.00010319340799469501 8.7207925389520824E-05
vn 1 0.00010332954116165638 8.7074477050919086E-05
vn 1 0.00010345463670091704 8.6930631368886679E-05
vn 1 0.00010356790880905464 8.6777305114082992E-05
vn 1 0.00010366864444222301 8.661546598887071E-05
vn 1 0.00010375619604019448 8.6446132627315819E-05
vn 1 0.0001038300251821056 8.6270374595187604E-05
vn 1 0.00010388965165475383 8.608931238995865E-05
vn 1 0.00010393470438430086 8.5904081061016768E-05
vn 1 0.00010396489960839972 8.5715852037537843E-05
vn 1 0.00010398004815215245 8.5525825852528214E-05
vn 1 0.00010398004815215245 8.5335195763036609E-05
vn 1 0.00010396489960839972 8.514516957802698E-05
vn 1 0.00010393470438430086 8.4956940554548055E-05
vn 1 0.00010388965165475383 8.4771709225606173E-05
vn 1 0.0001038300251821056 8.4590647020377219E-05
vn 1 0.00010375619604019448 8.4414888988249004E-05
vn 1 0.00010366864444222301 8.4245555626694113E-05
vn 1 0.00010356790880905464 8.4083716501481831E-05
vn 1 0.00010345463670091704 8.3930390246678144E-05
vn 1 0.00010332954116165638 8.3786544564645737E-05
vn 1 0.00010319340799469501 8.3653096226043999E-05
vn 1 0.00010304710303898901 8.353088196599856E-05
vn 1 0.00010289155761711299 8.3420680311974138E-05
vn 1 0.00010272774670738727 8.332318247994408E-05
vn 1 0.00010255670349579304 8.3239014202263206E-05
vn 1 0.00010237951210001484 8.3168692071922123E-05
vn 1 0.00010219730029348284 8.3112681750208139E-05
vn 1 0.00010201121040154248 8.3071317931171507E-05
vn 1 0.00010182242112932727 8.304486982524395E-05
vn 1 0.00010163213300984353 8.3033504779450595E-05
vn 1 0.00010144153930013999 8.3037295553367585E-05
vn 1 0.00010125184780918062 8.3056213043164462E-05
vn 1 0.00010106425906997174 8.3090148109477013E-05
vn 1 0.00010087995906360447 8.31388751976192E-05
vn 1 0.0001007001192192547 8.3202088717371225E-05
vn 1 0.00010052586731035262 8.3279395767021924E-05
vn 1 0.00010035830928245559 8.3370301581453532E-05
vn 1 0.00010019850014941767 8.3474231360014528E-05
vn 1 0.00010004745126934722 8.3590530266519636E-05
vn 1 9.9906123068649322E-05 8.3718463429249823E-05
vn 1 9.9775410490110517E-05 8.3857223216909915E-05
vn 1 9.9656128440983593E-05 8.4005921962670982E-05
vn 1 9.9549040896818042E-05 8.4163635619916022E-05
vn 1 9.9454824521671981E-05 8.4329352830536664E-05
vn 1 9.9374068668112159E-05 8.4502033132594079E-05
vn 1 9.9307289929129183E-05 8.468058513244614E-05
vn 1 9.9254903034307063E-05 8.4863881056662649E-05
vn 1 9.9217249953653663E-05 8.5050756752025336E-05
vn 1 9.9194563517812639E-05 8.5240033513400704E-05
vn 1 9.9200507975183427E-05 8.5684856458101422E-05
vn 1 9.9190365290269256E-05 8.5557861893903464E-05
vn 1 9.918698196997866E-05 8.5430510807782412E-05
vn 1 9.9190365290269256E-05 8.5557861893903464E-05
vn 1 9.923764446284622E-05 8.5920793935656548E-05
vn 1 9.9216136732138693E-05 8.5803287220187485E-05
vn 1 9.9216136732138693E-05 8.5803287220187485E-05
vn 1 9.9298078566789627E-05 8.6151863797567785E-05
vn 1 9.9264980235602707E-05 8.6037078290246427E-05
vn 1 9.9264980235602707E-05 8.6037078290246427E-05
vn 1 9.9381199106574059E-05 8.637578139314428E-05
vn 1 9.9336844868957996E-05 8.6264859419316053E-05
vn 1 9.9336844868957996E-05 8.6264859419316053E-05
vn 1 9.9485616374295205E-05 8.6589279817417264E-05
vn 1 9.9430755653884262E-05 8.6483822087757289E-05
vn 1 9.9430755653884262E-05 8.6483822087757289E-05
vn 1 9.9607619631569833E-05 8.6786982137709856E-05
vn 1 9.9544224212877452E-05 8.6689607996959239E-05
vn 1 9.9544224212877452E-05 8.6689607996959239E-05
vn 1 9.9748198408633471E-05 8.6971951532177627E-05
vn 1 9.9675664387177676E-05 8.688116940902546E-05
vn 1 9.9675664387177676E-05 8.688116940902546E-05
vn 1 9.9906013929285109E-05 8.7142441770993173E-05
vn 1 9.9825039796996862E-05 8.705911022843793E-05
vn 1 9.9825039796996862E-05 8.705911022843793E-05
vn 1 0.00010007958917412907 8.7296859419438988E-05
vn 1 9.999092435464263E-05 8.7221756984945387E-05
vn 1 9.999092435464263E-05 8.7221756984945387E-05
vn 1 0.00010026729432865977 8.7433749285992235E-05
vn 1 0.00010017178283305839 8.7367581727448851E-05
vn 1 0.00010017178283305839 8.7367581727448851E-05
vn 1 0.00010046736861113459 8.7551830802112818E-05
vn 1 0.00010036589810624719 8.7495216575916857E-05
vn 1 0.00010036589810624719 8.7495216575916857E-05
vn 1 0.00010067793482448906 8.7649998022243381E-05
vn 1 0.0001005714584607631 8.7603468273300678E-05
vn 1 0.0001005714584607631 8.7603468273300678E-05
vn 1 0.00010089701390825212 8.7727319623809308E-05
vn 1 0.00010078653576783836 8.7691310909576714E-05
vn 1 0.00010078653576783836 8.7691310909576714E-05
vn 1 0.00010112254676641896 8.7783075287006795E-05
vn 1 0.00010100910003529862 8.7757929577492177E-05
vn 1 0.00010100910003529862 8.7757929577492177E-05
vn 1 0.00010136656055692583 8.7818065367173404E-05
vn 1 0.00010124409891432151 8.780370990280062E-05
vn 1 0.00010124409891432151 8.780370990280062E-05
vn 1 0.0001015844609355554 8.782798977335915E-05
vn 1 0.0001014754016068764 8.7825508671812713E-05
vn 1 0.0001014754016068764 8.7825508671812713E-05
vn 1 0.00010183880658587441 8.7814463768154383E-05
vn 1 0.00010171181202167645 8.7824606453068554E-05
vn 1 0.00010171181202167645 8.7824606453068554E-05
vn 1 0.00010207474406342953 8.777732728049159E-05
vn 1 0.00010195723734796047 8.7798835011199117E-05
vn 1 0.00010195723734796047 8.7798835011199117E-05
vn 1 0.00010230581392534077 8.7716893176548183E-05
vn 1 0.00010219103569397703 8.7749991507735103E-05
vn 1 0.00010219103569397703 8.7749991507735103E-05
vn 1 0.00010252973152091727 8.7633779912721366E-05
vn 1 0.00010241880954708904 8.7678126874379814E-05
vn 1 0.00010241880954708904 8.7678126874379814E-05
vn 1 0.00010274322994519025 8.7529362645000219E-05
vn 1 0.00010263777221553028 8.7584216089453548E-05
vn 1 0.00010263777221553028 8.7584216089453548E-05
vn 1 0.00010294093226548284 8.7407352111767977E-05
vn 1 0.00010284355812473223 8.7470754806417972E-05
vn 1 0.00010284355812473223 8.7470754806417972E-05
vn 1 0.00010312590165995061 8.7266780610661954E-05
vn 1 0.00010303511953679845 8.7339307356160134E-05
vn 1 0.00010303511953679845 8.7339307356160134E-05
vn 1 0.00010329639189876616 8.7108965090010315E-05
vn 1 0.00010321306035621092 8.7189939222298563E-05
vn 1 0.00010321306035621092 8.7189939222298563E-05
vn 1 0.00010345080954721197 8.6935389845166355E-05
vn 1 0.00010337570711271837 8.702404738869518E-05
vn 1 0.00010337570711271837 8.702404738869518E-05
vn 1 0.00010358770668972284 8.6747677414678037E-05
vn 1 0.00010352153185522184 8.6843188910279423E-05
vn 1 0.00010352153185522184 8.6843188910279423E-05
vn 1 0.00010370578820584342 8.6547603132203221E-05
vn 1 0.00010364917397964746 8.6649073637090623E-05
vn 1 0.00010364917397964746 8.6649073637090623E-05
vn 1 0.00010380394815001637 8.6337036918848753E-05
vn 1 0.00010375741840107366 8.6443513282574713E-05
vn 1 0.00010375741840107366 8.6443513282574713E-05
vn 1 0.00010388126975158229 8.6117965111043304E-05
vn 1 0.0001038452610373497 8.6228435975499451E-05
vn 1 0.0001038452610373497 8.6228435975499451E-05
vn 1 0.00010393702541477978 8.5892432252876461E-05
vn 1 0.00010391187970526516 8.6005871708039194E-05
vn 1 0.00010391187970526516 8.6005871708039194E-05
vn 1 0.000103972022770904 8.5648411186411977E-05
vn 1 0.00010395766003057361 8.5770872829016298E-05
vn 1 0.00010395766003057361 8.5770872829016298E-05
vn 1 0.00010398193990113214 8.5430510807782412E-05
vn 1 0.0001039794587995857 8.5539577412419021E-05
vn 1 0.0001039794587995857 8.5539577412419021E-05
vn 1 0.00010396841389592737 8.5176165157463402E-05
vn 1 0.00010397855658084154 8.5303159721661359E-05
vn 1 0.00010397855658084154 8.5303159721661359E-05
vn 1 0.00010393127740826458 8.4940227679908276E-05
vn 1 0.0001039527851389721 8.5057734395377338E-05
vn 1 0.0001039527851389721 8.5057734395377338E-05
vn 1 0.00010387085058027878 8.4709157817997038E-05
vn 1 0.00010390394163550809 8.4823936049360782E-05
vn 1 0.00010390394163550809 8.4823936049360782E-05
vn 1 0.00010378773004049435 8.4485240222420543E-05
vn 1 0.0001038320770021528 8.459616219624877E-05
vn 1 0.0001038320770021528 8.459616219624877E-05
vn 1 0.00010368331277277321 8.4271741798147559E-05
vn 1 0.00010373816621722654 8.4377199527807534E-05
vn 1 0.00010373816621722654 8.4377199527807534E-05
vn 1 0.00010356130223954096 8.4074039477854967E-05
vn 1 0.00010362470493419096 8.4171413618605584E-05
vn 1 0.00010362470493419096 8.4171413618605584E-05
vn 1 0.00010342073073843494 8.3889070083387196E-05
vn 1 0.00010349325748393312 8.3979852206539363E-05
vn 1 0.00010349325748393312 8.3979852206539363E-05
vn 1 0.0001032629152177833 8.371857984457165E-05
vn 1 0.00010334388935007155 8.3801911387126893E-05
vn 1 0.00010334388935007155 8.3801911387126893E-05
vn 1 0.00010308933997293934 8.3564162196125835E-05
vn 1 0.00010317799751646817 8.3639264630619437E-05
vn 1 0.00010317799751646817 8.3639264630619437E-05
vn 1 0.00010290163481840864 8.3427265053614974E-05
vn 1 0.00010299714631401002 8.3493439888115972E-05
vn 1 0.00010299714631401002 8.3493439888115972E-05
vn 1 0.00010270155325997621 8.3309183537494391E-05
vn 1 0.00010280302376486361 8.3365805039647967E-05
vn 1 0.00010280302376486361 8.3365805039647967E-05
vn 1 0.00010249099432257935 8.3211023593321443E-05
vn 1 0.0001025974634103477 8.3257553342264146E-05
vn 1 0.0001025974634103477 8.3257553342264146E-05
vn 1 0.00010227191523881629 8.3133701991755515E-05
vn 1 0.00010238239337923005 8.3169710705988109E-05
vn 1 0.00010238239337923005 8.3169710705988109E-05
vn 1 0.00010204638238064945 8.3077946328558028E-05
vn 1 0.00010215982183581218 8.3103092038072646E-05
vn 1 0.00010215982183581218 8.3103092038072646E-05
vn 1 0.00010180236131418496 8.3042948972433805E-05
vn 1 0.00010192482295678928 8.3057311712764204E-05
vn 1 0.00010192482295678928 8.3057311712764204E-05
vn 1 0.0001015844609355554 8.3033031842205673E-05
vn 1 0.00010169352754019201 8.303551294375211E-05
vn 1 0.00010169352754019201 8.303551294375211E-05
vn 1 0.000101330122561194 8.304655784741044E-05
vn 1 0.00010145710984943435 8.3036415162496269E-05
vn 1 0.00010145710984943435 8.3036415162496269E-05
vn 1 0.00010109417780768126 8.3083694335073233E-05
vn 1 0.00010121168452315032 8.3062186604365706E-05
vn 1 0.00010121168452315032 8.3062186604365706E-05
vn 1 0.00010086310794577003 8.3144121163059026E-05
vn 1 0.00010097789345309138 8.311103010782972E-05
vn 1 0.00010097789345309138 8.311103010782972E-05
vn 1 0.00010063919762615114 8.3227241702843457E-05
vn 1 0.00010075011232402176 8.3182894741185009E-05
vn 1 0.00010075011232402176 8.3182894741185009E-05
vn 1 0.00010042569192592055 8.3331658970564604E-05
vn 1 0.00010053114965558052 8.3276805526111275E-05
vn 1 0.00010053114965558052 8.3276805526111275E-05
vn 1 0.00010022798960562795 8.3453669503796846E-05
vn 1 0.00010032536374637857 8.3390266809146851E-05
vn 1 0.00010032536374637857 8.3390266809146851E-05
vn 1 0.00010004302021116018 8.3594241004902869E-05
vn 1 0.00010013380233431235 8.3521714259404689E-05
vn 1 0.00010013380233431235 8.3521714259404689E-05
vn 1 9.9872529972344637E-05 8.3752056525554508E-05
vn 1 9.995586151489988E-05 8.3671082393266261E-05
vn 1 9.995586151489988E-05 8.3671082393266261E-05
vn 1 9.9718112323898822E-05 8.3925631770398468E-05
vn 1 9.9793214758392423E-05 8.3836974226869643E-05
vn 1 9.9793214758392423E-05 8.3836974226869643E-05
vn 1 9.9581222457345575E-05 8.4113344200886786E-05
vn 1 9.9647390015888959E-05 8.4017825429327786E-05
vn 1 9.9647390015888959E-05 8.4017825429327786E-05
vn 1 9.9463140941224992E-05 8.4313418483361602E-05
vn 1 9.9519755167420954E-05 8.42119479784742E-05
vn 1 9.9519755167420954E-05 8.42119479784742E-05
vn 1 9.9364973721094429E-05 8.452398469671607E-05
vn 1 9.9411503470037133E-05 8.441750833299011E-05
vn 1 9.9411503470037133E-05 8.441750833299011E-05
vn 1 9.9287652119528502E-05 8.4743056504521519E-05
vn 1 9.9323660833761096E-05 8.4632585640065372E-05
vn 1 9.9323660833761096E-05 8.4632585640065372E-05
vn 1 9.9231903732288629E-05 8.4968589362688363E-05
vn 1 9.9257042165845633E-05 8.4855149907525629E-05
vn 1 9.9257042165845633E-05 8.4855149907525629E-05
vn 1 9.9196906376164407E-05 8.5212610429152846E-05
vn 1 9.921126184053719E-05 8.5090148786548525E-05
vn 1 9.921126184053719E-05 8.5090148786548525E-05
vn 1 9.918698196997866E-05 8.5430510807782412E-05
vn 1 9.9189463071525097E-05 8.5321444203145802E-05
vn 1 9.9189463071525097E-05 8.5321444203145802E-05
vn -0.13933421671390533 -0.99024540185928345 -1.1911834917555097E-05
vn -0.13933421671390533 -0.99024540185928345 -1.1911834917555097E-05
vn -0.13953539729118347 0.99021708965301514 -1.1912137779290788E-05
vn -0.13935020565986633 -1.4155967619444709E-05 -0.99024313688278198
vn -0.13933421671390533 -0.99024540185928345 -1.1911834917555097E-05
vn -0.13933421671390533 -0.99024540185928345 -1.1911834917555097E-05
vn -0.13934166729450226 -0.98675704002380371 0.083032771944999695
vn -0.13934977352619171 -0.97631651163101196 0.16549235582351685
vn -0.13935847580432892 -0.95899736881256104 0.24678587913513184
vn -0.1393677145242691 -0.93492162227630615 0.32634055614471436
vn -0.13937743008136749 -0.90425896644592285 0.40359589457511902
vn -0.13938754796981812 -0.86722534894943237 0.47800761461257935
vn -0.139397993683815 -0.82408177852630615 0.54905140399932861
vn -0.13940870761871338 -0.77513217926025391 0.6162266731262207
vn -0.13932788372039795 -0.98719286918640137 -0.077704563736915588
vn -0.13932222127914429 -0.97805404663085938 -0.15491820871829987
vn -0.13931724429130554 -0.96288526058197021 -0.23117680847644806
vn -0.1393129974603653 -0.94178003072738647 -0.30601018667221069
vn -0.13930949568748474 -0.91486853361129761 -0.37895700335502625
vn -0.13930676877498627 -0.88231664896011353 -0.44956749677658081
vn -0.13930483162403107 -0.84432506561279297 -0.51740634441375732
vn -0.13930369913578033 -0.801128089427948 -0.58205521106719971
vn -0.13930337131023407 -0.75299191474914551 -0.64311563968658447
vn -0.13930386304855347 -0.70021337270736694 -0.70021116733551025
vn -0.13930514454841614 -0.64311790466308594 -0.75298964977264404
vn -0.13930724561214447 -0.58205747604370117 -0.80112582445144653
vn -0.13931012153625488 -0.51740854978561401 -0.84432286024093628
vn -0.13931375741958618 -0.44956973195075989 -0.88231444358825684
vn -0.13931815326213837 -0.37895923852920532 -0.91486626863479614
vn -0.13932326436042786 -0.30601245164871216 -0.94177776575088501
vn -0.13932906091213226 -0.23117904365062714 -0.96288299560546875
vn -0.1393355131149292 -0.15492045879364014 -0.97805178165435791
vn -0.13934257626533508 -0.077706806361675262 -0.9871906042098999
vn -0.13935835659503937 0.077678494155406952 -0.9871906042098999
vn -0.13936698436737061 0.15489214658737183 -0.97805178165435791
vn -0.13937602937221527 0.23115073144435883 -0.96288299560546875
vn -0.13938543200492859 0.30598413944244385 -0.94177776575088501
vn -0.13939514756202698 0.37893092632293701 -0.91486626863479614
vn -0.13940510153770447 0.44954141974449158 -0.88231444358825684
vn -0.13941523432731628 0.5173802375793457 -0.84432286024093628
vn -0.13942548632621765 0.58202916383743286 -0.80112582445144653
vn -0.13943581283092499 0.64308959245681763 -0.75298964977264404
vn -0.13944610953330994 0.70018506050109863 -0.70021116733551025
vn -0.1394563615322113 0.7529636025428772 -0.64311563968658447
vn -0.13946646451950073 0.80109977722167969 -0.58205521106719971
vn -0.13947637379169464 0.84429675340652466 -0.51740634441375732
vn -0.13948602974414825 0.88228833675384521 -0.44956749677658081
vn -0.1394953727722168 0.9148402214050293 -0.37895700335502625
vn -0.1395043283700943 0.94175171852111816 -0.30601018667221069
vn -0.13951286673545837 0.96285688877105713 -0.23117680847644806
vn -0.13952092826366425 0.97802567481994629 -0.15491820871829987
vn -0.13952845335006714 0.98716455698013306 -0.077704563736915588
vn -0.13954173028469086 0.98716455698013306 0.077680736780166626
vn -0.13954739272594452 0.97802567481994629 0.1548943817615509
vn -0.13955236971378326 0.96285688877105713 0.2311529815196991
vn -0.13955661654472351 0.94175171852111816 0.30598637461662292
vn -0.13956011831760406 0.9148402214050293 0.37893319129943848
vn -0.13956284523010254 0.88228833675384521 0.44954365491867065
vn -0.13956478238105774 0.84429675340652466 0.51738250255584717
vn -0.13956591486930847 0.80109971761703491 0.58203142881393433
vn -0.13956624269485474 0.7529636025428772 0.64309185743331909
vn -0.13956575095653534 0.70018506050109863 0.7001873254776001
vn -0.13956445455551147 0.64308959245681763 0.75296580791473389
vn -0.13956236839294434 0.58202916383743286 0.80110198259353638
vn -0.13955949246883392 0.5173802375793457 0.84429901838302612
vn -0.13955584168434143 0.44954141974449158 0.88229060173034668
vn -0.13955146074295044 0.37893092632293701 0.91484248638153076
vn -0.13954634964466095 0.30598410964012146 0.94175398349761963
vn -0.13954055309295654 0.23115071654319763 0.96285915374755859
vn -0.13953410089015961 0.15489211678504944 0.97802793979644775
vn -0.13952703773975372 0.077678471803665161 0.98716676235198975
vn -0.13951940834522247 -1.4172852388583124E-05 0.9902193546295166
vn -0.13951124250888824 -0.077706821262836456 0.98716676235198975
vn -0.1395026296377182 -0.15492047369480133 0.97802793979644775
vn -0.13949358463287354 -0.23117907345294952 0.96285915374755859
vn -0.13948418200016022 -0.30601245164871216 0.94175398349761963
vn -0.13947446644306183 -0.37895926833152771 0.91484248638153076
vn -0.13946451246738434 -0.44956976175308228 0.88229060173034668
vn -0.13945437967777252 -0.51740854978561401 0.84429901838302612
vn -0.13944411277770996 -0.58205747604370117 0.80110198259353638
vn -0.13943380117416382 -0.64311790466308594 0.75296580791473389
vn -0.13942348957061768 -0.70021337270736694 0.7001873254776001
vn -0.1394132524728775 -0.75299191474914551 0.64309185743331909
vn -0.13940314948558807 -0.801128089427948 0.58203142881393433
vn -0.13939324021339417 -0.84432512521743774 0.51738250255584717
vn -0.13938358426094055 -0.88231664896011353 0.44954365491867065
vn -0.13937424123287201 -0.91486853361129761 0.37893319129943848
vn -0.13936527073383331 -0.94178003072738647 0.30598637461662292
vn -0.13935674726963043 -0.96288526058197021 0.2311529815196991
vn -0.13934868574142456 -0.97805404663085938 0.1548943817615509
vn -0.13934116065502167 -0.98719286918640137 0.077680736780166626
vn -0.13940702378749847 -0.78316408395767212 0.60598653554916382
vn -0.13941521942615509 -0.74318277835845947 0.65440255403518677
vn -0.13942348957061768 -0.70021337270736694 0.7001873254776001
vn -0.13943019509315491 -0.66355568170547485 0.73501908779144287
vn -0.13943690061569214 -0.62519317865371704 0.7679133415222168
vn -0.13944360613822937 -0.58520245552062988 0.79880756139755249
vn -0.13945028185844421 -0.54366028308868408 0.82763952016830444
vn -0.13945692777633667 -0.50070041418075562 0.85431307554244995
vn -0.13946351408958435 -0.45646411180496216 0.87874364852905273
vn -0.13947001099586487 -0.4110390841960907 0.90088564157485962
vn -0.13947643339633942 -0.36451306939125061 0.92069351673126221
vn -0.1394822746515274 -0.32065525650978088 0.93686974048614502
vn -0.13948799669742584 -0.27615779638290405 0.95093637704849243
vn -0.13949358463287354 -0.23109699785709381 0.96287888288497925
vn -0.13949905335903168 -0.18554918467998505 0.9726826548576355
vn -0.13950437307357788 -0.13959066569805145 0.98033308982849121
vn -0.13950954377651215 -0.093297772109508514 0.98581570386886597
vn -0.13951456546783447 -0.046746838837862015 0.98911595344543457
vn -0.13951940834522247 -1.4172852388583124E-05 0.9902193546295166
vn -0.13952405750751495 0.046718679368495941 0.98911595344543457
vn -0.13952849805355072 0.093269750475883484 0.98581570386886597
vn -0.13953272998332977 0.13956271111965179 0.98033303022384644
vn -0.13953675329685211 0.18552125990390778 0.97268253564834595
vn -0.13954053819179535 0.23106904327869415 0.9628787636756897
vn -0.13954409956932068 0.27612975239753723 0.95093625783920288
vn -0.13954742252826691 0.32062709331512451 0.93686968088150024
vn -0.13955049216747284 0.36448469758033752 0.92069351673126221
vn -0.13955351710319519 0.41101092100143433 0.90088558197021484
vn -0.13955624401569366 0.45643603801727295 0.87874352931976318
vn -0.13955865800380707 0.50067239999771118 0.85431289672851563
vn -0.13956074416637421 0.54363226890563965 0.82763928174972534
vn -0.13956248760223389 0.58517444133758545 0.79880732297897339
vn -0.1395639181137085 0.62516504526138306 0.7679131031036377
vn -0.13956500589847565 0.66352748870849609 0.73501896858215332
vn -0.13956575095653534 0.70018506050109863 0.7001873254776001
vn -0.13956621289253235 0.74315822124481201 0.65439832210540771
vn -0.13956613838672638 0.78314268589019775 0.60597759485244751
vn -0.13940785825252533 -0.77920860052108765 0.61106413602828979
vn -0.13956616818904877 0.77918273210525513 0.61106103658676147
vn -0.13956619799137115 0.77510148286819458 0.6162295937538147
vn -0.13956533372402191 0.82710975408554077 0.54443633556365967
vn -0.13956344127655029 0.87248867750167847 0.46827933192253113
vn -0.1395605206489563 0.91087454557418823 0.38836899399757385
vn -0.13955658674240112 0.94195961952209473 0.30534577369689941
vn -0.13955166935920715 0.96549481153488159 0.21987515687942505
vn -0.13954582810401917 0.98129153251647949 0.13264213502407074
vn -0.13953909277915955 0.98922306299209595 0.044345896691083908
vn -0.13953150808811188 0.98922592401504517 -0.044305868446826935
vn -0.13952316343784332 0.98130005598068237 -0.13260261714458466
vn -0.13951410353183746 0.96550899744033813 -0.21983665227890015
vn -0.13950441777706146 0.94197934865951538 -0.30530881881713867
vn -0.1394941657781601 0.9108995795249939 -0.3883340060710907
vn -0.13948343694210052 0.87251889705657959 -0.46824684739112854
vn -0.13947232067584991 0.82714492082595825 -0.54440677165985107
vn -0.13946090638637543 0.77514129877090454 -0.6162034273147583
vn -0.13946260511875153 0.78318291902542114 -0.60594940185546875
vn -0.13945439457893372 0.74317997694015503 -0.65439748764038086
vn -0.13944610953330994 0.70018506050109863 -0.70021116733551025
vn -0.1394394189119339 0.66352748870849609 -0.73504281044006348
vn -0.13943271338939667 0.62516510486602783 -0.76793694496154785
vn -0.13942600786685944 0.58517450094223022 -0.79883116483688354
vn -0.1394193172454834 0.54363232851028442 -0.82766306400299072
vn -0.13941268622875214 0.50067245960235596 -0.85433667898178101
vn -0.13940609991550446 0.45643609762191772 -0.87876731157302856
vn -0.13939958810806274 0.41101095080375671 -0.900909423828125
vn -0.13939318060874939 0.36448472738265991 -0.92071735858917236
vn -0.1393873393535614 0.3206271231174469 -0.9368935227394104
vn -0.13938161730766296 0.27612978219985962 -0.95096009969711304
vn -0.13937601447105408 0.23106908798217773 -0.96290260553359985
vn -0.13937056064605713 0.18552130460739136 -0.9727063775062561
vn -0.13936522603034973 0.13956277072429657 -0.98035687208175659
vn -0.13936005532741547 0.093269795179367065 -0.98583948612213135
vn -0.13935504853725433 0.046718712896108627 -0.98913979530334473
vn -0.13935020565986633 -1.4155967619444709E-05 -0.99024313688278198
vn -0.13934555649757385 -0.046746805310249329 -0.98913979530334473
vn -0.13934111595153809 -0.09329773485660553 -0.98583954572677612
vn -0.13933686912059784 -0.13959062099456787 -0.98035693168640137
vn -0.13933286070823669 -0.18554913997650146 -0.97270649671554565
vn -0.13932907581329346 -0.23109695315361023 -0.9629027247428894
vn -0.13932551443576813 -0.27615776658058167 -0.95096021890640259
vn -0.1393221914768219 -0.3206552267074585 -0.93689358234405518
vn -0.13931912183761597 -0.36451303958892822 -0.92071735858917236
vn -0.13931608200073242 -0.41103905439376831 -0.90090948343276978
vn -0.13931336998939514 -0.45646405220031738 -0.87876749038696289
vn -0.13931095600128174 -0.50070035457611084 -0.85433691740036011
vn -0.1393088698387146 -0.54366022348403931 -0.8276633620262146
vn -0.13930711150169373 -0.58520239591598511 -0.79883140325546265
vn -0.13930569589138031 -0.62519311904907227 -0.76793718338012695
vn -0.13930460810661316 -0.66355568170547485 -0.73504292964935303
vn -0.13930386304855347 -0.70021337270736694 -0.70021116733551025
vn -0.13930340111255646 -0.74318474531173706 -0.65442419052124023
vn -0.13930347561836243 -0.78316771984100342 -0.60600566864013672
vn -0.13946177065372467 0.77922272682189941 -0.61103379726409912
vn -0.13930344581604004 -0.77921241521835327 -0.61108309030532837
vn -0.13930341601371765 -0.77513617277145386 -0.61624550819396973
vn -0.13930419087409973 -0.82408487796783447 -0.54907053709030151
vn -0.13930587470531464 -0.86722767353057861 -0.47802719473838806
vn -0.13930846750736237 -0.90426057577133179 -0.4036160409450531
vn -0.13931195437908173 -0.93492269515991211 -0.32636135816574097
vn -0.13931630551815033 -0.95899796485900879 -0.24680736660957336
vn -0.13932149112224579 -0.97631675004959106 -0.16551460325717926
vn -0.13932746648788452 -0.98675709962844849 -0.083055794239044189
vn -1 -0.00010774423572001979 -8.5430510807782412E-05
vn -1 -0.00010774423572001979 -8.5430510807782412E-05
vn -1 -0.00010774423572001979 -8.5430510807782412E-05
vn -1 -0.0001015844609355554 -7.9270736023318022E-05
vn -1 -9.5424686151091009E-05 -8.5430510807782412E-05
vn -1 -9.5424686151091009E-05 -8.5430510807782412E-05
vn -1 -0.0001015844609355554 -9.1590285592246801E-05
vn -1 -0.00010774423572001979 -8.5430510807782412E-05
vn -1 -0.00010774423572001979 -8.5430510807782412E-05
vn -1 -0.00010774423572001979 -8.5430510807782412E-05
vn -1 -0.00010772524547064677 -8.4947219875175506E-05
vn -1 -0.00010766839841380715 -8.4466912085190415E-05
vn -1 -0.00010757404379546642 -8.3992541476618499E-05
vn -1 -0.0001074427564162761 -8.3527032984420657E-05
vn -1 -0.00010727535118348897 -8.3073267887812108E-05
vn -1 -0.00010707286128308624 -8.2634032878559083E-05
vn -1 -0.00010683653090381995 -8.2212034612894058E-05
vn -1 -0.00010656782251317054 -8.1809885159600526E-05
vn -1 -0.00010626838775351644 -8.1430058344267309E-05
vn -1 -0.00010594008199404925 -8.1074889749288559E-05
vn -1 -0.0001055849133990705 -8.0746583989821374E-05
vn -1 -0.00010520508658373728 -8.044714923016727E-05
vn -1 -0.00010480293713044375 -8.0178440839517862E-05
vn -1 -0.00010438093886477873 -7.994211046025157E-05
vn -1 -0.0001039417038555257 -7.9739620559848845E-05
vn -1 -0.00010348793875891715 -7.9572215327061713E-05
vn -1 -0.00010302243026671931 -7.9440927947871387E-05
vn -1 -0.00010254806693410501 -7.9346573329530656E-05
vn -1 -0.0001020677518681623 -7.9289726272691041E-05
vn -1 -0.00010110117000294849 -7.9289726272691041E-05
vn -1 -0.0001006208622129634 -7.9346573329530656E-05
vn -1 -0.00010014649160439149 -7.9440927947871387E-05
vn -1 -9.9680990388151258E-05 -7.9572215327061713E-05
vn -1 -9.9227218015585095E-05 -7.9739620559848845E-05
vn -1 -9.878798300633207E-05 -7.994211046025157E-05
vn -1 -9.8365992016624659E-05 -8.0178440839517862E-05
vn -1 -9.7963835287373513E-05 -8.044714923016727E-05
vn -1 -9.7584008472040296E-05 -8.0746583989821374E-05
vn -1 -9.722884715301916E-05 -8.1074889749288559E-05
vn -1 -9.6900534117594361E-05 -8.1430058344267309E-05
vn -1 -9.6601099357940257E-05 -8.1809885159600526E-05
vn -1 -9.6332390967290848E-05 -8.2212034612894058E-05
vn -1 -9.6096060588024557E-05 -8.2634032878559083E-05
vn -1 -9.5893570687621832E-05 -8.3073267887812108E-05
vn -1 -9.5726172730792314E-05 -8.3527032984420657E-05
vn -1 -9.5594885351601988E-05 -8.3992541476618499E-05
vn -1 -9.5500523457303643E-05 -8.4466912085190415E-05
vn -1 -9.5443676400464028E-05 -8.4947219875175506E-05
vn -1 -9.5443676400464028E-05 -8.5913801740389317E-05
vn -1 -9.5500523457303643E-05 -8.6394109530374408E-05
vn -1 -9.5594885351601988E-05 -8.6868480138946325E-05
vn -1 -9.5726172730792314E-05 -8.7333988631144166E-05
vn -1 -9.5893570687621832E-05 -8.7787753727752715E-05
vn -1 -9.6096060588024557E-05 -8.822698873700574E-05
vn -1 -9.6332390967290848E-05 -8.8648987002670765E-05
vn -1 -9.6601099357940257E-05 -8.9051136455964297E-05
vn -1 -9.6900534117594361E-05 -8.9430963271297514E-05
vn -1 -9.722884715301916E-05 -8.9786131866276264E-05
vn -1 -9.7584008472040296E-05 -9.0114437625743449E-05
vn -1 -9.7963835287373513E-05 -9.0413872385397553E-05
vn -1 -9.8365992016624659E-05 -9.0682580776046962E-05
vn -1 -9.878798300633207E-05 -9.0918911155313253E-05
vn -1 -9.9227218015585095E-05 -9.1121401055715978E-05
vn -1 -9.9680990388151258E-05 -9.128880628850311E-05
vn -1 -0.00010014649160439149 -9.1420086391735822E-05
vn -1 -0.0001006208622129634 -9.1514448286034167E-05
vn -1 -0.00010110117000294849 -9.1571295342873782E-05
vn -1 -0.0001020677518681623 -9.1571295342873782E-05
vn -1 -0.00010254806693410501 -9.1514448286034167E-05
vn -1 -0.00010302243026671931 -9.1420086391735822E-05
vn -1 -0.00010348793875891715 -9.128880628850311E-05
vn -1 -0.0001039417038555257 -9.1121401055715978E-05
vn -1 -0.00010438093886477873 -9.0918911155313253E-05
vn -1 -0.00010480293713044375 -9.0682580776046962E-05
vn -1 -0.00010520508658373728 -9.0413872385397553E-05
vn -1 -0.0001055849133990705 -9.0114437625743449E-05
vn -1 -0.00010594008199404925 -8.9786131866276264E-05
vn -1 -0.00010626838775351644 -8.9430963271297514E-05
vn -1 -0.00010656782251317054 -8.9051136455964297E-05
vn -1 -0.00010683653090381995 -8.8648987002670765E-05
vn -1 -0.00010707286128308624 -8.822698873700574E-05
vn -1 -0.00010727535118348897 -8.7787753727752715E-05
vn -1 -0.0001074427564162761 -8.7333988631144166E-05
vn -1 -0.00010757404379546642 -8.6868480138946325E-05
vn -1 -0.00010766839841380715 -8.6394109530374408E-05
vn -1 -0.00010772524547064677 -8.5913801740389317E-05
vn -1 -0.00010772780660772696 -8.5880143160466105E-05
vn -1 -0.00010767859203042462 -8.6327381723094732E-05
vn -1 -0.00010759686847450212 -8.6769832705613226E-05
vn -1 -0.00010748306522145867 -8.7205138697754592E-05
vn -1 -0.00010733779345173389 -8.7630971393082291E-05
vn -1 -0.00010716181714087725 -8.8045067968778312E-05
vn -1 -0.00010695608943933621 -8.8445216533727944E-05
vn -1 -0.00010672170174075291 -8.8829277956392616E-05
vn -1 -0.00010645990550983697 -8.9195200416725129E-05
vn -1 -0.00010617209045449272 -8.9541041234042495E-05
vn -1 -0.00010585979907773435 -8.9864952315110713E-05
vn -1 -0.00010552470484981313 -9.0165201982017606E-05
vn -1 -0.00010516858310438693 -9.0440189524088055E-05
vn -1 -0.00010479334014235064 -9.0688452473841608E-05
vn -1 -0.00010440096957609057 -9.0908659331034869E-05
vn -1 -0.00010399358143331483 -9.1099631390534341E-05
vn -1 -0.00010357332939747721 -9.1260364570189267E-05
vn -1 -0.00010314247629139572 -9.1389993031043559E-05
vn -1 -0.00010270330676576123 -9.1487818281166255E-05
vn -1 -0.00010225816367892548 -9.1553331003524363E-05
vn -1 -0.00010180942626902834 -9.1586174676194787E-05
vn -1 -0.00010135949560208246 -9.1586174676194787E-05
vn -1 -0.00010091075819218531 -9.1553331003524363E-05
vn -1 -0.00010046562238130718 -9.1487818281166255E-05
vn -1 -0.00010002645285567269 -9.1389993031043559E-05
vn -1 -9.9595592473633587E-05 -9.1260364570189267E-05
vn -1 -9.9175347713753581E-05 -9.1099631390534341E-05
vn -1 -9.8767952295020223E-05 -9.0908659331034869E-05
vn -1 -9.8375589004717767E-05 -9.0688452473841608E-05
vn -1 -9.8000346042681485E-05 -9.0440189524088055E-05
vn -1 -9.7644224297255278E-05 -9.0165201982017606E-05
vn -1 -9.7309122793376446E-05 -8.9864952315110713E-05
vn -1 -9.6996831416618079E-05 -8.9541041234042495E-05
vn -1 -9.6709023637231439E-05 -8.9195200416725129E-05
vn -1 -9.6447227406315506E-05 -8.8829277956392616E-05
vn -1 -9.6212832431774586E-05 -8.8445216533727944E-05
vn -1 -9.600710473023355E-05 -8.8045067968778312E-05
vn -1 -9.5831135695334524E-05 -8.7630971393082291E-05
vn -1 -9.5685856649652123E-05 -8.7205138697754592E-05
vn -1 -9.557205339660868E-05 -8.6769832705613226E-05
vn -1 -9.5490329840686172E-05 -8.6327381723094732E-05
vn -1 -9.544112253934145E-05 -8.5880143160466105E-05
vn -1 -9.544112253934145E-05 -8.4980878455098718E-05
vn -1 -9.5490329840686172E-05 -8.4533639892470092E-05
vn -1 -9.557205339660868E-05 -8.4091188909951597E-05
vn -1 -9.5685856649652123E-05 -8.3655882917810231E-05
vn -1 -9.5831135695334524E-05 -8.3230050222482532E-05
vn -1 -9.600710473023355E-05 -8.2815953646786511E-05
vn -1 -9.6212832431774586E-05 -8.2415805081836879E-05
vn -1 -9.6447227406315506E-05 -8.2031743659172207E-05
vn -1 -9.6709023637231439E-05 -8.1665821198839694E-05
vn -1 -9.6996831416618079E-05 -8.1319980381522328E-05
vn -1 -9.7309122793376446E-05 -8.099606930045411E-05
vn -1 -9.7644224297255278E-05 -8.0695819633547217E-05
vn -1 -9.8000346042681485E-05 -8.0420832091476768E-05
vn -1 -9.8375589004717767E-05 -8.0172569141723216E-05
vn -1 -9.8767952295020223E-05 -7.9952362284529954E-05
vn -1 -9.9175347713753581E-05 -7.9761382949072868E-05
vn -1 -9.9595592473633587E-05 -7.9600657045375556E-05
vn -1 -0.00010002645285567269 -7.9471028584521264E-05
vn -1 -0.00010046562238130718 -7.9373203334398568E-05
vn -1 -0.00010091075819218531 -7.930769061204046E-05
vn -1 -0.00010135949560208246 -7.9274846939370036E-05
vn -1 -0.00010180942626902834 -7.9274846939370036E-05
vn -1 -0.00010225816367892548 -7.930769061204046E-05
vn -1 -0.00010270330676576123 -7.9373203334398568E-05
vn -1 -0.00010314247629139572 -7.9471028584521264E-05
vn -1 -0.00010357332939747721 -7.9600657045375556E-05
vn -1 -0.00010399358143331483 -7.9761382949072868E-05
vn -1 -0.00010440096957609057 -7.9952362284529954E-05
vn -1 -0.00010479334014235064 -8.0172569141723216E-05
vn -1 -0.00010516858310438693 -8.0420832091476768E-05
vn -1 -0.00010552470484981313 -8.0695819633547217E-05
vn -1 -0.00010585979907773435 -8.099606930045411E-05
vn -1 -0.00010617209045449272 -8.1319980381522328E-05
vn -1 -0.00010645990550983697 -8.1665821198839694E-05
vn -1 -0.00010672170174075291 -8.2031743659172207E-05
vn -1 -0.00010695608943933621 -8.2415805081836879E-05
vn -1 -0.00010716181714087725 -8.2815953646786511E-05
vn -1 -0.00010733779345173389 -8.3230050222482532E-05
vn -1 -0.00010748306522145867 -8.3655882917810231E-05
vn -1 -0.00010759686847450212 -8.4091188909951597E-05
vn -1 -0.00010767859203042462 -8.4533639892470092E-05
vn -1 -0.00010772780660772696 -8.4980878455098718E-05
vn -1 -0.00010761406156234443 -8.4170846093911678E-05
vn -1 -0.00010745880717877299 -8.3577157056424767E-05
vn -1 -0.00010697697143768892 -8.2453319919295609E-05
vn -1 -0.00010724525054683909 -8.3001861639786512E-05
vn -1 -0.00010666349407983944 -8.1945363490376621E-05
vn -1 -0.0001063023300957866 -8.1470134318806231E-05
vn -1 -0.00010545089753577486 -8.0635356425773352E-05
vn -1 -0.00010589685552986339 -8.1032092566601932E-05
vn -1 -0.00010496862523723394 -8.028364391066134E-05
vn -1 -0.00010391358227934688 -7.9728051787242293E-05
vn -1 -0.00010445457883179188 -7.9980258306022733E-05
vn -1 -0.00010335071419831365 -7.9529396316502243E-05
vn -1 -0.00010277125693392009 -7.93861472629942E-05
vn -1 -0.00010214430949417874 -7.9296230978798121E-05
vn -1 -0.00010093098535435274 -7.9305500548798591E-05
vn -1 -0.0001015844609355554 -7.9270736023318022E-05
vn -1 -0.00010032479622168466 -7.9400910180993378E-05
vn -1 -9.9731107184197754E-05 -7.9556171840522438E-05
vn -1 -9.9155811767559499E-05 -7.9769728472456336E-05
vn -1 -9.860727732302621E-05 -8.0038000305648893E-05
vn -1 -9.7624091722536832E-05 -8.0712641647551209E-05
vn -1 -9.8099320894107223E-05 -8.0351477663498372E-05
vn -1 -9.7186049970332533E-05 -8.1118116213474423E-05
vn -1 -9.6789306553546339E-05 -8.1564081483520567E-05
vn -1 -9.6437594038434327E-05 -8.2046346506103873E-05
vn -1 -9.588200191501528E-05 -8.3101396739948541E-05
vn -1 -9.613420843379572E-05 -8.2560392911545932E-05
vn -1 -9.568334644427523E-05 -8.3664264820981771E-05
vn -1 -9.5450181106571108E-05 -8.4870662249159068E-05
vn -1 -9.5540097390767187E-05 -8.4243714809417725E-05
vn -1 -9.5424686151091009E-05 -8.5430510807782412E-05
vn -1 -9.5459450676571578E-05 -8.6083986388985068E-05
vn -1 -9.5554860308766365E-05 -8.6690175521653146E-05
vn -1 -9.5923678600229323E-05 -8.7859159975778311E-05
vn -1 -9.5710121968295425E-05 -8.7283864559140056E-05
vn -1 -9.619195043342188E-05 -8.8407701696269214E-05
vn -1 -9.686659905128181E-05 -8.9390887296758592E-05
vn -1 -9.6505427791271359E-05 -8.8915650849230587E-05
vn -1 -9.727206634124741E-05 -8.9828929048962891E-05
vn -1 -9.7718031611293554E-05 -9.0225665189791471E-05
vn -1 -9.8714350315276533E-05 -9.088076330954209E-05
vn -1 -9.820029663387686E-05 -9.0577377704903483E-05
vn -1 -9.9818214948754758E-05 -9.133162529906258E-05
vn -1 -9.9255346867721528E-05 -9.113296982832253E-05
vn -1 -0.00010039766493719071 -9.1474874352570623E-05
vn -1 -0.00010102461237693205 -9.1564790636766702E-05
vn -1 -0.00010223793651675805 -9.1555521066766232E-05
vn -1 -0.0001015844609355554 -9.1590285592246801E-05
vn -1 -0.00010284412564942613 -9.1460111434571445E-05
vn -1 -0.00010343781468691304 -9.1304849775042385E-05
vn -1 -0.0001040131101035513 -9.1091293143108487E-05
vn -1 -0.0001045616518240422 -9.082302130991593E-05
vn -1 -0.00010554483742453158 -9.0148372692056E-05
vn -1 -0.00010506960825296119 -9.0509543952066451E-05
vn -1 -0.00010598287917673588 -8.97429054020904E-05
vn -1 -0.00010637961531756446 -8.9296940132044256E-05
vn -1 -0.00010673133510863408 -8.881467510946095E-05
vn -1 -0.00010728691995609552 -8.7759624875616282E-05
vn -1 -0.00010703471343731508 -8.8300628704018891E-05
vn -1 -0.00010748558270279318 -8.7196756794583052E-05
vn -1 -0.00010771874076453969 -8.5990359366405755E-05
vn -1 -0.00010762882448034361 -8.6617306806147099E-05
vn 0.00010371912503615022 -1 3.3518485209604876E-10
vn 0.00010371912503615022 -1 3.291388273041207E-10
vn 0.00010371912503615022 -1 3.2309255271201209E-10
vn -9.944979683496058E-05 1 2.9546448621076138E-11
vn -9.944979683496058E-05 1 4.1638512082720069E-11
vn 0.00010371912503615022 -1 3.3518485209604876E-10
vn 0.00010371912503615022 -1 3.2913857750394016E-10
vn 0.00010371912503615022 -1 3.2309255271201209E-10
vn 9.7212105174548924E-05 -0.99733227491378784 0.072995312511920929
vn 9.0197798272129148E-05 -0.98934334516525269 0.14560116827487946
vn 8.2713639130815864E-05 -0.97607588768005371 0.21743017435073853
vn 7.4799558205995709E-05 -0.95760059356689453 0.28809911012649536
vn 6.6497770603746176E-05 -0.93401610851287842 0.35723090171813965
vn 5.7852586905937642E-05 -0.90544825792312622 0.42445668578147888
vn 4.8910118493949994E-05 -0.87204939126968384 0.48941785097122192
vn 3.9718088373774663E-05 -0.83399778604507446 0.55176776647567749
vn 3.0325529223773628E-05 -0.79149651527404785 0.61117368936538696
vn 2.0782561477972195E-05 -0.74477219581604004 0.66731882095336914
vn 1.1140098649775609E-05 -0.69407421350479126 0.71990346908569336
vn 1.4495888081000885E-06 -0.63967305421829224 0.76864713430404663
vn -8.2372662291163579E-06 -0.58185893297195435 0.81328976154327393
vn -1.7868782379082404E-05 -0.52094036340713501 0.85359311103820801
vn -2.7393571144784801E-05 -0.45724233984947205 0.88934212923049927
vn -3.6760815419256687E-05 -0.39110472798347473 0.92034620046615601
vn -4.592053301166743E-05 -0.32288041710853577 0.94643974304199219
vn -5.4823856771690771E-05 -0.25293338298797607 0.96748369932174683
vn -6.3423285610042512E-05 -0.18163685500621796 0.98336565494537354
vn -7.1672926424071193E-05 -0.10937121510505676 0.99400097131729126
vn -7.9528777860105038E-05 -0.036522030830383301 0.99933284521102905
vn -8.6948915850371122E-05 0.036522015929222107 0.99933284521102905
vn -9.3893759185448289E-05 0.10937120020389557 0.99400097131729126
vn -0.00010032624413724989 0.18163684010505676 0.98336565494537354
vn -0.00010621206456562504 0.25293338298797607 0.96748369932174683
vn -0.00011151979560963809 0.32288038730621338 0.94643974304199219
vn -0.00011622114107012749 0.39110469818115234 0.92034620046615601
vn -0.0001202910061692819 0.45724231004714966 0.88934212923049927
vn -0.00012370766489766538 0.52094030380249023 0.85359311103820801
vn -0.00012645291280932724 0.58185893297195435 0.81328976154327393
vn -0.00012851209612563252 0.63967299461364746 0.76864713430404663
vn -0.00012987421359866858 0.69407421350479126 0.71990346908569336
vn -0.00013053200382273644 0.74477219581604004 0.66731882095336914
vn -0.00013048195978626609 0.79149645566940308 0.61117368936538696
vn -0.00012972435797564685 0.83399778604507446 0.55176776647567749
vn -0.00012826321471948177 0.87204939126968384 0.48941785097122192
vn -0.00012610635894816369 0.90544825792312622 0.42445668578147888
vn -0.0001232652721228078 0.93401610851287842 0.35723090171813965
vn -0.00011975513189099729 0.95760059356689453 0.28809911012649536
vn -0.00011559465201571584 0.97607588768005371 0.21743017435073853
vn -0.00011080603144364432 0.98934334516525269 0.14560116827487946
vn -0.00010541482333792374 0.99733227491378784 0.072995312511920929
vn -9.2942769697401673E-05 0.99733227491378784 -0.072995312511920929
vn -8.5928470070939511E-05 0.98934334516525269 -0.14560116827487946
vn -7.8444303653668612E-05 0.97607588768005371 -0.21743017435073853
vn -7.0530222728848457E-05 0.95760059356689453 -0.28809911012649536
vn -6.2228442402556539E-05 0.93401610851287842 -0.35723090171813965
vn -5.3583255066769198E-05 0.90544825792312622 -0.42445668578147888
vn -4.4640790292760357E-05 0.87204939126968384 -0.48941785097122192
vn -3.5448756534606218E-05 0.83399778604507446 -0.55176776647567749
vn -2.6056197384605184E-05 0.79149651527404785 -0.61117368936538696
vn -1.651322963880375E-05 0.74477219581604004 -0.66731882095336914
vn -6.8707677201018669E-06 0.69407421350479126 -0.71990346908569336
vn 2.8197428036946803E-06 0.63967305421829224 -0.76864713430404663
vn 1.2506598068284802E-05 0.58185893297195435 -0.81328976154327393
vn 2.2138114218250848E-05 0.52094036340713501 -0.85359311103820801
vn 3.1662904802942649E-05 0.45724233984947205 -0.88934212923049927
vn 4.1030147258425131E-05 0.39110472798347473 -0.92034620046615601
vn 5.0189864850835875E-05 0.32288041710853577 -0.94643974304199219
vn 5.9093188610859215E-05 0.25293338298797607 -0.96748369932174683
vn 6.769261381123215E-05 0.18163685500621796 -0.98336565494537354
vn 7.5942261901218444E-05 0.10937121510505676 -0.99400097131729126
vn 8.3798113337252289E-05 0.036522030830383301 -0.99933284521102905
vn 9.1218251327518374E-05 -0.036522015929222107 -0.99933284521102905
vn 9.816309466259554E-05 -0.10937120020389557 -0.99400097131729126
vn 0.00010459557961439714 -0.18163684010505676 -0.98336565494537354
vn 0.00011048139276681468 -0.25293338298797607 -0.96748369932174683
vn 0.00011578913108678535 -0.32288038730621338 -0.94643974304199219
vn 0.00012049046927131712 -0.39110469818115234 -0.92034620046615601
vn 0.00012456033437047154 -0.45724231004714966 -0.88934212923049927
vn 0.00012797700765077025 -0.52094030380249023 -0.85359311103820801
vn 0.00013072225556243211 -0.58185893297195435 -0.81328976154327393
vn 0.00013278142432682216 -0.63967299461364746 -0.76864713430404663
vn 0.00013414354179985821 -0.69407421350479126 -0.71990346908569336
vn 0.00013480133202392608 -0.74477219581604004 -0.66731882095336914
vn 0.00013475128798745573 -0.79149645566940308 -0.61117368936538696
vn 0.00013399368617683649 -0.83399778604507446 -0.55176776647567749
vn 0.00013253255747258663 -0.87204939126968384 -0.48941785097122192
vn 0.00013037568714935333 -0.90544825792312622 -0.42445668578147888
vn 0.00012753460032399744 -0.93401610851287842 -0.35723090171813965
vn 0.00012402446009218693 -0.95760059356689453 -0.28809911012649536
vn 0.00011986398021690547 -0.97607588768005371 -0.21743017435073853
vn 0.00011507535964483395 -0.98934334516525269 -0.14560116827487946
vn 0.00010968415881507099 -0.99733227491378784 -0.072995312511920929
vn 0.00010968415881507099 -0.99733227491378784 -0.072995312511920929
vn 0.00011507535964483395 -0.98934334516525269 -0.14560116827487946
vn 0.00011986398021690547 -0.97607588768005371 -0.21743017435073853
vn 0.00012402446009218693 -0.95760059356689453 -0.28809911012649536
vn 0.00012753460032399744 -0.93401610851287842 -0.35723090171813965
vn 0.00013037568714935333 -0.90544825792312622 -0.42445668578147888
vn 0.00013253255747258663 -0.87204939126968384 -0.48941785097122192
vn 0.00013399368617683649 -0.83399778604507446 -0.55176776647567749
vn 0.00013475128798745573 -0.79149645566940308 -0.61117368936538696
vn 0.00013480133202392608 -0.74477219581604004 -0.66731882095336914
vn 0.00013414354179985821 -0.69407421350479126 -0.71990346908569336
vn 0.00013278142432682216 -0.63967299461364746 -0.76864713430404663
vn 0.00013072225556243211 -0.58185893297195435 -0.81328976154327393
vn 0.00012797700765077025 -0.52094030380249023 -0.85359311103820801
vn 0.00012456033437047154 -0.45724231004714966 -0.88934212923049927
vn 0.00012049046927131712 -0.39110469818115234 -0.92034620046615601
vn 0.00011578913108678535 -0.32288038730621338 -0.94643974304199219
vn 0.00011048139276681468 -0.25293338298797607 -0.96748369932174683
vn 0.00010459557961439714 -0.18163684010505676 -0.98336565494537354
vn 9.816309466259554E-05 -0.10937120020389557 -0.99400097131729126
vn 9.1218251327518374E-05 -0.036522015929222107 -0.99933284521102905
vn 8.3798113337252289E-05 0.036522030830383301 -0.99933284521102905
vn 7.5942261901218444E-05 0.10937121510505676 -0.99400097131729126
vn 6.769261381123215E-05 0.18163685500621796 -0.98336565494537354
vn 5.9093188610859215E-05 0.25293338298797607 -0.96748369932174683
vn 5.0189864850835875E-05 0.32288041710853577 -0.94643974304199219
vn 4.1030147258425131E-05 0.39110472798347473 -0.92034620046615601
vn 3.1662904802942649E-05 0.45724233984947205 -0.88934212923049927
vn 2.2138114218250848E-05 0.52094036340713501 -0.85359311103820801
vn 1.2506598068284802E-05 0.58185893297195435 -0.81328976154327393
vn 2.8197428036946803E-06 0.63967305421829224 -0.76864713430404663
vn -6.8707677201018669E-06 0.69407421350479126 -0.71990346908569336
vn -1.651322963880375E-05 0.74477219581604004 -0.66731882095336914
vn -2.6056197384605184E-05 0.79149651527404785 -0.61117368936538696
vn -3.5448756534606218E-05 0.83399778604507446 -0.55176776647567749
vn -4.4640790292760357E-05 0.87204939126968384 -0.48941785097122192
vn -5.3583255066769198E-05 0.90544825792312622 -0.42445668578147888
vn -6.2228442402556539E-05 0.93401610851287842 -0.35723090171813965
vn -7.0530222728848457E-05 0.95760059356689453 -0.28809911012649536
vn -7.8444303653668612E-05 0.97607588768005371 -0.21743017435073853
vn -8.5928470070939511E-05 0.98934334516525269 -0.14560116827487946
vn -9.2942769697401673E-05 0.99733227491378784 -0.072995312511920929
vn -0.00010541482333792374 0.99733227491378784 0.072995312511920929
vn -0.00011080603144364432 0.98934334516525269 0.14560116827487946
vn -0.00011559465201571584 0.97607588768005371 0.21743017435073853
vn -0.00011975513189099729 0.95760059356689453 0.28809911012649536
vn -0.0001232652721228078 0.93401610851287842 0.35723090171813965
vn -0.00012610635894816369 0.90544825792312622 0.42445668578147888
vn -0.00012826321471948177 0.87204939126968384 0.48941785097122192
vn -0.00012972435797564685 0.83399778604507446 0.55176776647567749
vn -0.00013048195978626609 0.79149645566940308 0.61117368936538696
vn -0.00013053200382273644 0.74477219581604004 0.66731882095336914
vn -0.00012987421359866858 0.69407421350479126 0.71990346908569336
vn -0.00012851209612563252 0.63967299461364746 0.76864713430404663
vn -0.00012645291280932724 0.58185893297195435 0.81328976154327393
vn -0.00012370766489766538 0.52094030380249023 0.85359311103820801
vn -0.0001202910061692819 0.45724231004714966 0.88934212923049927
vn -0.00011622114107012749 0.39110469818115234 0.92034620046615601
vn -0.00011151979560963809 0.32288038730621338 0.94643974304199219
vn -0.00010621206456562504 0.25293338298797607 0.96748369932174683
vn -0.00010032624413724989 0.18163684010505676 0.98336565494537354
vn -9.3893759185448289E-05 0.10937120020389557 0.99400097131729126
vn -8.6948915850371122E-05 0.036522015929222107 0.99933284521102905
vn -7.9528777860105038E-05 -0.036522030830383301 0.99933284521102905
vn -7.1672926424071193E-05 -0.10937121510505676 0.99400097131729126
vn -6.3423285610042512E-05 -0.18163685500621796 0.98336565494537354
vn -5.4823856771690771E-05 -0.25293338298797607 0.96748369932174683
vn -4.592053301166743E-05 -0.32288041710853577 0.94643974304199219
vn -3.6760815419256687E-05 -0.39110472798347473 0.92034620046615601
vn -2.7393571144784801E-05 -0.45724233984947205 0.88934212923049927
vn -1.7868782379082404E-05 -0.52094036340713501 0.85359311103820801
vn -8.2372662291163579E-06 -0.58185893297195435 0.81328976154327393
vn 1.4495888081000885E-06 -0.63967305421829224 0.76864713430404663
vn 1.1140099559270311E-05 -0.69407421350479126 0.71990346908569336
vn 2.0782561477972195E-05 -0.74477219581604004 0.66731882095336914
vn 3.0325529223773628E-05 -0.79149651527404785 0.61117368936538696
vn 3.9718088373774663E-05 -0.83399778604507446 0.55176776647567749
vn 4.8910118493949994E-05 -0.87204939126968384 0.48941785097122192
vn 5.7852586905937642E-05 -0.90544825792312622 0.42445668578147888
vn 6.6497770603746176E-05 -0.93401610851287842 0.35723090171813965
vn 7.4799558205995709E-05 -0.95760059356689453 0.28809911012649536
vn 8.2713639130815864E-05 -0.97607588768005371 0.21743017435073853
vn 9.0197798272129148E-05 -0.98934334516525269 0.14560116827487946
vn 9.7212105174548924E-05 -0.99733227491378784 0.072995312511920929
vn 8.410190639551729E-05 -0.97886687517166138 0.20449861884117126
vn 7.330755761358887E-05 -0.95366197824478149 0.30088016390800476
vn 6.180683703860268E-05 -0.91899228096008301 0.39427557587623596
vn 3.7560213968390599E-05 -0.82454878091812134 0.56579083204269409
vn 4.977482240065001E-05 -0.87543964385986328 0.48332744836807251
vn 1.2250868167029694E-05 -0.70008993148803711 0.71405470371246338
vn 2.5012956029968336E-05 -0.7659153938293457 0.64294141530990601
vn -6.0621084685408277E-07 -0.62769055366516113 0.77846294641494751
vn -2.6122670533368364E-05 -0.46594482660293579 0.88481378555297852
vn -1.3437553207040764E-05 -0.54939717054367065 0.83556133508682251
vn -3.8542450056411326E-05 -0.37811726331710815 0.92575770616531372
vn -5.0580267270561308E-05 -0.28673911094665527 0.95800870656967163
vn -6.2123086536303163E-05 -0.19266848266124725 0.98126387596130371
vn -8.3295846707187593E-05 -8.3147906337899258E-09 1
vn -7.3709488788153976E-05 -0.090887628495693207 0.99586117267608643
vn -0.00010226431186310947 0.20449860394001007 0.97886687517166138
vn -9.3590584583580494E-05 0.10608746856451035 0.99435681104660034
vn -0.00010990191367454827 0.30088016390800476 0.95366197824478149
vn -0.00012175314623164013 0.48332741856575012 0.87543964385986328
vn -0.00011642758181551471 0.39427557587623596 0.91899228096008301
vn -0.00012578252062667161 0.56579083204269409 0.82454878091812134
vn -0.00013021123595535755 0.71405470371246338 0.70008993148803711
vn -0.0001286107290070504 0.64294141530990601 0.7659153938293457
vn -0.00012968065857421607 0.83556133508682251 0.54939717054367065
vn -0.00013056899479124695 0.77846294641494751 0.62769055366516113
vn -0.00012755456555169076 0.88481378555297852 0.46594482660293579
vn -0.00012421068095136434 0.92575770616531372 0.37811726331710815
vn -0.00011400626681279391 0.98126387596130371 0.19266848266124725
vn -0.00011968040053034201 0.95800870656967163 0.28673911094665527
vn -0.0001067939301719889 0.99586117267608643 0.09088762104511261
vn -9.944979683496058E-05 1 3.5592480351898104E-11
vn -8.981343125924468E-05 0.99435681104660034 -0.10608747601509094
vn -7.9832578194327652E-05 0.97886687517166138 -0.20449861884117126
vn -6.9038222136441618E-05 0.95366197824478149 -0.30088016390800476
vn -4.5505490561481565E-05 0.87543964385986328 -0.48332744836807251
vn -5.7537505199434236E-05 0.91899228096008301 -0.39427557587623596
vn -3.3290882129222155E-05 0.82454878091812134 -0.56579083204269409
vn -2.0743624190799892E-05 0.7659153938293457 -0.64294141530990601
vn 4.8755423449620139E-06 0.62769055366516113 -0.77846294641494751
vn -7.9815372373559512E-06 0.70008993148803711 -0.71405470371246338
vn 1.7706885046209209E-05 0.54939717054367065 -0.83556133508682251
vn 4.281178189557977E-05 0.37811726331710815 -0.92575770616531372
vn 3.0392002372536808E-05 0.46594482660293579 -0.88481378555297852
vn 5.4849599109729752E-05 0.28673914074897766 -0.95800870656967163
vn 6.63924147374928E-05 0.19266848266124725 -0.98126387596130371
vn 7.7978824265301228E-05 0.090887628495693207 -0.99586117267608643
vn 8.756517490837723E-05 8.7484890443079166E-09 -1
vn 9.7859912784770131E-05 -0.10608746856451035 -0.99435681104660034
vn 0.00010653364006429911 -0.20449860394001007 -0.97886687517166138
vn 0.00012069691729266196 -0.39427557587623596 -0.91899228096008301
vn 0.00011417124187573791 -0.30088016390800476 -0.95366197824478149
vn 0.00012602248170878738 -0.48332741856575012 -0.87543964385986328
vn 0.00013288005720824003 -0.64294141530990601 -0.7659153938293457
vn 0.00013005184882786125 -0.56579083204269409 -0.82454878091812134
vn 0.00013448056415654719 -0.71405470371246338 -0.70008993148803711
vn 0.00013483833754435182 -0.77846294641494751 -0.62769055366516113
vn 0.00013395000132732093 -0.83556133508682251 -0.54939717054367065
vn 0.00013182390830479562 -0.88481378555297852 -0.46594482660293579
vn 0.00012848000915255398 -0.92575770616531372 -0.37811726331710815
vn 0.00011827560228994116 -0.98126387596130371 -0.19266848266124725
vn 0.00012394973600748926 -0.95800870656967163 -0.28673911094665527
vn 0.00011106326564913616 -0.99586117267608643 -0.09088762104511261
vn 1 0.00010221394040854648 8.5430510807782412E-05
vn 1 0.00010221394040854648 8.5430510807782412E-05
vn 1 0.00010221394040854648 8.5430510807782412E-05
vn 1 0.00010095498146256432 8.5430510807782412E-05
vn 1 0.00010221394040854648 8.5430510807782412E-05
vn 1 0.00010221394040854648 8.5430510807782412E-05
vn 1 0.00010221394040854648 8.5430510807782412E-05
vn 1 0.00010221226693829522 8.5384563135448843E-05
vn 1 0.0001022072319756262 8.5338855569716543E-05
vn 1 0.00010219888645224273 8.5293642769102007E-05
vn 1 0.00010218725219601765 8.524915756424889E-05
vn 1 0.00010217240924248472 8.5205640061758459E-05
vn 1 0.00010215442307526246 8.5163323092274368E-05
vn 1 0.00010213340283371508 8.5122432210482657E-05
vn 1 0.00010210945038124919 8.5083185695111752E-05
vn 1 0.00010208269668510184 8.5045787272974849E-05
vn 1 0.00010205327998846769 8.501044794684276E-05
vn 1 0.00010202136763837188 8.4977342339698225E-05
vn 1 0.00010198712698183954 8.4946659626439214E-05
vn 1 0.00010195073264185339 8.4918559878133237E-05
vn 1 0.00010191238106926903 8.489318861393258E-05
vn 1 0.00010187229054281488 8.487068407703191E-05
vn 1 0.00010183065751334652 8.485116995871067E-05
vn 1 0.00010178770753555 8.4834740846417844E-05
vn 1 0.00010174368071602657 8.482149860356003E-05
vn 1 0.00010169880260946229 8.4811501437798142E-05
vn 1 0.0001016533060465008 8.4804807556793094E-05
vn 1 0.00010160745296161622 8.4801446064375341E-05
vn 1 0.00010156146890949458 8.4801446064375341E-05
vn 1 0.00010151561582460999 8.4804807556793094E-05
vn 1 0.00010147012653760612 8.4811501437798142E-05
vn 1 0.00010142524843104184 8.482149860356003E-05
vn 1 0.0001013812143355608 8.4834740846417844E-05
vn 1 0.00010133827163372189 8.485116995871067E-05
vn 1 0.00010129663860425353 8.487068407703191E-05
vn 1 0.00010125654080184177 8.489318861393258E-05
vn 1 0.00010121819650521502 8.4918559878133237E-05
vn 1 0.00010118180216522887 8.4946659626439214E-05
vn 1 0.00010114755423273891 8.4977342339698225E-05
vn 1 0.0001011156418826431 8.501044794684276E-05
vn 1 0.00010108623246196657 8.5045787272974849E-05
vn 1 0.00010105947876581922 8.5083185695111752E-05
vn 1 0.00010103552631335333 8.5122432210482657E-05
vn 1 0.00010101449879584834 8.5163323092274368E-05
vn 1 0.00010099651990458369 8.5205640061758459E-05
vn 1 0.00010098166967509314 8.524915756424889E-05
vn 1 0.00010097004269482568 8.5293642769102007E-05
vn 1 0.0001009616898954846 8.5338855569716543E-05
vn 1 0.0001009566622087732 8.5384563135448843E-05
vn 1 0.0001009566622087732 8.547645848011598E-05
vn 1 0.0001009616898954846 8.552216604584828E-05
vn 1 0.00010097004269482568 8.5567378846462816E-05
vn 1 0.00010098166967509314 8.5611864051315933E-05
vn 1 0.00010099651990458369 8.5655381553806365E-05
vn 1 0.00010101449879584834 8.5697698523290455E-05
vn 1 0.00010103552631335333 8.5738589405082166E-05
vn 1 0.00010105947876581922 8.5777835920453072E-05
vn 1 0.00010108623246196657 8.5815234342589974E-05
vn 1 0.0001011156418826431 8.5850573668722063E-05
vn 1 0.00010114755423273891 8.5883679275866598E-05
vn 1 0.00010118180216522887 8.5914361989125609E-05
vn 1 0.00010121819650521502 8.5942461737431586E-05
vn 1 0.00010125654080184177 8.5967833001632243E-05
vn 1 0.00010129663860425353 8.5990337538532913E-05
vn 1 0.00010133827163372189 8.6009851656854153E-05
vn 1 0.0001013812143355608 8.6026273493189365E-05
vn 1 0.00010142524843104184 8.6039523012004793E-05
vn 1 0.00010147012653760612 8.6049520177766681E-05
vn 1 0.00010151561582460999 8.6056214058771729E-05
vn 1 0.00010156146890949458 8.6059568275231868E-05
vn 1 0.00010160745296161622 8.6059568275231868E-05
vn 1 0.0001016533060465008 8.6056214058771729E-05
vn 1 0.00010169880260946229 8.6049520177766681E-05
vn 1 0.00010174368071602657 8.6039523012004793E-05
vn 1 0.00010178770753555 8.6026273493189365E-05
vn 1 0.00010183065751334652 8.6009851656854153E-05
vn 1 0.00010187229054281488 8.5990337538532913E-05
vn 1 0.00010191238106926903 8.5967833001632243E-05
vn 1 0.00010195073264185339 8.5942461737431586E-05
vn 1 0.00010198712698183954 8.5914361989125609E-05
vn 1 0.00010202136763837188 8.5883679275866598E-05
vn 1 0.00010205327998846769 8.5850573668722063E-05
vn 1 0.00010208269668510184 8.5815234342589974E-05
vn 1 0.00010210945038124919 8.5777835920453072E-05
vn 1 0.00010213340283371508 8.5738589405082166E-05
vn 1 0.00010215442307526246 8.5697698523290455E-05
vn 1 0.00010217240924248472 8.5655381553806365E-05
vn 1 0.00010218725219601765 8.5611864051315933E-05
vn 1 0.00010219888645224273 8.5567378846462816E-05
vn 1 0.0001022072319756262 8.552216604584828E-05
vn 1 0.00010221226693829522 8.547645848011598E-05
vn 1 0.00010221204865956679 8.5479288827627897E-05
vn 1 0.00010220638068858534 8.5527775809168816E-05
vn 1 0.0001021969728753902 8.5575680714100599E-05
vn 1 0.00010218388342764229 8.5622705228161067E-05
vn 1 0.00010216718510491773 8.5668580140918493E-05
vn 1 0.00010214698704658076 8.5713021690025926E-05
vn 1 0.00010212340566795319 8.5755760665051639E-05
vn 1 0.0001020965792122297 8.5796549683436751E-05
vn 1 0.00010206667502643541 8.5835134086664766E-05
vn 1 0.00010203386773355305 8.5871281044092029E-05
vn 1 0.00010199836106039584 8.5904786828905344E-05
vn 1 0.00010196036600973457 8.5935433162376285E-05
vn 1 0.00010192010813625529 8.5963045421522111E-05
vn 1 0.00010187782754655927 8.5987448983360082E-05
vn 1 0.00010183378617512062 8.6008512880653143E-05
vn 1 0.00010178824595641345 8.602609159424901E-05
vn 1 0.00010174148337682709 8.6040090536698699E-05
vn 1 0.00010169376764679328 8.6050429672468454E-05
vn 1 0.0001016454043565318 8.6057036241982132E-05
vn 1 0.000101596669992432 8.6059873865451664E-05
vn 1 0.00010154786286875606 8.605892799096182E-05
vn 1 0.00010149927402380854 8.6054198618512601E-05
vn 1 0.00010145120177185163 8.6045722127892077E-05
vn 1 0.00010140392259927467 8.6033549450803548E-05
vn 1 0.00010135773482033983 8.6017746070865542E-05
vn 1 0.00010131291492143646 8.5998406575527042E-05
vn 1 0.00010126972483703867 8.5975654656067491E-05
vn 1 0.00010122842650162056 8.5949628555681556E-05
vn 1 0.00010118926729774103 8.5920473793521523E-05
vn 1 0.00010115248733200133 8.588837954448536E-05
vn 1 0.00010111830488312989 8.5853527707513422E-05
vn 1 0.00010108692367793992 8.5816129285376519E-05
vn 1 0.00010105854016728699 8.5776417108718306E-05
vn 1 0.00010103331442223862 8.5734624008182436E-05
vn 1 0.00010101140651386231 8.5690997366327792E-05
vn 1 0.00010099294013343751 8.5645806393586099E-05
vn 1 0.00010097803897224367 8.5599320300389081E-05
vn 1 0.00010096678306581452 8.5551822849083692E-05
vn 1 0.00010095923789776862 8.550359052605927E-05
vn 1 0.00010095545439980924 8.5454921645577997E-05
vn 1 0.00010095545439980924 8.5406099969986826E-05
vn 1 0.00010095923789776862 8.5357431089505553E-05
vn 1 0.00010096678306581452 8.5309198766481131E-05
vn 1 0.00010097803897224367 8.5261701315175742E-05
vn 1 0.00010099294013343751 8.5215215221978724E-05
vn 1 0.00010101140651386231 8.5170024249237031E-05
vn 1 0.00010103331442223862 8.5126397607382387E-05
vn 1 0.00010105854016728699 8.5084604506846517E-05
vn 1 0.00010108692367793992 8.5044892330188304E-05
vn 1 0.00010111830488312989 8.5007493908051401E-05
vn 1 0.00010115248733200133 8.4972642071079463E-05
vn 1 0.00010118926729774103 8.49405478220433E-05
vn 1 0.00010122842650162056 8.4911393059883267E-05
vn 1 0.00010126972483703867 8.4885366959497333E-05
vn 1 0.00010131291492143646 8.4862615040037781E-05
vn 1 0.00010135773482033983 8.4843275544699281E-05
vn 1 0.00010140392259927467 8.4827472164761275E-05
vn 1 0.00010145120177185163 8.4815299487672746E-05
vn 1 0.00010149927402380854 8.4806822997052222E-05
vn 1 0.00010154786286875606 8.4802093624603003E-05
vn 1 0.000101596669992432 8.4801147750113159E-05
vn 1 0.0001016454043565318 8.4803985373582691E-05
vn 1 0.00010169376764679328 8.481059194309637E-05
vn 1 0.00010174148337682709 8.482092380290851E-05
vn 1 0.00010178824595641345 8.4834930021315813E-05
vn 1 0.00010183378617512062 8.485250873491168E-05
vn 1 0.00010187782754655927 8.4873572632204741E-05
vn 1 0.00010192010813625529 8.4897976194042712E-05
vn 1 0.00010196036600973457 8.4925588453188539E-05
vn 1 0.00010199836106039584 8.4956234786659479E-05
vn 1 0.00010203386773355305 8.498973329551518E-05
vn 1 0.00010206667502643541 8.5025887528900057E-05
vn 1 0.0001020965792122297 8.5064471932128072E-05
vn 1 0.00010212340566795319 8.5105260950513184E-05
vn 1 0.00010214698704658076 8.5147999925538898E-05
vn 1 0.00010216718510491773 8.519244147464633E-05
vn 1 0.00010218388342764229 8.5238316387403756E-05
vn 1 0.0001021969728753902 8.5285340901464224E-05
vn 1 0.00010220638068858534 8.5333245806396008E-05
vn 1 0.00010221204865956679 8.5381732787936926E-05
vn 1 0.00010220063995802775 8.5301784565672278E-05
vn 1 0.00010218477109447122 8.5241110355127603E-05
vn 1 0.00010216295049758628 8.5182320617605001E-05
vn 1 0.00010210349864792079 8.5074352682568133E-05
vn 1 0.00010213553468929604 8.5126266640145332E-05
vn 1 0.00010202515841228887 8.4981023974251002E-05
vn 1 0.00010206659499090165 8.5025792941451073E-05
vn 1 0.00010197958181379363 8.4940482338424772E-05
vn 1 0.00010187776933889836 8.487353625241667E-05
vn 1 0.00010193029447691515 8.4904539107810706E-05
vn 1 0.00010182247933698818 8.4847764810547233E-05
vn 1 0.00010176496289204806 8.4827464888803661E-05
vn 1 0.00010170574387302622 8.4812825662083924E-05
vn 1 0.00010164167179027572 8.480363612761721E-05
vn 1 0.0001015844609355554 8.4801031334791332E-05
vn 1 0.00010145573469344527 8.481433178531006E-05
vn 1 0.00010151768219657242 8.4804582002107054E-05
vn 1 0.00010133627074537799 8.485202124575153E-05
vn 1 0.00010139506048290059 8.4830200648866594E-05
vn 1 0.00010128021676791832 8.4879437054041773E-05
vn 1 0.00010117974306922406 8.4948384028393775E-05
vn 1 0.00010122831008629873 8.4911473095417023E-05
vn 1 0.0001011349813779816 8.498982060700655E-05
vn 1 0.00010109443246619776 8.5035389929544181E-05
vn 1 0.00010105848923558369 8.5084677266422659E-05
vn 1 0.00010102748638018966 8.5137209680397063E-05
vn 1 0.00010100171493832022 8.5192492406349629E-05
vn 1 0.00010096677578985691 8.5309227870311588E-05
vn 1 0.00010098141501657665 8.5250016127247363E-05
vn 1 0.0001009575862553902 8.5373299953062087E-05
vn 1 0.00010095498146256432 8.5430510807782412E-05
vn 1 0.00010095853212988004 8.5497289546765387E-05
vn 1 0.00010096828191308305 8.5559237049892545E-05
vn 1 0.00010098415077663958 8.561991126043722E-05
vn 1 0.00010103338718181476 8.5734754975419492E-05
vn 1 0.00010100597137352452 8.5678700997959822E-05
vn 1 0.00010106542322319001 8.5786661657039076E-05
vn 1 0.00010110233415616676 8.583522867411375E-05
vn 1 0.00010118934005731717 8.5920539277140051E-05
vn 1 0.00010114377073477954 8.5879997641313821E-05
vn 1 0.00010123862739419565 8.5956482507754117E-05
vn 1 0.00010134644253412262 8.6013256805017591E-05
vn 1 0.00010129115980817005 8.5987485363148153E-05
vn 1 0.00010140396625502035 8.6033556726761162E-05
vn 1 0.00010146317799808457 8.6048195953480899E-05
vn 1 0.00010152725008083507 8.6057385487947613E-05
vn 1 0.0001015844609355554 8.6059990280773491E-05
vn 1 0.00010171318717766553 8.6046689830254763E-05
vn 1 0.00010165123967453837 8.6056439613457769E-05
vn 1 0.00010183265112573281 8.6009000369813293E-05
vn 1 0.00010177386138821021 8.6030820966698229E-05
vn 1 0.00010188870510319248 8.598158456152305E-05
vn 1 0.00010198917880188674 8.5912637587171048E-05
vn 1 0.00010194061906076968 8.59495485201478E-05
vn 1 0.00010203394776908681 8.5871201008558273E-05
vn 1 0.00010207448940491304 8.5825631686020643E-05
vn 1 0.0001021104326355271 8.5776344349142164E-05
vn 1 0.00010214143549092114 8.572381193516776E-05
vn 1 0.00010216720693279058 8.5668529209215194E-05
vn 1 0.00010220214608125389 8.5551793745253235E-05
vn 1 0.00010218751413049176 8.561100548831746E-05
vn 1 0.0001022113356157206 8.5487721662502736E-05
vn 0.00013750825019087642 -1 3.2217062351236336E-09
vn 0.00013750825019087642 -1 3.2214817480280544E-09
vn 0.00013750825019087642 -1 3.2212570388878703E-09
vn 0.00013750825019087642 -1 3.2217062351236336E-09
vn 0.00013750825019087642 -1 3.2214815259834495E-09
vn 0.00013750825019087642 -1 3.2212570388878703E-09
vn 0.00013058255717623979 -0.99699294567108154 0.077492423355579376
vn 0.00012308757868595421 -0.98798984289169312 0.15451879799365997
vn 0.00011506838927743956 -0.97304487228393555 0.23061586916446686
vn 0.00010657321399776265 -0.95224785804748535 0.30532598495483398
vn 9.7653144621290267E-05 -0.92572396993637085 0.37819984555244446
vn 8.8361834059469402E-05 -0.89363265037536621 0.44879919290542603
vn 7.8755147114861757E-05 -0.85616689920425415 0.51669937372207642
vn 6.8890869442839175E-05 -0.81355208158493042 0.58149206638336182
vn 5.8828321925830096E-05 -0.76604443788528442 0.6427876353263855
vn 4.8628025979269296E-05 -0.71392971277236938 0.70021736621856689
vn 3.8351325201801956E-05 -0.65752136707305908 0.75343590974807739
vn 2.8060023396392353E-05 -0.59715861082077026 0.80212318897247314
vn 1.7816017134464346E-05 -0.53320443630218506 0.84598642587661743
vn 7.6809119491372257E-06 -0.46604353189468384 0.88476181030273438
vn -2.284337369928835E-06 -0.39607977867126465 0.91821610927581787
vn -1.2019798305118456E-05 -0.32373395562171936 0.94614815711975098
vn -2.1466921680257656E-05 -0.24944114685058594 0.96838998794555664
vn -3.0568888178095222E-05 -0.1736481785774231 0.98480772972106934
vn -3.9270962588489056E-05 -0.096810877323150635 0.99530279636383057
vn -4.7520807129330933E-05 -0.019391337409615517 0.99981194734573364
vn -5.526880340767093E-05 0.058144822716712952 0.99830818176269531
vn -6.2468359828926623E-05 0.13533128798007965 0.99080038070678711
vn -6.9076173531357199E-05 0.21170386672019958 0.97733384370803833
vn -7.5052499596495181E-05 0.28680321574211121 0.95798951387405396
vn -8.0361409345641732E-05 0.36017772555351257 0.93288367986679077
vn -8.4970961324870586E-05 0.43138605356216431 0.90216743946075439
vn -8.8853441411629319E-05 0.5 0.86602538824081421
vn -9.1985493781976402E-05 0.56560689210891724 0.82467502355575562
vn -9.4348288257606328E-05 0.62781214714050293 0.77836489677429199
vn -9.5927607617340982E-05 0.68624162673950195 0.72737365961074829
vn -9.6713956736493856E-05 0.74054402112960815 0.67200785875320435
vn -9.670260624261573E-05 0.79039263725280762 0.61260056495666504
vn -9.5893628895282745E-05 0.83548778295516968 0.54950898885726929
vn -9.4291885034181178E-05 0.87555819749832153 0.48311260342597961
vn -9.1907008027192205E-05 0.91036295890808105 0.41381072998046875
vn -8.8753346062730998E-05 0.93969261646270752 0.34202015399932861
vn -8.4849853010382503E-05 0.96337085962295532 0.26817262172698975
vn -8.0220015661325306E-05 0.98125529289245605 0.19271226227283478
vn -7.4891679105348885E-05 0.99323832988739014 0.11609291285276413
vn -6.8896886659786105E-05 0.9992479681968689 0.038775373250246048
vn -6.2271683418657631E-05 0.9992479681968689 -0.03877536952495575
vn -5.5055927077773958E-05 0.99323832988739014 -0.11609291285276413
vn -4.7293004172388464E-05 0.98125529289245605 -0.19271226227283478
vn -3.902960816049017E-05 0.96337085962295532 -0.26817262172698975
vn -3.0315432013594545E-05 0.93969261646270752 -0.34202012419700623
vn -2.1202886273385957E-05 0.91036295890808105 -0.41381072998046875
vn -1.1746774362109136E-05 0.87555825710296631 -0.48311260342597961
vn -2.0039653918502154E-06 0.83548784255981445 -0.54950898885726929
vn 7.9669453043607064E-06 0.79039269685745239 -0.61260056495666504
vn 1.8105991330230609E-05 0.74054402112960815 -0.67200785875320435
vn 2.8352196750347503E-05 0.68624162673950195 -0.72737365961074829
vn 3.8643935113213956E-05 0.62781214714050293 -0.77836489677429199
vn 4.8919318942353129E-05 0.56560689210891724 -0.82467502355575562
vn 5.9116544434800744E-05 0.5 -0.86602538824081421
vn 6.9174282543826848E-05 0.43138608336448669 -0.90216743946075439
vn 7.9032055509742349E-05 0.36017772555351257 -0.93288367986679077
vn 8.8630564277991652E-05 0.28680324554443359 -0.95798951387405396
vn 9.791208867682144E-05 0.21170388162136078 -0.97733384370803833
vn 0.0001068208075594157 0.13533131778240204 -0.99080038070678711
vn 0.00011530314804986119 0.058144841343164444 -0.99830812215805054
vn 0.00012330808385740966 -0.019391318783164024 -0.99981194734573364
vn 0.00013078749179840088 -0.096810854971408844 -0.99530279636383057
vn 0.00013769636279903352 -0.1736481636762619 -0.98480772972106934
vn 0.00014399318024516106 -0.24944113194942474 -0.96838992834091187
vn 0.00014964003639761358 -0.32373392581939697 -0.94614815711975098
vn 0.00015460299619007856 -0.39607974886894226 -0.91821610927581787
vn 0.00015885221364442259 -0.46604350209236145 -0.88476181030273438
vn 0.00016236212104558945 -0.53320443630218506 -0.84598642587661743
vn 0.00016511161811649799 -0.59715855121612549 -0.80212318897247314
vn 0.00016708414477761835 -0.65752136707305908 -0.75343590974807739
vn 0.00016826787032186985 -0.71392971277236938 -0.70021736621856689
vn 0.0001686556643107906 -0.76604443788528442 -0.64278757572174072
vn 0.00016824519843794405 -0.81355208158493042 -0.58149206638336182
vn 0.00016703893197700381 -0.85616689920425415 -0.51669937372207642
vn 0.0001650441117817536 -0.89363265037536621 -0.44879916310310364
vn 0.00016227275773417205 -0.92572396993637085 -0.37819984555244446
vn 0.00015874153177719563 -0.95224785804748535 -0.30532598495483398
vn 0.00015447165060322732 -0.97304487228393555 -0.23061586916446686
vn 0.0001494888128945604 -0.98798984289169312 -0.15451878309249878
vn 0.00014382299559656531 -0.99699294567108154 -0.077492415904998779
vn 0.0001439745828974992 -0.99683880805969238 -0.079450160264968872
vn 0.00014975780504755676 -0.98737531900405884 -0.15839801728725433
vn 0.00015482131857424974 -0.97166931629180908 -0.23634442687034607
vn 0.00015913312381599098 -0.94982010126113892 -0.31279659271240234
vn 0.00016266596503555775 -0.9219658374786377 -0.38727116584777832
vn 0.00016539749049115926 -0.88828259706497192 -0.45929726958274841
vn 0.00016731045616324991 -0.84898334741592407 -0.52841955423355103
vn 0.00016839274030644447 -0.80431658029556274 -0.59420102834701538
vn 0.00016863751807250082 -0.75456458330154419 -0.65622574090957642
vn 0.00016804324695840478 -0.70004206895828247 -0.71410161256790161
vn 0.00016661366680637002 -0.64109361171722412 -0.76746267080307007
vn 0.00016435781435575336 -0.57809197902679443 -0.81597161293029785
vn 0.00016128996503539383 -0.51143544912338257 -0.85932165384292603
vn 0.00015742951654829085 -0.44154548645019531 -0.89723885059356689
vn 0.00015280087245628238 -0.36886391043663025 -0.92948341369628906
vn 0.00014743328210897744 -0.29385027289390564 -0.95585143566131592
vn 0.00014136069512460381 -0.21697878837585449 -0.97617632150650024
vn 0.00013462151400744915 -0.13873551785945892 -0.99032944440841675
vn 0.00012725831766147166 -0.059615112841129303 -0.99822145700454712
vn 0.00011931768676731735 0.019882200285792351 -0.9998023509979248
vn 0.00011084980360465124 0.099253810942173004 -0.99506217241287231
vn 0.00010190821922151372 0.1779979020357132 -0.98403084278106689
vn 9.2549460532609373E-05 0.25561663508415222 -0.9667782187461853
vn 8.2832695625256747E-05 0.33161929249763489 -0.94341331720352173
vn 7.281935540959239E-05 0.4055253267288208 -0.91408377885818481
vn 6.2572755268774927E-05 0.47686749696731567 -0.87897521257400513
vn 5.2157665777485818E-05 0.54519480466842651 -0.83830940723419189
vn 4.1639941628091037E-05 0.61007517576217651 -0.79234355688095093
vn 3.1086077797226608E-05 0.67109841108322144 -0.74136823415756226
vn 2.0562800273182802E-05 0.72787880897521973 -0.68570578098297119
vn 1.0136640412383713E-05 0.78005731105804443 -0.62570804357528687
vn -1.2648557401462313E-07 0.82730406522750854 -0.56175440549850464
vn -1.0161689715459943E-05 0.86932027339935303 -0.49424919486045837
vn -1.9905526642105542E-05 0.90584039688110352 -0.42361915111541748
vn -2.9296394131961279E-05 0.93663352727890015 -0.35031083226203918
vn -3.8274916732916608E-05 0.96150487661361694 -0.27478775382041931
vn -4.678433106164448E-05 0.98029738664627075 -0.19752739369869232
vn -5.4770840506535023E-05 0.99289208650588989 -0.11901818960905075
vn -6.2183949921745807E-05 0.99920940399169922 -0.039756510406732559
vn -6.8976783950347453E-05 0.99920940399169922 0.039756517857313156
vn -7.5106407166458666E-05 0.99289208650588989 0.11901819705963135
vn -8.0534067819826305E-05 0.98029738664627075 0.19752739369869232
vn -8.5225437942426652E-05 0.96150487661361694 0.2747877836227417
vn -8.9150860731024295E-05 0.93663346767425537 0.35031086206436157
vn -9.228552517015487E-05 0.90584039688110352 0.42361915111541748
vn -9.4609611551277339E-05 0.86932027339935303 0.49424919486045837
vn -9.6108422440011054E-05 0.82730400562286377 0.56175440549850464
vn -9.6772477263584733E-05 0.78005731105804443 0.62570810317993164
vn -9.659759234637022E-05 0.72787880897521973 0.68570578098297119
vn -9.5584859082009643E-05 0.67109841108322144 0.74136823415756226
vn -9.3740687589161098E-05 0.61007511615753174 0.79234355688095093
vn -9.1076733951922506E-05 0.54519474506378174 0.83830940723419189
vn -8.7609842012170702E-05 0.47686749696731567 0.87897521257400513
vn -8.3361934230197221E-05 0.4055253267288208 0.91408383846282959
vn -7.8359866165556014E-05 0.3316192626953125 0.94341331720352173
vn -7.2635251854080707E-05 0.25561663508415222 0.9667782187461853
vn -6.6224296460859478E-05 0.177997887134552 0.98403084278106689
vn -5.9167527069803327E-05 0.09925379604101181 0.99506217241287231
vn -5.1509559853002429E-05 0.019882183521986008 0.9998023509979248
vn -4.3298812670400366E-05 -0.059615131467580795 0.99822145700454712
vn -3.4587195841595531E-05 -0.13873553276062012 0.99032944440841675
vn -2.5429781089769676E-05 -0.21697881817817688 0.97617632150650024
vn -1.5884472304605879E-05 -0.29385027289390564 0.95585143566131592
vn -6.0116153690614738E-06 -0.36886394023895264 0.92948341369628906
vn 4.1263715502282139E-06 -0.44154548645019531 0.89723885059356689
vn 1.4465391359408386E-05 -0.51143550872802734 0.85932165384292603
vn 2.4940078219515271E-05 -0.57809197902679443 0.81597161293029785
vn 3.5484208638081327E-05 -0.64109361171722412 0.76746267080307007
vn 4.6031116653466597E-05 -0.70004206895828247 0.71410161256790161
vn 5.6514123571105301E-05 -0.75456464290618896 0.65622574090957642
vn 6.6866952693089843E-05 -0.80431658029556274 0.59420102834701538
vn 7.702414586674422E-05 -0.84898334741592407 0.52841955423355103
vn 8.6921492766123265E-05 -0.88828259706497192 0.4592972993850708
vn 9.6496412879787385E-05 -0.9219658374786377 0.38727116584777832
vn 0.00010568837751634419 -0.94982010126113892 0.31279662251472473
vn 0.00011443926632637158 -0.97166931629180908 0.23634444177150726
vn 0.00012269374565221369 -0.98737531900405884 0.15839803218841553
vn 0.00013039965415373445 -0.99683880805969238 0.079450167715549469
vn 0.00011789102427428588 -0.97886687517166138 0.20449861884117126
vn 0.00010709667549235746 -0.95366197824478149 0.30088016390800476
vn 9.5595954917371273E-05 -0.91899228096008301 0.39427557587623596
vn 7.1349328209180385E-05 -0.82454878091812134 0.56579083204269409
vn 8.3563936641439795E-05 -0.87543964385986328 0.48332744836807251
vn 5.8802073908736929E-05 -0.7659153938293457 0.64294141530990601
vn 4.6039986045798287E-05 -0.70008993148803711 0.71405470371246338
vn 2.0351564671727829E-05 -0.54939717054367065 0.83556133508682251
vn 3.3182906918227673E-05 -0.62769055366516113 0.77846294641494751
vn -4.7533330871374346E-06 -0.37811726331710815 0.92575770616531372
vn 7.6664455264108256E-06 -0.46594482660293579 0.88481378555297852
vn -1.6791149391792715E-05 -0.28673911094665527 0.95800870656967163
vn -2.833396865753457E-05 -0.19266848266124725 0.98126393556594849
vn -4.9506728828419E-05 -4.8766191085292121E-09 1
vn -3.992037454736419E-05 -0.090887628495693207 0.99586117267608643
vn -6.8475193984340876E-05 0.20449860394001007 0.97886687517166138
vn -5.9801466704811901E-05 0.10608747601509094 0.99435681104660034
vn -7.6112795795779675E-05 0.30088016390800476 0.95366197824478149
vn -8.263846393674612E-05 0.39427557587623596 0.91899228096008301
vn -9.1993402747903019E-05 0.56579083204269409 0.82454878091812134
vn -8.7964028352871537E-05 0.48332741856575012 0.87543964385986328
vn -9.4821611128281802E-05 0.64294141530990601 0.7659153938293457
vn -9.6422118076588959E-05 0.71405470371246338 0.70008993148803711
vn -9.5891547971405089E-05 0.83556133508682251 0.54939717054367065
vn -9.6779884188435972E-05 0.77846294641494751 0.62769055366516113
vn -9.3765454948879778E-05 0.88481378555297852 0.46594482660293579
vn -8.589128265157342E-05 0.95800870656967163 0.28673911094665527
vn -9.042157034855336E-05 0.92575770616531372 0.37811726331710815
vn -7.3004812293220311E-05 0.99586117267608643 0.090887628495693207
vn -8.0217148934025317E-05 0.98126387596130371 0.19266848266124725
vn -6.5660678956191987E-05 1 2.9164917147994629E-09
vn -5.602430974249728E-05 0.99435681104660034 -0.10608747601509094
vn -4.6043460315559059E-05 0.97886687517166138 -0.20449861884117126
vn -3.5249107895651832E-05 0.95366197824478149 -0.30088016390800476
vn -1.1716374501702376E-05 0.87543964385986328 -0.48332741856575012
vn -2.3748389139655046E-05 0.91899228096008301 -0.39427557587623596
vn 4.9823449899122352E-07 0.82454884052276611 -0.56579083204269409
vn 1.3045492778473999E-05 0.7659153938293457 -0.64294141530990601
vn 3.8664660678477958E-05 0.62769055366516113 -0.77846294641494751
vn 2.580757973191794E-05 0.70008993148803711 -0.71405470371246338
vn 5.1496001105988398E-05 0.54939717054367065 -0.83556133508682251
vn 7.6600896136369556E-05 0.37811726331710815 -0.92575770616531372
vn 6.4181120251305401E-05 0.46594482660293579 -0.88481378555297852
vn 8.8638713350519538E-05 0.28673914074897766 -0.95800870656967163
vn 0.00010018153261626139 0.19266849756240845 -0.98126387596130371
vn 0.00012135429278714582 1.2175217278809214E-08 -1
vn 0.00011176794214406982 0.090887635946273804 -0.99586117267608643
vn 0.00013164903793949634 -0.10608746856451035 -0.99435681104660034
vn 0.00014032276521902531 -0.20449860394001007 -0.97886687517166138
vn 0.00014796036703046411 -0.30088016390800476 -0.95366191864013672
vn 0.00015981159231159836 -0.48332741856575012 -0.87543964385986328
vn 0.00015448602789547294 -0.39427554607391357 -0.91899228096008301
vn 0.00016384095943067223 -0.56579083204269409 -0.82454878091812134
vn 0.0001682696893112734 -0.7140546441078186 -0.70008993148803711
vn 0.00016666918236296624 -0.64294135570526123 -0.7659153938293457
vn 0.0001686274481471628 -0.77846294641494751 -0.62769055366516113
vn 0.00016773911193013191 -0.83556133508682251 -0.54939711093902588
vn 0.0001656130189076066 -0.88481378555297852 -0.46594482660293579
vn 0.00016226913430728018 -0.92575770616531372 -0.37811723351478577
vn 0.00015773884661030024 -0.95800870656967163 -0.28673911094665527
vn 0.00014485238352790475 -0.99586117267608643 -0.09088762104511261
vn 0.00015206472016870975 -0.98126387596130371 -0.19266848266124725
vn -0.74935966730117798 -0.66216319799423218 -6.402382132364437E-05
vn -0.74935966730117798 -0.66216319799423218 -6.402382132364437E-05
vn -0.74942594766616821 -0.43169480562210083 0.50199633836746216
vn -0.74935966730117798 -0.66216319799423218 -6.402382132364437E-05
vn -0.74935966730117798 -0.66216319799423218 -6.402382132364437E-05
vn -0.74936610460281372 -0.65833503007888794 0.071030996739864349
vn -0.74937325716018677 -0.64689481258392334 0.14130388200283051
vn -0.74938106536865234 -0.62797480821609497 0.20994199812412262
vn -0.74938935041427612 -0.60179388523101807 0.2761516273021698
vn -0.74939811229705811 -0.56865465641021729 0.33916708827018738
vn -0.74940723180770874 -0.52894043922424316 0.3982597291469574
vn -0.7494165301322937 -0.48311051726341248 0.45274618268013
vn -0.74940943717956543 -0.51833450794219971 0.41196459531784058
vn -0.74940228462219238 -0.55106312036514282 0.3670499324798584
vn -0.74939531087875366 -0.57990974187850952 0.31954872608184814
vn -0.74938851594924927 -0.60467106103897095 0.26979568600654602
vn -0.74938201904296875 -0.62517273426055908 0.21814131736755371
vn -0.74937587976455688 -0.64127016067504883 0.16494958102703094
vn -0.7493700385093689 -0.65285009145736694 0.1105952188372612
vn -0.74936461448669434 -0.65983080863952637 0.055461201816797256
vn -0.74942249059677124 -0.45102444291114807 0.48470902442932129
vn -0.74941933155059814 -0.46824264526367188 0.46810197830200195
vn -0.74941658973693848 -0.48275673389434814 0.4531233012676239
vn -0.74941402673721313 -0.49587628245353699 0.43873152136802673
vn -0.74941164255142212 -0.50769990682601929 0.42499762773513794
vn -0.7493666410446167 -0.65771466493606567 0.076557353138923645
vn -0.7493821382522583 -0.62484699487686157 0.21907214820384979
vn -0.74939030408859253 -0.59853196144104004 0.2831496000289917
vn -0.74940770864486694 -0.52660894393920898 0.40133661031723022
vn -0.74939882755279541 -0.56566601991653442 0.34412690997123718
vn -1 -1.3588851288659498E-05 -8.5472755017690361E-05
vn -1 -1.3588851288659498E-05 -8.5472755017690361E-05
vn -1 -1.3588851288659498E-05 -8.5472755017690361E-05
vn -1 -1.3588851288659498E-05 -8.5472755017690361E-05
vn -1 -1.3588851288659498E-05 -8.5472755017690361E-05
vn -1 -1.3588851288659498E-05 -8.5472755017690361E-05
vn -1 -1.3588851288659498E-05 -8.5472755017690361E-05
vn -1 -1.3588851288659498E-05 -8.5472755017690361E-05
vn -1 -1.3588851288659498E-05 -8.5472755017690361E-05
vn -1 -1.3588851288659498E-05 -8.5472755017690361E-05
vn -1 -1.3588851288659498E-05 -8.5472755017690361E-05
vn -1 -1.3588851288659498E-05 -8.5472755017690361E-05
vn -1 -1.3588851288659498E-05 -8.5472755017690361E-05
vn -1 -1.3588851288659498E-05 -8.5472755017690361E-05
vn -1 -1.3588851288659498E-05 -8.5472755017690361E-05
vn -1 -1.3588851288659498E-05 -8.5472755017690361E-05
vn -1 -1.3588851288659498E-05 -8.5472755017690361E-05
vn -1 -1.3588851288659498E-05 -8.5472755017690361E-05
vn -1 -1.3588851288659498E-05 -8.5472755017690361E-05
vn -1 -1.3588851288659498E-05 -8.5472755017690361E-05
vn -1 -1.3588851288659498E-05 -8.5472755017690361E-05
vn -1 -1.3588851288659498E-05 -8.5472755017690361E-05
vn -1 -1.3588851288659498E-05 -8.5472755017690361E-05
vn -1 -1.3588851288659498E-05 -8.5472755017690361E-05
vn -1 -1.3588851288659498E-05 -8.5472755017690361E-05
vn -1 -1.3588851288659498E-05 -8.5472755017690361E-05
vn -1 -1.3588851288659498E-05 -8.5472755017690361E-05
vn -1 -1.3588851288659498E-05 -8.5472755017690361E-05
vn -1 -1.3588851288659498E-05 -8.5472755017690361E-05
vn -1 -1.3588851288659498E-05 -8.5472755017690361E-05
vn -1 -1.3588851288659498E-05 -8.5472755017690361E-05
vn -1 -1.3588851288659498E-05 -8.5472755017690361E-05
vn -1 -1.3588851288659498E-05 -8.5472755017690361E-05
vn -1 -1.3588851288659498E-05 -8.5472755017690361E-05
vn -1 -1.3588851288659498E-05 -8.5472755017690361E-05
vn -1 -1.3588851288659498E-05 -8.5472755017690361E-05
vn -1 -1.3588851288659498E-05 -8.5472755017690361E-05
vn -1 -1.3588851288659498E-05 -8.5472755017690361E-05
vn -1 -1.3588851288659498E-05 -8.5472755017690361E-05
vn -1 -1.3588851288659498E-05 -8.5472755017690361E-05
vn -1 -1.3588851288659498E-05 -8.5472755017690361E-05
vn -1 -1.3588851288659498E-05 -8.5472755017690361E-05
vn -1 -1.3588851288659498E-05 -8.5472755017690361E-05
vn -1 -1.3588851288659498E-05 -8.5472755017690361E-05
vn -1 -1.3588851288659498E-05 -8.5472755017690361E-05
vn -1 -1.3588851288659498E-05 -8.5472755017690361E-05
vn -1 -1.3588851288659498E-05 -8.5472755017690361E-05
vn -1 -1.3588851288659498E-05 -8.5472755017690361E-05
vn -1 -1.3588851288659498E-05 -8.5472755017690361E-05
vn -1 -1.3588851288659498E-05 -8.5472755017690361E-05
vn -1 -1.3588851288659498E-05 -8.5472755017690361E-05
vn -1 -1.3588851288659498E-05 -8.5472755017690361E-05
vn -1 -1.3588851288659498E-05 -8.5472755017690361E-05
vn -1 -1.3588851288659498E-05 -8.5472755017690361E-05
vn -1 -1.3588851288659498E-05 -8.5472755017690361E-05
vn -1 -1.3588851288659498E-05 -8.5472755017690361E-05
vn -1 -1.3588851288659498E-05 -8.5472755017690361E-05
vn -1 -1.3588851288659498E-05 -8.5472755017690361E-05
vn -1 -1.3588851288659498E-05 -8.5472755017690361E-05
vn -1 -1.3588851288659498E-05 -8.5472755017690361E-05
vn -1 -1.3588851288659498E-05 -8.5472755017690361E-05
vn -1 -1.3588851288659498E-05 -8.5472755017690361E-05
vn -1 -1.3588851288659498E-05 -8.5472755017690361E-05
vn -1 -1.3588851288659498E-05 -8.5472755017690361E-05
vn -1 -1.3588851288659498E-05 -8.5472755017690361E-05
vn -1 -1.3588851288659498E-05 -8.5472755017690361E-05
vn -1 -1.3588851288659498E-05 -8.5472755017690361E-05
vn -1 -1.3588851288659498E-05 -8.5472755017690361E-05
vn -1 -1.3588851288659498E-05 -8.5472755017690361E-05
vn -1 -1.3588851288659498E-05 -8.5472755017690361E-05
vn -1 -1.3588851288659498E-05 -8.5472755017690361E-05
vn -1 -1.3588851288659498E-05 -8.5472755017690361E-05
vn -1 -1.3588851288659498E-05 -8.5472755017690361E-05
vn -1 -1.3588851288659498E-05 -8.5472755017690361E-05
vn -1 -1.3588851288659498E-05 -8.5472755017690361E-05
vn -1 -1.3588851288659498E-05 -8.5472755017690361E-05
vn -1 -1.3588851288659498E-05 -8.5472755017690361E-05
vn -1 -1.3588851288659498E-05 -8.5472755017690361E-05
vn -1 -1.3588851288659498E-05 -8.5472755017690361E-05
vn -1 -1.3588851288659498E-05 -8.5472755017690361E-05
vn -1 -1.3588851288659498E-05 -8.5472755017690361E-05
vn -1 -1.3588851288659498E-05 -8.5472755017690361E-05
vn -1 -1.3588851288659498E-05 -8.5472755017690361E-05
vn -1 -1.3588851288659498E-05 -8.5472755017690361E-05
vn -1 -1.3588851288659498E-05 -8.5472755017690361E-05
vn -8.5472725913859904E-05 -1.8932947796201915E-06 1
vn -8.5472725913859904E-05 -1.8932947796201915E-06 1
vn -8.5472725913859904E-05 -1.8932947796201915E-06 1
vn -8.5472725913859904E-05 -1.8932947796201915E-06 1
vn -8.5472725913859904E-05 -1.8932947796201915E-06 1
vn -8.5472725913859904E-05 -1.8932947796201915E-06 1
vn -8.5472725913859904E-05 -1.8932947796201915E-06 1
vn -8.5472725913859904E-05 -1.8932947796201915E-06 1
vn -8.5472725913859904E-05 -1.8932947796201915E-06 1
vn -8.5472725913859904E-05 -1.8932947796201915E-06 1
vn -8.5472725913859904E-05 -1.8932947796201915E-06 1
vn -8.5472725913859904E-05 -1.8932947796201915E-06 1
vn -8.5472725913859904E-05 -1.8932947796201915E-06 1
vn -8.5472725913859904E-05 -1.8932947796201915E-06 1
vn -8.5472725913859904E-05 -1.8932947796201915E-06 1
vn -8.5472725913859904E-05 -1.8932947796201915E-06 1
vn -8.5472725913859904E-05 -1.8932947796201915E-06 1
vn -8.5472725913859904E-05 -1.8932947796201915E-06 1
vn -8.5472725913859904E-05 -1.8932947796201915E-06 1
vn -8.5472725913859904E-05 -1.8932947796201915E-06 1
vn -8.5472725913859904E-05 -1.8932947796201915E-06 1
vn -8.5472725913859904E-05 -1.8932947796201915E-06 1
vn -8.5472725913859904E-05 -1.8932947796201915E-06 1
vn -8.5472725913859904E-05 -1.8932947796201915E-06 1
vn -8.5472725913859904E-05 -1.8932947796201915E-06 1
vn -8.5472725913859904E-05 -1.8932947796201915E-06 1
vn -8.5472725913859904E-05 -1.8932947796201915E-06 1
vn -8.5472725913859904E-05 -1.8932947796201915E-06 1
vn -8.5472725913859904E-05 -1.8932947796201915E-06 1
vn -8.5472725913859904E-05 -1.8932947796201915E-06 1
vn -8.5472725913859904E-05 -1.8932947796201915E-06 1
vn -8.5472725913859904E-05 -1.8932947796201915E-06 1
vn -8.5472725913859904E-05 -1.8932947796201915E-06 1
vn -8.5472725913859904E-05 -1.8932947796201915E-06 1
vn -8.5472725913859904E-05 -1.8932947796201915E-06 1
vn -8.5472725913859904E-05 -1.8932947796201915E-06 1
vn -8.5472725913859904E-05 -1.8932947796201915E-06 1
vn -8.5472725913859904E-05 -1.8932947796201915E-06 1
vn -8.5472725913859904E-05 -1.8932947796201915E-06 1
vn -8.5472725913859904E-05 -1.8932947796201915E-06 1
vn -8.5472725913859904E-05 -1.8932947796201915E-06 1
vn -8.5472725913859904E-05 -1.8932947796201915E-06 1
vn -8.5472725913859904E-05 -1.8932947796201915E-06 1
vn -8.5472725913859904E-05 -1.8932947796201915E-06 1
vn -8.5472725913859904E-05 -1.8932947796201915E-06 1
vn -8.5472725913859904E-05 -1.8932947796201915E-06 1
vn -8.5472725913859904E-05 -1.8932947796201915E-06 1
vn -8.5472725913859904E-05 -1.8932947796201915E-06 1
vn -8.5472725913859904E-05 -1.8932947796201915E-06 1
vn -8.5472725913859904E-05 -1.8932947796201915E-06 1
vn -8.5472725913859904E-05 -1.8932947796201915E-06 1
vn -8.5472725913859904E-05 -1.8932947796201915E-06 1
vn -8.5472725913859904E-05 -1.8932947796201915E-06 1
vn -8.5472725913859904E-05 -1.8932947796201915E-06 1
vn -8.5472725913859904E-05 -1.8932947796201915E-06 1
vn -8.5472725913859904E-05 -1.8932947796201915E-06 1
vn -8.5472725913859904E-05 -1.8932947796201915E-06 1
vn -8.5472725913859904E-05 -1.8932947796201915E-06 1
vn -8.5472725913859904E-05 -1.8932947796201915E-06 1
vn -8.5472725913859904E-05 -1.8932947796201915E-06 1
vn -8.5472725913859904E-05 -1.8932947796201915E-06 1
vn -0.74934017658233643 -0.43170630931854248 -0.50211453437805176
vn -0.74935966730117798 -0.66216319799423218 -6.402382132364437E-05
vn -0.74935966730117798 -0.66216319799423218 -6.402382132364437E-05
vn -0.74935966730117798 -0.66216319799423218 -6.402382132364437E-05
vn -0.74935966730117798 -0.66216319799423218 -6.402382132364437E-05
vn -0.74933904409408569 -0.51833713054656982 -0.41208928823471069
vn -0.74933904409408569 -0.50167369842529297 -0.43222048878669739
vn -0.74933916330337524 -0.48196810483932495 -0.45408982038497925
vn -0.7493395209312439 -0.45878422260284424 -0.47750112414360046
vn -0.74933916330337524 -0.48311960697174072 -0.45286452770233154
vn -0.74933916330337524 -0.52894729375839233 -0.39837870001792908
vn -0.74934017658233643 -0.56865954399108887 -0.33928701281547546
vn -0.74934220314025879 -0.60179704427719116 -0.27627277374267578
vn -0.74934518337249756 -0.62797665596008301 -0.21006464958190918
vn -0.74934911727905273 -0.6468956470489502 -0.14142821729183197
vn -0.74935394525527954 -0.65833526849746704 -0.071157157421112061
vn -0.74935513734817505 -0.65983086824417114 -0.055588711053133011
vn -0.7493511438369751 -0.65285027027130127 -0.11072220653295517
vn -0.74934768676757813 -0.64127057790756226 -0.16507606208324432
vn -0.74934476613998413 -0.62517338991165161 -0.21826733648777008
vn -0.74934244155883789 -0.6046721339225769 -0.26992127299308777
vn -0.7493407130241394 -0.57991129159927368 -0.31967395544052124
vn -0.74933958053588867 -0.55106520652770996 -0.36717483401298523
vn -0.74933910369873047 -0.52505642175674438 -0.40349304676055908
vn -0.74934184551239014 -0.59778296947479248 -0.28485485911369324
vn -0.74934482574462891 -0.6256866455078125 -0.21679139137268066
vn -0.74934881925582886 -0.64586758613586426 -0.14605258405208588
vn -0.74935376644134521 -0.6580767035484314 -0.073511630296707153
vn -1 2.3202582077885836E-09 -8.5470208432525396E-05
vn -1 2.3202582077885836E-09 -8.5470208432525396E-05
vn -1 2.3202582077885836E-09 -8.5470208432525396E-05
vn -1 2.3202582077885836E-09 -8.5470208432525396E-05
vn -1 2.3202582077885836E-09 -8.5470208432525396E-05
vn -1 2.3202582077885836E-09 -8.5470208432525396E-05
vn -1 2.3202582077885836E-09 -8.5470208432525396E-05
vn -1 2.3202582077885836E-09 -8.5470208432525396E-05
vn -1 2.3202582077885836E-09 -8.5470208432525396E-05
vn -1 2.3202582077885836E-09 -8.5470208432525396E-05
vn -1 2.3202582077885836E-09 -8.5470208432525396E-05
vn -1 2.3202582077885836E-09 -8.5470208432525396E-05
vn -1 2.3202582077885836E-09 -8.5470208432525396E-05
vn -1 2.3202582077885836E-09 -8.5470208432525396E-05
vn -1 2.3202582077885836E-09 -8.5470208432525396E-05
vn -1 2.3202582077885836E-09 -8.5470208432525396E-05
vn -1 2.3202582077885836E-09 -8.5470208432525396E-05
vn -1 2.3202582077885836E-09 -8.5470208432525396E-05
vn -1 2.3202582077885836E-09 -8.5470208432525396E-05
vn -1 2.3202582077885836E-09 -8.5470208432525396E-05
vn -1 2.3202582077885836E-09 -8.5470208432525396E-05
vn -1 2.3202582077885836E-09 -8.5470208432525396E-05
vn -1 2.3202582077885836E-09 -8.5470208432525396E-05
vn -1 2.3202582077885836E-09 -8.5470208432525396E-05
vn -1 2.3202582077885836E-09 -8.5470208432525396E-05
vn -1 2.3202582077885836E-09 -8.5470208432525396E-05
vn -1 2.3202582077885836E-09 -8.5470208432525396E-05
vn -1 2.3202582077885836E-09 -8.5470208432525396E-05
vn -1 2.3202582077885836E-09 -8.5470208432525396E-05
vn -1 2.3202582077885836E-09 -8.5470208432525396E-05
vn -1 2.3202582077885836E-09 -8.5470208432525396E-05
vn -1 2.3202582077885836E-09 -8.5470208432525396E-05
vn -1 2.3202582077885836E-09 -8.5470208432525396E-05
vn -1 2.3202582077885836E-09 -8.5470208432525396E-05
vn -1 2.3202582077885836E-09 -8.5470208432525396E-05
vn -1 2.3202582077885836E-09 -8.5470208432525396E-05
vn -1 2.3202582077885836E-09 -8.5470208432525396E-05
vn -1 2.3202582077885836E-09 -8.5470208432525396E-05
vn -1 2.3202582077885836E-09 -8.5470208432525396E-05
vn -1 2.3202582077885836E-09 -8.5470208432525396E-05
vn -1 2.3202582077885836E-09 -8.5470208432525396E-05
vn -1 2.3202582077885836E-09 -8.5470208432525396E-05
vn -1 2.3202582077885836E-09 -8.5470208432525396E-05
vn -1 2.3202582077885836E-09 -8.5470208432525396E-05
vn -1 2.3202582077885836E-09 -8.5470208432525396E-05
vn -1 2.3202582077885836E-09 -8.5470208432525396E-05
vn -1 2.3202582077885836E-09 -8.5470208432525396E-05
vn -1 2.3202582077885836E-09 -8.5470208432525396E-05
vn -1 2.3202582077885836E-09 -8.5470208432525396E-05
vn -1 2.3202582077885836E-09 -8.5470208432525396E-05
vn -1 2.3202582077885836E-09 -8.5470208432525396E-05
vn -1 2.3202582077885836E-09 -8.5470208432525396E-05
vn -1 2.3202582077885836E-09 -8.5470208432525396E-05
vn -1 2.3202582077885836E-09 -8.5470208432525396E-05
vn -1 2.3202582077885836E-09 -8.5470208432525396E-05
vn -1 2.3202582077885836E-09 -8.5470208432525396E-05
vn -1 2.3202582077885836E-09 -8.5470208432525396E-05
vn -1 2.3202582077885836E-09 -8.5470208432525396E-05
vn -1 2.3202582077885836E-09 -8.5470208432525396E-05
vn -1 2.3202582077885836E-09 -8.5470208432525396E-05
vn -1 2.3202582077885836E-09 -8.5470208432525396E-05
vn -1 2.3202582077885836E-09 -8.5470208432525396E-05
vn -1 2.3202582077885836E-09 -8.5470208432525396E-05
vn -1 2.3202582077885836E-09 -8.5470208432525396E-05
vn -1 2.3202582077885836E-09 -8.5470208432525396E-05
vn -1 2.3202582077885836E-09 -8.5470208432525396E-05
vn -1 2.3202582077885836E-09 -8.5470208432525396E-05
vn -1 2.3202582077885836E-09 -8.5470208432525396E-05
vn -1 2.3202582077885836E-09 -8.5470208432525396E-05
vn -1 2.3202582077885836E-09 -8.5470208432525396E-05
vn -1 2.3202582077885836E-09 -8.5470208432525396E-05
vn -1 2.3202582077885836E-09 -8.5470208432525396E-05
vn -1 2.3202582077885836E-09 -8.5470208432525396E-05
vn -1 2.3202582077885836E-09 -8.5470208432525396E-05
vn -1 2.3202582077885836E-09 -8.5470208432525396E-05
vn -1 2.3202582077885836E-09 -8.5470208432525396E-05
vn -1 2.3202582077885836E-09 -8.5470208432525396E-05
vn -1 2.3202582077885836E-09 -8.5470208432525396E-05
vn -1 2.3202582077885836E-09 -8.5470208432525396E-05
vn -1 2.3202582077885836E-09 -8.5470208432525396E-05
vn -1 2.3202582077885836E-09 -8.5470208432525396E-05
vn -1 2.3202582077885836E-09 -8.5470208432525396E-05
vn -1 2.3202582077885836E-09 -8.5470208432525396E-05
vn -1 2.3202582077885836E-09 -8.5470208432525396E-05
vn -1 2.3202582077885836E-09 -8.5470208432525396E-05
vn 0 -1 0
vn 0 -1 0
vn 0 -1 0
vn 0 -1 0
vn 0 -1 0
vn 0 -1 0
vn 0 -1 0
vn 0 -1 0
vn 0 -1 0
vn 0 -1 0
vn 0 -1 0
vn 0 -1 0
vn 0 -1 0
vn 0 -1 0
vn 0 -1 0
vn 0 -1 0
vn 0 -1 0
vn 0 -1 0
vn 0 -1 0
vn 0 -1 0
vn 0 -1 0
vn 0 0 1
vn 0 0 1
vn 0 0 1
vn 0 0 1
vn 0 0 1
vn 0 0 1
vn 0 0 1
vn 0 0 1
vn 0 0 1
vn 0 0 1
vn 0 0 1
vn 0 0 1
vn 0 0 1
vn 0 0 1
vn 0 0 1
vn 0 0 1
vn 0 0 1
vn 0 0 1
vn 0 0 1
vn 0 0 1
vn 0 0 1
vn 0 0 1
vn 0 0 1
vn 0 0 1
vn 0 0 1
vn 0 1 0
vn 0 1 0
vn 0 1 0
vn 0 1 0
vn 0 1 0
vn 0 1 0
vn 0 1 0
vn 0 1 0
vn 0 1 0
vn 0 1 0
vn 0 1 0
vn 0 1 0
vn 0 1 0
vn 0 1 0
vn 0 1 0
vn 0 1 0
vn 0 1 0
vn 0 1 0
vn 0 1 0
vn 0 1 0
vn 0 1 0
vn 0 1 0
vn 0 1 0
vn 0 1 0
vn 0 1 0
vn 0 1 0
vn 0 1 0
vn 0 1 0
vn 0 1 0
vn 0 1 0
vn 0 1 0
vn 0 1 0
vn 0 1 0
vn 0 1 0
vn 0 1 0
vn 0 1 0
vn 0 1 0
vn 0 1 0
vn 0 1 0
vn 0 1 0
vn 0 1 0
vn 0 1 0
vn 0 1 0
vn 0 1 0
vn -1 -0.00010293664672644809 -8.623686881037429E-05
vn -1 -0.00010315881809219718 -8.5430510807782412E-05
vn -1 -0.00010293664672644809 -8.4624152805190533E-05
vn -1 -0.00010298022971255705 -8.615881233708933E-05
vn -1 -0.00010302162991138175 -8.6073283455334604E-05
vn -1 -0.00010305969044566154 -8.5980340372771025E-05
vn -1 -0.00010309318167855963 -8.588036143919453E-05
vn -1 -0.00010312087397323921 -8.5774088802281767E-05
vn -1 -0.00010314161045243964 -8.5662657511420548E-05
vn -1 -0.0001031544670695439 -8.5547544586006552E-05
vn -1 -0.0001031544670695439 -8.5313477029558271E-05
vn -1 -0.00010314161045243964 -8.5198364104144275E-05
vn -1 -0.00010312087397323921 -8.5086925537325442E-05
vn -1 -0.00010309318167855963 -8.4980660176370293E-05
vn -1 -0.00010305969044566154 -8.4880681242793798E-05
vn -1 -0.00010302162991138175 -8.4787738160230219E-05
vn -1 -0.00010298022971255705 -8.4702202002517879E-05
vn -1 -0.00010300889698555693 -8.4759994933847338E-05
vn -1 -0.00010306754120392725 -8.4902239905204624E-05
vn -1 -0.00010311202640878037 -8.5049527115188539E-05
vn -1 -0.00010314192331861705 -8.5200452303979546E-05
vn -1 -0.00010315694089513272 -8.535358210792765E-05
vn -1 -0.00010315694089513272 -8.5507439507637173E-05
vn -1 -0.00010314192331861705 -8.5660562035627663E-05
vn -1 -0.00010311202640878037 -8.5811494500376284E-05
vn -1 -0.00010306754120392725 -8.5958781710360199E-05
vn -1 -0.00010300889698555693 -8.6101026681717485E-05
vn -1 -0.00010309983190381899 -8.5857427620794624E-05
vn -1 -0.00010315881809219718 -8.5430510807782412E-05
vn -1 -0.00010314300743630156 -8.5207953816279769E-05
vn -1 -0.00010309970093658194 -8.5003121057525277E-05
vn -1 -0.00010001010377891362 -8.5430510807782412E-05
vn -1 -0.00010001010377891362 -8.5430510807782412E-05
vn -1 -0.00010001920600188896 -8.5261461208574474E-05
vn -1 -0.00010004641080740839 -8.5094361566007137E-05
vn -1 -0.00010009139805333689 -8.4931154560763389E-05
vn -1 -0.00010015364387072623 -8.4773724665865302E-05
vn -1 -0.00010023244249168783 -8.4623883594758809E-05
vn -1 -0.00010032687714556232 -8.4483370301313698E-05
vn -1 -0.00010043584916274995 -8.4353807324077934E-05
vn -1 -0.00010055809980258346 -8.4236700786277652E-05
vn -1 -0.00010083888628287241 -8.4043887909501791E-05
vn -1 -0.00010077907791128382 -8.4077750216238201E-05
vn -1 -0.00010053579171653837 -8.4256244008429348E-05
vn -1 -0.00010021076013799757 -8.4661398432217538E-05
vn -1 -0.00010001010377891362 -8.5430510807782412E-05
vn -1 -0.00010001010377891362 -8.5430510807782412E-05
vn -1 -0.00010001010377891362 -8.5430510807782412E-05
vn -1 -0.00010001010377891362 -8.5430510807782412E-05
vn -1 -0.00010291781654814258 -8.6267631559167057E-05
vn -1 -0.00010055812890641391 -8.6624342657160014E-05
vn -1 -0.00010043587099062279 -8.6507236119359732E-05
vn -1 -0.00010032689169747755 -8.6377673142123967E-05
vn -1 -0.00010023245704360306 -8.6237159848678857E-05
vn -1 -0.00010015365842264146 -8.6087318777572364E-05
vn -1 -0.00010009139805333689 -8.5929874330759048E-05
vn -1 -0.00010004641080740839 -8.57666673255153E-05
vn -1 -0.00010001920600188896 -8.5599567682947963E-05
vn -1 -0.00010261079296469688 -8.6624349933117628E-05
vn -1 -0.00010243759606964886 -8.6753672803752124E-05
vn -1 -0.00010220618423772976 -8.6876905697863549E-05
vn -1 -0.00010191526962444186 -8.6969717813190073E-05
vn -1 -0.0001015844609355554 -8.7004867964424193E-05
vn -1 -0.00010125365224666893 -8.6969717813190073E-05
vn -1 -0.00010096273763338104 -8.6876905697863549E-05
vn -1 -0.00010073132580146194 -8.6753672803752124E-05
vn -1 -0.00010277771070832387 -8.6457526776939631E-05
vn -1 -0.00010008765093516558 -8.5918523836880922E-05
vn -1 -0.00010026570089394227 -8.6290434410329908E-05
vn -1 -0.00010045896488009021 -8.653135591885075E-05
vn -1 -0.00010062647197628394 -8.6679850937798619E-05
vn -1 -0.00010102085798280314 -8.6900530732236803E-05
vn -1 -0.0001015844609355554 -8.7004867964424193E-05
vn -1 -0.00010216688679065555 -8.6893174739088863E-05
vn -1 -0.0001025652454700321 -8.6662039393559098E-05
vn -1 -0.00010279167327098548 -8.6441075836773962E-05
vn -1 -0.00010001010377891362 -8.5430510807782412E-05
vn -1 -0.00010001010377891362 -8.5430510807782412E-05
vn -1 -0.00010002073395298794 -8.561314461985603E-05
vn -1 -0.00010009791003540158 -8.5948937339708209E-05
vn -1 -0.00010016356827691197 -8.6108491814229637E-05
vn -1 -0.00010034038132289425 -8.6395324615295976E-05
vn -1 -0.00010070696589536965 -8.6737643869128078E-05
vn -1 -0.00010057281178887933 -8.6636813648510724E-05
vn -1 -0.00010045015369541943 -8.6522268247790635E-05
vn -1 -0.00010024475341197103 -8.6257416114676744E-05
vn -1 -0.00010085108806379139 -8.6823623860254884E-05
vn -1 -0.00010100354847963899 -8.6893771367613226E-05
vn -1 -0.00010116260818904266 -8.6947293311823159E-05
vn -1 -0.00010132646275451407 -8.6983585788402706E-05
vn -1 -0.00010150435264222324 -8.7002830696292222E-05
vn -1 -0.00010184642451349646 -8.6982923676259816E-05
vn -1 -0.00010217777889920399 -8.6888787336647511E-05
vn -1 -0.00010201934492215514 -8.6943611677270383E-05
vn -1 -0.0001016696696751751 -8.7002561485860497E-05
vn -1 -0.00010246602323604748 -8.6734908109065145E-05
vn -1 -0.00010232591012027115 -8.6819345597177744E-05
vn -0.74951362609863281 0.43154063820838928 0.50199800729751587
vn -0.74951475858688354 0.51818066835403442 0.41196656227111816
vn -0.74951475858688354 0.49572306871414185 0.4387325644493103
vn -0.74951446056365967 0.46809038519859314 0.46810197830200195
vn -0.74951475858688354 0.50173681974411011 0.43184232711791992
vn -0.74951392412185669 0.56065791845321655 0.35198232531547546
vn -0.74944436550140381 0.51820725202560425 -0.41206115484237671
vn -0.74945199489593506 0.55297785997390747 -0.36405658721923828
vn -0.74945944547653198 0.58331578969955444 -0.31313464045524597
vn -0.74946659803390503 0.6089777946472168 -0.25970342755317688
vn -0.7494734525680542 0.62975829839706421 -0.20419122278690338
vn -0.74947994947433472 0.64549064636230469 -0.14704294502735138
vn -0.74948596954345703 0.65604889392852783 -0.088716641068458557
vn -0.74949157238006592 0.66134822368621826 -0.029679790139198303
vn -0.74949663877487183 0.66134631633758545 0.029594432562589645
vn -0.74950110912322998 0.65604317188262939 0.088630944490432739
vn -0.74950504302978516 0.6454811692237854 0.14695656299591064
vn -0.7495083212852478 0.62974512577056885 0.20410382747650146
vn -0.74951094388961792 0.60896104574203491 0.25961467623710632
vn -0.74951291084289551 0.58329552412033081 0.31304425001144409
vn -0.74951416254043579 0.55295437574386597 0.36396422982215881
vn -0.74943989515304565 0.49626132845878601 -0.43825167417526245
vn -0.74951386451721191 0.5628630518913269 0.34844538569450378
vn -0.74951410293579102 0.55474942922592163 0.36122247576713562
vn -0.74951350688934326 0.57138741016387939 0.33428418636322021
vn -0.74951350688934326 0.57138741016387939 0.33428418636322021
vn -0.74951386451721191 0.56322944164276123 0.34785279631614685
vn -0.74951410293579102 0.55474942922592163 0.36122247576713562
vn -0.74951386451721191 0.56322944164276123 0.34785279631614685
vn -0.74951452016830444 0.53691822290420532 0.38722962141036987
vn -0.74951386451721191 0.56322944164276123 0.34785279631614685
vn -0.74951398372650146 0.55902940034866333 0.35456296801567078
vn -0.74951410293579102 0.55474942922592163 0.36122247576713562
vn -0.74951398372650146 0.55902940034866333 0.35456296801567078
vn -0.74951434135437012 0.54598867893218994 0.37433221936225891
vn -0.74951452016830444 0.53691822290420532 0.38722962141036987
vn -0.74951434135437012 0.54598867893218994 0.37433221936225891
vn -0.74951362609863281 0.56857597827911377 0.33904376626014709
vn -0.74945569038391113 0.56857597827911377 -0.33917182683944702
vn -0.7494472861289978 0.53192204236984253 -0.39419248700141907
vn -0.74951183795928955 0.59896129369735718 0.28191724419593811
vn -0.74950921535491943 0.62362533807754517 0.22209753096103668
vn -0.74950587749481201 0.64233249425888062 0.16015598177909851
vn -0.74950170516967773 0.6549040675163269 0.096684187650680542
vn -0.74949681758880615 0.6612200140953064 0.032288376241922379
vn -0.74949133396148682 0.6612200140953064 -0.032416433095932007
vn -0.74948519468307495 0.6549040675163269 -0.096812248229980469
vn -0.74947845935821533 0.64233249425888062 -0.16028404235839844
vn -0.74947130680084229 0.62362533807754517 -0.22222557663917542
vn -0.74946367740631104 0.59896129369735718 -0.28204530477523804
vn 8.5470208432525396E-05 2.714698166528251E-05 -1
vn 8.5470208432525396E-05 2.714698166528251E-05 -1
vn 8.5470208432525396E-05 2.714698166528251E-05 -1
vn 8.5470208432525396E-05 2.714698166528251E-05 -1
vn 8.5470208432525396E-05 2.714698166528251E-05 -1
vn 8.5470208432525396E-05 2.714698166528251E-05 -1
vn 8.5470208432525396E-05 2.714698166528251E-05 -1
vn 8.5470208432525396E-05 2.714698166528251E-05 -1
vn 8.5470208432525396E-05 2.714698166528251E-05 -1
vn 8.5470208432525396E-05 2.714698166528251E-05 -1
vn 8.5470208432525396E-05 2.714698166528251E-05 -1
vn 8.5470208432525396E-05 2.714698166528251E-05 -1
vn 8.5470208432525396E-05 2.714698166528251E-05 -1
vn 8.5470208432525396E-05 2.714698166528251E-05 -1
vn 8.5470208432525396E-05 2.714698166528251E-05 -1
vn 8.5470208432525396E-05 2.714698166528251E-05 -1
vn 8.5470208432525396E-05 2.714698166528251E-05 -1
vn 8.5470208432525396E-05 2.714698166528251E-05 -1
vn 8.5470208432525396E-05 2.714698166528251E-05 -1
vn 8.5470208432525396E-05 2.714698166528251E-05 -1
vn 8.5470208432525396E-05 2.714698166528251E-05 -1
vn 8.5470208432525396E-05 2.714698166528251E-05 -1
vn 8.5470208432525396E-05 2.714698166528251E-05 -1
vn 8.5470208432525396E-05 2.714698166528251E-05 -1
vn 8.5470208432525396E-05 2.714698166528251E-05 -1
vn 8.5470208432525396E-05 2.714698166528251E-05 -1
vn 8.5470208432525396E-05 2.714698166528251E-05 -1
vn 8.5470208432525396E-05 2.714698166528251E-05 -1
vn 8.5470208432525396E-05 2.714698166528251E-05 -1
vn 8.5470208432525396E-05 2.714698166528251E-05 -1
vn 8.5470208432525396E-05 2.714698166528251E-05 -1
vn 8.5470208432525396E-05 2.714698166528251E-05 -1
vn 8.5470208432525396E-05 2.714698166528251E-05 -1
vn 8.5470208432525396E-05 2.714698166528251E-05 -1
vn 8.5470208432525396E-05 2.714698166528251E-05 -1
vn 8.5470208432525396E-05 2.714698166528251E-05 -1
vn 8.5470208432525396E-05 2.714698166528251E-05 -1
vn 8.5470208432525396E-05 2.714698166528251E-05 -1
vn 8.5470208432525396E-05 2.714698166528251E-05 -1
vn 0.98070710897445679 -0.19548282027244568 0
vn 0.98070710897445679 -0.19548282027244568 0
vn 0.98070710897445679 -0.19548282027244568 0
vn 0.95700556039810181 -0.29006955027580261 0
vn 0.95700556039810181 -0.29006955027580261 0
vn 0.92529559135437012 -0.37924665212631226 0
vn 0.92529559135437012 -0.37924665212631226 0
vn 0.88398236036300659 -0.46752020716667175 0
vn 0.88398236036300659 -0.46752020716667175 0
vn 0.83291095495223999 -0.55340701341629028 0
vn 0.83291095495223999 -0.55340701341629028 0
vn 0.77254939079284668 -0.63495469093322754 0
vn 0.77254939079284668 -0.63495469093322754 0
vn 0.7047918438911438 -0.70941418409347534 0
vn 0.7047918438911438 -0.70941418409347534 0
vn 0.62911927700042725 -0.77730876207351685 0
vn 0.62911927700042725 -0.77730876207351685 0
vn 0.54654484987258911 -0.83742982149124146 0
vn 0.54654484987258911 -0.83742982149124146 0
vn 0.45831656455993652 -0.88878899812698364 0
vn 0.45831656455993652 -0.88878899812698364 0
vn 0.36585506796836853 -0.9306718111038208 0
vn 0.36585506796836853 -0.9306718111038208 0
vn 0.27067857980728149 -0.96266978979110718 0
vn 0.27067857980728149 -0.96266978979110718 0
vn 0.17432299256324768 -0.98468852043151855 0
vn 0.17432299256324768 -0.98468852043151855 0
vn 0.078265562653541565 -0.99693256616592407 0
vn 0.078265562653541565 -0.99693256616592407 0
vn -0.016140453517436981 -0.99986976385116577 0
vn -0.016140453517436981 -0.99986976385116577 0
vn -0.11319953203201294 -0.99357229471206665 0
vn -0.11319953203201294 -0.99357229471206665 0
vn -0.19548282027244568 -0.98070710897445679 0
vn -0.19548282027244568 -0.98070710897445679 0
vn -0.29006955027580261 -0.95700556039810181 0
vn -0.29006955027580261 -0.95700556039810181 0
vn -0.37924665212631226 -0.92529559135437012 0
vn -0.37924665212631226 -0.92529559135437012 0
vn -0.46752020716667175 -0.88398236036300659 0
vn -0.46752020716667175 -0.88398236036300659 0
vn -0.55340701341629028 -0.83291095495223999 0
vn -0.55340701341629028 -0.83291095495223999 0
vn -0.63495469093322754 -0.77254939079284668 0
vn -0.63495469093322754 -0.77254939079284668 0
vn -0.70941418409347534 -0.7047918438911438 0
vn -0.70941418409347534 -0.7047918438911438 0
vn -0.77730876207351685 -0.62911927700042725 0
vn -0.77730876207351685 -0.62911927700042725 0
vn -0.83742982149124146 -0.54654484987258911 0
vn -0.83742982149124146 -0.54654484987258911 0
vn -0.88878899812698364 -0.45831656455993652 0
vn -0.88878899812698364 -0.45831656455993652 0
vn -0.9306718111038208 -0.36585506796836853 0
vn -0.9306718111038208 -0.36585506796836853 0
vn -0.96266978979110718 -0.27067857980728149 0
vn -0.96266978979110718 -0.27067857980728149 0
vn -0.98468852043151855 -0.17432299256324768 0
vn -0.98468852043151855 -0.17432299256324768 0
vn -0.99693256616592407 -0.078265562653541565 0
vn -0.99693256616592407 -0.078265562653541565 0
vn -0.99986976385116577 0.016140453517436981 0
vn -0.99986976385116577 0.016140453517436981 0
vn -0.99357229471206665 0.11319953203201294 0
vn -0.99357229471206665 0.11319953203201294 0
vn -0.98070710897445679 0.19548282027244568 0
vn -0.98070710897445679 0.19548282027244568 0
vn -0.95700556039810181 0.29006955027580261 0
vn -0.95700556039810181 0.29006955027580261 0
vn -0.92529559135437012 0.37924665212631226 0
vn -0.92529559135437012 0.37924665212631226 0
vn -0.88398236036300659 0.46752020716667175 0
vn -0.88398236036300659 0.46752020716667175 0
vn -0.83291095495223999 0.55340701341629028 0
vn -0.83291095495223999 0.55340701341629028 0
vn -0.77254939079284668 0.63495469093322754 0
vn -0.77254939079284668 0.63495469093322754 0
vn -0.7047918438911438 0.70941418409347534 0
vn -0.7047918438911438 0.70941418409347534 0
vn -0.62911927700042725 0.77730876207351685 0
vn -0.62911927700042725 0.77730876207351685 0
vn -0.54654484987258911 0.83742982149124146 0
vn -0.54654484987258911 0.83742982149124146 0
vn -0.45831656455993652 0.88878899812698364 0
vn -0.45831656455993652 0.88878899812698364 0
vn -0.36585506796836853 0.9306718111038208 0
vn -0.36585506796836853 0.9306718111038208 0
vn -0.27067857980728149 0.96266978979110718 0
vn -0.27067857980728149 0.96266978979110718 0
vn -0.17432299256324768 0.98468852043151855 0
vn -0.17432299256324768 0.98468852043151855 0
vn -0.078265562653541565 0.99693256616592407 0
vn -0.078265562653541565 0.99693256616592407 0
vn 0.016140453517436981 0.99986976385116577 0
vn 0.016140453517436981 0.99986976385116577 0
vn 0.11319953203201294 0.99357229471206665 0
vn 0.11319953203201294 0.99357229471206665 0
vn 0.19548282027244568 0.98070710897445679 0
vn 0.19548282027244568 0.98070710897445679 0
vn 0.19548282027244568 0.98070710897445679 0
vn 0.29006955027580261 0.95700556039810181 0
vn 0.29006955027580261 0.95700556039810181 0
vn 0.37924665212631226 0.92529559135437012 0
vn 0.37924665212631226 0.92529559135437012 0
vn 0.46752020716667175 0.88398236036300659 0
vn 0.46752020716667175 0.88398236036300659 0
vn 0.55340701341629028 0.83291095495223999 0
vn 0.55340701341629028 0.83291095495223999 0
vn 0.63495469093322754 0.77254939079284668 0
vn 0.63495469093322754 0.77254939079284668 0
vn 0.70941418409347534 0.7047918438911438 0
vn 0.70941418409347534 0.7047918438911438 0
vn 0.77730876207351685 0.62911927700042725 0
vn 0.77730876207351685 0.62911927700042725 0
vn 0.83742982149124146 0.54654484987258911 0
vn 0.83742982149124146 0.54654484987258911 0
vn 0.88878899812698364 0.45831656455993652 0
vn 0.88878899812698364 0.45831656455993652 0
vn 0.9306718111038208 0.36585506796836853 0
vn 0.9306718111038208 0.36585506796836853 0
vn 0.96266978979110718 0.27067857980728149 0
vn 0.96266978979110718 0.27067857980728149 0
vn 0.98468852043151855 0.17432299256324768 0
vn 0.98468852043151855 0.17432299256324768 0
vn 0.99693256616592407 0.078265562653541565 0
vn 0.99693256616592407 0.078265562653541565 0
vn 0.99986976385116577 -0.016140453517436981 0
vn 0.99986976385116577 -0.016140453517436981 0
vn 0.99357229471206665 -0.11319953203201294 0
vn 0.99357229471206665 -0.11319953203201294 0
vn 0.98070710897445679 -0.19548282027244568 0
vn 0.98070710897445679 -0.19548282027244568 0
vn 0.98070710897445679 -0.19548282027244568 0
vn 0.98070710897445679 -0.19548282027244568 0
vn 0.99357229471206665 -0.11319953203201294 0
vn 0.98794430494308472 -0.15480953454971313 0
vn 0.98794430494308472 -0.15480953454971313 0
vn 0.99986976385116577 -0.016140453517436981 0
vn 0.99693256616592407 0.078265562653541565 0
vn 0.9995262622833252 0.030777866020798683 0
vn 0.9995262622833252 0.030777866020798683 0
vn 0.98468852043151855 0.17432299256324768 0
vn 0.99200880527496338 0.1261688619852066 0
vn 0.99200880527496338 0.1261688619852066 0
vn 0.96266978979110718 0.27067857980728149 0
vn 0.97492045164108276 0.22255362570285797 0
vn 0.97492045164108276 0.22255362570285797 0
vn 0.9306718111038208 0.36585506796836853 0
vn 0.94791960716247559 0.31850969791412354 0
vn 0.94791960716247559 0.31850969791412354 0
vn 0.88878899812698364 0.45831656455993652 0
vn 0.91094791889190674 0.41252145171165466 0
vn 0.91094791889190674 0.41252145171165466 0
vn 0.83742982149124146 0.54654484987258911 0
vn 0.86425620317459106 0.50305187702178955 0
vn 0.86425620317459106 0.50305187702178955 0
vn 0.77730876207351685 0.62911927700042725 0
vn 0.70941418409347534 0.7047918438911438 0
vn 0.74426203966140747 0.66788768768310547 0
vn 0.74426203966140747 0.66788768768310547 0
vn 0.63495469093322754 0.77254939079284668 0
vn 0.67292267084121704 0.73971283435821533 0
vn 0.67292267084121704 0.73971283435821533 0
vn 0.55340701341629028 0.83291095495223999 0
vn 0.46752020716667175 0.88398236036300659 0
vn 0.51085853576660156 0.85966479778289795 0
vn 0.51085853576660156 0.85966479778289795 0
vn 0.37924665212631226 0.92529559135437012 0
vn 0.42358648777008057 0.90585565567016602 0
vn 0.42358648777008057 0.90585565567016602 0
vn 0.29006955027580261 0.95700556039810181 0
vn 0.3346831202507019 0.94233071804046631 0
vn 0.3346831202507019 0.94233071804046631 0
vn 0.19548282027244568 0.98070710897445679 0
vn 0.11319953203201294 0.99357229471206665 0
vn 0.15480953454971313 0.98794430494308472 0
vn 0.15480953454971313 0.98794430494308472 0
vn 0.016140453517436981 0.99986976385116577 0
vn -0.078265562653541565 0.99693256616592407 0
vn -0.030777866020798683 0.9995262622833252 0
vn -0.030777866020798683 0.9995262622833252 0
vn -0.17432299256324768 0.98468852043151855 0
vn -0.1261688619852066 0.99200880527496338 0
vn -0.1261688619852066 0.99200880527496338 0
vn -0.27067857980728149 0.96266978979110718 0
vn -0.22255362570285797 0.97492045164108276 0
vn -0.22255362570285797 0.97492045164108276 0
vn -0.36585506796836853 0.9306718111038208 0
vn -0.31850969791412354 0.94791960716247559 0
vn -0.31850969791412354 0.94791960716247559 0
vn -0.45831656455993652 0.88878899812698364 0
vn -0.41252145171165466 0.91094791889190674 0
vn -0.41252145171165466 0.91094791889190674 0
vn -0.54654484987258911 0.83742982149124146 0
vn -0.50305187702178955 0.86425620317459106 0
vn -0.50305187702178955 0.86425620317459106 0
vn -0.62911927700042725 0.77730876207351685 0
vn -0.7047918438911438 0.70941418409347534 0
vn -0.66788768768310547 0.74426203966140747 0
vn -0.66788768768310547 0.74426203966140747 0
vn -0.77254939079284668 0.63495469093322754 0
vn -0.73971283435821533 0.67292267084121704 0
vn -0.73971283435821533 0.67292267084121704 0
vn -0.83291095495223999 0.55340701341629028 0
vn -0.88398236036300659 0.46752020716667175 0
vn -0.85966479778289795 0.51085853576660156 0
vn -0.85966479778289795 0.51085853576660156 0
vn -0.92529559135437012 0.37924665212631226 0
vn -0.90585565567016602 0.42358648777008057 0
vn -0.90585565567016602 0.42358648777008057 0
vn -0.95700556039810181 0.29006955027580261 0
vn -0.94233071804046631 0.3346831202507019 0
vn -0.94233071804046631 0.3346831202507019 0
vn -0.98070710897445679 0.19548282027244568 0
vn -0.99357229471206665 0.11319953203201294 0
vn -0.98794430494308472 0.15480953454971313 0
vn -0.98794430494308472 0.15480953454971313 0
vn -0.99986976385116577 0.016140453517436981 0
vn -0.99693256616592407 -0.078265562653541565 0
vn -0.9995262622833252 -0.030777866020798683 0
vn -0.9995262622833252 -0.030777866020798683 0
vn -0.98468852043151855 -0.17432299256324768 0
vn -0.99200880527496338 -0.1261688619852066 0
vn -0.99200880527496338 -0.1261688619852066 0
vn -0.96266978979110718 -0.27067857980728149 0
vn -0.97492045164108276 -0.22255362570285797 0
vn -0.97492045164108276 -0.22255362570285797 0
vn -0.9306718111038208 -0.36585506796836853 0
vn -0.94791960716247559 -0.31850969791412354 0
vn -0.94791960716247559 -0.31850969791412354 0
vn -0.88878899812698364 -0.45831656455993652 0
vn -0.91094791889190674 -0.41252145171165466 0
vn -0.91094791889190674 -0.41252145171165466 0
vn -0.83742982149124146 -0.54654484987258911 0
vn -0.86425620317459106 -0.50305187702178955 0
vn -0.86425620317459106 -0.50305187702178955 0
vn -0.77730876207351685 -0.62911927700042725 0
vn -0.70941418409347534 -0.7047918438911438 0
vn -0.74426203966140747 -0.66788768768310547 0
vn -0.74426203966140747 -0.66788768768310547 0
vn -0.63495469093322754 -0.77254939079284668 0
vn -0.67292267084121704 -0.73971283435821533 0
vn -0.67292267084121704 -0.73971283435821533 0
vn -0.55340701341629028 -0.83291095495223999 0
vn -0.46752020716667175 -0.88398236036300659 0
vn -0.51085853576660156 -0.85966479778289795 0
vn -0.51085853576660156 -0.85966479778289795 0
vn -0.37924665212631226 -0.92529559135437012 0
vn -0.42358648777008057 -0.90585565567016602 0
vn -0.42358648777008057 -0.90585565567016602 0
vn -0.29006955027580261 -0.95700556039810181 0
vn -0.3346831202507019 -0.94233071804046631 0
vn -0.3346831202507019 -0.94233071804046631 0
vn -0.19548282027244568 -0.98070710897445679 0
vn -0.11319953203201294 -0.99357229471206665 0
vn -0.15480953454971313 -0.98794430494308472 0
vn -0.15480953454971313 -0.98794430494308472 0
vn -0.016140453517436981 -0.99986976385116577 0
vn 0.078265562653541565 -0.99693256616592407 0
vn 0.030777866020798683 -0.9995262622833252 0
vn 0.030777866020798683 -0.9995262622833252 0
vn 0.17432299256324768 -0.98468852043151855 0
vn 0.1261688619852066 -0.99200880527496338 0
vn 0.1261688619852066 -0.99200880527496338 0
vn 0.27067857980728149 -0.96266978979110718 0
vn 0.22255362570285797 -0.97492045164108276 0
vn 0.22255362570285797 -0.97492045164108276 0
vn 0.36585506796836853 -0.9306718111038208 0
vn 0.31850969791412354 -0.94791960716247559 0
vn 0.31850969791412354 -0.94791960716247559 0
vn 0.45831656455993652 -0.88878899812698364 0
vn 0.41252145171165466 -0.91094791889190674 0
vn 0.41252145171165466 -0.91094791889190674 0
vn 0.54654484987258911 -0.83742982149124146 0
vn 0.50305187702178955 -0.86425620317459106 0
vn 0.50305187702178955 -0.86425620317459106 0
vn 0.62911927700042725 -0.77730876207351685 0
vn 0.7047918438911438 -0.70941418409347534 0
vn 0.66788768768310547 -0.74426203966140747 0
vn 0.66788768768310547 -0.74426203966140747 0
vn 0.77254939079284668 -0.63495469093322754 0
vn 0.73971283435821533 -0.67292267084121704 0
vn 0.73971283435821533 -0.67292267084121704 0
vn 0.83291095495223999 -0.55340701341629028 0
vn 0.88398236036300659 -0.46752020716667175 0
vn 0.85966479778289795 -0.51085853576660156 0
vn 0.85966479778289795 -0.51085853576660156 0
vn 0.92529559135437012 -0.37924665212631226 0
vn 0.90585565567016602 -0.42358648777008057 0
vn 0.90585565567016602 -0.42358648777008057 0
vn 0.95700556039810181 -0.29006955027580261 0
vn 0.94233071804046631 -0.3346831202507019 0
vn 0.94233071804046631 -0.3346831202507019 0
vn 0.98070710897445679 -0.19548282027244568 0
vn 0.97012144327163696 -0.24261976778507233 0
vn 0.97012144327163696 -0.24261976778507233 0
vn 0.95917505025863647 -0.28281295299530029 0
vn 0.92876392602920532 -0.37067177891731262 0
vn 0.88906210660934448 -0.45778661966323853 0
vn 0.83989381790161133 -0.5427507758140564 0
vn 0.78136223554611206 -0.62407773733139038 0
vn 0.71387737989425659 -0.70027077198028564 0
vn 0.63816267251968384 -0.7699015736579895 0
vn 0.55523741245269775 -0.83169186115264893 0
vn 0.46637415885925293 -0.88458758592605591 0
vn 0.37303426861763 -0.92781758308410645 0
vn 0.27678921818733215 -0.96093064546585083 0
vn 0.17923545837402344 -0.98380619287490845 0
vn 0.081912636756896973 -0.99663949012756348 0
vn -0.013766847550868988 -0.99990522861480713 0
vn -0.10657119005918503 -0.9943050742149353 0
vn -0.19548282027244568 -0.98070710897445679 0
vn -0.28281295299530029 -0.95917505025863647 0
vn -0.37067177891731262 -0.92876392602920532 0
vn -0.45778661966323853 -0.88906210660934448 0
vn -0.5427507758140564 -0.83989381790161133 0
vn -0.62407773733139038 -0.78136223554611206 0
vn -0.70027077198028564 -0.71387737989425659 0
vn -0.7699015736579895 -0.63816267251968384 0
vn -0.83169186115264893 -0.55523741245269775 0
vn -0.88458758592605591 -0.46637415885925293 0
vn -0.92781758308410645 -0.37303426861763 0
vn -0.96093064546585083 -0.27678921818733215 0
vn -0.98380619287490845 -0.17923545837402344 0
vn -0.99663949012756348 -0.081912636756896973 0
vn -0.99990522861480713 0.013766847550868988 0
vn -0.9943050742149353 0.10657119005918503 0
vn -0.98070710897445679 0.19548282027244568 0
vn -0.95917505025863647 0.28281295299530029 0
vn -0.92876392602920532 0.37067177891731262 0
vn -0.88906210660934448 0.45778661966323853 0
vn -0.83989381790161133 0.5427507758140564 0
vn -0.78136223554611206 0.62407773733139038 0
vn -0.71387737989425659 0.70027077198028564 0
vn -0.63816267251968384 0.7699015736579895 0
vn -0.55523741245269775 0.83169186115264893 0
vn -0.46637415885925293 0.88458758592605591 0
vn -0.37303426861763 0.92781758308410645 0
vn -0.27678921818733215 0.96093064546585083 0
vn -0.17923545837402344 0.98380619287490845 0
vn -0.081912636756896973 0.99663949012756348 0
vn 0.013766847550868988 0.99990522861480713 0
vn 0.10657119005918503 0.9943050742149353 0
vn 0.28281295299530029 0.95917505025863647 0
vn 0.37067177891731262 0.92876392602920532 0
vn 0.45778661966323853 0.88906210660934448 0
vn 0.5427507758140564 0.83989381790161133 0
vn 0.62407773733139038 0.78136223554611206 0
vn 0.70027077198028564 0.71387737989425659 0
vn 0.7699015736579895 0.63816267251968384 0
vn 0.83169186115264893 0.55523741245269775 0
vn 0.88458758592605591 0.46637415885925293 0
vn 0.92781758308410645 0.37303426861763 0
vn 0.96093064546585083 0.27678921818733215 0
vn 0.98380619287490845 0.17923545837402344 0
vn 0.99663949012756348 0.081912636756896973 0
vn 0.99990522861480713 -0.013766847550868988 0
vn 0.9943050742149353 -0.10657119005918503 0
vn 0.95700556039810181 -0.29006955027580261 0
vn 0.98070710897445679 -0.19548282027244568 0
vn 0.97012144327163696 -0.24261976778507233 0
vn 0.92529559135437012 -0.37924665212631226 0
vn 0.94233071804046631 -0.3346831202507019 0
vn 0.88398236036300659 -0.46752020716667175 0
vn 0.90585565567016602 -0.42358648777008057 0
vn 0.83291095495223999 -0.55340701341629028 0
vn 0.85966479778289795 -0.51085853576660156 0
vn 0.77254939079284668 -0.63495469093322754 0
vn 0.80389851331710815 -0.59476643800735474 0
vn 0.80389851331710815 -0.59476643800735474 0
vn 0.7047918438911438 -0.70941418409347534 0
vn 0.73971283435821533 -0.67292267084121704 0
vn 0.62911927700042725 -0.77730876207351685 0
vn 0.66788768768310547 -0.74426203966140747 0
vn 0.54654484987258911 -0.83742982149124146 0
vn 0.58862167596817017 -0.80840867757797241 0
vn 0.58862167596817017 -0.80840867757797241 0
vn 0.45831656455993652 -0.88878899812698364 0
vn 0.50305187702178955 -0.86425620317459106 0
vn 0.36585506796836853 -0.9306718111038208 0
vn 0.41252145171165466 -0.91094791889190674 0
vn 0.27067857980728149 -0.96266978979110718 0
vn 0.31850969791412354 -0.94791960716247559 0
vn 0.17432299256324768 -0.98468852043151855 0
vn 0.22255362570285797 -0.97492045164108276 0
vn 0.078265562653541565 -0.99693256616592407 0
vn 0.1261688619852066 -0.99200880527496338 0
vn -0.016140453517436981 -0.99986976385116577 0
vn 0.030777866020798683 -0.9995262622833252 0
vn -0.11319953203201294 -0.99357229471206665 0
vn -0.065146937966346741 -0.99787569046020508 0
vn -0.065146937966346741 -0.99787569046020508 0
vn -0.19548282027244568 -0.98070710897445679 0
vn -0.15480953454971313 -0.98794430494308472 0
vn -0.29006955027580261 -0.95700556039810181 0
vn -0.24261976778507233 -0.97012144327163696 0
vn -0.24261976778507233 -0.97012144327163696 0
vn -0.37924665212631226 -0.92529559135437012 0
vn -0.3346831202507019 -0.94233071804046631 0
vn -0.46752020716667175 -0.88398236036300659 0
vn -0.42358648777008057 -0.90585565567016602 0
vn -0.55340701341629028 -0.83291095495223999 0
vn -0.51085853576660156 -0.85966479778289795 0
vn -0.63495469093322754 -0.77254939079284668 0
vn -0.59476643800735474 -0.80389851331710815 0
vn -0.59476643800735474 -0.80389851331710815 0
vn -0.70941418409347534 -0.7047918438911438 0
vn -0.67292267084121704 -0.73971283435821533 0
vn -0.77730876207351685 -0.62911927700042725 0
vn -0.74426203966140747 -0.66788768768310547 0
vn -0.83742982149124146 -0.54654484987258911 0
vn -0.80840867757797241 -0.58862167596817017 0
vn -0.80840867757797241 -0.58862167596817017 0
vn -0.88878899812698364 -0.45831656455993652 0
vn -0.86425620317459106 -0.50305187702178955 0
vn -0.9306718111038208 -0.36585506796836853 0
vn -0.91094791889190674 -0.41252145171165466 0
vn -0.96266978979110718 -0.27067857980728149 0
vn -0.94791960716247559 -0.31850969791412354 0
vn -0.98468852043151855 -0.17432299256324768 0
vn -0.97492045164108276 -0.22255362570285797 0
vn -0.99693256616592407 -0.078265562653541565 0
vn -0.99200880527496338 -0.1261688619852066 0
vn -0.99986976385116577 0.016140453517436981 0
vn -0.9995262622833252 -0.030777866020798683 0
vn -0.99357229471206665 0.11319953203201294 0
vn -0.99787569046020508 0.065146937966346741 0
vn -0.99787569046020508 0.065146937966346741 0
vn -0.98070710897445679 0.19548282027244568 0
vn -0.98794430494308472 0.15480953454971313 0
vn -0.95700556039810181 0.29006955027580261 0
vn -0.97012144327163696 0.24261976778507233 0
vn -0.97012144327163696 0.24261976778507233 0
vn -0.92529559135437012 0.37924665212631226 0
vn -0.94233071804046631 0.3346831202507019 0
vn -0.88398236036300659 0.46752020716667175 0
vn -0.90585565567016602 0.42358648777008057 0
vn -0.83291095495223999 0.55340701341629028 0
vn -0.85966479778289795 0.51085853576660156 0
vn -0.77254939079284668 0.63495469093322754 0
vn -0.80389851331710815 0.59476643800735474 0
vn -0.80389851331710815 0.59476643800735474 0
vn -0.7047918438911438 0.70941418409347534 0
vn -0.73971283435821533 0.67292267084121704 0
vn -0.62911927700042725 0.77730876207351685 0
vn -0.66788768768310547 0.74426203966140747 0
vn -0.54654484987258911 0.83742982149124146 0
vn -0.58862167596817017 0.80840867757797241 0
vn -0.58862167596817017 0.80840867757797241 0
vn -0.45831656455993652 0.88878899812698364 0
vn -0.50305187702178955 0.86425620317459106 0
vn -0.36585506796836853 0.9306718111038208 0
vn -0.41252145171165466 0.91094791889190674 0
vn -0.27067857980728149 0.96266978979110718 0
vn -0.31850969791412354 0.94791960716247559 0
vn -0.17432299256324768 0.98468852043151855 0
vn -0.22255362570285797 0.97492045164108276 0
vn -0.078265562653541565 0.99693256616592407 0
vn -0.1261688619852066 0.99200880527496338 0
vn 0.016140453517436981 0.99986976385116577 0
vn -0.030777866020798683 0.9995262622833252 0
vn 0.11319953203201294 0.99357229471206665 0
vn 0.065146937966346741 0.99787569046020508 0
vn 0.065146937966346741 0.99787569046020508 0
vn 0.19548282027244568 0.98070710897445679 0
vn 0.15480953454971313 0.98794430494308472 0
vn 0.29006955027580261 0.95700556039810181 0
vn 0.24261976778507233 0.97012144327163696 0
vn 0.24261976778507233 0.97012144327163696 0
vn 0.37924665212631226 0.92529559135437012 0
vn 0.3346831202507019 0.94233071804046631 0
vn 0.46752020716667175 0.88398236036300659 0
vn 0.42358648777008057 0.90585565567016602 0
vn 0.55340701341629028 0.83291095495223999 0
vn 0.51085853576660156 0.85966479778289795 0
vn 0.63495469093322754 0.77254939079284668 0
vn 0.59476643800735474 0.80389851331710815 0
vn 0.59476643800735474 0.80389851331710815 0
vn 0.70941418409347534 0.7047918438911438 0
vn 0.67292267084121704 0.73971283435821533 0
vn 0.77730876207351685 0.62911927700042725 0
vn 0.74426203966140747 0.66788768768310547 0
vn 0.83742982149124146 0.54654484987258911 0
vn 0.80840867757797241 0.58862167596817017 0
vn 0.80840867757797241 0.58862167596817017 0
vn 0.88878899812698364 0.45831656455993652 0
vn 0.86425620317459106 0.50305187702178955 0
vn 0.9306718111038208 0.36585506796836853 0
vn 0.91094791889190674 0.41252145171165466 0
vn 0.96266978979110718 0.27067857980728149 0
vn 0.94791960716247559 0.31850969791412354 0
vn 0.98468852043151855 0.17432299256324768 0
vn 0.97492045164108276 0.22255362570285797 0
vn 0.99693256616592407 0.078265562653541565 0
vn 0.99200880527496338 0.1261688619852066 0
vn 0.99986976385116577 -0.016140453517436981 0
vn 0.9995262622833252 0.030777866020798683 0
vn 0.99357229471206665 -0.11319953203201294 0
vn 0.99787569046020508 -0.065146937966346741 0
vn 0.99787569046020508 -0.065146937966346741 0
vn 0.98070710897445679 -0.19548282027244568 0
vn 0.98794430494308472 -0.15480953454971313 0
vn 0 0 1
vn 0 0 1
vn 0 0 1
vn 0 0 1
vn 0 0 1
vn 0 0 1
vn 0 0 1
vn 0 0 1
vn 0 0 1
vn 0 0 1
vn 0 0 1
vn 0 0 1
vn 0 0 1
vn 0 0 1
vn 0 0 1
vn 0 0 1
vn 0 0 1
vn 0 0 1
vn 0 0 1
vn 0 0 1
vn 0 0 1
vn 0 0 1
vn 0 0 1
vn 0 0 1
vn 0 0 1
vn 0 0 1
vn 0 0 1
vn 0 0 1
vn 0 0 1
vn 0 0 1
vn 0 0 1
vn 0 0 1
vn 0 0 1
vn 0 0 1
vn 0 0 1
vn 0 0 1
vn 0 0 1
vn 0 0 1
vn 0 0 1
vn 0 0 1
vn 0 0 1
vn 0 0 1
vn 0 0 1
vn 0 0 1
vn 0 0 1
vn 0 0 1
vn 0 0 1
vn 0 0 1
vn 0 0 1
vn 0 0 1
vn 0 0 1
vn 0 0 1
vn 0 0 1
vn 0 0 1
vn 0 0 1
vn 0 0 1
vn 0 0 1
vn 0 0 1
vn 0 0 1
vn 0 0 1
vn 0 0 1
vn 0 0 1
vn 0 0 1
vn 0 0 1
vn 0 0 1
vn 0 0 1
vn 0 0 1
vn 0 0 1
vn 0 0 1
vn 0 0 1
vn 0 0 1
vn 0 0 1
vn 0 0 1
vn 0 0 1
vn 0 0 1
vn 0 0 1
vn 0 0 1
vn 0 0 1
vn 0 0 1
vn 0 0 1
vn 0 0 1
vn 0 0 1
vn 0 0 1
vn 0 0 1
vn 0 0 1
vn 0 0 1
vn 0 0 1
vn 0 0 1
vn 0 0 1
vn 0 0 1
vn 0 0 1
vn 0 0 1
vn 0 0 1
vn 0 0 1
vn 0 0 1
vn 0 0 1
vn 0 0 1
vn 0 0 1
vn 0 0 1
vn 0 0 1
vn 0 0 1
vn 0 0 1
vn 0 0 1
vn 0 0 1
vn 0 0 1
vn 0 0 1
vn 0 0 1
vn 0 0 1
vn 0 0 1
vn 0 0 1
vn 0 0 1
vn 0 0 1
vn 0 0 1
vn 0 0 1
vn 0 0 1
vn 0 0 1
vn 0 0 1
f 8/8/8 10/10/10 7/7/7
f 7/7/7 5/5/5 6/6/6
f 5/5/5 1/1/1 6/6/6
f 10/10/10 8/8/8 9/9/9
f 4/4/4 10/10/10 2/2/2
f 3/3/3 5/5/5 4/4/4
f 4/4/4 5/5/5 7/7/7
f 10/10/10 4/4/4 7/7/7
f 4/13/13 19/22/22 14/17/17
f 14/17/17 3/11/11 4/13/13
f 4/13/13 18/21/21 19/22/22
f 14/17/17 21/24/24 13/16/16
f 14/17/17 19/22/22 20/23/23
f 20/23/23 21/24/24 14/17/17
f 11/14/14 4/13/13 2/12/12
f 17/20/20 4/13/13 11/14/14
f 11/14/14 16/19/19 17/20/20
f 11/14/14 12/15/15 15/18/18
f 15/18/18 16/19/19 11/14/14
f 18/21/21 4/13/13 17/20/20
f 95/98/98 97/100/100 96/99/99 22/25/25
f 169/172/172 23/26/26 170/173/173 171/174/174
f 25/28/28 103/106/106 174/177/177 172/175/175
f 103/106/106 24/27/27 173/176/176 174/177/177
f 104/107/107 94/97/97 24/27/27 103/106/106
f 102/105/105 104/107/107 103/106/106 25/28/28
f 26/29/29 176/179/179 177/180/180 175/178/178
f 176/179/179 25/28/28 172/175/175 177/180/180
f 27/30/30 179/182/182 180/183/183 178/181/181
f 179/182/182 26/29/29 175/178/178 180/183/183
f 29/32/32 181/184/184 182/185/185 99/102/102
f 98/101/101 29/32/32 99/102/102 101/104/104
f 101/104/104 99/102/102 28/31/31 100/103/103
f 22/25/25 96/99/99 46/49/49
f 45/48/48 97/100/100 44/47/47
f 46/49/49 96/99/99 45/48/48
f 45/48/48 96/99/99 97/100/100
f 22/25/25 46/49/49 47/50/50
f 48/51/51 162/165/165 47/50/50
f 164/167/167 95/98/98 22/25/25
f 22/25/25 163/166/166 164/167/167
f 49/52/52 161/164/164 48/51/51
f 22/25/25 47/50/50 162/165/165
f 95/98/98 164/167/167 165/168/168
f 42/45/45 97/100/100 95/98/98
f 97/100/100 42/45/45 43/46/46
f 41/44/44 42/45/45 95/98/98
f 166/169/169 167/170/170 95/98/98
f 44/47/47 97/100/100 43/46/46
f 168/171/171 95/98/98 167/170/170
f 95/98/98 183/186/186 41/44/44
f 95/98/98 168/171/171 183/186/186
f 183/186/186 168/171/171 105/108/108
f 166/169/169 95/98/98 165/168/168
f 106/109/109 183/186/186 105/108/108
f 54/57/57 155/158/158 53/56/56
f 52/55/55 158/161/161 51/54/54
f 52/55/55 53/56/56 156/159/159
f 155/158/158 54/57/57 154/157/157
f 154/157/157 54/57/57 55/58/58
f 152/155/155 55/58/58 56/59/59
f 55/58/58 152/155/155 153/156/156
f 56/59/59 151/154/154 152/155/155
f 151/154/154 56/59/59 57/60/60
f 154/157/157 55/58/58 153/156/156
f 49/52/52 160/163/163 161/164/164
f 159/162/162 160/163/163 50/53/53
f 162/165/165 163/166/166 22/25/25
f 161/164/164 162/165/165 48/51/51
f 49/52/52 50/53/53 160/163/163
f 156/159/159 157/160/160 52/55/55
f 51/54/54 159/162/162 50/53/53
f 158/161/161 159/162/162 51/54/54
f 157/160/160 158/161/161 52/55/55
f 156/159/159 53/56/56 155/158/158
f 39/42/42 40/43/43 183/186/186
f 41/44/44 183/186/186 40/43/43
f 39/42/42 183/186/186 38/41/41
f 170/173/173 38/41/41 183/186/186
f 37/40/40 38/41/41 170/173/173
f 170/173/173 183/186/186 109/112/112
f 108/111/111 109/112/112 183/186/186
f 171/174/174 109/112/112 110/113/113
f 111/114/114 169/172/172 171/174/174
f 109/112/112 171/174/174 170/173/173
f 107/110/110 108/111/111 183/186/186
f 183/186/186 106/109/109 107/110/110
f 36/39/39 23/26/26 35/38/38
f 34/37/37 35/38/38 23/26/26
f 23/26/26 33/36/36 34/37/37
f 37/40/40 23/26/26 36/39/39
f 32/35/35 33/36/36 173/176/176
f 170/173/173 23/26/26 37/40/40
f 31/34/34 32/35/35 24/27/27
f 24/27/27 30/33/33 31/34/34
f 173/176/176 33/36/36 169/172/172
f 23/26/26 169/172/172 33/36/36
f 110/113/113 111/114/114 171/174/174
f 112/115/115 113/116/116 169/172/172
f 114/117/117 173/176/176 113/116/116
f 113/116/116 173/176/176 169/172/172
f 174/177/177 173/176/176 114/117/117
f 32/35/35 173/176/176 24/27/27
f 174/177/177 115/118/118 116/119/119
f 116/119/119 117/120/120 172/175/175
f 174/177/177 116/119/119 172/175/175
f 118/121/121 172/175/175 117/120/120
f 114/117/117 115/118/118 174/177/177
f 24/27/27 94/97/97 30/33/33
f 92/95/95 93/96/96 104/107/107
f 94/97/97 104/107/107 93/96/96
f 91/94/94 92/95/95 104/107/107
f 30/33/33 94/97/97 93/96/96
f 88/91/91 89/92/92 102/105/105
f 104/107/107 102/105/105 91/94/94
f 91/94/94 102/105/105 90/93/93
f 89/92/92 90/93/93 102/105/105
f 176/179/179 102/105/105 25/28/28
f 172/175/175 118/121/121 177/180/180
f 169/172/172 111/114/114 112/115/115
f 150/153/153 57/60/60 58/61/61
f 58/61/61 149/152/152 150/153/153
f 58/61/61 148/151/151 149/152/152
f 148/151/151 58/61/61 59/62/62
f 147/150/150 59/62/62 60/63/63
f 62/65/65 145/148/148 61/64/64
f 60/63/63 61/64/64 146/149/149
f 148/151/151 59/62/62 147/150/150
f 63/66/66 144/147/147 62/65/65
f 60/63/63 146/149/149 147/150/150
f 62/65/65 144/147/147 145/148/148
f 63/66/66 143/146/146 144/147/147
f 145/148/148 146/149/149 61/64/64
f 142/145/145 65/68/68 141/144/144
f 140/143/143 184/187/187 139/142/142
f 66/69/69 140/143/143 141/144/144
f 64/67/67 142/145/145 143/146/146
f 64/67/67 143/146/146 63/66/66
f 65/68/68 66/69/69 141/144/144
f 137/140/140 138/141/141 184/187/187
f 184/187/187 138/141/141 139/142/142
f 184/187/187 69/72/72 70/73/73
f 140/143/143 66/69/69 184/187/187
f 67/70/70 68/71/71 184/187/187
f 184/187/187 136/139/139 137/140/140
f 69/72/72 184/187/187 68/71/71
f 67/70/70 184/187/187 66/69/69
f 70/73/73 71/74/74 184/187/187
f 136/139/139 184/187/187 135/138/138
f 135/138/138 28/31/31 134/137/137
f 134/137/137 28/31/31 133/136/136
f 184/187/187 28/31/31 135/138/138
f 71/74/74 28/31/31 184/187/187
f 28/31/31 132/135/135 133/136/136
f 73/76/76 100/103/103 72/75/75
f 74/77/77 100/103/103 73/76/76
f 28/31/31 71/74/74 72/75/75
f 28/31/31 72/75/75 100/103/103
f 131/134/134 132/135/135 28/31/31
f 142/145/145 64/67/67 65/68/68
f 130/133/133 131/134/134 28/31/31
f 175/178/178 120/123/123 121/124/124
f 177/180/180 119/122/122 120/123/123
f 119/122/122 177/180/180 118/121/121
f 175/178/178 177/180/180 120/123/123
f 175/178/178 121/124/124 122/125/125
f 125/128/128 178/181/181 124/127/127
f 123/126/126 180/183/183 122/125/125
f 180/183/183 175/178/178 122/125/125
f 180/183/183 123/126/126 124/127/127
f 126/129/129 178/181/181 125/128/128
f 88/91/91 176/179/179 26/29/29
f 88/91/91 26/29/29 87/90/90
f 86/89/89 87/90/90 26/29/29
f 86/89/89 26/29/29 179/182/182
f 102/105/105 176/179/179 88/91/91
f 124/127/127 178/181/181 180/183/183
f 85/88/88 179/182/182 27/30/30
f 84/87/87 85/88/88 27/30/30
f 86/89/89 179/182/182 85/88/88
f 27/30/30 178/181/181 81/84/84
f 178/181/181 126/129/129 181/184/184
f 99/102/102 182/185/185 129/132/132
f 182/185/185 127/130/130 128/131/131
f 129/132/132 182/185/185 128/131/131
f 182/185/185 181/184/184 127/130/130
f 99/102/102 129/132/132 130/133/133
f 100/103/103 75/78/78 101/104/104
f 99/102/102 130/133/133 28/31/31
f 75/78/78 76/79/79 101/104/104
f 100/103/103 74/77/77 75/78/78
f 101/104/104 76/79/79 77/80/80
f 27/30/30 81/84/84 82/85/85
f 80/83/83 81/84/84 181/184/184
f 27/30/30 83/86/86 84/87/87
f 83/86/86 27/30/30 82/85/85
f 181/184/184 81/84/84 178/181/181
f 78/81/81 98/101/101 77/80/80
f 78/81/81 29/32/32 98/101/101
f 80/83/83 29/32/32 79/82/82
f 78/81/81 79/82/82 29/32/32
f 181/184/184 29/32/32 80/83/83
f 101/104/104 77/80/80 98/101/101
f 127/130/130 181/184/184 126/129/129
f 57/60/60 150/153/153 151/154/154
f 188/192/192 293/364/364 295/366/366 292/363/363
f 293/364/364 185/189/189 294/365/365 295/366/366
f 640/713/713 186/190/190 185/189/189 293/364/364
f 293/364/364 188/192/192 189/193/193 640/713/713
f 641/714/714 502/712/712 186/190/190 640/713/713
f 637/709/709 641/714/714 640/713/713 189/193/193
f 190/194/194 297/368/368 298/369/369 296/367/367
f 297/368/368 188/192/192 292/363/363 298/369/369
f 638/710/710 189/193/193 188/192/192 297/368/368
f 297/368/368 190/194/194 191/195/195 638/710/710
f 639/711/711 637/709/709 189/193/193 638/710/710
f 634/706/706 639/711/711 638/710/710 191/195/195
f 192/196/196 300/371/371 301/372/372 299/370/370
f 300/371/371 190/194/194 296/367/367 301/372/372
f 635/707/707 191/195/195 190/194/194 300/371/371
f 300/371/371 192/196/196 193/197/197 635/707/707
f 636/708/708 634/706/706 191/195/195 635/707/707
f 631/703/703 636/708/708 635/707/707 193/197/197
f 194/198/198 303/374/374 304/375/375 302/373/373
f 303/374/374 192/196/196 299/370/370 304/375/375
f 632/704/704 193/197/197 192/196/196 303/374/374
f 303/374/374 194/198/198 195/199/199 632/704/704
f 633/705/705 631/703/703 193/197/197 632/704/704
f 628/700/700 633/705/705 632/704/704 195/199/199
f 196/200/200 306/377/377 307/378/378 305/376/376
f 306/377/377 194/198/198 302/373/373 307/378/378
f 629/701/701 195/199/199 194/198/198 306/377/377
f 306/377/377 196/200/200 197/201/201 629/701/701
f 630/702/702 628/700/700 195/199/199 629/701/701
f 627/699/699 630/702/702 629/701/701 197/201/201
f 198/202/202 309/380/380 310/381/381 308/379/379
f 309/380/380 196/200/200 305/376/376 310/381/381
f 309/380/380 198/202/202 199/203/203
f 197/201/201 196/200/200 309/380/380
f 199/203/203 197/201/201 309/380/380
f 200/204/204 312/383/383 313/384/384 311/382/382
f 312/383/383 198/202/202 308/379/379 313/384/384
f 625/697/697 199/203/203 198/202/202 312/383/383
f 312/383/383 200/204/204 201/205/205 625/697/697
f 626/698/698 624/696/696 199/203/203 625/697/697
f 621/693/693 626/698/698 625/697/697 201/205/205
f 202/206/206 315/386/386 316/387/387 314/385/385
f 315/386/386 200/204/204 311/382/382 316/387/387
f 622/694/694 201/205/205 200/204/204 315/386/386
f 315/386/386 202/206/206 203/207/207 622/694/694
f 623/695/695 621/693/693 201/205/205 622/694/694
f 618/690/690 623/695/695 622/694/694 203/207/207
f 204/208/208 318/389/389 319/390/390 317/388/388
f 318/389/389 202/206/206 314/385/385 319/390/390
f 619/691/691 203/207/207 202/206/206 318/389/389
f 318/389/389 204/208/208 205/209/209 619/691/691
f 620/692/692 618/690/690 203/207/207 619/691/691
f 615/687/687 620/692/692 619/691/691 205/209/209
f 206/210/210 321/392/392 322/393/393 320/391/391
f 321/392/392 204/208/208 317/388/388 322/393/393
f 616/688/688 205/209/209 204/208/208 321/392/392
f 321/392/392 206/210/210 207/211/211 616/688/688
f 617/689/689 615/687/687 205/209/209 616/688/688
f 612/684/684 617/689/689 616/688/688 207/211/211
f 208/212/212 324/395/395 325/396/396 323/394/394
f 324/395/395 206/210/210 320/391/391 325/396/396
f 613/685/685 207/211/211 206/210/210 324/395/395
f 324/395/395 208/212/212 209/213/213 613/685/685
f 614/686/686 612/684/684 207/211/211 613/685/685
f 611/683/683 614/686/686 613/685/685 209/213/213
f 210/214/214 327/398/398 328/399/399 326/397/397
f 327/398/398 208/212/212 323/394/394 328/399/399
f 327/398/398 210/214/214 211/215/215
f 209/213/213 208/212/212 327/398/398
f 211/215/215 209/213/213 327/398/398
f 212/216/216 330/401/401 331/402/402 329/400/400
f 330/401/401 210/214/214 326/397/397 331/402/402
f 609/681/681 211/215/215 210/214/214 330/401/401
f 330/401/401 212/216/216 213/217/217 609/681/681
f 610/682/682 608/680/680 211/215/215 609/681/681
f 605/677/677 610/682/682 609/681/681 213/217/217
f 214/218/218 333/404/404 334/405/405 332/403/403
f 333/404/404 212/216/216 329/400/400 334/405/405
f 606/678/678 213/217/217 212/216/216 333/404/404
f 333/404/404 214/218/218 215/219/219 606/678/678
f 607/679/679 605/677/677 213/217/217 606/678/678
f 602/674/674 607/679/679 606/678/678 215/219/219
f 216/220/220 336/407/407 337/408/408 335/406/406
f 336/407/407 214/218/218 332/403/403 337/408/408
f 603/675/675 215/219/219 214/218/218 336/407/407
f 336/407/407 216/220/220 217/221/221 603/675/675
f 604/676/676 602/674/674 215/219/219 603/675/675
f 601/673/673 604/676/676 603/675/675 217/221/221
f 218/222/222 339/410/410 340/411/411 338/409/409
f 219/223/223 599/671/671 600/672/672
f 220/224/224 342/413/413 343/414/414 341/412/412
f 342/413/413 218/222/222 338/409/409 343/414/414
f 342/413/413 220/224/224 221/225/225
f 219/223/223 218/222/222 342/413/413
f 221/225/225 219/223/223 342/413/413
f 222/226/226 345/416/416 346/417/417 344/415/415
f 345/416/416 220/224/224 341/412/412 346/417/417
f 597/669/669 221/225/225 220/224/224 345/416/416
f 345/416/416 222/226/226 223/227/227 597/669/669
f 598/670/670 596/668/668 221/225/225 597/669/669
f 593/665/665 598/670/670 597/669/669 223/227/227
f 224/228/228 348/419/419 349/420/420 347/418/418
f 348/419/419 222/226/226 344/415/415 349/420/420
f 594/666/666 223/227/227 222/226/226 348/419/419
f 348/419/419 224/228/228 225/229/229 594/666/666
f 595/667/667 593/665/665 223/227/227 594/666/666
f 590/662/662 595/667/667 594/666/666 225/229/229
f 226/230/230 351/422/422 352/423/423 350/421/421
f 351/422/422 224/228/228 347/418/418 352/423/423
f 591/663/663 225/229/229 224/228/228 351/422/422
f 351/422/422 226/230/230 227/231/231 591/663/663
f 592/664/664 590/662/662 225/229/229 591/663/663
f 589/661/661 592/664/664 591/663/663 227/231/231
f 228/232/232 354/425/425 355/426/426 353/424/424
f 354/425/425 226/230/230 350/421/421 355/426/426
f 354/425/425 228/232/232 229/233/233
f 227/231/231 226/230/230 354/425/425
f 229/233/233 227/231/231 354/425/425
f 230/234/234 357/428/428 358/429/429 356/427/427
f 357/428/428 228/232/232 353/424/424 358/429/429
f 587/659/659 229/233/233 228/232/232 357/428/428
f 357/428/428 230/234/234 231/235/235 587/659/659
f 588/660/660 586/658/658 229/233/233 587/659/659
f 583/655/655 588/660/660 587/659/659 231/235/235
f 232/236/236 360/431/431 361/432/432 359/430/430
f 360/431/431 230/234/234 356/427/427 361/432/432
f 584/656/656 231/235/235 230/234/234 360/431/431
f 360/431/431 232/236/236 233/237/237 584/656/656
f 585/657/657 583/655/655 231/235/235 584/656/656
f 580/652/652 585/657/657 584/656/656 233/237/237
f 234/238/238 363/434/434 364/435/435 362/433/433
f 363/434/434 232/236/236 359/430/430 364/435/435
f 581/653/653 233/237/237 232/236/236 363/434/434
f 363/434/434 234/238/238 235/239/239 581/653/653
f 582/654/654 580/652/652 233/237/237 581/653/653
f 577/649/649 582/654/654 581/653/653 235/239/239
f 236/240/240 366/437/437 367/438/438 365/436/436
f 366/437/437 234/238/238 362/433/433 367/438/438
f 578/650/650 235/239/239 234/238/238 366/437/437
f 366/437/437 236/240/240 237/241/241 578/650/650
f 579/651/651 577/649/649 235/239/239 578/650/650
f 574/646/646 579/651/651 578/650/650 237/241/241
f 238/242/242 369/440/440 370/441/441 368/439/439
f 369/440/440 236/240/240 365/436/436 370/441/441
f 575/647/647 237/241/241 236/240/240 369/440/440
f 369/440/440 238/242/242 239/243/243 575/647/647
f 576/648/648 574/646/646 237/241/241 575/647/647
f 573/645/645 576/648/648 575/647/647 239/243/243
f 240/244/244 372/443/443 373/444/444 371/442/442
f 372/443/443 238/242/242 368/439/439 373/444/444
f 372/443/443 240/244/244 241/245/245
f 239/243/243 238/242/242 372/443/443
f 241/245/245 239/243/243 372/443/443
f 242/246/246 375/446/446 376/447/447 374/445/445
f 375/446/446 240/244/244 371/442/442 376/447/447
f 571/643/643 241/245/245 240/244/244 375/446/446
f 375/446/446 242/246/246 243/247/247 571/643/643
f 572/644/644 570/642/642 241/245/245 571/643/643
f 567/639/639 572/644/644 571/643/643 243/247/247
f 244/248/248 378/449/449 379/450/450 377/448/448
f 378/449/449 242/246/246 374/445/445 379/450/450
f 568/640/640 243/247/247 242/246/246 378/449/449
f 378/449/449 244/248/248 245/249/249 568/640/640
f 569/641/641 567/639/639 243/247/247 568/640/640
f 564/636/636 569/641/641 568/640/640 245/249/249
f 246/250/250 381/452/452 382/453/453 380/451/451
f 381/452/452 244/248/248 377/448/448 382/453/453
f 565/637/637 245/249/249 244/248/248 381/452/452
f 381/452/452 246/250/250 247/251/251 565/637/637
f 566/638/638 564/636/636 245/249/249 565/637/637
f 561/633/633 566/638/638 565/637/637 247/251/251
f 248/252/252 384/455/455 385/456/456 383/454/454
f 384/455/455 246/250/250 380/451/451 385/456/456
f 562/634/634 247/251/251 246/250/250 384/455/455
f 384/455/455 248/252/252 249/253/253 562/634/634
f 563/635/635 561/633/633 247/251/251 562/634/634
f 558/630/630 563/635/635 562/634/634 249/253/253
f 250/254/254 387/458/458 388/459/459 386/457/457
f 387/458/458 248/252/252 383/454/454 388/459/459
f 559/631/631 249/253/253 248/252/252 387/458/458
f 387/458/458 250/254/254 251/255/255 559/631/631
f 560/632/632 558/630/630 249/253/253 559/631/631
f 557/629/629 560/632/632 559/631/631 251/255/255
f 252/256/256 390/461/461 391/462/462 389/460/460
f 390/461/461 250/254/254 386/457/457 391/462/462
f 390/461/461 252/256/256 253/257/257
f 251/255/255 250/254/254 390/461/461
f 253/257/257 251/255/255 390/461/461
f 254/258/258 393/464/464 394/465/465 392/463/463
f 393/464/464 252/256/256 389/460/460 394/465/465
f 555/627/627 253/257/257 252/256/256 393/464/464
f 393/464/464 254/258/258 255/259/259 555/627/627
f 556/628/628 554/626/626 253/257/257 555/627/627
f 551/623/623 556/628/628 555/627/627 255/259/259
f 256/260/260 396/467/467 397/468/468 395/466/466
f 396/467/467 254/258/258 392/463/463 397/468/468
f 552/624/624 255/259/259 254/258/258 396/467/467
f 396/467/467 256/260/260 257/261/261 552/624/624
f 553/625/625 551/623/623 255/259/259 552/624/624
f 548/620/620 553/625/625 552/624/624 257/261/261
f 258/262/262 399/470/470 400/471/471 398/469/469
f 399/470/470 256/260/260 395/466/466 400/471/471
f 549/621/621 257/261/261 256/260/260 399/470/470
f 399/470/470 258/262/262 259/263/263 549/621/621
f 550/622/622 548/620/620 257/261/261 549/621/621
f 547/619/619 550/622/622 549/621/621 259/263/263
f 260/264/264 402/473/473 403/474/474 401/472/472
f 402/473/473 258/262/262 398/469/469 403/474/474
f 402/473/473 260/264/264 261/265/265
f 259/263/263 258/262/262 402/473/473
f 261/265/265 259/263/263 402/473/473
f 262/266/266 405/476/476 406/477/477 404/475/475
f 405/476/476 260/264/264 401/472/472 406/477/477
f 545/617/617 261/265/265 260/264/264 405/476/476
f 405/476/476 262/266/266 263/267/267 545/617/617
f 546/618/618 544/616/616 261/265/265 545/617/617
f 541/613/613 546/618/618 545/617/617 263/267/267
f 264/268/268 408/479/479 409/480/480 407/478/478
f 408/479/479 262/266/266 404/475/475 409/480/480
f 542/614/614 263/267/267 262/266/266 408/479/479
f 408/479/479 264/268/268 265/269/269 542/614/614
f 543/615/615 541/613/613 263/267/267 542/614/614
f 538/610/610 543/615/615 542/614/614 265/269/269
f 266/270/270 411/482/482 412/483/483 410/481/481
f 411/482/482 264/268/268 407/478/478 412/483/483
f 539/611/611 265/269/269 264/268/268 411/482/482
f 411/482/482 266/270/270 267/271/271 539/611/611
f 540/612/612 538/610/610 265/269/269 539/611/611
f 535/607/607 540/612/612 539/611/611 267/271/271
f 268/272/272 414/485/485 415/486/486 413/484/484
f 414/485/485 266/270/270 410/481/481 415/486/486
f 536/608/608 267/271/271 266/270/270 414/485/485
f 414/485/485 268/272/272 269/273/273 536/608/608
f 537/609/609 535/607/607 267/271/271 536/608/608
f 532/604/604 537/609/609 536/608/608 269/273/273
f 270/274/274 417/488/488 418/489/489 416/487/487
f 417/488/488 268/272/272 413/484/484 418/489/489
f 533/605/605 269/273/273 268/272/272 417/488/488
f 417/488/488 270/274/274 271/275/275 533/605/605
f 534/606/606 532/604/604 269/273/273 533/605/605
f 531/603/603 534/606/606 533/605/605 271/275/275
f 272/276/276 420/491/491 421/492/492 419/490/490
f 420/491/491 270/274/274 416/487/487 421/492/492
f 420/491/491 272/276/276 273/277/277
f 271/275/275 270/274/274 420/491/491
f 273/277/277 271/275/275 420/491/491
f 274/278/278 423/494/494 424/495/495 422/493/493
f 423/494/494 272/276/276 419/490/490 424/495/495
f 529/601/601 273/277/277 272/276/276 423/494/494
f 423/494/494 274/278/278 275/279/279 529/601/601
f 530/602/602 528/600/600 273/277/277 529/601/601
f 525/597/597 530/602/602 529/601/601 275/279/279
f 276/280/280 426/497/497 427/498/498 425/496/496
f 426/497/497 274/278/278 422/493/493 427/498/498
f 526/598/598 275/279/279 274/278/278 426/497/497
f 426/497/497 276/280/280 277/281/281 526/598/598
f 527/599/599 525/597/597 275/279/279 526/598/598
f 522/594/594 527/599/599 526/598/598 277/281/281
f 278/282/282 429/500/500 430/501/501 428/499/499
f 429/500/500 276/280/280 425/496/496 430/501/501
f 523/595/595 277/281/281 276/280/280 429/500/500
f 429/500/500 278/282/282 279/283/283 523/595/595
f 524/596/596 522/594/594 277/281/281 523/595/595
f 519/591/591 524/596/596 523/595/595 279/283/283
f 280/284/284 432/503/503 433/504/504 431/502/502
f 432/503/503 278/282/282 428/499/499 433/504/504
f 520/592/592 279/283/283 278/282/282 432/503/503
f 432/503/503 280/284/284 281/285/285 520/592/592
f 521/593/593 519/591/591 279/283/283 520/592/592
f 516/588/588 521/593/593 520/592/592 281/285/285
f 282/286/286 435/506/506 436/507/507 434/505/505
f 435/506/506 280/284/284 431/502/502 436/507/507
f 517/589/589 281/285/285 280/284/284 435/506/506
f 435/506/506 282/286/286 283/287/287 517/589/589
f 518/590/590 516/588/588 281/285/285 517/589/589
f 515/587/587 518/590/590 517/589/589 283/287/287
f 284/288/288 438/509/509 439/510/510 437/508/508
f 438/509/509 282/286/286 434/505/505 439/510/510
f 438/509/509 284/288/288 285/289/289
f 283/287/287 282/286/286 438/509/509
f 285/289/289 283/287/287 438/509/509
f 286/290/290 441/512/512 442/513/513 440/511/511
f 441/512/512 284/288/288 437/508/508 442/513/513
f 513/585/585 285/289/289 284/288/288 441/512/512
f 441/512/512 286/290/290 287/291/291 513/585/585
f 514/586/586 512/584/584 285/289/289 513/585/585
f 509/581/581 514/586/586 513/585/585 287/291/291
f 288/292/292 444/515/515 445/516/516 443/514/514
f 444/515/515 286/290/290 440/511/511 445/516/516
f 510/582/582 287/291/291 286/290/290 444/515/515
f 444/515/515 288/292/292 289/293/293 510/582/582
f 511/583/583 509/581/581 287/291/291 510/582/582
f 506/578/578 511/583/583 510/582/582 289/293/293
f 290/294/294 447/518/518 448/519/519 446/517/517
f 447/518/518 288/292/292 443/514/514 448/519/519
f 507/579/579 289/293/293 288/292/292 447/518/518
f 447/518/518 290/294/294 291/295/295 507/579/579
f 508/580/580 506/578/578 289/293/293 507/579/579
f 503/575/575 508/580/580 507/579/579 291/295/295
f 185/296/296 449/521/521 450/522/522 294/520/520
f 449/521/521 290/294/294 446/517/517 450/522/522
f 504/576/576 291/295/295 290/294/294 449/521/521
f 449/521/521 185/296/296 186/297/297 504/576/576
f 505/577/577 503/575/575 291/295/295 504/576/576
f 502/574/574 505/577/577 504/576/576 186/297/297
f 30/188/188 295/366/366 294/365/365
f 93/299/299 295/366/366 30/188/188
f 93/299/299 92/300/300 298/369/369 292/363/363
f 92/300/300 91/301/301 301/372/372 296/367/367
f 93/299/299 292/363/363 295/366/366
f 91/301/301 299/370/370 301/372/372
f 296/367/367 298/369/369 92/300/300
f 304/375/375 299/370/370 91/301/301
f 90/302/302 304/375/375 91/301/301
f 90/302/302 89/303/303 307/378/378 302/373/373
f 88/304/304 87/305/305 313/384/384 308/379/379
f 87/305/305 86/306/306 316/387/387 311/382/382
f 89/303/303 88/304/304 310/381/381 305/376/376
f 85/307/307 84/308/308 322/393/393 317/388/388
f 84/308/308 83/309/309 325/396/396 320/391/391
f 82/310/310 81/311/311 331/402/402 326/397/397
f 81/311/311 80/312/312 334/405/405 329/400/400
f 83/309/309 82/310/310 328/399/399 323/394/394
f 86/306/306 85/307/307 319/390/390 314/385/385
f 80/312/312 79/313/313 337/408/408 332/403/403
f 90/302/302 302/373/373 304/375/375
f 89/303/303 305/376/376 307/378/378
f 87/305/305 311/382/382 313/384/384
f 86/306/306 314/385/385 316/387/387
f 308/379/379 310/381/381 88/304/304
f 84/308/308 320/391/391 322/393/393
f 83/309/309 323/394/394 325/396/396
f 81/311/311 329/400/400 331/402/402
f 80/312/312 332/403/403 334/405/405
f 326/397/397 328/399/399 82/310/310
f 317/388/388 319/390/390 85/307/307
f 337/408/408 79/313/313 335/406/406
f 655/737/737 78/314/314 77/315/315
f 653/735/735 76/316/316 75/317/317
f 653/735/735 75/317/317 74/318/318
f 654/736/736 77/315/315 76/316/316
f 654/736/736 655/737/737 77/315/315
f 653/735/735 654/736/736 76/316/316
f 651/733/733 652/734/734 73/319/319
f 74/318/318 652/734/734 653/735/735
f 72/320/320 651/733/733 73/319/319
f 73/319/319 652/734/734 74/318/318
f 656/738/738 78/314/314 655/737/737
f 650/732/732 651/733/733 72/320/320
f 71/321/321 650/732/732 72/320/320
f 69/323/323 649/731/731 70/322/322
f 68/324/324 648/730/730 69/323/323
f 70/322/322 649/731/731 71/321/321
f 67/325/325 66/326/326 343/414/414 338/409/409
f 66/326/326 65/327/327 346/417/417 341/412/412
f 64/328/328 63/329/329 352/423/423 347/418/418
f 63/329/329 62/330/330 355/426/426 350/421/421
f 65/327/327 64/328/328 349/420/420 344/415/415
f 67/325/325 647/729/729 68/324/324
f 62/330/330 61/331/331 358/429/429 353/424/424
f 78/314/314 656/738/738 335/406/406
f 649/731/731 650/732/732 71/321/321
f 648/730/730 68/324/324 647/729/729
f 648/730/730 649/731/731 69/323/323
f 340/411/411 647/729/729 67/325/325
f 340/411/411 646/728/728 647/729/729
f 657/739/739 216/220/220 656/738/738
f 335/406/406 656/738/738 216/220/220
f 657/739/739 658/740/740 216/220/220
f 645/727/727 646/728/728 339/410/410
f 339/410/410 646/728/728 340/411/411
f 67/325/325 338/409/409 340/411/411
f 341/412/412 343/414/414 66/326/326
f 344/415/415 346/417/417 65/327/327
f 350/421/421 352/423/423 63/329/329
f 353/424/424 355/426/426 62/330/330
f 349/420/420 64/328/328 347/418/418
f 358/429/429 61/331/331 356/427/427
f 356/427/427 61/331/331 361/432/432
f 79/313/313 78/314/314 335/406/406
f 187/191/191 502/712/712 641/714/714
f 501/573/573 637/709/709 639/711/711
f 501/573/573 641/714/714 637/709/709
f 500/572/572 634/706/706 636/708/708
f 500/572/572 636/708/708 631/703/703
f 499/571/571 633/705/705 628/700/700
f 499/571/571 628/700/700 630/702/702
f 499/571/571 631/703/703 633/705/705
f 501/573/573 639/711/711 634/706/706
f 199/203/203 624/696/696 627/699/699 197/201/201
f 627/699/699 624/696/696 497/569/569 498/570/570
f 211/215/215 608/680/680 611/683/683 209/213/213
f 496/568/568 626/698/698 621/693/693
f 496/568/568 621/693/693 623/695/695
f 495/567/567 618/690/690 620/692/692
f 495/567/567 620/692/692 615/687/687
f 496/568/568 623/695/695 618/690/690
f 497/569/569 624/696/696 626/698/698
f 498/570/570 630/702/702 627/699/699
f 501/573/573 187/191/191 641/714/714
f 499/571/571 500/572/572 631/703/703
f 634/706/706 500/572/572 501/573/573
f 612/684/684 494/566/566 617/689/689
f 615/687/687 617/689/689 494/566/566
f 498/570/570 499/571/571 630/702/702
f 495/567/567 496/568/568 618/690/690
f 494/566/566 495/567/567 615/687/687
f 497/569/569 626/698/698 496/568/568
f 494/566/566 612/684/684 614/686/686
f 493/565/565 614/686/686 611/683/683
f 611/683/683 608/680/680 492/564/564 493/565/565
f 491/563/563 610/682/682 605/677/677
f 491/563/563 605/677/677 607/679/679
f 492/564/564 608/680/680 610/682/682
f 491/563/563 492/564/564 610/682/682
f 490/562/562 602/674/674 604/676/676
f 604/676/676 601/673/673 490/562/562
f 490/562/562 491/563/563 607/679/679 602/674/674
f 494/566/566 614/686/686 493/565/565
f 659/741/741 660/742/742 217/221/221
f 218/222/222 644/726/726 339/410/410
f 219/223/223 644/726/726 218/222/222
f 644/726/726 645/727/727 339/410/410
f 601/673/673 660/742/742 13/715/715
f 660/742/742 601/673/673 217/221/221
f 600/672/672 642/724/724 219/223/223
f 643/725/725 219/223/223 642/724/724
f 219/223/223 643/725/725 644/726/726
f 642/724/724 600/672/672 12/723/723
f 658/740/740 659/741/741 217/221/221
f 221/225/225 596/668/668 599/671/671 219/223/223
f 599/671/671 596/668/668 479/551/551 480/552/552
f 229/233/233 586/658/658 589/661/661 227/231/231
f 479/551/551 596/668/668 598/670/670
f 478/550/550 593/665/665 595/667/667
f 478/550/550 595/667/667 590/662/662
f 477/549/549 592/664/664 589/661/661
f 589/661/661 586/658/658 476/548/548 477/549/549
f 477/549/549 590/662/662 592/664/664
f 478/550/550 598/670/670 593/665/665
f 480/552/552 600/672/672 599/671/671
f 21/716/716 488/560/560 13/715/715
f 20/717/717 487/559/559 21/716/716
f 18/719/719 485/557/557 19/718/718
f 486/558/558 20/717/717 19/718/718
f 18/719/719 17/720/720 484/556/556
f 13/715/715 488/560/560 489/561/561
f 21/716/716 487/559/559 488/560/560
f 19/718/718 485/557/557 486/558/558
f 18/719/719 484/556/556 485/557/557
f 486/558/558 487/559/559 20/717/717
f 484/556/556 17/720/720 483/555/555
f 601/673/673 13/715/715 489/561/561
f 482/554/554 483/555/555 16/721/721
f 17/720/720 16/721/721 483/555/555
f 15/722/722 482/554/554 16/721/721
f 12/723/723 481/553/553 15/722/722
f 481/553/553 482/554/554 15/722/722
f 479/551/551 598/670/670 478/550/550
f 12/723/723 480/552/552 481/553/553
f 600/672/672 480/552/552 12/723/723
f 477/549/549 478/550/550 590/662/662
f 475/547/547 476/548/548 588/660/660 583/655/655
f 586/658/658 588/660/660 476/548/548
f 490/562/562 601/673/673 489/561/561
f 217/221/221 216/220/220 658/740/740
f 60/332/332 359/430/430 361/432/432
f 61/331/331 60/332/332 361/432/432
f 60/332/332 59/333/333 364/435/435 359/430/430
f 59/333/333 58/334/334 367/438/438 362/433/433
f 58/334/334 57/335/335 370/441/441 365/436/436
f 59/333/333 362/433/433 364/435/435
f 58/334/334 365/436/436 367/438/438
f 370/441/441 57/335/335 368/439/439
f 57/335/335 56/336/336 373/444/444 368/439/439
f 56/336/336 55/337/337 376/447/447 371/442/442
f 54/338/338 53/339/339 382/453/453 377/448/448
f 53/339/339 52/340/340 385/456/456 380/451/451
f 55/337/337 54/338/338 379/450/450 374/445/445
f 51/341/341 50/342/342 391/462/462 386/457/457
f 52/340/340 51/341/341 388/459/459 383/454/454
f 50/342/342 49/343/343 394/465/465 389/460/460
f 49/343/343 48/344/344 397/468/468 392/463/463
f 48/344/344 47/345/345 400/471/471 395/466/466
f 47/345/345 46/346/346 403/474/474 398/469/469
f 56/336/336 371/442/442 373/444/444
f 55/337/337 374/445/445 376/447/447
f 53/339/339 380/451/451 382/453/453
f 52/340/340 383/454/454 385/456/456
f 377/448/448 379/450/450 54/338/338
f 50/342/342 389/460/460 391/462/462
f 49/343/343 392/463/463 394/465/465
f 47/345/345 398/469/469 400/471/471
f 46/346/346 401/472/472 403/474/474
f 46/346/346 406/477/477 401/472/472
f 395/466/466 397/468/468 48/344/344
f 386/457/457 388/459/459 51/341/341
f 406/477/477 46/346/346 45/347/347
f 406/477/477 45/347/347 404/475/475
f 45/347/347 409/480/480 404/475/475
f 44/348/348 409/480/480 45/347/347
f 44/348/348 43/349/349 412/483/483 407/478/478
f 43/349/349 42/350/350 415/486/486 410/481/481
f 44/348/348 407/478/478 409/480/480
f 42/350/350 413/484/484 415/486/486
f 410/481/481 412/483/483 43/349/349
f 418/489/489 413/484/484 42/350/350
f 41/351/351 418/489/489 42/350/350
f 41/351/351 40/352/352 421/492/492 416/487/487
f 39/353/353 38/354/354 427/498/498 422/493/493
f 38/354/354 37/355/355 430/501/501 425/496/496
f 40/352/352 39/353/353 424/495/495 419/490/490
f 36/356/356 35/357/357 436/507/507 431/502/502
f 35/357/357 34/358/358 439/510/510 434/505/505
f 33/359/359 32/360/360 445/516/516 440/511/511
f 32/360/360 31/361/361 448/519/519 443/514/514
f 34/358/358 33/359/359 442/513/513 437/508/508
f 37/355/355 36/356/356 433/504/504 428/499/499
f 31/361/361 30/362/362 450/522/522 446/517/517
f 41/351/351 416/487/487 418/489/489
f 39/353/353 422/493/493 424/495/495
f 419/490/490 421/492/492 40/352/352
f 38/354/354 425/496/496 427/498/498
f 36/356/356 431/502/502 433/504/504
f 428/499/499 430/501/501 37/355/355
f 35/357/357 434/505/505 436/507/507
f 33/359/359 440/511/511 442/513/513
f 437/508/508 439/510/510 34/358/358
f 32/360/360 443/514/514 445/516/516
f 30/362/362 294/520/520 450/522/522
f 446/517/517 448/519/519 31/361/361
f 475/547/547 583/655/655 585/657/657
f 573/645/645 239/243/243 241/245/245 570/642/642
f 475/547/547 585/657/657 580/652/652
f 474/546/546 582/654/654 577/649/649
f 473/545/545 577/649/649 579/651/651
f 473/545/545 574/646/646 576/648/648
f 472/544/544 576/648/648 573/645/645
f 473/545/545 579/651/651 574/646/646
f 474/546/546 580/652/652 582/654/654
f 471/543/543 570/642/642 572/644/644
f 253/257/257 554/626/626 557/629/629 251/255/255
f 470/542/542 567/639/639 569/641/641
f 470/542/542 569/641/641 564/636/636
f 469/541/541 566/638/638 561/633/633
f 468/540/540 561/633/633 563/635/635
f 469/541/541 564/636/636 566/638/638
f 261/265/265 544/616/616 547/619/619 259/263/263
f 470/542/542 572/644/644 567/639/639
f 573/645/645 570/642/642 471/543/543 472/544/544
f 474/546/546 475/547/547 580/652/652
f 473/545/545 474/546/546 577/649/649
f 473/545/545 576/648/648 472/544/544
f 560/632/632 468/540/540 558/630/630
f 468/540/540 563/635/635 558/630/630
f 557/629/629 467/539/539 560/632/632
f 470/542/542 471/543/543 572/644/644
f 468/540/540 469/541/541 561/633/633
f 560/632/632 467/539/539 468/540/540
f 470/542/542 564/636/636 469/541/541
f 466/538/538 467/539/539 557/629/629 554/626/626
f 466/538/538 554/626/626 556/628/628
f 465/537/537 556/628/628 551/623/623
f 465/537/537 553/625/625 548/620/620
f 464/536/536 548/620/620 550/622/622
f 465/537/537 551/623/623 553/625/625
f 465/537/537 466/538/538 556/628/628
f 464/536/536 465/537/537 548/620/620
f 547/619/619 544/616/616 463/535/535 464/536/536
f 544/616/616 546/618/618 463/535/535
f 550/622/622 547/619/619 464/536/536
f 462/534/534 546/618/618 541/613/613
f 462/534/534 543/615/615 538/610/610
f 462/534/534 541/613/613 543/615/615
f 461/533/533 540/612/612 535/607/607
f 460/532/532 535/607/607 537/609/609
f 460/532/532 532/604/604 534/606/606
f 459/531/531 534/606/606 531/603/603
f 460/532/532 537/609/609 532/604/604
f 531/603/603 271/275/275 273/277/277 528/600/600
f 461/533/533 538/610/610 540/612/612
f 458/530/530 528/600/600 530/602/602
f 457/529/529 530/602/602 525/597/597
f 457/529/529 527/599/599 522/594/594
f 456/528/528 522/594/594 524/596/596
f 455/527/527 519/591/591 521/593/593
f 455/527/527 521/593/593 516/588/588
f 456/528/528 524/596/596 519/591/591
f 285/289/289 512/584/584 515/587/587 283/287/287
f 457/529/529 525/597/597 527/599/599
f 531/603/603 528/600/600 458/530/530 459/531/531
f 461/533/533 462/534/534 538/610/610
f 460/532/532 461/533/533 535/607/607
f 460/532/532 534/606/606 459/531/531
f 515/587/587 454/526/526 518/590/590
f 455/527/527 516/588/588 518/590/590
f 453/525/525 454/526/526 515/587/587 512/584/584
f 457/529/529 458/530/530 530/602/602
f 455/527/527 456/528/528 519/591/591
f 518/590/590 454/526/526 455/527/527
f 457/529/529 522/594/594 456/528/528
f 452/524/524 514/586/586 509/581/581
f 452/524/524 509/581/581 511/583/583
f 451/523/523 506/578/578 508/580/580
f 451/523/523 508/580/580 503/575/575
f 452/524/524 511/583/583 506/578/578
f 452/524/524 453/525/525 514/586/586
f 451/523/523 452/524/524 506/578/578
f 187/298/298 505/577/577 502/574/574
f 187/298/298 451/523/523 503/575/575 505/577/577
f 512/584/584 514/586/586 453/525/525
f 463/535/535 546/618/618 462/534/534
f 759/841/841 758/840/840 726/808/808 757/839/839
f 756/838/838 752/834/834 758/840/840 759/841/841
f 754/836/836 758/840/840 752/834/834
f 758/840/840 725/807/807 726/808/808
f 725/807/807 754/836/836 743/825/825
f 754/836/836 725/807/807 758/840/840
f 753/835/835 755/837/837 754/836/836 752/834/834
f 755/837/837 749/831/831 743/825/825 754/836/836
f 761/843/843 760/842/842 728/810/810 729/811/811
f 757/839/839 726/808/808 760/842/842 761/843/843
f 728/810/810 731/813/813 733/815/815 730/812/812
f 731/813/813 727/809/809 732/814/814 733/815/815
f 760/842/842 731/813/813 728/810/810
f 731/813/813 725/807/807 727/809/809
f 725/807/807 760/842/842 726/808/808
f 760/842/842 725/807/807 731/813/813
f 736/818/818 741/823/823 735/817/817
f 741/823/823 725/807/807 734/816/816
f 725/807/807 736/818/818 727/809/809
f 736/818/818 725/807/807 741/823/823
f 727/809/809 736/818/818 738/820/820 732/814/814
f 736/818/818 735/817/817 737/819/819 738/820/820
f 734/816/816 740/822/822 742/824/824 741/823/823
f 741/823/823 742/824/824 739/821/821 735/817/817
f 749/831/831 751/833/833 750/832/832 743/825/825
f 751/833/833 748/830/830 744/826/826 750/832/832
f 746/828/828 750/832/832 744/826/826
f 750/832/832 725/807/807 743/825/825
f 725/807/807 746/828/828 734/816/816
f 746/828/828 725/807/807 750/832/832
f 744/826/826 745/827/827 747/829/829 746/828/828
f 746/828/828 747/829/829 740/822/822 734/816/816
f 737/819/819 678/760/760 677/759/759
f 679/761/761 737/819/819 735/817/817
f 678/760/760 737/819/819 679/761/761
f 676/758/758 737/819/819 677/759/759
f 672/754/754 732/814/814 673/755/755
f 674/756/756 673/755/755 738/820/820
f 738/820/820 676/758/758 675/757/757
f 737/819/819 676/758/758 738/820/820
f 674/756/756 738/820/820 675/757/757
f 673/755/755 732/814/814 738/820/820
f 680/762/762 679/761/761 735/817/817
f 684/766/766 683/765/765 742/824/824
f 686/768/768 685/767/767 742/824/824
f 684/766/766 742/824/824 685/767/767
f 686/768/768 740/822/822 687/769/769
f 739/821/821 682/764/764 681/763/763
f 739/821/821 683/765/765 682/764/764
f 680/762/762 735/817/817 739/821/821
f 742/824/824 683/765/765 739/821/821
f 742/824/824 740/822/822 686/768/768
f 681/763/763 680/762/762 739/821/821
f 740/822/822 688/770/770 687/769/769
f 732/814/814 671/753/753 670/752/752
f 669/751/751 733/815/815 670/752/752
f 732/814/814 670/752/752 733/815/815
f 668/750/750 733/815/815 669/751/751
f 732/814/814 672/754/754 671/753/753
f 666/748/748 730/812/812 667/749/749
f 733/815/815 668/750/750 667/749/749
f 664/746/746 730/812/812 665/747/747
f 666/748/748 665/747/747 730/812/812
f 730/812/812 664/746/746 728/810/810
f 667/749/749 730/812/812 733/815/815
f 729/811/811 663/745/745 662/744/744
f 661/743/743 729/811/811 662/744/744
f 663/745/745 729/811/811 728/810/810
f 728/810/810 664/746/746 663/745/745
f 761/843/843 729/811/811 724/806/806
f 661/743/743 724/806/806 729/811/811
f 724/806/806 723/805/805 761/843/843
f 723/805/805 722/804/804 761/843/843
f 761/843/843 722/804/804 721/803/803
f 720/802/802 757/839/839 721/803/803
f 757/839/839 761/843/843 721/803/803
f 747/829/829 689/771/771 740/822/822
f 691/773/773 690/772/772 747/829/829
f 689/771/771 747/829/829 690/772/772
f 691/773/773 747/829/829 692/774/774
f 745/827/827 692/774/774 747/829/829
f 695/777/777 745/827/827 744/826/826
f 745/827/827 695/777/777 694/776/776
f 693/775/775 745/827/827 694/776/776
f 745/827/827 693/775/775 692/774/774
f 696/778/778 695/777/777 744/826/826
f 697/779/779 696/778/778 748/830/830
f 748/830/830 699/781/781 698/780/780
f 697/779/779 748/830/830 698/780/780
f 751/833/833 699/781/781 748/830/830
f 702/784/784 751/833/833 749/831/831
f 699/781/781 751/833/833 700/782/782
f 700/782/782 751/833/833 701/783/783
f 749/831/831 703/785/785 702/784/784
f 701/783/783 751/833/833 702/784/784
f 704/786/786 703/785/785 749/831/831
f 748/830/830 696/778/778 744/826/826
f 759/841/841 757/839/839 718/800/800
f 713/795/795 712/794/794 756/838/838
f 752/834/834 756/838/838 712/794/794
f 715/797/797 756/838/838 759/841/841
f 756/838/838 714/796/796 713/795/795
f 719/801/801 718/800/800 757/839/839
f 718/800/800 717/799/799 759/841/841
f 717/799/799 716/798/798 759/841/841
f 716/798/798 715/797/797 759/841/841
f 756/838/838 715/797/797 714/796/796
f 720/802/802 719/801/801 757/839/839
f 708/790/790 707/789/789 755/837/837
f 706/788/788 755/837/837 707/789/789
f 706/788/788 705/787/787 755/837/837
f 705/787/787 749/831/831 755/837/837
f 712/794/794 711/793/793 752/834/834
f 711/793/793 753/835/835 752/834/834
f 710/792/792 753/835/835 711/793/793
f 710/792/792 709/791/791 753/835/835
f 708/790/790 753/835/835 709/791/791
f 708/790/790 755/837/837 753/835/835
f 749/831/831 705/787/787 704/786/786
f 689/771/771 688/770/770 740/822/822
f 762/845/845 451/915/915 187/844/844
f 451/915/915 763/964/964 452/916/916
f 662/847/847 451/915/915 762/845/845
f 452/916/916 763/964/964 764/965/965 453/917/917
f 453/917/917 766/967/967 765/966/966 454/918/918
f 454/918/918 765/966/966 767/968/968 455/919/919
f 456/920/920 769/970/970 768/969/969 457/921/921
f 457/921/921 771/972/972 770/971/971 458/922/922
f 455/919/919 767/968/968 769/970/970 456/920/920
f 458/922/922 770/971/971 772/973/973 459/923/923
f 764/965/965 763/964/964 663/848/848 664/849/849
f 765/966/966 766/967/967 665/850/850 666/851/851
f 767/968/968 765/966/966 666/851/851 667/852/852
f 766/967/967 453/917/917 764/965/965
f 766/967/967 764/965/965 664/849/849 665/850/850
f 768/969/969 769/970/970 668/853/853 669/854/854
f 457/921/921 768/969/969 771/972/972
f 771/972/972 768/969/969 669/854/854 670/855/855
f 772/973/973 770/971/971 671/856/856 672/857/857
f 773/974/974 460/924/924 459/923/923 772/973/973
f 773/974/974 772/973/973 672/857/857 673/858/858
f 770/971/971 771/972/972 670/855/855 671/856/856
f 769/970/970 767/968/968 667/852/852 668/853/853
f 763/964/964 451/915/915 662/847/847
f 460/924/924 773/974/974 774/975/975 461/925/925
f 462/926/926 776/977/977 775/976/976 463/862/862
f 463/862/862 775/976/976 777/978/978 464/927/927
f 461/925/925 778/979/979 776/977/977 462/926/926
f 779/980/980 465/928/928 780/981/981
f 466/929/929 465/928/928 779/980/980
f 467/930/930 782/983/983 781/982/982 468/931/931
f 468/931/931 781/982/982 783/984/984 469/932/932
f 466/929/929 784/985/985 782/983/983 467/930/930
f 464/927/927 777/978/978 780/981/981 465/928/928
f 778/979/979 774/975/975 674/859/859 675/860/860
f 778/979/979 461/925/925 774/975/975
f 776/977/977 778/979/979 675/860/860 676/861/861
f 777/978/978 775/976/976 677/863/863 678/864/864
f 780/981/981 777/978/978 678/864/864 679/865/865
f 775/976/976 776/977/977 676/861/861 677/863/863
f 470/933/933 786/987/987 785/986/986 471/934/934
f 471/934/934 785/986/986 787/988/988 472/935/935
f 473/936/936 789/990/990 788/989/989 474/937/937
f 474/937/937 791/992/992 790/991/991 475/938/938
f 472/935/935 787/988/988 789/990/990 473/936/936
f 469/932/932 783/984/984 792/993/993 470/933/933
f 475/938/938 790/991/991 793/994/994 476/879/879
f 774/975/975 773/974/974 673/858/858 674/859/859
f 662/847/847 762/845/845 661/846/846
f 662/847/847 663/848/848 763/964/964
f 466/929/929 779/980/980 784/985/985
f 784/985/985 779/980/980 680/866/866 681/867/867
f 679/865/865 680/866/866 779/980/980 780/981/981
f 681/867/867 682/868/868 782/983/983 784/985/985
f 781/982/982 782/983/983 682/868/868 683/869/869
f 792/993/993 783/984/984 684/870/870 685/871/871
f 470/933/933 792/993/993 786/987/987
f 786/987/987 792/993/993 685/871/871 686/872/872
f 783/984/984 781/982/982 683/869/869 684/870/870
f 787/988/988 785/986/986 687/873/873 688/874/874
f 789/990/990 787/988/988 688/874/874 689/875/875
f 791/992/992 788/989/989 690/876/876 691/877/877
f 474/937/937 788/989/989 791/992/992
f 790/991/991 791/992/992 691/877/877 692/878/878
f 788/989/989 789/990/990 689/875/875 690/876/876
f 785/986/986 786/987/987 686/872/872 687/873/873
f 793/994/994 790/991/991 692/878/878 693/880/880
f 794/995/995 477/939/939 476/879/879 793/994/994
f 795/996/996 478/940/940 477/939/939 794/995/995
f 478/940/940 795/996/996 796/997/997 479/941/941
f 479/941/941 798/999/999 797/998/998 480/942/942
f 693/880/880 694/881/881 794/995/995 793/994/994
f 480/942/942 797/998/998 799/1000/1000 481/943/943
f 481/943/943 799/1000/1000 800/1001/1001 482/944/944
f 483/945/945 802/1003/1003 801/1002/1002 484/946/946
f 484/946/946 801/1002/1002 803/1004/1004 485/947/947
f 482/944/944 800/1001/1001 804/1005/1005 483/945/945
f 485/947/947 803/1004/1004 805/1006/1006 486/948/948
f 796/997/997 795/996/996 695/882/882 696/883/883
f 797/998/998 798/999/999 697/884/884 698/885/885
f 799/1000/1000 797/998/998 698/885/885 699/886/886
f 798/999/999 479/941/941 796/997/997
f 798/999/999 796/997/997 696/883/883 697/884/884
f 804/1005/1005 800/1001/1001 700/887/887 701/888/888
f 483/945/945 804/1005/1005 802/1003/1003
f 802/1003/1003 804/1005/1005 701/888/888 702/889/889
f 803/1004/1004 801/1002/1002 703/890/890 704/891/891
f 805/1006/1006 803/1004/1004 704/891/891 705/892/892
f 801/1002/1002 802/1003/1003 702/889/889 703/890/890
f 800/1001/1001 799/1000/1000 699/886/886 700/887/887
f 805/1006/1006 806/1007/1007 486/948/948
f 795/996/996 794/995/995 694/881/881 695/882/882
f 487/949/949 808/1009/1009 807/1008/1008 488/950/950
f 489/951/951 810/1011/1011 809/1010/1010 490/952/952
f 490/952/952 809/1010/1010 811/1012/1012 491/953/953
f 488/950/950 807/1008/1008 810/1011/1011 489/951/951
f 812/1013/1013 492/954/954 813/1014/1014
f 492/954/954 812/1013/1013 814/1015/1015 493/955/955
f 494/956/956 816/1017/1017 815/1016/1016 495/957/957
f 495/957/957 815/1016/1016 817/1018/1018 496/958/958
f 493/955/955 814/1015/1015 816/1017/1017 494/956/956
f 491/953/953 811/1012/1012 813/1014/1014 492/954/954
f 808/1009/1009 806/1007/1007 706/893/893 707/894/894
f 808/1009/1009 487/949/949 806/1007/1007
f 807/1008/1008 808/1009/1009 707/894/894 708/895/895
f 809/1010/1010 810/1011/1011 709/896/896 710/897/897
f 811/1012/1012 809/1010/1010 710/897/897 711/898/898
f 810/1011/1011 807/1008/1008 708/895/895 709/896/896
f 497/959/959 819/1020/1020 818/1019/1019 498/960/960
f 498/960/960 818/1019/1019 820/1021/1021 499/961/961
f 500/962/962 822/1023/1023 821/1022/1022 501/963/963
f 499/961/961 820/1021/1021 823/1024/1024 500/962/962
f 501/963/963 821/1022/1022 762/913/913 187/912/912
f 496/958/958 824/1025/1025 819/1020/1020 497/959/959
f 813/1014/1014 811/1012/1012 711/898/898 712/899/899
f 486/948/948 806/1007/1007 487/949/949
f 806/1007/1007 805/1006/1006 705/892/892 706/893/893
f 713/900/900 714/901/901 814/1015/1015 812/1013/1013
f 712/899/899 713/900/900 812/1013/1013 813/1014/1014
f 815/1016/1016 816/1017/1017 715/902/902 716/903/903
f 824/1025/1025 817/1018/1018 717/904/904 718/905/905
f 496/958/958 817/1018/1018 824/1025/1025
f 819/1020/1020 824/1025/1025 718/905/905 719/906/906
f 817/1018/1018 815/1016/1016 716/903/903 717/904/904
f 820/1021/1021 818/1019/1019 720/907/907 721/908/908
f 823/1024/1024 820/1021/1021 721/908/908 722/909/909
f 821/1022/1022 822/1023/1023 723/910/910 724/911/911
f 762/913/913 821/1022/1022 724/911/911 661/914/914
f 822/1023/1023 500/962/962 823/1024/1024
f 822/1023/1023 823/1024/1024 722/909/909 723/910/910
f 818/1019/1019 819/1020/1020 719/906/906 720/907/907
f 816/1017/1017 814/1015/1015 714/901/901 715/902/902
f 828/1029/1029 969/1236/1236 972/1239/1239 970/1237/1237
f 970/1237/1237 972/1239/1239 971/1238/1238 826/1027/1027
f 970/1237/1237 827/1030/1030 828/1029/1029
f 827/1028/1028 970/1237/1237 826/1027/1027
f 829/1031/1031 973/1240/1240 975/1242/1242 974/1241/1241
f 974/1241/1241 975/1242/1242 969/1236/1236 828/1029/1029
f 974/1241/1241 827/1032/1032 829/1031/1031
f 827/1030/1030 974/1241/1241 828/1029/1029
f 830/1033/1033 976/1243/1243 978/1245/1245 977/1244/1244
f 977/1244/1244 978/1245/1245 973/1240/1240 829/1031/1031
f 977/1244/1244 827/1034/1034 830/1033/1033
f 827/1032/1032 977/1244/1244 829/1031/1031
f 831/1035/1035 979/1246/1246 981/1248/1248 980/1247/1247
f 980/1247/1247 981/1248/1248 976/1243/1243 830/1033/1033
f 980/1247/1247 827/1036/1036 831/1035/1035
f 827/1034/1034 980/1247/1247 830/1033/1033
f 832/1037/1037 982/1249/1249 984/1251/1251 983/1250/1250
f 983/1250/1250 984/1251/1251 979/1246/1246 831/1035/1035
f 983/1250/1250 827/1038/1038 832/1037/1037
f 827/1036/1036 983/1250/1250 831/1035/1035
f 833/1039/1039 985/1252/1252 987/1254/1254 986/1253/1253
f 986/1253/1253 987/1254/1254 982/1249/1249 832/1037/1037
f 986/1253/1253 827/1040/1040 833/1039/1039
f 827/1038/1038 986/1253/1253 832/1037/1037
f 834/1041/1041 988/1255/1255 990/1257/1257 989/1256/1256
f 989/1256/1256 990/1257/1257 985/1252/1252 833/1039/1039
f 989/1256/1256 827/1042/1042 834/1041/1041
f 827/1040/1040 989/1256/1256 833/1039/1039
f 835/1043/1043 991/1258/1258 993/1260/1260 992/1259/1259
f 992/1259/1259 993/1260/1260 988/1255/1255 834/1041/1041
f 992/1259/1259 827/1044/1044 835/1043/1043
f 827/1042/1042 992/1259/1259 834/1041/1041
f 836/1045/1045 994/1261/1261 996/1263/1263 995/1262/1262
f 995/1262/1262 996/1263/1263 991/1258/1258 835/1043/1043
f 995/1262/1262 827/1046/1046 836/1045/1045
f 827/1044/1044 995/1262/1262 835/1043/1043
f 837/1047/1047 997/1264/1264 999/1266/1266 998/1265/1265
f 998/1265/1265 999/1266/1266 994/1261/1261 836/1045/1045
f 998/1265/1265 827/1048/1048 837/1047/1047
f 827/1046/1046 998/1265/1265 836/1045/1045
f 838/1049/1049 1000/1267/1267 1002/1269/1269 1001/1268/1268
f 1001/1268/1268 1002/1269/1269 997/1264/1264 837/1047/1047
f 1001/1268/1268 827/1050/1050 838/1049/1049
f 827/1048/1048 1001/1268/1268 837/1047/1047
f 839/1051/1051 1003/1270/1270 1005/1272/1272 1004/1271/1271
f 1004/1271/1271 1005/1272/1272 1000/1267/1267 838/1049/1049
f 1004/1271/1271 827/1052/1052 839/1051/1051
f 827/1050/1050 1004/1271/1271 838/1049/1049
f 840/1053/1053 1006/1273/1273 1008/1275/1275 1007/1274/1274
f 1007/1274/1274 1008/1275/1275 1003/1270/1270 839/1051/1051
f 1007/1274/1274 827/1054/1054 840/1053/1053
f 827/1052/1052 1007/1274/1274 839/1051/1051
f 841/1055/1055 1009/1276/1276 1011/1278/1278 1010/1277/1277
f 1010/1277/1277 1011/1278/1278 1006/1273/1273 840/1053/1053
f 1010/1277/1277 827/1056/1056 841/1055/1055
f 827/1054/1054 1010/1277/1277 840/1053/1053
f 842/1057/1057 1012/1279/1279 1014/1281/1281 1013/1280/1280
f 1013/1280/1280 1014/1281/1281 1009/1276/1276 841/1055/1055
f 1013/1280/1280 827/1058/1058 842/1057/1057
f 827/1056/1056 1013/1280/1280 841/1055/1055
f 843/1059/1059 1015/1282/1282 1017/1284/1284 1016/1283/1283
f 1016/1283/1283 1017/1284/1284 1012/1279/1279 842/1057/1057
f 1016/1283/1283 827/1060/1060 843/1059/1059
f 827/1058/1058 1016/1283/1283 842/1057/1057
f 844/1061/1061 1018/1285/1285 1020/1287/1287 1019/1286/1286
f 1019/1286/1286 1020/1287/1287 1015/1282/1282 843/1059/1059
f 1019/1286/1286 827/1062/1062 844/1061/1061
f 827/1060/1060 1019/1286/1286 843/1059/1059
f 845/1063/1063 1021/1288/1288 1023/1290/1290 1022/1289/1289
f 1022/1289/1289 1023/1290/1290 1018/1285/1285 844/1061/1061
f 1022/1289/1289 827/1064/1064 845/1063/1063
f 827/1062/1062 1022/1289/1289 844/1061/1061
f 846/1065/1065 1024/1291/1291 1026/1293/1293 1025/1292/1292
f 1025/1292/1292 1026/1293/1293 1021/1288/1288 845/1063/1063
f 1025/1292/1292 827/1066/1066 846/1065/1065
f 827/1064/1064 1025/1292/1292 845/1063/1063
f 847/1067/1067 1027/1294/1294 1029/1296/1296 1028/1295/1295
f 1028/1295/1295 1029/1296/1296 1024/1291/1291 846/1065/1065
f 1028/1295/1295 827/1068/1068 847/1067/1067
f 827/1066/1066 1028/1295/1295 846/1065/1065
f 848/1069/1069 1030/1297/1297 1032/1299/1299 1031/1298/1298
f 1031/1298/1298 1032/1299/1299 1027/1294/1294 847/1067/1067
f 1031/1298/1298 827/1070/1070 848/1069/1069
f 827/1068/1068 1031/1298/1298 847/1067/1067
f 849/1071/1071 1033/1300/1300 1035/1302/1302 1034/1301/1301
f 1034/1301/1301 1035/1302/1302 1030/1297/1297 848/1069/1069
f 1034/1301/1301 827/1072/1072 849/1071/1071
f 827/1070/1070 1034/1301/1301 848/1069/1069
f 850/1073/1073 1036/1303/1303 1038/1305/1305 1037/1304/1304
f 1037/1304/1304 1038/1305/1305 1033/1300/1300 849/1071/1071
f 1037/1304/1304 827/1074/1074 850/1073/1073
f 827/1072/1072 1037/1304/1304 849/1071/1071
f 851/1075/1075 1039/1306/1306 1041/1308/1308 1040/1307/1307
f 1040/1307/1307 1041/1308/1308 1036/1303/1303 850/1073/1073
f 1040/1307/1307 827/1076/1076 851/1075/1075
f 827/1074/1074 1040/1307/1307 850/1073/1073
f 852/1077/1077 1042/1309/1309 1044/1311/1311 1043/1310/1310
f 1043/1310/1310 1044/1311/1311 1039/1306/1306 851/1075/1075
f 1043/1310/1310 827/1078/1078 852/1077/1077
f 827/1076/1076 1043/1310/1310 851/1075/1075
f 853/1079/1079 1045/1312/1312 1047/1314/1314 1046/1313/1313
f 1046/1313/1313 1047/1314/1314 1042/1309/1309 852/1077/1077
f 1046/1313/1313 827/1080/1080 853/1079/1079
f 827/1078/1078 1046/1313/1313 852/1077/1077
f 854/1081/1081 1048/1315/1315 1050/1317/1317 1049/1316/1316
f 1049/1316/1316 1050/1317/1317 1045/1312/1312 853/1079/1079
f 1049/1316/1316 827/1082/1082 854/1081/1081
f 827/1080/1080 1049/1316/1316 853/1079/1079
f 855/1083/1083 1051/1318/1318 1053/1320/1320 1052/1319/1319
f 1052/1319/1319 1053/1320/1320 1048/1315/1315 854/1081/1081
f 1052/1319/1319 827/1084/1084 855/1083/1083
f 827/1082/1082 1052/1319/1319 854/1081/1081
f 856/1085/1085 1054/1321/1321 1056/1323/1323 1055/1322/1322
f 1055/1322/1322 1056/1323/1323 1051/1318/1318 855/1083/1083
f 1055/1322/1322 827/1086/1086 856/1085/1085
f 827/1084/1084 1055/1322/1322 855/1083/1083
f 857/1087/1087 1057/1324/1324 1059/1326/1326 1058/1325/1325
f 1058/1325/1325 1059/1326/1326 1054/1321/1321 856/1085/1085
f 1058/1325/1325 827/1088/1088 857/1087/1087
f 827/1086/1086 1058/1325/1325 856/1085/1085
f 858/1089/1089 1060/1327/1327 1062/1329/1329 1061/1328/1328
f 1061/1328/1328 1062/1329/1329 1057/1324/1324 857/1087/1087
f 1061/1328/1328 827/1090/1090 858/1089/1089
f 827/1088/1088 1061/1328/1328 857/1087/1087
f 859/1091/1091 1063/1330/1330 1065/1332/1332 1064/1331/1331
f 1064/1331/1331 1065/1332/1332 1060/1327/1327 858/1089/1089
f 1064/1331/1331 827/1092/1092 859/1091/1091
f 827/1090/1090 1064/1331/1331 858/1089/1089
f 860/1093/1093 1066/1333/1333 1068/1335/1335 1067/1334/1334
f 1067/1334/1334 1068/1335/1335 1063/1330/1330 859/1091/1091
f 1067/1334/1334 827/1094/1094 860/1093/1093
f 827/1092/1092 1067/1334/1334 859/1091/1091
f 861/1095/1095 1069/1336/1336 1071/1338/1338 1070/1337/1337
f 1070/1337/1337 1071/1338/1338 1066/1333/1333 860/1093/1093
f 1070/1337/1337 827/1096/1096 861/1095/1095
f 827/1094/1094 1070/1337/1337 860/1093/1093
f 862/1097/1097 1072/1339/1339 1074/1341/1341 1073/1340/1340
f 1073/1340/1340 1074/1341/1341 1069/1336/1336 861/1095/1095
f 1073/1340/1340 827/1098/1098 862/1097/1097
f 827/1096/1096 1073/1340/1340 861/1095/1095
f 863/1099/1099 1075/1342/1342 1077/1344/1344 1076/1343/1343
f 1076/1343/1343 1077/1344/1344 1072/1339/1339 862/1097/1097
f 1076/1343/1343 827/1100/1100 863/1099/1099
f 827/1098/1098 1076/1343/1343 862/1097/1097
f 864/1101/1101 1078/1345/1345 1080/1347/1347 1079/1346/1346
f 1079/1346/1346 1080/1347/1347 1075/1342/1342 863/1099/1099
f 1079/1346/1346 827/1102/1102 864/1101/1101
f 827/1100/1100 1079/1346/1346 863/1099/1099
f 865/1103/1103 1081/1348/1348 1083/1350/1350 1082/1349/1349
f 1082/1349/1349 1083/1350/1350 1078/1345/1345 864/1101/1101
f 1082/1349/1349 827/1104/1104 865/1103/1103
f 827/1102/1102 1082/1349/1349 864/1101/1101
f 866/1105/1105 1084/1351/1351 1086/1353/1353 1085/1352/1352
f 1085/1352/1352 1086/1353/1353 1081/1348/1348 865/1103/1103
f 1085/1352/1352 827/1106/1106 866/1105/1105
f 827/1104/1104 1085/1352/1352 865/1103/1103
f 867/1107/1107 1087/1354/1354 1089/1356/1356 1088/1355/1355
f 1088/1355/1355 1089/1356/1356 1084/1351/1351 866/1105/1105
f 1088/1355/1355 827/1108/1108 867/1107/1107
f 827/1106/1106 1088/1355/1355 866/1105/1105
f 868/1109/1109 1090/1357/1357 1092/1359/1359 1091/1358/1358
f 1091/1358/1358 1092/1359/1359 1087/1354/1354 867/1107/1107
f 1091/1358/1358 827/1110/1110 868/1109/1109
f 827/1108/1108 1091/1358/1358 867/1107/1107
f 869/1111/1111 1093/1360/1360 1095/1362/1362 1094/1361/1361
f 1094/1361/1361 1095/1362/1362 1090/1357/1357 868/1109/1109
f 1094/1361/1361 827/1112/1112 869/1111/1111
f 827/1110/1110 1094/1361/1361 868/1109/1109
f 870/1113/1113 1096/1363/1363 1098/1365/1365 1097/1364/1364
f 1097/1364/1364 1098/1365/1365 1093/1360/1360 869/1111/1111
f 1097/1364/1364 827/1114/1114 870/1113/1113
f 827/1112/1112 1097/1364/1364 869/1111/1111
f 871/1115/1115 1099/1366/1366 1101/1368/1368 1100/1367/1367
f 1100/1367/1367 1101/1368/1368 1096/1363/1363 870/1113/1113
f 1100/1367/1367 827/1116/1116 871/1115/1115
f 827/1114/1114 1100/1367/1367 870/1113/1113
f 872/1117/1117 1102/1369/1369 1104/1371/1371 1103/1370/1370
f 1103/1370/1370 1104/1371/1371 1099/1366/1366 871/1115/1115
f 1103/1370/1370 827/1118/1118 872/1117/1117
f 827/1116/1116 1103/1370/1370 871/1115/1115
f 873/1119/1119 1105/1372/1372 1107/1374/1374 1106/1373/1373
f 1106/1373/1373 1107/1374/1374 1102/1369/1369 872/1117/1117
f 1106/1373/1373 827/1120/1120 873/1119/1119
f 827/1118/1118 1106/1373/1373 872/1117/1117
f 874/1121/1121 1108/1375/1375 1110/1377/1377 1109/1376/1376
f 1109/1376/1376 1110/1377/1377 1105/1372/1372 873/1119/1119
f 1109/1376/1376 827/1122/1122 874/1121/1121
f 827/1120/1120 1109/1376/1376 873/1119/1119
f 875/1123/1123 1111/1378/1378 1113/1380/1380 1112/1379/1379
f 1112/1379/1379 1113/1380/1380 1108/1375/1375 874/1121/1121
f 1112/1379/1379 827/1124/1124 875/1123/1123
f 827/1122/1122 1112/1379/1379 874/1121/1121
f 876/1125/1125 1114/1381/1381 1116/1383/1383 1115/1382/1382
f 1115/1382/1382 1116/1383/1383 1111/1378/1378 875/1123/1123
f 1115/1382/1382 827/1126/1126 876/1125/1125
f 827/1124/1124 1115/1382/1382 875/1123/1123
f 877/1127/1127 1117/1384/1384 1119/1386/1386 1118/1385/1385
f 1118/1385/1385 1119/1386/1386 1114/1381/1381 876/1125/1125
f 1118/1385/1385 827/1128/1128 877/1127/1127
f 827/1126/1126 1118/1385/1385 876/1125/1125
f 878/1129/1129 1120/1387/1387 1122/1389/1389 1121/1388/1388
f 1121/1388/1388 1122/1389/1389 1117/1384/1384 877/1127/1127
f 1121/1388/1388 827/1130/1130 878/1129/1129
f 827/1128/1128 1121/1388/1388 877/1127/1127
f 879/1131/1131 1123/1390/1390 1125/1392/1392 1124/1391/1391
f 1124/1391/1391 1125/1392/1392 1120/1387/1387 878/1129/1129
f 1124/1391/1391 827/1132/1132 879/1131/1131
f 827/1130/1130 1124/1391/1391 878/1129/1129
f 880/1133/1133 1126/1393/1393 1128/1395/1395 1127/1394/1394
f 1127/1394/1394 1128/1395/1395 1123/1390/1390 879/1131/1131
f 1127/1394/1394 827/1134/1134 880/1133/1133
f 827/1132/1132 1127/1394/1394 879/1131/1131
f 881/1135/1135 1129/1396/1396 1131/1398/1398 1130/1397/1397
f 1130/1397/1397 1131/1398/1398 1126/1393/1393 880/1133/1133
f 1130/1397/1397 827/1136/1136 881/1135/1135
f 827/1134/1134 1130/1397/1397 880/1133/1133
f 882/1137/1137 1132/1399/1399 1134/1401/1401 1133/1400/1400
f 1133/1400/1400 1134/1401/1401 1129/1396/1396 881/1135/1135
f 1133/1400/1400 827/1138/1138 882/1137/1137
f 827/1136/1136 1133/1400/1400 881/1135/1135
f 883/1139/1139 1135/1402/1402 1137/1404/1404 1136/1403/1403
f 1136/1403/1403 1137/1404/1404 1132/1399/1399 882/1137/1137
f 1136/1403/1403 827/1140/1140 883/1139/1139
f 827/1138/1138 1136/1403/1403 882/1137/1137
f 884/1141/1141 1138/1405/1405 1140/1407/1407 1139/1406/1406
f 1139/1406/1406 1140/1407/1407 1135/1402/1402 883/1139/1139
f 1139/1406/1406 827/1142/1142 884/1141/1141
f 827/1140/1140 1139/1406/1406 883/1139/1139
f 885/1143/1143 1141/1408/1408 1143/1410/1410 1142/1409/1409
f 1142/1409/1409 1143/1410/1410 1138/1405/1405 884/1141/1141
f 1142/1409/1409 827/1144/1144 885/1143/1143
f 827/1142/1142 1142/1409/1409 884/1141/1141
f 886/1145/1145 1144/1411/1411 1146/1413/1413 1145/1412/1412
f 1145/1412/1412 1146/1413/1413 1141/1408/1408 885/1143/1143
f 1145/1412/1412 827/1146/1146 886/1145/1145
f 827/1144/1144 1145/1412/1412 885/1143/1143
f 887/1147/1147 1147/1414/1414 1149/1416/1416 1148/1415/1415
f 1148/1415/1415 1149/1416/1416 1144/1411/1411 886/1145/1145
f 1148/1415/1415 827/1148/1148 887/1147/1147
f 827/1146/1146 1148/1415/1415 886/1145/1145
f 888/1149/1149 1150/1417/1417 1152/1419/1419 1151/1418/1418
f 1151/1418/1418 1152/1419/1419 1147/1414/1414 887/1147/1147
f 1151/1418/1418 827/1150/1150 888/1149/1149
f 827/1148/1148 1151/1418/1418 887/1147/1147
f 889/1151/1151 1153/1420/1420 1155/1422/1422 1154/1421/1421
f 1154/1421/1421 1155/1422/1422 1150/1417/1417 888/1149/1149
f 1154/1421/1421 827/1152/1152 889/1151/1151
f 827/1150/1150 1154/1421/1421 888/1149/1149
f 890/1153/1153 1156/1423/1423 1158/1425/1425 1157/1424/1424
f 1157/1424/1424 1158/1425/1425 1153/1420/1420 889/1151/1151
f 1157/1424/1424 827/1154/1154 890/1153/1153
f 827/1152/1152 1157/1424/1424 889/1151/1151
f 826/1156/1156 971/1426/1426 1160/1428/1428 1159/1427/1427
f 1159/1427/1427 1160/1428/1428 1156/1423/1423 890/1153/1153
f 1159/1427/1427 827/1157/1157 826/1156/1156
f 827/1154/1154 1159/1427/1427 890/1153/1153
f 825/1026/1026 971/1238/1238 972/1239/1239 891/1158/1158
f 891/1158/1158 969/1236/1236 975/1242/1242 892/1159/1159
f 893/1160/1160 978/1245/1245 976/1243/1243 894/1161/1161
f 894/1161/1161 981/1248/1248 979/1246/1246 895/1162/1162
f 892/1159/1159 975/1242/1242 973/1240/1240 893/1160/1160
f 896/1163/1163 982/1249/1249 987/1254/1254 897/1164/1164
f 985/1252/1252 897/1164/1164 987/1254/1254
f 898/1165/1165 990/1257/1257 988/1255/1255 899/1166/1166
f 900/1167/1167 991/1258/1258 996/1263/1263 901/1168/1168
f 899/1166/1166 993/1260/1260 991/1258/1258 900/1167/1167
f 898/1165/1165 897/1164/1164 985/1252/1252
f 895/1162/1162 979/1246/1246 984/1251/1251 896/1163/1163
f 969/1236/1236 891/1158/1158 972/1239/1239
f 978/1245/1245 893/1160/1160 973/1240/1240
f 976/1243/1243 981/1248/1248 894/1161/1161
f 984/1251/1251 982/1249/1249 896/1163/1163
f 902/1169/1169 997/1264/1264 1002/1269/1269 903/1170/1170
f 901/1168/1168 994/1261/1261 999/1266/1266 902/1169/1169
f 903/1170/1170 1002/1269/1269 1000/1267/1267 904/1171/1171
f 904/1171/1171 1005/1272/1272 1003/1270/1270 905/1172/1172
f 906/1173/1173 1006/1273/1273 1011/1278/1278 907/1174/1174
f 907/1174/1174 1009/1276/1276 1014/1281/1281 908/1175/1175
f 905/1172/1172 1008/1275/1275 1006/1273/1273 906/1173/1173
f 909/1176/1176 1017/1284/1284 1015/1282/1282 910/1177/1177
f 910/1177/1177 1020/1287/1287 1018/1285/1285 911/1178/1178
f 912/1179/1179 1021/1288/1288 1026/1293/1293 913/1180/1180
f 914/1181/1181 1029/1296/1296 1027/1294/1294 915/1182/1182
f 913/1180/1180 1026/1293/1293 1024/1291/1291 914/1181/1181
f 911/1178/1178 1018/1285/1285 1023/1290/1290 912/1179/1179
f 908/1175/1175 1014/1281/1281 1012/1279/1279 909/1176/1176
f 916/1183/1183 1030/1297/1297 1035/1302/1302 917/1184/1184
f 917/1184/1184 1033/1300/1300 1038/1305/1305 918/1185/1185
f 919/1186/1186 1041/1308/1308 1039/1306/1306 920/1187/1187
f 920/1187/1187 1044/1311/1311 1042/1309/1309 921/1188/1188
f 918/1185/1185 1038/1305/1305 1036/1303/1303 919/1186/1186
f 922/1189/1189 1045/1312/1312 1050/1317/1317 923/1190/1190
f 923/1190/1190 1048/1315/1315 1053/1320/1320 924/1191/1191
f 925/1192/1192 1056/1323/1323 1054/1321/1321 926/1193/1193
f 927/1194/1194 1057/1324/1324 1062/1329/1329 928/1195/1195
f 926/1193/1193 1059/1326/1326 1057/1324/1324 927/1194/1194
f 924/1191/1191 1053/1320/1320 1051/1318/1318 925/1192/1192
f 921/1188/1188 1042/1309/1309 1047/1314/1314 922/1189/1189
f 915/1182/1182 1032/1299/1299 1030/1297/1297 916/1183/1183
f 928/1195/1195 1060/1327/1327 1065/1332/1332 929/1196/1196
f 898/1165/1165 985/1252/1252 990/1257/1257
f 993/1260/1260 899/1166/1166 988/1255/1255
f 902/1169/1169 999/1266/1266 997/1264/1264
f 1005/1272/1272 904/1171/1171 1000/1267/1267
f 994/1261/1261 901/1168/1168 996/1263/1263
f 1009/1276/1276 907/1174/1174 1011/1278/1278
f 910/1177/1177 1015/1282/1282 1020/1287/1287
f 1021/1288/1288 912/1179/1179 1023/1290/1290
f 1017/1284/1284 909/1176/1176 1012/1279/1279
f 1008/1275/1275 905/1172/1172 1003/1270/1270
f 914/1181/1181 1024/1291/1291 1029/1296/1296
f 1032/1299/1299 915/1182/1182 1027/1294/1294
f 1044/1311/1311 920/1187/1187 1039/1306/1306
f 1041/1308/1308 919/1186/1186 1036/1303/1303
f 1033/1300/1300 917/1184/1184 1035/1302/1302
f 922/1189/1189 1047/1314/1314 1045/1312/1312
f 1048/1315/1315 923/1190/1190 1050/1317/1317
f 926/1193/1193 1054/1321/1321 1059/1326/1326
f 1060/1327/1327 928/1195/1195 1062/1329/1329
f 1056/1323/1323 925/1192/1192 1051/1318/1318
f 1065/1332/1332 1063/1330/1330 929/1196/1196
f 930/1197/1197 1068/1335/1335 1066/1333/1333 931/1198/1198
f 931/1198/1198 1071/1338/1338 1069/1336/1336 932/1199/1199
f 933/1200/1200 1072/1339/1339 1077/1344/1344 934/1201/1201
f 934/1201/1201 1077/1344/1344 1075/1342/1342 935/1202/1202
f 932/1199/1199 1069/1336/1336 1074/1341/1341 933/1200/1200
f 936/1203/1203 1083/1350/1350 1081/1348/1348 937/1204/1204
f 938/1205/1205 1084/1351/1351 1089/1356/1356 939/1206/1206
f 940/1207/1207 1092/1359/1359 1090/1357/1357 941/1208/1208
f 939/1206/1206 1087/1354/1354 1092/1359/1359 940/1207/1207
f 937/1204/1204 1081/1348/1348 1086/1353/1353 938/1205/1205
f 935/1202/1202 1080/1347/1347 1078/1345/1345 936/1203/1203
f 1068/1335/1335 930/1197/1197 1063/1330/1330
f 1066/1333/1333 1071/1338/1338 931/1198/1198
f 933/1200/1200 1074/1341/1341 1072/1339/1339
f 1080/1347/1347 935/1202/1202 1075/1342/1342
f 1083/1350/1350 936/1203/1203 1078/1345/1345
f 942/1209/1209 1093/1360/1360 1098/1365/1365 943/1210/1210
f 941/1208/1208 1095/1362/1362 1093/1360/1360 942/1209/1209
f 929/1196/1196 1063/1330/1330 930/1197/1197
f 943/1210/1210 1096/1363/1363 1101/1368/1368 944/1211/1211
f 944/1211/1211 1099/1366/1366 1104/1371/1371 945/1212/1212
f 946/1213/1213 1107/1374/1374 1105/1372/1372 947/1214/1214
f 947/1214/1214 1110/1377/1377 1108/1375/1375 948/1215/1215
f 945/1212/1212 1104/1371/1371 1102/1369/1369 946/1213/1213
f 949/1216/1216 1111/1378/1378 1116/1383/1383 950/1217/1217
f 950/1217/1217 1116/1383/1383 1114/1381/1381 951/1218/1218
f 952/1219/1219 1122/1389/1389 1120/1387/1387 953/1220/1220
f 954/1221/1221 1123/1390/1390 1128/1395/1395 955/1222/1222
f 953/1220/1220 1120/1387/1387 1125/1392/1392 954/1221/1221
f 951/1218/1218 1119/1386/1386 1117/1384/1384 952/1219/1219
f 948/1215/1215 1108/1375/1375 1113/1380/1380 949/1216/1216
f 956/1223/1223 1131/1398/1398 1129/1396/1396 957/1224/1224
f 957/1224/1224 1134/1401/1401 1132/1399/1399 958/1225/1225
f 959/1226/1226 1135/1402/1402 1140/1407/1407 960/1227/1227
f 960/1227/1227 1138/1405/1405 1143/1410/1410 961/1228/1228
f 958/1225/1225 1132/1399/1399 1137/1404/1404 959/1226/1226
f 962/1229/1229 1146/1413/1413 1144/1411/1411 963/1230/1230
f 963/1230/1230 1144/1411/1411 1149/1416/1416 964/1231/1231
f 965/1232/1232 1150/1417/1417 1155/1422/1422 966/1233/1233
f 967/1234/1234 1158/1425/1425 1156/1423/1423 968/1235/1235
f 966/1233/1233 1155/1422/1422 1153/1420/1420 967/1234/1234
f 964/1231/1231 1147/1414/1414 1152/1419/1419 965/1232/1232
f 961/1228/1228 1143/1410/1410 1141/1408/1408 962/1229/1229
f 955/1222/1222 1128/1395/1395 1126/1393/1393 956/1223/1223
f 968/1235/1235 1160/1428/1428 971/1426/1426 825/1155/1155
f 938/1205/1205 1086/1353/1353 1084/1351/1351
f 939/1206/1206 1089/1356/1356 1087/1354/1354
f 941/1208/1208 1090/1357/1357 1095/1362/1362
f 943/1210/1210 1098/1365/1365 1096/1363/1363
f 944/1211/1211 1101/1368/1368 1099/1366/1366
f 946/1213/1213 1102/1369/1369 1107/1374/1374
f 947/1214/1214 1105/1372/1372 1110/1377/1377
f 949/1216/1216 1113/1380/1380 1111/1378/1378
f 951/1218/1218 1114/1381/1381 1119/1386/1386
f 952/1219/1219 1117/1384/1384 1122/1389/1389
f 954/1221/1221 1125/1392/1392 1123/1390/1390
f 956/1223/1223 1126/1393/1393 1131/1398/1398
f 957/1224/1224 1129/1396/1396 1134/1401/1401
f 959/1226/1226 1137/1404/1404 1135/1402/1402
f 960/1227/1227 1140/1407/1407 1138/1405/1405
f 962/1229/1229 1141/1408/1408 1146/1413/1413
f 1147/1414/1414 964/1231/1231 1149/1416/1416
f 1160/1428/1428 968/1235/1235 1156/1423/1423
f 1158/1425/1425 967/1234/1234 1153/1420/1420
f 1150/1417/1417 965/1232/1232 1152/1419/1419
f 1161/1429/1429 1162/1430/1430 1249/1519/1519 1165/1435/1435
f 1165/1435/1435 1249/1519/1519 1248/1518/1518 1166/1436/1436
f 1167/1437/1437 1247/1517/1517 1246/1516/1516 1168/1438/1438
f 1168/1438/1438 1246/1516/1516 1245/1515/1515 1169/1439/1439
f 1166/1436/1436 1248/1518/1518 1247/1517/1517 1167/1437/1437
f 1170/1440/1440 1244/1514/1514 1243/1513/1513 1171/1441/1441
f 1287/1557/1557 1172/1442/1442 1171/1441/1441
f 1242/1512/1512 1287/1557/1557 1171/1441/1441
f 1251/1521/1521 1250/1520/1520 1241/1511/1511
f 1169/1439/1439 1245/1515/1515 1244/1514/1514 1170/1440/1440
f 1287/1557/1557 1242/1512/1512 1250/1520/1520
f 1253/1523/1523 1252/1522/1522 1240/1510/1510
f 1254/1524/1524 1253/1523/1523 1239/1509/1509
f 1238/1508/1508 1256/1526/1526 1255/1525/1525
f 1254/1524/1524 1238/1508/1508 1255/1525/1525
f 1257/1527/1527 1256/1526/1526 1237/1507/1507
f 1236/1506/1506 1259/1529/1529 1258/1528/1528
f 1235/1505/1505 1260/1530/1530 1259/1529/1529
f 1261/1531/1531 1234/1504/1504 1262/1532/1532
f 1261/1531/1531 1260/1530/1530 1235/1505/1505
f 1257/1527/1527 1236/1506/1506 1258/1528/1528
f 1240/1510/1510 1252/1522/1522 1251/1521/1521
f 1262/1532/1532 1233/1503/1503 1263/1533/1533
f 1288/1558/1558 1290/1560/1560 1289/1559/1559
f 1290/1560/1560 1288/1558/1558 1218/1488/1488
f 1265/1535/1535 1264/1534/1534 1232/1502/1502
f 1266/1536/1536 1265/1535/1535 1232/1502/1502
f 1290/1560/1560 1217/1487/1487 1216/1486/1486 1291/1561/1561
f 1291/1561/1561 1216/1486/1486 1215/1485/1485 1292/1562/1562
f 1293/1563/1563 1214/1484/1484 1213/1483/1483 1294/1564/1564
f 1294/1564/1564 1213/1483/1483 1212/1482/1482 1295/1565/1565
f 1292/1562/1562 1215/1485/1485 1214/1484/1484 1293/1563/1563
f 1230/1500/1500 1268/1538/1538 1267/1537/1537
f 1231/1501/1501 1267/1537/1537 1266/1536/1536
f 1271/1541/1541 1270/1540/1540 1229/1499/1499
f 1270/1540/1540 1269/1539/1539 1229/1499/1499
f 1230/1500/1500 1269/1539/1539 1268/1538/1538
f 1274/1544/1544 1273/1543/1543 1227/1497/1497
f 1273/1543/1543 1272/1542/1542 1227/1497/1497
f 1224/1494/1494 1278/1548/1548 1277/1547/1547
f 1276/1546/1546 1275/1545/1545 1226/1496/1496
f 1275/1545/1545 1274/1544/1544 1226/1496/1496
f 1272/1542/1542 1271/1541/1541 1228/1498/1498
f 1295/1565/1565 1212/1482/1482 1211/1481/1481 1296/1566/1566
f 1263/1533/1533 1233/1503/1503 1264/1534/1534
f 1277/1547/1547 1276/1546/1546 1225/1495/1495
f 1242/1512/1512 1171/1441/1441 1243/1513/1513
f 1240/1510/1510 1251/1521/1521 1241/1511/1511
f 1239/1509/1509 1253/1523/1523 1240/1510/1510
f 1242/1512/1512 1241/1511/1511 1250/1520/1520
f 1237/1507/1507 1256/1526/1526 1238/1508/1508
f 1236/1506/1506 1257/1527/1527 1237/1507/1507
f 1234/1504/1504 1261/1531/1531 1235/1505/1505
f 1233/1503/1503 1262/1532/1532 1234/1504/1504
f 1236/1506/1506 1235/1505/1505 1259/1529/1529
f 1231/1501/1501 1266/1536/1536 1232/1502/1502
f 1230/1500/1500 1267/1537/1537 1231/1501/1501
f 1228/1498/1498 1271/1541/1541 1229/1499/1499
f 1227/1497/1497 1272/1542/1542 1228/1498/1498
f 1230/1500/1500 1229/1499/1499 1269/1539/1539
f 1233/1503/1503 1232/1502/1502 1264/1534/1534
f 1239/1509/1509 1238/1508/1508 1254/1524/1524
f 1225/1495/1495 1276/1546/1546 1226/1496/1496
f 1274/1544/1544 1227/1497/1497 1226/1496/1496
f 1279/1549/1549 1223/1493/1493 1280/1550/1550
f 1224/1494/1494 1277/1547/1547 1225/1495/1495
f 1279/1549/1549 1224/1494/1494 1223/1493/1493
f 1222/1492/1492 1280/1550/1550 1223/1493/1493
f 1283/1553/1553 1282/1552/1552 1221/1491/1491
f 1282/1552/1552 1281/1551/1551 1222/1492/1492
f 1285/1555/1555 1284/1554/1554 1220/1490/1490
f 1284/1554/1554 1283/1553/1553 1220/1490/1490
f 1280/1550/1550 1222/1492/1492 1281/1551/1551
f 1285/1555/1555 1219/1489/1489 1286/1556/1556
f 1282/1552/1552 1222/1492/1492 1221/1491/1491
f 1283/1553/1553 1221/1491/1491 1220/1490/1490
f 1286/1556/1556 1219/1489/1489 1218/1488/1488
f 1288/1558/1558 1286/1556/1556 1218/1488/1488
f 1219/1489/1489 1285/1555/1555 1220/1490/1490
f 1218/1488/1488 1217/1487/1487 1290/1560/1560
f 1278/1548/1548 1224/1494/1494 1279/1549/1549
f 1211/1481/1481 1163/1431/1431 1296/1566/1566
f 1297/1567/1567 1210/1480/1480 1209/1479/1479 1298/1568/1568
f 1298/1568/1568 1209/1479/1479 1208/1478/1478 1299/1569/1569
f 1300/1570/1570 1207/1477/1477 1206/1476/1476 1301/1571/1571
f 1301/1571/1571 1206/1476/1476 1205/1475/1475 1302/1572/1572
f 1299/1569/1569 1208/1478/1478 1207/1477/1477 1300/1570/1570
f 1342/1612/1612 1304/1574/1574 1303/1573/1573
f 1302/1572/1572 1205/1475/1475 1204/1474/1474 1303/1573/1573
f 1325/1595/1595 1190/1460/1460 1326/1596/1596
f 1325/1595/1595 1324/1594/1594 1191/1461/1461
f 1342/1612/1612 1303/1573/1573 1203/1473/1473
f 1318/1588/1588 1317/1587/1587 1194/1464/1464
f 1317/1587/1587 1316/1586/1586 1195/1465/1465
f 1315/1585/1585 1314/1584/1584 1196/1466/1466
f 1197/1467/1467 1314/1584/1584 1313/1583/1583
f 1195/1465/1465 1316/1586/1586 1315/1585/1585
f 1323/1593/1593 1164/1432/1432 1324/1594/1594
f 1322/1592/1592 1164/1432/1432 1323/1593/1593
f 1321/1591/1591 1320/1590/1590 1192/1462/1462
f 1320/1590/1590 1319/1589/1589 1193/1463/1463
f 1322/1592/1592 1321/1591/1591 1192/1462/1462
f 1319/1589/1589 1318/1588/1588 1194/1464/1464
f 1326/1596/1596 1190/1460/1460 1327/1597/1597
f 1343/1613/1613 1345/1615/1615 1344/1614/1614
f 1345/1615/1615 1343/1613/1613 1180/1450/1450
f 1343/1613/1613 1341/1611/1611 1180/1450/1450
f 1182/1452/1452 1340/1610/1610 1339/1609/1609
f 1345/1615/1615 1179/1449/1449 1178/1448/1448 1346/1616/1616
f 1346/1616/1616 1178/1448/1448 1177/1447/1447 1347/1617/1617
f 1347/1617/1617 1177/1447/1447 1176/1446/1446 1348/1618/1618
f 1349/1619/1619 1175/1445/1445 1174/1444/1444 1350/1620/1620
f 1350/1620/1620 1174/1444/1444 1173/1443/1443 1351/1621/1621
f 1348/1618/1618 1176/1446/1446 1175/1445/1445 1349/1619/1619
f 1351/1621/1621 1173/1443/1443 1162/1434/1434 1161/1433/1433
f 1333/1603/1603 1332/1602/1602 1186/1456/1456
f 1187/1457/1457 1332/1602/1602 1331/1601/1601
f 1331/1601/1601 1330/1600/1600 1187/1457/1457
f 1188/1458/1458 1330/1600/1600 1329/1599/1599
f 1186/1456/1456 1334/1604/1604 1333/1603/1603
f 1339/1609/1609 1338/1608/1608 1182/1452/1452
f 1337/1607/1607 1183/1453/1453 1338/1608/1608
f 1184/1454/1454 1337/1607/1607 1336/1606/1606
f 1335/1605/1605 1184/1454/1454 1336/1606/1606
f 1335/1605/1605 1334/1604/1604 1185/1455/1455
f 1189/1459/1459 1329/1599/1599 1328/1598/1598
f 1327/1597/1597 1189/1459/1459 1328/1598/1598
f 1340/1610/1610 1181/1451/1451 1341/1611/1611
f 1210/1480/1480 1297/1567/1567 1163/1431/1431
f 1203/1473/1473 1305/1575/1575 1342/1612/1612
f 1305/1575/1575 1202/1472/1472 1306/1576/1576
f 1308/1578/1578 1200/1470/1470 1309/1579/1579
f 1310/1580/1580 1309/1579/1579 1199/1469/1469
f 1308/1578/1578 1307/1577/1577 1201/1471/1471
f 1307/1577/1577 1306/1576/1576 1201/1471/1471
f 1311/1581/1581 1310/1580/1580 1199/1469/1469
f 1312/1582/1582 1311/1581/1581 1198/1468/1468
f 1203/1473/1473 1303/1573/1573 1204/1474/1474
f 1305/1575/1575 1203/1473/1473 1202/1472/1472
f 1308/1578/1578 1201/1471/1471 1200/1470/1470
f 1309/1579/1579 1200/1470/1470 1199/1469/1469
f 1312/1582/1582 1198/1468/1468 1197/1467/1467
f 1313/1583/1583 1312/1582/1582 1197/1467/1467
f 1198/1468/1468 1311/1581/1581 1199/1469/1469
f 1201/1471/1471 1306/1576/1576 1202/1472/1472
f 1314/1584/1584 1197/1467/1467 1196/1466/1466
f 1195/1465/1465 1315/1585/1585 1196/1466/1466
f 1194/1464/1464 1317/1587/1587 1195/1465/1465
f 1192/1462/1462 1320/1590/1590 1193/1463/1463
f 1164/1432/1432 1322/1592/1592 1192/1462/1462
f 1194/1464/1464 1193/1463/1463 1319/1589/1589
f 1190/1460/1460 1325/1595/1595 1191/1461/1461
f 1189/1459/1459 1327/1597/1597 1190/1460/1460
f 1187/1457/1457 1330/1600/1600 1188/1458/1458
f 1186/1456/1456 1332/1602/1602 1187/1457/1457
f 1189/1459/1459 1188/1458/1458 1329/1599/1599
f 1164/1432/1432 1191/1461/1461 1324/1594/1594
f 1184/1454/1454 1335/1605/1605 1185/1455/1455
f 1183/1453/1453 1337/1607/1607 1184/1454/1454
f 1181/1451/1451 1340/1610/1610 1182/1452/1452
f 1180/1450/1450 1341/1611/1611 1181/1451/1451
f 1183/1453/1453 1182/1452/1452 1338/1608/1608
f 1180/1450/1450 1179/1449/1449 1345/1615/1615
f 1186/1456/1456 1185/1455/1455 1334/1604/1604
f 1296/1566/1566 1163/1431/1431 1297/1567/1567
f 1352/1623/1623 1249/1632/1632 1162/1622/1622
f 1439/1792/1792 1248/1633/1633 1249/1632/1632
f 1247/1634/1634 1439/1792/1792 1440/1793/1793 1246/1635/1635
f 1245/1636/1636 1442/1795/1795 1441/1794/1794 1244/1637/1637
f 1246/1635/1635 1440/1793/1793 1442/1795/1795 1245/1636/1636
f 1439/1792/1792 1247/1634/1634 1248/1633/1633
f 1443/1796/1796 1242/1639/1639 1243/1638/1638
f 1242/1639/1639 1443/1796/1796 1444/1797/1797 1241/1640/1640
f 1240/1641/1641 1446/1799/1799 1445/1798/1798 1239/1642/1642
f 1447/1800/1800 1237/1644/1644 1238/1643/1643
f 1445/1798/1798 1238/1643/1643 1239/1642/1642
f 1241/1640/1640 1444/1797/1797 1446/1799/1799 1240/1641/1641
f 1441/1794/1794 1243/1638/1638 1244/1637/1637
f 1439/1792/1792 1249/1632/1632 1438/1791/1791
f 1249/1632/1632 1352/1623/1623 1438/1791/1791
f 1439/1792/1792 1436/1789/1789 1435/1788/1788 1440/1793/1793
f 1442/1795/1795 1433/1786/1786 1432/1785/1785 1441/1794/1794
f 1443/1796/1796 1431/1784/1784 1430/1783/1783 1444/1797/1797
f 1441/1794/1794 1443/1796/1796 1243/1638/1638
f 1441/1794/1794 1432/1785/1785 1431/1784/1784 1443/1796/1796
f 1440/1793/1793 1435/1788/1788 1434/1787/1787 1442/1795/1795
f 1236/1645/1645 1449/1802/1802 1448/1801/1801 1235/1646/1646
f 1235/1646/1646 1448/1801/1801 1450/1803/1803 1234/1647/1647
f 1445/1798/1798 1427/1780/1780 1426/1779/1779 1447/1800/1800
f 1447/1800/1800 1238/1643/1643 1445/1798/1798
f 1449/1802/1802 1424/1777/1777 1423/1776/1776 1448/1801/1801
f 1449/1802/1802 1236/1645/1645 1237/1644/1644 1447/1800/1800
f 1447/1800/1800 1425/1778/1778 1424/1777/1777 1449/1802/1802
f 1446/1799/1799 1428/1781/1781 1427/1780/1780 1445/1798/1798
f 1444/1797/1797 1429/1782/1782 1428/1781/1781 1446/1799/1799
f 1451/1804/1804 1232/1649/1649 1233/1648/1648
f 1232/1649/1649 1451/1804/1804 1452/1805/1805 1231/1650/1650
f 1230/1625/1625 1454/1807/1807 1453/1806/1806 1229/1651/1651
f 1455/1808/1808 1228/1652/1652 1229/1651/1651 1453/1806/1806
f 1231/1650/1650 1452/1805/1805 1454/1807/1807 1230/1625/1625
f 1227/1653/1653 1455/1808/1808 1456/1809/1809 1226/1654/1654
f 1226/1654/1654 1456/1809/1809 1457/1810/1810 1225/1655/1655
f 1223/1657/1657 1224/1656/1656 1458/1811/1811
f 1222/1658/1658 1460/1813/1813 1459/1812/1812 1221/1659/1659
f 1222/1658/1658 1223/1657/1657 1460/1813/1813
f 1225/1655/1655 1457/1810/1810 1458/1811/1811 1224/1656/1656
f 1227/1653/1653 1228/1652/1652 1455/1808/1808
f 1451/1804/1804 1233/1648/1648 1234/1647/1647 1450/1803/1803
f 1221/1659/1659 1459/1812/1812 1461/1814/1814 1220/1660/1660
f 1220/1660/1660 1461/1814/1814 1462/1815/1815 1219/1661/1661
f 1451/1804/1804 1420/1773/1773 1419/1772/1772 1452/1805/1805
f 1454/1807/1807 1417/1770/1770 1416/1769/1769 1453/1806/1806
f 1452/1805/1805 1419/1772/1772 1418/1771/1771 1454/1807/1807
f 1218/1662/1662 1219/1661/1661 1462/1815/1815
f 1450/1803/1803 1421/1774/1774 1420/1773/1773 1451/1804/1804
f 1217/1663/1663 1218/1662/1662 1463/1816/1816
f 1216/1664/1664 1465/1818/1818 1464/1817/1817 1215/1665/1665
f 1217/1663/1663 1463/1816/1816 1465/1818/1818 1216/1664/1664
f 1213/1667/1667 1214/1666/1666 1466/1819/1819
f 1212/1668/1668 1468/1821/1821 1467/1820/1820 1211/1669/1669
f 1212/1668/1668 1213/1667/1667 1468/1821/1821
f 1215/1665/1665 1464/1817/1817 1466/1819/1819 1214/1666/1666
f 1211/1669/1669 1467/1820/1820 1469/1822/1822 1163/1626/1626
f 1448/1801/1801 1423/1776/1776 1422/1775/1775 1450/1803/1803
f 1438/1791/1791 1352/1623/1623 1353/1624/1624
f 1437/1790/1790 1439/1792/1792 1438/1791/1791
f 1433/1786/1786 1442/1795/1795 1434/1787/1787
f 1437/1790/1790 1436/1789/1789 1439/1792/1792
f 1430/1783/1783 1429/1782/1782 1444/1797/1797
f 1455/1808/1808 1414/1767/1767 1413/1766/1766 1456/1809/1809
f 1453/1806/1806 1416/1769/1769 1415/1768/1768 1455/1808/1808
f 1425/1778/1778 1447/1800/1800 1426/1779/1779
f 1421/1774/1774 1450/1803/1803 1422/1775/1775
f 1417/1770/1770 1454/1807/1807 1418/1771/1771
f 1414/1767/1767 1455/1808/1808 1415/1768/1768
f 1456/1809/1809 1413/1766/1766 1412/1765/1765 1457/1810/1810
f 1411/1764/1764 1458/1811/1811 1457/1810/1810 1412/1765/1765
f 1223/1657/1657 1458/1811/1811 1460/1813/1813
f 1460/1813/1813 1409/1762/1762 1408/1761/1761 1459/1812/1812
f 1458/1811/1811 1410/1763/1763 1409/1762/1762 1460/1813/1813
f 1459/1812/1812 1408/1761/1761 1407/1760/1760 1461/1814/1814
f 1461/1814/1814 1406/1759/1759 1405/1758/1758 1462/1815/1815
f 1462/1815/1815 1405/1758/1758 1404/1757/1757 1463/1816/1816
f 1463/1816/1816 1404/1757/1757 1403/1756/1756 1465/1818/1818
f 1464/1817/1817 1401/1754/1754 1400/1753/1753 1466/1819/1819
f 1213/1667/1667 1466/1819/1819 1468/1821/1821
f 1468/1821/1821 1398/1751/1751 1397/1750/1750 1467/1820/1820
f 1466/1819/1819 1400/1753/1753 1399/1752/1752 1468/1821/1821
f 1465/1818/1818 1402/1755/1755 1401/1754/1754 1464/1817/1817
f 1463/1816/1816 1218/1662/1662 1462/1815/1815
f 1467/1820/1820 1397/1750/1750 1354/1627/1627 1469/1822/1822
f 1458/1811/1811 1411/1764/1764 1410/1763/1763
f 1406/1759/1759 1461/1814/1814 1407/1760/1760
f 1402/1755/1755 1465/1818/1818 1403/1756/1756
f 1398/1751/1751 1468/1821/1821 1399/1752/1752
f 1163/1626/1626 1469/1822/1822 1470/1823/1823 1210/1670/1670
f 1470/1823/1823 1209/1671/1671 1210/1670/1670
f 1471/1824/1824 1208/1672/1672 1209/1671/1671
f 1207/1673/1673 1473/1826/1826 1472/1825/1825 1206/1674/1674
f 1474/1827/1827 1204/1676/1676 1205/1675/1675
f 1206/1674/1674 1472/1825/1825 1474/1827/1827 1205/1675/1675
f 1208/1672/1672 1471/1824/1824 1473/1826/1826 1207/1673/1673
f 1203/1677/1677 1476/1829/1829 1475/1828/1828 1202/1678/1678
f 1202/1678/1678 1475/1828/1828 1477/1830/1830 1201/1679/1679
f 1478/1831/1831 1199/1681/1681 1200/1680/1680
f 1198/1682/1682 1480/1833/1833 1479/1832/1832 1197/1683/1683
f 1480/1833/1833 1198/1682/1682 1199/1681/1681
f 1201/1679/1679 1477/1830/1830 1478/1831/1831 1200/1680/1680
f 1476/1829/1829 1203/1677/1677 1204/1676/1676
f 1470/1823/1823 1395/1748/1748 1394/1747/1747 1471/1824/1824
f 1471/1824/1824 1209/1671/1671 1470/1823/1823
f 1471/1824/1824 1394/1747/1747 1393/1746/1746 1473/1826/1826
f 1472/1825/1825 1391/1744/1744 1390/1743/1743 1474/1827/1827
f 1476/1829/1829 1389/1742/1742 1388/1741/1741 1475/1828/1828
f 1474/1827/1827 1476/1829/1829 1204/1676/1676
f 1474/1827/1827 1390/1743/1743 1389/1742/1742 1476/1829/1829
f 1473/1826/1826 1393/1746/1746 1392/1745/1745 1472/1825/1825
f 1477/1830/1830 1386/1739/1739 1385/1738/1738 1478/1831/1831
f 1478/1831/1831 1480/1833/1833 1199/1681/1681
f 1196/1684/1684 1482/1835/1835 1481/1834/1834 1195/1685/1685
f 1480/1833/1833 1383/1736/1736 1382/1735/1735 1479/1832/1832
f 1482/1835/1835 1381/1734/1734 1380/1733/1733 1481/1834/1834
f 1482/1835/1835 1196/1684/1684 1197/1683/1683 1479/1832/1832
f 1479/1832/1832 1382/1735/1735 1381/1734/1734 1482/1835/1835
f 1481/1834/1834 1194/1686/1686 1195/1685/1685
f 1478/1831/1831 1385/1738/1738 1384/1737/1737 1480/1833/1833
f 1475/1828/1828 1387/1740/1740 1386/1739/1739 1477/1830/1830
f 1469/1822/1822 1354/1627/1627 1396/1749/1749 1470/1823/1823
f 1483/1836/1836 1193/1687/1687 1194/1686/1686
f 1193/1687/1687 1483/1836/1836 1484/1837/1837 1192/1688/1688
f 1164/1628/1628 1486/1839/1839 1485/1838/1838 1191/1689/1689
f 1487/1840/1840 1189/1691/1691 1190/1690/1690
f 1485/1838/1838 1190/1690/1690 1191/1689/1689
f 1192/1688/1688 1484/1837/1837 1486/1839/1839 1164/1628/1628
f 1189/1691/1691 1487/1840/1840 1488/1841/1841 1188/1692/1692
f 1188/1692/1692 1488/1841/1841 1489/1842/1842 1187/1693/1693
f 1185/1695/1695 1186/1694/1694 1490/1843/1843
f 1184/1696/1696 1492/1845/1845 1491/1844/1844 1183/1697/1697
f 1184/1696/1696 1185/1695/1695 1492/1845/1845
f 1187/1693/1693 1489/1842/1842 1490/1843/1843 1186/1694/1694
f 1183/1697/1697 1491/1844/1844 1493/1846/1846 1182/1698/1698
f 1182/1698/1698 1493/1846/1846 1494/1847/1847 1181/1699/1699
f 1484/1837/1837 1377/1730/1730 1376/1729/1729 1486/1839/1839
f 1485/1838/1838 1374/1727/1727 1373/1726/1726 1487/1840/1840
f 1487/1840/1840 1190/1690/1690 1485/1838/1838
f 1486/1839/1839 1375/1728/1728 1374/1727/1727 1485/1838/1838
f 1180/1700/1700 1181/1699/1699 1494/1847/1847
f 1483/1836/1836 1378/1731/1731 1377/1730/1730 1484/1837/1837
f 1179/1701/1701 1180/1700/1700 1495/1848/1848
f 1178/1702/1702 1497/1850/1850 1496/1849/1849 1177/1703/1703
f 1179/1701/1701 1495/1848/1848 1497/1850/1850 1178/1702/1702
f 1175/1705/1705 1176/1704/1704 1498/1851/1851
f 1174/1706/1706 1500/1853/1853 1499/1852/1852 1173/1707/1707
f 1174/1706/1706 1175/1705/1705 1500/1853/1853
f 1177/1703/1703 1496/1849/1849 1498/1851/1851 1176/1704/1704
f 1173/1707/1707 1499/1852/1852 1352/1630/1630 1162/1629/1629
f 1481/1834/1834 1483/1836/1836 1194/1686/1686
f 1481/1834/1834 1379/1732/1732 1378/1731/1731 1483/1836/1836
f 1395/1748/1748 1470/1823/1823 1396/1749/1749
f 1391/1744/1744 1472/1825/1825 1392/1745/1745
f 1387/1740/1740 1475/1828/1828 1388/1741/1741
f 1487/1840/1840 1372/1725/1725 1371/1724/1724 1488/1841/1841
f 1383/1736/1736 1480/1833/1833 1384/1737/1737
f 1380/1733/1733 1379/1732/1732 1481/1834/1834
f 1376/1729/1729 1375/1728/1728 1486/1839/1839
f 1372/1725/1725 1487/1840/1840 1373/1726/1726
f 1370/1723/1723 1489/1842/1842 1488/1841/1841 1371/1724/1724
f 1489/1842/1842 1370/1723/1723 1369/1722/1722 1490/1843/1843
f 1185/1695/1695 1490/1843/1843 1492/1845/1845
f 1368/1721/1721 1490/1843/1843 1369/1722/1722
f 1492/1845/1845 1367/1720/1720 1366/1719/1719 1491/1844/1844
f 1490/1843/1843 1368/1721/1721 1367/1720/1720 1492/1845/1845
f 1491/1844/1844 1366/1719/1719 1365/1718/1718 1493/1846/1846
f 1493/1846/1846 1364/1717/1717 1363/1716/1716 1494/1847/1847
f 1494/1847/1847 1363/1716/1716 1362/1715/1715 1495/1848/1848
f 1495/1848/1848 1362/1715/1715 1361/1714/1714 1497/1850/1850
f 1496/1849/1849 1359/1712/1712 1358/1711/1711 1498/1851/1851
f 1175/1705/1705 1498/1851/1851 1500/1853/1853
f 1500/1853/1853 1356/1709/1709 1355/1708/1708 1499/1852/1852
f 1498/1851/1851 1358/1711/1711 1357/1710/1710 1500/1853/1853
f 1497/1850/1850 1360/1713/1713 1359/1712/1712 1496/1849/1849
f 1495/1848/1848 1180/1700/1700 1494/1847/1847
f 1499/1852/1852 1355/1708/1708 1353/1631/1631 1352/1630/1630
f 1493/1846/1846 1365/1718/1718 1364/1717/1717
f 1497/1850/1850 1361/1714/1714 1360/1713/1713
f 1500/1853/1853 1357/1710/1710 1356/1709/1709
f 1501/1855/1855 1438/1862/1862 1353/1854/1854
f 1588/2030/2030 1437/1863/1863 1438/1862/1862
f 1436/1864/1864 1588/2030/2030 1589/2031/2031 1435/1865/1865
f 1590/2032/2032 1433/1867/1867 1434/1866/1866
f 1589/2031/2031 1434/1866/1866 1435/1865/1865
f 1588/2030/2030 1436/1864/1864 1437/1863/1863
f 1432/1868/1868 1592/2034/2034 1591/2033/2033 1431/1869/1869
f 1591/2033/2033 1430/1870/1870 1431/1869/1869
f 1429/1871/1871 1594/2036/2036 1593/2035/2035 1428/1872/1872
f 1595/2037/2037 1426/1874/1874 1427/1873/1873
f 1428/1872/1872 1593/2035/2035 1595/2037/2037 1427/1873/1873
f 1594/2036/2036 1429/1871/1871 1430/1870/1870
f 1433/1867/1867 1590/2032/2032 1592/2034/2034 1432/1868/1868
f 1588/2030/2030 1438/1862/1862 1587/2029/2029
f 1438/1862/1862 1501/1855/1855 1587/2029/2029
f 1588/2030/2030 1585/2027/2027 1584/2026/2026 1589/2031/2031
f 1590/2032/2032 1582/2024/2024 1581/2023/2023 1592/2034/2034
f 1591/2033/2033 1580/2022/2022 1579/2021/2021 1594/2036/2036
f 1594/2036/2036 1430/1870/1870 1591/2033/2033
f 1592/2034/2034 1581/2023/2023 1580/2022/2022 1591/2033/2033
f 1589/2031/2031 1590/2032/2032 1434/1866/1866
f 1589/2031/2031 1584/2026/2026 1583/2025/2025 1590/2032/2032
f 1425/1875/1875 1597/2039/2039 1596/2038/2038 1424/1876/1876
f 1424/1876/1876 1596/2038/2038 1598/2040/2040 1423/1877/1877
f 1595/2037/2037 1576/2018/2018 1575/2017/2017 1597/2039/2039
f 1597/2039/2039 1426/1874/1874 1595/2037/2037
f 1596/2038/2038 1573/2015/2015 1572/2014/2014 1598/2040/2040
f 1597/2039/2039 1574/2016/2016 1573/2015/2015 1596/2038/2038
f 1598/2040/2040 1422/1878/1878 1423/1877/1877
f 1593/2035/2035 1577/2019/2019 1576/2018/2018 1595/2037/2037
f 1425/1875/1875 1426/1874/1874 1597/2039/2039
f 1594/2036/2036 1578/2020/2020 1577/2019/2019 1593/2035/2035
f 1599/2041/2041 1421/1879/1879 1422/1878/1878
f 1421/1879/1879 1599/2041/2041 1600/2042/2042 1420/1880/1880
f 1419/1881/1881 1602/2044/2044 1601/2043/2043 1418/1882/1882
f 1417/1883/1883 1418/1882/1882 1601/2043/2043
f 1420/1880/1880 1600/2042/2042 1602/2044/2044 1419/1881/1881
f 1416/1884/1884 1604/2046/2046 1603/2045/2045 1415/1885/1885
f 1413/1887/1887 1414/1886/1886 1605/2047/2047
f 1414/1886/1886 1415/1885/1885 1603/2045/2045
f 1412/1888/1888 1607/2049/2049 1606/2048/2048 1411/1889/1889
f 1409/1891/1891 1410/1890/1890 1608/2050/2050
f 1410/1890/1890 1411/1889/1889 1606/2048/2048
f 1413/1887/1887 1605/2047/2047 1607/2049/2049 1412/1888/1888
f 1417/1883/1883 1601/2043/2043 1604/2046/2046 1416/1884/1884
f 1408/1892/1892 1610/2052/2052 1609/2051/2051 1407/1893/1893
f 1406/1894/1894 1407/1893/1893 1609/2051/2051
f 1599/2041/2041 1570/2012/2012 1569/2011/2011 1600/2042/2042
f 1405/1895/1895 1612/2054/2054 1611/2053/2053 1404/1896/1896
f 1612/2054/2054 1405/1895/1895 1406/1894/1894
f 1600/2042/2042 1569/2011/2011 1568/2010/2010 1602/2044/2044
f 1409/1891/1891 1608/2050/2050 1610/2052/2052 1408/1892/1892
f 1404/1896/1896 1611/2053/2053 1613/2055/2055 1403/1897/1897
f 1401/1899/1899 1402/1898/1898 1614/2056/2056
f 1402/1898/1898 1403/1897/1897 1613/2055/2055
f 1400/1900/1900 1616/2058/2058 1615/2057/2057 1399/1901/1901
f 1397/1903/1903 1398/1902/1902 1617/2059/2059
f 1398/1902/1902 1399/1901/1901 1615/2057/2057
f 1401/1899/1899 1614/2056/2056 1616/2058/2058 1400/1900/1900
f 1397/1903/1903 1617/2059/2059 1618/2060/2060 1354/1857/1857
f 1598/2040/2040 1599/2041/2041 1422/1878/1878
f 1598/2040/2040 1572/2014/2014 1571/2013/2013 1599/2041/2041
f 1587/2029/2029 1501/1855/1855 1502/1856/1856
f 1586/2028/2028 1588/2030/2030 1587/2029/2029
f 1582/2024/2024 1590/2032/2032 1583/2025/2025
f 1586/2028/2028 1585/2027/2027 1588/2030/2030
f 1604/2046/2046 1565/2007/2007 1564/2006/2006 1603/2045/2045
f 1414/1886/1886 1603/2045/2045 1605/2047/2047
f 1601/2043/2043 1566/2008/2008 1565/2007/2007 1604/2046/2046
f 1578/2020/2020 1594/2036/2036 1579/2021/2021
f 1603/2045/2045 1563/2005/2005 1562/2004/2004 1605/2047/2047
f 1602/2044/2044 1568/2010/2010 1567/2009/2009 1601/2043/2043
f 1575/2017/2017 1574/2016/2016 1597/2039/2039
f 1603/2045/2045 1564/2006/2006 1563/2005/2005
f 1566/2008/2008 1601/2043/2043 1567/2009/2009
f 1571/2013/2013 1570/2012/2012 1599/2041/2041
f 1560/2002/2002 1606/2048/2048 1607/2049/2049 1561/2003/2003
f 1410/1890/1890 1606/2048/2048 1608/2050/2050
f 1561/2003/2003 1607/2049/2049 1605/2047/2047 1562/2004/2004
f 1608/2050/2050 1558/2000/2000 1557/1999/1999 1610/2052/2052
f 1606/2048/2048 1559/2001/2001 1558/2000/2000 1608/2050/2050
f 1610/2052/2052 1557/1999/1999 1556/1998/1998 1609/2051/2051
f 1609/2051/2051 1555/1997/1997 1554/1996/1996 1612/2054/2054
f 1611/2053/2053 1553/1995/1995 1552/1994/1994 1613/2055/2055
f 1402/1898/1898 1613/2055/2055 1614/2056/2056
f 1612/2054/2054 1554/1996/1996 1553/1995/1995 1611/2053/2053
f 1614/2056/2056 1550/1992/1992 1549/1991/1991 1616/2058/2058
f 1615/2057/2057 1547/1989/1989 1546/1988/1988 1617/2059/2059
f 1617/2059/2059 1398/1902/1902 1615/2057/2057
f 1616/2058/2058 1549/1991/1991 1548/1990/1990 1615/2057/2057
f 1613/2055/2055 1551/1993/1993 1550/1992/1992 1614/2056/2056
f 1612/2054/2054 1406/1894/1894 1609/2051/2051
f 1617/2059/2059 1546/1988/1988 1503/1858/1858 1618/2060/2060
f 1606/2048/2048 1560/2002/2002 1559/2001/2001
f 1555/1997/1997 1609/2051/2051 1556/1998/1998
f 1551/1993/1993 1613/2055/2055 1552/1994/1994
f 1547/1989/1989 1615/2057/2057 1548/1990/1990
f 1354/1857/1857 1618/2060/2060 1619/2061/2061 1396/1904/1904
f 1619/2061/2061 1395/1905/1905 1396/1904/1904
f 1620/2062/2062 1394/1906/1906 1395/1905/1905
f 1621/2063/2063 1392/1908/1908 1393/1907/1907
f 1391/1909/1909 1623/2065/2065 1622/2064/2064 1390/1910/1910
f 1623/2065/2065 1391/1909/1909 1392/1908/1908
f 1394/1906/1906 1620/2062/2062 1621/2063/2063 1393/1907/1907
f 1624/2066/2066 1388/1912/1912 1389/1911/1911
f 1625/2067/2067 1387/1913/1913 1388/1912/1912
f 1386/1914/1914 1627/2069/2069 1626/2068/2068 1385/1915/1915
f 1628/2070/2070 1383/1917/1917 1384/1916/1916
f 1626/2068/2068 1384/1916/1916 1385/1915/1915
f 1387/1913/1913 1625/2067/2067 1627/2069/2069 1386/1914/1914
f 1390/1910/1910 1622/2064/2064 1624/2066/2066 1389/1911/1911
f 1619/2061/2061 1544/1986/1986 1543/1985/1985 1620/2062/2062
f 1620/2062/2062 1395/1905/1905 1619/2061/2061
f 1620/2062/2062 1543/1985/1985 1542/1984/1984 1621/2063/2063
f 1623/2065/2065 1540/1982/1982 1539/1981/1981 1622/2064/2064
f 1624/2066/2066 1538/1980/1980 1537/1979/1979 1625/2067/2067
f 1625/2067/2067 1388/1912/1912 1624/2066/2066
f 1622/2064/2064 1539/1981/1981 1538/1980/1980 1624/2066/2066
f 1621/2063/2063 1623/2065/2065 1392/1908/1908
f 1621/2063/2063 1542/1984/1984 1541/1983/1983 1623/2065/2065
f 1382/1918/1918 1630/2072/2072 1629/2071/2071 1381/1919/1919
f 1380/1920/1920 1381/1919/1919 1629/2071/2071
f 1626/2068/2068 1534/1976/1976 1533/1975/1975 1628/2070/2070
f 1628/2070/2070 1384/1916/1916 1626/2068/2068
f 1630/2072/2072 1531/1973/1973 1530/1972/1972 1629/2071/2071
f 1630/2072/2072 1382/1918/1918 1383/1917/1917 1628/2070/2070
f 1628/2070/2070 1532/1974/1974 1531/1973/1973 1630/2072/2072
f 1629/2071/2071 1631/2073/2073 1380/1920/1920
f 1627/2069/2069 1535/1977/1977 1534/1976/1976 1626/2068/2068
f 1625/2067/2067 1536/1978/1978 1535/1977/1977 1627/2069/2069
f 1618/2060/2060 1503/1858/1858 1545/1987/1987 1619/2061/2061
f 1379/1921/1921 1631/2073/2073 1632/2074/2074 1378/1922/1922
f 1378/1922/1922 1632/2074/2074 1633/2075/2075 1377/1923/1923
f 1634/2076/2076 1375/1925/1925 1376/1924/1924
f 1374/1926/1926 1375/1925/1925 1635/2077/2077
f 1635/2077/2077 1375/1925/1925 1634/2076/2076
f 1377/1923/1923 1633/2075/2075 1634/2076/2076 1376/1924/1924
f 1372/1928/1928 1373/1927/1927 1636/2078/2078
f 1371/1929/1929 1638/2080/2080 1637/2079/2079 1370/1930/1930
f 1371/1929/1929 1372/1928/1928 1638/2080/2080
f 1368/1932/1932 1369/1931/1931 1639/2081/2081
f 1367/1933/1933 1641/2083/2083 1640/2082/2082 1366/1934/1934
f 1367/1933/1933 1368/1932/1932 1641/2083/2083
f 1370/1930/1930 1637/2079/2079 1639/2081/2081 1369/1931/1931
f 1374/1926/1926 1635/2077/2077 1636/2078/2078 1373/1927/1927
f 1364/1936/1936 1365/1935/1935 1642/2084/2084
f 1363/1937/1937 1364/1936/1936 1643/2085/2085
f 1631/2073/2073 1528/1970/1970 1527/1969/1969 1632/2074/2074
f 1633/2075/2075 1526/1968/1968 1525/1967/1967 1634/2076/2076
f 1632/2074/2074 1527/1969/1969 1526/1968/1968 1633/2075/2075
f 1363/1937/1937 1643/2085/2085 1644/2086/2086 1362/1938/1938
f 1366/1934/1934 1640/2082/2082 1642/2084/2084 1365/1935/1935
f 1362/1938/1938 1644/2086/2086 1645/2087/2087 1361/1939/1939
f 1359/1941/1941 1360/1940/1940 1646/2088/2088
f 1360/1940/1940 1361/1939/1939 1645/2087/2087
f 1358/1942/1942 1648/2090/2090 1647/2089/2089 1357/1943/1943
f 1355/1945/1945 1356/1944/1944 1649/2091/2091
f 1356/1944/1944 1357/1943/1943 1647/2089/2089
f 1359/1941/1941 1646/2088/2088 1648/2090/2090 1358/1942/1942
f 1355/1945/1945 1649/2091/2091 1501/1860/1860 1353/1859/1859
f 1380/1920/1920 1631/2073/2073 1379/1921/1921
f 1629/2071/2071 1530/1972/1972 1529/1971/1971 1631/2073/2073
f 1544/1986/1986 1619/2061/2061 1545/1987/1987
f 1540/1982/1982 1623/2065/2065 1541/1983/1983
f 1372/1928/1928 1636/2078/2078 1638/2080/2080
f 1635/2077/2077 1523/1965/1965 1522/1964/1964 1636/2078/2078
f 1537/1979/1979 1536/1978/1978 1625/2067/2067
f 1636/2078/2078 1521/1963/1963 1520/1962/1962 1638/2080/2080
f 1634/2076/2076 1524/1966/1966 1523/1965/1965 1635/2077/2077
f 1532/1974/1974 1628/2070/2070 1533/1975/1975
f 1528/1970/1970 1631/2073/2073 1529/1971/1971
f 1524/1966/1966 1634/2076/2076 1525/1967/1967
f 1521/1963/1963 1636/2078/2078 1522/1964/1964
f 1638/2080/2080 1520/1962/1962 1519/1961/1961 1637/2079/2079
f 1637/2079/2079 1519/1961/1961 1518/1960/1960 1639/2081/2081
f 1368/1932/1932 1639/2081/2081 1641/2083/2083
f 1517/1959/1959 1639/2081/2081 1518/1960/1960
f 1641/2083/2083 1516/1958/1958 1515/1957/1957 1640/2082/2082
f 1639/2081/2081 1517/1959/1959 1516/1958/1958 1641/2083/2083
f 1640/2082/2082 1515/1957/1957 1514/1956/1956 1642/2084/2084
f 1642/2084/2084 1513/1955/1955 1512/1954/1954 1643/2085/2085
f 1644/2086/2086 1511/1953/1953 1510/1952/1952 1645/2087/2087
f 1360/1940/1940 1645/2087/2087 1646/2088/2088
f 1643/2085/2085 1512/1954/1954 1511/1953/1953 1644/2086/2086
f 1646/2088/2088 1508/1950/1950 1507/1949/1949 1648/2090/2090
f 1647/2089/2089 1505/1947/1947 1504/1946/1946 1649/2091/2091
f 1649/2091/2091 1356/1944/1944 1647/2089/2089
f 1648/2090/2090 1507/1949/1949 1506/1948/1948 1647/2089/2089
f 1645/2087/2087 1509/1951/1951 1508/1950/1950 1646/2088/2088
f 1643/2085/2085 1364/1936/1936 1642/2084/2084
f 1649/2091/2091 1504/1946/1946 1502/1861/1861 1501/1860/1860
f 1642/2084/2084 1514/1956/1956 1513/1955/1955
f 1645/2087/2087 1510/1952/1952 1509/1951/1951
f 1647/2089/2089 1506/1948/1948 1505/1947/1947
f 1650/2093/2093 1587/2099/2099 1502/2092/2092
f 1732/2263/2263 1586/2100/2100 1587/2099/2099
f 1585/2101/2101 1732/2263/2263 1733/2264/2264 1584/2102/2102
f 1734/2265/2265 1582/2104/2104 1583/2103/2103
f 1733/2264/2264 1583/2103/2103 1584/2102/2102
f 1732/2263/2263 1585/2101/2101 1586/2100/2100
f 1581/2105/2105 1736/2267/2267 1735/2266/2266 1580/2106/2106
f 1735/2266/2266 1579/2107/2107 1580/2106/2106
f 1578/2108/2108 1738/2269/2269 1737/2268/2268 1577/2109/2109
f 1739/2270/2270 1575/2111/2111 1576/2110/2110
f 1577/2109/2109 1737/2268/2268 1739/2270/2270 1576/2110/2110
f 1738/2269/2269 1578/2108/2108 1579/2107/2107
f 1582/2104/2104 1734/2265/2265 1736/2267/2267 1581/2105/2105
f 1732/2263/2263 1587/2099/2099 1731/2262/2262
f 1587/2099/2099 1650/2093/2093 1731/2262/2262
f 1732/2263/2263 1729/2260/2260 1728/2259/2259 1733/2264/2264
f 1734/2265/2265 1727/2258/2258 1726/2257/2257 1736/2267/2267
f 1735/2266/2266 1724/2255/2255 1723/2254/2254 1738/2269/2269
f 1738/2269/2269 1579/2107/2107 1735/2266/2266
f 1736/2267/2267 1725/2256/2256 1724/2255/2255 1735/2266/2266
f 1733/2264/2264 1734/2265/2265 1583/2103/2103
f 1733/2264/2264 1728/2259/2259 1727/2258/2258 1734/2265/2265
f 1574/2112/2112 1741/2272/2272 1740/2271/2271 1573/2113/2113
f 1573/2113/2113 1740/2271/2271 1742/2273/2273 1572/2114/2114
f 1739/2270/2270 1720/2251/2251 1719/2250/2250 1741/2272/2272
f 1741/2272/2272 1575/2111/2111 1739/2270/2270
f 1740/2271/2271 1718/2249/2249 1717/2248/2248 1742/2273/2273
f 1741/2272/2272 1719/2250/2250 1718/2249/2249 1740/2271/2271
f 1742/2273/2273 1571/2115/2115 1572/2114/2114
f 1737/2268/2268 1722/2253/2253 1721/2252/2252 1739/2270/2270
f 1574/2112/2112 1575/2111/2111 1741/2272/2272
f 1738/2269/2269 1723/2254/2254 1722/2253/2253 1737/2268/2268
f 1743/2274/2274 1570/2116/2116 1571/2115/2115
f 1570/2116/2116 1743/2274/2274 1744/2275/2275 1569/2117/2117
f 1745/2276/2276 1568/2118/2118 1569/2117/2117 1744/2275/2275
f 1566/2120/2120 1567/2119/2119 1746/2277/2277
f 1568/2118/2118 1745/2276/2276 1746/2277/2277 1567/2119/2119
f 1565/2121/2121 1748/2279/2279 1747/2278/2278 1564/2122/2122
f 1563/2123/2123 1564/2122/2122 1747/2278/2278
f 1562/2124/2124 1750/2281/2281 1749/2280/2280 1561/2125/2125
f 1559/2127/2127 1560/2126/2126 1751/2282/2282
f 1561/2125/2125 1749/2280/2280 1751/2282/2282 1560/2126/2126
f 1562/2124/2124 1563/2123/2123 1750/2281/2281
f 1566/2120/2120 1746/2277/2277 1748/2279/2279 1565/2121/2121
f 1558/2128/2128 1753/2284/2284 1752/2283/2283 1557/2129/2129
f 1557/2129/2129 1752/2283/2283 1754/2285/2285 1556/2130/2130
f 1743/2274/2274 1715/2246/2246 1714/2245/2245 1744/2275/2275
f 1554/2132/2132 1555/2131/2131 1755/2286/2286
f 1555/2131/2131 1556/2130/2130 1754/2285/2285
f 1554/2132/2132 1755/2286/2286 1756/2287/2287 1553/2133/2133
f 1559/2127/2127 1753/2284/2284 1558/2128/2128
f 1553/2133/2133 1756/2287/2287 1757/2288/2288 1552/2134/2134
f 1550/2136/2136 1551/2135/2135 1758/2289/2289
f 1551/2135/2135 1552/2134/2134 1757/2288/2288
f 1549/2137/2137 1760/2291/2291 1759/2290/2290 1548/2138/2138
f 1546/2140/2140 1547/2139/2139 1761/2292/2292
f 1547/2139/2139 1548/2138/2138 1759/2290/2290
f 1550/2136/2136 1758/2289/2289 1760/2291/2291 1549/2137/2137
f 1762/2293/2293 1503/2095/2095 1546/2140/2140 1761/2292/2292
f 1742/2273/2273 1743/2274/2274 1571/2115/2115
f 1742/2273/2273 1717/2248/2248 1716/2247/2247 1743/2274/2274
f 1731/2262/2262 1650/2093/2093 1651/2094/2094
f 1730/2261/2261 1732/2263/2263 1731/2262/2262
f 1730/2261/2261 1729/2260/2260 1732/2263/2263
f 1745/2276/2276 1713/2244/2244 1712/2243/2243 1746/2277/2277
f 1748/2279/2279 1710/2241/2241 1709/2240/2240 1747/2278/2278
f 1746/2277/2277 1712/2243/2243 1711/2242/2242 1748/2279/2279
f 1736/2267/2267 1726/2257/2257 1725/2256/2256
f 1744/2275/2275 1714/2245/2245 1713/2244/2244 1745/2276/2276
f 1720/2251/2251 1739/2270/2270 1721/2252/2252
f 1748/2279/2279 1711/2242/2242 1710/2241/2241
f 1708/2239/2239 1750/2281/2281 1747/2278/2278 1709/2240/2240
f 1716/2247/2247 1715/2246/2246 1743/2274/2274
f 1750/2281/2281 1708/2239/2239 1707/2238/2238 1749/2280/2280
f 1706/2237/2237 1749/2280/2280 1707/2238/2238
f 1751/2282/2282 1705/2236/2236 1704/2235/2235 1753/2284/2284
f 1749/2280/2280 1706/2237/2237 1705/2236/2236 1751/2282/2282
f 1753/2284/2284 1704/2235/2235 1703/2234/2234 1752/2283/2283
f 1752/2283/2283 1703/2234/2234 1702/2233/2233 1754/2285/2285
f 1753/2284/2284 1559/2127/2127 1751/2282/2282
f 1754/2285/2285 1701/2232/2232 1700/2231/2231 1755/2286/2286
f 1755/2286/2286 1700/2231/2231 1699/2230/2230 1756/2287/2287
f 1757/2288/2288 1698/2229/2229 1697/2228/2228 1758/2289/2289
f 1760/2291/2291 1695/2226/2226 1694/2225/2225 1759/2290/2290
f 1547/2139/2139 1759/2290/2290 1761/2292/2292
f 1758/2289/2289 1696/2227/2227 1695/2226/2226 1760/2291/2291
f 1758/2289/2289 1551/2135/2135 1757/2288/2288
f 1756/2287/2287 1699/2230/2230 1698/2229/2229 1757/2288/2288
f 1755/2286/2286 1555/2131/2131 1754/2285/2285
f 1759/2290/2290 1694/2225/2225 1693/2224/2224 1761/2292/2292
f 1701/2232/2232 1754/2285/2285 1702/2233/2233
f 1758/2289/2289 1697/2228/2228 1696/2227/2227
f 1692/2223/2223 1762/2293/2293 1761/2292/2292 1693/2224/2224
f 1750/2281/2281 1563/2123/2123 1747/2278/2278
f 1763/2294/2294 1544/2142/2142 1545/2141/2141
f 1764/2295/2295 1543/2143/2143 1544/2142/2142
f 1765/2296/2296 1541/2145/2145 1542/2144/2144
f 1540/2146/2146 1767/2298/2298 1766/2297/2297 1539/2147/2147
f 1767/2298/2298 1540/2146/2146 1541/2145/2145
f 1543/2143/2143 1764/2295/2295 1765/2296/2296 1542/2144/2144
f 1768/2299/2299 1537/2149/2149 1538/2148/2148
f 1769/2300/2300 1536/2150/2150 1537/2149/2149
f 1535/2151/2151 1771/2302/2302 1770/2301/2301 1534/2152/2152
f 1772/2303/2303 1532/2154/2154 1533/2153/2153
f 1770/2301/2301 1533/2153/2153 1534/2152/2152
f 1536/2150/2150 1769/2300/2300 1771/2302/2302 1535/2151/2151
f 1539/2147/2147 1766/2297/2297 1768/2299/2299 1538/2148/2148
f 1762/2293/2293 1691/2222/2222 1690/2221/2221 1763/2294/2294
f 1763/2294/2294 1545/2141/2141 1503/2095/2095 1762/2293/2293
f 1764/2295/2295 1544/2142/2142 1763/2294/2294
f 1763/2294/2294 1690/2221/2221 1689/2220/2220 1764/2295/2295
f 1765/2296/2296 1687/2218/2218 1686/2217/2217 1767/2298/2298
f 1767/2298/2298 1541/2145/2145 1765/2296/2296
f 1766/2297/2297 1685/2216/2216 1684/2215/2215 1768/2299/2299
f 1767/2298/2298 1686/2217/2217 1685/2216/2216 1766/2297/2297
f 1764/2295/2295 1689/2220/2220 1688/2219/2219 1765/2296/2296
f 1769/2300/2300 1682/2213/2213 1681/2212/2212 1771/2302/2302
f 1769/2300/2300 1537/2149/2149 1768/2299/2299
f 1531/2155/2155 1774/2305/2305 1773/2304/2304 1530/2156/2156
f 1770/2301/2301 1680/2211/2211 1679/2210/2210 1772/2303/2303
f 1772/2303/2303 1533/2153/2153 1770/2301/2301
f 1774/2305/2305 1677/2208/2208 1676/2207/2207 1773/2304/2304
f 1774/2305/2305 1531/2155/2155 1532/2154/2154 1772/2303/2303
f 1772/2303/2303 1679/2210/2210 1678/2209/2209 1774/2305/2305
f 1773/2304/2304 1529/2157/2157 1530/2156/2156
f 1771/2302/2302 1681/2212/2212 1680/2211/2211 1770/2301/2301
f 1768/2299/2299 1684/2215/2215 1683/2214/2214 1769/2300/2300
f 1775/2306/2306 1528/2158/2158 1529/2157/2157
f 1528/2158/2158 1775/2306/2306 1776/2307/2307 1527/2159/2159
f 1777/2308/2308 1526/2160/2160 1527/2159/2159 1776/2307/2307
f 1524/2162/2162 1525/2161/2161 1778/2309/2309
f 1526/2160/2160 1777/2308/2308 1778/2309/2309 1525/2161/2161
f 1523/2163/2163 1780/2311/2311 1779/2310/2310 1522/2164/2164
f 1521/2165/2165 1522/2164/2164 1779/2310/2310
f 1520/2166/2166 1782/2313/2313 1781/2312/2312 1519/2167/2167
f 1517/2169/2169 1518/2168/2168 1783/2314/2314
f 1519/2167/2167 1781/2312/2312 1783/2314/2314 1518/2168/2168
f 1520/2166/2166 1521/2165/2165 1782/2313/2313
f 1523/2163/2163 1524/2162/2162 1780/2311/2311
f 1516/2170/2170 1785/2316/2316 1784/2315/2315 1515/2171/2171
f 1515/2171/2171 1784/2315/2315 1786/2317/2317 1514/2172/2172
f 1775/2306/2306 1675/2206/2206 1674/2205/2205 1776/2307/2307
f 1512/2174/2174 1513/2173/2173 1787/2318/2318
f 1513/2173/2173 1514/2172/2172 1786/2317/2317
f 1512/2174/2174 1787/2318/2318 1788/2319/2319 1511/2175/2175
f 1517/2169/2169 1785/2316/2316 1516/2170/2170
f 1511/2175/2175 1788/2319/2319 1789/2320/2320 1510/2176/2176
f 1508/2178/2178 1509/2177/2177 1790/2321/2321
f 1509/2177/2177 1510/2176/2176 1789/2320/2320
f 1507/2179/2179 1792/2323/2323 1791/2322/2322 1506/2180/2180
f 1504/2182/2182 1505/2181/2181 1793/2324/2324
f 1505/2181/2181 1506/2180/2180 1791/2322/2322
f 1508/2178/2178 1790/2321/2321 1792/2323/2323 1507/2179/2179
f 1504/2182/2182 1793/2324/2324 1650/2097/2097 1502/2096/2096
f 1773/2304/2304 1775/2306/2306 1529/2157/2157
f 1773/2304/2304 1676/2207/2207 1675/2206/2206 1775/2306/2306
f 1687/2218/2218 1765/2296/2296 1688/2219/2219
f 1683/2214/2214 1682/2213/2213 1769/2300/2300
f 1524/2162/2162 1778/2309/2309 1780/2311/2311
f 1777/2308/2308 1672/2203/2203 1671/2202/2202 1778/2309/2309
f 1780/2311/2311 1670/2201/2201 1669/2200/2200 1779/2310/2310
f 1521/2165/2165 1779/2310/2310 1782/2313/2313
f 1778/2309/2309 1671/2202/2202 1670/2201/2201 1780/2311/2311
f 1779/2310/2310 1668/2199/2199 1667/2198/2198 1782/2313/2313
f 1776/2307/2307 1674/2205/2205 1673/2204/2204 1777/2308/2308
f 1678/2209/2209 1677/2208/2208 1774/2305/2305
f 1777/2308/2308 1673/2204/2204 1672/2203/2203
f 1779/2310/2310 1669/2200/2200 1668/2199/2199
f 1665/2196/2196 1783/2314/2314 1781/2312/2312 1666/2197/2197
f 1517/2169/2169 1783/2314/2314 1785/2316/2316
f 1666/2197/2197 1781/2312/2312 1782/2313/2313 1667/2198/2198
f 1785/2316/2316 1663/2194/2194 1662/2193/2193 1784/2315/2315
f 1783/2314/2314 1665/2196/2196 1664/2195/2195 1785/2316/2316
f 1784/2315/2315 1662/2193/2193 1661/2192/2192 1786/2317/2317
f 1786/2317/2317 1661/2192/2192 1660/2191/2191 1787/2318/2318
f 1788/2319/2319 1658/2189/2189 1657/2188/2188 1789/2320/2320
f 1509/2177/2177 1789/2320/2320 1790/2321/2321
f 1787/2318/2318 1660/2191/2191 1659/2190/2190 1788/2319/2319
f 1790/2321/2321 1656/2187/2187 1655/2186/2186 1792/2323/2323
f 1791/2322/2322 1653/2184/2184 1652/2183/2183 1793/2324/2324
f 1793/2324/2324 1505/2181/2181 1791/2322/2322
f 1792/2323/2323 1655/2186/2186 1654/2185/2185 1791/2322/2322
f 1789/2320/2320 1657/2188/2188 1656/2187/2187 1790/2321/2321
f 1787/2318/2318 1513/2173/2173 1786/2317/2317
f 1793/2324/2324 1652/2183/2183 1651/2098/2098 1650/2097/2097
f 1785/2316/2316 1664/2195/2195 1663/2194/2194
f 1791/2322/2322 1654/2185/2185 1653/2184/2184
f 1658/2189/2189 1788/2319/2319 1659/2190/2190
f 1692/2223/2223 1691/2222/2222 1762/2293/2293
f 1794/2326/2326 1731/2331/2331 1651/2325/2325
f 1795/2489/2489 1730/2332/2332 1731/2331/2331
f 1729/2333/2333 1795/2489/2489 1796/2490/2490 1728/2334/2334
f 1797/2491/2491 1726/2336/2336 1727/2335/2335
f 1728/2334/2334 1796/2490/2490 1797/2491/2491 1727/2335/2335
f 1795/2489/2489 1729/2333/2333 1730/2332/2332
f 1725/2337/2337 1799/2493/2493 1798/2492/2492 1724/2338/2338
f 1724/2338/2338 1798/2492/2492 1800/2494/2494 1723/2339/2339
f 1801/2495/2495 1721/2341/2341 1722/2340/2340
f 1720/2342/2342 1803/2497/2497 1802/2496/2496 1719/2343/2343
f 1803/2497/2497 1720/2342/2342 1721/2341/2341
f 1723/2339/2339 1800/2494/2494 1801/2495/2495 1722/2340/2340
f 1799/2493/2493 1725/2337/2337 1726/2336/2336
f 1795/2489/2489 1731/2331/2331 891/2488/2488
f 1731/2331/2331 1794/2326/2326 891/2488/2488
f 1795/2489/2489 893/2486/2486 894/2485/2485 1796/2490/2490
f 1797/2491/2491 895/2484/2484 896/2483/2483 1799/2493/2493
f 1799/2493/2493 1726/2336/2336 1797/2491/2491
f 1798/2492/2492 898/2481/2481 899/2480/2480 1800/2494/2494
f 1799/2493/2493 896/2483/2483 897/2482/2482 1798/2492/2492
f 1796/2490/2490 894/2485/2485 895/2484/2484 1797/2491/2491
f 1803/2497/2497 1721/2341/2341 1801/2495/2495
f 1718/2344/2344 1805/2499/2499 1804/2498/2498 1717/2345/2345
f 1803/2497/2497 901/2478/2478 902/2477/2477 1802/2496/2496
f 1805/2499/2499 904/2475/2475 905/2474/2474 1804/2498/2498
f 1805/2499/2499 1718/2344/2344 1719/2343/2343 1802/2496/2496
f 1802/2496/2496 903/2476/2476 904/2475/2475 1805/2499/2499
f 1804/2498/2498 1716/2346/2346 1717/2345/2345
f 1801/2495/2495 900/2479/2479 901/2478/2478 1803/2497/2497
f 1800/2494/2494 899/2480/2480 900/2479/2479 1801/2495/2495
f 1806/2500/2500 1715/2347/2347 1716/2346/2346
f 1715/2347/2347 1806/2500/2500 1807/2501/2501 1714/2348/2348
f 1713/2349/2349 1809/2503/2503 1808/2502/2502 1712/2350/2350
f 1711/2351/2351 1712/2350/2350 1808/2502/2502
f 1714/2348/2348 1807/2501/2501 1809/2503/2503 1713/2349/2349
f 1710/2352/2352 1811/2505/2505 1810/2504/2504 1709/2353/2353
f 1709/2353/2353 1810/2504/2504 1812/2506/2506 1708/2354/2354
f 1706/2356/2356 1707/2355/2355 1813/2507/2507
f 1705/2357/2357 1815/2509/2509 1814/2508/2508 1704/2358/2358
f 1705/2357/2357 1706/2356/2356 1815/2509/2509
f 1708/2354/2354 1812/2506/2506 1813/2507/2507 1707/2355/2355
f 1710/2352/2352 1711/2351/2351 1811/2505/2505
f 1702/2360/2360 1703/2359/2359 1816/2510/2510
f 1701/2361/2361 1702/2360/2360 1817/2511/2511
f 1806/2500/2500 906/2473/2473 907/2472/2472 1807/2501/2501
f 1700/2362/2362 1819/2513/2513 1818/2512/2512 1699/2363/2363
f 1701/2361/2361 1817/2511/2511 1819/2513/2513 1700/2362/2362
f 1807/2501/2501 907/2472/2472 908/2471/2471 1809/2503/2503
f 1704/2358/2358 1814/2508/2508 1816/2510/2510 1703/2359/2359
f 1699/2363/2363 1818/2512/2512 1820/2514/2514 1698/2364/2364
f 1697/2365/2365 1698/2364/2364 1820/2514/2514
f 1696/2366/2366 1822/2516/2516 1821/2515/2515 1695/2367/2367
f 1694/2368/2368 1824/2518/2518 1823/2517/2517 1693/2369/2369
f 1695/2367/2367 1821/2515/2515 1824/2518/2518 1694/2368/2368
f 1696/2366/2366 1697/2365/2365 1822/2516/2516
f 1693/2369/2369 1823/2517/2517 1825/2519/2519 1692/2370/2370
f 1804/2498/2498 1806/2500/2500 1716/2346/2346
f 1804/2498/2498 905/2474/2474 906/2473/2473 1806/2500/2500
f 891/2488/2488 1794/2326/2326 825/2327/2327
f 892/2487/2487 1795/2489/2489 891/2488/2488
f 892/2487/2487 893/2486/2486 1795/2489/2489
f 1711/2351/2351 1808/2502/2502 1811/2505/2505
f 1808/2502/2502 910/2469/2469 911/2468/2468 1811/2505/2505
f 897/2482/2482 898/2481/2481 1798/2492/2492
f 1810/2504/2504 912/2467/2467 913/2466/2466 1812/2506/2506
f 1811/2505/2505 911/2468/2468 912/2467/2467 1810/2504/2504
f 1809/2503/2503 909/2470/2470 910/2469/2469 1808/2502/2502
f 902/2477/2477 903/2476/2476 1802/2496/2496
f 909/2470/2470 1809/2503/2503 908/2471/2471
f 913/2466/2466 914/2465/2465 1812/2506/2506
f 915/2464/2464 1813/2507/2507 1812/2506/2506 914/2465/2465
f 1706/2356/2356 1813/2507/2507 1815/2509/2509
f 1813/2507/2507 915/2464/2464 916/2463/2463 1815/2509/2509
f 1814/2508/2508 917/2462/2462 918/2461/2461 1816/2510/2510
f 1815/2509/2509 916/2463/2463 917/2462/2462 1814/2508/2508
f 1816/2510/2510 919/2460/2460 920/2459/2459 1817/2511/2511
f 1817/2511/2511 1702/2360/2360 1816/2510/2510
f 1817/2511/2511 920/2459/2459 921/2458/2458 1819/2513/2513
f 1819/2513/2513 921/2458/2458 922/2457/2457 1818/2512/2512
f 1697/2365/2365 1820/2514/2514 1822/2516/2516
f 1818/2512/2512 922/2457/2457 923/2456/2456 1820/2514/2514
f 1822/2516/2516 925/2454/2454 926/2453/2453 1821/2515/2515
f 1824/2518/2518 927/2452/2452 928/2451/2451 1823/2517/2517
f 1821/2515/2515 926/2453/2453 927/2452/2452 1824/2518/2518
f 1820/2514/2514 924/2455/2455 925/2454/2454 1822/2516/2516
f 1823/2517/2517 928/2451/2451 929/2450/2450 1825/2519/2519
f 1816/2510/2510 918/2461/2461 919/2460/2460
f 924/2455/2455 1820/2514/2514 923/2456/2456
f 929/2450/2450 930/2449/2449 1825/2519/2519
f 1825/2519/2519 1691/2371/2371 1692/2370/2370
f 1691/2371/2371 1825/2519/2519 1826/2520/2520 1690/2372/2372
f 1690/2372/2372 1826/2520/2520 1827/2521/2521 1689/2373/2373
f 1828/2522/2522 1687/2375/2375 1688/2374/2374
f 1686/2376/2376 1830/2524/2524 1829/2523/2523 1685/2377/2377
f 1830/2524/2524 1686/2376/2376 1687/2375/2375
f 1689/2373/2373 1827/2521/2521 1828/2522/2522 1688/2374/2374
f 1831/2525/2525 1683/2379/2379 1684/2378/2378
f 1832/2526/2526 1682/2380/2380 1683/2379/2379
f 1681/2381/2381 1834/2528/2528 1833/2527/2527 1680/2382/2382
f 1835/2529/2529 1678/2384/2384 1679/2383/2383
f 1680/2382/2382 1833/2527/2527 1835/2529/2529 1679/2383/2383
f 1682/2380/2380 1832/2526/2526 1834/2528/2528 1681/2381/2381
f 1685/2377/2377 1829/2523/2523 1831/2525/2525 1684/2378/2378
f 1826/2520/2520 931/2448/2448 932/2447/2447 1827/2521/2521
f 1827/2521/2521 932/2447/2447 933/2446/2446 1828/2522/2522
f 1830/2524/2524 935/2444/2444 936/2443/2443 1829/2523/2523
f 1831/2525/2525 937/2442/2442 938/2441/2441 1832/2526/2526
f 1832/2526/2526 1683/2379/2379 1831/2525/2525
f 1829/2523/2523 936/2443/2443 937/2442/2442 1831/2525/2525
f 1828/2522/2522 1830/2524/2524 1687/2375/2375
f 1828/2522/2522 933/2446/2446 934/2445/2445 1830/2524/2524
f 1677/2385/2385 1837/2531/2531 1836/2530/2530 1676/2386/2386
f 1833/2527/2527 941/2438/2438 942/2437/2437 1835/2529/2529
f 1837/2531/2531 943/2436/2436 944/2435/2435 1836/2530/2530
f 1835/2529/2529 1837/2531/2531 1678/2384/2384
f 1835/2529/2529 942/2437/2437 943/2436/2436 1837/2531/2531
f 1838/2532/2532 1675/2387/2387 1676/2386/2386 1836/2530/2530
f 1834/2528/2528 940/2439/2439 941/2438/2438 1833/2527/2527
f 1837/2531/2531 1677/2385/2385 1678/2384/2384
f 1832/2526/2526 938/2441/2441 939/2440/2440 1834/2528/2528
f 1825/2519/2519 930/2449/2449 931/2448/2448 1826/2520/2520
f 1675/2387/2387 1838/2532/2532 1839/2533/2533 1674/2388/2388
f 1839/2533/2533 1673/2389/2389 1674/2388/2388
f 1840/2534/2534 1671/2391/2391 1672/2390/2390 1841/2535/2535
f 1671/2391/2391 1840/2534/2534 1842/2536/2536 1670/2392/2392
f 1841/2535/2535 1672/2390/2390 1673/2389/2389
f 1668/2394/2394 1669/2393/2393 1843/2537/2537
f 1667/2395/2395 1668/2394/2394 1844/2538/2538
f 1666/2396/2396 1846/2540/2540 1845/2539/2539 1665/2397/2397
f 1663/2399/2399 1664/2398/2398 1847/2541/2541
f 1664/2398/2398 1665/2397/2397 1845/2539/2539
f 1667/2395/2395 1844/2538/2538 1846/2540/2540 1666/2396/2396
f 1670/2392/2392 1842/2536/2536 1843/2537/2537 1669/2393/2393
f 1662/2400/2400 1849/2543/2543 1848/2542/2542 1661/2401/2401
f 1661/2401/2401 1848/2542/2542 1850/2544/2544 1660/2402/2402
f 1838/2532/2532 946/2433/2433 947/2432/2432 1839/2533/2533
f 1659/2403/2403 1851/2545/2545 1658/2404/2404
f 1841/2535/2535 1673/2389/2389 1839/2533/2533
f 1850/2544/2544 1659/2403/2403 1660/2402/2402
f 1839/2533/2533 947/2432/2432 948/2431/2431 1841/2535/2535
f 1663/2399/2399 1847/2541/2541 1849/2543/2543 1662/2400/2400
f 1658/2404/2404 1851/2545/2545 1852/2546/2546 1657/2405/2405
f 1657/2405/2405 1852/2546/2546 1853/2547/2547 1656/2406/2406
f 1654/2408/2408 1655/2407/2407 1854/2548/2548
f 1653/2409/2409 1856/2550/2550 1855/2549/2549 1652/2410/2410
f 1653/2409/2409 1654/2408/2408 1856/2550/2550
f 1656/2406/2406 1853/2547/2547 1854/2548/2548 1655/2407/2407
f 1652/2410/2410 1855/2549/2549 1794/2329/2329 1651/2328/2328
f 1836/2530/2530 944/2435/2435 945/2434/2434 1838/2532/2532
f 934/2445/2445 935/2444/2444 1830/2524/2524
f 939/2440/2440 940/2439/2439 1834/2528/2528
f 1840/2534/2534 949/2430/2430 950/2429/2429 1842/2536/2536
f 1843/2537/2537 952/2427/2427 953/2426/2426 1844/2538/2538
f 1842/2536/2536 951/2428/2428 952/2427/2427 1843/2537/2537
f 1844/2538/2538 1668/2394/2394 1843/2537/2537
f 1841/2535/2535 948/2431/2431 949/2430/2430 1840/2534/2534
f 946/2433/2433 1838/2532/2532 945/2434/2434
f 1842/2536/2536 950/2429/2429 951/2428/2428
f 954/2425/2425 1846/2540/2540 1844/2538/2538 953/2426/2426
f 955/2424/2424 1846/2540/2540 954/2425/2425
f 1664/2398/2398 1845/2539/2539 1847/2541/2541
f 1845/2539/2539 1846/2540/2540 955/2424/2424
f 1847/2541/2541 957/2422/2422 958/2421/2421 1849/2543/2543
f 1845/2539/2539 956/2423/2423 957/2422/2422 1847/2541/2541
f 1849/2543/2543 958/2421/2421 959/2420/2420 1848/2542/2542
f 1848/2542/2542 959/2420/2420 960/2419/2419 1850/2544/2544
f 1850/2544/2544 961/2418/2418 962/2417/2417 1851/2545/2545
f 1851/2545/2545 962/2417/2417 963/2416/2416 1852/2546/2546
f 1853/2547/2547 964/2415/2415 965/2414/2414 1854/2548/2548
f 1654/2408/2408 1854/2548/2548 1856/2550/2550
f 1856/2550/2550 967/2412/2412 968/2411/2411 1855/2549/2549
f 1854/2548/2548 965/2414/2414 966/2413/2413 1856/2550/2550
f 1852/2546/2546 963/2416/2416 964/2415/2415 1853/2547/2547
f 1851/2545/2545 1659/2403/2403 1850/2544/2544
f 1855/2549/2549 968/2411/2411 825/2330/2330 1794/2329/2329
f 1845/2539/2539 955/2424/2424 956/2423/2423
f 1850/2544/2544 960/2419/2419 961/2418/2418
f 1856/2550/2550 966/2413/2413 967/2412/2412
f 1860/2555/2555 1861/2556/2556 1857/2551/2551
f 1873/2576/2576 1861/2556/2556 1860/2555/2555
f 1874/2577/2577 1863/2558/2558 1862/2557/2557 1873/2576/2576
f 1863/2558/2558 1874/2577/2577 1875/2578/2578 1864/2559/2559
f 1861/2556/2556 1873/2576/2576 1862/2557/2557
f 1859/2554/2554 1873/2576/2576 1860/2555/2555
f 1165/2570/2570 1859/2554/2554 1161/2552/2552
f 1873/2576/2576 1859/2554/2554 1165/2570/2570
f 1873/2576/2576 1165/2570/2570 1166/2569/2569
f 1168/2567/2567 1874/2577/2577 1167/2568/2568
f 1873/2576/2576 1166/2569/2569 1167/2568/2568
f 1169/2566/2566 1875/2578/2578 1874/2577/2577 1168/2567/2567
f 1874/2577/2577 1873/2576/2576 1167/2568/2568
f 1865/2560/2560 1877/2580/2580 1876/2579/2579 1866/2561/2561
f 1867/2562/2562 1866/2561/2561 1876/2579/2579
f 1867/2562/2562 1868/2571/2571 1858/2553/2553
f 1867/2562/2562 1870/2573/2573 1869/2572/2572
f 1867/2562/2562 1869/2572/2572 1868/2571/2571
f 1867/2562/2562 1876/2579/2579 1870/2573/2573
f 1875/2578/2578 1169/2566/2566 1170/2565/2565 1877/2580/2580
f 1877/2580/2580 1865/2560/2560 1864/2559/2559 1875/2578/2578
f 1877/2580/2580 1170/2565/2565 1171/2564/2564
f 1877/2580/2580 1171/2564/2564 1172/2563/2563 1876/2579/2579
f 1872/2575/2575 1871/2574/2574 1876/2579/2579
f 1870/2573/2573 1876/2579/2579 1871/2574/2574
f 1876/2579/2579 1172/2563/2563 1872/2575/2575
f 1878/2582/2582 1920/2660/2660 1921/2661/2661 1918/2658/2658
f 1917/2657/2657 1878/2582/2582 1918/2658/2658 1919/2659/2659
f 1915/2655/2655 1917/2657/2657 1879/2583/2583
f 1917/2657/2657 1881/2585/2585 1878/2582/2582
f 1881/2585/2585 1915/2655/2655 1882/2586/2586
f 1915/2655/2655 1881/2585/2585 1917/2657/2657
f 1883/2587/2587 1898/2638/2638 1916/2656/2656 1905/2645/2645
f 1914/2654/2654 1905/2645/2645 1916/2656/2656
f 1916/2656/2656 1915/2655/2655 1879/2583/2583 1914/2654/2654
f 1898/2638/2638 1882/2586/2586 1915/2655/2655 1916/2656/2656
f 1909/2649/2649 1908/2648/2648 1906/2646/2646 1907/2647/2647
f 1902/2642/2642 1892/2632/2632 1908/2648/2648 1909/2649/2649
f 1906/2646/2646 1911/2651/2651 1913/2653/2653 1910/2650/2650
f 1911/2651/2651 1905/2645/2645 1912/2652/2652 1913/2653/2653
f 1908/2648/2648 1911/2651/2651 1906/2646/2646
f 1911/2651/2651 1883/2587/2587 1905/2645/2645
f 1883/2587/2587 1908/2648/2648 1892/2632/2632
f 1908/2648/2648 1883/2587/2587 1911/2651/2651
f 1889/2629/2629 1899/2639/2639 1885/2589/2589
f 1899/2639/2639 1881/2585/2585 1882/2586/2586
f 1881/2585/2585 1889/2629/2629 1884/2588/2588
f 1889/2629/2629 1881/2585/2585 1899/2639/2639
f 1893/2633/2633 1891/2631/2631 1900/2640/2640
f 1893/2633/2633 1900/2640/2640 1898/2638/2638 1883/2587/2587
f 1900/2640/2640 1899/2639/2639 1882/2586/2586 1898/2638/2638
f 1891/2631/2631 1885/2589/2589 1899/2639/2639 1900/2640/2640
f 1904/2644/2644 1903/2643/2643 1892/2632/2632 1902/2642/2642
f 1901/2641/2641 1894/2634/2634 1903/2643/2643 1904/2644/2644
f 1895/2635/2635 1903/2643/2643 1894/2634/2634
f 1903/2643/2643 1883/2587/2587 1892/2632/2632
f 1883/2587/2587 1895/2635/2635 1893/2633/2633
f 1895/2635/2635 1883/2587/2587 1903/2643/2643
f 1897/2637/2637 1896/2636/2636 1893/2633/2633 1895/2635/2635
f 1886/2626/2626 1888/2628/2628 1887/2627/2627 1884/2588/2588
f 1890/2630/2630 1886/2626/2626 1884/2588/2588 1889/2629/2629
f 1921/2661/2661 1250/2581/2581 1251/2625/2625
f 1918/2658/2658 1921/2661/2661 1252/2624/2624
f 1251/2625/2625 1252/2624/2624 1921/2661/2661
f 1921/2661/2661 1922/2662/2662 1250/2581/2581
f 1919/2659/2659 1253/2623/2623 1254/2622/2622
f 1917/2657/2657 1919/2659/2659 1254/2622/2622
f 1255/2621/2621 1879/2583/2583 1254/2622/2622
f 1253/2623/2623 1919/2659/2659 1918/2658/2658
f 1918/2658/2658 1252/2624/2624 1253/2623/2623
f 1923/2663/2663 1922/2662/2662 1920/2660/2660
f 1881/2585/2585 1923/2663/2663 1920/2660/2660
f 1881/2585/2585 1920/2660/2660 1878/2582/2582
f 1254/2622/2622 1879/2583/2583 1917/2657/2657
f 1255/2621/2621 1256/2620/2620 1879/2583/2583
f 1256/2620/2620 1914/2654/2654 1879/2583/2583
f 1257/2619/2619 1914/2654/2654 1256/2620/2620
f 1920/2660/2660 1922/2662/2662 1921/2661/2661
f 1258/2618/2618 1914/2654/2654 1257/2619/2619
f 1260/2616/2616 1912/2652/2652 1259/2617/2617
f 1258/2618/2618 1259/2617/2617 1912/2652/2652
f 1914/2654/2654 1258/2618/2618 1912/2652/2652
f 1913/2653/2653 1260/2616/2616 1261/2615/2615
f 1262/2614/2614 1906/2646/2646 1910/2650/2650
f 1261/2615/2615 1262/2614/2614 1910/2650/2650
f 1261/2615/2615 1910/2650/2650 1913/2653/2653
f 1913/2653/2653 1912/2652/2652 1260/2616/2616
f 1263/2613/2613 1906/2646/2646 1262/2614/2614
f 1264/2612/2612 1909/2649/2649 1907/2647/2647
f 1263/2613/2613 1907/2647/2647 1906/2646/2646
f 1902/2642/2642 1909/2649/2649 1267/2609/2609
f 1264/2612/2612 1907/2647/2647 1263/2613/2613
f 1265/2611/2611 1909/2649/2649 1264/2612/2612
f 1266/2610/2610 1267/2609/2609 1909/2649/2649
f 1909/2649/2649 1265/2611/2611 1266/2610/2610
f 1902/2642/2642 1267/2609/2609 1268/2608/2608
f 1912/2652/2652 1905/2645/2645 1914/2654/2654
f 1880/2584/2584 1923/2663/2663 1881/2585/2585
f 1887/2627/2627 1924/2664/2664 1881/2585/2585
f 1880/2584/2584 1881/2585/2585 1924/2664/2664
f 1924/2664/2664 1887/2627/2627 1925/2665/2665
f 1884/2588/2588 1887/2627/2627 1881/2585/2585
f 1889/2629/2629 1885/2589/2589 1282/2594/2594
f 1891/2631/2631 1280/2596/2596 1885/2589/2589
f 1885/2589/2589 1280/2596/2596 1281/2595/2595
f 1279/2597/2597 1280/2596/2596 1891/2631/2631
f 1925/2665/2665 1887/2627/2627 1888/2628/2628
f 1886/2626/2626 1284/2592/2592 1888/2628/2628
f 1285/2591/2591 1888/2628/2628 1284/2592/2592
f 1888/2628/2628 1285/2591/2591 1286/2590/2590
f 1286/2590/2590 1925/2665/2665 1888/2628/2628
f 1889/2629/2629 1282/2594/2594 1890/2630/2630
f 1282/2594/2594 1283/2593/2593 1890/2630/2630
f 1886/2626/2626 1890/2630/2630 1283/2593/2593
f 1885/2589/2589 1281/2595/2595 1282/2594/2594
f 1283/2593/2593 1284/2592/2592 1886/2626/2626
f 1897/2637/2637 1895/2635/2635 1894/2634/2634
f 1904/2644/2644 1269/2607/2607 1270/2606/2606
f 1271/2605/2605 1272/2604/2604 1904/2644/2644
f 1904/2644/2644 1272/2604/2604 1901/2641/2641
f 1270/2606/2606 1271/2605/2605 1904/2644/2644
f 1904/2644/2644 1902/2642/2642 1269/2607/2607
f 1268/2608/2608 1269/2607/2607 1902/2642/2642
f 1275/2601/2601 1897/2637/2637 1894/2634/2634
f 1896/2636/2636 1897/2637/2637 1276/2600/2600
f 1277/2599/2599 1278/2598/2598 1896/2636/2636
f 1278/2598/2598 1891/2631/2631 1896/2636/2636
f 1896/2636/2636 1891/2631/2631 1893/2633/2633
f 1277/2599/2599 1896/2636/2636 1276/2600/2600
f 1272/2604/2604 1273/2603/2603 1901/2641/2641
f 1273/2603/2603 1894/2634/2634 1901/2641/2641
f 1274/2602/2602 1894/2634/2634 1273/2603/2603
f 1894/2634/2634 1274/2602/2602 1275/2601/2601
f 1275/2601/2601 1276/2600/2600 1897/2637/2637
f 1891/2631/2631 1278/2598/2598 1279/2597/2597
f 1949/2697/2697 1944/2692/2692 1929/2669/2669
f 1945/2693/2693 1946/2694/2694 1949/2697/2697
f 1929/2669/2669 1945/2693/2693 1949/2697/2697
f 1947/2695/2695 1946/2694/2694 1945/2693/2693
f 1926/2666/2666 1943/2691/2691 1947/2695/2695
f 1945/2693/2693 1926/2666/2666 1947/2695/2695
f 1944/2692/2692 1949/2697/2697 1950/2698/2698 1948/2696/2696
f 1945/2693/2693 1929/2669/2669 1930/2670/2670
f 1927/2667/2667 1926/2666/2666 1945/2693/2693
f 1930/2670/2670 1927/2667/2667 1945/2693/2693
f 1964/2713/2713 1928/2668/2668 1927/2667/2667
f 1930/2670/2670 1931/2671/2671 1964/2713/2713
f 1927/2667/2667 1930/2670/2670 1964/2713/2713
f 1965/2714/2714 1963/2712/2712 1928/2668/2668 1964/2713/2713
f 1960/2709/2709 1965/2714/2714 1964/2713/2713 1931/2671/2671
f 1932/2672/2672 1952/2700/2700 1953/2701/2701 1951/2699/2699
f 1955/2703/2703 1953/2701/2701 1952/2700/2700
f 1929/2669/2669 1944/2692/2692 1955/2703/2703
f 1952/2700/2700 1929/2669/2669 1955/2703/2703
f 1953/2701/2701 1955/2703/2703 1956/2704/2704 1954/2702/2702
f 1955/2703/2703 1944/2692/2692 1948/2696/2696 1956/2704/2704
f 1952/2700/2700 1932/2672/2672 1933/2673/2673
f 1930/2670/2670 1929/2669/2669 1952/2700/2700
f 1933/2673/2673 1930/2670/2670 1952/2700/2700
f 1961/2710/2710 1931/2671/2671 1930/2670/2670
f 1933/2673/2673 1934/2674/2674 1961/2710/2710
f 1930/2670/2670 1933/2673/2673 1961/2710/2710
f 1962/2711/2711 1960/2709/2709 1931/2671/2671 1961/2710/2710
f 1959/2708/2708 1962/2711/2711 1961/2710/2710 1934/2674/2674
f 1966/2716/2716 1932/2672/2672 1951/2699/2699 1967/2717/2717
f 1969/2721/2721 1959/2708/2708 1934/2674/2674 1968/2720/2720
f 1869/2686/2686 1926/2666/2666 1868/2685/2685
f 1870/2687/2687 1943/2691/2691 1869/2686/2686
f 1943/2691/2691 1926/2666/2666 1869/2686/2686
f 1942/2683/2683 1858/2684/2684 1868/2685/2685
f 1926/2666/2666 1942/2683/2683 1868/2685/2685
f 1941/2682/2682 1942/2683/2683 1926/2666/2666
f 1950/2698/2698 1871/2688/2688 1872/2689/2689
f 1949/2697/2697 1871/2688/2688 1950/2698/2698
f 1943/2691/2691 1870/2687/2687 1947/2695/2695
f 1947/2695/2695 1870/2687/2687 1871/2688/2688
f 1946/2694/2694 1947/2695/2695 1871/2688/2688
f 1946/2694/2694 1871/2688/2688 1949/2697/2697
f 1927/2667/2667 1939/2680/2680 1940/2681/2681
f 1927/2667/2667 1938/2679/2679 1939/2680/2680
f 1928/2668/2668 1936/2677/2677 1937/2678/2678
f 1958/2707/2707 1935/2676/2676 1936/2677/2677
f 1937/2678/2678 1938/2679/2679 1927/2667/2667
f 1937/2678/2678 1927/2667/2667 1928/2668/2668
f 1926/2666/2666 1927/2667/2667 1941/2682/2682
f 1936/2677/2677 1928/2668/2668 1958/2707/2707
f 1957/2706/2706 1958/2707/2707 1963/2712/2712
f 1928/2668/2668 1963/2712/2712 1958/2707/2707
f 1963/2712/2712 1965/2714/2714 1957/2706/2706
f 1965/2714/2714 1960/2709/2709 1957/2706/2706
f 1927/2667/2667 1940/2681/2681 1941/2682/2682
f 1950/2698/2698 1872/2689/2689 1948/2696/2696
f 1956/2704/2704 1948/2696/2696 1172/2690/2690
f 1872/2689/2689 1172/2690/2690 1948/2696/2696
f 1954/2702/2702 1956/2704/2704 1172/2690/2690
f 1953/2701/2701 1954/2702/2702 1951/2699/2699
f 1954/2702/2702 1287/2715/2715 1951/2699/2699
f 1287/2715/2715 1954/2702/2702 1172/2690/2690
f 1967/2717/2717 1287/2715/2715 1250/2675/2675
f 1922/2722/2722 1967/2717/2717 1250/2675/2675
f 1966/2716/2716 1933/2673/2673 1932/2672/2672
f 1966/2716/2716 1922/2722/2722 1923/2723/2723
f 1966/2716/2716 1967/2717/2717 1922/2722/2722
f 1923/2723/2723 1933/2673/2673 1966/2716/2716
f 1287/2715/2715 1967/2717/2717 1951/2699/2699
f 1968/2720/2720 1934/2674/2674 1933/2673/2673
f 1962/2711/2711 1288/2719/2719 1289/2705/2705
f 1960/2709/2709 1962/2711/2711 1289/2705/2705
f 1959/2708/2708 1288/2719/2719 1962/2711/2711
f 1957/2706/2706 1960/2709/2709 1289/2705/2705
f 1968/2720/2720 1933/2673/2673 1924/2725/2725
f 1880/2724/2724 1924/2725/2725 1933/2673/2673
f 1925/2726/2726 1968/2720/2720 1924/2725/2725
f 1286/2718/2718 1288/2719/2719 1969/2721/2721
f 1969/2721/2721 1288/2719/2719 1959/2708/2708
f 1969/2721/2721 1925/2726/2726 1286/2718/2718
f 1925/2726/2726 1969/2721/2721 1968/2720/2720
f 1880/2724/2724 1933/2673/2673 1923/2723/2723
f 1974/2736/2736 1970/2727/2727 1973/2735/2735
f 1974/2736/2736 1973/2735/2735 1972/2734/2734
f 1981/2750/2750 1974/2736/2736 1972/2734/2734
f 1976/2738/2738 1975/2737/2737 1981/2750/2750
f 1975/2737/2737 1974/2736/2736 1981/2750/2750
f 1977/2739/2739 1976/2738/2738 1982/2751/2751
f 1344/2732/2732 1981/2750/2750 1971/2733/2733
f 1972/2734/2734 1971/2733/2733 1981/2750/2750
f 1345/2749/2749 1981/2750/2750 1344/2732/2732
f 1346/2748/2748 1982/2751/2751 1345/2749/2749
f 1981/2750/2750 1345/2749/2749 1982/2751/2751
f 1982/2751/2751 1346/2748/2748 1347/2747/2747
f 1982/2751/2751 1347/2747/2747 1348/2746/2746 1983/2752/2752
f 1982/2751/2751 1976/2738/2738 1981/2750/2750
f 1983/2752/2752 1978/2740/2740 1977/2739/2739 1982/2751/2751
f 1984/2753/2753 1979/2741/2741 1978/2740/2740 1983/2752/2752
f 1983/2752/2752 1348/2746/2746 1349/2745/2745 1984/2753/2753
f 1979/2741/2741 1984/2753/2753 1985/2754/2754 1980/2742/2742
f 1980/2742/2742 1860/2730/2730 1857/2728/2728
f 1860/2730/2730 1980/2742/2742 1985/2754/2754
f 1350/2744/2744 1984/2753/2753 1349/2745/2745
f 1351/2743/2743 1859/2731/2731 1985/2754/2754
f 1860/2730/2730 1985/2754/2754 1859/2731/2731
f 1859/2731/2731 1351/2743/2743 1161/2729/2729
f 1350/2744/2744 1351/2743/2743 1985/2754/2754
f 1984/2753/2753 1350/2744/2744 1985/2754/2754
f 1986/2756/2756 2027/2833/2833 2028/2834/2834 2025/2831/2831
f 2024/2830/2830 1986/2756/2756 2025/2831/2831 2026/2832/2832
f 2022/2828/2828 2024/2830/2830 1987/2757/2757
f 2024/2830/2830 1988/2758/2758 1986/2756/2756
f 1988/2758/2758 2022/2828/2828 1989/2759/2759
f 2022/2828/2828 1988/2758/2758 2024/2830/2830
f 1990/2760/2760 2005/2811/2811 2023/2829/2829 2012/2818/2818
f 2021/2827/2827 2012/2818/2818 2023/2829/2829
f 2023/2829/2829 2022/2828/2828 1987/2757/2757 2021/2827/2827
f 2005/2811/2811 1989/2759/2759 2022/2828/2828 2023/2829/2829
f 2016/2822/2822 2015/2821/2821 2013/2819/2819 2014/2820/2820
f 2009/2815/2815 1999/2805/2805 2015/2821/2821 2016/2822/2822
f 2013/2819/2819 2018/2824/2824 2020/2826/2826 2017/2823/2823
f 2018/2824/2824 2012/2818/2818 2019/2825/2825 2020/2826/2826
f 2015/2821/2821 2018/2824/2824 2013/2819/2819
f 2018/2824/2824 1990/2760/2760 2012/2818/2818
f 1990/2760/2760 2015/2821/2821 1999/2805/2805
f 2015/2821/2821 1990/2760/2760 2018/2824/2824
f 1996/2802/2802 2006/2812/2812 1992/2762/2762
f 2006/2812/2812 1988/2758/2758 1989/2759/2759
f 1988/2758/2758 1996/2802/2802 1991/2761/2761
f 1996/2802/2802 1988/2758/2758 2006/2812/2812
f 2000/2806/2806 1998/2804/2804 2007/2813/2813
f 2000/2806/2806 2007/2813/2813 2005/2811/2811 1990/2760/2760
f 2007/2813/2813 2006/2812/2812 1989/2759/2759 2005/2811/2811
f 1998/2804/2804 1992/2762/2762 2006/2812/2812 2007/2813/2813
f 2011/2817/2817 2010/2816/2816 1999/2805/2805 2009/2815/2815
f 2008/2814/2814 2001/2807/2807 2010/2816/2816 2011/2817/2817
f 2002/2808/2808 2010/2816/2816 2001/2807/2807
f 2010/2816/2816 1990/2760/2760 1999/2805/2805
f 1990/2760/2760 2002/2808/2808 2000/2806/2806
f 2002/2808/2808 1990/2760/2760 2010/2816/2816
f 2004/2810/2810 2003/2809/2809 2000/2806/2806 2002/2808/2808
f 1993/2799/2799 1995/2801/2801 1994/2800/2800 1991/2761/2761
f 1997/2803/2803 1993/2799/2799 1991/2761/2761 1996/2802/2802
f 2028/2834/2834 1305/2755/2755 1306/2798/2798
f 2025/2831/2831 2028/2834/2834 1307/2797/2797
f 1306/2798/2798 1307/2797/2797 2028/2834/2834
f 2028/2834/2834 2029/2835/2835 1305/2755/2755
f 2026/2832/2832 1308/2796/2796 1309/2795/2795
f 2024/2830/2830 2026/2832/2832 1309/2795/2795
f 1310/2794/2794 1987/2757/2757 1309/2795/2795
f 1308/2796/2796 2026/2832/2832 2025/2831/2831
f 2025/2831/2831 1307/2797/2797 1308/2796/2796
f 2029/2835/2835 2028/2834/2834 2027/2833/2833 2030/2836/2836
f 1988/2758/2758 2030/2836/2836 2027/2833/2833
f 2031/2837/2837 2030/2836/2836 1988/2758/2758
f 1309/2795/2795 1987/2757/2757 2024/2830/2830
f 1310/2794/2794 1311/2793/2793 1987/2757/2757
f 1988/2758/2758 2027/2833/2833 1986/2756/2756
f 2021/2827/2827 1987/2757/2757 1311/2793/2793
f 1988/2758/2758 2032/2838/2838 2031/2837/2837
f 2021/2827/2827 1312/2792/2792 1313/2791/2791
f 1313/2791/2791 2019/2825/2825 2021/2827/2827
f 2012/2818/2818 2021/2827/2827 2019/2825/2825
f 2021/2827/2827 1311/2793/2793 1312/2792/2792
f 1314/2790/2790 2019/2825/2825 1313/2791/2791
f 1315/2789/2789 2019/2825/2825 1314/2790/2790
f 2017/2823/2823 2020/2826/2826 1316/2788/2788
f 1315/2789/2789 1316/2788/2788 2020/2826/2826
f 1317/2787/2787 2017/2823/2823 1316/2788/2788
f 1315/2789/2789 2020/2826/2826 2019/2825/2825
f 2013/2819/2819 1317/2787/2787 1318/2786/2786
f 2017/2823/2823 1317/2787/2787 2013/2819/2819
f 1318/2786/2786 2014/2820/2820 2013/2819/2819
f 1319/2785/2785 2014/2820/2820 1318/2786/2786
f 2016/2822/2822 1319/2785/2785 1320/2784/2784
f 1321/2783/2783 1322/2782/2782 2016/2822/2822
f 1320/2784/2784 1321/2783/2783 2016/2822/2822
f 2016/2822/2822 2014/2820/2820 1319/2785/2785
f 1322/2782/2782 2009/2815/2815 2016/2822/2822
f 1988/2758/2758 1991/2761/2761 1994/2800/2800
f 2033/2839/2839 2032/2838/2838 1994/2800/2800
f 1336/2768/2768 1992/2762/2762 1335/2769/2769
f 1334/2770/2770 1335/2769/2769 1998/2804/2804
f 1992/2762/2762 1998/2804/2804 1335/2769/2769
f 1333/2771/2771 1334/2770/2770 1998/2804/2804
f 1996/2802/2802 1992/2762/2762 1337/2767/2767
f 2033/2839/2839 1994/2800/2800 1995/2801/2801
f 1993/2799/2799 1339/2765/2765 1995/2801/2801
f 1340/2764/2764 1995/2801/2801 1339/2765/2765
f 1995/2801/2801 1340/2764/2764 1341/2763/2763
f 1341/2763/2763 2033/2839/2839 1995/2801/2801
f 1996/2802/2802 1337/2767/2767 1997/2803/2803
f 1337/2767/2767 1338/2766/2766 1997/2803/2803
f 1993/2799/2799 1997/2803/2803 1338/2766/2766
f 1992/2762/2762 1336/2768/2768 1337/2767/2767
f 1338/2766/2766 1339/2765/2765 1993/2799/2799
f 1324/2780/2780 2011/2817/2817 2009/2815/2815
f 2008/2814/2814 2011/2817/2817 1327/2777/2777
f 1324/2780/2780 2009/2815/2815 1323/2781/2781
f 2011/2817/2817 1324/2780/2780 1325/2779/2779
f 1325/2779/2779 1326/2778/2778 2011/2817/2817
f 1326/2778/2778 1327/2777/2777 2011/2817/2817
f 1322/2782/2782 1323/2781/2781 2009/2815/2815
f 2002/2808/2808 2001/2807/2807 2004/2810/2810
f 1331/2773/2773 2003/2809/2809 2004/2810/2810
f 1331/2773/2773 1332/2772/2772 2003/2809/2809
f 1333/2771/2771 2003/2809/2809 1332/2772/2772
f 2003/2809/2809 1998/2804/2804 2000/2806/2806
f 1330/2774/2774 1331/2773/2773 2004/2810/2810
f 1328/2776/2776 2001/2807/2807 2008/2814/2814
f 1328/2776/2776 1329/2775/2775 2001/2807/2807
f 1330/2774/2774 2001/2807/2807 1329/2775/2775
f 1330/2774/2774 2004/2810/2810 2001/2807/2807
f 1327/2777/2777 1328/2776/2776 2008/2814/2814
f 2003/2809/2809 1333/2771/2771 1998/2804/2804
f 2032/2838/2838 1988/2758/2758 1994/2800/2800
f 10/2859/2859 11/2843/2843 2/2840/2840
f 10/2859/2859 9/2858/2858 2039/2854/2854
f 2039/2854/2854 2043/2860/2860 642/2848/2848
f 2039/2854/2854 11/2843/2843 10/2859/2859
f 642/2848/2848 12/2841/2841 11/2843/2843
f 643/2847/2847 642/2848/2848 2043/2860/2860
f 2039/2854/2854 642/2848/2848 11/2843/2843
f 2041/2856/2856 2043/2860/2860 2040/2855/2855
f 2043/2860/2860 2039/2854/2854 2040/2855/2855
f 2034/2849/2849 2043/2860/2860 2042/2857/2857
f 2036/2851/2851 646/2845/2845 2035/2850/2850
f 2043/2860/2860 2034/2849/2849 2035/2850/2850
f 2037/2852/2852 646/2845/2845 2036/2851/2851
f 644/2842/2842 2043/2860/2860 645/2846/2846
f 646/2845/2845 645/2846/2846 2043/2860/2860
f 643/2847/2847 2043/2860/2860 644/2842/2842
f 646/2845/2845 2037/2852/2852 647/2844/2844
f 2035/2850/2850 646/2845/2845 2043/2860/2860
f 2037/2852/2852 2038/2853/2853 647/2844/2844
f 2041/2856/2856 2042/2857/2857 2043/2860/2860
f 2052/2879/2879 2044/2861/2861 2053/2880/2880 2054/2881/2881
f 2055/2882/2882 2054/2881/2881 2056/2883/2883 2057/2884/2884
f 2058/2885/2885 2038/2872/2872 2046/2873/2873
f 2047/2874/2874 2058/2885/2885 2046/2873/2873
f 649/2869/2869 2038/2872/2872 2058/2885/2885
f 2049/2876/2876 2053/2880/2880 2044/2861/2861
f 2048/2875/2875 2058/2885/2885 2047/2874/2874
f 2048/2875/2875 2049/2876/2876 2044/2861/2861
f 2038/2872/2872 648/2870/2870 647/2871/2871
f 2038/2872/2872 649/2869/2869 648/2870/2870
f 651/2867/2867 650/2868/2868 2058/2885/2885
f 651/2867/2867 2058/2885/2885 2044/2861/2861
f 650/2868/2868 649/2869/2869 2058/2885/2885
f 2044/2861/2861 2058/2885/2885 2048/2875/2875
f 2050/2877/2877 2054/2881/2881 2053/2880/2880
f 2049/2876/2876 2050/2877/2877 2053/2880/2880
f 2050/2877/2877 2056/2883/2883 2054/2881/2881
f 2057/2884/2884 2050/2877/2877 2051/2878/2878
f 2050/2877/2877 2057/2884/2884 2056/2883/2883
f 655/2863/2863 2051/2878/2878 2045/2862/2862
f 2055/2882/2882 2057/2884/2884 2051/2878/2878
f 2052/2879/2879 653/2865/2865 2044/2861/2861
f 652/2866/2866 2044/2861/2861 653/2865/2865
f 654/2864/2864 2052/2879/2879 2055/2882/2882
f 2054/2881/2881 2055/2882/2882 2052/2879/2879
f 2051/2878/2878 654/2864/2864 2055/2882/2882
f 654/2864/2864 2051/2878/2878 655/2863/2863
f 653/2865/2865 2052/2879/2879 654/2864/2864
f 2044/2861/2861 652/2866/2866 651/2867/2867
f 2059/2886/2886 2083/2921/2921 2084/2922/2922 2082/2920/2920
f 2084/2922/2922 2086/2924/2924 2087/2925/2925 2085/2923/2923
f 2085/2923/2923 2087/2925/2925 2081/2919/2919 2080/2917/2917
f 2061/2888/2888 2062/2889/2889 2060/2887/2887
f 2081/2919/2919 2063/2900/2900 2064/2901/2901
f 2065/2902/2902 2081/2919/2919 2064/2901/2901
f 2087/2925/2925 2063/2900/2900 2081/2919/2919
f 2080/2917/2917 2081/2919/2919 2065/2902/2902
f 655/2928/2928 2045/2918/2918 2063/2900/2900
f 2070/2907/2907 2082/2920/2920 2069/2906/2906
f 2068/2905/2905 2069/2906/2906 2082/2920/2920
f 2085/2923/2923 2067/2904/2904 2068/2905/2905
f 2066/2903/2903 2067/2904/2904 2080/2917/2917
f 2065/2902/2902 2066/2903/2903 2080/2917/2917
f 2071/2908/2908 2082/2920/2920 2070/2907/2907
f 2086/2924/2924 2083/2921/2921 655/2928/2928
f 2086/2924/2924 655/2928/2928 2063/2900/2900
f 2080/2917/2917 2067/2904/2904 2085/2923/2923
f 2087/2925/2925 2086/2924/2924 2063/2900/2900
f 2085/2923/2923 2082/2920/2920 2084/2922/2922
f 2086/2924/2924 2084/2922/2922 2083/2921/2921
f 657/2898/2898 656/2899/2899 2083/2921/2921 2059/2886/2886
f 2082/2920/2920 2060/2887/2887 2059/2886/2886
f 2059/2886/2886 2060/2887/2887 658/2897/2897 657/2898/2898
f 655/2928/2928 2083/2921/2921 656/2899/2899
f 2085/2923/2923 2068/2905/2905 2082/2920/2920
f 2071/2908/2908 2072/2909/2909 2082/2920/2920
f 2078/2915/2915 2060/2887/2887 2077/2914/2914
f 2076/2913/2913 2060/2887/2887 2075/2912/2912
f 2076/2913/2913 2077/2914/2914 2060/2887/2887
f 2060/2887/2887 2078/2915/2915 2079/2916/2916
f 2089/2927/2927 1/2890/2890 5/2891/2891
f 2089/2927/2927 5/2891/2891 3/2892/2892
f 2090/2929/2929 2088/2926/2926 2089/2927/2927
f 3/2892/2892 2090/2929/2929 2089/2927/2927
f 2090/2929/2929 2061/2888/2888 2088/2926/2926
f 2088/2926/2926 2061/2888/2888 2079/2916/2916
f 3/2892/2892 14/2893/2893 2090/2929/2929
f 2082/2920/2920 2074/2911/2911 2060/2887/2887
f 2082/2920/2920 2073/2910/2910 2074/2911/2911
f 659/2896/2896 658/2897/2897 2060/2887/2887
f 2073/2910/2910 2082/2920/2920 2072/2909/2909
f 2074/2911/2911 2075/2912/2912 2060/2887/2887
f 2062/2889/2889 2061/2888/2888 14/2893/2893
f 13/2894/2894 2062/2889/2889 14/2893/2893
f 2060/2887/2887 2062/2889/2889 659/2896/2896
f 2062/2889/2889 660/2895/2895 659/2896/2896
f 2062/2889/2889 13/2894/2894 660/2895/2895
f 2060/2887/2887 2079/2916/2916 2061/2888/2888
f 2061/2888/2888 2090/2929/2929 14/2893/2893
f 2101/2957/2957 2067/2936/2936 2066/2935/2935
f 2068/2937/2937 2067/2936/2936 2101/2957/2957
f 2099/2955/2955 2101/2957/2957 2066/2935/2935
f 2101/2957/2957 2097/2953/2953 2096/2952/2952 2102/2958/2958
f 2069/2938/2938 2101/2957/2957 2102/2958/2958
f 2069/2938/2938 2068/2937/2937 2101/2957/2957
f 2069/2938/2938 2102/2958/2958 2070/2939/2939
f 2100/2956/2956 2065/2934/2934 2064/2933/2933
f 2064/2933/2933 2063/2930/2930 2100/2956/2956
f 2100/2956/2956 2099/2955/2955 2065/2934/2934
f 2066/2935/2935 2065/2934/2934 2099/2955/2955
f 2097/2953/2953 2101/2957/2957 2098/2954/2954
f 2099/2955/2955 2098/2954/2954 2101/2957/2957
f 2102/2958/2958 2071/2931/2931 2070/2939/2939
f 2103/2959/2959 2073/2941/2941 2072/2940/2940
f 2102/2958/2958 2095/2951/2951 2094/2950/2950 2103/2959/2959
f 2072/2940/2940 2102/2958/2958 2103/2959/2959
f 2103/2959/2959 2074/2942/2942 2073/2941/2941
f 2071/2931/2931 2102/2958/2958 2072/2940/2940
f 2104/2960/2960 2075/2943/2943 2074/2942/2942
f 2092/2948/2948 2076/2944/2944 2104/2960/2960
f 2075/2943/2943 2104/2960/2960 2076/2944/2944
f 2103/2959/2959 2104/2960/2960 2074/2942/2942
f 2103/2959/2959 2094/2950/2950 2093/2949/2949 2104/2960/2960
f 2092/2948/2948 2104/2960/2960 2093/2949/2949
f 2091/2947/2947 2078/2946/2946 2077/2945/2945
f 2078/2946/2946 2091/2947/2947 2079/2932/2932
f 2092/2948/2948 2091/2947/2947 2077/2945/2945
f 2077/2945/2945 2076/2944/2944 2092/2948/2948
f 2096/2952/2952 2095/2951/2951 2102/2958/2958
f 2040/2972/2972 2039/2971/2971 1970/2970/2970
f 2041/2973/2973 2040/2972/2972 1970/2970/2970
f 2042/2974/2974 2041/2973/2973 1975/2968/2968
f 2041/2973/2973 1970/2970/2970 1974/2969/2969
f 2042/2974/2974 1975/2968/2968 1976/2967/2967
f 1975/2968/2968 2041/2973/2973 1974/2969/2969
f 1976/2967/2967 1977/2966/2966 2042/2974/2974
f 1978/2965/2965 2042/2974/2974 1977/2966/2966
f 1979/2964/2964 2034/2961/2961 2042/2974/2974
f 2105/2975/2975 2034/2961/2961 1980/2963/2963
f 2106/2976/2976 2105/2975/2975 1980/2963/2963
f 1979/2964/2964 2042/2974/2974 1978/2965/2965
f 2106/2976/2976 1980/2963/2963 1857/2962/2962
f 1980/2963/2963 2034/2961/2961 1979/2964/2964
f 2108/3008/3008 2034/2977/2977 2105/3007/3007
f 2035/2997/2997 2034/2977/2977 2108/3008/3008
f 2108/3008/3008 1862/2986/2986 1863/2985/2985 2109/3009/3009
f 2035/2997/2997 2108/3008/3008 2109/3009/3009
f 2035/2997/2997 2109/3009/3009 2110/3010/3010
f 2109/3009/3009 1863/2985/2985 1864/2984/2984 2110/3010/3010
f 2110/3010/3010 2036/2998/2998 2035/2997/2997
f 2106/3006/3006 2108/3008/3008 2105/3007/3007
f 2037/2999/2999 2036/2998/2998 2111/3011/3011
f 2046/3001/3001 2038/3000/3000 2112/3012/3012
f 2037/2999/2999 2114/3014/3014 2113/3013/3013
f 2115/3015/3015 1865/2983/2983 1866/2982/2982 2111/3011/3011
f 2036/2998/2998 2115/3015/3015 2111/3011/3011
f 2037/2999/2999 2111/3011/3011 2114/3014/3014
f 2111/3011/3011 1866/2982/2982 1867/2981/2981 2114/3014/3014
f 2113/3013/3013 2038/3000/3000 2037/2999/2999
f 2110/3010/3010 2115/3015/3015 2036/2998/2998
f 2110/3010/3010 1864/2984/2984 1865/2983/2983 2115/3015/3015
f 1857/2978/2978 1861/2987/2987 2106/3006/3006
f 1861/2987/2987 2108/3008/3008 2106/3006/3006
f 1862/2986/2986 2108/3008/3008 1861/2987/2987
f 1942/2995/2995 2113/3013/3013 1858/2980/2980
f 1942/2995/2995 2112/3012/3012 2113/3013/3013
f 2116/3016/3016 2112/3012/3012 1942/2995/2995
f 2112/3012/3012 2038/3000/3000 2113/3013/3013
f 1858/2980/2980 2113/3013/3013 2114/3014/3014 1867/2981/2981
f 2117/3017/3017 2046/3001/3001 2116/3016/3016
f 2112/3012/3012 2116/3016/3016 2046/3001/3001
f 2118/3018/3018 2046/3001/3001 2117/3017/3017
f 1941/2994/2994 2117/3017/3017 2116/3016/3016
f 1940/2993/2993 2119/3019/3019 2118/3018/3018
f 2046/3001/3001 2118/3018/3018 2119/3019/3019
f 2119/3019/3019 2120/3020/3020 2047/3002/3002
f 1940/2993/2993 2120/3020/3020 2119/3019/3019
f 2047/3002/3002 2046/3001/3001 2119/3019/3019
f 1941/2994/2994 2118/3018/3018 2117/3017/3017
f 2048/3003/3003 2047/3002/3002 2121/3021/3021
f 2048/3003/3003 2123/3023/3023 2122/3022/3022
f 1938/2991/2991 2121/3021/3021 2124/3024/3024
f 2047/3002/3002 2124/3024/3024 2121/3021/3021
f 2048/3003/3003 2121/3021/3021 2123/3023/3023
f 1938/2991/2991 2123/3023/3023 2121/3021/3021
f 2125/3025/3025 2049/3004/3004 2048/3003/3003
f 2120/3020/3020 2124/3024/3024 2047/3002/3002
f 1939/2992/2992 2124/3024/3024 2120/3020/3020
f 1940/2993/2993 1939/2992/2992 2120/3020/3020
f 2123/3023/3023 1937/2990/2990 2122/3022/3022
f 1939/2992/2992 1938/2991/2991 2124/3024/3024
f 1937/2990/2990 2123/3023/3023 1938/2991/2991
f 1937/2990/2990 2126/3026/3026 2122/3022/3022
f 2118/3018/3018 1941/2994/2994 1940/2993/2993
f 2125/3025/3025 2126/3026/3026 1936/2989/2989
f 2048/3003/3003 2126/3026/3026 2125/3025/3025
f 2050/3005/3005 2049/3004/3004 1935/2988/2988
f 1936/2989/2989 1935/2988/2988 2049/3004/3004
f 1936/2989/2989 2049/3004/3004 2125/3025/3025
f 2107/2996/2996 2050/3005/3005 1935/2988/2988
f 2107/2996/2996 2051/2979/2979 2050/3005/3005
f 1937/2990/2990 1936/2989/2989 2126/3026/3026
f 2126/3026/3026 2048/3003/3003 2122/3022/3022
f 1942/2995/2995 1941/2994/2994 2116/3016/3016
f 2127/3050/3050 2131/3054/3054 2140/3063/3063 2138/3061/3061
f 2138/3061/3061 2140/3063/3063 2139/3062/3062 2133/3056/3056
f 2128/3051/3051 2129/3052/3052 2132/3055/3055 2130/3053/3053
f 2135/3058/3058 2130/3053/3053 2132/3055/3055
f 2127/3050/3050 2135/3058/3058 2131/3054/3054
f 2130/3053/3053 2135/3058/3058 2127/3050/3050
f 2132/3055/3055 2134/3057/3057 2137/3060/3060 2135/3058/3058
f 2135/3058/3058 2137/3060/3060 2136/3059/3059 2131/3054/3054
f 1935/3027/3027 1958/3030/3030 2107/3031/3031
f 2107/3031/3031 2139/3062/3062 2051/3032/3032
f 2051/3032/3032 2139/3062/3062 2136/3059/3059
f 2136/3059/3059 2139/3062/3062 2140/3063/3063
f 2136/3059/3059 2140/3063/3063 2131/3054/3054
f 2139/3062/3062 2107/3031/3031 2133/3056/3056
f 2129/3052/3052 2063/3064/3064 2134/3057/3057
f 2134/3057/3057 2045/3049/3049 2137/3060/3060
f 2051/3032/3032 2137/3060/3060 2045/3049/3049
f 2063/3064/3064 2045/3049/3049 2134/3057/3057
f 2136/3059/3059 2137/3060/3060 2051/3032/3032
f 2063/3064/3064 2129/3052/3052 2100/3067/3067
f 2133/3056/3056 2107/3031/3031 1957/3029/3029
f 1290/3047/3047 2138/3061/3061 2133/3056/3056
f 1958/3030/3030 1957/3029/3029 2107/3031/3031
f 1957/3029/3029 1289/3028/3028 2133/3056/3056
f 1290/3047/3047 2133/3056/3056 1289/3028/3028
f 1290/3047/3047 2127/3050/3050 2138/3061/3061
f 2134/3057/3057 2132/3055/3055 2129/3052/3052
f 1291/3046/3046 2128/3051/3051 2130/3053/3053 1290/3047/3047
f 2100/3067/3067 2129/3052/3052 2128/3051/3051
f 2128/3051/3051 1291/3046/3046 2100/3067/3067
f 2127/3050/3050 1290/3047/3047 2130/3053/3053
f 1291/3046/3046 1292/3045/3045 2100/3067/3067
f 2099/3068/3068 1293/3044/3044 1294/3043/3043 2098/3069/3069
f 2098/3069/3069 1294/3043/3043 1295/3042/3042 2097/3070/3070
f 2096/3071/3071 1296/3041/3041 1297/3040/3040 2095/3072/3072
f 2095/3072/3072 1297/3040/3040 1298/3039/3039 2094/3073/3073
f 2097/3070/3070 1295/3042/3042 1296/3041/3041 2096/3071/3071
f 2093/3074/3074 1299/3038/3038 1300/3037/3037 2092/3075/3075
f 2092/3075/3075 1300/3037/3037 1301/3036/3036 2091/3076/3076
f 2088/3066/3066 2079/3065/3065 1303/3034/3034
f 2091/3076/3076 1301/3036/3036 1302/3035/3035 2079/3065/3065
f 2094/3073/3073 1298/3039/3039 1299/3038/3038 2093/3074/3074
f 1304/3033/3033 2089/3048/3048 2088/3066/3066
f 1293/3044/3044 2099/3068/3068 2100/3067/3067 1292/3045/3045
f 2088/3066/3066 1303/3034/3034 1304/3033/3033
f 1303/3034/3034 2079/3065/3065 1302/3035/3035
f 2157/3104/3104 2155/3102/3102 2141/3077/3077 2156/3103/3103
f 2153/3095/3095 2157/3104/3104 2156/3103/3103 2142/3078/3078
f 2143/3079/3079 2146/3086/3086 2147/3087/3087 2145/3085/3085
f 2154/3096/3096 2153/3095/3095 2142/3078/3078
f 2144/3080/3080 2150/3092/3092 2154/3096/3096
f 2148/3088/3088 2143/3079/3079 2145/3085/3085 2149/3089/3089
f 2152/3094/3094 2150/3092/3092 2144/3080/3080 2151/3093/3093
f 1973/3100/3100 2039/3115/3115 2141/3077/3077
f 1/3114/3114 2089/3097/3097 1304/3083/3083
f 2146/3086/3086 7/3112/3112 6/3113/3113
f 7/3112/3112 2143/3079/3079 8/3111/3111
f 2144/3080/3080 9/3110/3110 8/3111/3111
f 2039/3115/3115 9/3110/3110 2141/3077/3077
f 6/3113/3113 1/3114/3114 2147/3087/3087
f 1/3114/3114 1304/3083/3083 1342/3084/3084
f 2156/3103/3103 9/3110/3110 2142/3078/3078
f 1970/3101/3101 2039/3115/3115 1973/3100/3100
f 1972/3099/3099 1973/3100/3100 2155/3102/3102
f 2155/3102/3102 1973/3100/3100 2141/3077/3077
f 2155/3102/3102 2157/3104/3104 1972/3099/3099
f 1344/3091/3091 1971/3098/3098 2153/3095/3095
f 2157/3104/3104 2153/3095/3095 1971/3098/3098
f 1344/3091/3091 2153/3095/3095 2154/3096/3096
f 1972/3099/3099 2157/3104/3104 1971/3098/3098
f 9/3110/3110 2156/3103/3103 2141/3077/3077
f 2144/3080/3080 2142/3078/3078 9/3110/3110
f 2147/3087/3087 1/3114/3114 2145/3085/3085
f 1342/3084/3084 2145/3085/3085 1/3114/3114
f 2031/3107/3107 2144/3080/3080 2143/3079/3079
f 2149/3089/3089 2145/3085/3085 1342/3084/3084
f 6/3113/3113 2147/3087/3087 2146/3086/3086
f 2029/3105/3105 2149/3089/3089 1305/3081/3081
f 1342/3084/3084 1305/3081/3081 2149/3089/3089
f 2030/3106/3106 2148/3088/3088 2029/3105/3105
f 2149/3089/3089 2029/3105/3105 2148/3088/3088
f 2031/3107/3107 2143/3079/3079 2148/3088/3088
f 2148/3088/3088 2030/3106/3106 2031/3107/3107
f 2031/3107/3107 2151/3093/3093 2144/3080/3080
f 1343/3090/3090 2154/3096/3096 2150/3092/3092
f 2150/3092/3092 2152/3094/3094 1343/3090/3090
f 1344/3091/3091 2154/3096/3096 1343/3090/3090
f 2154/3096/3096 2142/3078/3078 2144/3080/3080
f 2032/3108/3108 2033/3109/3109 2152/3094/3094 2151/3093/3093
f 1341/3082/3082 2152/3094/3094 2033/3109/3109
f 1343/3090/3090 2152/3094/3094 1341/3082/3082
f 2031/3107/3107 2032/3108/3108 2151/3093/3093
f 8/3111/3111 2143/3079/3079 2144/3080/3080
f 2143/3079/3079 7/3112/3112 2146/3086/3086
f 2160/3119/3119 2448/3474/3474 2450/3476/3476 2446/3410/3410
f 2446/3410/3410 2450/3476/3476 2449/3475/3475 2158/3117/3117
f 2447/3411/3411 2446/3410/3410 2158/3117/3117 2286/3409/3409
f 2443/3406/3406 2160/3119/3119 2446/3410/3410 2447/3411/3411
f 2162/3121/3121 2451/3477/3477 2452/3478/3478 2444/3407/3407
f 2444/3407/3407 2452/3478/3478 2448/3474/3474 2160/3119/3119
f 2445/3408/3408 2444/3407/3407 2160/3119/3119 2443/3406/3406
f 2440/3403/3403 2162/3121/3121 2444/3407/3407 2445/3408/3408
f 2164/3123/3123 2453/3479/3479 2454/3480/3480 2441/3404/3404
f 2441/3404/3404 2454/3480/3480 2451/3477/3477 2162/3121/3121
f 2442/3405/3405 2441/3404/3404 2162/3121/3121 2440/3403/3403
f 2437/3400/3400 2164/3123/3123 2441/3404/3404 2442/3405/3405
f 2166/3125/3125 2455/3481/3481 2456/3482/3482 2438/3401/3401
f 2438/3401/3401 2456/3482/3482 2453/3479/3479 2164/3123/3123
f 2439/3402/3402 2438/3401/3401 2164/3123/3123 2437/3400/3400
f 2436/3399/3399 2166/3125/3125 2438/3401/3401 2439/3402/3402
f 2168/3127/3127 2457/3483/3483 2459/3485/3485 2458/3484/3484
f 2458/3484/3484 2459/3485/3485 2455/3481/3481 2166/3125/3125
f 2170/3129/3129 2460/3486/3486 2461/3487/3487 2434/3397/3397
f 2434/3397/3397 2461/3487/3487 2457/3483/3483 2168/3127/3127
f 2435/3398/3398 2434/3397/3397 2168/3127/3127 2433/3396/3396
f 2430/3393/3393 2170/3129/3129 2434/3397/3397 2435/3398/3398
f 2172/3131/3131 2462/3488/3488 2463/3489/3489 2431/3394/3394
f 2431/3394/3394 2463/3489/3489 2460/3486/3486 2170/3129/3129
f 2432/3395/3395 2431/3394/3394 2170/3129/3129 2430/3393/3393
f 2429/3392/3392 2172/3131/3131 2431/3394/3394 2432/3395/3395
f 2174/3133/3133 2464/3490/3490 2466/3492/3492 2465/3491/3491
f 2465/3491/3491 2466/3492/3492 2462/3488/3488 2172/3131/3131
f 2176/3135/3135 2467/3493/3493 2468/3494/3494 2427/3390/3390
f 2427/3390/3390 2468/3494/3494 2464/3490/3490 2174/3133/3133
f 2428/3391/3391 2427/3390/3390 2174/3133/3133 2426/3389/3389
f 2423/3386/3386 2176/3135/3135 2427/3390/3390 2428/3391/3391
f 2178/3137/3137 2469/3495/3495 2470/3496/3496 2424/3387/3387
f 2424/3387/3387 2470/3496/3496 2467/3493/3493 2176/3135/3135
f 2425/3388/3388 2424/3387/3387 2176/3135/3135 2423/3386/3386
f 2420/3383/3383 2178/3137/3137 2424/3387/3387 2425/3388/3388
f 2180/3139/3139 2471/3497/3497 2472/3498/3498 2421/3384/3384
f 2421/3384/3384 2472/3498/3498 2469/3495/3495 2178/3137/3137
f 2422/3385/3385 2421/3384/3384 2178/3137/3137 2420/3383/3383
f 2417/3380/3380 2180/3139/3139 2421/3384/3384 2422/3385/3385
f 2182/3141/3141 2473/3499/3499 2474/3500/3500 2418/3381/3381
f 2418/3381/3381 2474/3500/3500 2471/3497/3497 2180/3139/3139
f 2419/3382/3382 2418/3381/3381 2180/3139/3139 2417/3380/3380
f 2414/3377/3377 2182/3141/3141 2418/3381/3381 2419/3382/3382
f 2184/3143/3143 2475/3501/3501 2476/3502/3502 2415/3378/3378
f 2415/3378/3378 2476/3502/3502 2473/3499/3499 2182/3141/3141
f 2416/3379/3379 2415/3378/3378 2182/3141/3141 2414/3377/3377
f 2411/3374/3374 2184/3143/3143 2415/3378/3378 2416/3379/3379
f 2186/3145/3145 2477/3503/3503 2478/3504/3504 2412/3375/3375
f 2412/3375/3375 2478/3504/3504 2475/3501/3501 2184/3143/3143
f 2413/3376/3376 2412/3375/3375 2184/3143/3143 2411/3374/3374
f 2410/3373/3373 2186/3145/3145 2412/3375/3375 2413/3376/3376
f 2188/3147/3147 2479/3505/3505 2481/3507/3507 2480/3506/3506
f 2480/3506/3506 2481/3507/3507 2477/3503/3503 2186/3145/3145
f 2190/3149/3149 2482/3508/3508 2483/3509/3509 2408/3371/3371
f 2408/3371/3371 2483/3509/3509 2479/3505/3505 2188/3147/3147
f 2409/3372/3372 2408/3371/3371 2188/3147/3147 2407/3370/3370
f 2406/3369/3369 2190/3149/3149 2408/3371/3371 2409/3372/3372
f 2192/3151/3151 2484/3510/3510 2486/3512/3512 2485/3511/3511
f 2485/3511/3511 2486/3512/3512 2482/3508/3508 2190/3149/3149
f 2194/3153/3153 2487/3513/3513 2488/3514/3514 2404/3367/3367
f 2404/3367/3367 2488/3514/3514 2484/3510/3510 2192/3151/3151
f 2405/3368/3368 2404/3367/3367 2192/3151/3151 2403/3366/3366
f 2400/3363/3363 2194/3153/3153 2404/3367/3367 2405/3368/3368
f 2196/3155/3155 2489/3515/3515 2490/3516/3516 2401/3364/3364
f 2401/3364/3364 2490/3516/3516 2487/3513/3513 2194/3153/3153
f 2402/3365/3365 2401/3364/3364 2194/3153/3153 2400/3363/3363
f 2397/3360/3360 2196/3155/3155 2401/3364/3364 2402/3365/3365
f 2198/3157/3157 2491/3517/3517 2492/3518/3518 2398/3361/3361
f 2398/3361/3361 2492/3518/3518 2489/3515/3515 2196/3155/3155
f 2399/3362/3362 2398/3361/3361 2196/3155/3155 2397/3360/3360
f 2396/3359/3359 2198/3157/3157 2398/3361/3361 2399/3362/3362
f 2200/3159/3159 2493/3519/3519 2495/3521/3521 2494/3520/3520
f 2494/3520/3520 2495/3521/3521 2491/3517/3517 2198/3157/3157
f 2202/3161/3161 2496/3522/3522 2497/3523/3523 2394/3357/3357
f 2394/3357/3357 2497/3523/3523 2493/3519/3519 2200/3159/3159
f 2395/3358/3358 2394/3357/3357 2200/3159/3159 2393/3356/3356
f 2390/3353/3353 2202/3161/3161 2394/3357/3357 2395/3358/3358
f 2204/3163/3163 2498/3524/3524 2499/3525/3525 2391/3354/3354
f 2391/3354/3354 2499/3525/3525 2496/3522/3522 2202/3161/3161
f 2392/3355/3355 2391/3354/3354 2202/3161/3161 2390/3353/3353
f 2389/3352/3352 2204/3163/3163 2391/3354/3354 2392/3355/3355
f 2206/3165/3165 2500/3526/3526 2502/3528/3528 2501/3527/3527
f 2501/3527/3527 2502/3528/3528 2498/3524/3524 2204/3163/3163
f 2208/3167/3167 2503/3529/3529 2504/3530/3530 2387/3350/3350
f 2387/3350/3350 2504/3530/3530 2500/3526/3526 2206/3165/3165
f 2388/3351/3351 2387/3350/3350 2206/3165/3165 2386/3349/3349
f 2383/3346/3346 2208/3167/3167 2387/3350/3350 2388/3351/3351
f 2210/3169/3169 2505/3531/3531 2506/3532/3532 2384/3347/3347
f 2384/3347/3347 2506/3532/3532 2503/3529/3529 2208/3167/3167
f 2385/3348/3348 2384/3347/3347 2208/3167/3167 2383/3346/3346
f 2380/3343/3343 2210/3169/3169 2384/3347/3347 2385/3348/3348
f 2212/3171/3171 2507/3533/3533 2508/3534/3534 2381/3344/3344
f 2381/3344/3344 2508/3534/3534 2505/3531/3531 2210/3169/3169
f 2382/3345/3345 2381/3344/3344 2210/3169/3169 2380/3343/3343
f 2377/3340/3340 2212/3171/3171 2381/3344/3344 2382/3345/3345
f 2214/3173/3173 2509/3535/3535 2510/3536/3536 2378/3341/3341
f 2378/3341/3341 2510/3536/3536 2507/3533/3533 2212/3171/3171
f 2379/3342/3342 2378/3341/3341 2212/3171/3171 2377/3340/3340
f 2374/3337/3337 2214/3173/3173 2378/3341/3341 2379/3342/3342
f 2216/3175/3175 2511/3537/3537 2512/3538/3538 2375/3338/3338
f 2375/3338/3338 2512/3538/3538 2509/3535/3535 2214/3173/3173
f 2376/3339/3339 2375/3338/3338 2214/3173/3173 2374/3337/3337
f 2371/3334/3334 2216/3175/3175 2375/3338/3338 2376/3339/3339
f 2218/3177/3177 2513/3539/3539 2514/3540/3540 2372/3335/3335
f 2372/3335/3335 2514/3540/3540 2511/3537/3537 2216/3175/3175
f 2373/3336/3336 2372/3335/3335 2216/3175/3175 2371/3334/3334
f 2370/3333/3333 2218/3177/3177 2372/3335/3335 2373/3336/3336
f 2220/3179/3179 2515/3541/3541 2517/3543/3543 2516/3542/3542
f 2516/3542/3542 2517/3543/3543 2513/3539/3539 2218/3177/3177
f 2222/3181/3181 2518/3544/3544 2519/3545/3545 2368/3331/3331
f 2368/3331/3331 2519/3545/3545 2515/3541/3541 2220/3179/3179
f 2369/3332/3332 2368/3331/3331 2220/3179/3179 2367/3330/3330
f 2366/3329/3329 2222/3181/3181 2368/3331/3331 2369/3332/3332
f 2224/3183/3183 2520/3546/3546 2522/3548/3548 2521/3547/3547
f 2521/3547/3547 2522/3548/3548 2518/3544/3544 2222/3181/3181
f 2226/3185/3185 2523/3549/3549 2524/3550/3550 2364/3327/3327
f 2364/3327/3327 2524/3550/3550 2520/3546/3546 2224/3183/3183
f 2365/3328/3328 2364/3327/3327 2224/3183/3183 2363/3326/3326
f 2360/3323/3323 2226/3185/3185 2364/3327/3327 2365/3328/3328
f 2228/3187/3187 2525/3551/3551 2526/3552/3552 2361/3324/3324
f 2361/3324/3324 2526/3552/3552 2523/3549/3549 2226/3185/3185
f 2362/3325/3325 2361/3324/3324 2226/3185/3185 2360/3323/3323
f 2357/3320/3320 2228/3187/3187 2361/3324/3324 2362/3325/3325
f 2230/3189/3189 2527/3553/3553 2528/3554/3554 2358/3321/3321
f 2358/3321/3321 2528/3554/3554 2525/3551/3551 2228/3187/3187
f 2359/3322/3322 2358/3321/3321 2228/3187/3187 2357/3320/3320
f 2356/3319/3319 2230/3189/3189 2358/3321/3321 2359/3322/3322
f 2232/3191/3191 2529/3555/3555 2531/3557/3557 2530/3556/3556
f 2530/3556/3556 2531/3557/3557 2527/3553/3553 2230/3189/3189
f 2234/3193/3193 2532/3558/3558 2533/3559/3559 2354/3317/3317
f 2354/3317/3317 2533/3559/3559 2529/3555/3555 2232/3191/3191
f 2355/3318/3318 2354/3317/3317 2232/3191/3191 2353/3316/3316
f 2350/3313/3313 2234/3193/3193 2354/3317/3317 2355/3318/3318
f 2236/3195/3195 2534/3560/3560 2535/3561/3561 2351/3314/3314
f 2351/3314/3314 2535/3561/3561 2532/3558/3558 2234/3193/3193
f 2352/3315/3315 2351/3314/3314 2234/3193/3193 2350/3313/3313
f 2349/3312/3312 2236/3195/3195 2351/3314/3314 2352/3315/3315
f 2238/3197/3197 2536/3562/3562 2538/3564/3564 2537/3563/3563
f 2537/3563/3563 2538/3564/3564 2534/3560/3560 2236/3195/3195
f 2240/3199/3199 2539/3565/3565 2540/3566/3566 2347/3310/3310
f 2347/3310/3310 2540/3566/3566 2536/3562/3562 2238/3197/3197
f 2348/3311/3311 2347/3310/3310 2238/3197/3197 2346/3309/3309
f 2343/3306/3306 2240/3199/3199 2347/3310/3310 2348/3311/3311
f 2242/3201/3201 2541/3567/3567 2542/3568/3568 2344/3307/3307
f 2344/3307/3307 2542/3568/3568 2539/3565/3565 2240/3199/3199
f 2345/3308/3308 2344/3307/3307 2240/3199/3199 2343/3306/3306
f 2340/3303/3303 2242/3201/3201 2344/3307/3307 2345/3308/3308
f 2244/3203/3203 2543/3569/3569 2544/3570/3570 2341/3304/3304
f 2341/3304/3304 2544/3570/3570 2541/3567/3567 2242/3201/3201
f 2342/3305/3305 2341/3304/3304 2242/3201/3201 2340/3303/3303
f 2337/3300/3300 2244/3203/3203 2341/3304/3304 2342/3305/3305
f 2246/3205/3205 2545/3571/3571 2546/3572/3572 2338/3301/3301
f 2338/3301/3301 2546/3572/3572 2543/3569/3569 2244/3203/3203
f 2339/3302/3302 2338/3301/3301 2244/3203/3203 2337/3300/3300
f 2334/3297/3297 2246/3205/3205 2338/3301/3301 2339/3302/3302
f 2248/3207/3207 2547/3573/3573 2548/3574/3574 2335/3298/3298
f 2335/3298/3298 2548/3574/3574 2545/3571/3571 2246/3205/3205
f 2336/3299/3299 2335/3298/3298 2246/3205/3205 2334/3297/3297
f 2331/3294/3294 2248/3207/3207 2335/3298/3298 2336/3299/3299
f 2250/3209/3209 2549/3575/3575 2550/3576/3576 2332/3295/3295
f 2332/3295/3295 2550/3576/3576 2547/3573/3573 2248/3207/3207
f 2333/3296/3296 2332/3295/3295 2248/3207/3207 2331/3294/3294
f 2330/3293/3293 2250/3209/3209 2332/3295/3295 2333/3296/3296
f 2252/3211/3211 2551/3577/3577 2553/3579/3579 2552/3578/3578
f 2552/3578/3578 2553/3579/3579 2549/3575/3575 2250/3209/3209
f 2254/3214/3214 2554/3580/3580 2555/3581/3581 2328/3291/3291
f 2328/3291/3291 2555/3581/3581 2551/3577/3577 2252/3211/3211
f 2329/3292/3292 2328/3291/3291 2252/3211/3211 2327/3290/3290
f 2326/3289/3289 2254/3214/3214 2328/3291/3291 2329/3292/3292
f 2256/3216/3216 2556/3582/3582 2558/3584/3584 2557/3583/3583
f 2557/3583/3583 2558/3584/3584 2554/3580/3580 2254/3214/3214
f 2258/3218/3218 2559/3585/3585 2560/3586/3586 2324/3287/3287
f 2324/3287/3287 2560/3586/3586 2556/3582/3582 2256/3216/3216
f 2325/3288/3288 2324/3287/3287 2256/3216/3216 2323/3286/3286
f 2320/3283/3283 2258/3218/3218 2324/3287/3287 2325/3288/3288
f 2260/3220/3220 2561/3587/3587 2562/3588/3588 2321/3284/3284
f 2321/3284/3284 2562/3588/3588 2559/3585/3585 2258/3218/3218
f 2322/3285/3285 2321/3284/3284 2258/3218/3218 2320/3283/3283
f 2317/3280/3280 2260/3220/3220 2321/3284/3284 2322/3285/3285
f 2262/3222/3222 2563/3589/3589 2564/3590/3590 2318/3281/3281
f 2318/3281/3281 2564/3590/3590 2561/3587/3587 2260/3220/3220
f 2319/3282/3282 2318/3281/3281 2260/3220/3220 2317/3280/3280
f 2316/3279/3279 2262/3222/3222 2318/3281/3281 2319/3282/3282
f 2264/3224/3224 2565/3591/3591 2567/3593/3593 2566/3592/3592
f 2566/3592/3592 2567/3593/3593 2563/3589/3589 2262/3222/3222
f 2266/3226/3226 2568/3594/3594 2569/3595/3595 2314/3277/3277
f 2314/3277/3277 2569/3595/3595 2565/3591/3591 2264/3224/3224
f 2315/3278/3278 2314/3277/3277 2264/3224/3224 2313/3276/3276
f 2310/3273/3273 2266/3226/3226 2314/3277/3277 2315/3278/3278
f 2268/3228/3228 2570/3596/3596 2571/3597/3597 2311/3274/3274
f 2311/3274/3274 2571/3597/3597 2568/3594/3594 2266/3226/3226
f 2312/3275/3275 2311/3274/3274 2266/3226/3226 2310/3273/3273
f 2309/3272/3272 2268/3228/3228 2311/3274/3274 2312/3275/3275
f 2270/3230/3230 2572/3598/3598 2574/3600/3600 2573/3599/3599
f 2573/3599/3599 2574/3600/3600 2570/3596/3596 2268/3228/3228
f 2272/3232/3232 2575/3601/3601 2576/3602/3602 2307/3270/3270
f 2307/3270/3270 2576/3602/3602 2572/3598/3598 2270/3230/3230
f 2308/3271/3271 2307/3270/3270 2270/3230/3230 2306/3269/3269
f 2303/3266/3266 2272/3232/3232 2307/3270/3270 2308/3271/3271
f 2274/3234/3234 2577/3603/3603 2578/3604/3604 2304/3267/3267
f 2304/3267/3267 2578/3604/3604 2575/3601/3601 2272/3232/3232
f 2305/3268/3268 2304/3267/3267 2272/3232/3232 2303/3266/3266
f 2300/3263/3263 2274/3234/3234 2304/3267/3267 2305/3268/3268
f 2276/3236/3236 2579/3605/3605 2580/3606/3606 2301/3264/3264
f 2301/3264/3264 2580/3606/3606 2577/3603/3603 2274/3234/3234
f 2302/3265/3265 2301/3264/3264 2274/3234/3234 2300/3263/3263
f 2297/3260/3260 2276/3236/3236 2301/3264/3264 2302/3265/3265
f 2278/3238/3238 2581/3607/3607 2582/3608/3608 2298/3261/3261
f 2298/3261/3261 2582/3608/3608 2579/3605/3605 2276/3236/3236
f 2299/3262/3262 2298/3261/3261 2276/3236/3236 2297/3260/3260
f 2294/3257/3257 2278/3238/3238 2298/3261/3261 2299/3262/3262
f 2280/3240/3240 2583/3609/3609 2584/3610/3610 2295/3258/3258
f 2295/3258/3258 2584/3610/3610 2581/3607/3607 2278/3238/3238
f 2296/3259/3259 2295/3258/3258 2278/3238/3238 2294/3257/3257
f 2291/3254/3254 2280/3240/3240 2295/3258/3258 2296/3259/3259
f 2282/3242/3242 2585/3611/3611 2586/3612/3612 2292/3255/3255
f 2292/3255/3255 2586/3612/3612 2583/3609/3609 2280/3240/3240
f 2293/3256/3256 2292/3255/3255 2280/3240/3240 2291/3254/3254
f 2290/3253/3253 2282/3242/3242 2292/3255/3255 2293/3256/3256
f 2284/3244/3244 2587/3613/3613 2589/3615/3615 2588/3614/3614
f 2588/3614/3614 2589/3615/3615 2585/3611/3611 2282/3242/3242
f 2158/3247/3247 2449/3616/3616 2590/3617/3617 2288/3251/3251
f 2288/3251/3251 2590/3617/3617 2587/3613/3613 2284/3244/3244
f 2289/3252/3252 2288/3251/3251 2284/3244/3244 2287/3250/3250
f 2286/3249/3249 2158/3247/3247 2288/3251/3251 2289/3252/3252
f 2450/3476/3476 105/3116/3116 2449/3475/3475
f 105/3116/3116 2450/3476/3476 106/3412/3412
f 106/3412/3412 2448/3474/3474 2452/3478/3478 107/3413/3413
f 107/3413/3413 2451/3477/3477 2454/3480/3480 108/3414/3414
f 108/3414/3414 2453/3479/3479 2456/3482/3482 109/3415/3415
f 106/3412/3412 2450/3476/3476 2448/3474/3474
f 2453/3479/3479 108/3414/3414 2454/3480/3480
f 2451/3477/3477 107/3413/3413 2452/3478/3478
f 2456/3482/3482 2455/3481/3481 109/3415/3415
f 2457/3483/3483 110/3416/3416 2459/3485/3485
f 110/3416/3416 2457/3483/3483 2461/3487/3487 111/3417/3417
f 112/3418/3418 2462/3488/3488 2466/3492/3492 113/3419/3419
f 113/3419/3419 2464/3490/3490 2468/3494/3494 114/3420/3420
f 111/3417/3417 2460/3486/3486 2463/3489/3489 112/3418/3418
f 109/3415/3415 2455/3481/3481 2459/3485/3485
f 114/3420/3420 2467/3493/3493 2470/3496/3496 115/3421/3421
f 115/3421/3421 2469/3495/3495 2472/3498/3498 116/3422/3422
f 116/3422/3422 2471/3497/3497 2474/3500/3500 117/3423/3423
f 118/3424/3424 2475/3501/3501 2478/3504/3504 119/3425/3425
f 117/3423/3423 2473/3499/3499 2476/3502/3502 118/3424/3424
f 119/3425/3425 2477/3503/3503 2481/3507/3507 120/3426/3426
f 110/3416/3416 109/3415/3415 2459/3485/3485
f 111/3417/3417 2461/3487/3487 2460/3486/3486
f 112/3418/3418 2463/3489/3489 2462/3488/3488
f 2436/3399/3399 2458/3484/3484 2166/3125/3125
f 2433/3396/3396 2168/3127/3127 2458/3484/3484
f 2426/3389/3389 2174/3133/3133 2465/3491/3491
f 2429/3392/3392 2465/3491/3491 2172/3131/3131
f 2464/3490/3490 113/3419/3419 2466/3492/3492
f 114/3420/3420 2468/3494/3494 2467/3493/3493
f 116/3422/3422 2472/3498/3498 2471/3497/3497
f 2469/3495/3495 115/3421/3421 2470/3496/3496
f 117/3423/3423 2474/3500/3500 2473/3499/3499
f 2477/3503/3503 119/3425/3425 2478/3504/3504
f 2475/3501/3501 118/3424/3424 2476/3502/3502
f 2481/3507/3507 2479/3505/3505 120/3426/3426
f 2479/3505/3505 2483/3509/3509 120/3426/3426
f 121/3427/3427 120/3426/3426 2483/3509/3509
f 121/3427/3427 2483/3509/3509 2482/3508/3508
f 121/3427/3427 2482/3508/3508 2486/3512/3512 122/3428/3428
f 122/3428/3428 2484/3510/3510 2488/3514/3514 123/3429/3429
f 123/3429/3429 2487/3513/3513 2490/3516/3516 124/3430/3430
f 122/3428/3428 2486/3512/3512 2484/3510/3510
f 123/3429/3429 2488/3514/3514 2487/3513/3513
f 124/3430/3430 2490/3516/3516 2489/3515/3515
f 2492/3518/3518 124/3430/3430 2489/3515/3515
f 125/3431/3431 124/3430/3430 2492/3518/3518
f 125/3431/3431 2491/3517/3517 2495/3521/3521 126/3432/3432
f 127/3433/3433 2496/3522/3522 2499/3525/3525 128/3434/3434
f 128/3434/3434 2498/3524/3524 2502/3528/3528 129/3435/3435
f 126/3432/3432 2493/3519/3519 2497/3523/3523 127/3433/3433
f 130/3436/3436 2503/3529/3529 2506/3532/3532 131/3437/3437
f 131/3437/3437 2505/3531/3531 2508/3534/3534 132/3438/3438
f 133/3439/3439 2509/3535/3535 2512/3538/3538 134/3440/3440
f 135/3441/3441 2513/3539/3539 2517/3543/3543 136/3442/3442
f 134/3440/3440 2511/3537/3537 2514/3540/3540 135/3441/3441
f 132/3438/3438 2507/3533/3533 2510/3536/3536 133/3439/3439
f 129/3435/3435 2500/3526/3526 2504/3530/3530 130/3436/3436
f 136/3442/3442 2515/3541/3541 2519/3545/3545 137/3443/3443
f 125/3431/3431 2492/3518/3518 2491/3517/3517
f 127/3433/3433 2497/3523/3523 2496/3522/3522
f 2493/3519/3519 126/3432/3432 2495/3521/3521
f 128/3434/3434 2499/3525/3525 2498/3524/3524
f 2503/3529/3529 130/3436/3436 2504/3530/3530
f 2500/3526/3526 129/3435/3435 2502/3528/3528
f 132/3438/3438 2508/3534/3534 2507/3533/3533
f 133/3439/3439 2510/3536/3536 2509/3535/3535
f 135/3441/3441 2514/3540/3540 2513/3539/3539
f 136/3442/3442 2517/3543/3543 2515/3541/3541
f 137/3443/3443 2519/3545/3545 2518/3544/3544
f 2511/3537/3537 134/3440/3440 2512/3538/3538
f 2505/3531/3531 131/3437/3437 2506/3532/3532
f 2518/3544/3544 2522/3548/3548 137/3443/3443
f 2159/3118/3118 2447/3411/3411 2286/3409/3409
f 2161/3120/3120 2443/3406/3406 2447/3411/3411
f 2163/3122/3122 2440/3403/3403 2445/3408/3408
f 2163/3122/3122 2442/3405/3405 2440/3403/3403
f 2161/3120/3120 2445/3408/3408 2443/3406/3406
f 2165/3124/3124 2439/3402/3402 2437/3400/3400
f 2167/3126/3126 2436/3399/3399 2439/3402/3402
f 2169/3128/3128 2435/3398/3398 2433/3396/3396
f 2171/3130/3130 2432/3395/3395 2430/3393/3393
f 2171/3130/3130 2430/3393/3393 2435/3398/3398
f 2436/3399/3399 2433/3396/3396 2458/3484/3484
f 2433/3396/3396 2436/3399/3399 2167/3126/3126 2169/3128/3128
f 2165/3124/3124 2437/3400/3400 2442/3405/3405
f 2426/3389/3389 2465/3491/3491 2429/3392/3392
f 2186/3145/3145 2410/3373/3373 2480/3506/3506
f 2480/3506/3506 2407/3370/3370 2188/3147/3147
f 2175/3134/3134 2428/3391/3391 2426/3389/3389
f 2177/3136/3136 2423/3386/3386 2428/3391/3391
f 2179/3138/3138 2420/3383/3383 2425/3388/3388
f 2181/3140/3140 2417/3380/3380 2422/3385/3385
f 2179/3138/3138 2422/3385/3385 2420/3383/3383
f 2177/3136/3136 2425/3388/3388 2423/3386/3386
f 2406/3369/3369 2485/3511/3511 2190/3149/3149
f 2426/3389/3389 2429/3392/3392 2173/3132/3132 2175/3134/3134
f 2173/3132/3132 2429/3392/3392 2432/3395/3395
f 2161/3120/3120 2447/3411/3411 2159/3118/3118
f 2163/3122/3122 2445/3408/3408 2161/3120/3120
f 2165/3124/3124 2167/3126/3126 2439/3402/3402
f 2442/3405/3405 2163/3122/3122 2165/3124/3124
f 2417/3380/3380 2181/3140/3140 2419/3382/3382
f 2171/3130/3130 2435/3398/3398 2169/3128/3128
f 2173/3132/3132 2432/3395/3395 2171/3130/3130
f 2177/3136/3136 2428/3391/3391 2175/3134/3134
f 2181/3140/3140 2422/3385/3385 2179/3138/3138
f 2177/3136/3136 2179/3138/3138 2425/3388/3388
f 2181/3140/3140 2183/3142/3142 2419/3382/3382
f 2183/3142/3142 2416/3379/3379 2414/3377/3377
f 2185/3144/3144 2411/3374/3374 2416/3379/3379
f 2187/3146/3146 2410/3373/3373 2413/3376/3376
f 2480/3506/3506 2410/3373/3373 2407/3370/3370
f 2407/3370/3370 2410/3373/3373 2187/3146/3146 2189/3148/3148
f 2185/3144/3144 2413/3376/3376 2411/3374/3374
f 2185/3144/3144 2416/3379/3379 2183/3142/3142
f 2187/3146/3146 2413/3376/3376 2185/3144/3144
f 2191/3150/3150 2406/3369/3369 2409/3372/3372
f 2191/3150/3150 2409/3372/3372 2407/3370/3370 2189/3148/3148
f 2191/3150/3150 2193/3152/3152 2403/3366/3366 2406/3369/3369
f 2419/3382/3382 2183/3142/3142 2414/3377/3377
f 2403/3366/3366 2485/3511/3511 2406/3369/3369
f 2193/3152/3152 2405/3368/3368 2403/3366/3366
f 2485/3511/3511 2403/3366/3366 2192/3151/3151
f 2494/3520/3520 2198/3157/3157 2396/3359/3359
f 2200/3159/3159 2494/3520/3520 2393/3356/3356
f 2195/3154/3154 2402/3365/3365 2400/3363/3363
f 2197/3156/3156 2397/3360/3360 2402/3365/3365
f 2199/3158/3158 2396/3359/3359 2399/3362/3362
f 2201/3160/3160 2395/3358/3358 2393/3356/3356
f 2393/3356/3356 2494/3520/3520 2396/3359/3359
f 2393/3356/3356 2396/3359/3359 2199/3158/3158 2201/3160/3160
f 2197/3156/3156 2399/3362/3362 2397/3360/3360
f 2195/3154/3154 2400/3363/3363 2405/3368/3368
f 2389/3352/3352 2501/3527/3527 2204/3163/3163
f 2386/3349/3349 2206/3165/3165 2501/3527/3527
f 2516/3542/3542 2218/3177/3177 2370/3333/3333
f 2203/3162/3162 2392/3355/3355 2390/3353/3353
f 2205/3164/3164 2389/3352/3352 2392/3355/3355
f 2501/3527/3527 2389/3352/3352 2386/3349/3349
f 2209/3168/3168 2383/3346/3346 2388/3351/3351
f 2207/3166/3166 2388/3351/3351 2386/3349/3349
f 2367/3330/3330 2220/3179/3179 2516/3542/3542
f 2386/3349/3349 2389/3352/3352 2205/3164/3164 2207/3166/3166
f 2203/3162/3162 2390/3353/3353 2395/3358/3358
f 2195/3154/3154 2405/3368/3368 2193/3152/3152
f 2197/3156/3156 2402/3365/3365 2195/3154/3154
f 2197/3156/3156 2199/3158/3158 2399/3362/3362
f 2380/3343/3343 2385/3348/3348 2211/3170/3170
f 2383/3346/3346 2209/3168/3168 2385/3348/3348
f 2382/3345/3345 2380/3343/3343 2211/3170/3170
f 2203/3162/3162 2395/3358/3358 2201/3160/3160
f 2385/3348/3348 2209/3168/3168 2211/3170/3170
f 2207/3166/3166 2209/3168/3168 2388/3351/3351
f 2203/3162/3162 2205/3164/3164 2392/3355/3355
f 2211/3170/3170 2213/3172/3172 2382/3345/3345
f 2213/3172/3172 2379/3342/3342 2377/3340/3340
f 2215/3174/3174 2374/3337/3337 2379/3342/3342
f 2217/3176/3176 2371/3334/3334 2376/3339/3339
f 2219/3178/3178 2370/3333/3333 2373/3336/3336
f 2217/3176/3176 2373/3336/3336 2371/3334/3334
f 2215/3174/3174 2376/3339/3339 2374/3337/3337
f 2215/3174/3174 2379/3342/3342 2213/3172/3172
f 2217/3176/3176 2376/3339/3339 2215/3174/3174
f 2221/3180/3180 2369/3332/3332 2367/3330/3330
f 2367/3330/3330 2370/3333/3333 2219/3178/3178 2221/3180/3180
f 2223/3182/3182 2366/3329/3329 2369/3332/3332 2221/3180/3180
f 2373/3336/3336 2217/3176/3176 2219/3178/3178
f 2367/3330/3330 2516/3542/3542 2370/3333/3333
f 2382/3345/3345 2213/3172/3172 2377/3340/3340
f 2520/3546/3546 138/3444/3444 2522/3548/3548
f 137/3443/3443 2522/3548/3548 138/3444/3444
f 138/3444/3444 2520/3546/3546 2524/3550/3550
f 139/3445/3445 138/3444/3444 2524/3550/3550
f 139/3445/3445 2523/3549/3549 2526/3552/3552 140/3446/3446
f 140/3446/3446 2525/3551/3551 2528/3554/3554 141/3447/3447
f 139/3445/3445 2524/3550/3550 2523/3549/3549
f 141/3447/3447 2527/3553/3553 2531/3557/3557
f 2527/3553/3553 141/3447/3447 2528/3554/3554
f 2525/3551/3551 140/3446/3446 2526/3552/3552
f 2531/3557/3557 142/3448/3448 141/3447/3447
f 142/3448/3448 2529/3555/3555 2533/3559/3559 143/3449/3449
f 2532/3558/3558 143/3449/3449 2533/3559/3559
f 144/3450/3450 2534/3560/3560 2538/3564/3564 145/3451/3451
f 145/3451/3451 2536/3562/3562 2540/3566/3566 146/3452/3452
f 143/3449/3449 2532/3558/3558 2535/3561/3561 144/3450/3450
f 146/3452/3452 2539/3565/3565 2542/3568/3568 147/3453/3453
f 147/3453/3453 2541/3567/3567 2544/3570/3570 148/3454/3454
f 148/3454/3454 2543/3569/3569 2546/3572/3572 149/3455/3455
f 150/3456/3456 2547/3573/3573 2550/3576/3576 151/3457/3457
f 149/3455/3455 2545/3571/3571 2548/3574/3574 150/3456/3456
f 151/3457/3457 2549/3575/3575 2553/3579/3579 152/3458/3458
f 2531/3557/3557 2529/3555/3555 142/3448/3448
f 145/3451/3451 2538/3564/3564 2536/3562/3562
f 2534/3560/3560 144/3450/3450 2535/3561/3561
f 2356/3319/3319 2530/3556/3556 2230/3189/3189
f 2346/3309/3309 2238/3197/3197 2537/3563/3563
f 2349/3312/3312 2537/3563/3563 2236/3195/3195
f 2353/3316/3316 2232/3191/3191 2530/3556/3556
f 2363/3326/3326 2224/3183/3183 2521/3547/3547
f 146/3452/3452 2540/3566/3566 2539/3565/3565
f 148/3454/3454 2544/3570/3570 2543/3569/3569
f 2541/3567/3567 147/3453/3453 2542/3568/3568
f 149/3455/3455 2546/3572/3572 2545/3571/3571
f 2549/3575/3575 151/3457/3457 2550/3576/3576
f 2547/3573/3573 150/3456/3456 2548/3574/3574
f 2553/3579/3579 2551/3577/3577 152/3458/3458
f 2222/3181/3181 2366/3329/3329 2521/3547/3547
f 2551/3577/3577 2555/3581/3581 152/3458/3458
f 153/3213/3213 152/3458/3458 2555/3581/3581
f 153/3213/3213 2555/3581/3581 2554/3580/3580
f 153/3213/3213 2554/3580/3580 2558/3584/3584 154/3459/3459
f 154/3459/3459 2556/3582/3582 2560/3586/3586 155/3460/3460
f 155/3460/3460 2559/3585/3585 2562/3588/3588 156/3461/3461
f 154/3459/3459 2558/3584/3584 2556/3582/3582
f 155/3460/3460 2560/3586/3586 2559/3585/3585
f 156/3461/3461 2562/3588/3588 2561/3587/3587
f 2564/3590/3590 156/3461/3461 2561/3587/3587
f 157/3462/3462 156/3461/3461 2564/3590/3590
f 157/3462/3462 2563/3589/3589 2567/3593/3593 158/3463/3463
f 159/3464/3464 2568/3594/3594 2571/3597/3597 160/3465/3465
f 160/3465/3465 2570/3596/3596 2574/3600/3600 161/3466/3466
f 158/3463/3463 2565/3591/3591 2569/3595/3595 159/3464/3464
f 162/3467/3467 2575/3601/3601 2578/3604/3604 163/3468/3468
f 163/3468/3468 2577/3603/3603 2580/3606/3606 164/3469/3469
f 165/3470/3470 2581/3607/3607 2584/3610/3610 166/3471/3471
f 167/3472/3472 2585/3611/3611 2589/3615/3615 168/3473/3473
f 166/3471/3471 2583/3609/3609 2586/3612/3612 167/3472/3472
f 164/3469/3469 2579/3605/3605 2582/3608/3608 165/3470/3470
f 161/3466/3466 2572/3598/3598 2576/3602/3602 162/3467/3467
f 168/3473/3473 2587/3613/3613 2590/3617/3617 105/3246/3246
f 157/3462/3462 2564/3590/3590 2563/3589/3589
f 159/3464/3464 2569/3595/3595 2568/3594/3594
f 2565/3591/3591 158/3463/3463 2567/3593/3593
f 160/3465/3465 2571/3597/3597 2570/3596/3596
f 2575/3601/3601 162/3467/3467 2576/3602/3602
f 2572/3598/3598 161/3466/3466 2574/3600/3600
f 164/3469/3469 2580/3606/3606 2579/3605/3605
f 165/3470/3470 2582/3608/3608 2581/3607/3607
f 167/3472/3472 2586/3612/3612 2585/3611/3611
f 168/3473/3473 2589/3615/3615 2587/3613/3613
f 105/3246/3246 2590/3617/3617 2449/3616/3616
f 2583/3609/3609 166/3471/3471 2584/3610/3610
f 2577/3603/3603 163/3468/3468 2578/3604/3604
f 2363/3326/3326 2366/3329/3329 2223/3182/3182 2225/3184/3184
f 2363/3326/3326 2521/3547/3547 2366/3329/3329
f 2225/3184/3184 2365/3328/3328 2363/3326/3326
f 2227/3186/3186 2362/3325/3325 2360/3323/3323
f 2229/3188/3188 2357/3320/3320 2362/3325/3325
f 2227/3186/3186 2360/3323/3323 2365/3328/3328
f 2231/3190/3190 2356/3319/3319 2359/3322/3322
f 2353/3316/3316 2530/3556/3556 2356/3319/3319
f 2353/3316/3316 2356/3319/3319 2231/3190/3190 2233/3192/3192
f 2235/3194/3194 2350/3313/3313 2355/3318/3318
f 2237/3196/3196 2349/3312/3312 2352/3315/3315
f 2235/3194/3194 2352/3315/3315 2350/3313/3313
f 2233/3192/3192 2355/3318/3318 2353/3316/3316
f 2229/3188/3188 2359/3322/3322 2357/3320/3320
f 2552/3578/3578 2250/3209/3209 2330/3293/3293
f 2557/3583/3583 2254/3214/3214 2326/3289/3289
f 2252/3211/3211 2552/3578/3578 2327/3290/3290
f 2239/3198/3198 2348/3311/3311 2346/3309/3309
f 2241/3200/3200 2343/3306/3306 2348/3311/3311
f 2243/3202/3202 2340/3303/3303 2345/3308/3308
f 2245/3204/3204 2337/3300/3300 2342/3305/3305
f 2243/3202/3202 2342/3305/3305 2340/3303/3303
f 2241/3200/3200 2345/3308/3308 2343/3306/3306
f 2557/3583/3583 2326/3289/3289 2323/3286/3286
f 2537/3563/3563 2349/3312/3312 2346/3309/3309
f 2346/3309/3309 2349/3312/3312 2237/3196/3196 2239/3198/3198
f 2227/3186/3186 2365/3328/3328 2225/3184/3184
f 2229/3188/3188 2231/3190/3190 2359/3322/3322
f 2362/3325/3325 2227/3186/3186 2229/3188/3188
f 2337/3300/3300 2245/3204/3204 2339/3302/3302
f 2235/3194/3194 2355/3318/3318 2233/3192/3192
f 2237/3196/3196 2352/3315/3315 2235/3194/3194
f 2241/3200/3200 2348/3311/3311 2239/3198/3198
f 2245/3204/3204 2342/3305/3305 2243/3202/3202
f 2241/3200/3200 2243/3202/3202 2345/3308/3308
f 2245/3204/3204 2247/3206/3206 2339/3302/3302
f 2247/3206/3206 2336/3299/3299 2334/3297/3297
f 2249/3208/3208 2331/3294/3294 2336/3299/3299
f 2251/3210/3210 2330/3293/3293 2333/3296/3296
f 2552/3578/3578 2330/3293/3293 2327/3290/3290
f 2327/3290/3290 2330/3293/3293 2251/3210/3210 2253/3212/3212
f 2249/3208/3208 2333/3296/3296 2331/3294/3294
f 2249/3208/3208 2336/3299/3299 2247/3206/3206
f 2251/3210/3210 2333/3296/3296 2249/3208/3208
f 2255/3215/3215 2326/3289/3289 2329/3292/3292
f 2255/3215/3215 2329/3292/3292 2327/3290/3290 2253/3212/3212
f 2255/3215/3215 2257/3217/3217 2323/3286/3286 2326/3289/3289
f 2339/3302/3302 2247/3206/3206 2334/3297/3297
f 2323/3286/3286 2256/3216/3216 2557/3583/3583
f 2257/3217/3217 2325/3288/3288 2323/3286/3286
f 2259/3219/3219 2320/3283/3283 2325/3288/3288
f 2566/3592/3592 2262/3222/3222 2316/3279/3279
f 2264/3224/3224 2566/3592/3592 2313/3276/3276
f 2261/3221/3221 2317/3280/3280 2322/3285/3285
f 2261/3221/3221 2319/3282/3282 2317/3280/3280
f 2313/3276/3276 2316/3279/3279 2263/3223/3223 2265/3225/3225
f 2566/3592/3592 2316/3279/3279 2313/3276/3276
f 2267/3227/3227 2310/3273/3273 2315/3278/3278
f 2265/3225/3225 2315/3278/3278 2313/3276/3276
f 2263/3223/3223 2316/3279/3279 2319/3282/3282
f 2259/3219/3219 2322/3285/3285 2320/3283/3283
f 2309/3272/3272 2573/3599/3599 2268/3228/3228
f 2306/3269/3269 2270/3230/3230 2573/3599/3599
f 2588/3614/3614 2282/3242/3242 2290/3253/3253
f 2269/3229/3229 2309/3272/3272 2312/3275/3275
f 2573/3599/3599 2309/3272/3272 2306/3269/3269
f 2306/3269/3269 2309/3272/3272 2269/3229/3229 2271/3231/3231
f 2273/3233/3233 2303/3266/3266 2308/3271/3271
f 2275/3235/3235 2300/3263/3263 2305/3268/3268
f 2273/3233/3233 2305/3268/3268 2303/3266/3266
f 2271/3231/3231 2308/3271/3271 2306/3269/3269
f 2287/3250/3250 2284/3244/3244 2588/3614/3614
f 2267/3227/3227 2312/3275/3275 2310/3273/3273
f 2259/3219/3219 2325/3288/3288 2257/3217/3217
f 2261/3221/3221 2322/3285/3285 2259/3219/3219
f 2319/3282/3282 2261/3221/3221 2263/3223/3223
f 2297/3260/3260 2302/3265/3265 2277/3237/3237
f 2302/3265/3265 2300/3263/3263 2275/3235/3235
f 2267/3227/3227 2315/3278/3278 2265/3225/3225
f 2269/3229/3229 2312/3275/3275 2267/3227/3227
f 2273/3233/3233 2308/3271/3271 2271/3231/3231
f 2302/3265/3265 2275/3235/3235 2277/3237/3237
f 2273/3233/3233 2275/3235/3235 2305/3268/3268
f 2277/3237/3237 2299/3262/3262 2297/3260/3260
f 2279/3239/3239 2294/3257/3257 2299/3262/3262
f 2279/3239/3239 2296/3259/3259 2294/3257/3257
f 2281/3241/3241 2293/3256/3256 2291/3254/3254
f 2287/3250/3250 2290/3253/3253 2283/3243/3243 2285/3245/3245
f 2588/3614/3614 2290/3253/3253 2287/3250/3250
f 2283/3243/3243 2290/3253/3253 2293/3256/3256
f 2281/3241/3241 2291/3254/3254 2296/3259/3259
f 2281/3241/3241 2296/3259/3259 2279/3239/3239
f 2283/3243/3243 2293/3256/3256 2281/3241/3241
f 2159/3248/3248 2286/3249/3249 2289/3252/3252
f 2289/3252/3252 2285/3245/3245 2159/3248/3248
f 2289/3252/3252 2287/3250/3250 2285/3245/3245
f 2277/3237/3237 2279/3239/3239 2299/3262/3262
f 2636/3727/3727 2635/3726/3726 2599/3690/3690 2634/3725/3725
f 2633/3724/3724 2625/3716/3716 2635/3726/3726 2636/3727/3727
f 2627/3718/3718 2635/3726/3726 2625/3716/3716
f 2635/3726/3726 2591/3682/3682 2599/3690/3690
f 2591/3682/3682 2627/3718/3718 2612/3703/3703
f 2627/3718/3718 2591/3682/3682 2635/3726/3726
f 2626/3717/3717 2628/3719/3719 2627/3718/3718 2625/3716/3716
f 2630/3721/3721 2627/3718/3718 2628/3719/3719
f 2612/3703/3703 2630/3721/3721 2622/3713/3713
f 2627/3718/3718 2630/3721/3721 2612/3703/3703
f 2629/3720/3720 2632/3723/3723 2630/3721/3721 2628/3719/3719
f 2632/3723/3723 2631/3722/3722 2622/3713/3713 2630/3721/3721
f 2643/3734/3734 2642/3733/3733 2639/3730/3730 2641/3732/3732
f 2640/3731/3731 2634/3725/3725 2642/3733/3733 2643/3734/3734
f 2639/3730/3730 2638/3729/3729 2600/3691/3691 2637/3728/3728
f 2642/3733/3733 2638/3729/3729 2639/3730/3730
f 2599/3690/3690 2642/3733/3733 2634/3725/3725
f 2638/3729/3729 2642/3733/3733 2599/3690/3690
f 2600/3691/3691 2605/3696/3696 2607/3698/3698 2606/3697/3697
f 2605/3696/3696 2593/3684/3684 2596/3687/3687 2607/3698/3698
f 2638/3729/3729 2605/3696/3696 2600/3691/3691
f 2605/3696/3696 2591/3682/3682 2593/3684/3684
f 2591/3682/3682 2638/3729/3729 2599/3690/3690
f 2638/3729/3729 2591/3682/3682 2605/3696/3696
f 2595/3686/3686 2610/3701/3701 2594/3685/3685
f 2610/3701/3701 2591/3682/3682 2592/3683/3683
f 2591/3682/3682 2595/3686/3686 2593/3684/3684
f 2595/3686/3686 2591/3682/3682 2610/3701/3701
f 2601/3692/3692 2595/3686/3686 2598/3689/3689
f 2593/3684/3684 2601/3692/3692 2596/3687/3687
f 2595/3686/3686 2601/3692/3692 2593/3684/3684
f 2596/3687/3687 2601/3692/3692 2604/3695/3695 2602/3693/3693
f 2601/3692/3692 2598/3689/3689 2603/3694/3694 2604/3695/3695
f 2595/3686/3686 2594/3685/3685 2597/3688/3688 2598/3689/3689
f 2592/3683/3683 2609/3700/3700 2611/3702/3702 2610/3701/3701
f 2610/3701/3701 2611/3702/3702 2608/3699/3699 2594/3685/3685
f 2622/3713/3713 2624/3715/3715 2623/3714/3714 2612/3703/3703
f 2624/3715/3715 2621/3712/3712 2613/3704/3704 2623/3714/3714
f 2615/3706/3706 2623/3714/3714 2613/3704/3704
f 2623/3714/3714 2591/3682/3682 2612/3703/3703
f 2591/3682/3682 2615/3706/3706 2592/3683/3683
f 2615/3706/3706 2591/3682/3682 2623/3714/3714
f 2613/3704/3704 2614/3705/3705 2616/3707/3707 2615/3706/3706
f 2618/3709/3709 2615/3706/3706 2616/3707/3707
f 2592/3683/3683 2618/3709/3709 2609/3700/3700
f 2615/3706/3706 2618/3709/3709 2592/3683/3683
f 2616/3707/3707 2617/3708/3708 2620/3711/3711 2618/3709/3709
f 2618/3709/3709 2620/3711/3711 2619/3710/3710 2609/3700/3700
f 2161/3619/3619 2603/3694/3694 2163/3620/3620
f 2163/3620/3620 2598/3689/3689 2165/3621/3621
f 2597/3688/3688 2169/3623/3623 2167/3622/3622
f 2171/3624/3624 2169/3623/3623 2597/3688/3688
f 2165/3621/3621 2597/3688/3688 2167/3622/3622
f 2165/3621/3621 2598/3689/3689 2597/3688/3688
f 2283/3680/3680 2602/3693/3693 2285/3681/3681
f 2159/3618/3618 2285/3681/3681 2604/3695/3695
f 2163/3620/3620 2603/3694/3694 2598/3689/3689
f 2159/3618/3618 2604/3695/3695 2603/3694/3694
f 2603/3694/3694 2161/3619/3619 2159/3618/3618
f 2285/3681/3681 2602/3693/3693 2604/3695/3695
f 2177/3627/3627 2611/3702/3702 2179/3628/3628
f 2179/3628/3628 2611/3702/3702 2181/3629/3629
f 2619/3710/3710 2185/3631/3631 2183/3630/3630
f 2187/3632/3632 2185/3631/3631 2619/3710/3710
f 2611/3702/3702 2183/3630/3630 2181/3629/3629
f 2611/3702/3702 2619/3710/3710 2183/3630/3630
f 2173/3625/3625 2171/3624/3624 2608/3699/3699
f 2175/3626/3626 2173/3625/3625 2608/3699/3699
f 2177/3627/3627 2175/3626/3626 2608/3699/3699
f 2608/3699/3699 2611/3702/3702 2177/3627/3627
f 2171/3624/3624 2594/3685/3685 2608/3699/3699
f 2611/3702/3702 2609/3700/3700 2619/3710/3710
f 2597/3688/3688 2594/3685/3685 2171/3624/3624
f 2277/3677/3677 2607/3698/3698 2279/3678/3678
f 2281/3679/3679 2279/3678/3678 2602/3693/3693
f 2607/3698/3698 2596/3687/3687 2602/3693/3693
f 2279/3678/3678 2607/3698/3698 2602/3693/3693
f 2602/3693/3693 2283/3680/3680 2281/3679/3679
f 2275/3676/3676 2607/3698/3698 2277/3677/3677
f 2271/3674/3674 2606/3697/3697 2273/3675/3675
f 2607/3698/3698 2275/3676/3676 2273/3675/3675
f 2267/3672/3672 2606/3697/3697 2269/3673/3673
f 2271/3674/3674 2269/3673/3673 2606/3697/3697
f 2606/3697/3697 2267/3672/3672 2600/3691/3691
f 2273/3675/3675 2606/3697/3697 2607/3698/3698
f 2637/3728/3728 2265/3671/3671 2263/3670/3670
f 2600/3691/3691 2267/3672/3672 2637/3728/3728
f 2637/3728/3728 2267/3672/3672 2265/3671/3671
f 2639/3730/3730 2637/3728/3728 2261/3669/3669
f 2261/3669/3669 2637/3728/3728 2263/3670/3670
f 2639/3730/3730 2259/3668/3668 2641/3732/3732
f 2259/3668/3668 2257/3667/3667 2641/3732/3732
f 2639/3730/3730 2261/3669/3669 2259/3668/3668
f 2253/3665/3665 2643/3734/3734 2255/3666/3666
f 2641/3732/3732 2257/3667/3667 2255/3666/3666
f 2253/3665/3665 2251/3664/3664 2640/3731/3731
f 2643/3734/3734 2641/3732/3732 2255/3666/3666
f 2640/3731/3731 2643/3734/3734 2253/3665/3665
f 2189/3633/3633 2619/3710/3710 2620/3711/3711
f 2189/3633/3633 2620/3711/3711 2191/3634/3634
f 2193/3635/3635 2617/3708/3708 2195/3636/3636
f 2617/3708/3708 2193/3635/3635 2191/3634/3634
f 2197/3637/3637 2195/3636/3636 2616/3707/3707
f 2191/3634/3634 2620/3711/3711 2617/3708/3708
f 2616/3707/3707 2195/3636/3636 2617/3708/3708
f 2203/3640/3640 2614/3705/3705 2613/3704/3704
f 2614/3705/3705 2197/3637/3637 2616/3707/3707
f 2199/3638/3638 2614/3705/3705 2201/3639/3639
f 2614/3705/3705 2199/3638/3638 2197/3637/3637
f 2613/3704/3704 2621/3712/3712 2203/3640/3640
f 2205/3641/3641 2203/3640/3640 2621/3712/3712
f 2621/3712/3712 2209/3643/3643 2207/3642/3642
f 2205/3641/3641 2621/3712/3712 2207/3642/3642
f 2624/3715/3715 2209/3643/3643 2621/3712/3712
f 2622/3713/3713 2631/3722/3722 2624/3715/3715
f 2215/3646/3646 2624/3715/3715 2631/3722/3722
f 2213/3645/3645 2624/3715/3715 2215/3646/3646
f 2215/3646/3646 2631/3722/3722 2217/3647/3647
f 2211/3644/3644 2624/3715/3715 2213/3645/3645
f 2211/3644/3644 2209/3643/3643 2624/3715/3715
f 2219/3648/3648 2217/3647/3647 2631/3722/3722
f 2614/3705/3705 2203/3640/3640 2201/3639/3639
f 2636/3727/3727 2634/3725/3725 2640/3731/3731
f 2239/3658/3658 2237/3657/3657 2633/3724/3724
f 2633/3724/3724 2237/3657/3657 2235/3656/3656
f 2241/3659/3659 2633/3724/3724 2636/3727/3727
f 2235/3656/3656 2625/3716/3716 2633/3724/3724
f 2633/3724/3724 2241/3659/3659 2239/3658/3658
f 2249/3663/3663 2247/3662/3662 2640/3731/3731
f 2247/3662/3662 2636/3727/3727 2640/3731/3731
f 2251/3664/3664 2249/3663/3663 2640/3731/3731
f 2636/3727/3727 2247/3662/3662 2245/3661/3661
f 2245/3661/3661 2243/3660/3660 2636/3727/3727
f 2243/3660/3660 2241/3659/3659 2636/3727/3727
f 2223/3650/3650 2632/3723/3723 2629/3720/3720
f 2227/3652/3652 2629/3720/3720 2628/3719/3719
f 2223/3650/3650 2221/3649/3649 2632/3723/3723
f 2221/3649/3649 2631/3722/3722 2632/3723/3723
f 2225/3651/3651 2223/3650/3650 2629/3720/3720
f 2233/3655/3655 2626/3717/3717 2235/3656/3656
f 2626/3717/3717 2625/3716/3716 2235/3656/3656
f 2231/3654/3654 2626/3717/3717 2233/3655/3655
f 2229/3653/3653 2628/3719/3719 2626/3717/3717
f 2229/3653/3653 2626/3717/3717 2231/3654/3654
f 2229/3653/3653 2227/3652/3652 2628/3719/3719
f 2227/3652/3652 2225/3651/3651 2629/3720/3720
f 2631/3722/3722 2221/3649/3649 2219/3648/3648
f 2189/3633/3633 2187/3632/3632 2619/3710/3710
