# Rhino

mtllib psycheSolarPanel1-4_a.mtl
usemtl diffuse_0
v 0.64637243747711182 0.11950980126857758 182.64324951171875
v 0.64637243747711182 1.0815005302429199 182.64262390136719
v 0.27637591958045959 1.451496958732605 182.64237976074219
v -0.64637243747711182 0.63750475645065308 182.64291381835938
v -0.64637243747711182 0.11950980126857758 182.64324951171875
v -0.051624398678541183 0.46231719851493835 182.64303588867188
v -0.60098952054977417 -0.11841642111539841 182.64341735839844
v -0.45705431699752808 -0.33754444122314453 182.6435546875
v -0.23792627453804016 -0.48147958517074585 182.64364624023438
v 0 -0.5268625020980835 182.6436767578125
v 0.23792627453804016 -0.48147958517074585 182.64364624023438
v 0.45705431699752808 -0.33754444122314453 182.6435546875
v 0.60098952054977417 -0.11841642111539841 182.64341735839844
v -0.051624398678541183 -0.04216444119811058 182.64335632324219
v -0.41125461459159851 0.46231719851493835 182.64303588867188
v -0.41125461459159851 -0.04216444119811058 182.64335632324219
v 0.30800580978393555 0.46231719851493835 182.64303588867188
v 0.30800580978393555 -0.04216444119811058 182.64335632324219
v -0.77088481187820435 1.451496958732605 182.64237976074219
v -0.77088481187820435 0.63750475645065308 182.64291381835938
v -0.051624398678541183 0.96679884195327759 182.6427001953125
v -0.41125461459159851 0.96679884195327759 182.6427001953125
v -0.41125461459159851 0.71455800533294678 182.64286804199219
v -0.59106969833374023 0.96679884195327759 182.6427001953125
v -0.59106969833374023 0.46231719851493835 182.64303588867188
v -0.59106969833374023 0.71455800533294678 182.64286804199219
v 0.64637243747711182 0.1219308152794838 186.34321594238281
v 0.64637243747711182 1.0839215517044067 186.34259033203125
v 0.27637591958045959 1.4539178609848022 186.34234619140625
v -0.64637243747711182 0.63992577791213989 186.34288024902344
v -0.64637243747711182 0.1219308152794838 186.34321594238281
v -0.051491979509592056 0.46473821997642517 186.34300231933594
v -0.60098952054977417 -0.11599540710449219 186.34336853027344
v -0.45705431699752808 -0.33512341976165771 186.34352111816406
v -0.23792627453804016 -0.47905859351158142 186.34361267089844
v 0 -0.52444148063659668 186.34364318847656
v 0.23792627453804016 -0.47905859351158142 186.34361267089844
v 0.45705431699752808 -0.33512341976165771 186.34352111816406
v 0.60098952054977417 -0.11599540710449219 186.34336853027344
v -0.051491979509592056 -0.039743427187204361 186.34332275390625
v -0.41105598211288452 0.46473821997642517 186.34300231933594
v -0.41105598211288452 -0.039743427187204361 186.34332275390625
v 0.30807203054428101 0.46473821997642517 186.34300231933594
v 0.30807203054428101 -0.039743427187204361 186.34332275390625
v -0.77061998844146729 1.4539178609848022 186.34234619140625
v -0.77061998844146729 0.63992577791213989 186.34288024902344
v -0.051491979509592056 0.9692198634147644 186.34266662597656
v -0.41105598211288452 0.9692198634147644 186.34266662597656
v -0.41105598211288452 0.71697902679443359 186.34283447265625
v -0.59083795547485352 0.9692198634147644 186.34266662597656
v -0.59083795547485352 0.46473821997642517 186.34300231933594
v -0.59083795547485352 0.71697902679443359 186.34283447265625
v -0.59790956974029541 -0.12524676322937012 183.87673950195313
v -0.59790956974029541 -0.12443976104259491 185.11006164550781
v -0.45226910710334778 -0.34147307276725769 183.87687683105469
v -0.45226910710334778 -0.34066605567932129 185.11019897460938
v -0.23492373526096344 -0.48185262084007263 183.87696838378906
v -0.23492373526096344 -0.48104560375213623 185.11029052734375
v 0 -0.52605551481246948 183.87699890136719
v 0 -0.52524846792221069 185.11032104492188
v 0.24556362628936768 -0.47759261727333069 183.87696838378906
v 0.24556362628936768 -0.47678560018539429 185.11029052734375
v 0.46178996562957764 -0.33195221424102783 183.87687683105469
v 0.46178996562957764 -0.33114519715309143 185.11019897460938
v 0.60216951370239258 -0.11460687965154648 183.87672424316406
v 0.60216951370239258 -0.11379987746477127 185.11004638671875
v -0.59790956974029541 -0.12565027177333832 183.26007080078125
v -0.63485747575759888 -0.0011462908005341887 183.87666320800781
v -0.63485747575759888 -0.0015497931744903326 183.25999450683594
v -0.45226910710334778 -0.3418765664100647 183.26022338867188
v -0.5368269681930542 -0.23970277607440948 183.87681579589844
v -0.5368269681930542 -0.24010626971721649 183.26014709472656
v -0.23492373526096344 -0.48225611448287964 183.26031494140625
v -0.34951105713844299 -0.42341035604476929 183.87693786621094
v -0.34951105713844299 -0.42381384968757629 183.26026916503906
v 0 -0.5264589786529541 183.26034545898438
v -0.116106778383255 -0.51554197072982788 183.87699890136719
v -0.116106778383255 -0.5159454345703125 183.26033020019531
v 0.24556362628936768 -0.4779961109161377 183.26031494140625
v 0.1214631199836731 -0.51454055309295654 183.87699890136719
v 0.1214631199836731 -0.51494407653808594 183.26033020019531
v 0.46178996562957764 -0.33235570788383484 183.26020812988281
v 0.36001965403556824 -0.41651001572608948 183.87692260742188
v 0.36001965403556824 -0.41691353917121887 183.26026916503906
v 0.60216951370239258 -0.11501038074493408 183.26007080078125
v 0.54372727870941162 -0.22919416427612305 183.87680053710938
v 0.54372727870941162 -0.22959767282009125 183.26014709472656
v 0.63585889339447021 0.0042100460268557072 183.87664794921875
v 0.63585889339447021 0.0038065437693148851 183.25999450683594
v 0.60216951370239258 -0.11339636892080307 185.72671508789063
v 0.63585889339447021 0.0050170510075986385 185.10997009277344
v 0.63585889339447021 0.0054205534979701042 185.72663879394531
v 0.46178996562957764 -0.33074170351028442 185.72685241699219
v 0.54372727870941162 -0.22838716208934784 185.11012268066406
v 0.54372727870941162 -0.22798365354537964 185.72679138183594
v 0.24556362628936768 -0.47638210654258728 185.72694396972656
v 0.36001965403556824 -0.41570302844047546 185.11024475097656
v 0.36001965403556824 -0.41529953479766846 185.72691345214844
v 0 -0.52484500408172607 185.72698974609375
v 0.1214631199836731 -0.51373356580734253 185.11032104492188
v 0.1214631199836731 -0.51333004236221313 185.72697448730469
v -0.23492373526096344 -0.48064211010932922 185.72695922851563
v -0.116106778383255 -0.51473492383956909 185.11032104492188
v -0.116106778383255 -0.51433145999908447 185.72697448730469
v -0.45226910710334778 -0.34026256203651428 185.72686767578125
v -0.34951105713844299 -0.42260333895683289 185.11026000976563
v -0.34951105713844299 -0.42219984531402588 185.72691345214844
v -0.59790956974029541 -0.12403625994920731 185.72671508789063
v -0.5368269681930542 -0.23889577388763428 185.11013793945313
v -0.5368269681930542 -0.23849226534366608 185.72679138183594
v -0.63485747575759888 -0.00033928593620657921 185.1099853515625
v -0.63485747575759888 6.4216495957225561E-05 185.72663879394531
v 0.64637243747711182 0.11999399960041046 183.38325500488281
v 0.64637243747711182 0.12047820538282394 184.12324523925781
v 0.64637243747711182 0.12096240371465683 184.86323547363281
v 0.64637243747711182 0.12144660949707031 185.60322570800781
v -0.64637243747711182 0.12144660949707031 185.60322570800781
v -0.64637243747711182 0.12096240371465683 184.86323547363281
v -0.64637243747711182 0.12047820538282394 184.12324523925781
v -0.64637243747711182 0.11999399960041046 183.38325500488281
v 0.64637243747711182 1.0823074579238892 183.87594604492188
v 0.64637243747711182 1.0831145048141479 185.10926818847656
v 0.27637591958045959 1.4523038864135742 183.87570190429688
v 0.27637591958045959 1.453110933303833 185.10902404785156
v -0.77081859111785889 1.4521021842956543 183.5673828125
v -0.77075237035751343 1.4527074098587036 184.49237060546875
v -0.77068620920181274 1.4533126354217529 185.4173583984375
v -0.64637243747711182 0.63785064220428467 183.17147827148438
v -0.64637243747711182 0.63819652795791626 183.70004272460938
v -0.64637243747711182 0.63854235410690308 184.22862243652344
v -0.64637243747711182 0.63888823986053467 184.75718688964844
v -0.64637243747711182 0.63923406600952148 185.28575134277344
v -0.64637243747711182 0.63957995176315308 185.81431579589844
v -0.77065306901931763 0.63962316513061523 185.88038635253906
v -0.77068620920181274 0.63932055234909058 185.41789245605469
v -0.77071928977966309 0.63901793956756592 184.95539855957031
v -0.77075237035751343 0.63871526718139648 184.49290466308594
v -0.77078551054000854 0.63841265439987183 184.03041076660156
v -0.77081859111785889 0.63811004161834717 183.56790161132813
v -0.770851731300354 0.63780742883682251 183.10540771484375
v 0.64637243747711182 -0.11950980126857758 -182.64324951171875
v 0.64637243747711182 0.84248089790344238 -182.64389038085938
v 0.27637591958045959 1.2124773263931274 -182.64413452148438
v -0.64637243747711182 0.39848518371582031 -182.64360046386719
v -0.64637243747711182 -0.11950980126857758 -182.64324951171875
v -0.06469745934009552 0.2232976108789444 -182.64347839355469
v -0.60098952054977417 -0.35743603110313416 -182.64309692382813
v -0.45705431699752808 -0.57656401395797729 -182.64295959472656
v -0.23792627453804016 -0.72049921751022339 -182.64286804199219
v 0 -0.76588207483291626 -182.64283752441406
v 0.23792627453804016 -0.72049921751022339 -182.64286804199219
v 0.45705431699752808 -0.57656401395797729 -182.64295959472656
v 0.60098952054977417 -0.35743603110313416 -182.64309692382813
v -0.06469745934009552 -0.28118404746055603 -182.64314270019531
v -0.43086418509483337 0.2232976108789444 -182.64347839355469
v -0.43086418509483337 -0.28118404746055603 -182.64314270019531
v 0.30146926641464233 0.2232976108789444 -182.64347839355469
v 0.30146926641464233 -0.28118404746055603 -182.64314270019531
v -0.79703092575073242 1.2124773263931274 -182.64413452148438
v -0.79703092575073242 0.39848518371582031 -182.64360046386719
v -0.06469745934009552 0.72777926921844482 -182.64381408691406
v -0.43086418509483337 0.72777926921844482 -182.64381408691406
v 0.64637243747711182 -0.1219308152794838 -186.34321594238281
v 0.64637243747711182 0.84005987644195557 -186.34385681152344
v 0.27637591958045959 1.2100563049316406 -186.34408569335938
v -0.64637243747711182 0.3960641622543335 -186.34355163574219
v -0.64637243747711182 -0.1219308152794838 -186.34321594238281
v -0.064829878509044647 0.22087658941745758 -186.34344482421875
v -0.60098952054977417 -0.35985702276229858 -186.34306335449219
v -0.45705431699752808 -0.57898503541946411 -186.34292602539063
v -0.23792627453804016 -0.72292017936706543 -186.34283447265625
v 0 -0.76830309629440308 -186.34280395507813
v 0.23792627453804016 -0.72292017936706543 -186.34283447265625
v 0.45705431699752808 -0.57898503541946411 -186.34292602539063
v 0.60098952054977417 -0.35985702276229858 -186.34306335449219
v -0.064829878509044647 -0.28360503911972046 -186.34310913085938
v -0.43106281757354736 0.22087658941745758 -186.34344482421875
v -0.43106281757354736 -0.28360503911972046 -186.34310913085938
v 0.30140307545661926 0.22087658941745758 -186.34344482421875
v 0.30140307545661926 -0.28360503911972046 -186.34310913085938
v -0.79729574918746948 1.2100563049316406 -186.34408569335938
v -0.79729574918746948 0.3960641622543335 -186.34355163574219
v -0.064829878509044647 0.72535824775695801 -186.34378051757813
v -0.43106281757354736 0.72535824775695801 -186.34378051757813
v -0.59790956974029541 -0.36588037014007568 -183.87641906738281
v -0.59790956974029541 -0.36668738722801208 -185.1097412109375
v -0.45226910710334778 -0.58210664987564087 -183.87628173828125
v -0.45226910710334778 -0.58291369676589966 -185.10960388183594
v -0.23492373526096344 -0.72248619794845581 -183.87619018554688
v -0.23492373526096344 -0.7232932448387146 -185.10951232910156
v 0 -0.76668912172317505 -183.87615966796875
v 0 -0.76749610900878906 -185.10948181152344
v 0.24556362628936768 -0.71822619438171387 -183.87619018554688
v 0.24556362628936768 -0.71903324127197266 -185.10951232910156
v 0.46178996562957764 -0.5725858211517334 -183.87628173828125
v 0.46178996562957764 -0.57339280843734741 -185.10960388183594
v 0.60216951370239258 -0.35524049401283264 -183.87641906738281
v 0.60216951370239258 -0.35604748129844666 -185.1097412109375
v -0.59790956974029541 -0.36547687649726868 -183.25975036621094
v -0.63485747575759888 -0.24177989363670349 -183.87649536132813
v -0.63485747575759888 -0.24137639999389648 -183.25984191894531
v -0.45226910710334778 -0.58170318603515625 -183.25961303710938
v -0.5368269681930542 -0.48033636808395386 -183.8763427734375
v -0.5368269681930542 -0.47993287444114685 -183.25967407226563
v -0.23492373526096344 -0.72208273410797119 -183.259521484375
v -0.34951105713844299 -0.66404396295547485 -183.876220703125
v -0.34951105713844299 -0.66364043951034546 -183.25956726074219
v 0 -0.76628559827804565 -183.25949096679688
v -0.116106778383255 -0.75617557764053345 -183.87615966796875
v -0.116106778383255 -0.75577205419540405 -183.25950622558594
v 0.24556362628936768 -0.71782273054122925 -183.259521484375
v 0.1214631199836731 -0.75517416000366211 -183.87615966796875
v 0.1214631199836731 -0.75477063655853271 -183.25950622558594
v 0.46178996562957764 -0.572182297706604 -183.25962829589844
v 0.36001965403556824 -0.65714365243911743 -183.876220703125
v 0.36001965403556824 -0.65674012899398804 -183.25956726074219
v 0.60216951370239258 -0.35483697056770325 -183.259765625
v 0.54372727870941162 -0.46982777118682861 -183.8763427734375
v 0.54372727870941162 -0.46942427754402161 -183.25968933105469
v 0.63585889339447021 -0.23642356693744659 -183.87649536132813
v 0.63585889339447021 -0.23602005839347839 -183.25984191894531
v 0.60216951370239258 -0.35645100474357605 -185.72640991210938
v 0.63585889339447021 -0.2372305691242218 -185.10981750488281
v 0.63585889339447021 -0.23763406276702881 -185.72648620605469
v 0.46178996562957764 -0.57379633188247681 -185.72625732421875
v 0.54372727870941162 -0.47063478827476501 -185.10966491699219
v 0.54372727870941162 -0.47103828191757202 -185.72633361816406
v 0.24556362628936768 -0.71943670511245728 -185.72616577148438
v 0.36001965403556824 -0.65795063972473145 -185.10954284667969
v 0.36001965403556824 -0.65835416316986084 -185.72621154785156
v 0 -0.76789957284927368 -185.72613525390625
v 0.1214631199836731 -0.75598114728927612 -185.10948181152344
v 0.1214631199836731 -0.75638467073440552 -185.72615051269531
v -0.23492373526096344 -0.72369670867919922 -185.72616577148438
v -0.116106778383255 -0.75698256492614746 -185.10948181152344
v -0.116106778383255 -0.75738608837127686 -185.72615051269531
v -0.45226910710334778 -0.58331716060638428 -185.72625732421875
v -0.34951105713844299 -0.66485095024108887 -185.10954284667969
v -0.34951105713844299 -0.66525447368621826 -185.7261962890625
v -0.59790956974029541 -0.36709088087081909 -185.72639465332031
v -0.5368269681930542 -0.48114338517189026 -185.10966491699219
v -0.5368269681930542 -0.48154687881469727 -185.726318359375
v -0.63485747575759888 -0.2425868958234787 -185.10981750488281
v -0.63485747575759888 -0.2429904043674469 -185.72648620605469
v 0.64637243747711182 -0.12011504918336868 -183.56825256347656
v 0.64637243747711182 -0.12072030454874039 -184.49324035644531
v 0.64637243747711182 -0.12132555991411209 -185.41822814941406
v -0.64637243747711182 -0.12132555991411209 -185.41822814941406
v -0.64637243747711182 -0.12072030454874039 -184.49324035644531
v -0.64637243747711182 -0.12011504918336868 -183.56825256347656
v 0.64637243747711182 0.84167391061782837 -183.87721252441406
v 0.64637243747711182 0.84086686372756958 -185.11053466796875
v 0.27637591958045959 1.2116702795028687 -183.87744140625
v 0.27637591958045959 1.2108633518218994 -185.11076354980469
v -0.79709714651107788 1.2118721008300781 -183.56912231445313
v -0.79716336727142334 1.2112667560577393 -184.49411010742188
v -0.79722952842712402 1.2106615304946899 -185.41909790039063
v -0.64637243747711182 0.39813932776451111 -183.17216491699219
v -0.64637243747711182 0.3977934718132019 -183.70072937011719
v -0.64637243747711182 0.3974476158618927 -184.22929382324219
v -0.64637243747711182 0.3971017599105835 -184.75785827636719
v -0.64637243747711182 0.39675590395927429 -185.28642272949219
v -0.64637243747711182 0.3964100182056427 -185.81498718261719
v -0.79726266860961914 0.39636680483818054 -185.88105773925781
v -0.79722952842712402 0.3966694176197052 -185.41856384277344
v -0.79719644784927368 0.39697206020355225 -184.95606994628906
v -0.79716336727142334 0.3972746729850769 -184.49357604980469
v -0.79713022708892822 0.39757731556892395 -184.03108215332031
v -0.79709714651107788 0.39787992835044861 -183.56858825683594
v -0.79706406593322754 0.39818257093429565 -183.10609436035156
v -0.79798430204391479 0.24177096784114838 -195.96336364746094
v -0.79798430204391479 1.3517602682113647 -195.96409606933594
v -310.05014038085938 0.24177096784114838 -195.96336364746094
v -310.05014038085938 1.3517602682113647 -195.96409606933594
v -3.2919533252716064 0.24177096784114838 -195.96336364746094
v -5.7859225273132324 0.24177096784114838 -195.96336364746094
v -8.2798919677734375 0.24177096784114838 -195.96336364746094
v -10.773860931396484 0.24177096784114838 -195.96336364746094
v -13.267829895019531 0.24177096784114838 -195.96336364746094
v -15.761798858642578 0.24177096784114838 -195.96336364746094
v -18.255767822265625 0.24177096784114838 -195.96336364746094
v -20.749736785888672 0.24177096784114838 -195.96336364746094
v -23.243705749511719 0.24177096784114838 -195.96336364746094
v -25.737674713134766 0.24177096784114838 -195.96336364746094
v -28.231643676757813 0.24177096784114838 -195.96336364746094
v -30.725612640380859 0.24177096784114838 -195.96336364746094
v -33.219581604003906 0.24177096784114838 -195.96336364746094
v -35.713550567626953 0.24177096784114838 -195.96336364746094
v -38.20751953125 0.24177096784114838 -195.96336364746094
v -40.701488494873047 0.24177096784114838 -195.96336364746094
v -43.195457458496094 0.24177096784114838 -195.96336364746094
v -45.689426422119141 0.24177096784114838 -195.96336364746094
v -48.183395385742188 0.24177096784114838 -195.96336364746094
v -50.677364349365234 0.24177096784114838 -195.96336364746094
v -53.171333312988281 0.24177096784114838 -195.96336364746094
v -55.665306091308594 0.24177096784114838 -195.96336364746094
v -58.159275054931641 0.24177096784114838 -195.96336364746094
v -60.653244018554688 0.24177096784114838 -195.96336364746094
v -63.147212982177734 0.24177096784114838 -195.96336364746094
v -65.641181945800781 0.24177096784114838 -195.96336364746094
v -68.135147094726563 0.24177096784114838 -195.96336364746094
v -70.629119873046875 0.24177096784114838 -195.96336364746094
v -73.123085021972656 0.24177096784114838 -195.96336364746094
v -75.617057800292969 0.24177096784114838 -195.96336364746094
v -78.11102294921875 0.24177096784114838 -195.96336364746094
v -80.604995727539063 0.24177096784114838 -195.96336364746094
v -83.098960876464844 0.24177096784114838 -195.96336364746094
v -85.592933654785156 0.24177096784114838 -195.96336364746094
v -88.086898803710938 0.24177096784114838 -195.96336364746094
v -90.58087158203125 0.24177096784114838 -195.96336364746094
v -93.074836730957031 0.24177096784114838 -195.96336364746094
v -95.568809509277344 0.24177096784114838 -195.96336364746094
v -98.062782287597656 0.24177096784114838 -195.96336364746094
v -100.55674743652344 0.24177096784114838 -195.96336364746094
v -103.05072021484375 0.24177096784114838 -195.96336364746094
v -105.54468536376953 0.24177096784114838 -195.96336364746094
v -108.03865814208984 0.24177096784114838 -195.96336364746094
v -110.53262329101563 0.24177096784114838 -195.96336364746094
v -113.02659606933594 0.24177096784114838 -195.96336364746094
v -115.52056121826172 0.24177096784114838 -195.96336364746094
v -118.01453399658203 0.24177096784114838 -195.96336364746094
v -120.50849914550781 0.24177096784114838 -195.96336364746094
v -123.00247192382813 0.24177096784114838 -195.96336364746094
v -125.49643707275391 0.24177096784114838 -195.96336364746094
v -127.99040985107422 0.24177096784114838 -195.96336364746094
v -130.484375 0.24177096784114838 -195.96336364746094
v -132.97834777832031 0.24177096784114838 -195.96336364746094
v -135.47232055664063 0.24177096784114838 -195.96336364746094
v -137.96627807617188 0.24177096784114838 -195.96336364746094
v -140.46025085449219 0.24177096784114838 -195.96336364746094
v -142.9542236328125 0.24177096784114838 -195.96336364746094
v -145.44819641113281 0.24177096784114838 -195.96336364746094
v -147.94215393066406 0.24177096784114838 -195.96336364746094
v -150.43612670898438 0.24177096784114838 -195.96336364746094
v -152.93009948730469 0.24177096784114838 -195.96336364746094
v -155.424072265625 0.24177096784114838 -195.96336364746094
v -157.91802978515625 0.24177096784114838 -195.96336364746094
v -160.41200256347656 0.24177096784114838 -195.96336364746094
v -162.90597534179688 0.24177096784114838 -195.96336364746094
v -165.39994812011719 0.24177096784114838 -195.96336364746094
v -167.89390563964844 0.24177096784114838 -195.96336364746094
v -170.38787841796875 0.24177096784114838 -195.96336364746094
v -172.88185119628906 0.24177096784114838 -195.96336364746094
v -175.37582397460938 0.24177096784114838 -195.96336364746094
v -177.86979675292969 0.24177096784114838 -195.96336364746094
v -180.36375427246094 0.24177096784114838 -195.96336364746094
v -182.85772705078125 0.24177096784114838 -195.96336364746094
v -185.35169982910156 0.24177096784114838 -195.96336364746094
v -187.84567260742188 0.24177096784114838 -195.96336364746094
v -190.33963012695313 0.24177096784114838 -195.96336364746094
v -192.83360290527344 0.24177096784114838 -195.96336364746094
v -195.32757568359375 0.24177096784114838 -195.96336364746094
v -197.82154846191406 0.24177096784114838 -195.96336364746094
v -200.31550598144531 0.24177096784114838 -195.96336364746094
v -202.80947875976563 0.24177096784114838 -195.96336364746094
v -205.30345153808594 0.24177096784114838 -195.96336364746094
v -207.79742431640625 0.24177096784114838 -195.96336364746094
v -210.2913818359375 0.24177096784114838 -195.96336364746094
v -212.78535461425781 0.24177096784114838 -195.96336364746094
v -215.27932739257813 0.24177096784114838 -195.96336364746094
v -217.77330017089844 0.24177096784114838 -195.96336364746094
v -220.26725769042969 0.24177096784114838 -195.96336364746094
v -222.76123046875 0.24177096784114838 -195.96336364746094
v -225.25520324707031 0.24177096784114838 -195.96336364746094
v -227.74917602539063 0.24177096784114838 -195.96336364746094
v -230.24313354492188 0.24177096784114838 -195.96336364746094
v -232.73710632324219 0.24177096784114838 -195.96336364746094
v -235.2310791015625 0.24177096784114838 -195.96336364746094
v -237.72505187988281 0.24177096784114838 -195.96336364746094
v -240.21900939941406 0.24177096784114838 -195.96336364746094
v -242.71298217773438 0.24177096784114838 -195.96336364746094
v -245.20695495605469 0.24177096784114838 -195.96336364746094
v -247.700927734375 0.24177096784114838 -195.96336364746094
v -250.19488525390625 0.24177096784114838 -195.96336364746094
v -252.68885803222656 0.24177096784114838 -195.96336364746094
v -255.18283081054688 0.24177096784114838 -195.96336364746094
v -257.67678833007813 0.24177096784114838 -195.96336364746094
v -260.1707763671875 0.24177096784114838 -195.96336364746094
v -262.66473388671875 0.24177096784114838 -195.96336364746094
v -265.15872192382813 0.24177096784114838 -195.96336364746094
v -267.65267944335938 0.24177096784114838 -195.96336364746094
v -270.14663696289063 0.24177096784114838 -195.96336364746094
v -272.640625 0.24177096784114838 -195.96336364746094
v -275.13458251953125 0.24177096784114838 -195.96336364746094
v -277.6285400390625 0.24177096784114838 -195.96336364746094
v -280.12252807617188 0.24177096784114838 -195.96336364746094
v -282.61648559570313 0.24177096784114838 -195.96336364746094
v -285.1104736328125 0.24177096784114838 -195.96336364746094
v -287.60443115234375 0.24177096784114838 -195.96336364746094
v -290.098388671875 0.24177096784114838 -195.96336364746094
v -292.59237670898438 0.24177096784114838 -195.96336364746094
v -295.08633422851563 0.24177096784114838 -195.96336364746094
v -297.58029174804688 0.24177096784114838 -195.96336364746094
v -300.07427978515625 0.24177096784114838 -195.96336364746094
v -302.5682373046875 0.24177096784114838 -195.96336364746094
v -305.06222534179688 0.24177096784114838 -195.96336364746094
v -307.55618286132813 0.24177096784114838 -195.96336364746094
v -307.57614135742188 1.3517602682113647 -195.96409606933594
v -305.10211181640625 1.3517602682113647 -195.96409606933594
v -302.62811279296875 1.3517602682113647 -195.96409606933594
v -300.15408325195313 1.3517602682113647 -195.96409606933594
v -297.6800537109375 1.3517602682113647 -195.96409606933594
v -295.2060546875 1.3517602682113647 -195.96409606933594
v -292.73202514648438 1.3517602682113647 -195.96409606933594
v -290.25802612304688 1.3517602682113647 -195.96409606933594
v -287.78399658203125 1.3517602682113647 -195.96409606933594
v -285.30996704101563 1.3517602682113647 -195.96409606933594
v -282.83596801757813 1.3517602682113647 -195.96409606933594
v -280.3619384765625 1.3517602682113647 -195.96409606933594
v -277.887939453125 1.3517602682113647 -195.96409606933594
v -275.41390991210938 1.3517602682113647 -195.96409606933594
v -272.93988037109375 1.3517602682113647 -195.96409606933594
v -270.46588134765625 1.3517602682113647 -195.96409606933594
v -267.99185180664063 1.3517602682113647 -195.96409606933594
v -265.51785278320313 1.3517602682113647 -195.96409606933594
v -263.0438232421875 1.3517602682113647 -195.96409606933594
v -260.56979370117188 1.3517602682113647 -195.96409606933594
v -258.09579467773438 1.3517602682113647 -195.96409606933594
v -255.62176513671875 1.3517602682113647 -195.96409606933594
v -253.14775085449219 1.3517602682113647 -195.96409606933594
v -250.67373657226563 1.3517602682113647 -195.96409606933594
v -248.19972229003906 1.3517602682113647 -195.96409606933594
v -245.72569274902344 1.3517602682113647 -195.96409606933594
v -243.25167846679688 1.3517602682113647 -195.96409606933594
v -240.77766418457031 1.3517602682113647 -195.96409606933594
v -238.30364990234375 1.3517602682113647 -195.96409606933594
v -235.82963562011719 1.3517602682113647 -195.96409606933594
v -233.35560607910156 1.3517602682113647 -195.96409606933594
v -230.881591796875 1.3517602682113647 -195.96409606933594
v -228.40757751464844 1.3517602682113647 -195.96409606933594
v -225.93356323242188 1.3517602682113647 -195.96409606933594
v -223.45954895019531 1.3517602682113647 -195.96409606933594
v -220.98551940917969 1.3517602682113647 -195.96409606933594
v -218.51150512695313 1.3517602682113647 -195.96409606933594
v -216.03749084472656 1.3517602682113647 -195.96409606933594
v -213.5634765625 1.3517602682113647 -195.96409606933594
v -211.08946228027344 1.3517602682113647 -195.96409606933594
v -208.61543273925781 1.3517602682113647 -195.96409606933594
v -206.14141845703125 1.3517602682113647 -195.96409606933594
v -203.66740417480469 1.3517602682113647 -195.96409606933594
v -201.19338989257813 1.3517602682113647 -195.96409606933594
v -198.71937561035156 1.3517602682113647 -195.96409606933594
v -196.24534606933594 1.3517602682113647 -195.96409606933594
v -193.77133178710938 1.3517602682113647 -195.96409606933594
v -191.29731750488281 1.3517602682113647 -195.96409606933594
v -188.82330322265625 1.3517602682113647 -195.96409606933594
v -186.34928894042969 1.3517602682113647 -195.96409606933594
v -183.87525939941406 1.3517602682113647 -195.96409606933594
v -181.4012451171875 1.3517602682113647 -195.96409606933594
v -178.92723083496094 1.3517602682113647 -195.96409606933594
v -176.45321655273438 1.3517602682113647 -195.96409606933594
v -173.97920227050781 1.3517602682113647 -195.96409606933594
v -171.50517272949219 1.3517602682113647 -195.96409606933594
v -169.03115844726563 1.3517602682113647 -195.96409606933594
v -166.55714416503906 1.3517602682113647 -195.96409606933594
v -164.0831298828125 1.3517602682113647 -195.96409606933594
v -161.60911560058594 1.3517602682113647 -195.96409606933594
v -159.13508605957031 1.3517602682113647 -195.96409606933594
v -156.66107177734375 1.3517602682113647 -195.96409606933594
v -154.18705749511719 1.3517602682113647 -195.96409606933594
v -151.71304321289063 1.3517602682113647 -195.96409606933594
v -149.23902893066406 1.3517602682113647 -195.96409606933594
v -146.76499938964844 1.3517602682113647 -195.96409606933594
v -144.29098510742188 1.3517602682113647 -195.96409606933594
v -141.81697082519531 1.3517602682113647 -195.96409606933594
v -139.34295654296875 1.3517602682113647 -195.96409606933594
v -136.86894226074219 1.3517602682113647 -195.96409606933594
v -134.39491271972656 1.3517602682113647 -195.96409606933594
v -131.9208984375 1.3517602682113647 -195.96409606933594
v -129.44688415527344 1.3517602682113647 -195.96409606933594
v -126.97286987304688 1.3517602682113647 -195.96409606933594
v -124.49884796142578 1.3517602682113647 -195.96409606933594
v -122.02483367919922 1.3517602682113647 -195.96409606933594
v -119.55081939697266 1.3517602682113647 -195.96409606933594
v -117.07679748535156 1.3517602682113647 -195.96409606933594
v -114.602783203125 1.3517602682113647 -195.96409606933594
v -112.12876129150391 1.3517602682113647 -195.96409606933594
v -109.65474700927734 1.3517602682113647 -195.96409606933594
v -107.18073272705078 1.3517602682113647 -195.96409606933594
v -104.70671081542969 1.3517602682113647 -195.96409606933594
v -102.23269653320313 1.3517602682113647 -195.96409606933594
v -99.758674621582031 1.3517602682113647 -195.96409606933594
v -97.284660339355469 1.3517602682113647 -195.96409606933594
v -94.810646057128906 1.3517602682113647 -195.96409606933594
v -92.336624145507813 1.3517602682113647 -195.96409606933594
v -89.86260986328125 1.3517602682113647 -195.96409606933594
v -87.388587951660156 1.3517602682113647 -195.96409606933594
v -84.914573669433594 1.3517602682113647 -195.96409606933594
v -82.440559387207031 1.3517602682113647 -195.96409606933594
v -79.966537475585938 1.3517602682113647 -195.96409606933594
v -77.492523193359375 1.3517602682113647 -195.96409606933594
v -75.018501281738281 1.3517602682113647 -195.96409606933594
v -72.544486999511719 1.3517602682113647 -195.96409606933594
v -70.070472717285156 1.3517602682113647 -195.96409606933594
v -67.596450805664063 1.3517602682113647 -195.96409606933594
v -65.1224365234375 1.3517602682113647 -195.96409606933594
v -62.648418426513672 1.3517602682113647 -195.96409606933594
v -60.174400329589844 1.3517602682113647 -195.96409606933594
v -57.700382232666016 1.3517602682113647 -195.96409606933594
v -55.226364135742188 1.3517602682113647 -195.96409606933594
v -52.752349853515625 1.3517602682113647 -195.96409606933594
v -50.278331756591797 1.3517602682113647 -195.96409606933594
v -47.804313659667969 1.3517602682113647 -195.96409606933594
v -45.330295562744141 1.3517602682113647 -195.96409606933594
v -42.856277465820313 1.3517602682113647 -195.96409606933594
v -40.38226318359375 1.3517602682113647 -195.96409606933594
v -37.908245086669922 1.3517602682113647 -195.96409606933594
v -35.434226989746094 1.3517602682113647 -195.96409606933594
v -32.960208892822266 1.3517602682113647 -195.96409606933594
v -30.48619270324707 1.3517602682113647 -195.96409606933594
v -28.012174606323242 1.3517602682113647 -195.96409606933594
v -25.538158416748047 1.3517602682113647 -195.96409606933594
v -23.064140319824219 1.3517602682113647 -195.96409606933594
v -20.590122222900391 1.3517602682113647 -195.96409606933594
v -18.116106033325195 1.3517602682113647 -195.96409606933594
v -15.642087936401367 1.3517602682113647 -195.96409606933594
v -13.168070793151855 1.3517602682113647 -195.96409606933594
v -10.694053649902344 1.3517602682113647 -195.96409606933594
v -8.220036506652832 1.3517602682113647 -195.96409606933594
v -5.7460188865661621 1.3517602682113647 -195.96409606933594
v -3.2720017433166504 1.3517602682113647 -195.96409606933594
v -4.1232762336730957 0.79676556587219238 -195.96372985839844
v -10.773860931396484 0.79676556587219238 -195.96372985839844
v -14.099152565002441 0.79676556587219238 -195.96372985839844
v -20.749736785888672 0.79676556587219238 -195.96372985839844
v -17.424444198608398 0.79676556587219238 -195.96372985839844
v -24.075029373168945 0.79676556587219238 -195.96372985839844
v -27.400321960449219 0.79676556587219238 -195.96372985839844
v -34.050907135009766 0.79676556587219238 -195.96372985839844
v -30.725612640380859 0.79676556587219238 -195.96372985839844
v -40.701488494873047 0.79676556587219238 -195.96372985839844
v -37.376197814941406 0.79676556587219238 -195.96372985839844
v -44.026782989501953 0.79676556587219238 -195.96372985839844
v -47.352073669433594 0.79676556587219238 -195.96372985839844
v -50.677364349365234 0.79676556587219238 -195.96372985839844
v -54.002658843994141 0.79676556587219238 -195.96372985839844
v -57.327949523925781 0.79676556587219238 -195.96372985839844
v -60.653244018554688 0.79676556587219238 -195.96372985839844
v -63.978534698486328 0.79676556587219238 -195.96372985839844
v -70.629119873046875 0.79676556587219238 -195.96372985839844
v -67.303825378417969 0.79676556587219238 -195.96372985839844
v -73.954414367675781 0.79676556587219238 -195.96372985839844
v -77.279701232910156 0.79676556587219238 -195.96372985839844
v -80.604995727539063 0.79676556587219238 -195.96372985839844
v -83.930290222167969 0.79676556587219238 -195.96372985839844
v -87.255577087402344 0.79676556587219238 -195.96372985839844
v -93.906166076660156 0.79676556587219238 -195.96372985839844
v -90.58087158203125 0.79676556587219238 -195.96372985839844
v -100.55674743652344 0.79676556587219238 -195.96372985839844
v -97.231452941894531 0.79676556587219238 -195.96372985839844
v -103.88204193115234 0.79676556587219238 -195.96372985839844
v -107.20732879638672 0.79676556587219238 -195.96372985839844
v -110.53262329101563 0.79676556587219238 -195.96372985839844
v -113.85791778564453 0.79676556587219238 -195.96372985839844
v -120.50849914550781 0.79676556587219238 -195.96372985839844
v -117.18320465087891 0.79676556587219238 -195.96372985839844
v -123.83379364013672 0.79676556587219238 -195.96372985839844
v -127.15908813476563 0.79676556587219238 -195.96372985839844
v -130.484375 0.79676556587219238 -195.96372985839844
v -133.80966186523438 0.79676556587219238 -195.96372985839844
v -137.13496398925781 0.79676556587219238 -195.96372985839844
v -143.78553771972656 0.79676556587219238 -195.96372985839844
v -140.46025085449219 0.79676556587219238 -195.96372985839844
v -150.43612670898438 0.79676556587219238 -195.96372985839844
v -147.11083984375 0.79676556587219238 -195.96372985839844
v -153.76142883300781 0.79676556587219238 -195.96372985839844
v -157.08671569824219 0.79676556587219238 -195.96372985839844
v -160.41200256347656 0.79676556587219238 -195.96372985839844
v -163.7373046875 0.79676556587219238 -195.96372985839844
v -167.06259155273438 0.79676556587219238 -195.96372985839844
v -173.71318054199219 0.79676556587219238 -195.96372985839844
v -170.38787841796875 0.79676556587219238 -195.96372985839844
v -177.03846740722656 0.79676556587219238 -195.96372985839844
v -180.36375427246094 0.79676556587219238 -195.96372985839844
v -183.68905639648438 0.79676556587219238 -195.96372985839844
v -190.33963012695313 0.79676556587219238 -195.96372985839844
v -187.01434326171875 0.79676556587219238 -195.96372985839844
v -193.66493225097656 0.79676556587219238 -195.96372985839844
v -196.99021911621094 0.79676556587219238 -195.96372985839844
v -200.31550598144531 0.79676556587219238 -195.96372985839844
v -203.64080810546875 0.79676556587219238 -195.96372985839844
v -206.96609497070313 0.79676556587219238 -195.96372985839844
v -213.61668395996094 0.79676556587219238 -195.96372985839844
v -210.2913818359375 0.79676556587219238 -195.96372985839844
v -216.94197082519531 0.79676556587219238 -195.96372985839844
v -220.26725769042969 0.79676556587219238 -195.96372985839844
v -223.59255981445313 0.79676556587219238 -195.96372985839844
v -226.9178466796875 0.79676556587219238 -195.96372985839844
v -233.56843566894531 0.79676556587219238 -195.96372985839844
v -230.24313354492188 0.79676556587219238 -195.96372985839844
v -236.89372253417969 0.79676556587219238 -195.96372985839844
v -243.5443115234375 0.79676556587219238 -195.96372985839844
v -240.21900939941406 0.79676556587219238 -195.96372985839844
v -246.86959838867188 0.79676556587219238 -195.96372985839844
v -250.19488525390625 0.79676556587219238 -195.96372985839844
v -253.52018737792969 0.79676556587219238 -195.96372985839844
v -256.84548950195313 0.79676556587219238 -195.96372985839844
v -263.49606323242188 0.79676556587219238 -195.96372985839844
v -260.1707763671875 0.79676556587219238 -195.96372985839844
v -270.14663696289063 0.79676556587219238 -195.96372985839844
v -266.82135009765625 0.79676556587219238 -195.96372985839844
v -273.471923828125 0.79676556587219238 -195.96372985839844
v -276.7972412109375 0.79676556587219238 -195.96372985839844
v -283.44781494140625 0.79676556587219238 -195.96372985839844
v -280.12252807617188 0.79676556587219238 -195.96372985839844
v -290.098388671875 0.79676556587219238 -195.96372985839844
v -286.77310180664063 0.79676556587219238 -195.96372985839844
v -293.42367553710938 0.79676556587219238 -195.96372985839844
v -296.74899291992188 0.79676556587219238 -195.96372985839844
v -300.07427978515625 0.79676556587219238 -195.96372985839844
v -303.39956665039063 0.79676556587219238 -195.96372985839844
v -306.724853515625 0.79676556587219238 -195.96372985839844
v -0.76993143558502197 0.49826288223266602 195.96295166015625
v -0.76993143558502197 1.6082521677017212 195.96223449707031
v -310.05023193359375 0.49826282262802124 195.96287536621094
v -310.05023193359375 1.6082520484924316 195.962158203125
v -5.6791424751281738 0.49826288223266602 195.96295166015625
v -10.588354110717773 0.49826288223266602 195.96295166015625
v -15.497564315795898 0.49826288223266602 195.96295166015625
v -20.406776428222656 0.49826288223266602 195.96295166015625
v -25.315986633300781 0.49826288223266602 195.96295166015625
v -30.225198745727539 0.49826288223266602 195.96295166015625
v -35.134410858154297 0.49826288223266602 195.96295166015625
v -40.043621063232422 0.49826288223266602 195.96295166015625
v -44.952831268310547 0.49826288223266602 195.96293640136719
v -49.862041473388672 0.49826288223266602 195.96293640136719
v -54.771255493164063 0.49826288223266602 195.96293640136719
v -59.680465698242188 0.49826288223266602 195.96293640136719
v -64.589675903320313 0.49826288223266602 195.96293640136719
v -69.498886108398438 0.49826288223266602 195.96293640136719
v -74.408096313476563 0.49826285243034363 195.96293640136719
v -79.317306518554688 0.49826285243034363 195.96293640136719
v -84.226516723632813 0.49826285243034363 195.96293640136719
v -89.135734558105469 0.49826285243034363 195.96293640136719
v -94.044944763183594 0.49826285243034363 195.96293640136719
v -98.954154968261719 0.49826285243034363 195.96293640136719
v -103.86336517333984 0.49826285243034363 195.96293640136719
v -108.77257537841797 0.49826285243034363 195.96292114257813
v -113.68178558349609 0.49826285243034363 195.96292114257813
v -118.59099578857422 0.49826285243034363 195.96292114257813
v -123.50020599365234 0.49826285243034363 195.96292114257813
v -128.409423828125 0.49826285243034363 195.96292114257813
v -133.31863403320313 0.49826285243034363 195.96292114257813
v -138.22784423828125 0.49826285243034363 195.96292114257813
v -143.13705444335938 0.49826285243034363 195.96292114257813
v -148.0462646484375 0.49826285243034363 195.96292114257813
v -152.95547485351563 0.49826285243034363 195.96292114257813
v -157.86468505859375 0.49826285243034363 195.96292114257813
v -162.77389526367188 0.49826285243034363 195.96292114257813
v -167.68310546875 0.49826285243034363 195.96292114257813
v -172.59231567382813 0.49826285243034363 195.96290588378906
v -177.50152587890625 0.49826285243034363 195.96290588378906
v -182.41073608398438 0.49826285243034363 195.96290588378906
v -187.31996154785156 0.49826285243034363 195.96290588378906
v -192.22917175292969 0.49826285243034363 195.96290588378906
v -197.13838195800781 0.49826285243034363 195.96290588378906
v -202.04759216308594 0.49826285243034363 195.96290588378906
v -206.95680236816406 0.49826285243034363 195.96290588378906
v -211.86601257324219 0.49826285243034363 195.96290588378906
v -216.77522277832031 0.49826285243034363 195.96290588378906
v -221.68443298339844 0.49826285243034363 195.96290588378906
v -226.59364318847656 0.49826285243034363 195.96290588378906
v -231.50285339355469 0.49826285243034363 195.96290588378906
v -236.41206359863281 0.49826285243034363 195.962890625
v -241.32127380371094 0.49826285243034363 195.962890625
v -246.23048400878906 0.49826285243034363 195.962890625
v -251.13969421386719 0.49826285243034363 195.962890625
v -256.04891967773438 0.49826285243034363 195.962890625
v -260.9581298828125 0.49826285243034363 195.962890625
v -265.86734008789063 0.49826282262802124 195.962890625
v -270.77655029296875 0.49826282262802124 195.962890625
v -275.68576049804688 0.49826282262802124 195.962890625
v -280.594970703125 0.49826282262802124 195.962890625
v -285.50418090820313 0.49826282262802124 195.962890625
v -290.41339111328125 0.49826282262802124 195.962890625
v -295.32260131835938 0.49826282262802124 195.962890625
v -300.2318115234375 0.49826282262802124 195.962890625
v -305.14102172851563 0.49826282262802124 195.96287536621094
v -305.14102172851563 1.6082520484924316 195.962158203125
v -300.2318115234375 1.6082520484924316 195.962158203125
v -295.32260131835938 1.6082520484924316 195.962158203125
v -290.41339111328125 1.6082520484924316 195.962158203125
v -285.50418090820313 1.6082520484924316 195.962158203125
v -280.594970703125 1.6082520484924316 195.962158203125
v -275.68576049804688 1.6082520484924316 195.962158203125
v -270.77655029296875 1.6082520484924316 195.962158203125
v -265.86734008789063 1.6082520484924316 195.962158203125
v -260.9581298828125 1.6082520484924316 195.96217346191406
v -256.04891967773438 1.6082520484924316 195.96217346191406
v -251.13969421386719 1.6082520484924316 195.96217346191406
v -246.23048400878906 1.6082520484924316 195.96217346191406
v -241.32127380371094 1.6082520484924316 195.96217346191406
v -236.41206359863281 1.6082520484924316 195.96217346191406
v -231.50285339355469 1.6082520484924316 195.96217346191406
v -226.59364318847656 1.6082520484924316 195.96217346191406
v -221.68443298339844 1.6082520484924316 195.96217346191406
v -216.77522277832031 1.6082520484924316 195.96217346191406
v -211.86601257324219 1.6082520484924316 195.96217346191406
v -206.95680236816406 1.6082520484924316 195.96217346191406
v -202.04759216308594 1.6082520484924316 195.96217346191406
v -197.13838195800781 1.6082520484924316 195.96217346191406
v -192.22917175292969 1.6082520484924316 195.96218872070313
v -187.31996154785156 1.6082520484924316 195.96218872070313
v -182.41073608398438 1.6082520484924316 195.96218872070313
v -177.50152587890625 1.6082520484924316 195.96218872070313
v -172.59231567382813 1.6082520484924316 195.96218872070313
v -167.68310546875 1.6082520484924316 195.96218872070313
v -162.77389526367188 1.6082520484924316 195.96218872070313
v -157.86468505859375 1.6082521677017212 195.96218872070313
v -152.95547485351563 1.6082521677017212 195.96218872070313
v -148.0462646484375 1.6082521677017212 195.96218872070313
v -143.13705444335938 1.6082521677017212 195.96218872070313
v -138.22784423828125 1.6082521677017212 195.96218872070313
v -133.31863403320313 1.6082521677017212 195.96218872070313
v -128.409423828125 1.6082521677017212 195.96220397949219
v -123.50020599365234 1.6082521677017212 195.96220397949219
v -118.59099578857422 1.6082521677017212 195.96220397949219
v -113.68178558349609 1.6082521677017212 195.96220397949219
v -108.77257537841797 1.6082521677017212 195.96220397949219
v -103.86336517333984 1.6082521677017212 195.96220397949219
v -98.954154968261719 1.6082521677017212 195.96220397949219
v -94.044944763183594 1.6082521677017212 195.96220397949219
v -89.135734558105469 1.6082521677017212 195.96220397949219
v -84.226516723632813 1.6082521677017212 195.96220397949219
v -79.317306518554688 1.6082521677017212 195.96220397949219
v -74.408096313476563 1.6082521677017212 195.96220397949219
v -69.498886108398438 1.6082521677017212 195.96220397949219
v -64.589675903320313 1.6082521677017212 195.96221923828125
v -59.680465698242188 1.6082521677017212 195.96221923828125
v -54.771255493164063 1.6082521677017212 195.96221923828125
v -49.862041473388672 1.6082521677017212 195.96221923828125
v -44.952831268310547 1.6082521677017212 195.96221923828125
v -40.043621063232422 1.6082521677017212 195.96221923828125
v -35.134410858154297 1.6082521677017212 195.96221923828125
v -30.225198745727539 1.6082521677017212 195.96221923828125
v -25.315986633300781 1.6082521677017212 195.96221923828125
v -20.406776428222656 1.6082521677017212 195.96221923828125
v -15.497564315795898 1.6082521677017212 195.96221923828125
v -10.588354110717773 1.6082521677017212 195.96221923828125
v -5.6791424751281738 1.6082521677017212 195.96221923828125
v -0.79755628108978271 0.80067938566207886 -189.98332214355469
v -0.79660367965698242 0.80938899517059326 -176.67485046386719
v -0.77136027812957764 1.0401930809020996 175.9998779296875
v -0.77040767669677734 1.0489027500152588 189.308349609375
v -0.79755628108978271 1.078176736831665 -189.98350524902344
v -0.7977944016456604 0.79850202798843384 -193.31044006347656
v -0.7977944016456604 1.07599937915802 -193.31062316894531
v -0.79755628108978271 0.52318209409713745 -189.98313903808594
v -0.7977944016456604 0.52100467681884766 -193.31025695800781
v -0.77016955614089966 1.0510801076889038 192.63546752929688
v -0.77040767669677734 0.77140539884567261 189.30853271484375
v -0.77016955614089966 0.7735828161239624 192.63565063476563
v -0.77040767669677734 1.3264000415802002 189.30816650390625
v -0.77016955614089966 1.3285773992538452 192.63528442382813
v -0.79762923717498779 0.24501770734786987 -191.00227355957031
v -0.79727411270141602 0.24826443195343018 -186.04118347167969
v -0.79691904783248901 0.25151115655899048 -181.08009338378906
v -0.79656392335891724 0.25475791096687317 -176.11900329589844
v -0.79620879888534546 0.25800463557243347 -171.15791320800781
v -0.79585373401641846 0.26125136017799377 -166.19680786132813
v -0.79549860954284668 0.26449808478355408 -161.2357177734375
v -0.79514354467391968 0.26774483919143677 -156.27462768554688
v -0.7947884202003479 0.27099156379699707 -151.31353759765625
v -0.7944333553314209 0.27423828840255737 -146.35244750976563
v -0.79407823085784912 0.27748504281044006 -141.39134216308594
v -0.79372310638427734 0.28073176741600037 -136.43025207519531
v -0.79336804151535034 0.28397849202156067 -131.46916198730469
v -0.79301291704177856 0.28722521662712097 -126.50807189941406
v -0.79265785217285156 0.29047197103500366 -121.54698181152344
v -0.79230272769927979 0.29371869564056396 -116.58588409423828
v -0.79194760322570801 0.29696542024612427 -111.62479400634766
v -0.79159253835678101 0.30021217465400696 -106.66370391845703
v -0.79123741388320923 0.30345889925956726 -101.70260620117188
v -0.79088234901428223 0.30670562386512756 -96.74151611328125
v -0.79052722454071045 0.30995234847068787 -91.780426025390625
v -0.79017210006713867 0.31319910287857056 -86.819328308105469
v -0.78981703519821167 0.31644582748413086 -81.858238220214844
v -0.78946191072463989 0.31969255208969116 -76.897148132324219
v -0.78910684585571289 0.32293930649757385 -71.936050415039063
v -0.78875172138214111 0.32618603110313416 -66.974960327148438
v -0.78839659690856934 0.32943275570869446 -62.013866424560547
v -0.78804153203964233 0.33267948031425476 -57.052772521972656
v -0.78768640756607056 0.33592623472213745 -52.091682434082031
v -0.78733134269714355 0.33917295932769775 -47.130588531494141
v -0.78697621822357178 0.34241968393325806 -42.16949462890625
v -0.78662109375 0.34566643834114075 -37.208404541015625
v -0.786266028881073 0.34891316294670105 -32.247310638427734
v -0.78591090440750122 0.35215988755226135 -27.286216735839844
v -0.78555583953857422 0.35540661215782166 -22.325124740600586
v -0.78520071506500244 0.35865336656570435 -17.364032745361328
v -0.78484559059143066 0.36190009117126465 -12.402938842773438
v -0.78449052572250366 0.36514681577682495 -7.4418463706970215
v -0.78413540124893188 0.36839357018470764 -2.4807538986206055
v -0.78378033638000488 0.37164029479026794 2.4803388118743896
v -0.78342521190643311 0.37488701939582825 7.4414315223693848
v -0.7830701470375061 0.37813374400138855 12.402523994445801
v -0.78271502256393433 0.38138049840927124 17.363616943359375
v -0.78235989809036255 0.38462722301483154 22.324708938598633
v -0.78200483322143555 0.38787394762039185 27.285802841186523
v -0.78164970874786377 0.39112070202827454 32.246894836425781
v -0.78129464387893677 0.39436742663383484 37.207988739013672
v -0.78093951940536499 0.39761415123939514 42.169078826904297
v -0.78058439493179321 0.40086087584495544 47.130172729492188
v -0.78022933006286621 0.40410763025283813 52.091266632080078
v -0.77987420558929443 0.40735435485839844 57.052356719970703
v -0.77951914072036743 0.41060107946395874 62.013450622558594
v -0.77916401624679565 0.41384783387184143 66.974540710449219
v -0.77880889177322388 0.41709455847740173 71.935638427734375
v -0.77845382690429688 0.42034128308296204 76.896728515625
v -0.7780987024307251 0.42358800768852234 81.857818603515625
v -0.7777436375617981 0.42683476209640503 86.818916320800781
v -0.77738851308822632 0.43008148670196533 91.780006408691406
v -0.77703338861465454 0.43332821130752563 96.741096496582031
v -0.77667832374572754 0.43657493591308594 101.70219421386719
v -0.77632319927215576 0.43982169032096863 106.66328430175781
v -0.77596813440322876 0.44306841492652893 111.62438201904297
v -0.77561300992965698 0.44631513953208923 116.58547210693359
v -0.77525788545608521 0.44956189393997192 121.54656219482422
v -0.7749028205871582 0.45280861854553223 126.50765991210938
v -0.77454769611358643 0.45605534315109253 131.46875
v -0.77419263124465942 0.45930206775665283 136.42984008789063
v -0.77383750677108765 0.46254882216453552 141.39093017578125
v -0.77348238229751587 0.46579554677009583 146.35202026367188
v -0.77312731742858887 0.46904227137565613 151.31312561035156
v -0.77277219295501709 0.47228902578353882 156.27421569824219
v -0.77241712808609009 0.47553575038909912 161.23530578613281
v -0.77206200361251831 0.47878247499465942 166.19639587402344
v -0.77170687913894653 0.48202919960021973 171.15748596191406
v -0.77135181427001953 0.48527595400810242 176.11857604980469
v -0.77099668979644775 0.48852267861366272 181.07968139648438
v -0.77064162492752075 0.49176940321922302 186.040771484375
v -0.77028650045394897 0.49501615762710571 191.00186157226563
v -0.77028650045394897 1.6050053834915161 191.00112915039063
v -0.77064162492752075 1.6017587184906006 186.0400390625
v -0.77099668979644775 1.5985119342803955 181.07894897460938
v -0.77135181427001953 1.5952651500701904 176.11785888671875
v -0.77170687913894653 1.5920184850692749 171.15676879882813
v -0.77206200361251831 1.5887717008590698 166.1956787109375
v -0.77241712808609009 1.5855250358581543 161.23457336425781
v -0.77277219295501709 1.5822782516479492 156.27348327636719
v -0.77312731742858887 1.5790315866470337 151.31239318847656
v -0.77348238229751587 1.5757848024368286 146.35130310058594
v -0.77383750677108765 1.5725380182266235 141.39021301269531
v -0.77419263124465942 1.569291353225708 136.42912292480469
v -0.77454769611358643 1.5660445690155029 131.468017578125
v -0.7749028205871582 1.5627979040145874 126.50692749023438
v -0.77525788545608521 1.5595511198043823 121.54583740234375
v -0.77561300992965698 1.5563044548034668 116.58474731445313
v -0.77596813440322876 1.5530576705932617 111.62364959716797
v -0.77632319927215576 1.5498108863830566 106.66255950927734
v -0.77667832374572754 1.5465642213821411 101.70146942138672
v -0.77703338861465454 1.543317437171936 96.740371704101563
v -0.77738851308822632 1.5400707721710205 91.779281616210938
v -0.7777436375617981 1.5368239879608154 86.818191528320313
v -0.7780987024307251 1.5335773229598999 81.857093811035156
v -0.77845382690429688 1.5303305387496948 76.896003723144531
v -0.77880889177322388 1.5270837545394897 71.934913635253906
v -0.77916401624679565 1.5238370895385742 66.97381591796875
v -0.77951914072036743 1.5205903053283691 62.012725830078125
v -0.77987420558929443 1.5173436403274536 57.051631927490234
v -0.78022933006286621 1.5140968561172485 52.090538024902344
v -0.78058439493179321 1.510850191116333 47.129447937011719
v -0.78093951940536499 1.5076034069061279 42.168354034423828
v -0.78129464387893677 1.5043566226959229 37.207260131835938
v -0.78164970874786377 1.5011099576950073 32.246170043945313
v -0.78200483322143555 1.4978631734848022 27.285076141357422
v -0.78235989809036255 1.4946165084838867 22.323984146118164
v -0.78271502256393433 1.4913697242736816 17.362890243530273
v -0.7830701470375061 1.4881230592727661 12.401798248291016
v -0.78342521190643311 1.484876275062561 7.4407052993774414
v -0.78378033638000488 1.481629490852356 2.4796123504638672
v -0.78413540124893188 1.4783828258514404 -2.4814801216125488
v -0.78449052572250366 1.4751360416412354 -7.442573070526123
v -0.78484559059143066 1.4718893766403198 -12.403665542602539
v -0.78520071506500244 1.4686425924301147 -17.364757537841797
v -0.78555583953857422 1.4653959274291992 -22.325851440429688
v -0.78591090440750122 1.4621491432189941 -27.286943435668945
v -0.786266028881073 1.4589023590087891 -32.248035430908203
v -0.78662109375 1.4556556940078735 -37.209129333496094
v -0.78697621822357178 1.4524089097976685 -42.170223236083984
v -0.78733134269714355 1.4491622447967529 -47.131313323974609
v -0.78768640756607056 1.4459154605865479 -52.0924072265625
v -0.78804153203964233 1.4426687955856323 -57.053501129150391
v -0.78839659690856934 1.4394220113754272 -62.014591217041016
v -0.78875172138214111 1.4361752271652222 -66.975685119628906
v -0.78910684585571289 1.4329285621643066 -71.936775207519531
v -0.78946191072463989 1.4296817779541016 -76.897872924804688
v -0.78981703519821167 1.426435112953186 -81.858963012695313
v -0.79017210006713867 1.423188328742981 -86.820053100585938
v -0.79052722454071045 1.4199416637420654 -91.781150817871094
v -0.79088234901428223 1.4166948795318604 -96.742240905761719
v -0.79123741388320923 1.4134480953216553 -101.70333099365234
v -0.79159253835678101 1.4102014303207397 -106.6644287109375
v -0.79194760322570801 1.4069546461105347 -111.62551879882813
v -0.79230272769927979 1.4037079811096191 -116.58660888671875
v -0.79265785217285156 1.4004611968994141 -121.54770660400391
v -0.79301291704177856 1.3972145318984985 -126.50879669189453
v -0.79336804151535034 1.3939677476882935 -131.46989440917969
v -0.79372310638427734 1.3907209634780884 -136.43098449707031
v -0.79407823085784912 1.3874742984771729 -141.39207458496094
v -0.7944333553314209 1.3842275142669678 -146.35316467285156
v -0.7947884202003479 1.3809808492660522 -151.31425476074219
v -0.79514354467391968 1.3777340650558472 -156.27536010742188
v -0.79549860954284668 1.3744874000549316 -161.2364501953125
v -0.79585373401641846 1.3712406158447266 -166.19754028320313
v -0.79620879888534546 1.3679938316345215 -171.15863037109375
v -0.79656392335891724 1.364747166633606 -176.11972045898438
v -0.79691904783248901 1.3615003824234009 -181.080810546875
v -0.79727411270141602 1.3582537174224854 -186.04191589355469
v -0.79762923717498779 1.3550069332122803 -191.00300598144531
v -0.79660367965698242 1.0868862867355347 -176.67503356933594
v -0.79684185981750488 0.80721157789230347 -180.00196838378906
v -0.79684185981750488 1.0847089290618896 -180.00215148925781
v -0.79660367965698242 0.53189170360565186 -176.67466735839844
v -0.79684185981750488 0.52971428632736206 -180.00178527832031
v -0.79684185981750488 0.39096564054489136 -180.00169372558594
v -0.79696089029312134 0.52862560749053955 -181.66534423828125
v -0.79696089029312134 0.38987693190574646 -181.66525268554688
v -0.77112215757369995 1.0423705577850342 179.32699584960938
v -0.77136027812957764 0.7626957893371582 176.00004577636719
v -0.77112215757369995 0.764873206615448 179.32717895507813
v -0.77136027812957764 1.3176904916763306 175.99969482421875
v -0.77112215757369995 1.3198678493499756 179.32681274414063
v -0.77040767669677734 0.6326567530632019 189.30862426757813
v -0.77052676677703857 0.7703167200088501 187.64497375488281
v -0.77052676677703857 0.63156801462173462 187.64506530761719
v -0.77100306749343872 0.76596188545227051 180.99073791503906
v -0.77112215757369995 0.62612456083297729 179.3272705078125
v -0.77100306749343872 0.6272132396697998 180.99082946777344
v -0.79565107822418213 0.81809860467910767 -163.36636352539063
v -0.79517483711242676 0.82245337963104248 -156.71212768554688
v -0.79469853639602661 0.82680815458297729 -150.05789184570313
v -0.79422223567962646 0.83116298913955688 -143.40364074707031
v -0.79374593496322632 0.8355177640914917 -136.74940490722656
v -0.79326963424682617 0.83987253904342651 -130.09516906738281
v -0.79231709241867065 0.84858214855194092 -116.78668975830078
v -0.79279333353042603 0.8442273736000061 -123.44092559814453
v -0.79184079170227051 0.85293692350387573 -110.1324462890625
v -0.79136449098587036 0.85729175806045532 -103.47821044921875
v -0.79041188955307007 0.86600130796432495 -90.169723510742188
v -0.79088819026947021 0.86164653301239014 -96.823966979980469
v -0.78993558883666992 0.87035614252090454 -83.515487670898438
v -0.7889830470085144 0.87906569242477417 -70.207008361816406
v -0.78945934772491455 0.87471091747283936 -76.861244201660156
v -0.78803044557571411 0.88777530193328857 -56.898525238037109
v -0.78850674629211426 0.88342052698135376 -63.552768707275391
v -0.78755414485931396 0.89213007688522339 -50.244285583496094
v -0.78707790374755859 0.89648491144180298 -43.590045928955078
v -0.78660160303115845 0.90083968639373779 -36.935806274414063
v -0.7861253023147583 0.90519446134567261 -30.281566619873047
v -0.78517270088195801 0.91390407085418701 -16.973087310791016
v -0.78564900159835815 0.9095492959022522 -23.627326965332031
v -0.78469640016555786 0.91825884580612183 -10.31884765625
v -0.78422015905380249 0.92261368036270142 -3.6646075248718262
v -0.78374385833740234 0.92696845531463623 2.9896323680877686
v -0.7832675576210022 0.93132323026657104 9.6438722610473633
v -0.7823149561882019 0.94003283977508545 22.952352523803711
v -0.78279125690460205 0.93567806482315063 16.298112869262695
v -0.78183865547180176 0.94438761472702026 29.606592178344727
v -0.78088611364364624 0.95309722423553467 42.915073394775391
v -0.78136241436004639 0.94874244928359985 36.260833740234375
v -0.78040981292724609 0.95745199918746948 49.569313049316406
v -0.7794572114944458 0.96616160869598389 62.877792358398438
v -0.77993351221084595 0.96180683374404907 56.223552703857422
v -0.77898091077804565 0.9705163836479187 69.532028198242188
v -0.77850466966629028 0.97487121820449829 76.186271667480469
v -0.77802836894989014 0.97922599315643311 82.84051513671875
v -0.77755206823348999 0.98358076810836792 89.4947509765625
v -0.7765994668006897 0.99229037761688232 102.80323028564453
v -0.77707576751708984 0.98793560266494751 96.148994445800781
v -0.77612316608428955 0.99664515256881714 109.45747375488281
v -0.77564692497253418 1.000999927520752 116.11170959472656
v -0.77517062425613403 1.0053547620773315 122.76595306396484
v -0.77469432353973389 1.0097095966339111 129.42019653320313
v -0.77374172210693359 1.0184191465377808 142.72866821289063
v -0.77421802282333374 1.0140643119812012 136.07443237304688
v -0.77326542139053345 1.0227739810943604 149.38290405273438
v -0.77231287956237793 1.03148353099823 162.69139099121094
v -0.77278918027877808 1.0271286964416504 156.03715515136719
v -0.77183657884597778 1.0358383655548096 169.34562683105469
v -310.05023193359375 0.49501609802246094 191.00178527832031
v -310.05023193359375 0.49176937341690063 186.04069519042969
v -310.05023193359375 0.48852261900901794 181.07960510253906
v -310.05023193359375 0.48527589440345764 176.11851501464844
v -310.05023193359375 0.48202916979789734 171.15742492675781
v -310.05023193359375 0.47878244519233704 166.19633483886719
v -310.05023193359375 0.47553569078445435 161.23524475097656
v -310.05023193359375 0.47228896617889404 156.27413940429688
v -310.05023193359375 0.46904224157333374 151.31304931640625
v -310.05023193359375 0.46579551696777344 146.35195922851563
v -310.05023193359375 0.46254876255989075 141.390869140625
v -310.05023193359375 0.45930203795433044 136.42977905273438
v -310.05023193359375 0.45605531334877014 131.46868896484375
v -310.05023193359375 0.45280858874320984 126.50759887695313
v -310.05020141601563 0.44956183433532715 121.54650115966797
v -310.05020141601563 0.44631510972976685 116.58541107177734
v -310.05020141601563 0.44306838512420654 111.62432098388672
v -310.05020141601563 0.43982166051864624 106.66323089599609
v -310.05020141601563 0.43657490611076355 101.70214080810547
v -310.05020141601563 0.43332818150520325 96.741043090820313
v -310.05020141601563 0.43008145689964294 91.779953002929688
v -310.05020141601563 0.42683470249176025 86.818862915039063
v -310.05020141601563 0.42358797788619995 81.857772827148438
v -310.05020141601563 0.42034125328063965 76.896675109863281
v -310.05020141601563 0.41709452867507935 71.935585021972656
v -310.05020141601563 0.41384777426719666 66.974494934082031
v -310.05020141601563 0.41060104966163635 62.013401031494141
v -310.05020141601563 0.40735432505607605 57.052310943603516
v -310.05020141601563 0.40410760045051575 52.091220855712891
v -310.05020141601563 0.40086084604263306 47.130126953125
v -310.05020141601563 0.39761412143707275 42.169036865234375
v -310.05020141601563 0.39436739683151245 37.207942962646484
v -310.05020141601563 0.39112067222595215 32.246852874755859
v -310.05020141601563 0.38787391781806946 27.285760879516602
v -310.05020141601563 0.38462719321250916 22.324668884277344
v -310.05020141601563 0.38138046860694885 17.363576889038086
v -310.05020141601563 0.37813374400138855 12.402484893798828
v -310.05020141601563 0.37488698959350586 7.4413933753967285
v -310.05020141601563 0.37164026498794556 2.4803016185760498
v -310.05020141601563 0.36839354038238525 -2.4807901382446289
v -310.05020141601563 0.36514678597450256 -7.4418821334838867
v -310.05020141601563 0.36190006136894226 -12.402974128723145
v -310.05020141601563 0.35865333676338196 -17.364065170288086
v -310.05020141601563 0.35540661215782166 -22.325157165527344
v -310.0501708984375 0.35215985774993896 -27.286249160766602
v -310.0501708984375 0.34891313314437866 -32.247341156005859
v -310.0501708984375 0.34566640853881836 -37.208431243896484
v -310.0501708984375 0.34241968393325806 -42.169525146484375
v -310.0501708984375 0.33917292952537537 -47.130615234375
v -310.0501708984375 0.33592620491981506 -52.091709136962891
v -310.0501708984375 0.33267948031425476 -57.052799224853516
v -310.0501708984375 0.32943275570869446 -62.013893127441406
v -310.0501708984375 0.32618600130081177 -66.974983215332031
v -310.0501708984375 0.32293927669525146 -71.936073303222656
v -310.0501708984375 0.31969255208969116 -76.897163391113281
v -310.0501708984375 0.31644582748413086 -81.858261108398438
v -310.0501708984375 0.31319907307624817 -86.819351196289063
v -310.0501708984375 0.30995234847068787 -91.780441284179688
v -310.0501708984375 0.30670562386512756 -96.741531372070313
v -310.0501708984375 0.30345886945724487 -101.70262908935547
v -310.0501708984375 0.30021214485168457 -106.66371917724609
v -310.0501708984375 0.29696542024612427 -111.62480926513672
v -310.0501708984375 0.29371869564056396 -116.58589935302734
v -310.0501708984375 0.29047194123268127 -121.54698944091797
v -310.0501708984375 0.28722521662712097 -126.50808715820313
v -310.0501708984375 0.28397849202156067 -131.46917724609375
v -310.0501708984375 0.28073176741600037 -136.43026733398438
v -310.0501708984375 0.27748501300811768 -141.391357421875
v -310.0501708984375 0.27423828840255737 -146.35244750976563
v -310.0501708984375 0.27099156379699707 -151.31353759765625
v -310.0501708984375 0.26774483919143677 -156.27462768554688
v -310.0501708984375 0.26449808478355408 -161.23573303222656
v -310.0501708984375 0.26125136017799377 -166.19682312011719
v -310.0501708984375 0.25800463557243347 -171.15791320800781
v -310.05014038085938 0.25475791096687317 -176.11900329589844
v -310.05014038085938 0.25151115655899048 -181.08009338378906
v -310.05014038085938 0.24826443195343018 -186.04118347167969
v -310.05014038085938 0.24501770734786987 -191.00227355957031
v -310.05014038085938 1.3550069332122803 -191.00300598144531
v -310.05014038085938 1.3582537174224854 -186.04191589355469
v -310.05014038085938 1.3615003824234009 -181.08082580566406
v -310.05014038085938 1.364747166633606 -176.11973571777344
v -310.0501708984375 1.3679938316345215 -171.15863037109375
v -310.0501708984375 1.3712406158447266 -166.19754028320313
v -310.0501708984375 1.3744874000549316 -161.2364501953125
v -310.0501708984375 1.3777340650558472 -156.27536010742188
v -310.0501708984375 1.3809808492660522 -151.31427001953125
v -310.0501708984375 1.3842275142669678 -146.35317993164063
v -310.0501708984375 1.3874742984771729 -141.39208984375
v -310.0501708984375 1.3907209634780884 -136.43099975585938
v -310.0501708984375 1.3939677476882935 -131.46990966796875
v -310.0501708984375 1.3972145318984985 -126.50881195068359
v -310.0501708984375 1.4004611968994141 -121.54772186279297
v -310.0501708984375 1.4037079811096191 -116.58662414550781
v -310.0501708984375 1.4069546461105347 -111.62553405761719
v -310.0501708984375 1.4102014303207397 -106.66444396972656
v -310.0501708984375 1.4134480953216553 -101.70335388183594
v -310.0501708984375 1.4166948795318604 -96.742263793945313
v -310.0501708984375 1.4199415445327759 -91.781166076660156
v -310.0501708984375 1.423188328742981 -86.820075988769531
v -310.0501708984375 1.426435112953186 -81.858985900878906
v -310.0501708984375 1.4296817779541016 -76.897895812988281
v -310.0501708984375 1.4329285621643066 -71.936798095703125
v -310.0501708984375 1.4361752271652222 -66.9757080078125
v -310.0501708984375 1.4394220113754272 -62.014617919921875
v -310.0501708984375 1.4426686763763428 -57.05352783203125
v -310.0501708984375 1.4459154605865479 -52.092433929443359
v -310.0501708984375 1.4491622447967529 -47.131343841552734
v -310.0501708984375 1.4524089097976685 -42.170249938964844
v -310.0501708984375 1.4556556940078735 -37.209159851074219
v -310.0501708984375 1.4589023590087891 -32.248065948486328
v -310.0501708984375 1.4621491432189941 -27.286975860595703
v -310.05020141601563 1.4653958082199097 -22.325883865356445
v -310.05020141601563 1.4686425924301147 -17.364791870117188
v -310.05020141601563 1.4718893766403198 -12.40369987487793
v -310.05020141601563 1.4751360416412354 -7.4426083564758301
v -310.05020141601563 1.4783828258514404 -2.4815165996551514
v -310.05020141601563 1.481629490852356 2.4795753955841064
v -310.05020141601563 1.484876275062561 7.4406671524047852
v -310.05020141601563 1.4881229400634766 12.401759147644043
v -310.05020141601563 1.4913697242736816 17.362850189208984
v -310.05020141601563 1.4946165084838867 22.323942184448242
v -310.05020141601563 1.4978631734848022 27.2850341796875
v -310.05020141601563 1.5011099576950073 32.246124267578125
v -310.05020141601563 1.5043566226959229 37.207218170166016
v -310.05020141601563 1.5076034069061279 42.168308258056641
v -310.05020141601563 1.5108500719070435 47.129402160644531
v -310.05020141601563 1.5140968561172485 52.090492248535156
v -310.05020141601563 1.5173435211181641 57.051586151123047
v -310.05020141601563 1.5205903053283691 62.012676239013672
v -310.05020141601563 1.5238370895385742 66.973770141601563
v -310.05020141601563 1.5270837545394897 71.934860229492188
v -310.05020141601563 1.5303305387496948 76.895950317382813
v -310.05020141601563 1.5335772037506104 81.857040405273438
v -310.05020141601563 1.5368239879608154 86.818138122558594
v -310.05020141601563 1.540070652961731 91.779228210449219
v -310.05020141601563 1.543317437171936 96.740318298339844
v -310.05020141601563 1.5465642213821411 101.70140838623047
v -310.05020141601563 1.5498108863830566 106.66250610351563
v -310.05020141601563 1.5530576705932617 111.62359619140625
v -310.05020141601563 1.5563043355941772 116.58468627929688
v -310.05020141601563 1.5595511198043823 121.5457763671875
v -310.05023193359375 1.5627977848052979 126.50686645507813
v -310.05023193359375 1.5660445690155029 131.46795654296875
v -310.05023193359375 1.569291353225708 136.42904663085938
v -310.05023193359375 1.5725380182266235 141.39015197753906
v -310.05023193359375 1.5757848024368286 146.35124206542969
v -310.05023193359375 1.5790314674377441 151.31233215332031
v -310.05023193359375 1.5822782516479492 156.27342224121094
v -310.05023193359375 1.5855249166488647 161.23451232910156
v -310.05023193359375 1.5887717008590698 166.19560241699219
v -310.05023193359375 1.5920183658599854 171.15669250488281
v -310.05023193359375 1.5952651500701904 176.11778259277344
v -310.05023193359375 1.5985119342803955 181.07887268066406
v -310.05023193359375 1.601758599281311 186.03997802734375
v -310.05023193359375 1.6050053834915161 191.00106811523438
v -155.41009521484375 0.37001693248748779 -0.00020751918782480061
v -155.41009521484375 0.30589392781257629 -97.981796264648438
v -232.73016357421875 0.37001693248748779 -0.00020285329082980752
v -232.73017883300781 0.30589395761489868 -97.981788635253906
v -232.73017883300781 0.27383244037628174 -146.97257995605469
v -271.39019775390625 0.30589395761489868 -97.981788635253906
v -271.39022827148438 0.27383247017860413 -146.97257995605469
v -271.39022827148438 0.25780171155929565 -171.46797180175781
v -290.72024536132813 0.27383247017860413 -146.97257995605469
v -290.72024536132813 0.25780171155929565 -171.46797180175781
v -290.72024536132813 0.24978633224964142 -183.71566772460938
v -300.38525390625 0.25780171155929565 -171.46797180175781
v -300.38525390625 0.24978634715080261 -183.71566772460938
v -300.38525390625 0.2457786500453949 -189.83952331542969
v -305.21774291992188 0.24978634715080261 -183.71566772460938
v -305.21774291992188 0.2457786500453949 -189.83952331542969
v -290.72024536132813 0.2457786500453949 -189.83952331542969
v -295.552734375 0.24978634715080261 -183.71566772460938
v -295.552734375 0.2457786500453949 -189.83952331542969
v -271.39022827148438 0.24978633224964142 -183.71566772460938
v -281.05523681640625 0.25780171155929565 -171.46797180175781
v -281.05523681640625 0.24978633224964142 -183.71566772460938
v -232.73017883300781 0.25780171155929565 -171.46797180175781
v -252.06019592285156 0.27383247017860413 -146.97257995605469
v -252.06019592285156 0.25780171155929565 -171.46797180175781
v -155.41009521484375 0.27383244037628174 -146.97257995605469
v -194.07012939453125 0.30589395761489868 -97.981788635253906
v -194.07014465332031 0.27383244037628174 -146.97257995605469
v -78.090019226074219 0.37001693248748779 -0.00021218509937170893
v -78.09002685546875 0.30589392781257629 -97.981796264648438
v -281.05523681640625 0.2457786500453949 -189.83952331542969
v -285.88772583007813 0.24978633224964142 -183.71566772460938
v -285.88772583007813 0.2457786500453949 -189.83952331542969
v -271.39022827148438 0.2457786500453949 -189.83952331542969
v -276.22271728515625 0.24978633224964142 -183.71566772460938
v -276.22271728515625 0.2457786500453949 -189.83952331542969
v -252.06019592285156 0.24978633224964142 -183.71566772460938
v -261.7252197265625 0.25780171155929565 -171.46797180175781
v -261.7252197265625 0.24978633224964142 -183.71566772460938
v -261.7252197265625 0.2457786500453949 -189.83952331542969
v -266.55770874023438 0.24978633224964142 -183.71566772460938
v -266.55770874023438 0.2457786500453949 -189.83952331542969
v -252.06019592285156 0.2457786500453949 -189.83952331542969
v -256.8927001953125 0.24978633224964142 -183.71566772460938
v -256.8927001953125 0.2457786500453949 -189.83952331542969
v -232.73017883300781 0.24978633224964142 -183.71568298339844
v -242.39518737792969 0.25780171155929565 -171.46797180175781
v -242.39518737792969 0.24978633224964142 -183.71566772460938
v -194.07014465332031 0.25780171155929565 -171.46798706054688
v -213.40016174316406 0.27383244037628174 -146.97257995605469
v -213.40016174316406 0.25780171155929565 -171.46797180175781
v -242.39518737792969 0.2457786500453949 -189.83952331542969
v -247.22769165039063 0.24978633224964142 -183.71566772460938
v -247.22769165039063 0.2457786500453949 -189.83952331542969
v -232.73017883300781 0.2457786500453949 -189.83952331542969
v -237.56268310546875 0.24978633224964142 -183.71566772460938
v -237.56268310546875 0.2457786500453949 -189.83952331542969
v -213.40016174316406 0.24978633224964142 -183.71568298339844
v -223.06517028808594 0.25780171155929565 -171.46797180175781
v -223.06517028808594 0.24978633224964142 -183.71568298339844
v -223.06517028808594 0.2457786500453949 -189.83952331542969
v -227.89767456054688 0.24978633224964142 -183.71568298339844
v -227.89767456054688 0.2457786500453949 -189.83952331542969
v -213.40016174316406 0.2457786500453949 -189.83952331542969
v -218.232666015625 0.24978633224964142 -183.71568298339844
v -218.232666015625 0.2457786500453949 -189.83952331542969
v -194.07014465332031 0.24978633224964142 -183.71568298339844
v -203.73515319824219 0.25780171155929565 -171.46797180175781
v -203.73515319824219 0.24978633224964142 -183.71568298339844
v -155.41011047363281 0.25780171155929565 -171.46798706054688
v -174.74012756347656 0.27383244037628174 -146.97257995605469
v -174.74012756347656 0.25780171155929565 -171.46798706054688
v -78.09002685546875 0.27383244037628174 -146.97259521484375
v -116.75006103515625 0.30589392781257629 -97.981796264648438
v -116.75006103515625 0.27383244037628174 -146.97259521484375
v -203.73515319824219 0.2457786500453949 -189.83952331542969
v -208.56765747070313 0.24978633224964142 -183.71568298339844
v -208.56765747070313 0.2457786500453949 -189.83952331542969
v -194.07014465332031 0.2457786500453949 -189.83952331542969
v -198.90264892578125 0.24978633224964142 -183.71568298339844
v -198.90264892578125 0.2457786500453949 -189.83952331542969
v -174.74012756347656 0.24978633224964142 -183.71568298339844
v -184.40513610839844 0.25780171155929565 -171.46798706054688
v -184.40513610839844 0.24978633224964142 -183.71568298339844
v -184.40513610839844 0.2457786500453949 -189.83952331542969
v -189.23764038085938 0.24978633224964142 -183.71568298339844
v -189.23764038085938 0.2457786500453949 -189.83952331542969
v -174.74012756347656 0.2457786500453949 -189.83952331542969
v -179.5726318359375 0.24978633224964142 -183.71568298339844
v -179.5726318359375 0.2457786500453949 -189.83952331542969
v -155.41011047363281 0.24978633224964142 -183.71568298339844
v -165.07511901855469 0.25780171155929565 -171.46798706054688
v -165.07511901855469 0.24978633224964142 -183.71568298339844
v -116.75006866455078 0.25780171155929565 -171.46798706054688
v -136.080078125 0.27383244037628174 -146.97257995605469
v -136.080078125 0.25780171155929565 -171.46798706054688
v -165.07511901855469 0.2457786500453949 -189.83952331542969
v -169.90762329101563 0.24978633224964142 -183.71568298339844
v -169.90762329101563 0.2457786500453949 -189.83952331542969
v -155.41011047363281 0.2457786500453949 -189.83952331542969
v -160.24261474609375 0.24978633224964142 -183.71568298339844
v -160.24261474609375 0.2457786500453949 -189.83952331542969
v -136.08009338378906 0.24978633224964142 -183.71568298339844
v -145.74510192871094 0.25780171155929565 -171.46798706054688
v -145.74510192871094 0.24978633224964142 -183.71568298339844
v -145.74510192871094 0.2457786500453949 -189.83952331542969
v -150.57760620117188 0.24978633224964142 -183.71568298339844
v -150.57760620117188 0.2457786500453949 -189.83952331542969
v -136.08009338378906 0.2457786500453949 -189.83952331542969
v -140.91259765625 0.24978633224964142 -183.71568298339844
v -140.91259765625 0.2457786500453949 -189.83952331542969
v -116.75006866455078 0.24978633224964142 -183.71568298339844
v -126.41507720947266 0.25780171155929565 -171.46798706054688
v -126.41507720947266 0.24978633224964142 -183.71568298339844
v -78.09002685546875 0.25780171155929565 -171.46798706054688
v -97.4200439453125 0.27383244037628174 -146.97259521484375
v -97.4200439453125 0.25780171155929565 -171.46798706054688
v -39.429985046386719 0.30589392781257629 -97.981796264648438
v -39.429988861083984 0.27383244037628174 -146.97259521484375
v -126.41507720947266 0.2457786500453949 -189.83953857421875
v -131.24757385253906 0.24978633224964142 -183.71568298339844
v -131.24758911132813 0.2457786500453949 -189.83952331542969
v -116.75006866455078 0.2457786500453949 -189.83953857421875
v -121.58257293701172 0.24978633224964142 -183.71568298339844
v -121.58257293701172 0.2457786500453949 -189.83953857421875
v -97.420051574707031 0.24978633224964142 -183.71568298339844
v -107.08506011962891 0.25780171155929565 -171.46798706054688
v -107.08506011962891 0.24978633224964142 -183.71568298339844
v -107.08506011962891 0.2457786500453949 -189.83953857421875
v -111.91756439208984 0.24978633224964142 -183.71568298339844
v -111.91756439208984 0.2457786500453949 -189.83953857421875
v -97.420051574707031 0.2457786500453949 -189.83953857421875
v -102.25255584716797 0.24978633224964142 -183.71568298339844
v -102.25255584716797 0.2457786500453949 -189.83953857421875
v -78.09002685546875 0.24978633224964142 -183.71568298339844
v -87.755035400390625 0.25780171155929565 -171.46798706054688
v -87.755035400390625 0.24978633224964142 -183.71568298339844
v -39.42999267578125 0.25780171155929565 -171.46798706054688
v -58.760009765625 0.27383244037628174 -146.97259521484375
v -58.760009765625 0.25780171155929565 -171.46798706054688
v -87.755043029785156 0.2457786500453949 -189.83953857421875
v -92.587547302246094 0.24978633224964142 -183.71568298339844
v -92.587547302246094 0.2457786500453949 -189.83953857421875
v -78.09002685546875 0.2457786500453949 -189.83953857421875
v -82.922531127929688 0.24978633224964142 -183.71568298339844
v -82.922531127929688 0.2457786500453949 -189.83953857421875
v -58.760009765625 0.24978633224964142 -183.71568298339844
v -68.425018310546875 0.25780171155929565 -171.46798706054688
v -68.425018310546875 0.24978633224964142 -183.71568298339844
v -68.425018310546875 0.2457786500453949 -189.83953857421875
v -73.257522583007813 0.24978633224964142 -183.71568298339844
v -73.257522583007813 0.2457786500453949 -189.83953857421875
v -58.760009765625 0.2457786500453949 -189.83953857421875
v -63.592514038085938 0.24978633224964142 -183.71568298339844
v -63.592514038085938 0.2457786500453949 -189.83953857421875
v -39.42999267578125 0.24978633224964142 -183.71568298339844
v -49.095001220703125 0.25780171155929565 -171.46798706054688
v -49.095001220703125 0.24978633224964142 -183.71568298339844
v -20.099971771240234 0.27383244037628174 -146.97259521484375
v -20.099971771240234 0.25780171155929565 -171.46798706054688
v -49.095001220703125 0.2457786500453949 -189.83953857421875
v -53.927505493164063 0.24978633224964142 -183.71568298339844
v -53.927505493164063 0.2457786500453949 -189.83953857421875
v -39.42999267578125 0.2457786500453949 -189.83953857421875
v -44.262496948242188 0.24978633224964142 -183.71568298339844
v -44.262496948242188 0.2457786500453949 -189.83953857421875
v -20.099973678588867 0.24978633224964142 -183.71568298339844
v -29.764982223510742 0.25780171155929565 -171.46798706054688
v -29.764982223510742 0.24978633224964142 -183.71568298339844
v -29.764982223510742 0.2457786500453949 -189.83953857421875
v -34.597488403320313 0.24978633224964142 -183.71568298339844
v -34.597488403320313 0.2457786500453949 -189.83953857421875
v -20.099973678588867 0.2457786351442337 -189.83953857421875
v -24.932477951049805 0.24978633224964142 -183.71568298339844
v -24.932477951049805 0.2457786500453949 -189.83953857421875
v -10.434963226318359 0.25780171155929565 -171.46798706054688
v -10.434964179992676 0.24978633224964142 -183.71568298339844
v -10.434964179992676 0.2457786351442337 -189.83953857421875
v -15.267468452453613 0.24978633224964142 -183.71568298339844
v -15.267468452453613 0.2457786351442337 -189.83953857421875
v -5.6024589538574219 0.24978633224964142 -183.71568298339844
v -5.6024594306945801 0.2457786351442337 -189.83953857421875
v -155.41009521484375 0.4341399073600769 97.981376647949219
v -78.090011596679688 0.4341399073600769 97.981376647949219
v -78.090011596679688 0.46620139479637146 146.97216796875
v -39.429973602294922 0.4341399073600769 97.981369018554688
v -39.429973602294922 0.46620139479637146 146.97216796875
v -39.429969787597656 0.48223212361335754 171.46755981445313
v -20.099952697753906 0.46620139479637146 146.97216796875
v -20.099950790405273 0.48223212361335754 171.46755981445313
v -20.099950790405273 0.49024751782417297 183.71525573730469
v -10.434942245483398 0.48223212361335754 171.46755981445313
v -10.434941291809082 0.49024751782417297 183.71525573730469
v -39.429969787597656 0.49024751782417297 183.71525573730469
v -29.764961242675781 0.48223212361335754 171.46755981445313
v -29.764961242675781 0.49024751782417297 183.71525573730469
v -78.090011596679688 0.48223212361335754 171.46755981445313
v -58.759990692138672 0.46620139479637146 146.97216796875
v -58.759990692138672 0.48223212361335754 171.46755981445313
v -155.41007995605469 0.46620139479637146 146.97216796875
v -116.75005340576172 0.4341399073600769 97.981376647949219
v -116.75004577636719 0.46620139479637146 146.97216796875
v -232.73016357421875 0.4341399073600769 97.98138427734375
v -58.759986877441406 0.49024751782417297 183.71525573730469
v -49.094978332519531 0.48223212361335754 171.46755981445313
v -49.094978332519531 0.49024751782417297 183.71525573730469
v -78.090003967285156 0.49024751782417297 183.71525573730469
v -68.424995422363281 0.48223212361335754 171.46755981445313
v -68.424995422363281 0.49024751782417297 183.71525573730469
v -116.75004577636719 0.48223212361335754 171.46755981445313
v -97.420028686523438 0.46620139479637146 146.97216796875
v -97.420028686523438 0.48223212361335754 171.46755981445313
v -97.420028686523438 0.49024751782417297 183.71525573730469
v -87.755020141601563 0.48223212361335754 171.46755981445313
v -87.755020141601563 0.49024751782417297 183.71525573730469
v -116.75004577636719 0.49024751782417297 183.71525573730469
v -107.08503723144531 0.48223212361335754 171.46755981445313
v -107.08503723144531 0.49024751782417297 183.71525573730469
v -155.41007995605469 0.48223215341567993 171.46755981445313
v -136.08006286621094 0.46620139479637146 146.97216796875
v -136.08006286621094 0.48223215341567993 171.46755981445313
v -232.73016357421875 0.46620139479637146 146.97216796875
v -194.07012939453125 0.4341399073600769 97.981376647949219
v -194.07012939453125 0.46620139479637146 146.97216796875
v -136.08006286621094 0.49024751782417297 183.71527099609375
v -126.41505432128906 0.48223212361335754 171.46755981445313
v -126.41505432128906 0.49024751782417297 183.71527099609375
v -155.41007995605469 0.49024751782417297 183.71527099609375
v -145.74507141113281 0.48223215341567993 171.46755981445313
v -145.74507141113281 0.49024751782417297 183.71527099609375
v -194.07011413574219 0.48223215341567993 171.46757507324219
v -174.74009704589844 0.46620139479637146 146.97216796875
v -174.74009704589844 0.48223215341567993 171.46757507324219
v -174.74009704589844 0.49024751782417297 183.71527099609375
v -165.07508850097656 0.48223215341567993 171.46757507324219
v -165.07508850097656 0.49024751782417297 183.71527099609375
v -194.07011413574219 0.49024751782417297 183.71527099609375
v -184.40510559082031 0.48223215341567993 171.46757507324219
v -184.40510559082031 0.49024751782417297 183.71527099609375
v -232.73016357421875 0.48223215341567993 171.46757507324219
v -213.400146484375 0.46620139479637146 146.97216796875
v -213.400146484375 0.48223215341567993 171.46757507324219
v -271.39019775390625 0.4341399073600769 97.98138427734375
v -271.39019775390625 0.46620139479637146 146.97218322753906
v -213.40013122558594 0.49024751782417297 183.71527099609375
v -203.73512268066406 0.48223215341567993 171.46757507324219
v -203.73512268066406 0.49024751782417297 183.71527099609375
v -232.73016357421875 0.49024751782417297 183.71527099609375
v -223.06515502929688 0.48223215341567993 171.46757507324219
v -223.06515502929688 0.49024751782417297 183.71527099609375
v -271.39019775390625 0.48223215341567993 171.46757507324219
v -252.0601806640625 0.46620139479637146 146.97218322753906
v -252.0601806640625 0.48223215341567993 171.46757507324219
v -252.0601806640625 0.49024751782417297 183.71527099609375
v -242.39517211914063 0.48223215341567993 171.46757507324219
v -242.39517211914063 0.49024751782417297 183.71527099609375
v -271.39019775390625 0.49024751782417297 183.71527099609375
v -261.72518920898438 0.48223215341567993 171.46757507324219
v -261.72518920898438 0.49024751782417297 183.71527099609375
v -290.72021484375 0.46620139479637146 146.97218322753906
v -290.72021484375 0.48223215341567993 171.46757507324219
v -290.72021484375 0.49024751782417297 183.71527099609375
v -281.05520629882813 0.48223215341567993 171.46757507324219
v -281.05520629882813 0.49024751782417297 183.71527099609375
v -300.38522338867188 0.48223215341567993 171.46757507324219
v -300.38522338867188 0.49024751782417297 183.71527099609375
v -300.38522338867188 0.46620139479637146 146.97218322753906
v -290.72021484375 0.4742167592048645 159.21987915039063
v -300.38522338867188 0.4742167592048645 159.21987915039063
v -290.72021484375 0.4341399073600769 97.98138427734375
v -271.39019775390625 0.45017066597938538 122.47678375244141
v -290.72021484375 0.45017066597938538 122.47678375244141
v -271.39019775390625 0.37001693248748779 -0.00020052034233231097
v -232.73016357421875 0.40207841992378235 48.990589141845703
v -271.39019775390625 0.40207841992378235 48.990592956542969
v -300.38522338867188 0.45017066597938538 122.47678375244141
v -290.72021484375 0.45818603038787842 134.7244873046875
v -300.38522338867188 0.45818603038787842 134.7244873046875
v -300.38522338867188 0.4341399073600769 97.98138427734375
v -290.72021484375 0.44215527176856995 110.22908782958984
v -300.38522338867188 0.44215527176856995 110.22908782958984
v -290.72021484375 0.40207841992378235 48.990592956542969
v -271.39019775390625 0.41810914874076843 73.485984802246094
v -290.72021484375 0.41810917854309082 73.485992431640625
v -300.38522338867188 0.41810917854309082 73.485992431640625
v -290.72021484375 0.42612454295158386 85.733688354492188
v -300.38522338867188 0.42612454295158386 85.733688354492188
v -300.38522338867188 0.40207841992378235 48.990592956542969
v -290.72021484375 0.41009378433227539 61.238292694091797
v -300.38522338867188 0.41009378433227539 61.238292694091797
v -290.72021484375 0.37001693248748779 -0.00019935386080760509
v -271.39019775390625 0.38604766130447388 24.495195388793945
v -290.72021484375 0.38604766130447388 24.495197296142578
v -232.73017883300781 0.33795544505119324 -48.990997314453125
v -271.39019775390625 0.33795544505119324 -48.990993499755859
v -300.38522338867188 0.38604766130447388 24.495197296142578
v -290.72021484375 0.39406305551528931 36.742897033691406
v -300.38522338867188 0.39406305551528931 36.742897033691406
v -300.38522338867188 0.37001693248748779 -0.00019877062004525214
v -290.72021484375 0.37803229689598083 12.247498512268066
v -300.38522338867188 0.37803229689598083 12.247499465942383
v -290.72021484375 0.33795544505119324 -48.990993499755859
v -271.39019775390625 0.35398617386817932 -24.495597839355469
v -290.72021484375 0.35398617386817932 -24.495595932006836
v -300.38522338867188 0.35398617386817932 -24.495595932006836
v -290.72021484375 0.36200156807899475 -12.247897148132324
v -300.38522338867188 0.36200156807899475 -12.247897148132324
v -300.38522338867188 0.33795544505119324 -48.990989685058594
v -290.72021484375 0.34597080945968628 -36.743293762207031
v -300.38522338867188 0.34597080945968628 -36.743293762207031
v -290.72024536132813 0.30589395761489868 -97.981788635253906
v -271.39019775390625 0.32192468643188477 -73.48638916015625
v -290.72021484375 0.32192468643188477 -73.48638916015625
v -300.38525390625 0.32192468643188477 -73.48638916015625
v -290.72021484375 0.32994005084037781 -61.238689422607422
v -300.38522338867188 0.3299400806427002 -61.238689422607422
v -300.38525390625 0.30589395761489868 -97.981781005859375
v -290.72024536132813 0.31390932202339172 -85.734085083007813
v -300.38525390625 0.31390932202339172 -85.734085083007813
v -271.39022827148438 0.28986319899559021 -122.47718048095703
v -290.72024536132813 0.28986319899559021 -122.47718048095703
v -300.38525390625 0.28986319899559021 -122.47718048095703
v -290.72024536132813 0.29787856340408325 -110.22948455810547
v -300.38525390625 0.29787856340408325 -110.22948455810547
v -300.38525390625 0.27383247017860413 -146.97257995605469
v -290.72024536132813 0.28184783458709717 -134.72488403320313
v -300.38525390625 0.28184783458709717 -134.72488403320313
v -290.72024536132813 0.2658170759677887 -159.22027587890625
v -300.38525390625 0.2658170759677887 -159.22027587890625
v -20.099971771240234 0.2658170759677887 -159.22029113769531
v -10.434961318969727 0.27383244037628174 -146.97259521484375
v -10.434962272644043 0.2658170759677887 -159.22029113769531
v -39.429988861083984 0.28986319899559021 -122.47719573974609
v -20.099967956542969 0.30589392781257629 -97.981803894042969
v -20.099969863891602 0.28986319899559021 -122.47719573974609
v -78.090019226074219 0.33795541524887085 -48.991004943847656
v -39.429981231689453 0.37001693248748779 -0.00021451804786920547
v -39.429985046386719 0.33795541524887085 -48.991008758544922
v -20.099969863891602 0.28184780478477478 -134.72489929199219
v -10.43496036529541 0.28986319899559021 -122.47719573974609
v -10.43496036529541 0.28184780478477478 -134.72489929199219
v -20.099967956542969 0.29787856340408325 -110.22949981689453
v -10.434958457946777 0.30589392781257629 -97.981803894042969
v -10.434959411621094 0.29787856340408325 -110.22949981689453
v -39.429985046386719 0.32192468643188477 -73.486404418945313
v -20.099964141845703 0.33795541524887085 -48.991008758544922
v -20.099966049194336 0.32192468643188477 -73.486404418945313
v -20.099967956542969 0.31390932202339172 -85.734100341796875
v -10.434957504272461 0.32192468643188477 -73.486404418945313
v -10.434957504272461 0.31390932202339172 -85.734100341796875
v -20.099966049194336 0.32994005084037781 -61.23870849609375
v -10.434955596923828 0.33795541524887085 -48.991008758544922
v -10.434956550598145 0.32994005084037781 -61.23870849609375
v -39.429981231689453 0.35398617386817932 -24.495611190795898
v -20.09996223449707 0.37001693248748779 -0.00021568451484199613
v -20.099964141845703 0.35398617386817932 -24.495611190795898
v -78.090019226074219 0.40207841992378235 48.990581512451172
v -39.429977416992188 0.40207841992378235 48.990577697753906
v -20.099964141845703 0.34597080945968628 -36.743309020996094
v -10.434953689575195 0.35398617386817932 -24.495613098144531
v -10.434954643249512 0.34597080945968628 -36.743309020996094
v -20.09996223449707 0.36200153827667236 -12.24791431427002
v -10.434952735900879 0.37001690268516541 -0.00021626775560434908
v -10.434953689575195 0.36200153827667236 -12.24791431427002
v -39.429981231689453 0.38604766130447388 24.495182037353516
v -20.099958419799805 0.40207841992378235 48.990577697753906
v -20.099960327148438 0.38604766130447388 24.495180130004883
v -20.09996223449707 0.37803229689598083 12.247482299804688
v -10.434950828552246 0.38604766130447388 24.495180130004883
v -10.434951782226563 0.37803229689598083 12.247482299804688
v -20.099960327148438 0.39406302571296692 36.742877960205078
v -10.43494987487793 0.40207841992378235 48.990577697753906
v -10.434950828552246 0.39406302571296692 36.742877960205078
v -39.429977416992188 0.41810914874076843 73.485977172851563
v -20.099956512451172 0.4341399073600769 97.981369018554688
v -20.099958419799805 0.41810914874076843 73.485977172851563
v -20.099958419799805 0.41009378433227539 61.238273620605469
v -10.434947967529297 0.41810914874076843 73.485969543457031
v -10.434948921203613 0.41009378433227539 61.238273620605469
v -20.099956512451172 0.42612451314926147 85.733673095703125
v -10.43494701385498 0.4341399073600769 97.981369018554688
v -10.43494701385498 0.42612451314926147 85.733673095703125
v -39.429973602294922 0.45017063617706299 122.47676849365234
v -20.099954605102539 0.45017063617706299 122.47676849365234
v -20.099954605102539 0.44215527176856995 110.22906494140625
v -10.434945106506348 0.45017063617706299 122.47676849365234
v -10.434946060180664 0.44215527176856995 110.22906494140625
v -20.099954605102539 0.45818603038787842 134.72445678710938
v -10.434944152832031 0.46620139479637146 146.97216796875
v -10.434944152832031 0.45818603038787842 134.72445678710938
v -20.099952697753906 0.4742167592048645 159.21986389160156
v -10.434943199157715 0.4742167592048645 159.21986389160156
v -155.41009521484375 1.480006217956543 -0.00093388155801221728
v -155.41009521484375 1.4158831834793091 -97.982521057128906
v -232.73016357421875 1.480006217956543 -0.00092921563191339374
v -232.73017883300781 1.4158831834793091 -97.982513427734375
v -232.73017883300781 1.3838217258453369 -146.97331237792969
v -271.39019775390625 1.4158831834793091 -97.982513427734375
v -271.39022827148438 1.3838217258453369 -146.97331237792969
v -271.39022827148438 1.3677909374237061 -171.46870422363281
v -290.72024536132813 1.3838217258453369 -146.97329711914063
v -290.72024536132813 1.3677909374237061 -171.46870422363281
v -290.72024536132813 1.3597755432128906 -183.71640014648438
v -300.38525390625 1.3677909374237061 -171.46870422363281
v -300.38525390625 1.3597755432128906 -183.71640014648438
v -300.38525390625 1.3557679653167725 -189.84024047851563
v -305.21774291992188 1.3597755432128906 -183.71640014648438
v -305.21774291992188 1.3557679653167725 -189.84024047851563
v -290.72024536132813 1.3557679653167725 -189.84024047851563
v -295.552734375 1.3597755432128906 -183.71640014648438
v -295.552734375 1.3557679653167725 -189.84024047851563
v -271.39022827148438 1.3597755432128906 -183.71640014648438
v -281.05523681640625 1.3677909374237061 -171.46870422363281
v -281.05523681640625 1.3597755432128906 -183.71640014648438
v -232.73017883300781 1.3677909374237061 -171.46870422363281
v -252.06019592285156 1.3838217258453369 -146.97331237792969
v -252.06019592285156 1.3677909374237061 -171.46870422363281
v -155.41009521484375 1.3838217258453369 -146.97331237792969
v -194.07012939453125 1.4158831834793091 -97.982513427734375
v -194.07014465332031 1.3838217258453369 -146.97331237792969
v -78.090019226074219 1.480006217956543 -0.00093854748411104083
v -78.09002685546875 1.4158831834793091 -97.982521057128906
v -281.05523681640625 1.3557679653167725 -189.84025573730469
v -285.88772583007813 1.3597755432128906 -183.71640014648438
v -285.88772583007813 1.3557679653167725 -189.84024047851563
v -271.39022827148438 1.3557679653167725 -189.84025573730469
v -276.22271728515625 1.3597755432128906 -183.71640014648438
v -276.22271728515625 1.3557679653167725 -189.84025573730469
v -252.06019592285156 1.3597755432128906 -183.71640014648438
v -261.7252197265625 1.3677909374237061 -171.46870422363281
v -261.7252197265625 1.3597755432128906 -183.71640014648438
v -261.7252197265625 1.3557679653167725 -189.84025573730469
v -266.55770874023438 1.3597755432128906 -183.71640014648438
v -266.55770874023438 1.3557679653167725 -189.84025573730469
v -252.06019592285156 1.3557679653167725 -189.84025573730469
v -256.8927001953125 1.3597755432128906 -183.71640014648438
v -256.8927001953125 1.3557679653167725 -189.84025573730469
v -232.73017883300781 1.3597755432128906 -183.71640014648438
v -242.39518737792969 1.3677909374237061 -171.46870422363281
v -242.39518737792969 1.3597755432128906 -183.71640014648438
v -194.07014465332031 1.3677909374237061 -171.46870422363281
v -213.40016174316406 1.3838217258453369 -146.97331237792969
v -213.40016174316406 1.3677909374237061 -171.46870422363281
v -242.39518737792969 1.3557678461074829 -189.84025573730469
v -247.22769165039063 1.3597755432128906 -183.71640014648438
v -247.22769165039063 1.3557678461074829 -189.84025573730469
v -232.73017883300781 1.3557678461074829 -189.84025573730469
v -237.56268310546875 1.3597755432128906 -183.71640014648438
v -237.56268310546875 1.3557678461074829 -189.84025573730469
v -213.40016174316406 1.3597755432128906 -183.71640014648438
v -223.06517028808594 1.3677909374237061 -171.46870422363281
v -223.06517028808594 1.3597755432128906 -183.71640014648438
v -223.06517028808594 1.3557678461074829 -189.84025573730469
v -227.89767456054688 1.3597755432128906 -183.71640014648438
v -227.89767456054688 1.3557678461074829 -189.84025573730469
v -213.40016174316406 1.3557678461074829 -189.84025573730469
v -218.232666015625 1.3597755432128906 -183.71640014648438
v -218.232666015625 1.3557678461074829 -189.84025573730469
v -194.07014465332031 1.3597755432128906 -183.71640014648438
v -203.73515319824219 1.3677909374237061 -171.46870422363281
v -203.73515319824219 1.3597755432128906 -183.71640014648438
v -155.41011047363281 1.3677909374237061 -171.46870422363281
v -174.74012756347656 1.3838217258453369 -146.97331237792969
v -174.74012756347656 1.3677909374237061 -171.46870422363281
v -78.09002685546875 1.3838217258453369 -146.97331237792969
v -116.75006103515625 1.4158831834793091 -97.982521057128906
v -116.75006103515625 1.3838217258453369 -146.97331237792969
v -203.73515319824219 1.3557678461074829 -189.84025573730469
v -208.56765747070313 1.3597755432128906 -183.71640014648438
v -208.56765747070313 1.3557678461074829 -189.84025573730469
v -194.07014465332031 1.3557678461074829 -189.84025573730469
v -198.90264892578125 1.3597755432128906 -183.71640014648438
v -198.90264892578125 1.3557678461074829 -189.84025573730469
v -174.74012756347656 1.3597755432128906 -183.71640014648438
v -184.40513610839844 1.3677909374237061 -171.46870422363281
v -184.40513610839844 1.3597755432128906 -183.71640014648438
v -184.40513610839844 1.3557678461074829 -189.84025573730469
v -189.23764038085938 1.3597755432128906 -183.71640014648438
v -189.23764038085938 1.3557678461074829 -189.84025573730469
v -174.74012756347656 1.3557678461074829 -189.84025573730469
v -179.5726318359375 1.3597755432128906 -183.71640014648438
v -179.5726318359375 1.3557678461074829 -189.84025573730469
v -155.41011047363281 1.3597755432128906 -183.71640014648438
v -165.07511901855469 1.3677909374237061 -171.46870422363281
v -165.07511901855469 1.3597755432128906 -183.71640014648438
v -116.75006866455078 1.3677909374237061 -171.46870422363281
v -136.080078125 1.3838217258453369 -146.97331237792969
v -136.080078125 1.3677909374237061 -171.46870422363281
v -165.07511901855469 1.3557678461074829 -189.84025573730469
v -169.90762329101563 1.3597755432128906 -183.71640014648438
v -169.90762329101563 1.3557678461074829 -189.84025573730469
v -155.41011047363281 1.3557678461074829 -189.84025573730469
v -160.24261474609375 1.3597755432128906 -183.71640014648438
v -160.24261474609375 1.3557678461074829 -189.84025573730469
v -136.08009338378906 1.3597755432128906 -183.71641540527344
v -145.74510192871094 1.3677909374237061 -171.46870422363281
v -145.74510192871094 1.3597755432128906 -183.71640014648438
v -145.74510192871094 1.3557678461074829 -189.84025573730469
v -150.57760620117188 1.3597755432128906 -183.71640014648438
v -150.57760620117188 1.3557678461074829 -189.84025573730469
v -136.08009338378906 1.3557678461074829 -189.84025573730469
v -140.91259765625 1.3597755432128906 -183.71640014648438
v -140.91259765625 1.3557678461074829 -189.84025573730469
v -116.75006866455078 1.3597755432128906 -183.71641540527344
v -126.41507720947266 1.3677909374237061 -171.46870422363281
v -126.41507720947266 1.3597755432128906 -183.71641540527344
v -78.09002685546875 1.3677909374237061 -171.46871948242188
v -97.4200439453125 1.3838217258453369 -146.97331237792969
v -97.4200439453125 1.3677909374237061 -171.46871948242188
v -39.429985046386719 1.4158831834793091 -97.982528686523438
v -39.429988861083984 1.3838217258453369 -146.97331237792969
v -126.41507720947266 1.3557678461074829 -189.84025573730469
v -131.24757385253906 1.3597755432128906 -183.71641540527344
v -131.24758911132813 1.3557678461074829 -189.84025573730469
v -116.75006866455078 1.3557678461074829 -189.84025573730469
v -121.58257293701172 1.3597755432128906 -183.71641540527344
v -121.58257293701172 1.3557678461074829 -189.84025573730469
v -97.420051574707031 1.3597755432128906 -183.71641540527344
v -107.08506011962891 1.3677909374237061 -171.46870422363281
v -107.08506011962891 1.3597755432128906 -183.71641540527344
v -107.08506011962891 1.3557678461074829 -189.84025573730469
v -111.91756439208984 1.3597755432128906 -183.71641540527344
v -111.91756439208984 1.3557678461074829 -189.84025573730469
v -97.420051574707031 1.3557678461074829 -189.84025573730469
v -102.25255584716797 1.3597755432128906 -183.71641540527344
v -102.25255584716797 1.3557678461074829 -189.84025573730469
v -78.09002685546875 1.3597755432128906 -183.71641540527344
v -87.755035400390625 1.3677909374237061 -171.46871948242188
v -87.755035400390625 1.3597755432128906 -183.71641540527344
v -39.42999267578125 1.3677909374237061 -171.46871948242188
v -58.760009765625 1.3838217258453369 -146.97331237792969
v -58.760009765625 1.3677909374237061 -171.46871948242188
v -87.755043029785156 1.3557678461074829 -189.84025573730469
v -92.587547302246094 1.3597755432128906 -183.71641540527344
v -92.587547302246094 1.3557678461074829 -189.84025573730469
v -78.09002685546875 1.3557678461074829 -189.84025573730469
v -82.922531127929688 1.3597755432128906 -183.71641540527344
v -82.922531127929688 1.3557678461074829 -189.84025573730469
v -58.760009765625 1.3597755432128906 -183.71641540527344
v -68.425018310546875 1.3677909374237061 -171.46871948242188
v -68.425018310546875 1.3597755432128906 -183.71641540527344
v -68.425018310546875 1.3557678461074829 -189.84025573730469
v -73.257522583007813 1.3597755432128906 -183.71641540527344
v -73.257522583007813 1.3557678461074829 -189.84025573730469
v -58.760009765625 1.3557678461074829 -189.84025573730469
v -63.592514038085938 1.3597755432128906 -183.71641540527344
v -63.592514038085938 1.3557678461074829 -189.84025573730469
v -39.42999267578125 1.3597755432128906 -183.71641540527344
v -49.095001220703125 1.3677909374237061 -171.46871948242188
v -49.095001220703125 1.3597755432128906 -183.71641540527344
v -20.099971771240234 1.3838217258453369 -146.97332763671875
v -20.099971771240234 1.3677909374237061 -171.46871948242188
v -49.095001220703125 1.3557678461074829 -189.84025573730469
v -53.927505493164063 1.3597755432128906 -183.71641540527344
v -53.927505493164063 1.3557678461074829 -189.84025573730469
v -39.42999267578125 1.3557678461074829 -189.84025573730469
v -44.262496948242188 1.3597755432128906 -183.71641540527344
v -44.262496948242188 1.3557678461074829 -189.84025573730469
v -20.099973678588867 1.3597755432128906 -183.71641540527344
v -29.764982223510742 1.3677909374237061 -171.46871948242188
v -29.764982223510742 1.3597755432128906 -183.71641540527344
v -29.764982223510742 1.3557678461074829 -189.84025573730469
v -34.597488403320313 1.3597755432128906 -183.71641540527344
v -34.597488403320313 1.3557678461074829 -189.84025573730469
v -20.099973678588867 1.3557678461074829 -189.84027099609375
v -24.932477951049805 1.3597755432128906 -183.71641540527344
v -24.932477951049805 1.3557678461074829 -189.84027099609375
v -10.434963226318359 1.3677909374237061 -171.46871948242188
v -10.434964179992676 1.3597755432128906 -183.71641540527344
v -10.434964179992676 1.3557678461074829 -189.84027099609375
v -15.267468452453613 1.3597755432128906 -183.71641540527344
v -15.267468452453613 1.3557678461074829 -189.84027099609375
v -5.6024589538574219 1.3597755432128906 -183.71641540527344
v -5.6024594306945801 1.3557678461074829 -189.84027099609375
v -155.41009521484375 1.5441291332244873 97.98065185546875
v -78.090011596679688 1.5441291332244873 97.980644226074219
v -78.090011596679688 1.5761905908584595 146.971435546875
v -39.429973602294922 1.5441291332244873 97.980644226074219
v -39.429973602294922 1.5761905908584595 146.971435546875
v -39.429969787597656 1.5922213792800903 171.46682739257813
v -20.099952697753906 1.5761905908584595 146.971435546875
v -20.099950790405273 1.5922213792800903 171.46682739257813
v -20.099950790405273 1.6002367734909058 183.71452331542969
v -10.434942245483398 1.5922213792800903 171.46682739257813
v -10.434941291809082 1.6002367734909058 183.71452331542969
v -39.429969787597656 1.6002367734909058 183.71453857421875
v -29.764961242675781 1.5922213792800903 171.46682739257813
v -29.764961242675781 1.6002367734909058 183.71453857421875
v -78.090011596679688 1.5922213792800903 171.46684265136719
v -58.759990692138672 1.5761905908584595 146.971435546875
v -58.759990692138672 1.5922213792800903 171.46682739257813
v -155.41007995605469 1.5761905908584595 146.97145080566406
v -116.75005340576172 1.5441291332244873 97.98065185546875
v -116.75004577636719 1.5761905908584595 146.971435546875
v -232.73016357421875 1.5441291332244873 97.980659484863281
v -58.759986877441406 1.6002367734909058 183.71453857421875
v -49.094978332519531 1.5922213792800903 171.46682739257813
v -49.094978332519531 1.6002367734909058 183.71453857421875
v -78.090003967285156 1.6002367734909058 183.71453857421875
v -68.424995422363281 1.5922213792800903 171.46684265136719
v -68.424995422363281 1.6002367734909058 183.71453857421875
v -116.75004577636719 1.5922213792800903 171.46684265136719
v -97.420028686523438 1.5761905908584595 146.971435546875
v -97.420028686523438 1.5922213792800903 171.46684265136719
v -97.420028686523438 1.6002367734909058 183.71453857421875
v -87.755020141601563 1.5922213792800903 171.46684265136719
v -87.755020141601563 1.6002367734909058 183.71453857421875
v -116.75004577636719 1.6002367734909058 183.71453857421875
v -107.08503723144531 1.5922213792800903 171.46684265136719
v -107.08503723144531 1.6002367734909058 183.71453857421875
v -155.41007995605469 1.5922213792800903 171.46684265136719
v -136.08006286621094 1.5761905908584595 146.971435546875
v -136.08006286621094 1.5922213792800903 171.46684265136719
v -232.73016357421875 1.576190710067749 146.97145080566406
v -194.07012939453125 1.5441291332244873 97.98065185546875
v -194.07012939453125 1.5761905908584595 146.97145080566406
v -136.08006286621094 1.6002367734909058 183.71453857421875
v -126.41505432128906 1.5922213792800903 171.46684265136719
v -126.41505432128906 1.6002367734909058 183.71453857421875
v -155.41007995605469 1.6002367734909058 183.71453857421875
v -145.74507141113281 1.5922213792800903 171.46684265136719
v -145.74507141113281 1.6002367734909058 183.71453857421875
v -194.07011413574219 1.5922213792800903 171.46684265136719
v -174.74009704589844 1.5761905908584595 146.97145080566406
v -174.74009704589844 1.5922213792800903 171.46684265136719
v -174.74009704589844 1.6002367734909058 183.71453857421875
v -165.07508850097656 1.5922213792800903 171.46684265136719
v -165.07508850097656 1.6002367734909058 183.71453857421875
v -194.07011413574219 1.6002367734909058 183.71453857421875
v -184.40510559082031 1.5922213792800903 171.46684265136719
v -184.40510559082031 1.6002367734909058 183.71453857421875
v -232.73016357421875 1.5922213792800903 171.46684265136719
v -213.400146484375 1.576190710067749 146.97145080566406
v -213.400146484375 1.5922213792800903 171.46684265136719
v -271.39019775390625 1.5441291332244873 97.980659484863281
v -271.39019775390625 1.576190710067749 146.97145080566406
v -213.40013122558594 1.6002367734909058 183.71453857421875
v -203.73512268066406 1.5922213792800903 171.46684265136719
v -203.73512268066406 1.6002367734909058 183.71453857421875
v -232.73016357421875 1.6002367734909058 183.71453857421875
v -223.06515502929688 1.5922213792800903 171.46684265136719
v -223.06515502929688 1.6002367734909058 183.71453857421875
v -271.39019775390625 1.5922213792800903 171.46684265136719
v -252.0601806640625 1.576190710067749 146.97145080566406
v -252.0601806640625 1.5922213792800903 171.46684265136719
v -252.0601806640625 1.6002367734909058 183.71453857421875
v -242.39517211914063 1.5922213792800903 171.46684265136719
v -242.39517211914063 1.6002367734909058 183.71453857421875
v -271.39019775390625 1.6002367734909058 183.71453857421875
v -261.72518920898438 1.5922213792800903 171.46684265136719
v -261.72518920898438 1.6002367734909058 183.71453857421875
v -290.72021484375 1.576190710067749 146.97145080566406
v -290.72021484375 1.5922213792800903 171.46684265136719
v -290.72021484375 1.6002367734909058 183.71455383300781
v -281.05520629882813 1.5922213792800903 171.46684265136719
v -281.05520629882813 1.6002367734909058 183.71455383300781
v -300.38522338867188 1.5922213792800903 171.46684265136719
v -300.38522338867188 1.6002367734909058 183.71455383300781
v -300.38522338867188 1.576190710067749 146.97145080566406
v -290.72021484375 1.5842059850692749 159.21914672851563
v -300.38522338867188 1.5842059850692749 159.21914672851563
v -290.72021484375 1.5441291332244873 97.980659484863281
v -271.39019775390625 1.5601599216461182 122.47605133056641
v -290.72021484375 1.5601599216461182 122.47605895996094
v -271.39019775390625 1.480006217956543 -0.00092688272707164288
v -232.73016357421875 1.5120676755905151 48.989864349365234
v -271.39019775390625 1.5120676755905151 48.989864349365234
v -300.38522338867188 1.5601599216461182 122.47605895996094
v -290.72021484375 1.5681753158569336 134.7237548828125
v -300.38522338867188 1.5681753158569336 134.7237548828125
v -300.38522338867188 1.5441291332244873 97.980659484863281
v -290.72021484375 1.5521445274353027 110.22835540771484
v -300.38522338867188 1.5521445274353027 110.22835540771484
v -290.72021484375 1.5120676755905151 48.9898681640625
v -271.39019775390625 1.528098464012146 73.485260009765625
v -290.72021484375 1.528098464012146 73.485260009765625
v -300.38522338867188 1.528098464012146 73.485267639160156
v -290.72021484375 1.5361137390136719 85.732963562011719
v -300.38522338867188 1.5361137390136719 85.732963562011719
v -300.38522338867188 1.5120676755905151 48.9898681640625
v -290.72021484375 1.5200830698013306 61.237564086914063
v -300.38522338867188 1.5200830698013306 61.237564086914063
v -290.72021484375 1.480006217956543 -0.00092571624554693699
v -271.39019775390625 1.4960368871688843 24.494468688964844
v -290.72021484375 1.4960368871688843 24.494470596313477
v -232.73017883300781 1.4479446411132813 -48.991722106933594
v -271.39019775390625 1.4479446411132813 -48.991718292236328
v -300.38522338867188 1.4960368871688843 24.494470596313477
v -290.72021484375 1.5040522813796997 36.742168426513672
v -300.38522338867188 1.5040522813796997 36.742168426513672
v -300.38522338867188 1.480006217956543 -0.00092513300478458405
v -290.72021484375 1.4880216121673584 12.246772766113281
v -300.38522338867188 1.4880216121673584 12.246772766113281
v -290.72021484375 1.4479446411132813 -48.991718292236328
v -271.39019775390625 1.4639754295349121 -24.496322631835938
v -290.72021484375 1.4639754295349121 -24.496322631835938
v -300.38522338867188 1.4639754295349121 -24.496320724487305
v -290.72021484375 1.4719908237457275 -12.248623847961426
v -300.38522338867188 1.4719908237457275 -12.248622894287109
v -300.38522338867188 1.4479446411132813 -48.991718292236328
v -290.72021484375 1.4559600353240967 -36.7440185546875
v -300.38522338867188 1.4559600353240967 -36.7440185546875
v -290.72024536132813 1.4158831834793091 -97.982513427734375
v -271.39019775390625 1.4319139719009399 -73.487113952636719
v -290.72021484375 1.4319139719009399 -73.487113952636719
v -300.38525390625 1.4319139719009399 -73.487113952636719
v -290.72021484375 1.4399293661117554 -61.239418029785156
v -300.38522338867188 1.4399293661117554 -61.239414215087891
v -300.38525390625 1.4158831834793091 -97.982513427734375
v -290.72024536132813 1.4238985776901245 -85.734809875488281
v -300.38525390625 1.4238985776901245 -85.734809875488281
v -271.39022827148438 1.3998525142669678 -122.4779052734375
v -290.72024536132813 1.3998525142669678 -122.4779052734375
v -300.38525390625 1.3998525142669678 -122.4779052734375
v -290.72024536132813 1.4078677892684937 -110.23020935058594
v -300.38525390625 1.4078677892684937 -110.23020935058594
v -300.38525390625 1.3838217258453369 -146.97329711914063
v -290.72024536132813 1.3918371200561523 -134.72560119628906
v -300.38525390625 1.3918371200561523 -134.72560119628906
v -290.72024536132813 1.3758063316345215 -159.22100830078125
v -300.38525390625 1.3758063316345215 -159.22100830078125
v -20.099971771240234 1.3758063316345215 -159.22102355957031
v -10.434961318969727 1.3838217258453369 -146.97332763671875
v -10.434962272644043 1.3758063316345215 -159.22102355957031
v -39.429988861083984 1.3998523950576782 -122.47792053222656
v -20.099967956542969 1.4158831834793091 -97.982528686523438
v -20.099969863891602 1.3998523950576782 -122.47792053222656
v -78.090019226074219 1.4479446411132813 -48.991729736328125
v -39.429981231689453 1.480006217956543 -0.00094088038895279169
v -39.429985046386719 1.4479446411132813 -48.991733551025391
v -20.099969863891602 1.3918371200561523 -134.72561645507813
v -10.43496036529541 1.3998523950576782 -122.47792816162109
v -10.43496036529541 1.3918371200561523 -134.72561645507813
v -20.099967956542969 1.4078677892684937 -110.230224609375
v -10.434958457946777 1.4158831834793091 -97.982528686523438
v -10.434959411621094 1.4078677892684937 -110.230224609375
v -39.429985046386719 1.4319139719009399 -73.487129211425781
v -20.099964141845703 1.4479446411132813 -48.991733551025391
v -20.099966049194336 1.4319139719009399 -73.487129211425781
v -20.099967956542969 1.4238985776901245 -85.734832763671875
v -10.434957504272461 1.4319139719009399 -73.487129211425781
v -10.434957504272461 1.4238985776901245 -85.734832763671875
v -20.099966049194336 1.4399293661117554 -61.239433288574219
v -10.434955596923828 1.4479446411132813 -48.991733551025391
v -10.434956550598145 1.4399293661117554 -61.239433288574219
v -39.429981231689453 1.4639754295349121 -24.496337890625
v -20.09996223449707 1.480006217956543 -0.00094204687047749758
v -20.099964141845703 1.4639754295349121 -24.496337890625
v -78.090019226074219 1.5120676755905151 48.989852905273438
v -39.429977416992188 1.5120676755905151 48.989852905273438
v -20.099964141845703 1.4559600353240967 -36.744037628173828
v -10.434953689575195 1.4639754295349121 -24.496339797973633
v -10.434954643249512 1.4559600353240967 -36.744037628173828
v -20.09996223449707 1.4719908237457275 -12.248640060424805
v -10.434952735900879 1.480006217956543 -0.00094263011123985052
v -10.434953689575195 1.4719908237457275 -12.248641014099121
v -39.429981231689453 1.4960368871688843 24.494455337524414
v -20.099958419799805 1.5120676755905151 48.989849090576172
v -20.099960327148438 1.4960368871688843 24.494453430175781
v -20.09996223449707 1.4880214929580688 12.246756553649902
v -10.434950828552246 1.4960368871688843 24.494453430175781
v -10.434951782226563 1.4880214929580688 12.246755599975586
v -20.099960327148438 1.5040522813796997 36.742153167724609
v -10.43494987487793 1.5120676755905151 48.989849090576172
v -10.434950828552246 1.5040522813796997 36.742153167724609
v -39.429977416992188 1.528098464012146 73.485244750976563
v -20.099956512451172 1.5441291332244873 97.980644226074219
v -20.099958419799805 1.528098464012146 73.485244750976563
v -20.099958419799805 1.5200830698013306 61.237548828125
v -10.434947967529297 1.528098464012146 73.485244750976563
v -10.434948921203613 1.5200830698013306 61.237548828125
v -20.099956512451172 1.5361137390136719 85.732948303222656
v -10.43494701385498 1.5441291332244873 97.980644226074219
v -10.43494701385498 1.5361137390136719 85.732948303222656
v -39.429973602294922 1.5601599216461182 122.47604370117188
v -20.099954605102539 1.5601599216461182 122.47603607177734
v -20.099954605102539 1.5521445274353027 110.22834014892578
v -10.434945106506348 1.5601599216461182 122.47603607177734
v -10.434946060180664 1.5521445274353027 110.22834014892578
v -20.099954605102539 1.5681753158569336 134.72373962402344
v -10.434944152832031 1.5761905908584595 146.971435546875
v -10.434944152832031 1.5681753158569336 134.72373962402344
v -20.099952697753906 1.5842059850692749 159.21913146972656
v -10.434943199157715 1.5842059850692749 159.21913146972656
vt 0.79692631959915161 0.0010667361784726381
vt 0.79692631959915161 0.0026072019245475531
vt 0.79633384943008423 0.0031996886245906353
vt 0.79485625028610229 0.0018962178146466613
vt 0.79485625028610229 0.0010667361784726381
vt 0.79580861330032349 0.0016156844794750214
vt 0.7949289083480835 0.00068573758471757174
vt 0.79515939950942993 0.0003348410245962441
vt 0.79551029205322266 0.00010435313743073493
vt 0.79589128494262695 3.1680086976848543E-05
vt 0.79627227783203125 0.00010435313743073493
vt 0.79662317037582397 0.0003348410245962441
vt 0.79685366153717041 0.00068573758471757174
vt 0.79580861330032349 0.00080784223973751068
vt 0.79523271322250366 0.0016156844794750214
vt 0.79523271322250366 0.00080784223973751068
vt 0.79638451337814331 0.0016156844794750214
vt 0.79638451337814331 0.00080784223973751068
vt 0.79465687274932861 0.0031996886245906353
vt 0.79465687274932861 0.0018962178146466613
vt 0.79580861330032349 0.002423526719212532
vt 0.79523271322250366 0.002423526719212532
vt 0.79523271322250366 0.0020196055993437767
vt 0.79494476318359375 0.002423526719212532
vt 0.79494476318359375 0.0016156844794750214
vt 0.79494476318359375 0.0020196055993437767
vt 0.60109859704971313 0.0010667361784726381
vt 0.60109859704971313 0.0026072019245475531
vt 0.60050612688064575 0.0031996886245906353
vt 0.59902846813201904 0.0018962178146466613
vt 0.59902846813201904 0.0010667361784726381
vt 0.59998106956481934 0.0016156844794750214
vt 0.59910118579864502 0.00068573758471757174
vt 0.59933167695999146 0.0003348410245962441
vt 0.59968256950378418 0.00010435313743073493
vt 0.60006356239318848 3.1680086976848543E-05
vt 0.60044455528259277 0.00010435313743073493
vt 0.6007954478263855 0.0003348410245962441
vt 0.60102593898773193 0.00068573758471757174
vt 0.59998106956481934 0.00080784223973751068
vt 0.59940528869628906 0.0016156844794750214
vt 0.59940528869628906 0.00080784223973751068
vt 0.60055685043334961 0.0016156844794750214
vt 0.60055685043334961 0.00080784223973751068
vt 0.59882950782775879 0.0031996886245906353
vt 0.59882950782775879 0.0018962178146466613
vt 0.59998106956481934 0.002423526719212532
vt 0.59940528869628906 0.002423526719212532
vt 0.59940528869628906 0.0020196055993437767
vt 0.59911739826202393 0.002423526719212532
vt 0.59911739826202393 0.0016156844794750214
vt 0.59911739826202393 0.0020196055993437767
vt 0.99822252988815308 0
vt 0.99624758958816528 0.00041949699516408145
vt 0.99427264928817749 0.00041949699516408145
vt 0.99624758958816528 0.00082317175110802054
vt 0.99427264928817749 0.00082317175110802054
vt 0.99624758958816528 0.0012245365651324391
vt 0.99427264928817749 0.0012245365651324391
vt 0.99624758958816528 0.001625901204533875
vt 0.99427264928817749 0.001625901204533875
vt 0.99624758958816528 0.0020453983452171087
vt 0.99427264928817749 0.0020453983452171087
vt 0.99624758958816528 0.0024490731302648783
vt 0.99427264928817749 0.0024490731302648783
vt 0.99624758958816528 0.0028504377696663141
vt 0.99427264928817749 0.0028504377696663141
vt 0.99822252988815308 0.00325180240906775
vt 0.99229764938354492 0.00325180240906775
vt 0.99822252988815308 0.00040647530113346875
vt 0.99822252988815308 0.00081295060226693749
vt 0.99822252988815308 0.0012194259325042367
vt 0.99822252988815308 0.001625901204533875
vt 0.99822252988815308 0.0020323765929788351
vt 0.99822252988815308 0.0024388518650084734
vt 0.99822252988815308 0.0028453271370381117
vt 0.99723505973815918 0.00041949699516408145
vt 0.99624758958816528 0.00020974849758204073
vt 0.99723505973815918 0.00020974849758204073
vt 0.99723505973815918 0.00082317175110802054
vt 0.99624758958816528 0.00062133435858413577
vt 0.99723505973815918 0.00062133435858413577
vt 0.99723505973815918 0.0012245365651324391
vt 0.99624758958816528 0.0010238541290163994
vt 0.99723505973815918 0.0010238541290163994
vt 0.99723505973815918 0.001625901204533875
vt 0.99624758958816528 0.0014252188848331571
vt 0.99723505973815918 0.0014252188848331571
vt 0.99723505973815918 0.0020453983452171087
vt 0.99624758958816528 0.0018356497166678309
vt 0.99723505973815918 0.0018356497166678309
vt 0.99723505973815918 0.0024490731302648783
vt 0.99624758958816528 0.0022472355049103498
vt 0.99723505973815918 0.0022472355049103498
vt 0.99723505973815918 0.0028504377696663141
vt 0.99624758958816528 0.0026497554499655962
vt 0.99723505973815918 0.0026497554499655962
vt 0.99624758958816528 0.0030511200893670321
vt 0.99723505973815918 0.0030511200893670321
vt 0.99229764938354492 0.0028453271370381117
vt 0.99229764938354492 0.0024388518650084734
vt 0.99229764938354492 0.0020323765929788351
vt 0.99229764938354492 0.001625901204533875
vt 0.99229764938354492 0.0012194259325042367
vt 0.99229764938354492 0.00081295060226693749
vt 0.99229764938354492 0.00040647530113346875
vt 0.99328517913818359 0.0028504377696663141
vt 0.99427264928817749 0.0030511200893670321
vt 0.99328517913818359 0.0030511200893670321
vt 0.99328517913818359 0.0024490731302648783
vt 0.99427264928817749 0.0026497554499655962
vt 0.99328517913818359 0.0026497554499655962
vt 0.99328517913818359 0.0020453983452171087
vt 0.99427264928817749 0.0022472355049103498
vt 0.99328517913818359 0.0022472355049103498
vt 0.99328517913818359 0.001625901204533875
vt 0.99427264928817749 0.0018356497166678309
vt 0.99328517913818359 0.0018356497166678309
vt 0.99328517913818359 0.0012245365651324391
vt 0.99427264928817749 0.0014252188848331571
vt 0.99328517913818359 0.0014252188848331571
vt 0.99328517913818359 0.00082317175110802054
vt 0.99427264928817749 0.0010238541290163994
vt 0.99328517913818359 0.0010238541290163994
vt 0.99328517913818359 0.00041949699516408145
vt 0.99427264928817749 0.00062133435858413577
vt 0.99328517913818359 0.00062133435858413577
vt 0.99427264928817749 0.00020974849758204073
vt 0.99328517913818359 0.00020974849758204073
vt 0.99703758955001831 0.00325180240906775
vt 0.99585258960723877 0.00325180240906775
vt 0.99466758966445923 0.00325180240906775
vt 0.99348264932632446 0.00325180240906775
vt 0.99229764938354492 0
vt 0.99348264932632446 0
vt 0.99466758966445923 0
vt 0.99585258960723877 0
vt 0.99703758955001831 0
vt 0.46120327711105347 0.0080032031983137131
vt 0.45527839660644531 0.0080032031983137131
vt 0.46120327711105347 0.0095436694100499153
vt 0.45527839660644531 0.0095436694100499153
vt 0.45646339654922485 0.0080032031983137131
vt 0.45764836668968201 0.0080032031983137131
vt 0.45883333683013916 0.0080032031983137131
vt 0.46001830697059631 0.0080032031983137131
vt 0.45922830700874329 0.0095436694100499153
vt 0.45725336670875549 0.0095436694100499153
vt 0.17533913254737854 0.0059248683974146843
vt 0.17617703974246979 0
vt 0.17533913254737854 0
vt 0.17617703974246979 0.0059248683974146843
vt 0.17533913254737854 0.0039499122649431229
vt 0.17533913254737854 0.0019749561324715614
vt 0.17617703974246979 0.0019749561324715614
vt 0.17617703974246979 0.0039499122649431229
vt 0.3152584433555603 0
vt 0.3152584433555603 0.0059248683974146843
vt 0.31693547964096069 0
vt 0.31693503260612488 0.0059248683974146843
vt 0.3152584433555603 0.0039499122649431229
vt 0.3152584433555603 0.0019749561324715614
vt 0.31693536043167114 0.0014812170993536711
vt 0.31693527102470398 0.0029624341987073421
vt 0.31693515181541443 0.0044436510652303696
vt 0 0
vt 0.00019938552577514201 0
vt 0.00019938552577514201 0.0059248683974146843
vt 0.00019938552577514201 0.0008464098209515214
vt 0.00019938552577514201 0.0016928196419030428
vt 0.00019938552577514201 0.0025392293464392424
vt 0.00019938552577514201 0.0033856392838060856
vt 0.00019938552577514201 0.0042320489883422852
vt 0.00019938552577514201 0.0050784586928784847
vt 4.2408439071550674E-07 0.0059248683974146843
vt 3.7107383832335472E-07 0.0051842597313225269
vt 3.180632859312027E-07 0.0044436510652303696
vt 2.6505273353905068E-07 0.0037030426319688559
vt 2.1204219535775337E-07 0.0029624341987073421
vt 1.5903164296560135E-07 0.0022218255326151848
vt 1.0602109767887669E-07 0.0014812170993536711
vt 5.3010548839438343E-08 0.00074060854967683554
vt 0.10608260333538055 0
vt 0.10608260333538055 0.0059248683974146843
vt 0.10691208392381668 0
vt 0.10691208392381668 0.0059248683974146843
vt 0.10691208392381668 0.0011849736329168081
vt 0.10691208392381668 0.0023699472658336163
vt 0.10691208392381668 0.003554921131581068
vt 0.10691208392381668 0.0047398945316672325
vt 0.10608260333538055 0.0050784586928784847
vt 0.10608260333538055 0.0042320489883422852
vt 0.10608260333538055 0.0033856392838060856
vt 0.10608260333538055 0.0025392293464392424
vt 0.10608260333538055 0.0016928196419030428
vt 0.10608260333538055 0.0008464098209515214
vt 0.60114091634750366 0.0042981049045920372
vt 0.60114091634750366 0.0058385706506669521
vt 0.6005483865737915 0.006431057583540678
vt 0.59907078742980957 0.0051275868900120258
vt 0.59907078742980957 0.0042981049045920372
vt 0.6000022292137146 0.0048470534384250641
vt 0.59914344549179077 0.0039171064272522926
vt 0.59937393665313721 0.0035662099253386259
vt 0.59972482919692993 0.0033357220236212015
vt 0.60010582208633423 0.0032630490604788065
vt 0.60048681497573853 0.0033357220236212015
vt 0.60083776712417603 0.0035662099253386259
vt 0.60106819868087769 0.0039171064272522926
vt 0.6000022292137146 0.0040392111986875534
vt 0.59941589832305908 0.0048470534384250641
vt 0.59941589832305908 0.0040392111986875534
vt 0.60058861970901489 0.0048470534384250641
vt 0.60058861970901489 0.0040392111986875534
vt 0.59882950782775879 0.006431057583540678
vt 0.59882950782775879 0.0051275868900120258
vt 0.6000022292137146 0.0056548956781625748
vt 0.59941589832305908 0.0056548956781625748
vt 0.79696893692016602 0.0042981049045920372
vt 0.79696893692016602 0.0058385706506669521
vt 0.79637646675109863 0.006431057583540678
vt 0.7948988676071167 0.0051275868900120258
vt 0.7948988676071167 0.0042981049045920372
vt 0.79583007097244263 0.0048470534384250641
vt 0.7949715256690979 0.0039171064272522926
vt 0.79520201683044434 0.0035662099253386259
vt 0.79555290937423706 0.0033357220236212015
vt 0.79593390226364136 0.0032630490604788065
vt 0.79631489515304565 0.0033357220236212015
vt 0.79666578769683838 0.0035662099253386259
vt 0.79689627885818481 0.0039171064272522926
vt 0.79583007097244263 0.0040392111986875534
vt 0.79524362087249756 0.0048470534384250641
vt 0.79524362087249756 0.0040392111986875534
vt 0.7964165210723877 0.0048470534384250641
vt 0.7964165210723877 0.0040392111986875534
vt 0.79465717077255249 0.006431057583540678
vt 0.79465717077255249 0.0051275868900120258
vt 0.79583007097244263 0.0056548956781625748
vt 0.79524362087249756 0.0056548956781625748
vt 0.99822252988815308 0.320351243019104
vt 0.99624758958816528 0.3207707405090332
vt 0.99427264928817749 0.3207707405090332
vt 0.99624758958816528 0.32117441296577454
vt 0.99427264928817749 0.32117441296577454
vt 0.99624758958816528 0.32157579064369202
vt 0.99427264928817749 0.32157579064369202
vt 0.99624758958816528 0.32197713851928711
vt 0.99427264928817749 0.32197713851928711
vt 0.99624758958816528 0.32239663600921631
vt 0.99427264928817749 0.32239663600921631
vt 0.99624758958816528 0.32280030846595764
vt 0.99427264928817749 0.32280030846595764
vt 0.99624758958816528 0.32320168614387512
vt 0.99427264928817749 0.32320168614387512
vt 0.99822252988815308 0.32360303401947021
vt 0.99229764938354492 0.32360303401947021
vt 0.99822252988815308 0.32075771689414978
vt 0.99822252988815308 0.32116419076919556
vt 0.99822252988815308 0.32157066464424133
vt 0.99822252988815308 0.32197713851928711
vt 0.99822252988815308 0.32238361239433289
vt 0.99822252988815308 0.32279008626937866
vt 0.99822252988815308 0.32319656014442444
vt 0.99723505973815918 0.3207707405090332
vt 0.99624758958816528 0.3205609917640686
vt 0.99723505973815918 0.3205609917640686
vt 0.99723505973815918 0.32117441296577454
vt 0.99624758958816528 0.32097259163856506
vt 0.99723505973815918 0.32097259163856506
vt 0.99723505973815918 0.32157579064369202
vt 0.99624758958816528 0.32137510180473328
vt 0.99723505973815918 0.32137510180473328
vt 0.99723505973815918 0.32197713851928711
vt 0.99624758958816528 0.32177644968032837
vt 0.99723505973815918 0.32177644968032837
vt 0.99723505973815918 0.32239663600921631
vt 0.99624758958816528 0.32218688726425171
vt 0.99723505973815918 0.32218688726425171
vt 0.99723505973815918 0.32280030846595764
vt 0.99624758958816528 0.32259848713874817
vt 0.99723505973815918 0.32259848713874817
vt 0.99723505973815918 0.32320168614387512
vt 0.99624758958816528 0.32300099730491638
vt 0.99723505973815918 0.32300099730491638
vt 0.99624758958816528 0.32340237498283386
vt 0.99723505973815918 0.32340237498283386
vt 0.99229764938354492 0.32319656014442444
vt 0.99229764938354492 0.32279008626937866
vt 0.99229764938354492 0.32238361239433289
vt 0.99229764938354492 0.32197713851928711
vt 0.99229764938354492 0.32157066464424133
vt 0.99229764938354492 0.32116419076919556
vt 0.99229764938354492 0.32075771689414978
vt 0.99328517913818359 0.32320168614387512
vt 0.99427264928817749 0.32340237498283386
vt 0.99328517913818359 0.32340237498283386
vt 0.99328517913818359 0.32280030846595764
vt 0.99427264928817749 0.32300099730491638
vt 0.99328517913818359 0.32300099730491638
vt 0.99328517913818359 0.32239663600921631
vt 0.99427264928817749 0.32259848713874817
vt 0.99328517913818359 0.32259848713874817
vt 0.99328517913818359 0.32197713851928711
vt 0.99427264928817749 0.32218688726425171
vt 0.99328517913818359 0.32218688726425171
vt 0.99328517913818359 0.32157579064369202
vt 0.99427264928817749 0.32177644968032837
vt 0.99328517913818359 0.32177644968032837
vt 0.99328517913818359 0.32117441296577454
vt 0.99427264928817749 0.32137510180473328
vt 0.99328517913818359 0.32137510180473328
vt 0.99328517913818359 0.3207707405090332
vt 0.99427264928817749 0.32097259163856506
vt 0.99328517913818359 0.32097259163856506
vt 0.99427264928817749 0.3205609917640686
vt 0.99328517913818359 0.3205609917640686
vt 0.99674129486083984 0.32360303401947021
vt 0.99526011943817139 0.32360303401947021
vt 0.99377888441085815 0.32360303401947021
vt 0.99229764938354492 0.320351243019104
vt 0.99377888441085815 0.320351243019104
vt 0.99526011943817139 0.320351243019104
vt 0.99674129486083984 0.320351243019104
vt 0.46120327711105347 0.0064627379179000854
vt 0.45527839660644531 0.0064627379179000854
vt 0.46120327711105347 0.0080032031983137131
vt 0.45527839660644531 0.0080032031983137131
vt 0.45675963163375854 0.0064627379179000854
vt 0.45824083685874939 0.0064627379179000854
vt 0.45972207188606262 0.0064627379179000854
vt 0.45922830700874329 0.0080032031983137131
vt 0.45725336670875549 0.0080032031983137131
vt 0.24529880285263062 0.0059248683974146843
vt 0.24613669514656067 0
vt 0.24529880285263062 0
vt 0.24613669514656067 0.0059248683974146843
vt 0.24529880285263062 0.0039499122649431229
vt 0.24529880285263062 0.0019749561324715614
vt 0.24613669514656067 0.0019749561324715614
vt 0.24613669514656067 0.0039499122649431229
vt 0.45527839660644531 0
vt 0.45527839660644531 0.0059248683974146843
vt 0.45699727535247803 0
vt 0.45699772238731384 0.0059248683974146843
vt 0.45527839660644531 0.0039499122649431229
vt 0.45527839660644531 0.0019749561324715614
vt 0.45699739456176758 0.0014812170993536711
vt 0.45699751377105713 0.0029624341987073421
vt 0.45699760317802429 0.0044436510652303696
vt 0.016647446900606155 0.0059248683974146843
vt 0.016889125108718872 0
vt 0.016889125108718872 0.0059248683974146843
vt 0.016889125108718872 0.0008464098209515214
vt 0.016889125108718872 0.0016928196419030428
vt 0.016889125108718872 0.0025392293464392424
vt 0.016889125108718872 0.0033856392838060856
vt 0.016889125108718872 0.0042320489883422852
vt 0.016889125108718872 0.0050784586928784847
vt 0.016647499054670334 0.0051842597313225269
vt 0.016647553071379662 0.0044436510652303696
vt 0.01664760522544384 0.0037030426319688559
vt 0.016647659242153168 0.0029624341987073421
vt 0.016647711396217346 0.0022218255326151848
vt 0.016647765412926674 0.0014812170993536711
vt 0.016647817566990852 0.00074060854967683554
vt 0.016647869721055031 0
vt 0.036826066672801971 0
vt 0.036826066672801971 0.0059248683974146843
vt 0.037655550986528397 0
vt 0.037655550986528397 0.0059248683974146843
vt 0.037655550986528397 0.0014812170993536711
vt 0.037655550986528397 0.0029624341987073421
vt 0.037655550986528397 0.0044436510652303696
vt 0.036826066672801971 0.0050784586928784847
vt 0.036826066672801971 0.0042320489883422852
vt 0.036826066672801971 0.0033856392838060856
vt 0.036826066672801971 0.0025392293464392424
vt 0.036826066672801971 0.0016928196419030428
vt 0.036826066672801971 0.0008464098209515214
vt 1 0
vt 0.99822252988815308 0
vt 1 0.49521505832672119
vt 0.99822252988815308 0.49521505832672119
vt 1 0.0039936695247888565
vt 1 0.007987339049577713
vt 1 0.01198100857436657
vt 1 0.015974678099155426
vt 1 0.019968347623944283
vt 1 0.023962017148733139
vt 1 0.027955688536167145
vt 1 0.031949356198310852
vt 1 0.035943027585744858
vt 1 0.039936695247888565
vt 1 0.043930366635322571
vt 1 0.047924034297466278
vt 1 0.051917705684900284
vt 1 0.05591137707233429
vt 1 0.059905044734477997
vt 1 0.063898712396621704
vt 1 0.067892387509346008
vt 1 0.071886055171489716
vt 1 0.07587973028421402
vt 1 0.07987339049577713
vt 1 0.083867065608501434
vt 1 0.087860733270645142
vt 1 0.091854408383369446
vt 1 0.095848068594932556
vt 1 0.09984174370765686
vt 1 0.10383541136980057
vt 1 0.10782908648252487
vt 1 0.11182275414466858
vt 1 0.11581642180681229
vt 1 0.11981008946895599
vt 1 0.1238037645816803
vt 1 0.12779742479324341
vt 1 0.13179111480712891
vt 1 0.13578477501869202
vt 1 0.13977843523025513
vt 1 0.14377211034297943
vt 1 0.14776578545570374
vt 1 0.15175946056842804
vt 1 0.15575312077999115
vt 1 0.15974678099155426
vt 1 0.16374047100543976
vt 1 0.16773413121700287
vt 1 0.17172780632972717
vt 1 0.17572146654129028
vt 1 0.17971514165401459
vt 1 0.18370881676673889
vt 1 0.187702476978302
vt 1 0.19169613718986511
vt 1 0.19568982720375061
vt 1 0.19968348741531372
vt 1 0.20367716252803802
vt 1 0.20767082273960114
vt 1 0.21166449785232544
vt 1 0.21565817296504974
vt 1 0.21965183317661285
vt 1 0.22364550828933716
vt 1 0.22763918340206146
vt 1 0.23163284361362457
vt 1 0.23562651872634888
vt 1 0.23962017893791199
vt 1 0.24361385405063629
vt 1 0.2476075291633606
vt 1 0.25160118937492371
vt 1 0.25559484958648682
vt 1 0.25958850979804993
vt 1 0.26358222961425781
vt 1 0.26757588982582092
vt 1 0.27156955003738403
vt 1 0.27556321024894714
vt 1 0.27955687046051025
vt 1 0.28355056047439575
vt 1 0.28754422068595886
vt 1 0.29153788089752197
vt 1 0.29553157091140747
vt 1 0.29952523112297058
vt 1 0.30351892113685608
vt 1 0.30751258134841919
vt 1 0.3115062415599823
vt 1 0.31549990177154541
vt 1 0.31949356198310852
vt 1 0.32348725199699402
vt 1 0.32748094201087952
vt 1 0.33147460222244263
vt 1 0.33546826243400574
vt 1 0.33946192264556885
vt 1 0.34345561265945435
vt 1 0.34744927287101746
vt 1 0.35144293308258057
vt 1 0.35543659329414368
vt 1 0.35943028330802917
vt 1 0.36342394351959229
vt 1 0.36741763353347778
vt 1 0.37141129374504089
vt 1 0.375404953956604
vt 1 0.37939861416816711
vt 1 0.38339227437973022
vt 1 0.38738599419593811
vt 1 0.39137965440750122
vt 1 0.39537331461906433
vt 1 0.39936697483062744
vt 1 0.40336063504219055
vt 1 0.40735432505607605
vt 1 0.41134798526763916
vt 1 0.41534164547920227
vt 1 0.41933533549308777
vt 1 0.42332899570465088
vt 1 0.42732268571853638
vt 1 0.43131634593009949
vt 1 0.4353100061416626
vt 1 0.43930366635322571
vt 1 0.44329732656478882
vt 1 0.44729101657867432
vt 1 0.45128470659255981
vt 1 0.45527836680412292
vt 1 0.45927202701568604
vt 1 0.46326568722724915
vt 1 0.46725934743881226
vt 1 0.47125303745269775
vt 1 0.47524669766426086
vt 1 0.47924035787582397
vt 1 0.48323404788970947
vt 1 0.48722770810127258
vt 1 0.49122139811515808
vt 0.99822252988815308 0.4912533164024353
vt 0.99822252988815308 0.48729163408279419
vt 0.99822252988815308 0.4833298921585083
vt 0.99822252988815308 0.4793681800365448
vt 0.99822252988815308 0.47540643811225891
vt 0.99822252988815308 0.4714447557926178
vt 0.99822252988815308 0.46748301386833191
vt 0.99822252988815308 0.46352127194404602
vt 0.99822252988815308 0.45955955982208252
vt 0.99822252988815308 0.45559784770011902
vt 0.99822252988815308 0.45163613557815552
vt 0.99822252988815308 0.44767439365386963
vt 0.99822252988815308 0.44371271133422852
vt 0.99822252988815308 0.43975096940994263
vt 0.99822252988815308 0.43578925728797913
vt 0.99822252988815308 0.43182751536369324
vt 0.99822252988815308 0.42786580324172974
vt 0.99822252988815308 0.42390409111976624
vt 0.99822252988815308 0.41994234919548035
vt 0.99822252988815308 0.41598063707351685
vt 0.99822252988815308 0.41201892495155334
vt 0.99822252988815308 0.40805721282958984
vt 0.99822252988815308 0.40409547090530396
vt 0.99822252988815308 0.40013378858566284
vt 0.99822252988815308 0.39617204666137695
vt 0.99822252988815308 0.39221033453941345
vt 0.99822252988815308 0.38824859261512756
vt 0.99822252988815308 0.38428688049316406
vt 0.99822252988815308 0.38032516837120056
vt 0.99822252988815308 0.37636342644691467
vt 0.99822252988815308 0.37240171432495117
vt 0.99822252988815308 0.36844000220298767
vt 0.99822252988815308 0.36447829008102417
vt 0.99822252988815308 0.36051654815673828
vt 0.99822252988815308 0.35655486583709717
vt 0.99822252988815308 0.35259312391281128
vt 0.99822252988815308 0.34863138198852539
vt 0.99822252988815308 0.34466966986656189
vt 0.99822252988815308 0.34070795774459839
vt 0.99822252988815308 0.33674624562263489
vt 0.99822252988815308 0.332784503698349
vt 0.99822252988815308 0.3288227915763855
vt 0.99822252988815308 0.324861079454422
vt 0.99822252988815308 0.3208993673324585
vt 0.99822252988815308 0.31693762540817261
vt 0.99822252988815308 0.31297594308853149
vt 0.99822252988815308 0.30901420116424561
vt 0.99822252988815308 0.30505245923995972
vt 0.99822252988815308 0.30109074711799622
vt 0.99822252988815308 0.29712903499603271
vt 0.99822252988815308 0.29316732287406921
vt 0.99822252988815308 0.28920558094978333
vt 0.99822252988815308 0.28524386882781982
vt 0.99822252988815308 0.28128215670585632
vt 0.99822252988815308 0.27732044458389282
vt 0.99822252988815308 0.27335870265960693
vt 0.99822252988815308 0.26939699053764343
vt 0.99822252988815308 0.26543527841567993
vt 0.99822252988815308 0.26147353649139404
vt 0.99822252988815308 0.25751182436943054
vt 0.99822252988815308 0.25355011224746704
vt 0.99822252988815308 0.24958838522434235
vt 0.99822252988815308 0.24562665820121765
vt 0.99822252988815308 0.24166494607925415
vt 0.99822252988815308 0.23770321905612946
vt 0.99822252988815308 0.23374150693416595
vt 0.99822252988815308 0.22977977991104126
vt 0.99822252988815308 0.22581806778907776
vt 0.99822252988815308 0.22185635566711426
vt 0.99822252988815308 0.21789462864398956
vt 0.99822252988815308 0.21393290162086487
vt 0.99822252988815308 0.20997117459774017
vt 0.99822252988815308 0.20600946247577667
vt 0.99822252988815308 0.20204773545265198
vt 0.99822252988815308 0.19808602333068848
vt 0.99822252988815308 0.19412429630756378
vt 0.99822252988815308 0.19016258418560028
vt 0.99822252988815308 0.18620085716247559
vt 0.99822252988815308 0.18223914504051208
vt 0.99822252988815308 0.17827743291854858
vt 0.99822252988815308 0.1743156909942627
vt 0.99822252988815308 0.17035397887229919
vt 0.99822252988815308 0.1663922518491745
vt 0.99822252988815308 0.162430539727211
vt 0.99822252988815308 0.1584688127040863
vt 0.99822252988815308 0.1545071005821228
vt 0.99822252988815308 0.15054537355899811
vt 0.99822252988815308 0.14658366143703461
vt 0.99822252988815308 0.14262193441390991
vt 0.99822252988815308 0.13866022229194641
vt 0.99822252988815308 0.13469849526882172
vt 0.99822252988815308 0.13073676824569702
vt 0.99822252988815308 0.12677505612373352
vt 0.99822252988815308 0.12281332910060883
vt 0.99822252988815308 0.11885160952806473
vt 0.99822252988815308 0.11488988995552063
vt 0.99822252988815308 0.11092817783355713
vt 0.99822252988815308 0.10696645081043243
vt 0.99822252988815308 0.10300473123788834
vt 0.99822252988815308 0.099043011665344238
vt 0.99822252988815308 0.09508129209280014
vt 0.99822252988815308 0.091119572520256042
vt 0.99822252988815308 0.087157845497131348
vt 0.99822252988815308 0.08319612592458725
vt 0.99822252988815308 0.079234406352043152
vt 0.99822252988815308 0.075272686779499054
vt 0.99822252988815308 0.071310967206954956
vt 0.99822252988815308 0.067349247634410858
vt 0.99822252988815308 0.06338752806186676
vt 0.99822252988815308 0.059425804764032364
vt 0.99822252988815308 0.055464088916778564
vt 0.99822252988815308 0.051502365618944168
vt 0.99822252988815308 0.04754064604640007
vt 0.99822252988815308 0.043578922748565674
vt 0.99822252988815308 0.039617203176021576
vt 0.99822252988815308 0.035655483603477478
vt 0.99822252988815308 0.03169376403093338
vt 0.99822252988815308 0.027732044458389282
vt 0.99822252988815308 0.023770323023200035
vt 0.99822252988815308 0.019808601588010788
vt 0.99822252988815308 0.01584688201546669
vt 0.99822252988815308 0.011885161511600018
vt 0.99822252988815308 0.007923441007733345
vt 0.99822252988815308 0.0039617205038666725
vt 0.99911129474639893 0.0053248931653797626
vt 0.99911129474639893 0.015974678099155426
vt 0.99911129474639893 0.021299572661519051
vt 0.99911129474639893 0.031949356198310852
vt 0.99911129474639893 0.026624465361237526
vt 0.99911129474639893 0.037274252623319626
vt 0.99911129474639893 0.042599145323038101
vt 0.99911129474639893 0.053248930722475052
vt 0.99911129474639893 0.047924034297466278
vt 0.99911129474639893 0.063898712396621704
vt 0.99911129474639893 0.058573823422193527
vt 0.99911129474639893 0.069223612546920776
vt 0.99911129474639893 0.074548505246639252
vt 0.99911129474639893 0.07987339049577713
vt 0.99911129474639893 0.085198290646076202
vt 0.99911129474639893 0.090523183345794678
vt 0.99911129474639893 0.095848068594932556
vt 0.99911129474639893 0.10117296874523163
vt 0.99911129474639893 0.11182275414466858
vt 0.99911129474639893 0.1064978614449501
vt 0.99911129474639893 0.11714764684438705
vt 0.99911129474639893 0.12247253954410553
vt 0.99911129474639893 0.12779742479324341
vt 0.99911129474639893 0.13312232494354248
vt 0.99911129474639893 0.13844722509384155
vt 0.99911129474639893 0.1490970104932785
vt 0.99911129474639893 0.14377211034297943
vt 0.99911129474639893 0.15974678099155426
vt 0.99911129474639893 0.15442189574241638
vt 0.99911129474639893 0.16507169604301453
vt 0.99911129474639893 0.1703965812921524
vt 0.99911129474639893 0.17572146654129028
vt 0.99911129474639893 0.18104636669158936
vt 0.99911129474639893 0.19169613718986511
vt 0.99911129474639893 0.18637125194072723
vt 0.99911129474639893 0.19702105224132538
vt 0.99911129474639893 0.20234593749046326
vt 0.99911129474639893 0.20767082273960114
vt 0.99911129474639893 0.21299572288990021
vt 0.99911129474639893 0.21832060813903809
vt 0.99911129474639893 0.22897040843963623
vt 0.99911129474639893 0.22364550828933716
vt 0.99911129474639893 0.23962017893791199
vt 0.99911129474639893 0.23429529368877411
vt 0.99911129474639893 0.24494507908821106
vt 0.99911129474639893 0.25026997923851013
vt 0.99911129474639893 0.25559484958648682
vt 0.99911129474639893 0.26091974973678589
vt 0.99911129474639893 0.26624464988708496
vt 0.99911129474639893 0.27689445018768311
vt 0.99911129474639893 0.27156955003738403
vt 0.99911129474639893 0.28221932053565979
vt 0.99911129474639893 0.28754422068595886
vt 0.99911129474639893 0.29286909103393555
vt 0.99911129474639893 0.30351892113685608
vt 0.99911129474639893 0.29819402098655701
vt 0.99911129474639893 0.30884379148483276
vt 0.99911129474639893 0.31416869163513184
vt 0.99911129474639893 0.31949356198310852
vt 0.99911129474639893 0.32481846213340759
vt 0.99911129474639893 0.33014339208602905
vt 0.99911129474639893 0.34079316258430481
vt 0.99911129474639893 0.33546826243400574
vt 0.99911129474639893 0.34611803293228149
vt 0.99911129474639893 0.35144293308258057
vt 0.99911129474639893 0.35676786303520203
vt 0.99911129474639893 0.36209273338317871
vt 0.99911129474639893 0.37274250388145447
vt 0.99911129474639893 0.36741763353347778
vt 0.99911129474639893 0.37806740403175354
vt 0.99911129474639893 0.38871720433235168
vt 0.99911129474639893 0.38339227437973022
vt 0.99911129474639893 0.39404210448265076
vt 0.99911129474639893 0.39936697483062744
vt 0.99911129474639893 0.40469187498092651
vt 0.99911129474639893 0.4100167453289032
vt 0.99911129474639893 0.42066657543182373
vt 0.99911129474639893 0.41534164547920227
vt 0.99911129474639893 0.43131634593009949
vt 0.99911129474639893 0.42599144577980042
vt 0.99911129474639893 0.43664121627807617
vt 0.99911129474639893 0.44196611642837524
vt 0.99911129474639893 0.45261591672897339
vt 0.99911129474639893 0.44729101657867432
vt 0.99911129474639893 0.46326568722724915
vt 0.99911129474639893 0.45794081687927246
vt 0.99911129474639893 0.46859058737754822
vt 0.99911129474639893 0.4739154577255249
vt 0.99911129474639893 0.47924035787582397
vt 0.99911129474639893 0.48456528782844543
vt 0.99911129474639893 0.48989015817642212
vt 0 0.0095436694100499153
vt 0 0.011321130208671093
vt 0.49526011943817139 0.0095436694100499153
vt 0.49526011943817139 0.011321130208671093
vt 0.007861272431910038 0.0095436694100499153
vt 0.015722544863820076 0.0095436694100499153
vt 0.02358381450176239 0.0095436694100499153
vt 0.031445089727640152 0.0095436694100499153
vt 0.039306357502937317 0.0095436694100499153
vt 0.04716762900352478 0.0095436694100499153
vt 0.055028900504112244 0.0095436694100499153
vt 0.062890179455280304 0.0095436694100499153
vt 0.07075144350528717 0.0095436694100499153
vt 0.078612715005874634 0.0095436694100499153
vt 0.086473986506462097 0.0095436694100499153
vt 0.094335258007049561 0.0095436694100499153
vt 0.10219652950763702 0.0095436694100499153
vt 0.11005780100822449 0.0095436694100499153
vt 0.11791907250881195 0.0095436694100499153
vt 0.12578035891056061 0.0095436694100499153
vt 0.13364161550998688 0.0095436694100499153
vt 0.14150288701057434 0.0095436694100499153
vt 0.1493641585111618 0.0095436694100499153
vt 0.15722543001174927 0.0095436694100499153
vt 0.16508670151233673 0.0095436694100499153
vt 0.17294797301292419 0.0095436694100499153
vt 0.18080924451351166 0.0095436694100499153
vt 0.18867051601409912 0.0095436694100499153
vt 0.19653178751468658 0.0095436694100499153
vt 0.20439305901527405 0.0095436694100499153
vt 0.21225433051586151 0.0095436694100499153
vt 0.22011560201644897 0.0095436694100499153
vt 0.22797687351703644 0.0095436694100499153
vt 0.2358381450176239 0.0095436694100499153
vt 0.24369941651821136 0.0095436694100499153
vt 0.25156071782112122 0.0095436694100499153
vt 0.25942197442054749 0.0095436694100499153
vt 0.26728323101997375 0.0095436694100499153
vt 0.27514451742172241 0.0095436694100499153
vt 0.28300577402114868 0.0095436694100499153
vt 0.29086706042289734 0.0095436694100499153
vt 0.29872831702232361 0.0095436694100499153
vt 0.30658960342407227 0.0095436694100499153
vt 0.31445086002349854 0.0095436694100499153
vt 0.32231214642524719 0.0095436694100499153
vt 0.33017340302467346 0.0095436694100499153
vt 0.33803468942642212 0.0095436694100499153
vt 0.34589594602584839 0.0095436694100499153
vt 0.35375723242759705 0.0095436694100499153
vt 0.36161848902702332 0.0095436694100499153
vt 0.36947977542877197 0.0095436694100499153
vt 0.37734103202819824 0.0095436694100499153
vt 0.3852023184299469 0.0095436694100499153
vt 0.39306357502937317 0.0095436694100499153
vt 0.40092486143112183 0.0095436694100499153
vt 0.4087861180305481 0.0095436694100499153
vt 0.41664740443229675 0.0095436694100499153
vt 0.42450866103172302 0.0095436694100499153
vt 0.43236994743347168 0.0095436694100499153
vt 0.44023120403289795 0.0095436694100499153
vt 0.44809249043464661 0.0095436694100499153
vt 0.45595374703407288 0.0095436694100499153
vt 0.46381503343582153 0.0095436694100499153
vt 0.4716762900352478 0.0095436694100499153
vt 0.47953757643699646 0.0095436694100499153
vt 0.48739883303642273 0.0095436694100499153
vt 0.48739883303642273 0.011321130208671093
vt 0.47953757643699646 0.011321130208671093
vt 0.4716762900352478 0.011321130208671093
vt 0.46381503343582153 0.011321130208671093
vt 0.45595374703407288 0.011321130208671093
vt 0.44809249043464661 0.011321130208671093
vt 0.44023120403289795 0.011321130208671093
vt 0.43236994743347168 0.011321130208671093
vt 0.42450866103172302 0.011321130208671093
vt 0.41664740443229675 0.011321130208671093
vt 0.4087861180305481 0.011321130208671093
vt 0.40092486143112183 0.011321130208671093
vt 0.39306357502937317 0.011321130208671093
vt 0.3852023184299469 0.011321130208671093
vt 0.37734103202819824 0.011321130208671093
vt 0.36947977542877197 0.011321130208671093
vt 0.36161848902702332 0.011321130208671093
vt 0.35375723242759705 0.011321130208671093
vt 0.34589594602584839 0.011321130208671093
vt 0.33803468942642212 0.011321130208671093
vt 0.33017340302467346 0.011321130208671093
vt 0.32231214642524719 0.011321130208671093
vt 0.31445086002349854 0.011321130208671093
vt 0.30658960342407227 0.011321130208671093
vt 0.29872831702232361 0.011321130208671093
vt 0.29086706042289734 0.011321130208671093
vt 0.28300577402114868 0.011321130208671093
vt 0.27514451742172241 0.011321130208671093
vt 0.26728323101997375 0.011321130208671093
vt 0.25942197442054749 0.011321130208671093
vt 0.25156071782112122 0.011321130208671093
vt 0.24369941651821136 0.011321130208671093
vt 0.2358381450176239 0.011321130208671093
vt 0.22797687351703644 0.011321130208671093
vt 0.22011560201644897 0.011321130208671093
vt 0.21225433051586151 0.011321130208671093
vt 0.20439305901527405 0.011321130208671093
vt 0.19653178751468658 0.011321130208671093
vt 0.18867051601409912 0.011321130208671093
vt 0.18080924451351166 0.011321130208671093
vt 0.17294797301292419 0.011321130208671093
vt 0.16508670151233673 0.011321130208671093
vt 0.15722543001174927 0.011321130208671093
vt 0.1493641585111618 0.011321130208671093
vt 0.14150288701057434 0.011321130208671093
vt 0.13364161550998688 0.011321130208671093
vt 0.12578035891056061 0.011321130208671093
vt 0.11791907250881195 0.011321130208671093
vt 0.11005780100822449 0.011321130208671093
vt 0.10219652950763702 0.011321130208671093
vt 0.094335258007049561 0.011321130208671093
vt 0.086473986506462097 0.011321130208671093
vt 0.078612715005874634 0.011321130208671093
vt 0.07075144350528717 0.011321130208671093
vt 0.062890179455280304 0.011321130208671093
vt 0.055028900504112244 0.011321130208671093
vt 0.04716762900352478 0.011321130208671093
vt 0.039306357502937317 0.011321130208671093
vt 0.031445089727640152 0.011321130208671093
vt 0.02358381450176239 0.011321130208671093
vt 0.015722544863820076 0.011321130208671093
vt 0.007861272431910038 0.011321130208671093
vt 0.99140894412994385 0.010655642487108707
vt 0.99140894412994385 0.031966924667358398
vt 0.99140894412994385 0.59671598672866821
vt 0.99140894412994385 0.61802726984024048
vt 0.99229764938354492 0.62868291139602661
vt 0.99052023887634277 0.62868291139602661
vt 0.99052023887634277 0.0010790311498567462
vt 0.99229764938354492 0.0010790309170261025
vt 0.99096459150314331 0.010655642487108707
vt 0.99140894412994385 0.0053278212435543537
vt 0.99096459150314331 0.0053278212435543537
vt 0.99185329675674438 0.010655642487108707
vt 0.99185329675674438 0.0053278212435543537
vt 0.99140894412994385 0.62335509061813354
vt 0.99185329675674438 0.61802726984024048
vt 0.99185329675674438 0.62335509061813354
vt 0.99096459150314331 0.61802726984024048
vt 0.99096459150314331 0.62335509061813354
vt 0.99229764938354492 0.0090233832597732544
vt 0.99229764938354492 0.016967736184597015
vt 0.99229764938354492 0.024912089109420776
vt 0.99229764938354492 0.032856442034244537
vt 0.99229764938354492 0.040800794959068298
vt 0.99229764938354492 0.048745147883892059
vt 0.99229764938354492 0.05668950080871582
vt 0.99229764938354492 0.064633853733539581
vt 0.99229764938354492 0.072578206658363342
vt 0.99229764938354492 0.080522559583187103
vt 0.99229764938354492 0.088466912508010864
vt 0.99229764938354492 0.096411265432834625
vt 0.99229764938354492 0.10435561835765839
vt 0.99229764938354492 0.11229997128248215
vt 0.99229764938354492 0.12024432420730591
vt 0.99229764938354492 0.12818866968154907
vt 0.99229764938354492 0.13613303005695343
vt 0.99229764938354492 0.14407739043235779
vt 0.99229764938354492 0.15202173590660095
vt 0.99229764938354492 0.15996609628200531
vt 0.99229764938354492 0.16791042685508728
vt 0.99229764938354492 0.17585478723049164
vt 0.99229764938354492 0.183799147605896
vt 0.99229764938354492 0.19174349308013916
vt 0.99229764938354492 0.19968785345554352
vt 0.99229764938354492 0.20763221383094788
vt 0.99229764938354492 0.21557655930519104
vt 0.99229764938354492 0.2235209047794342
vt 0.99229764938354492 0.23146526515483856
vt 0.99229764938354492 0.23940961062908173
vt 0.99229764938354492 0.24735397100448608
vt 0.99229764938354492 0.25529831647872925
vt 0.99229764938354492 0.26324266195297241
vt 0.99229764938354492 0.27118703722953796
vt 0.99229764938354492 0.27913138270378113
vt 0.99229764938354492 0.28707572817802429
vt 0.99229764938354492 0.29502010345458984
vt 0.99229764938354492 0.30296441912651062
vt 0.99229764938354492 0.31090879440307617
vt 0.99229764938354492 0.31885313987731934
vt 0.99229764938354492 0.32679751515388489
vt 0.99229764938354492 0.33474186062812805
vt 0.99229764938354492 0.34268617630004883
vt 0.99229764938354492 0.35063058137893677
vt 0.99229764938354492 0.35857489705085754
vt 0.99229764938354492 0.36651924252510071
vt 0.99229764938354492 0.37446361780166626
vt 0.99229764938354492 0.38240796327590942
vt 0.99229764938354492 0.39035230875015259
vt 0.99229764938354492 0.39829668402671814
vt 0.99229764938354492 0.4062410295009613
vt 0.99229764938354492 0.41418537497520447
vt 0.99229764938354492 0.42212975025177002
vt 0.99229764938354492 0.43007409572601318
vt 0.99229764938354492 0.43801844120025635
vt 0.99229764938354492 0.4459628164768219
vt 0.99229764938354492 0.45390713214874268
vt 0.99229764938354492 0.46185147762298584
vt 0.99229764938354492 0.46979585289955139
vt 0.99229764938354492 0.47774019837379456
vt 0.99229764938354492 0.48568454384803772
vt 0.99229764938354492 0.49362888932228088
vt 0.99229764938354492 0.50157326459884644
vt 0.99229764938354492 0.5095176100730896
vt 0.99229764938354492 0.51746195554733276
vt 0.99229764938354492 0.52540630102157593
vt 0.99229764938354492 0.53335064649581909
vt 0.99229764938354492 0.54129499197006226
vt 0.99229764938354492 0.5492393970489502
vt 0.99229764938354492 0.55718374252319336
vt 0.99229764938354492 0.56512808799743652
vt 0.99229764938354492 0.57307243347167969
vt 0.99229764938354492 0.58101677894592285
vt 0.99229764938354492 0.58896112442016602
vt 0.99229764938354492 0.59690552949905396
vt 0.99229764938354492 0.60484981536865234
vt 0.99229764938354492 0.61279416084289551
vt 0.99229764938354492 0.62073856592178345
vt 0.99052023887634277 0.62073856592178345
vt 0.99052023887634277 0.61279416084289551
vt 0.99052023887634277 0.60484981536865234
vt 0.99052023887634277 0.59690552949905396
vt 0.99052023887634277 0.58896112442016602
vt 0.99052023887634277 0.58101677894592285
vt 0.99052023887634277 0.57307243347167969
vt 0.99052023887634277 0.56512808799743652
vt 0.99052023887634277 0.55718374252319336
vt 0.99052023887634277 0.5492393970489502
vt 0.99052023887634277 0.54129499197006226
vt 0.99052023887634277 0.53335064649581909
vt 0.99052023887634277 0.52540630102157593
vt 0.99052023887634277 0.51746195554733276
vt 0.99052023887634277 0.5095176100730896
vt 0.99052023887634277 0.50157326459884644
vt 0.99052023887634277 0.49362888932228088
vt 0.99052023887634277 0.48568454384803772
vt 0.99052023887634277 0.47774019837379456
vt 0.99052023887634277 0.46979585289955139
vt 0.99052023887634277 0.46185147762298584
vt 0.99052023887634277 0.45390713214874268
vt 0.99052023887634277 0.4459628164768219
vt 0.99052023887634277 0.43801844120025635
vt 0.99052023887634277 0.43007409572601318
vt 0.99052023887634277 0.42212975025177002
vt 0.99052023887634277 0.41418537497520447
vt 0.99052023887634277 0.4062410295009613
vt 0.99052023887634277 0.39829668402671814
vt 0.99052023887634277 0.39035230875015259
vt 0.99052023887634277 0.38240796327590942
vt 0.99052023887634277 0.37446361780166626
vt 0.99052023887634277 0.36651924252510071
vt 0.99052023887634277 0.35857489705085754
vt 0.99052023887634277 0.35063058137893677
vt 0.99052023887634277 0.34268617630004883
vt 0.99052023887634277 0.33474186062812805
vt 0.99052023887634277 0.32679751515388489
vt 0.99052023887634277 0.31885313987731934
vt 0.99052023887634277 0.31090879440307617
vt 0.99052023887634277 0.30296441912651062
vt 0.99052023887634277 0.29502010345458984
vt 0.99052023887634277 0.28707572817802429
vt 0.99052023887634277 0.27913138270378113
vt 0.99052023887634277 0.27118703722953796
vt 0.99052023887634277 0.26324266195297241
vt 0.99052023887634277 0.25529831647872925
vt 0.99052023887634277 0.24735397100448608
vt 0.99052023887634277 0.23940961062908173
vt 0.99052023887634277 0.23146526515483856
vt 0.99052023887634277 0.2235209047794342
vt 0.99052023887634277 0.21557655930519104
vt 0.99052023887634277 0.20763221383094788
vt 0.99052023887634277 0.19968785345554352
vt 0.99052023887634277 0.19174349308013916
vt 0.99052023887634277 0.183799147605896
vt 0.99052023887634277 0.17585478723049164
vt 0.99052023887634277 0.16791042685508728
vt 0.99052023887634277 0.15996609628200531
vt 0.99052023887634277 0.15202173590660095
vt 0.99052023887634277 0.14407739043235779
vt 0.99052023887634277 0.13613303005695343
vt 0.99052023887634277 0.12818866968154907
vt 0.99052023887634277 0.12024432420730591
vt 0.99052023887634277 0.11229997128248215
vt 0.99052023887634277 0.10435561835765839
vt 0.99052023887634277 0.096411265432834625
vt 0.99052023887634277 0.088466912508010864
vt 0.99052023887634277 0.080522559583187103
vt 0.99052023887634277 0.072578206658363342
vt 0.99052023887634277 0.064633853733539581
vt 0.99052023887634277 0.05668950080871582
vt 0.99052023887634277 0.048745147883892059
vt 0.99052023887634277 0.040800794959068298
vt 0.99052023887634277 0.032856442034244537
vt 0.99052023887634277 0.024912089109420776
vt 0.99052023887634277 0.016967736184597015
vt 0.99052023887634277 0.009023384191095829
vt 0.99075722694396973 0.022408556193113327
vt 0.99206066131591797 0.022408556193113327
vt 0.99096459150314331 0.031966924667358398
vt 0.99140894412994385 0.02663910761475563
vt 0.99096459150314331 0.02663910761475563
vt 0.99185329675674438 0.031966924667358398
vt 0.99185329675674438 0.02663910761475563
vt 0.99206066131591797 0.016483688727021217
vt 0.99075722694396973 0.016483688727021217
vt 0.99075722694396973 0.017964905127882957
vt 0.99075722694396973 0.019446123391389847
vt 0.99075722694396973 0.020927339792251587
vt 0.99206066131591797 0.021667947992682457
vt 0.99206066131591797 0.020927339792251587
vt 0.99206066131591797 0.020186729729175568
vt 0.99206066131591797 0.019446123391389847
vt 0.99206066131591797 0.018705513328313828
vt 0.99206066131591797 0.017964905127882957
vt 0.99206066131591797 0.017224296927452087
vt 0.99207550287246704 0.02663910761475563
vt 0.99185329675674438 0.023975195363163948
vt 0.99207550287246704 0.023975195363163948
vt 0.99206072092056274 0.60735327005386353
vt 0.9907572865486145 0.60735327005386353
vt 0.99140894412994385 0.60204380750656128
vt 0.99185329675674438 0.59671598672866821
vt 0.99185329675674438 0.60204380750656128
vt 0.99096459150314331 0.59671598672866821
vt 0.99096459150314331 0.60204380750656128
vt 0.9907572865486145 0.61327815055847168
vt 0.99206072092056274 0.61327815055847168
vt 0.9907572865486145 0.60883444547653198
vt 0.9907572865486145 0.61031568050384521
vt 0.9907572865486145 0.61179691553115845
vt 0.99206072092056274 0.61253756284713745
vt 0.99206072092056274 0.61179691553115845
vt 0.99206072092056274 0.61105632781982422
vt 0.99206072092056274 0.61031568050384521
vt 0.99206072092056274 0.60957509279251099
vt 0.99206072092056274 0.60883444547653198
vt 0.99206072092056274 0.60809385776519775
vt 0.99207550287246704 0.61802726984024048
vt 0.99185329675674438 0.61536335945129395
vt 0.99207550287246704 0.61536335945129395
vt 0.99185329675674438 0.60470771789550781
vt 0.99207550287246704 0.60204380750656128
vt 0.99207550287246704 0.60470771789550781
vt 0.99140894412994385 0.053278215229511261
vt 0.99140894412994385 0.063933849334716797
vt 0.99140894412994385 0.074589498341083527
vt 0.99140894412994385 0.085245139896869659
vt 0.99140894412994385 0.095900781452655792
vt 0.99140894412994385 0.10655643045902252
vt 0.99140894412994385 0.12786769866943359
vt 0.99140894412994385 0.11721206456422806
vt 0.99140894412994385 0.13852335512638092
vt 0.99140894412994385 0.14917899668216705
vt 0.99140894412994385 0.17049027979373932
vt 0.99140894412994385 0.15983463823795319
vt 0.99140894412994385 0.18114592134952545
vt 0.99140894412994385 0.20245721936225891
vt 0.99140894412994385 0.19180156290531158
vt 0.99140894412994385 0.22376848757266998
vt 0.99140894412994385 0.21311286091804504
vt 0.99140894412994385 0.23442412912845612
vt 0.99140894412994385 0.24507977068424225
vt 0.99140894412994385 0.25573539733886719
vt 0.99140894412994385 0.26639106869697571
vt 0.99140894412994385 0.28770235180854797
vt 0.99140894412994385 0.27704671025276184
vt 0.99140894412994385 0.29835799336433411
vt 0.99140894412994385 0.30901363492012024
vt 0.99140894412994385 0.31966927647590637
vt 0.99140894412994385 0.33032488822937012
vt 0.99140894412994385 0.35163620114326477
vt 0.99140894412994385 0.34098055958747864
vt 0.99140894412994385 0.3622918426990509
vt 0.99140894412994385 0.38360312581062317
vt 0.99140894412994385 0.37294748425483704
vt 0.99140894412994385 0.3942587673664093
vt 0.99140894412994385 0.41557005047798157
vt 0.99140894412994385 0.40491443872451782
vt 0.99140894412994385 0.42622572183609009
vt 0.99140894412994385 0.43688133358955383
vt 0.99140894412994385 0.44753697514533997
vt 0.99140894412994385 0.45819264650344849
vt 0.99140894412994385 0.47950392961502075
vt 0.99140894412994385 0.46884825825691223
vt 0.99140894412994385 0.4901595413684845
vt 0.99140894412994385 0.50081521272659302
vt 0.99140894412994385 0.51147079467773438
vt 0.99140894412994385 0.52212649583816528
vt 0.99140894412994385 0.54343777894973755
vt 0.99140894412994385 0.53278213739395142
vt 0.99140894412994385 0.55409342050552368
vt 0.99140894412994385 0.57540470361709595
vt 0.99140894412994385 0.56474900245666504
vt 0.99140894412994385 0.58606034517288208
vt 0 0.011321130208671093
vt 0 0.013098590075969696
vt 0.62760376930236816 0.011321130208671093
vt 0.62760376930236816 0.013098590075969696
vt 0.0079443510621786118 0.011321130208671093
vt 0.015888702124357224 0.011321130208671093
vt 0.023833055049180984 0.011321130208671093
vt 0.031777404248714447 0.011321130208671093
vt 0.039721757173538208 0.011321130208671093
vt 0.047666110098361969 0.011321130208671093
vt 0.055610459297895432 0.011321130208671093
vt 0.063554808497428894 0.011321130208671093
vt 0.071499161422252655 0.011321130208671093
vt 0.079443514347076416 0.011321130208671093
vt 0.08738785982131958 0.011321130208671093
vt 0.095332220196723938 0.011321130208671093
vt 0.1032765656709671 0.011321130208671093
vt 0.11122091859579086 0.011321130208671093
vt 0.11916526407003403 0.011321130208671093
vt 0.12710961699485779 0.011321130208671093
vt 0.13505396246910095 0.011321130208671093
vt 0.14299832284450531 0.011321130208671093
vt 0.15094268321990967 0.011321130208671093
vt 0.15888702869415283 0.011321130208671093
vt 0.166831374168396 0.011321130208671093
vt 0.17477571964263916 0.011321130208671093
vt 0.18272008001804352 0.011321130208671093
vt 0.19066444039344788 0.011321130208671093
vt 0.19860877096652985 0.011321130208671093
vt 0.2065531313419342 0.011321130208671093
vt 0.21449749171733856 0.011321130208671093
vt 0.22244183719158173 0.011321130208671093
vt 0.23038619756698608 0.011321130208671093
vt 0.23833052814006805 0.011321130208671093
vt 0.24627488851547241 0.011321130208671093
vt 0.25421923398971558 0.011321130208671093
vt 0.26216360926628113 0.011321130208671093
vt 0.2701079249382019 0.011321130208671093
vt 0.27805230021476746 0.011321130208671093
vt 0.28599664568901062 0.011321130208671093
vt 0.29394099116325378 0.011321130208671093
vt 0.30188536643981934 0.011321130208671093
vt 0.30982968211174011 0.011321130208671093
vt 0.31777405738830566 0.011321130208671093
vt 0.32571837306022644 0.011321130208671093
vt 0.33366274833679199 0.011321130208671093
vt 0.34160709381103516 0.011321130208671093
vt 0.34955143928527832 0.011321130208671093
vt 0.35749581456184387 0.011321130208671093
vt 0.36544016003608704 0.011321130208671093
vt 0.3733845055103302 0.011321130208671093
vt 0.38132888078689575 0.011321130208671093
vt 0.38927322626113892 0.011321130208671093
vt 0.39721754193305969 0.011321130208671093
vt 0.40516191720962524 0.011321130208671093
vt 0.41310626268386841 0.011321130208671093
vt 0.42105060815811157 0.011321130208671093
vt 0.42899498343467712 0.011321130208671093
vt 0.43693932890892029 0.011321130208671093
vt 0.44488367438316345 0.011321130208671093
vt 0.452828049659729 0.011321130208671093
vt 0.46077239513397217 0.011321130208671093
vt 0.46871671080589294 0.011321130208671093
vt 0.47666105628013611 0.011321130208671093
vt 0.48460543155670166 0.011321130208671093
vt 0.49254977703094482 0.011321130208671093
vt 0.50049412250518799 0.011321130208671093
vt 0.50843846797943115 0.011321130208671093
vt 0.51638281345367432 0.011321130208671093
vt 0.52432721853256226 0.011321130208671093
vt 0.53227156400680542 0.011321130208671093
vt 0.54021584987640381 0.011321130208671093
vt 0.54816025495529175 0.011321130208671093
vt 0.55610460042953491 0.011321130208671093
vt 0.56404894590377808 0.011321130208671093
vt 0.57199329137802124 0.011321130208671093
vt 0.5799376368522644 0.011321130208671093
vt 0.58788198232650757 0.011321130208671093
vt 0.59582638740539551 0.011321130208671093
vt 0.60377073287963867 0.011321130208671093
vt 0.61171501874923706 0.011321130208671093
vt 0.61965936422348022 0.011321130208671093
vt 0.61965936422348022 0.013098590075969696
vt 0.61171501874923706 0.013098590075969696
vt 0.60377073287963867 0.013098590075969696
vt 0.59582638740539551 0.013098590075969696
vt 0.58788198232650757 0.013098590075969696
vt 0.5799376368522644 0.013098590075969696
vt 0.57199329137802124 0.013098590075969696
vt 0.56404894590377808 0.013098590075969696
vt 0.55610460042953491 0.013098590075969696
vt 0.54816025495529175 0.013098590075969696
vt 0.54021584987640381 0.013098590075969696
vt 0.53227156400680542 0.013098590075969696
vt 0.52432721853256226 0.013098590075969696
vt 0.51638281345367432 0.013098590075969696
vt 0.50843846797943115 0.013098590075969696
vt 0.50049412250518799 0.013098590075969696
vt 0.49254977703094482 0.013098590075969696
vt 0.48460543155670166 0.013098590075969696
vt 0.47666105628013611 0.013098590075969696
vt 0.46871671080589294 0.013098590075969696
vt 0.46077239513397217 0.013098590075969696
vt 0.452828049659729 0.013098590075969696
vt 0.44488367438316345 0.013098590075969696
vt 0.43693932890892029 0.013098590075969696
vt 0.42899498343467712 0.013098590075969696
vt 0.42105060815811157 0.013098590075969696
vt 0.41310626268386841 0.013098590075969696
vt 0.40516191720962524 0.013098590075969696
vt 0.39721754193305969 0.013098590075969696
vt 0.38927322626113892 0.013098590075969696
vt 0.38132888078689575 0.013098590075969696
vt 0.3733845055103302 0.013098590075969696
vt 0.36544016003608704 0.013098590075969696
vt 0.35749581456184387 0.013098590075969696
vt 0.34955143928527832 0.013098590075969696
vt 0.34160709381103516 0.013098590075969696
vt 0.33366274833679199 0.013098590075969696
vt 0.32571837306022644 0.013098590075969696
vt 0.31777405738830566 0.013098590075969696
vt 0.30982968211174011 0.013098590075969696
vt 0.30188536643981934 0.013098590075969696
vt 0.29394099116325378 0.013098590075969696
vt 0.28599664568901062 0.013098590075969696
vt 0.27805230021476746 0.013098590075969696
vt 0.2701079249382019 0.013098590075969696
vt 0.26216360926628113 0.013098590075969696
vt 0.25421923398971558 0.013098590075969696
vt 0.24627488851547241 0.013098590075969696
vt 0.23833052814006805 0.013098590075969696
vt 0.23038619756698608 0.013098590075969696
vt 0.22244183719158173 0.013098590075969696
vt 0.21449749171733856 0.013098590075969696
vt 0.2065531313419342 0.013098590075969696
vt 0.19860877096652985 0.013098590075969696
vt 0.19066444039344788 0.013098590075969696
vt 0.18272008001804352 0.013098590075969696
vt 0.17477571964263916 0.013098590075969696
vt 0.166831374168396 0.013098590075969696
vt 0.15888702869415283 0.013098590075969696
vt 0.15094268321990967 0.013098590075969696
vt 0.14299832284450531 0.013098590075969696
vt 0.13505396246910095 0.013098590075969696
vt 0.12710961699485779 0.013098590075969696
vt 0.11916526407003403 0.013098590075969696
vt 0.11122091859579086 0.013098590075969696
vt 0.1032765656709671 0.013098590075969696
vt 0.095332220196723938 0.013098590075969696
vt 0.08738785982131958 0.013098590075969696
vt 0.079443514347076416 0.013098590075969696
vt 0.071499161422252655 0.013098590075969696
vt 0.063554808497428894 0.013098590075969696
vt 0.055610459297895432 0.013098590075969696
vt 0.047666110098361969 0.013098590075969696
vt 0.039721757173538208 0.013098590075969696
vt 0.031777404248714447 0.013098590075969696
vt 0.023833055049180984 0.013098590075969696
vt 0.015888702124357224 0.013098590075969696
vt 0.0079443510621786118 0.013098590075969696
vt 0.49526011943817139 0.013098590075969696
vt 0.98905521631240845 0.63923764228820801
vt 0.98507332801818848 0.63923764228820801
vt 0.98109149932861328 0.63923764228820801
vt 0.97710961103439331 0.63923764228820801
vt 0.97312778234481812 0.63923764228820801
vt 0.96914589405059814 0.63923764228820801
vt 0.96516406536102295 0.63923764228820801
vt 0.96118223667144775 0.63923764228820801
vt 0.95720034837722778 0.63923764228820801
vt 0.95321846008300781 0.63923764228820801
vt 0.94923663139343262 0.63923764228820801
vt 0.94525474309921265 0.63923764228820801
vt 0.94127291440963745 0.63923764228820801
vt 0.93729108572006226 0.63923764228820801
vt 0.93330919742584229 0.63923764228820801
vt 0.92932730913162231 0.63923764228820801
vt 0.92534548044204712 0.63923764228820801
vt 0.92136359214782715 0.63923764228820801
vt 0.91738176345825195 0.63923764228820801
vt 0.91339993476867676 0.63923764228820801
vt 0.90941804647445679 0.63923764228820801
vt 0.90543621778488159 0.63923764228820801
vt 0.90145432949066162 0.63923764228820801
vt 0.89747244119644165 0.63923764228820801
vt 0.89349061250686646 0.63923764228820801
vt 0.88950878381729126 0.63923764228820801
vt 0.88552689552307129 0.63923764228820801
vt 0.88154506683349609 0.63923764228820801
vt 0.87756317853927612 0.63923764228820801
vt 0.87358129024505615 0.63923764228820801
vt 0.86959946155548096 0.63923764228820801
vt 0.86561763286590576 0.63923764228820801
vt 0.86163574457168579 0.63923764228820801
vt 0.8576539158821106 0.63923764228820801
vt 0.85367202758789063 0.63923764228820801
vt 0.84969019889831543 0.63923764228820801
vt 0.84570831060409546 0.63923764228820801
vt 0.84172648191452026 0.63923764228820801
vt 0.83774459362030029 0.63923764228820801
vt 0.8337627649307251 0.63923764228820801
vt 0.82978087663650513 0.63923764228820801
vt 0.82579904794692993 0.63923764228820801
vt 0.82181715965270996 0.63923764228820801
vt 0.81783533096313477 0.63923764228820801
vt 0.81385344266891479 0.63923764228820801
vt 0.8098716139793396 0.63923764228820801
vt 0.8058897852897644 0.63923764228820801
vt 0.80190789699554443 0.63923764228820801
vt 0.79792600870132446 0.63923764228820801
vt 0.79394418001174927 0.63923764228820801
vt 0.7899622917175293 0.63923764228820801
vt 0.7859804630279541 0.63923764228820801
vt 0.78199863433837891 0.63923764228820801
vt 0.77801674604415894 0.63923764228820801
vt 0.77403491735458374 0.63923764228820801
vt 0.77005302906036377 0.63923764228820801
vt 0.7660711407661438 0.63923764228820801
vt 0.7620893120765686 0.63923764228820801
vt 0.75810748338699341 0.63923764228820801
vt 0.75412559509277344 0.63923764228820801
vt 0.75014376640319824 0.63923764228820801
vt 0.74616187810897827 0.63923764228820801
vt 0.7421799898147583 0.63923764228820801
vt 0.73819816112518311 0.63923764228820801
vt 0.73421633243560791 0.63923764228820801
vt 0.73023444414138794 0.63923764228820801
vt 0.72625261545181274 0.63923764228820801
vt 0.72227072715759277 0.63923764228820801
vt 0.71828889846801758 0.63923764228820801
vt 0.71430701017379761 0.63923764228820801
vt 0.71032518148422241 0.63923764228820801
vt 0.70634329319000244 0.63923764228820801
vt 0.70236146450042725 0.63923764228820801
vt 0.69837957620620728 0.63923764228820801
vt 0.69439774751663208 0.63923764228820801
vt 0.69041585922241211 0.63923764228820801
vt 0.68643403053283691 0.63923764228820801
vt 0.68245214223861694 0.63923764228820801
vt 0.67847031354904175 0.63923758268356323
vt 0.67448842525482178 0.63923758268356323
vt 0.67050659656524658 0.63923758268356323
vt 0.66652476787567139 0.63923758268356323
vt 0.66254287958145142 0.63923758268356323
vt 0.65856099128723145 0.63923758268356323
vt 0.65457916259765625 0.63923758268356323
vt 0.65059727430343628 0.63923758268356323
vt 0.64661544561386108 0.63923758268356323
vt 0.64263361692428589 0.63923758268356323
vt 0.63865172863006592 0.63923758268356323
vt 0.63466984033584595 0.63923758268356323
vt 0.63068801164627075 0.63923758268356323
vt 0.62670618295669556 0.63923758268356323
vt 0.62272429466247559 0.63923758268356323
vt 0.61874246597290039 0.63923758268356323
vt 0.61476057767868042 0.63923758268356323
vt 0.61077874898910522 0.63923758268356323
vt 0.60679686069488525 0.63923758268356323
vt 0.60281503200531006 0.63923758268356323
vt 0.59883314371109009 0.63923758268356323
vt 0.59485131502151489 0.63923758268356323
vt 0.59086942672729492 0.63923758268356323
vt 0.58688759803771973 0.63923758268356323
vt 0.58290570974349976 0.63923758268356323
vt 0.57892388105392456 0.63923758268356323
vt 0.57494199275970459 0.63923758268356323
vt 0.57096016407012939 0.63923758268356323
vt 0.56697827577590942 0.63923758268356323
vt 0.56299644708633423 0.63923758268356323
vt 0.55901455879211426 0.63923758268356323
vt 0.55503273010253906 0.63923758268356323
vt 0.55105084180831909 0.63923758268356323
vt 0.5470690131187439 0.63923758268356323
vt 0.54308712482452393 0.63923758268356323
vt 0.53910529613494873 0.63923758268356323
vt 0.53512340784072876 0.63923758268356323
vt 0.53114157915115356 0.63923758268356323
vt 0.52715969085693359 0.63923758268356323
vt 0.5231778621673584 0.63923758268356323
vt 0.51919597387313843 0.63923758268356323
vt 0.51521414518356323 0.63923758268356323
vt 0.51123231649398804 0.63923758268356323
vt 0.50725042819976807 0.63923758268356323
vt 0.50326859951019287 0.63923758268356323
vt 0.4992867112159729 0.63923758268356323
vt 0.49530485272407532 0.63923758268356323
vt 0.74215775728225708 0.32616811990737915
vt 0.74215775728225708 0.48270288109779358
vt 0.86560654640197754 0.32616811990737915
vt 0.86560654640197754 0.48270288109779358
vt 0.86560654640197754 0.5609702467918396
vt 0.92733097076416016 0.48270288109779358
vt 0.92733097076416016 0.5609702467918396
vt 0.92733097076416016 0.60010397434234619
vt 0.95819318294525146 0.5609702467918396
vt 0.95819318294525146 0.60010397434234619
vt 0.95819318294525146 0.6196708083152771
vt 0.97362428903579712 0.60010397434234619
vt 0.97362428903579712 0.6196708083152771
vt 0.97362428903579712 0.62945419549942017
vt 0.98133981227874756 0.6196708083152771
vt 0.98133981227874756 0.62945419549942017
vt 0.95819318294525146 0.62945419549942017
vt 0.9659087061882019 0.6196708083152771
vt 0.9659087061882019 0.62945419549942017
vt 0.92733097076416016 0.6196708083152771
vt 0.94276207685470581 0.60010397434234619
vt 0.94276207685470581 0.6196708083152771
vt 0.86560654640197754 0.60010397434234619
vt 0.89646875858306885 0.5609702467918396
vt 0.89646875858306885 0.60010397434234619
vt 0.74215775728225708 0.5609702467918396
vt 0.80388212203979492 0.48270288109779358
vt 0.80388212203979492 0.5609702467918396
vt 0.61870890855789185 0.32616811990737915
vt 0.61870890855789185 0.48270288109779358
vt 0.94276207685470581 0.62945419549942017
vt 0.95047760009765625 0.6196708083152771
vt 0.95047760009765625 0.62945419549942017
vt 0.92733097076416016 0.62945419549942017
vt 0.9350464940071106 0.6196708083152771
vt 0.9350464940071106 0.62945419549942017
vt 0.89646875858306885 0.6196708083152771
vt 0.9118998646736145 0.60010397434234619
vt 0.9118998646736145 0.6196708083152771
vt 0.9118998646736145 0.62945419549942017
vt 0.91961538791656494 0.6196708083152771
vt 0.91961538791656494 0.62945419549942017
vt 0.89646875858306885 0.62945419549942017
vt 0.90418428182601929 0.6196708083152771
vt 0.90418428182601929 0.62945419549942017
vt 0.86560654640197754 0.6196708083152771
vt 0.88103765249252319 0.60010397434234619
vt 0.88103765249252319 0.6196708083152771
vt 0.80388212203979492 0.60010397434234619
vt 0.83474433422088623 0.5609702467918396
vt 0.83474433422088623 0.60010397434234619
vt 0.88103765249252319 0.62945419549942017
vt 0.88875317573547363 0.6196708083152771
vt 0.88875317573547363 0.62945419549942017
vt 0.86560654640197754 0.62945419549942017
vt 0.87332212924957275 0.6196708083152771
vt 0.87332212924957275 0.62945419549942017
vt 0.83474433422088623 0.6196708083152771
vt 0.85017544031143188 0.60010397434234619
vt 0.85017544031143188 0.6196708083152771
vt 0.85017544031143188 0.62945419549942017
vt 0.8578910231590271 0.6196708083152771
vt 0.8578910231590271 0.62945419549942017
vt 0.83474433422088623 0.62945419549942017
vt 0.84245991706848145 0.6196708083152771
vt 0.84245991706848145 0.62945419549942017
vt 0.80388212203979492 0.6196708083152771
vt 0.81931322813034058 0.60010397434234619
vt 0.81931322813034058 0.6196708083152771
vt 0.74215775728225708 0.60010397434234619
vt 0.77301996946334839 0.5609702467918396
vt 0.77301996946334839 0.60010397434234619
vt 0.61870890855789185 0.5609702467918396
vt 0.68043333292007446 0.48270288109779358
vt 0.68043333292007446 0.5609702467918396
vt 0.81931322813034058 0.62945419549942017
vt 0.82702881097793579 0.6196708083152771
vt 0.82702881097793579 0.62945419549942017
vt 0.80388212203979492 0.62945419549942017
vt 0.81159770488739014 0.6196708083152771
vt 0.81159770488739014 0.62945419549942017
vt 0.77301996946334839 0.6196708083152771
vt 0.78845101594924927 0.60010397434234619
vt 0.78845101594924927 0.6196708083152771
vt 0.78845101594924927 0.62945419549942017
vt 0.79616659879684448 0.6196708083152771
vt 0.79616659879684448 0.62945419549942017
vt 0.77301996946334839 0.62945419549942017
vt 0.78073549270629883 0.6196708083152771
vt 0.78073549270629883 0.62945419549942017
vt 0.74215775728225708 0.6196708083152771
vt 0.75758886337280273 0.60010397434234619
vt 0.75758886337280273 0.6196708083152771
vt 0.68043333292007446 0.60010397434234619
vt 0.71129554510116577 0.5609702467918396
vt 0.71129554510116577 0.60010397434234619
vt 0.75758886337280273 0.62945419549942017
vt 0.76530438661575317 0.6196708083152771
vt 0.76530438661575317 0.62945419549942017
vt 0.74215775728225708 0.62945419549942017
vt 0.74987328052520752 0.6196708083152771
vt 0.74987328052520752 0.62945419549942017
vt 0.71129554510116577 0.6196708083152771
vt 0.72672665119171143 0.60010397434234619
vt 0.72672665119171143 0.6196708083152771
vt 0.72672665119171143 0.62945419549942017
vt 0.73444217443466187 0.6196708083152771
vt 0.73444217443466187 0.62945419549942017
vt 0.71129554510116577 0.62945419549942017
vt 0.71901106834411621 0.6196708083152771
vt 0.71901106834411621 0.62945419549942017
vt 0.68043333292007446 0.6196708083152771
vt 0.69586443901062012 0.60010397434234619
vt 0.69586443901062012 0.6196708083152771
vt 0.61870890855789185 0.60010397434234619
vt 0.64957112073898315 0.5609702467918396
vt 0.64957112073898315 0.60010397434234619
vt 0.55698448419570923 0.48270288109779358
vt 0.55698448419570923 0.5609702467918396
vt 0.69586443901062012 0.62945419549942017
vt 0.70357996225357056 0.6196708083152771
vt 0.70357996225357056 0.62945419549942017
vt 0.68043333292007446 0.62945419549942017
vt 0.6881488561630249 0.6196708083152771
vt 0.6881488561630249 0.62945419549942017
vt 0.64957112073898315 0.6196708083152771
vt 0.66500222682952881 0.60010397434234619
vt 0.66500222682952881 0.6196708083152771
vt 0.66500222682952881 0.62945419549942017
vt 0.67271775007247925 0.6196708083152771
vt 0.67271775007247925 0.62945419549942017
vt 0.64957112073898315 0.62945419549942017
vt 0.65728670358657837 0.6196708083152771
vt 0.65728670358657837 0.62945419549942017
vt 0.61870890855789185 0.6196708083152771
vt 0.6341400146484375 0.60010397434234619
vt 0.6341400146484375 0.6196708083152771
vt 0.55698448419570923 0.60010397434234619
vt 0.58784669637680054 0.5609702467918396
vt 0.58784669637680054 0.60010397434234619
vt 0.6341400146484375 0.62945419549942017
vt 0.64185559749603271 0.6196708083152771
vt 0.64185559749603271 0.62945419549942017
vt 0.61870890855789185 0.62945419549942017
vt 0.62642449140548706 0.6196708083152771
vt 0.62642449140548706 0.62945419549942017
vt 0.58784669637680054 0.6196708083152771
vt 0.60327780246734619 0.60010397434234619
vt 0.60327780246734619 0.6196708083152771
vt 0.60327780246734619 0.62945419549942017
vt 0.61099338531494141 0.6196708083152771
vt 0.61099338531494141 0.62945419549942017
vt 0.58784669637680054 0.62945419549942017
vt 0.59556227922439575 0.6196708083152771
vt 0.59556227922439575 0.62945419549942017
vt 0.55698448419570923 0.6196708083152771
vt 0.57241559028625488 0.60010397434234619
vt 0.57241559028625488 0.6196708083152771
vt 0.5261223316192627 0.5609702467918396
vt 0.5261223316192627 0.60010397434234619
vt 0.57241559028625488 0.62945419549942017
vt 0.5801311731338501 0.6196708083152771
vt 0.5801311731338501 0.62945419549942017
vt 0.55698448419570923 0.62945419549942017
vt 0.56470006704330444 0.6196708083152771
vt 0.56470006704330444 0.62945419549942017
vt 0.5261223316192627 0.6196708083152771
vt 0.54155343770980835 0.60010397434234619
vt 0.54155343770980835 0.6196708083152771
vt 0.54155343770980835 0.62945419549942017
vt 0.54926896095275879 0.6196708083152771
vt 0.54926896095275879 0.62945419549942017
vt 0.5261223316192627 0.62945419549942017
vt 0.53383785486221313 0.6196708083152771
vt 0.53383785486221313 0.62945419549942017
vt 0.51069122552871704 0.60010397434234619
vt 0.51069122552871704 0.6196708083152771
vt 0.51069122552871704 0.62945419549942017
vt 0.51840674877166748 0.6196708083152771
vt 0.51840674877166748 0.62945419549942017
vt 0.50297564268112183 0.6196708083152771
vt 0.50297564268112183 0.62945419549942017
vt 0.50309813022613525 0.013098590075969696
vt 0.51093614101409912 0.013098590075969696
vt 0.51877415180206299 0.013098590075969696
vt 0.52661216259002686 0.013098599389195442
vt 0.5344502329826355 0.013098602183163166
vt 0.54228824377059937 0.013098604045808315
vt 0.55012625455856323 0.013098606839776039
vt 0.5579642653465271 0.013098608702421188
vt 0.56580227613449097 0.013098611496388912
vt 0.57364028692245483 0.013098613359034061
vt 0.58147835731506348 0.013098616153001785
vt 0.58931636810302734 0.013098618015646935
vt 0.59715437889099121 0.013098620809614658
vt 0.60499238967895508 0.013098622672259808
vt 0.61283040046691895 0.013098625466227531
vt 0.62066841125488281 0.013098627328872681
vt 0.62850648164749146 0.013098630122840405
vt 0.63634449243545532 0.013098631985485554
vt 0.64418250322341919 0.013098634779453278
vt 0.65202051401138306 0.013098636642098427
vt 0.65985852479934692 0.013098639436066151
vt 0.66769653558731079 0.0130986412987113
vt 0.67553454637527466 0.013098644092679024
vt 0.6833726167678833 0.013098645955324173
vt 0.69121062755584717 0.013098648749291897
vt 0.69904863834381104 0.013098650611937046
vt 0.7068866491317749 0.01309865340590477
vt 0.71472465991973877 0.013098655268549919
vt 0.72256267070770264 0.013098658062517643
vt 0.7304006814956665 0.013098659925162792
vt 0.73823875188827515 0.013098662719130516
vt 0.74607676267623901 0.013098664581775665
vt 0.75391477346420288 0.013098667375743389
vt 0.76175278425216675 0.013098670169711113
vt 0.76959079504013062 0.013098672032356262
vt 0.77742886543273926 0.013098674826323986
vt 0.78526687622070313 0.013098676688969135
vt 0.79310488700866699 0.013098679482936859
vt 0.80094289779663086 0.013098681345582008
vt 0.80878090858459473 0.013098684139549732
vt 0.81661891937255859 0.013098686002194881
vt 0.82445693016052246 0.013098688796162605
vt 0.8322950005531311 0.013098690658807755
vt 0.84013301134109497 0.013098693452775478
vt 0.84797102212905884 0.013098695315420628
vt 0.85580903291702271 0.013098698109388351
vt 0.86364704370498657 0.013098699972033501
vt 0.87148505449295044 0.013098702766001225
vt 0.87932306528091431 0.013098704628646374
vt 0.88716113567352295 0.013098707422614098
vt 0.89499914646148682 0.013098709285259247
vt 0.90283715724945068 0.013098712079226971
vt 0.91067516803741455 0.01309871394187212
vt 0.91851317882537842 0.013098716735839844
vt 0.92635118961334229 0.013098718598484993
vt 0.93418920040130615 0.013098721392452717
vt 0.94202727079391479 0.013098723255097866
vt 0.94986528158187866 0.01309872604906559
vt 0.95770329236984253 0.013098727911710739
vt 0.9655413031578064 0.013098730705678463
vt 0.97337931394577026 0.013098732568323612
vt 0.98121732473373413 0.013098735362291336
vt 0.98905539512634277 0.013098737224936485
vt 0.74215775728225708 0.16963335871696472
vt 0.61870890855789185 0.16963335871696472
vt 0.61870890855789185 0.09136597067117691
vt 0.55698448419570923 0.16963335871696472
vt 0.55698448419570923 0.09136597067117691
vt 0.55698448419570923 0.052232280373573303
vt 0.5261223316192627 0.09136597067117691
vt 0.5261223316192627 0.052232280373573303
vt 0.5261223316192627 0.0326654352247715
vt 0.51069122552871704 0.052232280373573303
vt 0.51069122552871704 0.0326654352247715
vt 0.55698448419570923 0.0326654352247715
vt 0.54155343770980835 0.052232280373573303
vt 0.54155343770980835 0.0326654352247715
vt 0.61870890855789185 0.052232280373573303
vt 0.58784669637680054 0.09136597067117691
vt 0.58784669637680054 0.052232280373573303
vt 0.74215775728225708 0.09136597067117691
vt 0.68043333292007446 0.16963335871696472
vt 0.68043333292007446 0.09136597067117691
vt 0.86560654640197754 0.16963335871696472
vt 0.58784669637680054 0.0326654352247715
vt 0.57241559028625488 0.052232280373573303
vt 0.57241559028625488 0.0326654352247715
vt 0.61870890855789185 0.0326654352247715
vt 0.60327780246734619 0.052232280373573303
vt 0.60327780246734619 0.0326654352247715
vt 0.68043333292007446 0.052232280373573303
vt 0.64957112073898315 0.09136597067117691
vt 0.64957112073898315 0.052232280373573303
vt 0.64957112073898315 0.0326654352247715
vt 0.6341400146484375 0.052232280373573303
vt 0.6341400146484375 0.0326654352247715
vt 0.68043333292007446 0.0326654352247715
vt 0.66500222682952881 0.052232280373573303
vt 0.66500222682952881 0.0326654352247715
vt 0.74215775728225708 0.052232280373573303
vt 0.71129554510116577 0.09136597067117691
vt 0.71129554510116577 0.052232280373573303
vt 0.86560654640197754 0.09136597067117691
vt 0.80388212203979492 0.16963335871696472
vt 0.80388212203979492 0.09136597067117691
vt 0.71129554510116577 0.0326654352247715
vt 0.69586443901062012 0.052232280373573303
vt 0.69586443901062012 0.0326654352247715
vt 0.74215775728225708 0.0326654352247715
vt 0.72672665119171143 0.052232280373573303
vt 0.72672665119171143 0.0326654352247715
vt 0.80388212203979492 0.052232280373573303
vt 0.77301996946334839 0.09136597067117691
vt 0.77301996946334839 0.052232280373573303
vt 0.77301996946334839 0.0326654352247715
vt 0.75758886337280273 0.052232280373573303
vt 0.75758886337280273 0.0326654352247715
vt 0.80388212203979492 0.0326654352247715
vt 0.78845101594924927 0.052232280373573303
vt 0.78845101594924927 0.0326654352247715
vt 0.86560654640197754 0.052232280373573303
vt 0.83474433422088623 0.09136597067117691
vt 0.83474433422088623 0.052232280373573303
vt 0.92733097076416016 0.16963335871696472
vt 0.92733097076416016 0.09136597067117691
vt 0.83474433422088623 0.0326654352247715
vt 0.81931322813034058 0.052232280373573303
vt 0.81931322813034058 0.0326654352247715
vt 0.86560654640197754 0.0326654352247715
vt 0.85017544031143188 0.052232280373573303
vt 0.85017544031143188 0.0326654352247715
vt 0.92733097076416016 0.052232280373573303
vt 0.89646875858306885 0.09136597067117691
vt 0.89646875858306885 0.052232280373573303
vt 0.89646875858306885 0.0326654352247715
vt 0.88103765249252319 0.052232280373573303
vt 0.88103765249252319 0.0326654352247715
vt 0.92733097076416016 0.0326654352247715
vt 0.9118998646736145 0.052232280373573303
vt 0.9118998646736145 0.0326654352247715
vt 0.95819318294525146 0.09136597067117691
vt 0.95819318294525146 0.052232280373573303
vt 0.95819318294525146 0.0326654352247715
vt 0.94276207685470581 0.052232280373573303
vt 0.94276207685470581 0.0326654352247715
vt 0.97362428903579712 0.052232280373573303
vt 0.97362428903579712 0.0326654352247715
vt 0.98905539512634277 0.021024545654654503
vt 0.98905539512634277 0.02895035594701767
vt 0.98905539512634277 0.036876164376735687
vt 0.98905539512634277 0.044801972806453705
vt 0.98905539512634277 0.052727781236171722
vt 0.98905539512634277 0.060653593391180038
vt 0.989055335521698 0.068579398095607758
vt 0.989055335521698 0.076505206525325775
vt 0.989055335521698 0.084431014955043793
vt 0.989055335521698 0.092356830835342407
vt 0.989055335521698 0.10028263926506042
vt 0.989055335521698 0.10820844769477844
vt 0.989055335521698 0.11613425612449646
vt 0.989055335521698 0.12406006455421448
vt 0.989055335521698 0.1319858729839325
vt 0.989055335521698 0.13991168141365051
vt 0.989055335521698 0.14783748984336853
vt 0.989055335521698 0.15576329827308655
vt 0.989055335521698 0.16368910670280457
vt 0.989055335521698 0.17161491513252258
vt 0.989055335521698 0.1795407235622406
vt 0.989055335521698 0.18746653199195862
vt 0.989055335521698 0.19539234042167664
vt 0.989055335521698 0.20331814885139465
vt 0.989055335521698 0.21124397218227386
vt 0.989055335521698 0.21916976571083069
vt 0.989055335521698 0.2270955890417099
vt 0.989055335521698 0.23502138257026672
vt 0.989055335521698 0.24294720590114594
vt 0.989055335521698 0.25087299942970276
vt 0.989055335521698 0.25879880785942078
vt 0.989055335521698 0.26672461628913879
vt 0.989055335521698 0.27465042471885681
vt 0.989055335521698 0.28257623314857483
vt 0.98905527591705322 0.29050204157829285
vt 0.98905527591705322 0.29842787981033325
vt 0.98905527591705322 0.30635365843772888
vt 0.98905527591705322 0.31427949666976929
vt 0.98905527591705322 0.32220527529716492
vt 0.98905527591705322 0.33013111352920532
vt 0.98905527591705322 0.33805692195892334
vt 0.98905527591705322 0.34598270058631897
vt 0.98905527591705322 0.35390850901603699
vt 0.98905527591705322 0.36183434724807739
vt 0.98905527591705322 0.36976015567779541
vt 0.98905527591705322 0.37768593430519104
vt 0.98905527591705322 0.38561174273490906
vt 0.98905527591705322 0.39353758096694946
vt 0.98905527591705322 0.40146338939666748
vt 0.98905527591705322 0.4093891978263855
vt 0.98905527591705322 0.41731497645378113
vt 0.98905527591705322 0.42524078488349915
vt 0.98905527591705322 0.43316662311553955
vt 0.98905527591705322 0.44109243154525757
vt 0.98905527591705322 0.4490182101726532
vt 0.98905527591705322 0.45694401860237122
vt 0.98905527591705322 0.46486985683441162
vt 0.98905527591705322 0.47279566526412964
vt 0.98905527591705322 0.48072147369384766
vt 0.98905527591705322 0.48864725232124329
vt 0.98905527591705322 0.49657309055328369
vt 0.98905527591705322 0.50449889898300171
vt 0.98905521631240845 0.51242470741271973
vt 0.98905521631240845 0.52035051584243774
vt 0.98905521631240845 0.52827632427215576
vt 0.98905521631240845 0.53620213270187378
vt 0.98905521631240845 0.5441279411315918
vt 0.98905521631240845 0.55205374956130981
vt 0.98905521631240845 0.55997955799102783
vt 0.98905521631240845 0.56790536642074585
vt 0.98905521631240845 0.57583117485046387
vt 0.98905521631240845 0.58375698328018188
vt 0.98905521631240845 0.5916827917098999
vt 0.98905521631240845 0.59960860013961792
vt 0.98905521631240845 0.60753440856933594
vt 0.98905521631240845 0.61546021699905396
vt 0.98905521631240845 0.62338602542877197
vt 0.98905521631240845 0.63131183385848999
vt 0.97362428903579712 0.09136597067117691
vt 0.95819318294525146 0.071799129247665405
vt 0.97362428903579712 0.071799129247665405
vt 0.95819318294525146 0.16963335871696472
vt 0.92733097076416016 0.13049966096878052
vt 0.95819318294525146 0.13049966096878052
vt 0.92733097076416016 0.32616811990737915
vt 0.86560654640197754 0.24790073931217194
vt 0.92733097076416016 0.24790073931217194
vt 0.97362428903579712 0.13049966096878052
vt 0.95819318294525146 0.11093281954526901
vt 0.97362428903579712 0.11093281954526901
vt 0.97362428903579712 0.16963335871696472
vt 0.95819318294525146 0.15006650984287262
vt 0.97362428903579712 0.15006650984287262
vt 0.95819318294525146 0.24790073931217194
vt 0.92733097076416016 0.20876704156398773
vt 0.95819318294525146 0.20876704156398773
vt 0.97362428903579712 0.20876704156398773
vt 0.95819318294525146 0.18920019268989563
vt 0.97362428903579712 0.18920019268989563
vt 0.97362428903579712 0.24790073931217194
vt 0.95819318294525146 0.22833389043807983
vt 0.97362428903579712 0.22833389043807983
vt 0.95819318294525146 0.32616811990737915
vt 0.92733097076416016 0.28703442215919495
vt 0.95819318294525146 0.28703442215919495
vt 0.86560654640197754 0.40443551540374756
vt 0.92733097076416016 0.40443551540374756
vt 0.97362428903579712 0.28703442215919495
vt 0.95819318294525146 0.26746758818626404
vt 0.97362428903579712 0.26746758818626404
vt 0.97362428903579712 0.32616811990737915
vt 0.95819318294525146 0.30660128593444824
vt 0.97362428903579712 0.30660128593444824
vt 0.95819318294525146 0.40443551540374756
vt 0.92733097076416016 0.36530181765556335
vt 0.95819318294525146 0.36530181765556335
vt 0.97362428903579712 0.36530181765556335
vt 0.95819318294525146 0.34573495388031006
vt 0.97362428903579712 0.34573495388031006
vt 0.97362428903579712 0.40443551540374756
vt 0.95819318294525146 0.38486865162849426
vt 0.97362428903579712 0.38486865162849426
vt 0.95819318294525146 0.48270288109779358
vt 0.92733097076416016 0.44356918334960938
vt 0.95819318294525146 0.44356918334960938
vt 0.97362428903579712 0.44356918334960938
vt 0.95819318294525146 0.42400234937667847
vt 0.97362428903579712 0.42400234937667847
vt 0.97362428903579712 0.48270288109779358
vt 0.95819318294525146 0.46313604712486267
vt 0.97362428903579712 0.46313604712486267
vt 0.92733097076416016 0.52183657884597778
vt 0.95819318294525146 0.52183657884597778
vt 0.97362428903579712 0.52183657884597778
vt 0.95819318294525146 0.50226974487304688
vt 0.97362428903579712 0.50226974487304688
vt 0.97362428903579712 0.5609702467918396
vt 0.95819318294525146 0.54140341281890869
vt 0.97362428903579712 0.54140341281890869
vt 0.95819318294525146 0.58053708076477051
vt 0.97362428903579712 0.58053708076477051
vt 0.49530428647994995 0.63131177425384521
vt 0.49530372023582458 0.62338602542877197
vt 0.49530315399169922 0.61546021699905396
vt 0.49530258774757385 0.60753434896469116
vt 0.49530202150344849 0.59960854053497314
vt 0.49530145525932312 0.59168273210525513
vt 0.49530088901519775 0.58375698328018188
vt 0.49530032277107239 0.57583111524581909
vt 0.49529975652694702 0.56790530681610107
vt 0.49529919028282166 0.55997949838638306
vt 0.49529862403869629 0.55205368995666504
vt 0.49529805779457092 0.54412788152694702
vt 0.49529749155044556 0.536202073097229
vt 0.49529692530632019 0.52827626466751099
vt 0.49529635906219482 0.52035045623779297
vt 0.49529579281806946 0.51242464780807495
vt 0.49529522657394409 0.50449883937835693
vt 0.49529466032981873 0.49657303094863892
vt 0.49529409408569336 0.4886472225189209
vt 0.49529352784156799 0.48072141408920288
vt 0.49529296159744263 0.47279560565948486
vt 0.49529239535331726 0.46486976742744446
vt 0.49529182910919189 0.45694398880004883
vt 0.49529126286506653 0.44901818037033081
vt 0.49529069662094116 0.44109237194061279
vt 0.4952901303768158 0.43316653370857239
vt 0.49528956413269043 0.42524072527885437
vt 0.49528899788856506 0.41731491684913635
vt 0.4952884316444397 0.40938913822174072
vt 0.49528786540031433 0.40146329998970032
vt 0.49528729915618896 0.3935374915599823
vt 0.4952867329120636 0.38561168313026428
vt 0.49528616666793823 0.37768584489822388
vt 0.49528560042381287 0.36976006627082825
vt 0.4952850341796875 0.36183425784111023
vt 0.49528446793556213 0.35390844941139221
vt 0.49528390169143677 0.34598261117935181
vt 0.4952833354473114 0.33805680274963379
vt 0.49528276920318604 0.33013102412223816
vt 0.49528220295906067 0.32220518589019775
vt 0.4952816367149353 0.31427940726280212
vt 0.49528107047080994 0.30635356903076172
vt 0.49528050422668457 0.29842779040336609
vt 0.4952799379825592 0.29050195217132568
vt 0.49527937173843384 0.28257614374160767
vt 0.49527880549430847 0.27465033531188965
vt 0.49527823925018311 0.26672452688217163
vt 0.49527767300605774 0.25879871845245361
vt 0.49527710676193237 0.2508729100227356
vt 0.49527654051780701 0.24294708669185638
vt 0.49527597427368164 0.23502129316329956
vt 0.49527540802955627 0.22709546983242035
vt 0.49527484178543091 0.21916966140270233
vt 0.49527427554130554 0.21124385297298431
vt 0.49527370929718018 0.2033180445432663
vt 0.49527314305305481 0.19539222121238708
vt 0.49527257680892944 0.18746642768383026
vt 0.49527201056480408 0.17954060435295105
vt 0.49527144432067871 0.17161481082439423
vt 0.49527087807655334 0.16368898749351501
vt 0.49527031183242798 0.155763179063797
vt 0.49526974558830261 0.14783737063407898
vt 0.49526917934417725 0.13991156220436096
vt 0.49526861310005188 0.13198575377464294
vt 0.49526804685592651 0.12405993789434433
vt 0.49526748061180115 0.11613412201404572
vt 0.49526691436767578 0.1082083135843277
vt 0.49526634812355042 0.10028250515460968
vt 0.49526578187942505 0.092356696724891663
vt 0.49526521563529968 0.084430888295173645
vt 0.49526464939117432 0.076505072414875031
vt 0.49526408314704895 0.068579263985157013
vt 0.49526351690292358 0.060653451830148697
vt 0.49526295065879822 0.052727643400430679
vt 0.49526238441467285 0.044801831245422363
vt 0.49526181817054749 0.036876022815704346
vt 0.49526125192642212 0.02895021066069603
vt 0.49526068568229675 0.021024400368332863
vt 0.5261223316192627 0.58053708076477051
vt 0.51069122552871704 0.5609702467918396
vt 0.51069122552871704 0.58053708076477051
vt 0.55698448419570923 0.52183657884597778
vt 0.5261223316192627 0.48270288109779358
vt 0.5261223316192627 0.52183657884597778
vt 0.61870890855789185 0.40443551540374756
vt 0.55698448419570923 0.32616811990737915
vt 0.55698448419570923 0.40443551540374756
vt 0.5261223316192627 0.54140341281890869
vt 0.51069122552871704 0.52183657884597778
vt 0.51069122552871704 0.54140341281890869
vt 0.5261223316192627 0.50226974487304688
vt 0.51069122552871704 0.48270288109779358
vt 0.51069122552871704 0.50226974487304688
vt 0.55698448419570923 0.44356918334960938
vt 0.5261223316192627 0.40443551540374756
vt 0.5261223316192627 0.44356918334960938
vt 0.5261223316192627 0.46313604712486267
vt 0.51069122552871704 0.44356918334960938
vt 0.51069122552871704 0.46313604712486267
vt 0.5261223316192627 0.42400234937667847
vt 0.51069122552871704 0.40443551540374756
vt 0.51069122552871704 0.42400234937667847
vt 0.55698448419570923 0.36530181765556335
vt 0.5261223316192627 0.32616811990737915
vt 0.5261223316192627 0.36530181765556335
vt 0.61870890855789185 0.24790073931217194
vt 0.55698448419570923 0.24790073931217194
vt 0.5261223316192627 0.38486865162849426
vt 0.51069122552871704 0.36530181765556335
vt 0.51069122552871704 0.38486865162849426
vt 0.5261223316192627 0.34573495388031006
vt 0.51069122552871704 0.32616811990737915
vt 0.51069122552871704 0.34573495388031006
vt 0.55698448419570923 0.28703442215919495
vt 0.5261223316192627 0.24790073931217194
vt 0.5261223316192627 0.28703442215919495
vt 0.5261223316192627 0.30660128593444824
vt 0.51069122552871704 0.28703442215919495
vt 0.51069122552871704 0.30660128593444824
vt 0.5261223316192627 0.26746758818626404
vt 0.51069122552871704 0.24790073931217194
vt 0.51069122552871704 0.26746758818626404
vt 0.55698448419570923 0.20876704156398773
vt 0.5261223316192627 0.16963335871696472
vt 0.5261223316192627 0.20876704156398773
vt 0.5261223316192627 0.22833389043807983
vt 0.51069122552871704 0.20876704156398773
vt 0.51069122552871704 0.22833389043807983
vt 0.5261223316192627 0.18920019268989563
vt 0.51069122552871704 0.16963335871696472
vt 0.51069122552871704 0.18920019268989563
vt 0.55698448419570923 0.13049966096878052
vt 0.5261223316192627 0.13049966096878052
vt 0.5261223316192627 0.15006650984287262
vt 0.51069122552871704 0.13049966096878052
vt 0.51069122552871704 0.15006650984287262
vt 0.5261223316192627 0.11093281954526901
vt 0.51069122552871704 0.09136597067117691
vt 0.51069122552871704 0.11093281954526901
vt 0.5261223316192627 0.071799129247665405
vt 0.51069122552871704 0.071799129247665405
vt 0 0.013098590075969696
vt 0.49379509687423706 0.63923764228820801
vt 0.48984509706497192 0.63923764228820801
vt 0.4858950674533844 0.63923764228820801
vt 0.48194509744644165 0.63923764228820801
vt 0.47799506783485413 0.63923764228820801
vt 0.47404509782791138 0.63923764228820801
vt 0.47009506821632385 0.63923764228820801
vt 0.4661450982093811 0.63923764228820801
vt 0.46219506859779358 0.63923764228820801
vt 0.45824506878852844 0.63923764228820801
vt 0.45429506897926331 0.63923764228820801
vt 0.45034506916999817 0.63923764228820801
vt 0.44639506936073303 0.63923764228820801
vt 0.4424450695514679 0.63923764228820801
vt 0.43849503993988037 0.63923764228820801
vt 0.43454506993293762 0.63923764228820801
vt 0.4305950403213501 0.63923764228820801
vt 0.42664504051208496 0.63923764228820801
vt 0.42269504070281982 0.63923764228820801
vt 0.41874504089355469 0.63923764228820801
vt 0.41479504108428955 0.63923764228820801
vt 0.41084501147270203 0.63923764228820801
vt 0.40689504146575928 0.63923764228820801
vt 0.40294501185417175 0.63923764228820801
vt 0.398995041847229 0.63923764228820801
vt 0.39504501223564148 0.63923764228820801
vt 0.39109504222869873 0.63923764228820801
vt 0.38714501261711121 0.63923764228820801
vt 0.38319501280784607 0.63923764228820801
vt 0.37924501299858093 0.63923764228820801
vt 0.3752950131893158 0.63923764228820801
vt 0.37134501338005066 0.63923764228820801
vt 0.36739501357078552 0.63923764228820801
vt 0.363444983959198 0.63923764228820801
vt 0.35949501395225525 0.63923764228820801
vt 0.35554498434066772 0.63923764228820801
vt 0.35159501433372498 0.63923764228820801
vt 0.34764498472213745 0.63923764228820801
vt 0.3436950147151947 0.63923764228820801
vt 0.33974498510360718 0.63923764228820801
vt 0.33579498529434204 0.63923764228820801
vt 0.3318449854850769 0.63923764228820801
vt 0.32789498567581177 0.63923764228820801
vt 0.32394498586654663 0.63923764228820801
vt 0.31999495625495911 0.63923764228820801
vt 0.31604498624801636 0.63923764228820801
vt 0.31209495663642883 0.63923764228820801
vt 0.3081449568271637 0.63923764228820801
vt 0.30419495701789856 0.63923764228820801
vt 0.30024495720863342 0.63923764228820801
vt 0.29629495739936829 0.63923764228820801
vt 0.29234495759010315 0.63923764228820801
vt 0.28839492797851563 0.63923764228820801
vt 0.28444495797157288 0.63923764228820801
vt 0.28049492835998535 0.63923764228820801
vt 0.2765449583530426 0.63923764228820801
vt 0.27259492874145508 0.63923764228820801
vt 0.26864495873451233 0.63923764228820801
vt 0.2646949291229248 0.63923764228820801
vt 0.26074492931365967 0.63923764228820801
vt 0.25679492950439453 0.63923764228820801
vt 0.25284492969512939 0.63923764228820801
vt 0.24889491498470306 0.63923764228820801
vt 0.24494491517543793 0.63923764228820801
vt 0.24099491536617279 0.63923764228820801
vt 0.23704491555690765 0.63923764228820801
vt 0.23309491574764252 0.63923764228820801
vt 0.22914491593837738 0.63923764228820801
vt 0.22519490122795105 0.63923764228820801
vt 0.22124490141868591 0.63923764228820801
vt 0.21729490160942078 0.63923764228820801
vt 0.21334490180015564 0.63923764228820801
vt 0.2093949019908905 0.63923764228820801
vt 0.20544490218162537 0.63923764228820801
vt 0.20149488747119904 0.63923764228820801
vt 0.1975448876619339 0.63923764228820801
vt 0.19359488785266876 0.63923764228820801
vt 0.18964488804340363 0.63923764228820801
vt 0.18569488823413849 0.63923764228820801
vt 0.18174488842487335 0.63923758268356323
vt 0.17779487371444702 0.63923758268356323
vt 0.17384487390518188 0.63923758268356323
vt 0.16989487409591675 0.63923758268356323
vt 0.16594487428665161 0.63923758268356323
vt 0.16199485957622528 0.63923758268356323
vt 0.15804485976696014 0.63923758268356323
vt 0.15409484505653381 0.63923758268356323
vt 0.15014484524726868 0.63923758268356323
vt 0.14619484543800354 0.63923758268356323
vt 0.1422448456287384 0.63923758268356323
vt 0.13829484581947327 0.63923758268356323
vt 0.13434484601020813 0.63923758268356323
vt 0.13039484620094299 0.63923758268356323
vt 0.12644483149051666 0.63923758268356323
vt 0.12249483168125153 0.63923758268356323
vt 0.11854483187198639 0.63923758268356323
vt 0.11459483206272125 0.63923758268356323
vt 0.11064482480287552 0.63923758268356323
vt 0.10669482499361038 0.63923758268356323
vt 0.10274482518434525 0.63923758268356323
vt 0.098794817924499512 0.63923758268356323
vt 0.094844818115234375 0.63923758268356323
vt 0.090894818305969238 0.63923758268356323
vt 0.086944818496704102 0.63923758268356323
vt 0.082994803786277771 0.63923758268356323
vt 0.079044803977012634 0.63923758268356323
vt 0.075094804167747498 0.63923758268356323
vt 0.071144796907901764 0.63923758268356323
vt 0.067194797098636627 0.63923758268356323
vt 0.06324479728937149 0.63923758268356323
vt 0.059294793754816055 0.63923758268356323
vt 0.05534479022026062 0.63923758268356323
vt 0.051394786685705185 0.63923758268356323
vt 0.047444786876440048 0.63923758268356323
vt 0.043494779616594315 0.63923758268356323
vt 0.039544776082038879 0.63923758268356323
vt 0.035594776272773743 0.63923758268356323
vt 0.031644772738218307 0.63923758268356323
vt 0.027694771066308022 0.63923758268356323
vt 0.023744767531752586 0.63923758268356323
vt 0.019794763997197151 0.63923758268356323
vt 0.015844762325286865 0.63923758268356323
vt 0.011894759722054005 0.63923758268356323
vt 0.0079447561874985695 0.63923758268356323
vt 0.0039947545155882835 0.63923758268356323
vt 4.4751384848495945E-05 0.63923758268356323
vt 0.24689763784408569 0.32616811990737915
vt 0.24689763784408569 0.48270288109779358
vt 0.37034645676612854 0.32616811990737915
vt 0.37034645676612854 0.48270288109779358
vt 0.37034645676612854 0.5609702467918396
vt 0.43207085132598877 0.48270288109779358
vt 0.43207085132598877 0.5609702467918396
vt 0.43207085132598877 0.60010397434234619
vt 0.46293306350708008 0.5609702467918396
vt 0.46293306350708008 0.60010397434234619
vt 0.46293306350708008 0.6196708083152771
vt 0.47836416959762573 0.60010397434234619
vt 0.47836416959762573 0.6196708083152771
vt 0.47836416959762573 0.62945419549942017
vt 0.48607972264289856 0.6196708083152771
vt 0.48607972264289856 0.62945419549942017
vt 0.46293306350708008 0.62945419549942017
vt 0.47064861655235291 0.6196708083152771
vt 0.47064861655235291 0.62945419549942017
vt 0.43207085132598877 0.6196708083152771
vt 0.44750195741653442 0.60010397434234619
vt 0.44750195741653442 0.6196708083152771
vt 0.37034645676612854 0.60010397434234619
vt 0.40120863914489746 0.5609702467918396
vt 0.40120863914489746 0.60010397434234619
vt 0.24689763784408569 0.5609702467918396
vt 0.30862203240394592 0.48270288109779358
vt 0.30862203240394592 0.5609702467918396
vt 0.12344881892204285 0.32616811990737915
vt 0.12344881892204285 0.48270288109779358
vt 0.44750195741653442 0.62945419549942017
vt 0.45521751046180725 0.6196708083152771
vt 0.45521751046180725 0.62945419549942017
vt 0.43207085132598877 0.62945419549942017
vt 0.4397864043712616 0.6196708083152771
vt 0.4397864043712616 0.62945419549942017
vt 0.40120863914489746 0.6196708083152771
vt 0.41663974523544312 0.60010397434234619
vt 0.41663974523544312 0.6196708083152771
vt 0.41663974523544312 0.62945419549942017
vt 0.42435529828071594 0.6196708083152771
vt 0.42435529828071594 0.62945419549942017
vt 0.40120863914489746 0.62945419549942017
vt 0.40892419219017029 0.6196708083152771
vt 0.40892419219017029 0.62945419549942017
vt 0.37034645676612854 0.6196708083152771
vt 0.38577756285667419 0.60010397434234619
vt 0.38577756285667419 0.6196708083152771
vt 0.30862203240394592 0.60010397434234619
vt 0.33948424458503723 0.5609702467918396
vt 0.33948424458503723 0.60010397434234619
vt 0.38577756285667419 0.62945419549942017
vt 0.39349308609962463 0.6196708083152771
vt 0.39349308609962463 0.62945419549942017
vt 0.37034645676612854 0.62945419549942017
vt 0.37806200981140137 0.6196708083152771
vt 0.37806200981140137 0.62945419549942017
vt 0.33948424458503723 0.6196708083152771
vt 0.35491535067558289 0.60010397434234619
vt 0.35491535067558289 0.6196708083152771
vt 0.35491535067558289 0.62945419549942017
vt 0.36263090372085571 0.6196708083152771
vt 0.36263090372085571 0.62945419549942017
vt 0.33948424458503723 0.62945419549942017
vt 0.34719979763031006 0.6196708083152771
vt 0.34719979763031006 0.62945419549942017
vt 0.30862203240394592 0.6196708083152771
vt 0.32405313849449158 0.60010397434234619
vt 0.32405313849449158 0.6196708083152771
vt 0.24689763784408569 0.60010397434234619
vt 0.27775982022285461 0.5609702467918396
vt 0.27775982022285461 0.60010397434234619
vt 0.12344881892204285 0.5609702467918396
vt 0.18517322838306427 0.48270288109779358
vt 0.18517322838306427 0.5609702467918396
vt 0.32405313849449158 0.62945419549942017
vt 0.3317686915397644 0.6196708083152771
vt 0.3317686915397644 0.62945419549942017
vt 0.30862203240394592 0.62945419549942017
vt 0.31633758544921875 0.6196708083152771
vt 0.31633758544921875 0.62945419549942017
vt 0.27775982022285461 0.6196708083152771
vt 0.29319092631340027 0.60010397434234619
vt 0.29319092631340027 0.6196708083152771
vt 0.29319092631340027 0.62945419549942017
vt 0.3009064793586731 0.6196708083152771
vt 0.3009064793586731 0.62945419549942017
vt 0.27775982022285461 0.62945419549942017
vt 0.28547537326812744 0.6196708083152771
vt 0.28547537326812744 0.62945419549942017
vt 0.24689763784408569 0.6196708083152771
vt 0.26232874393463135 0.60010397434234619
vt 0.26232874393463135 0.6196708083152771
vt 0.18517322838306427 0.60010397434234619
vt 0.21603542566299438 0.5609702467918396
vt 0.21603542566299438 0.60010397434234619
vt 0.26232874393463135 0.62945419549942017
vt 0.27004429697990417 0.6196708083152771
vt 0.27004429697990417 0.62945419549942017
vt 0.24689763784408569 0.62945419549942017
vt 0.25461319088935852 0.6196708083152771
vt 0.25461319088935852 0.62945419549942017
vt 0.21603542566299438 0.6196708083152771
vt 0.23146653175354004 0.60010397434234619
vt 0.23146653175354004 0.6196708083152771
vt 0.23146653175354004 0.62945419549942017
vt 0.23918208479881287 0.6196708083152771
vt 0.23918208479881287 0.62945419549942017
vt 0.21603542566299438 0.62945419549942017
vt 0.22375097870826721 0.6196708083152771
vt 0.22375097870826721 0.62945419549942017
vt 0.18517322838306427 0.6196708083152771
vt 0.20060431957244873 0.60010397434234619
vt 0.20060431957244873 0.6196708083152771
vt 0.12344881892204285 0.60010397434234619
vt 0.15431101620197296 0.5609702467918396
vt 0.15431101620197296 0.60010397434234619
vt 0.061724409461021423 0.48270288109779358
vt 0.061724409461021423 0.5609702467918396
vt 0.20060431957244873 0.62945419549942017
vt 0.20831987261772156 0.6196708083152771
vt 0.20831987261772156 0.62945419549942017
vt 0.18517322838306427 0.62945419549942017
vt 0.1928887814283371 0.6196708083152771
vt 0.1928887814283371 0.62945419549942017
vt 0.15431101620197296 0.6196708083152771
vt 0.16974212229251862 0.60010397434234619
vt 0.16974212229251862 0.6196708083152771
vt 0.16974212229251862 0.62945419549942017
vt 0.17745767533779144 0.6196708083152771
vt 0.17745767533779144 0.62945419549942017
vt 0.15431101620197296 0.62945419549942017
vt 0.16202656924724579 0.6196708083152771
vt 0.16202656924724579 0.62945419549942017
vt 0.12344881892204285 0.6196708083152771
vt 0.13887991011142731 0.60010397434234619
vt 0.13887991011142731 0.6196708083152771
vt 0.061724409461021423 0.60010397434234619
vt 0.092586614191532135 0.5609702467918396
vt 0.092586614191532135 0.60010397434234619
vt 0.13887991011142731 0.62945419549942017
vt 0.14659546315670013 0.6196708083152771
vt 0.14659546315670013 0.62945419549942017
vt 0.12344881892204285 0.62945419549942017
vt 0.13116437196731567 0.6196708083152771
vt 0.13116437196731567 0.62945419549942017
vt 0.092586614191532135 0.6196708083152771
vt 0.10801771283149719 0.60010397434234619
vt 0.10801771283149719 0.6196708083152771
vt 0.10801771283149719 0.62945419549942017
vt 0.11573326587677002 0.6196708083152771
vt 0.11573326587677002 0.62945419549942017
vt 0.092586614191532135 0.62945419549942017
vt 0.10030215978622437 0.6196708083152771
vt 0.10030215978622437 0.62945419549942017
vt 0.061724409461021423 0.6196708083152771
vt 0.077155508100986481 0.60010397434234619
vt 0.077155508100986481 0.6196708083152771
vt 0.030862204730510712 0.5609702467918396
vt 0.030862204730510712 0.60010397434234619
vt 0.077155508100986481 0.62945419549942017
vt 0.084871061146259308 0.6196708083152771
vt 0.084871061146259308 0.62945419549942017
vt 0.061724409461021423 0.62945419549942017
vt 0.069439955055713654 0.6196708083152771
vt 0.069439955055713654 0.62945419549942017
vt 0.030862204730510712 0.6196708083152771
vt 0.046293307095766068 0.60010397434234619
vt 0.046293307095766068 0.6196708083152771
vt 0.046293307095766068 0.62945419549942017
vt 0.054008856415748596 0.6196708083152771
vt 0.054008856415748596 0.62945419549942017
vt 0.030862204730510712 0.62945419549942017
vt 0.03857775405049324 0.6196708083152771
vt 0.03857775405049324 0.62945419549942017
vt 0.015431102365255356 0.60010397434234619
vt 0.015431102365255356 0.6196708083152771
vt 0.015431102365255356 0.62945419549942017
vt 0.023146653547883034 0.6196708083152771
vt 0.023146653547883034 0.62945419549942017
vt 0.0077155511826276779 0.6196708083152771
vt 0.0077155511826276779 0.62945419549942017
vt 0.0078380201011896133 0.013098590075969696
vt 0.015676040202379227 0.013098590075969696
vt 0.02351406030356884 0.013098590075969696
vt 0.031352080404758453 0.013098599389195442
vt 0.039190102368593216 0.013098602183163166
vt 0.04702812060713768 0.013098604045808315
vt 0.054866138845682144 0.013098606839776039
vt 0.062704160809516907 0.013098608702421188
vt 0.070542186498641968 0.013098611496388912
vt 0.078380204737186432 0.013098613359034061
vt 0.086218222975730896 0.013098616153001785
vt 0.09405624121427536 0.013098618015646935
vt 0.10189425945281982 0.013098620809614658
vt 0.10973227769136429 0.013098622672259808
vt 0.11757030338048935 0.013098625466227531
vt 0.12540832161903381 0.013098627328872681
vt 0.13324634730815887 0.013098630122840405
vt 0.14108437299728394 0.013098631985485554
vt 0.1489223837852478 0.013098634779453278
vt 0.15676040947437286 0.013098636642098427
vt 0.16459842026233673 0.013098639436066151
vt 0.17243644595146179 0.0130986412987113
vt 0.18027447164058685 0.013098644092679024
vt 0.18811248242855072 0.013098645955324173
vt 0.19595050811767578 0.013098648749291897
vt 0.20378851890563965 0.013098650611937046
vt 0.21162654459476471 0.01309865340590477
vt 0.21946455538272858 0.013098655268549919
vt 0.22730258107185364 0.013098658062517643
vt 0.2351406067609787 0.013098659925162792
vt 0.24297861754894257 0.013098662719130516
vt 0.25081664323806763 0.013098664581775665
vt 0.25865468382835388 0.013098667375743389
vt 0.26649269461631775 0.013098670169711113
vt 0.27433070540428162 0.013098672032356262
vt 0.28216874599456787 0.013098674826323986
vt 0.29000675678253174 0.013098676688969135
vt 0.29784476757049561 0.013098679482936859
vt 0.30568277835845947 0.013098681345582008
vt 0.31352081894874573 0.013098684139549732
vt 0.32135882973670959 0.013098686002194881
vt 0.32919684052467346 0.013098688796162605
vt 0.33703488111495972 0.013098690658807755
vt 0.34487289190292358 0.013098693452775478
vt 0.35271090269088745 0.013098695315420628
vt 0.36054894328117371 0.013098698109388351
vt 0.36838695406913757 0.013098699972033501
vt 0.37622496485710144 0.013098702766001225
vt 0.38406297564506531 0.013098704628646374
vt 0.39190101623535156 0.013098707422614098
vt 0.39973902702331543 0.013098709285259247
vt 0.4075770378112793 0.013098712079226971
vt 0.41541507840156555 0.01309871394187212
vt 0.42325308918952942 0.013098716735839844
vt 0.43109109997749329 0.013098718598484993
vt 0.43892911076545715 0.013098721392452717
vt 0.44676715135574341 0.013098723255097866
vt 0.45460516214370728 0.01309872604906559
vt 0.46244317293167114 0.013098727911710739
vt 0.4702812135219574 0.013098730705678463
vt 0.47811922430992126 0.013098732568323612
vt 0.48595723509788513 0.013098735362291336
vt 0.49379527568817139 0.013098737224936485
vt 0.24689763784408569 0.16963335871696472
vt 0.12344881892204285 0.16963335871696472
vt 0.12344881892204285 0.09136597067117691
vt 0.061724409461021423 0.16963335871696472
vt 0.061724409461021423 0.09136597067117691
vt 0.061724409461021423 0.052232280373573303
vt 0.030862204730510712 0.09136597067117691
vt 0.030862204730510712 0.052232280373573303
vt 0.030862204730510712 0.0326654352247715
vt 0.015431102365255356 0.052232280373573303
vt 0.015431102365255356 0.0326654352247715
vt 0.061724409461021423 0.0326654352247715
vt 0.046293307095766068 0.052232280373573303
vt 0.046293307095766068 0.0326654352247715
vt 0.12344881892204285 0.052232280373573303
vt 0.092586614191532135 0.09136597067117691
vt 0.092586614191532135 0.052232280373573303
vt 0.24689763784408569 0.09136597067117691
vt 0.18517322838306427 0.16963335871696472
vt 0.18517322838306427 0.09136597067117691
vt 0.37034645676612854 0.16963335871696472
vt 0.092586614191532135 0.0326654352247715
vt 0.077155508100986481 0.052232280373573303
vt 0.077155508100986481 0.0326654352247715
vt 0.12344881892204285 0.0326654352247715
vt 0.10801771283149719 0.052232280373573303
vt 0.10801771283149719 0.0326654352247715
vt 0.18517322838306427 0.052232280373573303
vt 0.15431101620197296 0.09136597067117691
vt 0.15431101620197296 0.052232280373573303
vt 0.15431101620197296 0.0326654352247715
vt 0.13887991011142731 0.052232280373573303
vt 0.13887991011142731 0.0326654352247715
vt 0.18517322838306427 0.0326654352247715
vt 0.16974212229251862 0.052232280373573303
vt 0.16974212229251862 0.0326654352247715
vt 0.24689763784408569 0.052232280373573303
vt 0.21603542566299438 0.09136597067117691
vt 0.21603542566299438 0.052232280373573303
vt 0.37034645676612854 0.09136597067117691
vt 0.30862203240394592 0.16963335871696472
vt 0.30862203240394592 0.09136597067117691
vt 0.21603542566299438 0.0326654352247715
vt 0.20060431957244873 0.052232280373573303
vt 0.20060431957244873 0.0326654352247715
vt 0.24689763784408569 0.0326654352247715
vt 0.23146653175354004 0.052232280373573303
vt 0.23146653175354004 0.0326654352247715
vt 0.30862203240394592 0.052232280373573303
vt 0.27775982022285461 0.09136597067117691
vt 0.27775982022285461 0.052232280373573303
vt 0.27775982022285461 0.0326654352247715
vt 0.26232874393463135 0.052232280373573303
vt 0.26232874393463135 0.0326654352247715
vt 0.30862203240394592 0.0326654352247715
vt 0.29319092631340027 0.052232280373573303
vt 0.29319092631340027 0.0326654352247715
vt 0.37034645676612854 0.052232280373573303
vt 0.33948424458503723 0.09136597067117691
vt 0.33948424458503723 0.052232280373573303
vt 0.43207085132598877 0.16963335871696472
vt 0.43207085132598877 0.09136597067117691
vt 0.33948424458503723 0.0326654352247715
vt 0.32405313849449158 0.052232280373573303
vt 0.32405313849449158 0.0326654352247715
vt 0.37034645676612854 0.0326654352247715
vt 0.35491535067558289 0.052232280373573303
vt 0.35491535067558289 0.0326654352247715
vt 0.43207085132598877 0.052232280373573303
vt 0.40120863914489746 0.09136597067117691
vt 0.40120863914489746 0.052232280373573303
vt 0.40120863914489746 0.0326654352247715
vt 0.38577756285667419 0.052232280373573303
vt 0.38577756285667419 0.0326654352247715
vt 0.43207085132598877 0.0326654352247715
vt 0.41663974523544312 0.052232280373573303
vt 0.41663974523544312 0.0326654352247715
vt 0.46293306350708008 0.09136597067117691
vt 0.46293306350708008 0.052232280373573303
vt 0.46293306350708008 0.0326654352247715
vt 0.44750195741653442 0.052232280373573303
vt 0.44750195741653442 0.0326654352247715
vt 0.47836416959762573 0.052232280373573303
vt 0.47836416959762573 0.0326654352247715
vt 0.49379527568817139 0.021024545654654503
vt 0.49379527568817139 0.02895035594701767
vt 0.49379527568817139 0.036876164376735687
vt 0.49379527568817139 0.044801972806453705
vt 0.49379527568817139 0.052727781236171722
vt 0.49379527568817139 0.060653593391180038
vt 0.493795245885849 0.068579398095607758
vt 0.493795245885849 0.076505206525325775
vt 0.493795245885849 0.084431014955043793
vt 0.493795245885849 0.092356830835342407
vt 0.493795245885849 0.10028263926506042
vt 0.493795245885849 0.10820844769477844
vt 0.493795245885849 0.11613425612449646
vt 0.493795245885849 0.12406006455421448
vt 0.493795245885849 0.1319858729839325
vt 0.493795245885849 0.13991168141365051
vt 0.493795245885849 0.14783748984336853
vt 0.493795245885849 0.15576329827308655
vt 0.493795245885849 0.16368910670280457
vt 0.493795245885849 0.17161491513252258
vt 0.49379521608352661 0.1795407235622406
vt 0.49379521608352661 0.18746653199195862
vt 0.49379521608352661 0.19539234042167664
vt 0.49379521608352661 0.20331814885139465
vt 0.49379521608352661 0.21124397218227386
vt 0.49379521608352661 0.21916976571083069
vt 0.49379521608352661 0.2270955890417099
vt 0.49379521608352661 0.23502138257026672
vt 0.49379521608352661 0.24294720590114594
vt 0.49379521608352661 0.25087299942970276
vt 0.49379521608352661 0.25879880785942078
vt 0.49379521608352661 0.26672461628913879
vt 0.49379521608352661 0.27465042471885681
vt 0.49379521608352661 0.28257623314857483
vt 0.49379518628120422 0.29050204157829285
vt 0.49379518628120422 0.29842787981033325
vt 0.49379518628120422 0.30635365843772888
vt 0.49379518628120422 0.31427949666976929
vt 0.49379518628120422 0.32220527529716492
vt 0.49379518628120422 0.33013111352920532
vt 0.49379518628120422 0.33805692195892334
vt 0.49379518628120422 0.34598270058631897
vt 0.49379518628120422 0.35390850901603699
vt 0.49379518628120422 0.36183434724807739
vt 0.49379518628120422 0.36976015567779541
vt 0.49379518628120422 0.37768593430519104
vt 0.49379518628120422 0.38561174273490906
vt 0.49379518628120422 0.39353758096694946
vt 0.49379515647888184 0.40146338939666748
vt 0.49379515647888184 0.4093891978263855
vt 0.49379515647888184 0.41731497645378113
vt 0.49379515647888184 0.42524078488349915
vt 0.49379515647888184 0.43316662311553955
vt 0.49379515647888184 0.44109243154525757
vt 0.49379515647888184 0.4490182101726532
vt 0.49379515647888184 0.45694401860237122
vt 0.49379515647888184 0.46486985683441162
vt 0.49379515647888184 0.47279566526412964
vt 0.49379515647888184 0.48072147369384766
vt 0.49379515647888184 0.48864725232124329
vt 0.49379515647888184 0.49657309055328369
vt 0.49379515647888184 0.50449889898300171
vt 0.49379512667655945 0.51242470741271973
vt 0.49379512667655945 0.52035051584243774
vt 0.49379512667655945 0.52827632427215576
vt 0.49379512667655945 0.53620213270187378
vt 0.49379512667655945 0.5441279411315918
vt 0.49379512667655945 0.55205374956130981
vt 0.49379512667655945 0.55997955799102783
vt 0.49379512667655945 0.56790536642074585
vt 0.49379512667655945 0.57583117485046387
vt 0.49379512667655945 0.58375698328018188
vt 0.49379512667655945 0.5916827917098999
vt 0.49379512667655945 0.59960860013961792
vt 0.49379512667655945 0.60753440856933594
vt 0.49379512667655945 0.61546021699905396
vt 0.49379509687423706 0.62338602542877197
vt 0.49379509687423706 0.63131183385848999
vt 0.47836416959762573 0.09136597067117691
vt 0.46293306350708008 0.071799129247665405
vt 0.47836416959762573 0.071799129247665405
vt 0.46293306350708008 0.16963335871696472
vt 0.43207085132598877 0.13049966096878052
vt 0.46293306350708008 0.13049966096878052
vt 0.43207085132598877 0.32616811990737915
vt 0.37034645676612854 0.24790073931217194
vt 0.43207085132598877 0.24790073931217194
vt 0.47836416959762573 0.13049966096878052
vt 0.46293306350708008 0.11093281954526901
vt 0.47836416959762573 0.11093281954526901
vt 0.47836416959762573 0.16963335871696472
vt 0.46293306350708008 0.15006650984287262
vt 0.47836416959762573 0.15006650984287262
vt 0.46293306350708008 0.24790073931217194
vt 0.43207085132598877 0.20876704156398773
vt 0.46293306350708008 0.20876704156398773
vt 0.47836416959762573 0.20876704156398773
vt 0.46293306350708008 0.18920019268989563
vt 0.47836416959762573 0.18920019268989563
vt 0.47836416959762573 0.24790073931217194
vt 0.46293306350708008 0.22833389043807983
vt 0.47836416959762573 0.22833389043807983
vt 0.46293306350708008 0.32616811990737915
vt 0.43207085132598877 0.28703442215919495
vt 0.46293306350708008 0.28703442215919495
vt 0.37034645676612854 0.40443551540374756
vt 0.43207085132598877 0.40443551540374756
vt 0.47836416959762573 0.28703442215919495
vt 0.46293306350708008 0.26746758818626404
vt 0.47836416959762573 0.26746758818626404
vt 0.47836416959762573 0.32616811990737915
vt 0.46293306350708008 0.30660128593444824
vt 0.47836416959762573 0.30660128593444824
vt 0.46293306350708008 0.40443551540374756
vt 0.43207085132598877 0.36530181765556335
vt 0.46293306350708008 0.36530181765556335
vt 0.47836416959762573 0.36530181765556335
vt 0.46293306350708008 0.34573495388031006
vt 0.47836416959762573 0.34573495388031006
vt 0.47836416959762573 0.40443551540374756
vt 0.46293306350708008 0.38486865162849426
vt 0.47836416959762573 0.38486865162849426
vt 0.46293306350708008 0.48270288109779358
vt 0.43207085132598877 0.44356918334960938
vt 0.46293306350708008 0.44356918334960938
vt 0.47836416959762573 0.44356918334960938
vt 0.46293306350708008 0.42400234937667847
vt 0.47836416959762573 0.42400234937667847
vt 0.47836416959762573 0.48270288109779358
vt 0.46293306350708008 0.46313604712486267
vt 0.47836416959762573 0.46313604712486267
vt 0.43207085132598877 0.52183657884597778
vt 0.46293306350708008 0.52183657884597778
vt 0.47836416959762573 0.52183657884597778
vt 0.46293306350708008 0.50226974487304688
vt 0.47836416959762573 0.50226974487304688
vt 0.47836416959762573 0.5609702467918396
vt 0.46293306350708008 0.54140341281890869
vt 0.47836416959762573 0.54140341281890869
vt 0.46293306350708008 0.58053708076477051
vt 0.47836416959762573 0.58053708076477051
vt 4.4184907892486081E-05 0.63131177425384521
vt 4.361843821243383E-05 0.62338602542877197
vt 4.3051964894402772E-05 0.61546021699905396
vt 4.2485491576371714E-05 0.60753434896469116
vt 4.1919018258340657E-05 0.59960854053497314
vt 4.1352544940309599E-05 0.59168273210525513
vt 4.0786071622278541E-05 0.58375698328018188
vt 4.0219598304247484E-05 0.57583111524581909
vt 3.9653124986216426E-05 0.56790530681610107
vt 3.9086655306164175E-05 0.55997949838638306
vt 3.852017835015431E-05 0.55205368995666504
vt 3.7953705032123253E-05 0.54412788152694702
vt 3.7387231714092195E-05 0.536202073097229
vt 3.6820758396061137E-05 0.52827626466751099
vt 3.625428507803008E-05 0.52035045623779297
vt 3.5687811759999022E-05 0.51242464780807495
vt 3.5121342079946771E-05 0.50449883937835693
vt 3.4554865123936906E-05 0.49657303094863892
vt 3.3988395443884656E-05 0.4886472225189209
vt 3.3421918487874791E-05 0.48072141408920288
vt 3.285544880782254E-05 0.47279560565948486
vt 3.2288971851812676E-05 0.46486976742744446
vt 3.1722498533781618E-05 0.45694398880004883
vt 3.1156028853729367E-05 0.44901818037033081
vt 3.0589551897719502E-05 0.44109237194061279
vt 3.0023080398677848E-05 0.43316653370857239
vt 2.9456608899636194E-05 0.42524072527885437
vt 2.8890133762615733E-05 0.41731491684913635
vt 2.8323660444584675E-05 0.40938913822174072
vt 2.7757187126553617E-05 0.40146329998970032
vt 2.719071380852256E-05 0.3935374915599823
vt 2.6624240490491502E-05 0.38561168313026428
vt 2.6057767172460444E-05 0.37768584489822388
vt 2.549129567341879E-05 0.36976006627082825
vt 2.4924822355387732E-05 0.36183425784111023
vt 2.4358349037356675E-05 0.35390844941139221
vt 2.3791875719325617E-05 0.34598261117935181
vt 2.3225402401294559E-05 0.33805680274963379
vt 2.2658929083263502E-05 0.33013102412223816
vt 2.209245394624304E-05 0.32220518589019775
vt 2.1525982447201386E-05 0.31427940726280212
vt 2.0959509129170328E-05 0.30635356903076172
vt 2.0393035811139271E-05 0.29842779040336609
vt 1.9826562493108213E-05 0.29050195217132568
vt 1.9260089175077155E-05 0.28257614374160767
vt 1.8693615857046098E-05 0.27465033531188965
vt 1.812714253901504E-05 0.26672452688217163
vt 1.7560671039973386E-05 0.25879871845245361
vt 1.6994197721942328E-05 0.2508729100227356
vt 1.642772440391127E-05 0.24294708669185638
vt 1.5861249266890809E-05 0.23502129316329956
vt 1.5294775948859751E-05 0.22709546983242035
vt 1.4728304449818097E-05 0.21916966140270233
vt 1.4161830222292338E-05 0.21124385297298431
vt 1.359535690426128E-05 0.2033180445432663
vt 1.3028883586230222E-05 0.19539222121238708
vt 1.2462411177693866E-05 0.18746642768383026
vt 1.1895937859662808E-05 0.17954060435295105
vt 1.1329464541631751E-05 0.17161481082439423
vt 1.0762991223600693E-05 0.16368898749351501
vt 1.0196517905569635E-05 0.155763179063797
vt 9.6300445875385776E-06 0.14783737063407898
vt 9.0635712695075199E-06 0.13991156220436096
vt 8.497098860971164E-06 0.13198575377464294
vt 7.9306246334454045E-06 0.12405993789434433
vt 7.3641522249090485E-06 0.11613412201404572
vt 6.7976784521306399E-06 0.1082083135843277
vt 6.2312055888469331E-06 0.10028250515460968
vt 5.6647322708158754E-06 0.092356696724891663
vt 5.0982589527848177E-06 0.084430888295173645
vt 4.53178563475376E-06 0.076505072414875031
vt 3.9653123167227022E-06 0.068579263985157013
vt 3.39883922606532E-06 0.060653451830148697
vt 2.8323661354079377E-06 0.052727643400430679
vt 2.26589281737688E-06 0.044801831245422363
vt 1.69941961303266E-06 0.036876022815704346
vt 1.13294640868844E-06 0.02895021066069603
vt 5.6647320434421999E-07 0.021024400368332863
vt 0.030862204730510712 0.58053708076477051
vt 0.015431102365255356 0.5609702467918396
vt 0.015431102365255356 0.58053708076477051
vt 0.061724409461021423 0.52183657884597778
vt 0.030862204730510712 0.48270288109779358
vt 0.030862204730510712 0.52183657884597778
vt 0.12344881892204285 0.40443551540374756
vt 0.061724409461021423 0.32616811990737915
vt 0.061724409461021423 0.40443551540374756
vt 0.030862204730510712 0.54140341281890869
vt 0.015431102365255356 0.52183657884597778
vt 0.015431102365255356 0.54140341281890869
vt 0.030862204730510712 0.50226974487304688
vt 0.015431102365255356 0.48270288109779358
vt 0.015431102365255356 0.50226974487304688
vt 0.061724409461021423 0.44356918334960938
vt 0.030862204730510712 0.40443551540374756
vt 0.030862204730510712 0.44356918334960938
vt 0.030862204730510712 0.46313604712486267
vt 0.015431102365255356 0.44356918334960938
vt 0.015431102365255356 0.46313604712486267
vt 0.030862204730510712 0.42400234937667847
vt 0.015431102365255356 0.40443551540374756
vt 0.015431102365255356 0.42400234937667847
vt 0.061724409461021423 0.36530181765556335
vt 0.030862204730510712 0.32616811990737915
vt 0.030862204730510712 0.36530181765556335
vt 0.12344881892204285 0.24790073931217194
vt 0.061724409461021423 0.24790073931217194
vt 0.030862204730510712 0.38486865162849426
vt 0.015431102365255356 0.36530181765556335
vt 0.015431102365255356 0.38486865162849426
vt 0.030862204730510712 0.34573495388031006
vt 0.015431102365255356 0.32616811990737915
vt 0.015431102365255356 0.34573495388031006
vt 0.061724409461021423 0.28703442215919495
vt 0.030862204730510712 0.24790073931217194
vt 0.030862204730510712 0.28703442215919495
vt 0.030862204730510712 0.30660128593444824
vt 0.015431102365255356 0.28703442215919495
vt 0.015431102365255356 0.30660128593444824
vt 0.030862204730510712 0.26746758818626404
vt 0.015431102365255356 0.24790073931217194
vt 0.015431102365255356 0.26746758818626404
vt 0.061724409461021423 0.20876704156398773
vt 0.030862204730510712 0.16963335871696472
vt 0.030862204730510712 0.20876704156398773
vt 0.030862204730510712 0.22833389043807983
vt 0.015431102365255356 0.20876704156398773
vt 0.015431102365255356 0.22833389043807983
vt 0.030862204730510712 0.18920019268989563
vt 0.015431102365255356 0.16963335871696472
vt 0.015431102365255356 0.18920019268989563
vt 0.061724409461021423 0.13049966096878052
vt 0.030862204730510712 0.13049966096878052
vt 0.030862204730510712 0.15006650984287262
vt 0.015431102365255356 0.13049966096878052
vt 0.015431102365255356 0.15006650984287262
vt 0.030862204730510712 0.11093281954526901
vt 0.015431102365255356 0.09136597067117691
vt 0.015431102365255356 0.11093281954526901
vt 0.030862204730510712 0.071799129247665405
vt 0.015431102365255356 0.071799129247665405
vn 0 -0.00065433443523943424 -0.9999997615814209
vn 0 -0.00065433443523943424 -0.9999997615814209
vn 0 -0.00065433443523943424 -0.9999997615814209
vn 0 -0.00065433443523943424 -0.9999997615814209
vn 0 -0.00065433443523943424 -0.9999997615814209
vn 0 -0.00065433443523943424 -0.9999997615814209
vn 0 -0.00065433443523943424 -0.9999997615814209
vn 0 -0.00065433443523943424 -0.9999997615814209
vn 0 -0.00065433443523943424 -0.9999997615814209
vn 0 -0.00065433443523943424 -0.9999997615814209
vn 0 -0.00065433443523943424 -0.9999997615814209
vn 0 -0.00065433443523943424 -0.9999997615814209
vn 0 -0.00065433443523943424 -0.9999997615814209
vn 0 -0.00065433443523943424 -0.9999997615814209
vn 0 -0.00065433443523943424 -0.9999997615814209
vn 0 -0.00065433443523943424 -0.9999997615814209
vn 0 -0.00065433443523943424 -0.9999997615814209
vn 0 -0.00065433443523943424 -0.9999997615814209
vn 0 -0.00065433443523943424 -0.9999997615814209
vn 0 -0.00065433443523943424 -0.9999997615814209
vn 0 -0.00065433443523943424 -0.9999997615814209
vn 0 -0.00065433443523943424 -0.9999997615814209
vn 0 -0.00065433443523943424 -0.9999997615814209
vn 0 -0.00065433443523943424 -0.9999997615814209
vn 0 -0.00065433443523943424 -0.9999997615814209
vn 0 -0.00065433443523943424 -0.9999997615814209
vn 0 0.00065433443523943424 0.9999997615814209
vn 0 0.00065433443523943424 0.9999997615814209
vn 0 0.00065433443523943424 0.9999997615814209
vn 0 0.00065433443523943424 0.9999997615814209
vn 0 0.00065433443523943424 0.9999997615814209
vn 0 0.00065433443523943424 0.9999997615814209
vn 0 0.00065433443523943424 0.9999997615814209
vn 0 0.00065433443523943424 0.9999997615814209
vn 0 0.00065433443523943424 0.9999997615814209
vn 0 0.00065433443523943424 0.9999997615814209
vn 0 0.00065433443523943424 0.9999997615814209
vn 0 0.00065433443523943424 0.9999997615814209
vn 0 0.00065433443523943424 0.9999997615814209
vn 0 0.00065433443523943424 0.9999997615814209
vn 0 0.00065433443523943424 0.9999997615814209
vn 0 0.00065433443523943424 0.9999997615814209
vn 0 0.00065433443523943424 0.9999997615814209
vn 0 0.00065433443523943424 0.9999997615814209
vn 0 0.00065433443523943424 0.9999997615814209
vn 0 0.00065433443523943424 0.9999997615814209
vn 0 0.00065433443523943424 0.9999997615814209
vn 0 0.00065433443523943424 0.9999997615814209
vn 0 0.00065433443523943424 0.9999997615814209
vn 0 0.00065433443523943424 0.9999997615814209
vn 0 0.00065433443523943424 0.9999997615814209
vn 0 0.00065433443523943424 0.9999997615814209
vn -1 0 0
vn -0.92502325773239136 -0.37991034984588623 0.00024858847609721124
vn -0.92502325773239136 -0.37991034984588623 0.00024858847609721124
vn -0.69970357418060303 -0.71443313360214233 0.00046747829765081406
vn -0.69970357418060303 -0.71443313360214233 0.00046747829765081406
vn -0.36344948410987854 -0.93161368370056152 0.00060958706308156252
vn -0.36344948410987854 -0.93161368370056152 0.00060958706308156252
vn 0 -0.9999997615814209 0.00065433443523943424
vn 0 -0.9999997615814209 0.00065433443523943424
vn 0.37991040945053101 -0.92502307891845703 0.00060527457389980555
vn 0.37991040945053101 -0.92502307891845703 0.00060527457389980555
vn 0.71443325281143188 -0.69970345497131348 0.0004578401567414403
vn 0.71443325281143188 -0.69970345497131348 0.0004578401567414403
vn 0.93161392211914063 -0.36344942450523376 0.00023781752679497004
vn 0.93161392211914063 -0.36344942450523376 0.00023781752679497004
vn 1 0 0
vn 1 0 0
vn -0.92978829145431519 -0.36809462308883667 0.00024085704353637993
vn -0.70710676908493042 -0.70710664987564087 0.00046268431469798088
vn -0.36809471249580383 -0.92978811264038086 0.00060839252546429634
vn 0 -0.9999997615814209 0.00065433443523943424
vn 0.36809471249580383 -0.92978811264038086 0.00060839252546429634
vn 0.70710676908493042 -0.70710664987564087 0.00046268431469798088
vn 0.92978829145431519 -0.36809462308883667 0.00024085704353637993
vn -0.92502325773239136 -0.37991034984588623 0.00024858847609721124
vn -0.98218530416488647 -0.18791502714157104 0.00012295930355321616
vn -0.98218530416488647 -0.18791502714157104 0.00012295930355321616
vn -0.69970357418060303 -0.71443313360214233 0.00046747829765081406
vn -0.83052265644073486 -0.55698472261428833 0.00036445437581278384
vn -0.83052265644073486 -0.55698472261428833 0.00036445437581278384
vn -0.36344948410987854 -0.93161368370056152 0.00060958706308156252
vn -0.54072701930999756 -0.84119796752929688 0.00055042491294443607
vn -0.54072701930999756 -0.84119796752929688 0.00055042491294443607
vn 0 -0.9999997615814209 0.00065433443523943424
vn -0.17962829768657684 -0.9837343692779541 0.00064369139727205038
vn -0.17962829768657684 -0.9837343692779541 0.00064369139727205038
vn 0.37991040945053101 -0.92502307891845703 0.00060527457389980555
vn 0.18791507184505463 -0.98218506574630737 0.00064267765264958143
vn 0.18791507184505463 -0.98218506574630737 0.00064267765264958143
vn 0.71443325281143188 -0.69970345497131348 0.0004578401567414403
vn 0.55698484182357788 -0.83052247762680054 0.00054343958618119359
vn 0.55698484182357788 -0.83052247762680054 0.00054343958618119359
vn 0.93161392211914063 -0.36344942450523376 0.00023781752679497004
vn 0.8411981463432312 -0.54072690010070801 0.00035381631460040808
vn 0.8411981463432312 -0.54072690010070801 0.00035381631460040808
vn 0.98373454809188843 -0.17962826788425446 0.00011753698345273733
vn 0.98373454809188843 -0.17962826788425446 0.00011753698345273733
vn 0.92978829145431519 -0.36809462308883667 0.00024085704353637993
vn 0.70710676908493042 -0.70710664987564087 0.00046268431469798088
vn 0.36809471249580383 -0.92978811264038086 0.00060839252546429634
vn 0 -0.9999997615814209 0.00065433443523943424
vn -0.36809471249580383 -0.92978811264038086 0.00060839252546429634
vn -0.70710676908493042 -0.70710664987564087 0.00046268431469798088
vn -0.92978829145431519 -0.36809462308883667 0.00024085704353637993
vn 0.93161392211914063 -0.36344942450523376 0.00023781752679497004
vn 0.98373454809188843 -0.17962826788425446 0.00011753698345273733
vn 0.98373454809188843 -0.17962826788425446 0.00011753698345273733
vn 0.71443325281143188 -0.69970345497131348 0.0004578401567414403
vn 0.8411981463432312 -0.54072690010070801 0.00035381631460040808
vn 0.8411981463432312 -0.54072690010070801 0.00035381631460040808
vn 0.37991040945053101 -0.92502307891845703 0.00060527457389980555
vn 0.55698484182357788 -0.83052247762680054 0.00054343958618119359
vn 0.55698484182357788 -0.83052247762680054 0.00054343958618119359
vn 0 -0.9999997615814209 0.00065433443523943424
vn 0.18791507184505463 -0.98218506574630737 0.00064267765264958143
vn 0.18791507184505463 -0.98218506574630737 0.00064267765264958143
vn -0.36344948410987854 -0.93161368370056152 0.00060958706308156252
vn -0.17962829768657684 -0.9837343692779541 0.00064369139727205038
vn -0.17962829768657684 -0.9837343692779541 0.00064369139727205038
vn -0.69970357418060303 -0.71443313360214233 0.00046747829765081406
vn -0.54072701930999756 -0.84119796752929688 0.00055042491294443607
vn -0.54072701930999756 -0.84119796752929688 0.00055042491294443607
vn -0.92502325773239136 -0.37991034984588623 0.00024858847609721124
vn -0.83052265644073486 -0.55698472261428833 0.00036445437581278384
vn -0.83052265644073486 -0.55698472261428833 0.00036445437581278384
vn -0.98218530416488647 -0.18791502714157104 0.00012295930355321616
vn -0.98218530416488647 -0.18791502714157104 0.00012295930355321616
vn 1 0 0
vn 1 0 0
vn 1 0 0
vn 1 0 0
vn -1 0 0
vn -1 0 0
vn -1 0 0
vn -1 0 0
vn -1 0 0
vn 1 0 0
vn 1 0 0
vn 1 0 0
vn 1 0 0
vn 1 0 0
vn 1 0 0
vn 1 0 0
vn 1 0 0
vn 1 0 0
vn 1 0 0
vn 0.70710676908493042 0.70710664987564087 -0.00046268431469798088
vn 0.70710676908493042 0.70710664987564087 -0.00046268431469798088
vn 0.70710676908493042 0.70710664987564087 -0.00046268431469798088
vn 0.70710676908493042 0.70710664987564087 -0.00046268431469798088
vn 0.70710676908493042 0.70710664987564087 -0.00046268431469798088
vn 0.70710676908493042 0.70710664987564087 -0.00046268431469798088
vn 0.70710676908493042 0.70710664987564087 -0.00046268431469798088
vn 0.70710676908493042 0.70710664987564087 -0.00046268431469798088
vn 0 0.9999997615814209 -0.00065433443523943424
vn 0 0.9999997615814209 -0.00065433443523943424
vn 0 0.9999997615814209 -0.00065433443523943424
vn 0 0.9999997615814209 -0.00065433443523943424
vn 0 0.9999997615814209 -0.00065433443523943424
vn 0 0.9999997615814209 -0.00065433443523943424
vn 0 0.9999997615814209 -0.00065433443523943424
vn 0 0.9999997615814209 -0.00065433443523943424
vn 0 0.9999997615814209 -0.00065433443523943424
vn 0 -0.9999997615814209 0.00065433443523943424
vn 0 -0.9999997615814209 0.00065433443523943424
vn 0 -0.9999997615814209 0.00065433443523943424
vn 0 -0.9999997615814209 0.00065433443523943424
vn 0 -0.9999997615814209 0.00065433443523943424
vn 0 -0.9999997615814209 0.00065433443523943424
vn 0 -0.9999997615814209 0.00065433443523943424
vn 0 -0.9999997615814209 0.00065433443523943424
vn 0 -0.9999997615814209 0.00065433443523943424
vn 0 -0.9999997615814209 0.00065433443523943424
vn 0 -0.9999997615814209 0.00065433443523943424
vn 0 -0.9999997615814209 0.00065433443523943424
vn 0 -0.9999997615814209 0.00065433443523943424
vn 0 -0.9999997615814209 0.00065433443523943424
vn 0 -0.9999997615814209 0.00065433443523943424
vn 0 -0.9999997615814209 0.00065433443523943424
vn 0 -0.9999997615814209 0.00065433443523943424
vn -1 0 0
vn -1 0 0
vn -1 0 0
vn -1 0 0
vn -1 0 0
vn -1 0 0
vn -1 0 0
vn -1 0 0
vn -1 0 0
vn -1 0 0
vn -1 0 0
vn -1 0 0
vn -1 0 0
vn -1 0 0
vn 0 0.00065433443523943424 0.9999997615814209
vn 0 0.00065433443523943424 0.9999997615814209
vn 0 0.00065433443523943424 0.9999997615814209
vn 0 0.00065433443523943424 0.9999997615814209
vn 0 0.00065433443523943424 0.9999997615814209
vn 0 0.00065433443523943424 0.9999997615814209
vn 0 0.00065433443523943424 0.9999997615814209
vn 0 0.00065433443523943424 0.9999997615814209
vn 0 0.00065433443523943424 0.9999997615814209
vn 0 0.00065433443523943424 0.9999997615814209
vn 0 0.00065433443523943424 0.9999997615814209
vn 0 0.00065433443523943424 0.9999997615814209
vn 0 0.00065433443523943424 0.9999997615814209
vn 0 0.00065433443523943424 0.9999997615814209
vn 0 0.00065433443523943424 0.9999997615814209
vn 0 0.00065433443523943424 0.9999997615814209
vn 0 0.00065433443523943424 0.9999997615814209
vn 0 0.00065433443523943424 0.9999997615814209
vn 0 0.00065433443523943424 0.9999997615814209
vn 0 0.00065433443523943424 0.9999997615814209
vn 0 0.00065433443523943424 0.9999997615814209
vn 0 0.00065433443523943424 0.9999997615814209
vn 0 -0.00065433443523943424 -0.9999997615814209
vn 0 -0.00065433443523943424 -0.9999997615814209
vn 0 -0.00065433443523943424 -0.9999997615814209
vn 0 -0.00065433443523943424 -0.9999997615814209
vn 0 -0.00065433443523943424 -0.9999997615814209
vn 0 -0.00065433443523943424 -0.9999997615814209
vn 0 -0.00065433443523943424 -0.9999997615814209
vn 0 -0.00065433443523943424 -0.9999997615814209
vn 0 -0.00065433443523943424 -0.9999997615814209
vn 0 -0.00065433443523943424 -0.9999997615814209
vn 0 -0.00065433443523943424 -0.9999997615814209
vn 0 -0.00065433443523943424 -0.9999997615814209
vn 0 -0.00065433443523943424 -0.9999997615814209
vn 0 -0.00065433443523943424 -0.9999997615814209
vn 0 -0.00065433443523943424 -0.9999997615814209
vn 0 -0.00065433443523943424 -0.9999997615814209
vn 0 -0.00065433443523943424 -0.9999997615814209
vn 0 -0.00065433443523943424 -0.9999997615814209
vn 0 -0.00065433443523943424 -0.9999997615814209
vn 0 -0.00065433443523943424 -0.9999997615814209
vn 0 -0.00065433443523943424 -0.9999997615814209
vn 0 -0.00065433443523943424 -0.9999997615814209
vn -1 0 0
vn -0.92502325773239136 -0.37991034984588623 0.00024858847609721124
vn -0.92502325773239136 -0.37991034984588623 0.00024858847609721124
vn -0.69970357418060303 -0.71443313360214233 0.00046747829765081406
vn -0.69970357418060303 -0.71443313360214233 0.00046747829765081406
vn -0.36344948410987854 -0.93161368370056152 0.00060958706308156252
vn -0.36344948410987854 -0.93161368370056152 0.00060958706308156252
vn 0 -0.9999997615814209 0.00065433443523943424
vn 0 -0.9999997615814209 0.00065433443523943424
vn 0.37991040945053101 -0.92502307891845703 0.00060527457389980555
vn 0.37991040945053101 -0.92502307891845703 0.00060527457389980555
vn 0.71443325281143188 -0.69970345497131348 0.0004578401567414403
vn 0.71443325281143188 -0.69970345497131348 0.0004578401567414403
vn 0.93161392211914063 -0.36344942450523376 0.00023781752679497004
vn 0.93161392211914063 -0.36344942450523376 0.00023781752679497004
vn 1 0 0
vn 1 0 0
vn -0.92978829145431519 -0.36809462308883667 0.00024085704353637993
vn -0.70710676908493042 -0.70710664987564087 0.00046268431469798088
vn -0.36809471249580383 -0.92978811264038086 0.00060839252546429634
vn 0 -0.9999997615814209 0.00065433443523943424
vn 0.36809471249580383 -0.92978811264038086 0.00060839252546429634
vn 0.70710676908493042 -0.70710664987564087 0.00046268431469798088
vn 0.92978829145431519 -0.36809462308883667 0.00024085704353637993
vn -0.92502325773239136 -0.37991034984588623 0.00024858847609721124
vn -0.98218530416488647 -0.18791502714157104 0.00012295930355321616
vn -0.98218530416488647 -0.18791502714157104 0.00012295930355321616
vn -0.69970357418060303 -0.71443313360214233 0.00046747829765081406
vn -0.83052265644073486 -0.55698472261428833 0.00036445437581278384
vn -0.83052265644073486 -0.55698472261428833 0.00036445437581278384
vn -0.36344948410987854 -0.93161368370056152 0.00060958706308156252
vn -0.54072701930999756 -0.84119796752929688 0.00055042491294443607
vn -0.54072701930999756 -0.84119796752929688 0.00055042491294443607
vn 0 -0.9999997615814209 0.00065433443523943424
vn -0.17962829768657684 -0.9837343692779541 0.00064369139727205038
vn -0.17962829768657684 -0.9837343692779541 0.00064369139727205038
vn 0.37991040945053101 -0.92502307891845703 0.00060527457389980555
vn 0.18791507184505463 -0.98218506574630737 0.00064267765264958143
vn 0.18791507184505463 -0.98218506574630737 0.00064267765264958143
vn 0.71443325281143188 -0.69970345497131348 0.0004578401567414403
vn 0.55698484182357788 -0.83052247762680054 0.00054343958618119359
vn 0.55698484182357788 -0.83052247762680054 0.00054343958618119359
vn 0.93161392211914063 -0.36344942450523376 0.00023781752679497004
vn 0.8411981463432312 -0.54072690010070801 0.00035381631460040808
vn 0.8411981463432312 -0.54072690010070801 0.00035381631460040808
vn 0.98373454809188843 -0.17962826788425446 0.00011753698345273733
vn 0.98373454809188843 -0.17962826788425446 0.00011753698345273733
vn 0.92978829145431519 -0.36809462308883667 0.00024085704353637993
vn 0.70710676908493042 -0.70710664987564087 0.00046268431469798088
vn 0.36809471249580383 -0.92978811264038086 0.00060839252546429634
vn 0 -0.9999997615814209 0.00065433443523943424
vn -0.36809471249580383 -0.92978811264038086 0.00060839252546429634
vn -0.70710676908493042 -0.70710664987564087 0.00046268431469798088
vn -0.92978829145431519 -0.36809462308883667 0.00024085704353637993
vn 0.93161392211914063 -0.36344942450523376 0.00023781752679497004
vn 0.98373454809188843 -0.17962826788425446 0.00011753698345273733
vn 0.98373454809188843 -0.17962826788425446 0.00011753698345273733
vn 0.71443325281143188 -0.69970345497131348 0.0004578401567414403
vn 0.8411981463432312 -0.54072690010070801 0.00035381631460040808
vn 0.8411981463432312 -0.54072690010070801 0.00035381631460040808
vn 0.37991040945053101 -0.92502307891845703 0.00060527457389980555
vn 0.55698484182357788 -0.83052247762680054 0.00054343958618119359
vn 0.55698484182357788 -0.83052247762680054 0.00054343958618119359
vn 0 -0.9999997615814209 0.00065433443523943424
vn 0.18791507184505463 -0.98218506574630737 0.00064267765264958143
vn 0.18791507184505463 -0.98218506574630737 0.00064267765264958143
vn -0.36344948410987854 -0.93161368370056152 0.00060958706308156252
vn -0.17962829768657684 -0.9837343692779541 0.00064369139727205038
vn -0.17962829768657684 -0.9837343692779541 0.00064369139727205038
vn -0.69970357418060303 -0.71443313360214233 0.00046747829765081406
vn -0.54072701930999756 -0.84119796752929688 0.00055042491294443607
vn -0.54072701930999756 -0.84119796752929688 0.00055042491294443607
vn -0.92502325773239136 -0.37991034984588623 0.00024858847609721124
vn -0.83052265644073486 -0.55698472261428833 0.00036445437581278384
vn -0.83052265644073486 -0.55698472261428833 0.00036445437581278384
vn -0.98218530416488647 -0.18791502714157104 0.00012295930355321616
vn -0.98218530416488647 -0.18791502714157104 0.00012295930355321616
vn 1 0 0
vn 1 0 0
vn 1 0 0
vn -1 0 0
vn -1 0 0
vn -1 0 0
vn -1 0 0
vn 1 0 0
vn 1 0 0
vn 1 0 0
vn 1 0 0
vn 1 0 0
vn 1 0 0
vn 1 0 0
vn 1 0 0
vn 1 0 0
vn 0.70710676908493042 0.70710664987564087 -0.00046268431469798088
vn 0.70710676908493042 0.70710664987564087 -0.00046268431469798088
vn 0.70710676908493042 0.70710664987564087 -0.00046268431469798088
vn 0.70710676908493042 0.70710664987564087 -0.00046268431469798088
vn 0.70710676908493042 0.70710664987564087 -0.00046268431469798088
vn 0.70710676908493042 0.70710664987564087 -0.00046268431469798088
vn 0.70710676908493042 0.70710664987564087 -0.00046268431469798088
vn 0.70710676908493042 0.70710664987564087 -0.00046268431469798088
vn 0 0.9999997615814209 -0.00065433443523943424
vn 0 0.9999997615814209 -0.00065433443523943424
vn 0 0.9999997615814209 -0.00065433443523943424
vn 0 0.9999997615814209 -0.00065433443523943424
vn 0 0.9999997615814209 -0.00065433443523943424
vn 0 0.9999997615814209 -0.00065433443523943424
vn 0 0.9999997615814209 -0.00065433443523943424
vn 0 0.9999997615814209 -0.00065433443523943424
vn 0 0.9999997615814209 -0.00065433443523943424
vn 0 -0.9999997615814209 0.00065433443523943424
vn 0 -0.9999997615814209 0.00065433443523943424
vn 0 -0.9999997615814209 0.00065433443523943424
vn 0 -0.9999997615814209 0.00065433443523943424
vn 0 -0.9999997615814209 0.00065433443523943424
vn 0 -0.9999997615814209 0.00065433443523943424
vn 0 -0.9999997615814209 0.00065433443523943424
vn 0 -0.9999997615814209 0.00065433443523943424
vn 0 -0.9999997615814209 0.00065433443523943424
vn 0 -0.9999997615814209 0.00065433443523943424
vn 0 -0.9999997615814209 0.00065433443523943424
vn 0 -0.9999997615814209 0.00065433443523943424
vn 0 -0.9999997615814209 0.00065433443523943424
vn 0 -0.9999997615814209 0.00065433443523943424
vn 0 -0.9999997615814209 0.00065433443523943424
vn 0 -0.9999997615814209 0.00065433443523943424
vn 0 -0.9999997615814209 0.00065433443523943424
vn -1 0 0
vn -1 0 0
vn -1 0 0
vn -1 0 0
vn -1 0 0
vn -1 0 0
vn -1 0 0
vn -1 0 0
vn -1 0 0
vn -1 0 0
vn -1 0 0
vn -1 0 0
vn -1 0 0
vn 0 -0.00065433443523943424 -0.9999997615814209
vn 0 -0.00065433443523943424 -0.9999997615814209
vn 0 -0.00065433443523943424 -0.9999997615814209
vn 0 -0.00065433443523943424 -0.9999997615814209
vn 0 -0.00065433443523943424 -0.9999997615814209
vn 0 -0.00065433443523943424 -0.9999997615814209
vn 0 -0.00065433443523943424 -0.9999997615814209
vn 0 -0.00065433443523943424 -0.9999997615814209
vn 0 -0.00065433443523943424 -0.9999997615814209
vn 0 -0.00065433443523943424 -0.9999997615814209
vn 0 -0.00065433443523943424 -0.9999997615814209
vn 0 -0.00065433443523943424 -0.9999997615814209
vn 0 -0.00065433443523943424 -0.9999997615814209
vn 0 -0.00065433443523943424 -0.9999997615814209
vn 0 -0.00065433443523943424 -0.9999997615814209
vn 0 -0.00065433443523943424 -0.9999997615814209
vn 0 -0.00065433443523943424 -0.9999997615814209
vn 0 -0.00065433443523943424 -0.9999997615814209
vn 0 -0.00065433443523943424 -0.9999997615814209
vn 0 -0.00065433443523943424 -0.9999997615814209
vn 0 -0.00065433443523943424 -0.9999997615814209
vn 0 -0.00065433443523943424 -0.9999997615814209
vn 0 -0.00065433443523943424 -0.9999997615814209
vn 0 -0.00065433443523943424 -0.9999997615814209
vn 0 -0.00065433443523943424 -0.9999997615814209
vn 0 -0.00065433443523943424 -0.9999997615814209
vn 0 -0.00065433443523943424 -0.9999997615814209
vn 0 -0.00065433443523943424 -0.9999997615814209
vn 0 -0.00065433443523943424 -0.9999997615814209
vn 0 -0.00065433443523943424 -0.9999997615814209
vn 0 -0.00065433443523943424 -0.9999997615814209
vn 0 -0.00065433443523943424 -0.9999997615814209
vn 0 -0.00065433443523943424 -0.9999997615814209
vn 0 -0.00065433443523943424 -0.9999997615814209
vn 0 -0.00065433443523943424 -0.9999997615814209
vn 0 -0.00065433443523943424 -0.9999997615814209
vn 0 -0.00065433443523943424 -0.9999997615814209
vn 0 -0.00065433443523943424 -0.9999997615814209
vn 0 -0.00065433443523943424 -0.9999997615814209
vn 0 -0.00065433443523943424 -0.9999997615814209
vn 0 -0.00065433443523943424 -0.9999997615814209
vn 0 -0.00065433443523943424 -0.9999997615814209
vn 0 -0.00065433443523943424 -0.9999997615814209
vn 0 -0.00065433443523943424 -0.9999997615814209
vn 0 -0.00065433443523943424 -0.9999997615814209
vn 0 -0.00065433443523943424 -0.9999997615814209
vn 0 -0.00065433443523943424 -0.9999997615814209
vn 0 -0.00065433443523943424 -0.9999997615814209
vn 0 -0.00065433443523943424 -0.9999997615814209
vn 0 -0.00065433443523943424 -0.9999997615814209
vn 0 -0.00065433443523943424 -0.9999997615814209
vn 0 -0.00065433443523943424 -0.9999997615814209
vn 0 -0.00065433443523943424 -0.9999997615814209
vn 0 -0.00065433443523943424 -0.9999997615814209
vn 0 -0.00065433443523943424 -0.9999997615814209
vn 0 -0.00065433443523943424 -0.9999997615814209
vn 0 -0.00065433443523943424 -0.9999997615814209
vn 0 -0.00065433443523943424 -0.9999997615814209
vn 0 -0.00065433443523943424 -0.9999997615814209
vn 0 -0.00065433443523943424 -0.9999997615814209
vn 0 -0.00065433443523943424 -0.9999997615814209
vn 0 -0.00065433443523943424 -0.9999997615814209
vn 0 -0.00065433443523943424 -0.9999997615814209
vn 0 -0.00065433443523943424 -0.9999997615814209
vn 0 -0.00065433443523943424 -0.9999997615814209
vn 0 -0.00065433443523943424 -0.9999997615814209
vn 0 -0.00065433443523943424 -0.9999997615814209
vn 0 -0.00065433443523943424 -0.9999997615814209
vn 0 -0.00065433443523943424 -0.9999997615814209
vn 0 -0.00065433443523943424 -0.9999997615814209
vn 0 -0.00065433443523943424 -0.9999997615814209
vn 0 -0.00065433443523943424 -0.9999997615814209
vn 0 -0.00065433443523943424 -0.9999997615814209
vn 0 -0.00065433443523943424 -0.9999997615814209
vn 0 -0.00065433443523943424 -0.9999997615814209
vn 0 -0.00065433443523943424 -0.9999997615814209
vn 0 -0.00065433443523943424 -0.9999997615814209
vn 0 -0.00065433443523943424 -0.9999997615814209
vn 0 -0.00065433443523943424 -0.9999997615814209
vn 0 -0.00065433443523943424 -0.9999997615814209
vn 0 -0.00065433443523943424 -0.9999997615814209
vn 0 -0.00065433443523943424 -0.9999997615814209
vn 0 -0.00065433443523943424 -0.9999997615814209
vn 0 -0.00065433443523943424 -0.9999997615814209
vn 0 -0.00065433443523943424 -0.9999997615814209
vn 0 -0.00065433443523943424 -0.9999997615814209
vn 0 -0.00065433443523943424 -0.9999997615814209
vn 0 -0.00065433443523943424 -0.9999997615814209
vn 0 -0.00065433443523943424 -0.9999997615814209
vn 0 -0.00065433443523943424 -0.9999997615814209
vn 0 -0.00065433443523943424 -0.9999997615814209
vn 0 -0.00065433443523943424 -0.9999997615814209
vn 0 -0.00065433443523943424 -0.9999997615814209
vn 0 -0.00065433443523943424 -0.9999997615814209
vn 0 -0.00065433443523943424 -0.9999997615814209
vn 0 -0.00065433443523943424 -0.9999997615814209
vn 0 -0.00065433443523943424 -0.9999997615814209
vn 0 -0.00065433443523943424 -0.9999997615814209
vn 0 -0.00065433443523943424 -0.9999997615814209
vn 0 -0.00065433443523943424 -0.9999997615814209
vn 0 -0.00065433443523943424 -0.9999997615814209
vn 0 -0.00065433443523943424 -0.9999997615814209
vn 0 -0.00065433443523943424 -0.9999997615814209
vn 0 -0.00065433443523943424 -0.9999997615814209
vn 0 -0.00065433443523943424 -0.9999997615814209
vn 0 -0.00065433443523943424 -0.9999997615814209
vn 0 -0.00065433443523943424 -0.9999997615814209
vn 0 -0.00065433443523943424 -0.9999997615814209
vn 0 -0.00065433443523943424 -0.9999997615814209
vn 0 -0.00065433443523943424 -0.9999997615814209
vn 0 -0.00065433443523943424 -0.9999997615814209
vn 0 -0.00065433443523943424 -0.9999997615814209
vn 0 -0.00065433443523943424 -0.9999997615814209
vn 0 -0.00065433443523943424 -0.9999997615814209
vn 0 -0.00065433443523943424 -0.9999997615814209
vn 0 -0.00065433443523943424 -0.9999997615814209
vn 0 -0.00065433443523943424 -0.9999997615814209
vn 0 -0.00065433443523943424 -0.9999997615814209
vn 0 -0.00065433443523943424 -0.9999997615814209
vn 0 -0.00065433443523943424 -0.9999997615814209
vn 0 -0.00065433443523943424 -0.9999997615814209
vn 0 -0.00065433443523943424 -0.9999997615814209
vn 0 -0.00065433443523943424 -0.9999997615814209
vn 0 -0.00065433443523943424 -0.9999997615814209
vn 0 -0.00065433443523943424 -0.9999997615814209
vn 0 -0.00065433443523943424 -0.9999997615814209
vn 0 -0.00065433443523943424 -0.9999997615814209
vn 0 -0.00065433443523943424 -0.9999997615814209
vn 0 -0.00065433443523943424 -0.9999997615814209
vn 0 -0.00065433443523943424 -0.9999997615814209
vn 0 -0.00065433443523943424 -0.9999997615814209
vn 0 -0.00065433443523943424 -0.9999997615814209
vn 0 -0.00065433443523943424 -0.9999997615814209
vn 0 -0.00065433443523943424 -0.9999997615814209
vn 0 -0.00065433443523943424 -0.9999997615814209
vn 0 -0.00065433443523943424 -0.9999997615814209
vn 0 -0.00065433443523943424 -0.9999997615814209
vn 0 -0.00065433443523943424 -0.9999997615814209
vn 0 -0.00065433443523943424 -0.9999997615814209
vn 0 -0.00065433443523943424 -0.9999997615814209
vn 0 -0.00065433443523943424 -0.9999997615814209
vn 0 -0.00065433443523943424 -0.9999997615814209
vn 0 -0.00065433443523943424 -0.9999997615814209
vn 0 -0.00065433443523943424 -0.9999997615814209
vn 0 -0.00065433443523943424 -0.9999997615814209
vn 0 -0.00065433443523943424 -0.9999997615814209
vn 0 -0.00065433443523943424 -0.9999997615814209
vn 0 -0.00065433443523943424 -0.9999997615814209
vn 0 -0.00065433443523943424 -0.9999997615814209
vn 0 -0.00065433443523943424 -0.9999997615814209
vn 0 -0.00065433443523943424 -0.9999997615814209
vn 0 -0.00065433443523943424 -0.9999997615814209
vn 0 -0.00065433443523943424 -0.9999997615814209
vn 0 -0.00065433443523943424 -0.9999997615814209
vn 0 -0.00065433443523943424 -0.9999997615814209
vn 0 -0.00065433443523943424 -0.9999997615814209
vn 0 -0.00065433443523943424 -0.9999997615814209
vn 0 -0.00065433443523943424 -0.9999997615814209
vn 0 -0.00065433443523943424 -0.9999997615814209
vn 0 -0.00065433443523943424 -0.9999997615814209
vn 0 -0.00065433443523943424 -0.9999997615814209
vn 0 -0.00065433443523943424 -0.9999997615814209
vn 0 -0.00065433443523943424 -0.9999997615814209
vn 0 -0.00065433443523943424 -0.9999997615814209
vn 0 -0.00065433443523943424 -0.9999997615814209
vn 0 -0.00065433443523943424 -0.9999997615814209
vn 0 -0.00065433443523943424 -0.9999997615814209
vn 0 -0.00065433443523943424 -0.9999997615814209
vn 0 -0.00065433443523943424 -0.9999997615814209
vn 0 -0.00065433443523943424 -0.9999997615814209
vn 0 -0.00065433443523943424 -0.9999997615814209
vn 0 -0.00065433443523943424 -0.9999997615814209
vn 0 -0.00065433443523943424 -0.9999997615814209
vn 0 -0.00065433443523943424 -0.9999997615814209
vn 0 -0.00065433443523943424 -0.9999997615814209
vn 0 -0.00065433443523943424 -0.9999997615814209
vn 0 -0.00065433443523943424 -0.9999997615814209
vn 0 -0.00065433443523943424 -0.9999997615814209
vn 0 -0.00065433443523943424 -0.9999997615814209
vn 0 -0.00065433443523943424 -0.9999997615814209
vn 0 -0.00065433443523943424 -0.9999997615814209
vn 0 -0.00065433443523943424 -0.9999997615814209
vn 0 -0.00065433443523943424 -0.9999997615814209
vn 0 -0.00065433443523943424 -0.9999997615814209
vn 0 -0.00065433443523943424 -0.9999997615814209
vn 0 -0.00065433443523943424 -0.9999997615814209
vn 0 -0.00065433443523943424 -0.9999997615814209
vn 0 -0.00065433443523943424 -0.9999997615814209
vn 0 -0.00065433443523943424 -0.9999997615814209
vn 0 -0.00065433443523943424 -0.9999997615814209
vn 0 -0.00065433443523943424 -0.9999997615814209
vn 0 -0.00065433443523943424 -0.9999997615814209
vn 0 -0.00065433443523943424 -0.9999997615814209
vn 0 -0.00065433443523943424 -0.9999997615814209
vn 0 -0.00065433443523943424 -0.9999997615814209
vn 0 -0.00065433443523943424 -0.9999997615814209
vn 0 -0.00065433443523943424 -0.9999997615814209
vn 0 -0.00065433443523943424 -0.9999997615814209
vn 0 -0.00065433443523943424 -0.9999997615814209
vn 0 -0.00065433443523943424 -0.9999997615814209
vn 0 -0.00065433443523943424 -0.9999997615814209
vn 0 -0.00065433443523943424 -0.9999997615814209
vn 0 -0.00065433443523943424 -0.9999997615814209
vn 0 -0.00065433443523943424 -0.9999997615814209
vn 0 -0.00065433443523943424 -0.9999997615814209
vn 0 -0.00065433443523943424 -0.9999997615814209
vn 0 -0.00065433443523943424 -0.9999997615814209
vn 0 -0.00065433443523943424 -0.9999997615814209
vn 0 -0.00065433443523943424 -0.9999997615814209
vn 0 -0.00065433443523943424 -0.9999997615814209
vn 0 -0.00065433443523943424 -0.9999997615814209
vn 0 -0.00065433443523943424 -0.9999997615814209
vn 0 -0.00065433443523943424 -0.9999997615814209
vn 0 -0.00065433443523943424 -0.9999997615814209
vn 0 -0.00065433443523943424 -0.9999997615814209
vn 0 -0.00065433443523943424 -0.9999997615814209
vn 0 -0.00065433443523943424 -0.9999997615814209
vn 0 -0.00065433443523943424 -0.9999997615814209
vn 0 -0.00065433443523943424 -0.9999997615814209
vn 0 -0.00065433443523943424 -0.9999997615814209
vn 0 -0.00065433443523943424 -0.9999997615814209
vn 0 -0.00065433443523943424 -0.9999997615814209
vn 0 -0.00065433443523943424 -0.9999997615814209
vn 0 -0.00065433443523943424 -0.9999997615814209
vn 0 -0.00065433443523943424 -0.9999997615814209
vn 0 -0.00065433443523943424 -0.9999997615814209
vn 0 -0.00065433443523943424 -0.9999997615814209
vn 0 -0.00065433443523943424 -0.9999997615814209
vn 0 -0.00065433443523943424 -0.9999997615814209
vn 0 -0.00065433443523943424 -0.9999997615814209
vn 0 -0.00065433443523943424 -0.9999997615814209
vn 0 -0.00065433443523943424 -0.9999997615814209
vn 0 -0.00065433443523943424 -0.9999997615814209
vn 0 -0.00065433443523943424 -0.9999997615814209
vn 0 -0.00065433443523943424 -0.9999997615814209
vn 0 -0.00065433443523943424 -0.9999997615814209
vn 0 -0.00065433443523943424 -0.9999997615814209
vn 0 -0.00065433443523943424 -0.9999997615814209
vn 0 -0.00065433443523943424 -0.9999997615814209
vn 0 -0.00065433443523943424 -0.9999997615814209
vn 0 -0.00065433443523943424 -0.9999997615814209
vn 0 -0.00065433443523943424 -0.9999997615814209
vn 0 -0.00065433443523943424 -0.9999997615814209
vn 0 -0.00065433443523943424 -0.9999997615814209
vn 0 -0.00065433443523943424 -0.9999997615814209
vn 0 -0.00065433443523943424 -0.9999997615814209
vn 0 -0.00065433443523943424 -0.9999997615814209
vn 0 -0.00065433443523943424 -0.9999997615814209
vn 0 -0.00065433443523943424 -0.9999997615814209
vn 0 -0.00065433443523943424 -0.9999997615814209
vn 0 -0.00065433443523943424 -0.9999997615814209
vn 0 -0.00065433443523943424 -0.9999997615814209
vn 0 -0.00065433443523943424 -0.9999997615814209
vn 0 -0.00065433443523943424 -0.9999997615814209
vn 0 -0.00065433443523943424 -0.9999997615814209
vn 0 -0.00065433443523943424 -0.9999997615814209
vn 0 -0.00065433443523943424 -0.9999997615814209
vn 0 -0.00065433443523943424 -0.9999997615814209
vn 0 -0.00065433443523943424 -0.9999997615814209
vn 0 -0.00065433443523943424 -0.9999997615814209
vn 0 -0.00065433443523943424 -0.9999997615814209
vn 0 -0.00065433443523943424 -0.9999997615814209
vn 0 -0.00065433443523943424 -0.9999997615814209
vn 0 -0.00065433443523943424 -0.9999997615814209
vn 0 -0.00065433443523943424 -0.9999997615814209
vn 0 -0.00065433443523943424 -0.9999997615814209
vn 0 -0.00065433443523943424 -0.9999997615814209
vn 0 -0.00065433443523943424 -0.9999997615814209
vn 0 -0.00065433443523943424 -0.9999997615814209
vn 0 -0.00065433443523943424 -0.9999997615814209
vn 0 -0.00065433443523943424 -0.9999997615814209
vn 0 -0.00065433443523943424 -0.9999997615814209
vn 0 -0.00065433443523943424 -0.9999997615814209
vn 0 -0.00065433443523943424 -0.9999997615814209
vn 0 -0.00065433443523943424 -0.9999997615814209
vn 0 -0.00065433443523943424 -0.9999997615814209
vn 0 -0.00065433443523943424 -0.9999997615814209
vn 0 -0.00065433443523943424 -0.9999997615814209
vn 0 -0.00065433443523943424 -0.9999997615814209
vn 0 -0.00065433443523943424 -0.9999997615814209
vn 0 -0.00065433443523943424 -0.9999997615814209
vn 0 -0.00065433443523943424 -0.9999997615814209
vn 0 -0.00065433443523943424 -0.9999997615814209
vn 0 -0.00065433443523943424 -0.9999997615814209
vn 0 -0.00065433443523943424 -0.9999997615814209
vn 0 -0.00065433443523943424 -0.9999997615814209
vn 0 -0.00065433443523943424 -0.9999997615814209
vn 0 -0.00065433443523943424 -0.9999997615814209
vn 0 -0.00065433443523943424 -0.9999997615814209
vn 0 -0.00065433443523943424 -0.9999997615814209
vn 0 -0.00065433443523943424 -0.9999997615814209
vn 0 -0.00065433443523943424 -0.9999997615814209
vn 0 -0.00065433443523943424 -0.9999997615814209
vn 0 -0.00065433443523943424 -0.9999997615814209
vn 0 -0.00065433443523943424 -0.9999997615814209
vn 0 -0.00065433443523943424 -0.9999997615814209
vn 0 -0.00065433443523943424 -0.9999997615814209
vn 0 -0.00065433443523943424 -0.9999997615814209
vn 0 -0.00065433443523943424 -0.9999997615814209
vn 0 -0.00065433443523943424 -0.9999997615814209
vn 0 -0.00065433443523943424 -0.9999997615814209
vn 0 -0.00065433443523943424 -0.9999997615814209
vn 0 -0.00065433443523943424 -0.9999997615814209
vn 0 -0.00065433443523943424 -0.9999997615814209
vn 0 -0.00065433443523943424 -0.9999997615814209
vn 0 -0.00065433443523943424 -0.9999997615814209
vn 0 -0.00065433443523943424 -0.9999997615814209
vn 0 -0.00065433443523943424 -0.9999997615814209
vn 0 -0.00065433443523943424 -0.9999997615814209
vn 0 -0.00065433443523943424 -0.9999997615814209
vn 0 -0.00065433443523943424 -0.9999997615814209
vn 0 -0.00065433443523943424 -0.9999997615814209
vn 0 -0.00065433443523943424 -0.9999997615814209
vn 0 -0.00065433443523943424 -0.9999997615814209
vn 0 -0.00065433443523943424 -0.9999997615814209
vn 0 -0.00065433443523943424 -0.9999997615814209
vn 0 -0.00065433443523943424 -0.9999997615814209
vn 0 -0.00065433443523943424 -0.9999997615814209
vn 0 -0.00065433443523943424 -0.9999997615814209
vn 0 -0.00065433443523943424 -0.9999997615814209
vn 0 -0.00065433443523943424 -0.9999997615814209
vn 0 -0.00065433443523943424 -0.9999997615814209
vn 0 -0.00065433443523943424 -0.9999997615814209
vn 0 -0.00065433443523943424 -0.9999997615814209
vn 0 -0.00065433443523943424 -0.9999997615814209
vn 0 -0.00065433443523943424 -0.9999997615814209
vn 0 -0.00065433443523943424 -0.9999997615814209
vn 0 -0.00065433443523943424 -0.9999997615814209
vn 0 -0.00065433443523943424 -0.9999997615814209
vn 0 -0.00065433443523943424 -0.9999997615814209
vn 0 -0.00065433443523943424 -0.9999997615814209
vn 0 -0.00065433443523943424 -0.9999997615814209
vn 0 -0.00065433443523943424 -0.9999997615814209
vn 0 -0.00065433443523943424 -0.9999997615814209
vn 0 -0.00065433443523943424 -0.9999997615814209
vn 0 -0.00065433443523943424 -0.9999997615814209
vn 0 -0.00065433443523943424 -0.9999997615814209
vn 0 -0.00065433443523943424 -0.9999997615814209
vn 0 -0.00065433443523943424 -0.9999997615814209
vn 0 -0.00065433443523943424 -0.9999997615814209
vn 0 -0.00065433443523943424 -0.9999997615814209
vn 0 -0.00065433443523943424 -0.9999997615814209
vn -2.3749426247832162E-07 0.00065443897619843483 0.9999997615814209
vn -2.3749426247832162E-07 0.00065443897619843483 0.9999997615814209
vn -2.3749426247832162E-07 0.00065443897619843483 0.9999997615814209
vn -2.3749426247832162E-07 0.00065443897619843483 0.9999997615814209
vn -2.3749426247832162E-07 0.00065443897619843483 0.9999997615814209
vn -2.3749426247832162E-07 0.00065443897619843483 0.9999997615814209
vn -2.3749426247832162E-07 0.00065443897619843483 0.9999997615814209
vn -2.3749426247832162E-07 0.00065443897619843483 0.9999997615814209
vn -2.3749426247832162E-07 0.00065443897619843483 0.9999997615814209
vn -2.3749426247832162E-07 0.00065443897619843483 0.9999997615814209
vn -2.3749426247832162E-07 0.00065443897619843483 0.9999997615814209
vn -2.3749426247832162E-07 0.00065443897619843483 0.9999997615814209
vn -2.3749426247832162E-07 0.00065443897619843483 0.9999997615814209
vn -2.3749426247832162E-07 0.00065443897619843483 0.9999997615814209
vn -2.3749426247832162E-07 0.00065443897619843483 0.9999997615814209
vn -2.3749426247832162E-07 0.00065443897619843483 0.9999997615814209
vn -2.3749426247832162E-07 0.00065443897619843483 0.9999997615814209
vn -2.3749426247832162E-07 0.00065443897619843483 0.9999997615814209
vn -2.3749426247832162E-07 0.00065443897619843483 0.9999997615814209
vn -2.3749426247832162E-07 0.00065443897619843483 0.9999997615814209
vn -2.3749426247832162E-07 0.00065443897619843483 0.9999997615814209
vn -2.3749426247832162E-07 0.00065443897619843483 0.9999997615814209
vn -2.3749426247832162E-07 0.00065443897619843483 0.9999997615814209
vn -2.3749426247832162E-07 0.00065443897619843483 0.9999997615814209
vn -2.3749426247832162E-07 0.00065443897619843483 0.9999997615814209
vn -2.3749426247832162E-07 0.00065443897619843483 0.9999997615814209
vn -2.3749426247832162E-07 0.00065443897619843483 0.9999997615814209
vn -2.3749426247832162E-07 0.00065443897619843483 0.9999997615814209
vn -2.3749426247832162E-07 0.00065443897619843483 0.9999997615814209
vn -2.3749426247832162E-07 0.00065443897619843483 0.9999997615814209
vn -2.3749426247832162E-07 0.00065443897619843483 0.9999997615814209
vn -2.3749426247832162E-07 0.00065443897619843483 0.9999997615814209
vn -2.3749426247832162E-07 0.00065443897619843483 0.9999997615814209
vn -2.3749426247832162E-07 0.00065443897619843483 0.9999997615814209
vn -2.3749426247832162E-07 0.00065443897619843483 0.9999997615814209
vn -2.3749426247832162E-07 0.00065443897619843483 0.9999997615814209
vn -2.3749426247832162E-07 0.00065443897619843483 0.9999997615814209
vn -2.3749426247832162E-07 0.00065443897619843483 0.9999997615814209
vn -2.3749426247832162E-07 0.00065443897619843483 0.9999997615814209
vn -2.3749426247832162E-07 0.00065443897619843483 0.9999997615814209
vn -2.3749426247832162E-07 0.00065443897619843483 0.9999997615814209
vn -2.3749426247832162E-07 0.00065443897619843483 0.9999997615814209
vn -2.3749426247832162E-07 0.00065443897619843483 0.9999997615814209
vn -2.3749426247832162E-07 0.00065443897619843483 0.9999997615814209
vn -2.3749426247832162E-07 0.00065443897619843483 0.9999997615814209
vn -2.3749426247832162E-07 0.00065443897619843483 0.9999997615814209
vn -2.3749426247832162E-07 0.00065443897619843483 0.9999997615814209
vn -2.3749426247832162E-07 0.00065443897619843483 0.9999997615814209
vn -2.3749426247832162E-07 0.00065443897619843483 0.9999997615814209
vn -2.3749426247832162E-07 0.00065443897619843483 0.9999997615814209
vn -2.3749426247832162E-07 0.00065443897619843483 0.9999997615814209
vn -2.3749426247832162E-07 0.00065443897619843483 0.9999997615814209
vn -2.3749426247832162E-07 0.00065443897619843483 0.9999997615814209
vn -2.3749426247832162E-07 0.00065443897619843483 0.9999997615814209
vn -2.3749426247832162E-07 0.00065443897619843483 0.9999997615814209
vn -2.3749426247832162E-07 0.00065443897619843483 0.9999997615814209
vn -2.3749426247832162E-07 0.00065443897619843483 0.9999997615814209
vn -2.3749426247832162E-07 0.00065443897619843483 0.9999997615814209
vn -2.3749426247832162E-07 0.00065443897619843483 0.9999997615814209
vn -2.3749426247832162E-07 0.00065443897619843483 0.9999997615814209
vn -2.3749426247832162E-07 0.00065443897619843483 0.9999997615814209
vn -2.3749426247832162E-07 0.00065443897619843483 0.9999997615814209
vn -2.3749426247832162E-07 0.00065443897619843483 0.9999997615814209
vn -2.3749426247832162E-07 0.00065443897619843483 0.9999997615814209
vn -2.3749426247832162E-07 0.00065443897619843483 0.9999997615814209
vn -2.3749426247832162E-07 0.00065443897619843483 0.9999997615814209
vn -2.3749426247832162E-07 0.00065443897619843483 0.9999997615814209
vn -2.3749426247832162E-07 0.00065443897619843483 0.9999997615814209
vn -2.3749426247832162E-07 0.00065443897619843483 0.9999997615814209
vn -2.3749426247832162E-07 0.00065443897619843483 0.9999997615814209
vn -2.3749426247832162E-07 0.00065443897619843483 0.9999997615814209
vn -2.3749426247832162E-07 0.00065443897619843483 0.9999997615814209
vn -2.3749426247832162E-07 0.00065443897619843483 0.9999997615814209
vn -2.3749426247832162E-07 0.00065443897619843483 0.9999997615814209
vn -2.3749426247832162E-07 0.00065443897619843483 0.9999997615814209
vn -2.3749426247832162E-07 0.00065443897619843483 0.9999997615814209
vn -2.3749426247832162E-07 0.00065443897619843483 0.9999997615814209
vn -2.3749426247832162E-07 0.00065443897619843483 0.9999997615814209
vn -2.3749426247832162E-07 0.00065443897619843483 0.9999997615814209
vn -2.3749426247832162E-07 0.00065443897619843483 0.9999997615814209
vn -2.3749426247832162E-07 0.00065443897619843483 0.9999997615814209
vn -2.3749426247832162E-07 0.00065443897619843483 0.9999997615814209
vn -2.3749426247832162E-07 0.00065443897619843483 0.9999997615814209
vn -2.3749426247832162E-07 0.00065443897619843483 0.9999997615814209
vn -2.3749426247832162E-07 0.00065443897619843483 0.9999997615814209
vn -2.3749426247832162E-07 0.00065443897619843483 0.9999997615814209
vn -2.3749426247832162E-07 0.00065443897619843483 0.9999997615814209
vn -2.3749426247832162E-07 0.00065443897619843483 0.9999997615814209
vn -2.3749426247832162E-07 0.00065443897619843483 0.9999997615814209
vn -2.3749426247832162E-07 0.00065443897619843483 0.9999997615814209
vn -2.3749426247832162E-07 0.00065443897619843483 0.9999997615814209
vn -2.3749426247832162E-07 0.00065443897619843483 0.9999997615814209
vn -2.3749426247832162E-07 0.00065443897619843483 0.9999997615814209
vn -2.3749426247832162E-07 0.00065443897619843483 0.9999997615814209
vn -2.3749426247832162E-07 0.00065443897619843483 0.9999997615814209
vn -2.3749426247832162E-07 0.00065443897619843483 0.9999997615814209
vn -2.3749426247832162E-07 0.00065443897619843483 0.9999997615814209
vn -2.3749426247832162E-07 0.00065443897619843483 0.9999997615814209
vn -2.3749426247832162E-07 0.00065443897619843483 0.9999997615814209
vn -2.3749426247832162E-07 0.00065443897619843483 0.9999997615814209
vn -2.3749426247832162E-07 0.00065443897619843483 0.9999997615814209
vn -2.3749426247832162E-07 0.00065443897619843483 0.9999997615814209
vn -2.3749426247832162E-07 0.00065443897619843483 0.9999997615814209
vn -2.3749426247832162E-07 0.00065443897619843483 0.9999997615814209
vn -2.3749426247832162E-07 0.00065443897619843483 0.9999997615814209
vn -2.3749426247832162E-07 0.00065443897619843483 0.9999997615814209
vn -2.3749426247832162E-07 0.00065443897619843483 0.9999997615814209
vn -2.3749426247832162E-07 0.00065443897619843483 0.9999997615814209
vn -2.3749426247832162E-07 0.00065443897619843483 0.9999997615814209
vn -2.3749426247832162E-07 0.00065443897619843483 0.9999997615814209
vn -2.3749426247832162E-07 0.00065443897619843483 0.9999997615814209
vn -2.3749426247832162E-07 0.00065443897619843483 0.9999997615814209
vn -2.3749426247832162E-07 0.00065443897619843483 0.9999997615814209
vn -2.3749426247832162E-07 0.00065443897619843483 0.9999997615814209
vn -2.3749426247832162E-07 0.00065443897619843483 0.9999997615814209
vn -2.3749426247832162E-07 0.00065443897619843483 0.9999997615814209
vn -2.3749426247832162E-07 0.00065443897619843483 0.9999997615814209
vn -2.3749426247832162E-07 0.00065443897619843483 0.9999997615814209
vn -2.3749426247832162E-07 0.00065443897619843483 0.9999997615814209
vn -2.3749426247832162E-07 0.00065443897619843483 0.9999997615814209
vn -2.3749426247832162E-07 0.00065443897619843483 0.9999997615814209
vn -2.3749426247832162E-07 0.00065443897619843483 0.9999997615814209
vn -2.3749426247832162E-07 0.00065443897619843483 0.9999997615814209
vn -2.3749426247832162E-07 0.00065443897619843483 0.9999997615814209
vn -2.3749426247832162E-07 0.00065443897619843483 0.9999997615814209
vn -2.3749426247832162E-07 0.00065443897619843483 0.9999997615814209
vn -2.3749426247832162E-07 0.00065443897619843483 0.9999997615814209
vn -2.3749426247832162E-07 0.00065443897619843483 0.9999997615814209
vn 1 -4.6842789203083157E-08 -7.1577000198885798E-05
vn 1 -4.6842789203083157E-08 -7.1577000198885798E-05
vn 1 -4.6842789203083157E-08 -7.1577000198885798E-05
vn 1 -4.6842789203083157E-08 -7.1577000198885798E-05
vn 1 -4.6842789203083157E-08 -7.1577000198885798E-05
vn 1 -4.6842789203083157E-08 -7.1577000198885798E-05
vn 1 -4.6842789203083157E-08 -7.1577000198885798E-05
vn 1 -4.6842789203083157E-08 -7.1577000198885798E-05
vn 1 -4.6842789203083157E-08 -7.1577000198885798E-05
vn 1 -4.6842789203083157E-08 -7.1577000198885798E-05
vn 1 -4.6842789203083157E-08 -7.1577000198885798E-05
vn 1 -4.6842789203083157E-08 -7.1577000198885798E-05
vn 1 -4.6842789203083157E-08 -7.1577000198885798E-05
vn 1 -4.6842789203083157E-08 -7.1577000198885798E-05
vn 1 -4.6842789203083157E-08 -7.1577000198885798E-05
vn 1 -4.6842789203083157E-08 -7.1577000198885798E-05
vn 1 -4.6842789203083157E-08 -7.1577000198885798E-05
vn 1 -4.6842789203083157E-08 -7.1577000198885798E-05
vn 1 -4.6842789203083157E-08 -7.1577000198885798E-05
vn 1 -4.6842789203083157E-08 -7.1577000198885798E-05
vn 1 -4.6842789203083157E-08 -7.1577000198885798E-05
vn 1 -4.6842789203083157E-08 -7.1577000198885798E-05
vn 1 -4.6842789203083157E-08 -7.1577000198885798E-05
vn 1 -4.6842789203083157E-08 -7.1577000198885798E-05
vn 1 -4.6842789203083157E-08 -7.1577000198885798E-05
vn 1 -4.6842789203083157E-08 -7.1577000198885798E-05
vn 1 -4.6842789203083157E-08 -7.1577000198885798E-05
vn 1 -4.6842789203083157E-08 -7.1577000198885798E-05
vn 1 -4.6842789203083157E-08 -7.1577000198885798E-05
vn 1 -4.6842789203083157E-08 -7.1577000198885798E-05
vn 1 -4.6842789203083157E-08 -7.1577000198885798E-05
vn 1 -4.6842789203083157E-08 -7.1577000198885798E-05
vn 1 -4.6842789203083157E-08 -7.1577000198885798E-05
vn 1 -4.6842789203083157E-08 -7.1577000198885798E-05
vn 1 -4.6842789203083157E-08 -7.1577000198885798E-05
vn 1 -4.6842789203083157E-08 -7.1577000198885798E-05
vn 1 -4.6842789203083157E-08 -7.1577000198885798E-05
vn 1 -4.6842789203083157E-08 -7.1577000198885798E-05
vn 1 -4.6842789203083157E-08 -7.1577000198885798E-05
vn 1 -4.6842789203083157E-08 -7.1577000198885798E-05
vn 1 -4.6842789203083157E-08 -7.1577000198885798E-05
vn 1 -4.6842789203083157E-08 -7.1577000198885798E-05
vn 1 -4.6842789203083157E-08 -7.1577000198885798E-05
vn 1 -4.6842789203083157E-08 -7.1577000198885798E-05
vn 1 -4.6842789203083157E-08 -7.1577000198885798E-05
vn 1 -4.6842789203083157E-08 -7.1577000198885798E-05
vn 1 -4.6842789203083157E-08 -7.1577000198885798E-05
vn 1 -4.6842789203083157E-08 -7.1577000198885798E-05
vn 1 -4.6842789203083157E-08 -7.1577000198885798E-05
vn 1 -4.6842789203083157E-08 -7.1577000198885798E-05
vn 1 -4.6842789203083157E-08 -7.1577000198885798E-05
vn 1 -4.6842789203083157E-08 -7.1577000198885798E-05
vn 1 -4.6842789203083157E-08 -7.1577000198885798E-05
vn 1 -4.6842789203083157E-08 -7.1577000198885798E-05
vn 1 -4.6842789203083157E-08 -7.1577000198885798E-05
vn 1 -4.6842789203083157E-08 -7.1577000198885798E-05
vn 1 -4.6842789203083157E-08 -7.1577000198885798E-05
vn 1 -4.6842789203083157E-08 -7.1577000198885798E-05
vn 1 -4.6842789203083157E-08 -7.1577000198885798E-05
vn 1 -4.6842789203083157E-08 -7.1577000198885798E-05
vn 1 -4.6842789203083157E-08 -7.1577000198885798E-05
vn 1 -4.6842789203083157E-08 -7.1577000198885798E-05
vn 1 -4.6842789203083157E-08 -7.1577000198885798E-05
vn 1 -4.6842789203083157E-08 -7.1577000198885798E-05
vn 1 -4.6842789203083157E-08 -7.1577000198885798E-05
vn 1 -4.6842789203083157E-08 -7.1577000198885798E-05
vn 1 -4.6842789203083157E-08 -7.1577000198885798E-05
vn 1 -4.6842789203083157E-08 -7.1577000198885798E-05
vn 1 -4.6842789203083157E-08 -7.1577000198885798E-05
vn 1 -4.6842789203083157E-08 -7.1577000198885798E-05
vn 1 -4.6842789203083157E-08 -7.1577000198885798E-05
vn 1 -4.6842789203083157E-08 -7.1577000198885798E-05
vn 1 -4.6842789203083157E-08 -7.1577000198885798E-05
vn 1 -4.6842789203083157E-08 -7.1577000198885798E-05
vn 1 -4.6842789203083157E-08 -7.1577000198885798E-05
vn 1 -4.6842789203083157E-08 -7.1577000198885798E-05
vn 1 -4.6842789203083157E-08 -7.1577000198885798E-05
vn 1 -4.6842789203083157E-08 -7.1577000198885798E-05
vn 1 -4.6842789203083157E-08 -7.1577000198885798E-05
vn 1 -4.6842789203083157E-08 -7.1577000198885798E-05
vn 1 -4.6842789203083157E-08 -7.1577000198885798E-05
vn 1 -4.6842789203083157E-08 -7.1577000198885798E-05
vn 1 -4.6842789203083157E-08 -7.1577000198885798E-05
vn 1 -4.6842789203083157E-08 -7.1577000198885798E-05
vn 1 -4.6842789203083157E-08 -7.1577000198885798E-05
vn 1 -4.6842789203083157E-08 -7.1577000198885798E-05
vn 1 -4.6842789203083157E-08 -7.1577000198885798E-05
vn 1 -4.6842789203083157E-08 -7.1577000198885798E-05
vn 1 -4.6842789203083157E-08 -7.1577000198885798E-05
vn 1 -4.6842789203083157E-08 -7.1577000198885798E-05
vn 1 -4.6842789203083157E-08 -7.1577000198885798E-05
vn 1 -4.6842789203083157E-08 -7.1577000198885798E-05
vn 1 -4.6842789203083157E-08 -7.1577000198885798E-05
vn 1 -4.6842789203083157E-08 -7.1577000198885798E-05
vn 1 -4.6842789203083157E-08 -7.1577000198885798E-05
vn 1 -4.6842789203083157E-08 -7.1577000198885798E-05
vn 1 -4.6842789203083157E-08 -7.1577000198885798E-05
vn 1 -4.6842789203083157E-08 -7.1577000198885798E-05
vn 1 -4.6842789203083157E-08 -7.1577000198885798E-05
vn 1 -4.6842789203083157E-08 -7.1577000198885798E-05
vn 1 -4.6842789203083157E-08 -7.1577000198885798E-05
vn 1 -4.6842789203083157E-08 -7.1577000198885798E-05
vn 1 -4.6842789203083157E-08 -7.1577000198885798E-05
vn 1 -4.6842789203083157E-08 -7.1577000198885798E-05
vn 1 -4.6842789203083157E-08 -7.1577000198885798E-05
vn 1 -4.6842789203083157E-08 -7.1577000198885798E-05
vn 1 -4.6842789203083157E-08 -7.1577000198885798E-05
vn 1 -4.6842789203083157E-08 -7.1577000198885798E-05
vn 1 -4.6842789203083157E-08 -7.1577000198885798E-05
vn 1 -4.6842789203083157E-08 -7.1577000198885798E-05
vn 1 -4.6842789203083157E-08 -7.1577000198885798E-05
vn 1 -4.6842789203083157E-08 -7.1577000198885798E-05
vn 1 -4.6842789203083157E-08 -7.1577000198885798E-05
vn 1 -4.6842789203083157E-08 -7.1577000198885798E-05
vn 1 -4.6842789203083157E-08 -7.1577000198885798E-05
vn 1 -4.6842789203083157E-08 -7.1577000198885798E-05
vn 1 -4.6842789203083157E-08 -7.1577000198885798E-05
vn 1 -4.6842789203083157E-08 -7.1577000198885798E-05
vn 1 -4.6842789203083157E-08 -7.1577000198885798E-05
vn 1 -4.6842789203083157E-08 -7.1577000198885798E-05
vn 1 -4.6842789203083157E-08 -7.1577000198885798E-05
vn 1 -4.6842789203083157E-08 -7.1577000198885798E-05
vn 1 -4.6842789203083157E-08 -7.1577000198885798E-05
vn 1 -4.6842789203083157E-08 -7.1577000198885798E-05
vn 1 -4.6842789203083157E-08 -7.1577000198885798E-05
vn 1 -4.6842789203083157E-08 -7.1577000198885798E-05
vn 1 -4.6842789203083157E-08 -7.1577000198885798E-05
vn 1 -4.6842789203083157E-08 -7.1577000198885798E-05
vn 1 -4.6842789203083157E-08 -7.1577000198885798E-05
vn 1 -4.6842789203083157E-08 -7.1577000198885798E-05
vn 1 -4.6842789203083157E-08 -7.1577000198885798E-05
vn 1 -4.6842789203083157E-08 -7.1577000198885798E-05
vn 1 -4.6842789203083157E-08 -7.1577000198885798E-05
vn 1 -4.6842789203083157E-08 -7.1577000198885798E-05
vn 1 -4.6842789203083157E-08 -7.1577000198885798E-05
vn 1 -4.6842789203083157E-08 -7.1577000198885798E-05
vn 1 -4.6842789203083157E-08 -7.1577000198885798E-05
vn 1 -4.6842789203083157E-08 -7.1577000198885798E-05
vn 1 -4.6842789203083157E-08 -7.1577000198885798E-05
vn 1 -4.6842789203083157E-08 -7.1577000198885798E-05
vn 1 -4.6842789203083157E-08 -7.1577000198885798E-05
vn 1 -4.6842789203083157E-08 -7.1577000198885798E-05
vn 1 -4.6842789203083157E-08 -7.1577000198885798E-05
vn 1 -4.6842789203083157E-08 -7.1577000198885798E-05
vn 1 -4.6842789203083157E-08 -7.1577000198885798E-05
vn 1 -4.6842789203083157E-08 -7.1577000198885798E-05
vn 1 -4.6842789203083157E-08 -7.1577000198885798E-05
vn 1 -4.6842789203083157E-08 -7.1577000198885798E-05
vn 1 -4.6842789203083157E-08 -7.1577000198885798E-05
vn 1 -4.6842789203083157E-08 -7.1577000198885798E-05
vn 1 -4.6842789203083157E-08 -7.1577000198885798E-05
vn 1 -4.6842789203083157E-08 -7.1577000198885798E-05
vn 1 -4.6842789203083157E-08 -7.1577000198885798E-05
vn 1 -4.6842789203083157E-08 -7.1577000198885798E-05
vn 1 -4.6842789203083157E-08 -7.1577000198885798E-05
vn 1 -4.6842789203083157E-08 -7.1577000198885798E-05
vn 1 -4.6842789203083157E-08 -7.1577000198885798E-05
vn 1 -4.6842789203083157E-08 -7.1577000198885798E-05
vn 1 -4.6842789203083157E-08 -7.1577000198885798E-05
vn 1 -4.6842789203083157E-08 -7.1577000198885798E-05
vn 1 -4.6842789203083157E-08 -7.1577000198885798E-05
vn 1 -4.6842789203083157E-08 -7.1577000198885798E-05
vn 1 -4.6842789203083157E-08 -7.1577000198885798E-05
vn 1 -4.6842789203083157E-08 -7.1577000198885798E-05
vn 1 -4.6842789203083157E-08 -7.1577000198885798E-05
vn 1 -4.6842789203083157E-08 -7.1577000198885798E-05
vn 1 -4.6842789203083157E-08 -7.1577000198885798E-05
vn 1 -4.6842789203083157E-08 -7.1577000198885798E-05
vn 1 -4.6842789203083157E-08 -7.1577000198885798E-05
vn 1 -4.6842789203083157E-08 -7.1577000198885798E-05
vn 1 -4.6842789203083157E-08 -7.1577000198885798E-05
vn 1 -4.6842789203083157E-08 -7.1577000198885798E-05
vn 1 -4.6842789203083157E-08 -7.1577000198885798E-05
vn 1 -4.6842789203083157E-08 -7.1577000198885798E-05
vn 1 -4.6842789203083157E-08 -7.1577000198885798E-05
vn 1 -4.6842789203083157E-08 -7.1577000198885798E-05
vn 1 -4.6842789203083157E-08 -7.1577000198885798E-05
vn 1 -4.6842789203083157E-08 -7.1577000198885798E-05
vn 1 -4.6842789203083157E-08 -7.1577000198885798E-05
vn 1 -4.6842789203083157E-08 -7.1577000198885798E-05
vn 1 -4.6842789203083157E-08 -7.1577000198885798E-05
vn 1 -4.6842789203083157E-08 -7.1577000198885798E-05
vn 1 -4.6842789203083157E-08 -7.1577000198885798E-05
vn 1 -4.6842789203083157E-08 -7.1577000198885798E-05
vn 1 -4.6842789203083157E-08 -7.1577000198885798E-05
vn 1 -4.6842789203083157E-08 -7.1577000198885798E-05
vn 1 -4.6842789203083157E-08 -7.1577000198885798E-05
vn 1 -4.6842789203083157E-08 -7.1577000198885798E-05
vn 1 -4.6842789203083157E-08 -7.1577000198885798E-05
vn 1 -4.6842789203083157E-08 -7.1577000198885798E-05
vn 1 -4.6842789203083157E-08 -7.1577000198885798E-05
vn 1 -4.6842789203083157E-08 -7.1577000198885798E-05
vn 1 -4.6842789203083157E-08 -7.1577000198885798E-05
vn 1 -4.6842789203083157E-08 -7.1577000198885798E-05
vn 1 -4.6842789203083157E-08 -7.1577000198885798E-05
vn 1 -4.6842789203083157E-08 -7.1577000198885798E-05
vn 1 -4.6842789203083157E-08 -7.1577000198885798E-05
vn 1 -4.6842789203083157E-08 -7.1577000198885798E-05
vn 1 -4.6842789203083157E-08 -7.1577000198885798E-05
vn 1 -4.6842789203083157E-08 -7.1577000198885798E-05
vn 1 -4.6842789203083157E-08 -7.1577000198885798E-05
vn 1 -4.6842789203083157E-08 -7.1577000198885798E-05
vn 1 -4.6842789203083157E-08 -7.1577000198885798E-05
vn 1 -4.6842789203083157E-08 -7.1577000198885798E-05
vn 1 -4.6842789203083157E-08 -7.1577000198885798E-05
vn 1 -4.6842789203083157E-08 -7.1577000198885798E-05
vn 1 -4.6842789203083157E-08 -7.1577000198885798E-05
vn 1 -4.6842789203083157E-08 -7.1577000198885798E-05
vn 1 -4.6842789203083157E-08 -7.1577000198885798E-05
vn 1 -4.6842789203083157E-08 -7.1577000198885798E-05
vn 1 -4.6842789203083157E-08 -7.1577000198885798E-05
vn 1 -4.6842789203083157E-08 -7.1577000198885798E-05
vn 1 -4.6842789203083157E-08 -7.1577000198885798E-05
vn 1 -4.6842789203083157E-08 -7.1577000198885798E-05
vn 1 -4.6842789203083157E-08 -7.1577000198885798E-05
vn 1 -4.6842789203083157E-08 -7.1577000198885798E-05
vn 1 -4.6842789203083157E-08 -7.1577000198885798E-05
vn 1 -4.6842789203083157E-08 -7.1577000198885798E-05
vn 1 -4.6842789203083157E-08 -7.1577000198885798E-05
vn 1 -4.6842789203083157E-08 -7.1577000198885798E-05
vn 1 -4.6842789203083157E-08 -7.1577000198885798E-05
vn 1 -4.6842789203083157E-08 -7.1577000198885798E-05
vn 1 -4.6842789203083157E-08 -7.1577000198885798E-05
vn 1 -4.6842789203083157E-08 -7.1577000198885798E-05
vn 1 -4.6842789203083157E-08 -7.1577000198885798E-05
vn 1 -4.6842789203083157E-08 -7.1577000198885798E-05
vn 1 -4.6842789203083157E-08 -7.1577000198885798E-05
vn 1 -4.6842789203083157E-08 -7.1577000198885798E-05
vn 1 -4.6842789203083157E-08 -7.1577000198885798E-05
vn 1 -4.6842789203083157E-08 -7.1577000198885798E-05
vn 1 -4.6842789203083157E-08 -7.1577000198885798E-05
vn 1 -4.6842789203083157E-08 -7.1577000198885798E-05
vn 1 -4.6842789203083157E-08 -7.1577000198885798E-05
vn 1 -4.6842789203083157E-08 -7.1577000198885798E-05
vn 1 -4.6842789203083157E-08 -7.1577000198885798E-05
vn 1 -4.6842789203083157E-08 -7.1577000198885798E-05
vn 1 -4.6842789203083157E-08 -7.1577000198885798E-05
vn 1 -4.6842789203083157E-08 -7.1577000198885798E-05
vn 1 -4.6842789203083157E-08 -7.1577000198885798E-05
vn 1 -4.6842789203083157E-08 -7.1577000198885798E-05
vn 1 -4.6842789203083157E-08 -7.1577000198885798E-05
vn 1 -4.6842789203083157E-08 -7.1577000198885798E-05
vn 1 -4.6842789203083157E-08 -7.1577000198885798E-05
vn 1 -4.6842789203083157E-08 -7.1577000198885798E-05
vn 1 -4.6842789203083157E-08 -7.1577000198885798E-05
vn 1 -4.6842789203083157E-08 -7.1577000198885798E-05
vn 1 -4.6842789203083157E-08 -7.1577000198885798E-05
vn 1 -4.6842789203083157E-08 -7.1577000198885798E-05
vn 1 -4.6842789203083157E-08 -7.1577000198885798E-05
vn 1 -4.6842789203083157E-08 -7.1577000198885798E-05
vn 1 -4.6842789203083157E-08 -7.1577000198885798E-05
vn 1 -4.6842789203083157E-08 -7.1577000198885798E-05
vn 1 -4.6842789203083157E-08 -7.1577000198885798E-05
vn 1 -4.6842789203083157E-08 -7.1577000198885798E-05
vn 1 -4.6842789203083157E-08 -7.1577000198885798E-05
vn 1 -4.6842789203083157E-08 -7.1577000198885798E-05
vn 1 -4.6842789203083157E-08 -7.1577000198885798E-05
vn 1 -4.6842789203083157E-08 -7.1577000198885798E-05
vn 1 -4.6842789203083157E-08 -7.1577000198885798E-05
vn 1 -4.6842789203083157E-08 -7.1577000198885798E-05
vn 1 -4.6842789203083157E-08 -7.1577000198885798E-05
vn 1 -4.6842789203083157E-08 -7.1577000198885798E-05
vn 1 -4.6842789203083157E-08 -7.1577000198885798E-05
vn 1 -4.6842789203083157E-08 -7.1577000198885798E-05
vn 1 -4.6842789203083157E-08 -7.1577000198885798E-05
vn 1 -4.6842789203083157E-08 -7.1577000198885798E-05
vn 1 -4.6842789203083157E-08 -7.1577000198885798E-05
vn 1 -4.6842789203083157E-08 -7.1577000198885798E-05
vn 1 -4.6842789203083157E-08 -7.1577000198885798E-05
vn 1 -4.6842789203083157E-08 -7.1577000198885798E-05
vn 1 -4.6842789203083157E-08 -7.1577000198885798E-05
vn 1 -4.6842789203083157E-08 -7.1577000198885798E-05
vn -1 -1.3544428079104165E-10 -2.0696239744211198E-07
vn -1 -1.3544428079104165E-10 -2.0696239744211198E-07
vn -1 -1.3544428079104165E-10 -2.0696239744211198E-07
vn -1 -1.3544428079104165E-10 -2.0696239744211198E-07
vn -1 -1.3544428079104165E-10 -2.0696239744211198E-07
vn -1 -1.3544428079104165E-10 -2.0696239744211198E-07
vn -1 -1.3544428079104165E-10 -2.0696239744211198E-07
vn -1 -1.3544428079104165E-10 -2.0696239744211198E-07
vn -1 -1.3544428079104165E-10 -2.0696239744211198E-07
vn -1 -1.3544428079104165E-10 -2.0696239744211198E-07
vn -1 -1.3544428079104165E-10 -2.0696239744211198E-07
vn -1 -1.3544428079104165E-10 -2.0696239744211198E-07
vn -1 -1.3544428079104165E-10 -2.0696239744211198E-07
vn -1 -1.3544428079104165E-10 -2.0696239744211198E-07
vn -1 -1.3544428079104165E-10 -2.0696239744211198E-07
vn -1 -1.3544428079104165E-10 -2.0696239744211198E-07
vn -1 -1.3544428079104165E-10 -2.0696239744211198E-07
vn -1 -1.3544428079104165E-10 -2.0696239744211198E-07
vn -1 -1.3544428079104165E-10 -2.0696239744211198E-07
vn -1 -1.3544428079104165E-10 -2.0696239744211198E-07
vn -1 -1.3544428079104165E-10 -2.0696239744211198E-07
vn -1 -1.3544428079104165E-10 -2.0696239744211198E-07
vn -1 -1.3544428079104165E-10 -2.0696239744211198E-07
vn -1 -1.3544428079104165E-10 -2.0696239744211198E-07
vn -1 -1.3544428079104165E-10 -2.0696239744211198E-07
vn -1 -1.3544428079104165E-10 -2.0696239744211198E-07
vn -1 -1.3544428079104165E-10 -2.0696239744211198E-07
vn -1 -1.3544428079104165E-10 -2.0696239744211198E-07
vn -1 -1.3544428079104165E-10 -2.0696239744211198E-07
vn -1 -1.3544428079104165E-10 -2.0696239744211198E-07
vn -1 -1.3544428079104165E-10 -2.0696239744211198E-07
vn -1 -1.3544428079104165E-10 -2.0696239744211198E-07
vn -1 -1.3544428079104165E-10 -2.0696239744211198E-07
vn -1 -1.3544428079104165E-10 -2.0696239744211198E-07
vn -1 -1.3544428079104165E-10 -2.0696239744211198E-07
vn -1 -1.3544428079104165E-10 -2.0696239744211198E-07
vn -1 -1.3544428079104165E-10 -2.0696239744211198E-07
vn -1 -1.3544428079104165E-10 -2.0696239744211198E-07
vn -1 -1.3544428079104165E-10 -2.0696239744211198E-07
vn -1 -1.3544428079104165E-10 -2.0696239744211198E-07
vn -1 -1.3544428079104165E-10 -2.0696239744211198E-07
vn -1 -1.3544428079104165E-10 -2.0696239744211198E-07
vn -1 -1.3544428079104165E-10 -2.0696239744211198E-07
vn -1 -1.3544428079104165E-10 -2.0696239744211198E-07
vn -1 -1.3544428079104165E-10 -2.0696239744211198E-07
vn -1 -1.3544428079104165E-10 -2.0696239744211198E-07
vn -1 -1.3544428079104165E-10 -2.0696239744211198E-07
vn -1 -1.3544428079104165E-10 -2.0696239744211198E-07
vn -1 -1.3544428079104165E-10 -2.0696239744211198E-07
vn -1 -1.3544428079104165E-10 -2.0696239744211198E-07
vn -1 -1.3544428079104165E-10 -2.0696239744211198E-07
vn -1 -1.3544428079104165E-10 -2.0696239744211198E-07
vn -1 -1.3544428079104165E-10 -2.0696239744211198E-07
vn -1 -1.3544428079104165E-10 -2.0696239744211198E-07
vn -1 -1.3544428079104165E-10 -2.0696239744211198E-07
vn -1 -1.3544428079104165E-10 -2.0696239744211198E-07
vn -1 -1.3544428079104165E-10 -2.0696239744211198E-07
vn -1 -1.3544428079104165E-10 -2.0696239744211198E-07
vn -1 -1.3544428079104165E-10 -2.0696239744211198E-07
vn -1 -1.3544428079104165E-10 -2.0696239744211198E-07
vn -1 -1.3544428079104165E-10 -2.0696239744211198E-07
vn -1 -1.3544428079104165E-10 -2.0696239744211198E-07
vn -1 -1.3544428079104165E-10 -2.0696239744211198E-07
vn -1 -1.3544428079104165E-10 -2.0696239744211198E-07
vn -1 -1.3544428079104165E-10 -2.0696239744211198E-07
vn -1 -1.3544428079104165E-10 -2.0696239744211198E-07
vn -1 -1.3544428079104165E-10 -2.0696239744211198E-07
vn -1 -1.3544428079104165E-10 -2.0696239744211198E-07
vn -1 -1.3544428079104165E-10 -2.0696239744211198E-07
vn -1 -1.3544428079104165E-10 -2.0696239744211198E-07
vn -1 -1.3544428079104165E-10 -2.0696239744211198E-07
vn -1 -1.3544428079104165E-10 -2.0696239744211198E-07
vn -1 -1.3544428079104165E-10 -2.0696239744211198E-07
vn -1 -1.3544428079104165E-10 -2.0696239744211198E-07
vn -1 -1.3544428079104165E-10 -2.0696239744211198E-07
vn -1 -1.3544428079104165E-10 -2.0696239744211198E-07
vn -1 -1.3544428079104165E-10 -2.0696239744211198E-07
vn -1 -1.3544428079104165E-10 -2.0696239744211198E-07
vn -1 -1.3544428079104165E-10 -2.0696239744211198E-07
vn -1 -1.3544428079104165E-10 -2.0696239744211198E-07
vn -1 -1.3544428079104165E-10 -2.0696239744211198E-07
vn -1 -1.3544428079104165E-10 -2.0696239744211198E-07
vn -1 -1.3544428079104165E-10 -2.0696239744211198E-07
vn -1 -1.3544428079104165E-10 -2.0696239744211198E-07
vn -1 -1.3544428079104165E-10 -2.0696239744211198E-07
vn -1 -1.3544428079104165E-10 -2.0696239744211198E-07
vn -1 -1.3544428079104165E-10 -2.0696239744211198E-07
vn -1 -1.3544428079104165E-10 -2.0696239744211198E-07
vn -1 -1.3544428079104165E-10 -2.0696239744211198E-07
vn -1 -1.3544428079104165E-10 -2.0696239744211198E-07
vn -1 -1.3544428079104165E-10 -2.0696239744211198E-07
vn -1 -1.3544428079104165E-10 -2.0696239744211198E-07
vn -1 -1.3544428079104165E-10 -2.0696239744211198E-07
vn -1 -1.3544428079104165E-10 -2.0696239744211198E-07
vn -1 -1.3544428079104165E-10 -2.0696239744211198E-07
vn -1 -1.3544428079104165E-10 -2.0696239744211198E-07
vn -1 -1.3544428079104165E-10 -2.0696239744211198E-07
vn -1 -1.3544428079104165E-10 -2.0696239744211198E-07
vn -1 -1.3544428079104165E-10 -2.0696239744211198E-07
vn -1 -1.3544428079104165E-10 -2.0696239744211198E-07
vn -1 -1.3544428079104165E-10 -2.0696239744211198E-07
vn -1 -1.3544428079104165E-10 -2.0696239744211198E-07
vn -1 -1.3544428079104165E-10 -2.0696239744211198E-07
vn -1 -1.3544428079104165E-10 -2.0696239744211198E-07
vn -1 -1.3544428079104165E-10 -2.0696239744211198E-07
vn -1 -1.3544428079104165E-10 -2.0696239744211198E-07
vn -1 -1.3544428079104165E-10 -2.0696239744211198E-07
vn -1 -1.3544428079104165E-10 -2.0696239744211198E-07
vn -1 -1.3544428079104165E-10 -2.0696239744211198E-07
vn -1 -1.3544428079104165E-10 -2.0696239744211198E-07
vn -1 -1.3544428079104165E-10 -2.0696239744211198E-07
vn -1 -1.3544428079104165E-10 -2.0696239744211198E-07
vn -1 -1.3544428079104165E-10 -2.0696239744211198E-07
vn -1 -1.3544428079104165E-10 -2.0696239744211198E-07
vn -1 -1.3544428079104165E-10 -2.0696239744211198E-07
vn -1 -1.3544428079104165E-10 -2.0696239744211198E-07
vn -1 -1.3544428079104165E-10 -2.0696239744211198E-07
vn -1 -1.3544428079104165E-10 -2.0696239744211198E-07
vn -1 -1.3544428079104165E-10 -2.0696239744211198E-07
vn -1 -1.3544428079104165E-10 -2.0696239744211198E-07
vn -1 -1.3544428079104165E-10 -2.0696239744211198E-07
vn -1 -1.3544428079104165E-10 -2.0696239744211198E-07
vn -1 -1.3544428079104165E-10 -2.0696239744211198E-07
vn -1 -1.3544428079104165E-10 -2.0696239744211198E-07
vn -1 -1.3544428079104165E-10 -2.0696239744211198E-07
vn -1 -1.3544428079104165E-10 -2.0696239744211198E-07
vn -1 -1.3544428079104165E-10 -2.0696239744211198E-07
vn -1 -1.3544428079104165E-10 -2.0696239744211198E-07
vn -1 -1.3544428079104165E-10 -2.0696239744211198E-07
vn -1 -1.3544428079104165E-10 -2.0696239744211198E-07
vn -1 -1.3544428079104165E-10 -2.0696239744211198E-07
vn -1 -1.3544428079104165E-10 -2.0696239744211198E-07
vn -1 -1.3544428079104165E-10 -2.0696239744211198E-07
vn -1 -1.3544428079104165E-10 -2.0696239744211198E-07
vn -1 -1.3544428079104165E-10 -2.0696239744211198E-07
vn -1 -1.3544428079104165E-10 -2.0696239744211198E-07
vn -1 -1.3544428079104165E-10 -2.0696239744211198E-07
vn -1 -1.3544428079104165E-10 -2.0696239744211198E-07
vn -1 -1.3544428079104165E-10 -2.0696239744211198E-07
vn -1 -1.3544428079104165E-10 -2.0696239744211198E-07
vn -1 -1.3544428079104165E-10 -2.0696239744211198E-07
vn -1 -1.3544428079104165E-10 -2.0696239744211198E-07
vn -1 -1.3544428079104165E-10 -2.0696239744211198E-07
vn -1 -1.3544428079104165E-10 -2.0696239744211198E-07
vn -1 -1.3544428079104165E-10 -2.0696239744211198E-07
vn -1 -1.3544428079104165E-10 -2.0696239744211198E-07
vn -1 -1.3544428079104165E-10 -2.0696239744211198E-07
vn -1 -1.3544428079104165E-10 -2.0696239744211198E-07
vn -1 -1.3544428079104165E-10 -2.0696239744211198E-07
vn -1 -1.3544428079104165E-10 -2.0696239744211198E-07
vn -1 -1.3544428079104165E-10 -2.0696239744211198E-07
vn -1 -1.3544428079104165E-10 -2.0696239744211198E-07
vn -1 -1.3544428079104165E-10 -2.0696239744211198E-07
vn -1 -1.3544428079104165E-10 -2.0696239744211198E-07
vn -1 -1.3544428079104165E-10 -2.0696239744211198E-07
vn -1 -1.3544428079104165E-10 -2.0696239744211198E-07
vn -1 -1.3544428079104165E-10 -2.0696239744211198E-07
vn -1 -1.3544428079104165E-10 -2.0696239744211198E-07
vn -1 -1.3544428079104165E-10 -2.0696239744211198E-07
vn -1 -1.3544428079104165E-10 -2.0696239744211198E-07
vn 0 -0.9999997615814209 0.00065443897619843483
vn 0 -0.9999997615814209 0.00065443897619843483
vn 0 -0.9999997615814209 0.00065443897619843483
vn 0 -0.9999997615814209 0.00065443897619843483
vn 0 -0.9999997615814209 0.00065443897619843483
vn 0 -0.9999997615814209 0.00065443897619843483
vn 0 -0.9999997615814209 0.00065443897619843483
vn 0 -0.9999997615814209 0.00065443897619843483
vn 0 -0.9999997615814209 0.00065443897619843483
vn 0 -0.9999997615814209 0.00065443897619843483
vn 0 -0.9999997615814209 0.00065443897619843483
vn 0 -0.9999997615814209 0.00065443897619843483
vn 0 -0.9999997615814209 0.00065443897619843483
vn 0 -0.9999997615814209 0.00065443897619843483
vn 0 -0.9999997615814209 0.00065443897619843483
vn 0 -0.9999997615814209 0.00065443897619843483
vn 0 -0.9999997615814209 0.00065443897619843483
vn 0 -0.9999997615814209 0.00065443897619843483
vn 0 -0.9999997615814209 0.00065443897619843483
vn 0 -0.9999997615814209 0.00065443897619843483
vn 0 -0.9999997615814209 0.00065443897619843483
vn 0 -0.9999997615814209 0.00065443897619843483
vn 0 -0.9999997615814209 0.00065443897619843483
vn 0 -0.9999997615814209 0.00065443897619843483
vn 0 -0.9999997615814209 0.00065443897619843483
vn 0 -0.9999997615814209 0.00065443897619843483
vn 0 -0.9999997615814209 0.00065443897619843483
vn 0 -0.9999997615814209 0.00065443897619843483
vn 0 -0.9999997615814209 0.00065443897619843483
vn 0 -0.9999997615814209 0.00065443897619843483
vn 0 -0.9999997615814209 0.00065443897619843483
vn 0 -0.9999997615814209 0.00065443897619843483
vn 0 -0.9999997615814209 0.00065443897619843483
vn 0 -0.9999997615814209 0.00065443897619843483
vn 0 -0.9999997615814209 0.00065443897619843483
vn 0 -0.9999997615814209 0.00065443897619843483
vn 0 -0.9999997615814209 0.00065443897619843483
vn 0 -0.9999997615814209 0.00065443897619843483
vn 0 -0.9999997615814209 0.00065443897619843483
vn 0 -0.9999997615814209 0.00065443897619843483
vn 0 -0.9999997615814209 0.00065443897619843483
vn 0 -0.9999997615814209 0.00065443897619843483
vn 0 -0.9999997615814209 0.00065443897619843483
vn 0 -0.9999997615814209 0.00065443897619843483
vn 0 -0.9999997615814209 0.00065443897619843483
vn 0 -0.9999997615814209 0.00065443897619843483
vn 0 -0.9999997615814209 0.00065443897619843483
vn 0 -0.9999997615814209 0.00065443897619843483
vn 0 -0.9999997615814209 0.00065443897619843483
vn 0 -0.9999997615814209 0.00065443897619843483
vn 0 -0.9999997615814209 0.00065443897619843483
vn 0 -0.9999997615814209 0.00065443897619843483
vn 0 -0.9999997615814209 0.00065443897619843483
vn 0 -0.9999997615814209 0.00065443897619843483
vn 0 -0.9999997615814209 0.00065443897619843483
vn 0 -0.9999997615814209 0.00065443897619843483
vn 0 -0.9999997615814209 0.00065443897619843483
vn 0 -0.9999997615814209 0.00065443897619843483
vn 0 -0.9999997615814209 0.00065443897619843483
vn 0 -0.9999997615814209 0.00065443897619843483
vn 0 -0.9999997615814209 0.00065443897619843483
vn 0 -0.9999997615814209 0.00065443897619843483
vn 0 -0.9999997615814209 0.00065443897619843483
vn 0 -0.9999997615814209 0.00065443897619843483
vn 0 -0.9999997615814209 0.00065443897619843483
vn 0 -0.9999997615814209 0.00065443897619843483
vn 0 -0.9999997615814209 0.00065443897619843483
vn 0 -0.9999997615814209 0.00065443897619843483
vn 0 -0.9999997615814209 0.00065443897619843483
vn 0 -0.9999997615814209 0.00065443897619843483
vn 0 -0.9999997615814209 0.00065443897619843483
vn 0 -0.9999997615814209 0.00065443897619843483
vn 0 -0.9999997615814209 0.00065443897619843483
vn 0 -0.9999997615814209 0.00065443897619843483
vn 0 -0.9999997615814209 0.00065443897619843483
vn 0 -0.9999997615814209 0.00065443897619843483
vn 0 -0.9999997615814209 0.00065443897619843483
vn 0 -0.9999997615814209 0.00065443897619843483
vn 0 -0.9999997615814209 0.00065443897619843483
vn 0 -0.9999997615814209 0.00065443897619843483
vn 0 -0.9999997615814209 0.00065443897619843483
vn 0 -0.9999997615814209 0.00065443897619843483
vn 0 -0.9999997615814209 0.00065443897619843483
vn 0 -0.9999997615814209 0.00065443897619843483
vn 0 -0.9999997615814209 0.00065443897619843483
vn 0 -0.9999997615814209 0.00065443897619843483
vn 0 -0.9999997615814209 0.00065443897619843483
vn 0 -0.9999997615814209 0.00065443897619843483
vn 0 -0.9999997615814209 0.00065443897619843483
vn 0 -0.9999997615814209 0.00065443897619843483
vn 0 -0.9999997615814209 0.00065443897619843483
vn 0 -0.9999997615814209 0.00065443897619843483
vn 0 -0.9999997615814209 0.00065443897619843483
vn 0 -0.9999997615814209 0.00065443897619843483
vn 0 -0.9999997615814209 0.00065443897619843483
vn 0 -0.9999997615814209 0.00065443897619843483
vn 0 -0.9999997615814209 0.00065443897619843483
vn 0 -0.9999997615814209 0.00065443897619843483
vn 0 -0.9999997615814209 0.00065443897619843483
vn 0 -0.9999997615814209 0.00065443897619843483
vn 0 -0.9999997615814209 0.00065443897619843483
vn 0 -0.9999997615814209 0.00065443897619843483
vn 0 -0.9999997615814209 0.00065443897619843483
vn 0 -0.9999997615814209 0.00065443897619843483
vn 0 -0.9999997615814209 0.00065443897619843483
vn 0 -0.9999997615814209 0.00065443897619843483
vn 0 -0.9999997615814209 0.00065443897619843483
vn 0 -0.9999997615814209 0.00065443897619843483
vn 0 -0.9999997615814209 0.00065443897619843483
vn 0 -0.9999997615814209 0.00065443897619843483
vn 0 -0.9999997615814209 0.00065443897619843483
vn 0 -0.9999997615814209 0.00065443897619843483
vn 0 -0.9999997615814209 0.00065443897619843483
vn 0 -0.9999997615814209 0.00065443897619843483
vn 0 -0.9999997615814209 0.00065443897619843483
vn 0 -0.9999997615814209 0.00065443897619843483
vn 0 -0.9999997615814209 0.00065443897619843483
vn 0 -0.9999997615814209 0.00065443897619843483
vn 0 -0.9999997615814209 0.00065443897619843483
vn 0 -0.9999997615814209 0.00065443897619843483
vn 0 -0.9999997615814209 0.00065443897619843483
vn 0 -0.9999997615814209 0.00065443897619843483
vn 0 -0.9999997615814209 0.00065443897619843483
vn 0 -0.9999997615814209 0.00065443897619843483
vn 0 -0.9999997615814209 0.00065443897619843483
vn 0 -0.9999997615814209 0.00065443897619843483
vn 0 -0.9999997615814209 0.00065443897619843483
vn 0 -0.9999997615814209 0.00065443897619843483
vn 0 -0.9999997615814209 0.00065443897619843483
vn 0 -0.9999997615814209 0.00065443897619843483
vn 0 -0.9999997615814209 0.00065443897619843483
vn 0 -0.9999997615814209 0.00065443897619843483
vn 0 -0.9999997615814209 0.00065443897619843483
vn 0 -0.9999997615814209 0.00065443897619843483
vn 0 -0.9999997615814209 0.00065443897619843483
vn 0 -0.9999997615814209 0.00065443897619843483
vn 0 -0.9999997615814209 0.00065443897619843483
vn 0 -0.9999997615814209 0.00065443897619843483
vn 0 -0.9999997615814209 0.00065443897619843483
vn 0 -0.9999997615814209 0.00065443897619843483
vn 0 -0.9999997615814209 0.00065443897619843483
vn 0 -0.9999997615814209 0.00065443897619843483
vn 0 -0.9999997615814209 0.00065443897619843483
vn 0 -0.9999997615814209 0.00065443897619843483
vn 0 -0.9999997615814209 0.00065443897619843483
vn 0 -0.9999997615814209 0.00065443897619843483
vn 0 -0.9999997615814209 0.00065443897619843483
vn 0 -0.9999997615814209 0.00065443897619843483
vn 0 -0.9999997615814209 0.00065443897619843483
vn 0 -0.9999997615814209 0.00065443897619843483
vn 0 -0.9999997615814209 0.00065443897619843483
vn 0 -0.9999997615814209 0.00065443897619843483
vn 0 -0.9999997615814209 0.00065443897619843483
vn 0 -0.9999997615814209 0.00065443897619843483
vn 0 -0.9999997615814209 0.00065443897619843483
vn 0 -0.9999997615814209 0.00065443897619843483
vn 0 -0.9999997615814209 0.00065443897619843483
vn 0 -0.9999997615814209 0.00065443897619843483
vn 0 -0.9999997615814209 0.00065443897619843483
vn 0 -0.9999997615814209 0.00065443897619843483
vn 0 -0.9999997615814209 0.00065443897619843483
vn 0 -0.9999997615814209 0.00065443897619843483
vn 0 -0.9999997615814209 0.00065443897619843483
vn 0 -0.9999997615814209 0.00065443897619843483
vn 0 -0.9999997615814209 0.00065443897619843483
vn 0 -0.9999997615814209 0.00065443897619843483
vn 0 -0.9999997615814209 0.00065443897619843483
vn 0 -0.9999997615814209 0.00065443897619843483
vn 0 -0.9999997615814209 0.00065443897619843483
vn 0 -0.9999997615814209 0.00065443897619843483
vn 0 -0.9999997615814209 0.00065443897619843483
vn 0 -0.9999997615814209 0.00065443897619843483
vn 0 -0.9999997615814209 0.00065443897619843483
vn 0 -0.9999997615814209 0.00065443897619843483
vn 0 -0.9999997615814209 0.00065443897619843483
vn 0 -0.9999997615814209 0.00065443897619843483
vn 0 -0.9999997615814209 0.00065443897619843483
vn 0 -0.9999997615814209 0.00065443897619843483
vn 0 -0.9999997615814209 0.00065443897619843483
vn 0 -0.9999997615814209 0.00065443897619843483
vn 0 -0.9999997615814209 0.00065443897619843483
vn 0 -0.9999997615814209 0.00065443897619843483
vn 0 -0.9999997615814209 0.00065443897619843483
vn 0 -0.9999997615814209 0.00065443897619843483
vn 0 -0.9999997615814209 0.00065443897619843483
vn 0 -0.9999997615814209 0.00065443897619843483
vn 0 -0.9999997615814209 0.00065443897619843483
vn 0 -0.9999997615814209 0.00065443897619843483
vn 0 -0.9999997615814209 0.00065443897619843483
vn 0 -0.9999997615814209 0.00065443897619843483
vn 0 -0.9999997615814209 0.00065443897619843483
vn 0 -0.9999997615814209 0.00065443897619843483
vn 0 -0.9999997615814209 0.00065443897619843483
vn 0 -0.9999997615814209 0.00065443897619843483
vn 0 -0.9999997615814209 0.00065443897619843483
vn 0 -0.9999997615814209 0.00065443897619843483
vn 0 -0.9999997615814209 0.00065443897619843483
vn 0 -0.9999997615814209 0.00065443897619843483
vn 0 -0.9999997615814209 0.00065443897619843483
vn 0 -0.9999997615814209 0.00065443897619843483
vn 0 -0.9999997615814209 0.00065443897619843483
vn 0 -0.9999997615814209 0.00065443897619843483
vn 0 -0.9999997615814209 0.00065443897619843483
vn 0 -0.9999997615814209 0.00065443897619843483
vn 0 -0.9999997615814209 0.00065443897619843483
vn 0 -0.9999997615814209 0.00065443897619843483
vn 0 -0.9999997615814209 0.00065443897619843483
vn 0 -0.9999997615814209 0.00065443897619843483
vn 0 -0.9999997615814209 0.00065443897619843483
vn 0 -0.9999997615814209 0.00065443897619843483
vn 0 -0.9999997615814209 0.00065443897619843483
vn 0 -0.9999997615814209 0.00065443897619843483
vn 0 -0.9999997615814209 0.00065443897619843483
vn 0 -0.9999997615814209 0.00065443897619843483
vn 0 -0.9999997615814209 0.00065443897619843483
vn 0 -0.9999997615814209 0.00065443897619843483
vn 0 -0.9999997615814209 0.00065443897619843483
vn 0 -0.9999997615814209 0.00065443897619843483
vn 0 -0.9999997615814209 0.00065443897619843483
vn 0 -0.9999997615814209 0.00065443897619843483
vn 0 -0.9999997615814209 0.00065443897619843483
vn 0 -0.9999997615814209 0.00065443897619843483
vn 0 -0.9999997615814209 0.00065443897619843483
vn 0 -0.9999997615814209 0.00065443897619843483
vn 0 -0.9999997615814209 0.00065443897619843483
vn 0 -0.9999997615814209 0.00065443897619843483
vn 0 -0.9999997615814209 0.00065443897619843483
vn 0 -0.9999997615814209 0.00065443897619843483
vn 0 -0.9999997615814209 0.00065443897619843483
vn 0 -0.9999997615814209 0.00065443897619843483
vn 0 -0.9999997615814209 0.00065443897619843483
vn 0 -0.9999997615814209 0.00065443897619843483
vn 0 -0.9999997615814209 0.00065443897619843483
vn 0 -0.9999997615814209 0.00065443897619843483
vn 0 -0.9999997615814209 0.00065443897619843483
vn 0 -0.9999997615814209 0.00065443897619843483
vn 0 -0.9999997615814209 0.00065443897619843483
vn 0 -0.9999997615814209 0.00065443897619843483
vn 0 -0.9999997615814209 0.00065443897619843483
vn 0 -0.9999997615814209 0.00065443897619843483
vn 0 -0.9999997615814209 0.00065443897619843483
vn 0 -0.9999997615814209 0.00065443897619843483
vn 0 -0.9999997615814209 0.00065443897619843483
vn 0 -0.9999997615814209 0.00065443897619843483
vn 0 -0.9999997615814209 0.00065443897619843483
vn 0 -0.9999997615814209 0.00065443897619843483
vn 0 -0.9999997615814209 0.00065443897619843483
vn 0 -0.9999997615814209 0.00065443897619843483
vn 0 -0.9999997615814209 0.00065443897619843483
vn 0 -0.9999997615814209 0.00065443897619843483
vn 0 -0.9999997615814209 0.00065443897619843483
vn 0 -0.9999997615814209 0.00065443897619843483
vn 0 -0.9999997615814209 0.00065443897619843483
vn 0 -0.9999997615814209 0.00065443897619843483
vn 0 -0.9999997615814209 0.00065443897619843483
vn 0 -0.9999997615814209 0.00065443897619843483
vn 0 -0.9999997615814209 0.00065443897619843483
vn 0 -0.9999997615814209 0.00065443897619843483
vn 0 -0.9999997615814209 0.00065443897619843483
vn 0 -0.9999997615814209 0.00065443897619843483
vn 0 -0.9999997615814209 0.00065443897619843483
vn 0 -0.9999997615814209 0.00065443897619843483
vn 0 -0.9999997615814209 0.00065443897619843483
vn 0 -0.9999997615814209 0.00065443897619843483
vn 0 -0.9999997615814209 0.00065443897619843483
vn 0 -0.9999997615814209 0.00065443897619843483
vn 0 -0.9999997615814209 0.00065443897619843483
vn 0 -0.9999997615814209 0.00065443897619843483
vn 0 -0.9999997615814209 0.00065443897619843483
vn 0 -0.9999997615814209 0.00065443897619843483
vn 0 -0.9999997615814209 0.00065443897619843483
vn 0 -0.9999997615814209 0.00065443897619843483
vn 0 -0.9999997615814209 0.00065443897619843483
vn 0 -0.9999997615814209 0.00065443897619843483
vn 0 -0.9999997615814209 0.00065443897619843483
vn 0 -0.9999997615814209 0.00065443897619843483
vn 0 -0.9999997615814209 0.00065443897619843483
vn 0 -0.9999997615814209 0.00065443897619843483
vn 0 -0.9999997615814209 0.00065443897619843483
vn 0 -0.9999997615814209 0.00065443897619843483
vn 0 -0.9999997615814209 0.00065443897619843483
vn 0 -0.9999997615814209 0.00065443897619843483
vn 0 -0.9999997615814209 0.00065443897619843483
vn 0 -0.9999997615814209 0.00065443897619843483
vn 0 -0.9999997615814209 0.00065443897619843483
vn 0 -0.9999997615814209 0.00065443897619843483
vn 0 -0.9999997615814209 0.00065443897619843483
vn 0 -0.9999997615814209 0.00065443897619843483
vn 0 -0.9999997615814209 0.00065443897619843483
vn 0 -0.9999997615814209 0.00065443897619843483
vn 0 -0.9999997615814209 0.00065443897619843483
vn 0 -0.9999997615814209 0.00065443897619843483
vn 0 -0.9999997615814209 0.00065443897619843483
vn 0 -0.9999997615814209 0.00065443897619843483
vn 0 -0.9999997615814209 0.00065443897619843483
vn 0 -0.9999997615814209 0.00065443897619843483
vn 0 -0.9999997615814209 0.00065443897619843483
vn 0 -0.9999997615814209 0.00065443897619843483
vn 0 -0.9999997615814209 0.00065443897619843483
vn 0 -0.9999997615814209 0.00065443897619843483
vn 0 -0.9999997615814209 0.00065443897619843483
vn 0 -0.9999997615814209 0.00065443897619843483
vn 0 -0.9999997615814209 0.00065443897619843483
vn 0 -0.9999997615814209 0.00065443897619843483
vn 0 -0.9999997615814209 0.00065443897619843483
vn 0 -0.9999997615814209 0.00065443897619843483
vn 0 -0.9999997615814209 0.00065443897619843483
vn 0 -0.9999997615814209 0.00065443897619843483
vn 0 -0.9999997615814209 0.00065443897619843483
vn 0 -0.9999997615814209 0.00065443897619843483
vn 0 -0.9999997615814209 0.00065443897619843483
vn 0 -0.9999997615814209 0.00065443897619843483
vn 0 -0.9999997615814209 0.00065443897619843483
vn 0 -0.9999997615814209 0.00065443897619843483
vn 0 -0.9999997615814209 0.00065443897619843483
vn 0 -0.9999997615814209 0.00065443897619843483
vn 0 -0.9999997615814209 0.00065443897619843483
vn 0 -0.9999997615814209 0.00065443897619843483
vn 0 -0.9999997615814209 0.00065443897619843483
vn 0 -0.9999997615814209 0.00065443897619843483
vn 0 -0.9999997615814209 0.00065443897619843483
vn 0 -0.9999997615814209 0.00065443897619843483
vn 0 -0.9999997615814209 0.00065443897619843483
vn 0 -0.9999997615814209 0.00065443897619843483
vn 0 -0.9999997615814209 0.00065443897619843483
vn 0 -0.9999997615814209 0.00065443897619843483
vn 0 -0.9999997615814209 0.00065443897619843483
vn 0 -0.9999997615814209 0.00065443897619843483
vn 0 -0.9999997615814209 0.00065443897619843483
vn 0 -0.9999997615814209 0.00065443897619843483
vn 0 -0.9999997615814209 0.00065443897619843483
vn 0 -0.9999997615814209 0.00065443897619843483
vn 0 -0.9999997615814209 0.00065443897619843483
vn 0 -0.9999997615814209 0.00065443897619843483
vn 0 -0.9999997615814209 0.00065443897619843483
vn 0 -0.9999997615814209 0.00065443897619843483
vn 0 -0.9999997615814209 0.00065443897619843483
vn 0 -0.9999997615814209 0.00065443897619843483
vn 0 -0.9999997615814209 0.00065443897619843483
vn 0 -0.9999997615814209 0.00065443897619843483
vn 0 -0.9999997615814209 0.00065443897619843483
vn 0 -0.9999997615814209 0.00065443897619843483
vn 0 -0.9999997615814209 0.00065443897619843483
vn 0 -0.9999997615814209 0.00065443897619843483
vn 0 -0.9999997615814209 0.00065443897619843483
vn 0 -0.9999997615814209 0.00065443897619843483
vn 0 -0.9999997615814209 0.00065443897619843483
vn 0 -0.9999997615814209 0.00065443897619843483
vn 0 -0.9999997615814209 0.00065443897619843483
vn 0 -0.9999997615814209 0.00065443897619843483
vn 0 -0.9999997615814209 0.00065443897619843483
vn 0 -0.9999997615814209 0.00065443897619843483
vn 0 -0.9999997615814209 0.00065443897619843483
vn 0 -0.9999997615814209 0.00065443897619843483
vn 0 -0.9999997615814209 0.00065443897619843483
vn 0 -0.9999997615814209 0.00065443897619843483
vn 0 -0.9999997615814209 0.00065443897619843483
vn 0 -0.9999997615814209 0.00065443897619843483
vn 0 -0.9999997615814209 0.00065443897619843483
vn 0 -0.9999997615814209 0.00065443897619843483
vn 0 -0.9999997615814209 0.00065443897619843483
vn 0 -0.9999997615814209 0.00065443897619843483
vn 0 -0.9999997615814209 0.00065443897619843483
vn 0 -0.9999997615814209 0.00065443897619843483
vn 0 -0.9999997615814209 0.00065443897619843483
vn 0 -0.9999997615814209 0.00065443897619843483
vn 0 -0.9999997615814209 0.00065443897619843483
vn 0 -0.9999997615814209 0.00065443897619843483
vn 0 -0.9999997615814209 0.00065443897619843483
vn 0 -0.9999997615814209 0.00065443897619843483
vn 0 -0.9999997615814209 0.00065443897619843483
vn 0 -0.9999997615814209 0.00065443897619843483
vn 0 -0.9999997615814209 0.00065443897619843483
vn 0 -0.9999997615814209 0.00065443897619843483
vn 0 -0.9999997615814209 0.00065443897619843483
vn 0 -0.9999997615814209 0.00065443897619843483
vn 0 -0.9999997615814209 0.00065443897619843483
vn 0 -0.9999997615814209 0.00065443897619843483
vn 0 -0.9999997615814209 0.00065443897619843483
vn 0 -0.9999997615814209 0.00065443897619843483
vn 0 -0.9999997615814209 0.00065443897619843483
vn 0 -0.9999997615814209 0.00065443897619843483
vn 0 -0.9999997615814209 0.00065443897619843483
vn 0 -0.9999997615814209 0.00065443897619843483
vn 0 -0.9999997615814209 0.00065443897619843483
vn 0 -0.9999997615814209 0.00065443897619843483
vn 0 -0.9999997615814209 0.00065443897619843483
vn 0 -0.9999997615814209 0.00065443897619843483
vn 0 -0.9999997615814209 0.00065443897619843483
vn 0 -0.9999997615814209 0.00065443897619843483
vn 0 -0.9999997615814209 0.00065443897619843483
vn 0 -0.9999997615814209 0.00065443897619843483
vn 0 -0.9999997615814209 0.00065443897619843483
vn 0 -0.9999997615814209 0.00065443897619843483
vn 0 -0.9999997615814209 0.00065443897619843483
vn 0 -0.9999997615814209 0.00065443897619843483
vn 0 -0.9999997615814209 0.00065443897619843483
vn 0 -0.9999997615814209 0.00065443897619843483
vn 0 -0.9999997615814209 0.00065443897619843483
vn 0 -0.9999997615814209 0.00065443897619843483
vn 0 -0.9999997615814209 0.00065443897619843483
vn 0 -0.9999997615814209 0.00065443897619843483
vn 0 -0.9999997615814209 0.00065443897619843483
vn 0 -0.9999997615814209 0.00065443897619843483
vn 0 -0.9999997615814209 0.00065443897619843483
vn 0 -0.9999997615814209 0.00065443897619843483
vn 0 -0.9999997615814209 0.00065443897619843483
vn 0 -0.9999997615814209 0.00065443897619843483
vn 0 -0.9999997615814209 0.00065443897619843483
vn 0 -0.9999997615814209 0.00065443897619843483
vn 0 -0.9999997615814209 0.00065443897619843483
vn 0 -0.9999997615814209 0.00065443897619843483
vn 0 -0.9999997615814209 0.00065443897619843483
vn 0 -0.9999997615814209 0.00065443897619843483
vn 0 -0.9999997615814209 0.00065443897619843483
vn 0 -0.9999997615814209 0.00065443897619843483
vn 0 -0.9999997615814209 0.00065443897619843483
vn 0 -0.9999997615814209 0.00065443897619843483
vn 0 -0.9999997615814209 0.00065443897619843483
vn 0 -0.9999997615814209 0.00065443897619843483
vn 0 -0.9999997615814209 0.00065443897619843483
vn 0 -0.9999997615814209 0.00065443897619843483
vn 0 -0.9999997615814209 0.00065443897619843483
vn 0 -0.9999997615814209 0.00065443897619843483
vn 0 -0.9999997615814209 0.00065443897619843483
vn 0 -0.9999997615814209 0.00065443897619843483
vn 0 -0.9999997615814209 0.00065443897619843483
vn 0 -0.9999997615814209 0.00065443897619843483
vn 0 -0.9999997615814209 0.00065443897619843483
vn 0 -0.9999997615814209 0.00065443897619843483
vn 0 -0.9999997615814209 0.00065443897619843483
vn 0 -0.9999997615814209 0.00065443897619843483
vn 0 -0.9999997615814209 0.00065443897619843483
vn 0 -0.9999997615814209 0.00065443897619843483
vn 0 -0.9999997615814209 0.00065443897619843483
vn 0 -0.9999997615814209 0.00065443897619843483
vn 0 -0.9999997615814209 0.00065443897619843483
vn 0 -0.9999997615814209 0.00065443897619843483
vn 0 -0.9999997615814209 0.00065443897619843483
vn 0 -0.9999997615814209 0.00065443897619843483
vn 0 -0.9999997615814209 0.00065443897619843483
vn 0 -0.9999997615814209 0.00065443897619843483
vn 0 -0.9999997615814209 0.00065443897619843483
vn 0 -0.9999997615814209 0.00065443897619843483
vn 0 -0.9999997615814209 0.00065443897619843483
vn 0 -0.9999997615814209 0.00065443897619843483
vn 0 -0.9999997615814209 0.00065443897619843483
vn 0 -0.9999997615814209 0.00065443897619843483
vn 0 -0.9999997615814209 0.00065443897619843483
vn 0 -0.9999997615814209 0.00065443897619843483
vn 0 -0.9999997615814209 0.00065443897619843483
vn 0 -0.9999997615814209 0.00065443897619843483
vn 0 -0.9999997615814209 0.00065443897619843483
vn 0 -0.9999997615814209 0.00065443897619843483
vn 0 -0.9999997615814209 0.00065443897619843483
vn 0 -0.9999997615814209 0.00065443897619843483
vn 0 -0.9999997615814209 0.00065443897619843483
vn 0 -0.9999997615814209 0.00065443897619843483
vn 0 -0.9999997615814209 0.00065443897619843483
vn 0 -0.9999997615814209 0.00065443897619843483
vn 0 -0.9999997615814209 0.00065443897619843483
vn 0 -0.9999997615814209 0.00065443897619843483
vn 0 -0.9999997615814209 0.00065443897619843483
vn 0 -0.9999997615814209 0.00065443897619843483
vn 0 -0.9999997615814209 0.00065443897619843483
vn 0 -0.9999997615814209 0.00065443897619843483
vn 0 -0.9999997615814209 0.00065443897619843483
vn 0 -0.9999997615814209 0.00065443897619843483
vn 0 -0.9999997615814209 0.00065443897619843483
vn 0 -0.9999997615814209 0.00065443897619843483
vn 0 -0.9999997615814209 0.00065443897619843483
vn 0 -0.9999997615814209 0.00065443897619843483
vn 0 -0.9999997615814209 0.00065443897619843483
vn 0 -0.9999997615814209 0.00065443897619843483
vn 0 -0.9999997615814209 0.00065443897619843483
vn 0 -0.9999997615814209 0.00065443897619843483
vn 0 -0.9999997615814209 0.00065443897619843483
vn 0 -0.9999997615814209 0.00065443897619843483
vn 0 -0.9999997615814209 0.00065443897619843483
vn 0 -0.9999997615814209 0.00065443897619843483
vn 0 -0.9999997615814209 0.00065443897619843483
vn 0 -0.9999997615814209 0.00065443897619843483
vn 0 -0.9999997615814209 0.00065443897619843483
vn 0 -0.9999997615814209 0.00065443897619843483
vn 0 -0.9999997615814209 0.00065443897619843483
vn 0 -0.9999997615814209 0.00065443897619843483
vn 0 -0.9999997615814209 0.00065443897619843483
vn 0 -0.9999997615814209 0.00065443897619843483
vn 0 -0.9999997615814209 0.00065443897619843483
vn 0 -0.9999997615814209 0.00065443897619843483
vn 0 -0.9999997615814209 0.00065443897619843483
vn 0 -0.9999997615814209 0.00065443897619843483
vn 0 -0.9999997615814209 0.00065443897619843483
vn 0 -0.9999997615814209 0.00065443897619843483
vn 0 -0.9999997615814209 0.00065443897619843483
vn 0 -0.9999997615814209 0.00065443897619843483
vn 0 -0.9999997615814209 0.00065443897619843483
vn 0 -0.9999997615814209 0.00065443897619843483
vn 0 -0.9999997615814209 0.00065443897619843483
vn 0 -0.9999997615814209 0.00065443897619843483
vn 0 -0.9999997615814209 0.00065443897619843483
vn 0 -0.9999997615814209 0.00065443897619843483
vn 0 -0.9999997615814209 0.00065443897619843483
vn 0 -0.9999997615814209 0.00065443897619843483
vn 0 -0.9999997615814209 0.00065443897619843483
vn 0 -0.9999997615814209 0.00065443897619843483
vn 0 -0.9999997615814209 0.00065443897619843483
vn 0 -0.9999997615814209 0.00065443897619843483
vn 0 -0.9999997615814209 0.00065443897619843483
vn 0 -0.9999997615814209 0.00065443897619843483
vn 0 -0.9999997615814209 0.00065443897619843483
vn 0 -0.9999997615814209 0.00065443897619843483
vn 0 -0.9999997615814209 0.00065443897619843483
vn 0 -0.9999997615814209 0.00065443897619843483
vn 0 -0.9999997615814209 0.00065443897619843483
vn 0 -0.9999997615814209 0.00065443897619843483
vn 0 -0.9999997615814209 0.00065443897619843483
vn 0 -0.9999997615814209 0.00065443897619843483
vn 0 -0.9999997615814209 0.00065443897619843483
vn 0 -0.9999997615814209 0.00065443897619843483
vn 0 -0.9999997615814209 0.00065443897619843483
vn 0 -0.9999997615814209 0.00065443897619843483
vn 0 -0.9999997615814209 0.00065443897619843483
vn 0 -0.9999997615814209 0.00065443897619843483
vn 0 -0.9999997615814209 0.00065443897619843483
vn 0 -0.9999997615814209 0.00065443897619843483
vn 0 -0.9999997615814209 0.00065443897619843483
vn 0 -0.9999997615814209 0.00065443897619843483
vn 0 -0.9999997615814209 0.00065443897619843483
vn 0 -0.9999997615814209 0.00065443897619843483
vn 0 -0.9999997615814209 0.00065443897619843483
vn 0 -0.9999997615814209 0.00065443897619843483
vn 0 -0.9999997615814209 0.00065443897619843483
vn 0 -0.9999997615814209 0.00065443897619843483
vn 0 -0.9999997615814209 0.00065443897619843483
vn 0 -0.9999997615814209 0.00065443897619843483
vn 0 -0.9999997615814209 0.00065443897619843483
vn 0 -0.9999997615814209 0.00065443897619843483
vn 0 -0.9999997615814209 0.00065443897619843483
vn 0 -0.9999997615814209 0.00065443897619843483
vn 0 -0.9999997615814209 0.00065443897619843483
vn 0 -0.9999997615814209 0.00065443897619843483
vn 0 -0.9999997615814209 0.00065443897619843483
vn 0 -0.9999997615814209 0.00065443897619843483
vn 0 -0.9999997615814209 0.00065443897619843483
vn 0 -0.9999997615814209 0.00065443897619843483
vn 0 -0.9999997615814209 0.00065443897619843483
vn 0 -0.9999997615814209 0.00065443897619843483
vn 0 -0.9999997615814209 0.00065443897619843483
vn 0 -0.9999997615814209 0.00065443897619843483
vn 0 -0.9999997615814209 0.00065443897619843483
vn 0 -0.9999997615814209 0.00065443897619843483
vn 0 -0.9999997615814209 0.00065443897619843483
vn 0 -0.9999997615814209 0.00065443897619843483
vn 0 -0.9999997615814209 0.00065443897619843483
vn 0 -0.9999997615814209 0.00065443897619843483
vn 0 -0.9999997615814209 0.00065443897619843483
vn 0 -0.9999997615814209 0.00065443897619843483
vn 0 -0.9999997615814209 0.00065443897619843483
vn 0 -0.9999997615814209 0.00065443897619843483
vn 0 -0.9999997615814209 0.00065443897619843483
vn 0 -0.9999997615814209 0.00065443897619843483
vn 0 -0.9999997615814209 0.00065443897619843483
vn 0 -0.9999997615814209 0.00065443897619843483
vn 0 -0.9999997615814209 0.00065443897619843483
vn 0 -0.9999997615814209 0.00065443897619843483
vn 0 -0.9999997615814209 0.00065443897619843483
vn 0 -0.9999997615814209 0.00065443897619843483
vn 0 -0.9999997615814209 0.00065443897619843483
vn 0 -0.9999997615814209 0.00065443897619843483
vn 0 -0.9999997615814209 0.00065443897619843483
vn 0 -0.9999997615814209 0.00065443897619843483
vn 0 -0.9999997615814209 0.00065443897619843483
vn 0 -0.9999997615814209 0.00065443897619843483
vn 0 -0.9999997615814209 0.00065443897619843483
vn 0 -0.9999997615814209 0.00065443897619843483
vn 0 -0.9999997615814209 0.00065443897619843483
vn 0 -0.9999997615814209 0.00065443897619843483
vn 0 -0.9999997615814209 0.00065443897619843483
vn 0 -0.9999997615814209 0.00065443897619843483
vn 0 -0.9999997615814209 0.00065443897619843483
vn 0 -0.9999997615814209 0.00065443897619843483
vn 0 -0.9999997615814209 0.00065443897619843483
vn 0 -0.9999997615814209 0.00065443897619843483
vn 0 -0.9999997615814209 0.00065443897619843483
vn 0 -0.9999997615814209 0.00065443897619843483
vn 0 -0.9999997615814209 0.00065443897619843483
vn 0 -0.9999997615814209 0.00065443897619843483
vn 0 -0.9999997615814209 0.00065443897619843483
vn 0 -0.9999997615814209 0.00065443897619843483
vn 0 -0.9999997615814209 0.00065443897619843483
vn 0 -0.9999997615814209 0.00065443897619843483
vn 0 -0.9999997615814209 0.00065443897619843483
vn 0 -0.9999997615814209 0.00065443897619843483
vn 0 -0.9999997615814209 0.00065443897619843483
vn 0 -0.9999997615814209 0.00065443897619843483
vn 0 -0.9999997615814209 0.00065443897619843483
vn 0 -0.9999997615814209 0.00065443897619843483
vn 0 -0.9999997615814209 0.00065443897619843483
vn 0 -0.9999997615814209 0.00065443897619843483
vn 0 -0.9999997615814209 0.00065443897619843483
vn 0 -0.9999997615814209 0.00065443897619843483
vn 0 -0.9999997615814209 0.00065443897619843483
vn 0 -0.9999997615814209 0.00065443897619843483
vn 0 -0.9999997615814209 0.00065443897619843483
vn 0 -0.9999997615814209 0.00065443897619843483
vn 0 -0.9999997615814209 0.00065443897619843483
vn 0 -0.9999997615814209 0.00065443897619843483
vn 0 -0.9999997615814209 0.00065443897619843483
vn 0 -0.9999997615814209 0.00065443897619843483
vn 0 -0.9999997615814209 0.00065443897619843483
vn 0 -0.9999997615814209 0.00065443897619843483
vn 0 -0.9999997615814209 0.00065443897619843483
vn 0 -0.9999997615814209 0.00065443897619843483
vn 0 -0.9999997615814209 0.00065443897619843483
vn 0 -0.9999997615814209 0.00065443897619843483
vn 0 -0.9999997615814209 0.00065443897619843483
vn 0 -0.9999997615814209 0.00065443897619843483
vn 0 -0.9999997615814209 0.00065443897619843483
vn 0 -0.9999997615814209 0.00065443897619843483
vn 0 -0.9999997615814209 0.00065443897619843483
vn 0 -0.9999997615814209 0.00065443897619843483
vn 0 -0.9999997615814209 0.00065443897619843483
vn 0 -0.9999997615814209 0.00065443897619843483
vn 0 -0.9999997615814209 0.00065443897619843483
vn 0 -0.9999997615814209 0.00065443897619843483
vn 0 -0.9999997615814209 0.00065443897619843483
vn 0 -0.9999997615814209 0.00065443897619843483
vn 0 -0.9999997615814209 0.00065443897619843483
vn 0 -0.9999997615814209 0.00065443897619843483
vn 0 -0.9999997615814209 0.00065443897619843483
vn 0 -0.9999997615814209 0.00065443897619843483
vn 0 -0.9999997615814209 0.00065443897619843483
vn 0 -0.9999997615814209 0.00065443897619843483
vn 0 -0.9999997615814209 0.00065443897619843483
vn 0 -0.9999997615814209 0.00065443897619843483
vn 0 -0.9999997615814209 0.00065443897619843483
vn 0 -0.9999997615814209 0.00065443897619843483
vn 0 -0.9999997615814209 0.00065443897619843483
vn 0 -0.9999997615814209 0.00065443897619843483
vn 0 -0.9999997615814209 0.00065443897619843483
vn 0 -0.9999997615814209 0.00065443897619843483
vn 0 -0.9999997615814209 0.00065443897619843483
vn 0 -0.9999997615814209 0.00065443897619843483
vn 0 -0.9999997615814209 0.00065443897619843483
vn 0 -0.9999997615814209 0.00065443897619843483
vn 0 -0.9999997615814209 0.00065443897619843483
vn 0 -0.9999997615814209 0.00065443897619843483
vn 0 -0.9999997615814209 0.00065443897619843483
vn 0 -0.9999997615814209 0.00065443897619843483
vn 0 -0.9999997615814209 0.00065443897619843483
vn 0 -0.9999997615814209 0.00065443897619843483
vn 0 -0.9999997615814209 0.00065443897619843483
vn 0 -0.9999997615814209 0.00065443897619843483
vn 0 -0.9999997615814209 0.00065443897619843483
vn 0 -0.9999997615814209 0.00065443897619843483
vn 0 -0.9999997615814209 0.00065443897619843483
vn 0 -0.9999997615814209 0.00065443897619843483
vn 0 -0.9999997615814209 0.00065443897619843483
vn 0 -0.9999997615814209 0.00065443897619843483
vn 0 -0.9999997615814209 0.00065443897619843483
vn 0 -0.9999997615814209 0.00065443897619843483
vn 0 -0.9999997615814209 0.00065443897619843483
vn 0 -0.9999997615814209 0.00065443897619843483
vn 0 -0.9999997615814209 0.00065443897619843483
vn 0 -0.9999997615814209 0.00065443897619843483
vn 0 -0.9999997615814209 0.00065443897619843483
vn 0 -0.9999997615814209 0.00065443897619843483
vn 0 -0.9999997615814209 0.00065443897619843483
vn 0 -0.9999997615814209 0.00065443897619843483
vn 0 -0.9999997615814209 0.00065443897619843483
vn 0 -0.9999997615814209 0.00065443897619843483
vn 0 -0.9999997615814209 0.00065443897619843483
vn 0 -0.9999997615814209 0.00065443897619843483
vn 0 -0.9999997615814209 0.00065443897619843483
vn 0 -0.9999997615814209 0.00065443897619843483
vn 0 -0.9999997615814209 0.00065443897619843483
vn 0 -0.9999997615814209 0.00065443897619843483
vn 0 -0.9999997615814209 0.00065443897619843483
vn 0 -0.9999997615814209 0.00065443897619843483
vn 0 -0.9999997615814209 0.00065443897619843483
vn 0 -0.9999997615814209 0.00065443897619843483
vn 0 -0.9999997615814209 0.00065443897619843483
vn 0 -0.9999997615814209 0.00065443897619843483
vn 0 -0.9999997615814209 0.00065443897619843483
vn 0 -0.9999997615814209 0.00065443897619843483
vn 0 -0.9999997615814209 0.00065443897619843483
vn 0 -0.9999997615814209 0.00065443897619843483
vn 0 -0.9999997615814209 0.00065443897619843483
vn 0 -0.9999997615814209 0.00065443897619843483
vn 0 -0.9999997615814209 0.00065443897619843483
vn 0 -0.9999997615814209 0.00065443897619843483
vn 0 -0.9999997615814209 0.00065443897619843483
vn 0 -0.9999997615814209 0.00065443897619843483
vn 0 -0.9999997615814209 0.00065443897619843483
vn 0 -0.9999997615814209 0.00065443897619843483
vn 0 -0.9999997615814209 0.00065443897619843483
vn 0 -0.9999997615814209 0.00065443897619843483
vn 0 -0.9999997615814209 0.00065443897619843483
vn 0 -0.9999997615814209 0.00065443897619843483
vn 0 -0.9999997615814209 0.00065443897619843483
vn 0 -0.9999997615814209 0.00065443897619843483
vn 0 -0.9999997615814209 0.00065443897619843483
vn 0 -0.9999997615814209 0.00065443897619843483
vn 0 -0.9999997615814209 0.00065443897619843483
vn 0 -0.9999997615814209 0.00065443897619843483
vn 0 -0.9999997615814209 0.00065443897619843483
vn 0 -0.9999997615814209 0.00065443897619843483
vn 0 -0.9999997615814209 0.00065443897619843483
vn 0 -0.9999997615814209 0.00065443897619843483
vn 0 -0.9999997615814209 0.00065443897619843483
vn 0 -0.9999997615814209 0.00065443897619843483
vn 0 -0.9999997615814209 0.00065443897619843483
vn 0 -0.9999997615814209 0.00065443897619843483
vn 0 -0.9999997615814209 0.00065443897619843483
vn 0 -0.9999997615814209 0.00065443897619843483
vn 0 -0.9999997615814209 0.00065443897619843483
vn 0 -0.9999997615814209 0.00065443897619843483
vn 0 -0.9999997615814209 0.00065443897619843483
vn 0 -0.9999997615814209 0.00065443897619843483
vn 0 -0.9999997615814209 0.00065443897619843483
vn 0 -0.9999997615814209 0.00065443897619843483
vn 0 -0.9999997615814209 0.00065443897619843483
vn 0 -0.9999997615814209 0.00065443897619843483
vn 0 -0.9999997615814209 0.00065443897619843483
vn 0 -0.9999997615814209 0.00065443897619843483
vn 0 -0.9999997615814209 0.00065443897619843483
vn 0 -0.9999997615814209 0.00065443897619843483
vn 0 -0.9999997615814209 0.00065443897619843483
vn 0 -0.9999997615814209 0.00065443897619843483
vn 0 -0.9999997615814209 0.00065443897619843483
vn 0 -0.9999997615814209 0.00065443897619843483
vn 0 -0.9999997615814209 0.00065443897619843483
vn 0 -0.9999997615814209 0.00065443897619843483
vn 0 -0.9999997615814209 0.00065443897619843483
vn 0 -0.9999997615814209 0.00065443897619843483
vn 0 -0.9999997615814209 0.00065443897619843483
vn 0 0.9999997615814209 -0.00065443897619843483
vn 0 0.9999997615814209 -0.00065443897619843483
vn 0 0.9999997615814209 -0.00065443897619843483
vn 0 0.9999997615814209 -0.00065443897619843483
vn 0 0.9999997615814209 -0.00065443897619843483
vn 0 0.9999997615814209 -0.00065443897619843483
vn 0 0.9999997615814209 -0.00065443897619843483
vn 0 0.9999997615814209 -0.00065443897619843483
vn 0 0.9999997615814209 -0.00065443897619843483
vn 0 0.9999997615814209 -0.00065443897619843483
vn 0 0.9999997615814209 -0.00065443897619843483
vn 0 0.9999997615814209 -0.00065443897619843483
vn 0 0.9999997615814209 -0.00065443897619843483
vn 0 0.9999997615814209 -0.00065443897619843483
vn 0 0.9999997615814209 -0.00065443897619843483
vn 0 0.9999997615814209 -0.00065443897619843483
vn 0 0.9999997615814209 -0.00065443897619843483
vn 0 0.9999997615814209 -0.00065443897619843483
vn 0 0.9999997615814209 -0.00065443897619843483
vn 0 0.9999997615814209 -0.00065443897619843483
vn 0 0.9999997615814209 -0.00065443897619843483
vn 0 0.9999997615814209 -0.00065443897619843483
vn 0 0.9999997615814209 -0.00065443897619843483
vn 0 0.9999997615814209 -0.00065443897619843483
vn 0 0.9999997615814209 -0.00065443897619843483
vn 0 0.9999997615814209 -0.00065443897619843483
vn 0 0.9999997615814209 -0.00065443897619843483
vn 0 0.9999997615814209 -0.00065443897619843483
vn 0 0.9999997615814209 -0.00065443897619843483
vn 0 0.9999997615814209 -0.00065443897619843483
vn 0 0.9999997615814209 -0.00065443897619843483
vn 0 0.9999997615814209 -0.00065443897619843483
vn 0 0.9999997615814209 -0.00065443897619843483
vn 0 0.9999997615814209 -0.00065443897619843483
vn 0 0.9999997615814209 -0.00065443897619843483
vn 0 0.9999997615814209 -0.00065443897619843483
vn 0 0.9999997615814209 -0.00065443897619843483
vn 0 0.9999997615814209 -0.00065443897619843483
vn 0 0.9999997615814209 -0.00065443897619843483
vn 0 0.9999997615814209 -0.00065443897619843483
vn 0 0.9999997615814209 -0.00065443897619843483
vn 0 0.9999997615814209 -0.00065443897619843483
vn 0 0.9999997615814209 -0.00065443897619843483
vn 0 0.9999997615814209 -0.00065443897619843483
vn 0 0.9999997615814209 -0.00065443897619843483
vn 0 0.9999997615814209 -0.00065443897619843483
vn 0 0.9999997615814209 -0.00065443897619843483
vn 0 0.9999997615814209 -0.00065443897619843483
vn 0 0.9999997615814209 -0.00065443897619843483
vn 0 0.9999997615814209 -0.00065443897619843483
vn 0 0.9999997615814209 -0.00065443897619843483
vn 0 0.9999997615814209 -0.00065443897619843483
vn 0 0.9999997615814209 -0.00065443897619843483
vn 0 0.9999997615814209 -0.00065443897619843483
vn 0 0.9999997615814209 -0.00065443897619843483
vn 0 0.9999997615814209 -0.00065443897619843483
vn 0 0.9999997615814209 -0.00065443897619843483
vn 0 0.9999997615814209 -0.00065443897619843483
vn 0 0.9999997615814209 -0.00065443897619843483
vn 0 0.9999997615814209 -0.00065443897619843483
vn 0 0.9999997615814209 -0.00065443897619843483
vn 0 0.9999997615814209 -0.00065443897619843483
vn 0 0.9999997615814209 -0.00065443897619843483
vn 0 0.9999997615814209 -0.00065443897619843483
vn 0 0.9999997615814209 -0.00065443897619843483
vn 0 0.9999997615814209 -0.00065443897619843483
vn 0 0.9999997615814209 -0.00065443897619843483
vn 0 0.9999997615814209 -0.00065443897619843483
vn 0 0.9999997615814209 -0.00065443897619843483
vn 0 0.9999997615814209 -0.00065443897619843483
vn 0 0.9999997615814209 -0.00065443897619843483
vn 0 0.9999997615814209 -0.00065443897619843483
vn 0 0.9999997615814209 -0.00065443897619843483
vn 0 0.9999997615814209 -0.00065443897619843483
vn 0 0.9999997615814209 -0.00065443897619843483
vn 0 0.9999997615814209 -0.00065443897619843483
vn 0 0.9999997615814209 -0.00065443897619843483
vn 0 0.9999997615814209 -0.00065443897619843483
vn 0 0.9999997615814209 -0.00065443897619843483
vn 0 0.9999997615814209 -0.00065443897619843483
vn 0 0.9999997615814209 -0.00065443897619843483
vn 0 0.9999997615814209 -0.00065443897619843483
vn 0 0.9999997615814209 -0.00065443897619843483
vn 0 0.9999997615814209 -0.00065443897619843483
vn 0 0.9999997615814209 -0.00065443897619843483
vn 0 0.9999997615814209 -0.00065443897619843483
vn 0 0.9999997615814209 -0.00065443897619843483
vn 0 0.9999997615814209 -0.00065443897619843483
vn 0 0.9999997615814209 -0.00065443897619843483
vn 0 0.9999997615814209 -0.00065443897619843483
vn 0 0.9999997615814209 -0.00065443897619843483
vn 0 0.9999997615814209 -0.00065443897619843483
vn 0 0.9999997615814209 -0.00065443897619843483
vn 0 0.9999997615814209 -0.00065443897619843483
vn 0 0.9999997615814209 -0.00065443897619843483
vn 0 0.9999997615814209 -0.00065443897619843483
vn 0 0.9999997615814209 -0.00065443897619843483
vn 0 0.9999997615814209 -0.00065443897619843483
vn 0 0.9999997615814209 -0.00065443897619843483
vn 0 0.9999997615814209 -0.00065443897619843483
vn 0 0.9999997615814209 -0.00065443897619843483
vn 0 0.9999997615814209 -0.00065443897619843483
vn 0 0.9999997615814209 -0.00065443897619843483
vn 0 0.9999997615814209 -0.00065443897619843483
vn 0 0.9999997615814209 -0.00065443897619843483
vn 0 0.9999997615814209 -0.00065443897619843483
vn 0 0.9999997615814209 -0.00065443897619843483
vn 0 0.9999997615814209 -0.00065443897619843483
vn 0 0.9999997615814209 -0.00065443897619843483
vn 0 0.9999997615814209 -0.00065443897619843483
vn 0 0.9999997615814209 -0.00065443897619843483
vn 0 0.9999997615814209 -0.00065443897619843483
vn 0 0.9999997615814209 -0.00065443897619843483
vn 0 0.9999997615814209 -0.00065443897619843483
vn 0 0.9999997615814209 -0.00065443897619843483
vn 0 0.9999997615814209 -0.00065443897619843483
vn 0 0.9999997615814209 -0.00065443897619843483
vn 0 0.9999997615814209 -0.00065443897619843483
vn 0 0.9999997615814209 -0.00065443897619843483
vn 0 0.9999997615814209 -0.00065443897619843483
vn 0 0.9999997615814209 -0.00065443897619843483
vn 0 0.9999997615814209 -0.00065443897619843483
vn 0 0.9999997615814209 -0.00065443897619843483
vn 0 0.9999997615814209 -0.00065443897619843483
vn 0 0.9999997615814209 -0.00065443897619843483
vn 0 0.9999997615814209 -0.00065443897619843483
vn 0 0.9999997615814209 -0.00065443897619843483
vn 0 0.9999997615814209 -0.00065443897619843483
vn 0 0.9999997615814209 -0.00065443897619843483
vn 0 0.9999997615814209 -0.00065443897619843483
vn 0 0.9999997615814209 -0.00065443897619843483
vn 0 0.9999997615814209 -0.00065443897619843483
vn 0 0.9999997615814209 -0.00065443897619843483
vn 0 0.9999997615814209 -0.00065443897619843483
vn 0 0.9999997615814209 -0.00065443897619843483
vn 0 0.9999997615814209 -0.00065443897619843483
vn 0 0.9999997615814209 -0.00065443897619843483
vn 0 0.9999997615814209 -0.00065443897619843483
vn 0 0.9999997615814209 -0.00065443897619843483
vn 0 0.9999997615814209 -0.00065443897619843483
vn 0 0.9999997615814209 -0.00065443897619843483
vn 0 0.9999997615814209 -0.00065443897619843483
vn 0 0.9999997615814209 -0.00065443897619843483
vn 0 0.9999997615814209 -0.00065443897619843483
vn 0 0.9999997615814209 -0.00065443897619843483
vn 0 0.9999997615814209 -0.00065443897619843483
vn 0 0.9999997615814209 -0.00065443897619843483
vn 0 0.9999997615814209 -0.00065443897619843483
vn 0 0.9999997615814209 -0.00065443897619843483
vn 0 0.9999997615814209 -0.00065443897619843483
vn 0 0.9999997615814209 -0.00065443897619843483
vn 0 0.9999997615814209 -0.00065443897619843483
vn 0 0.9999997615814209 -0.00065443897619843483
vn 0 0.9999997615814209 -0.00065443897619843483
vn 0 0.9999997615814209 -0.00065443897619843483
vn 0 0.9999997615814209 -0.00065443897619843483
vn 0 0.9999997615814209 -0.00065443897619843483
vn 0 0.9999997615814209 -0.00065443897619843483
vn 0 0.9999997615814209 -0.00065443897619843483
vn 0 0.9999997615814209 -0.00065443897619843483
vn 0 0.9999997615814209 -0.00065443897619843483
vn 0 0.9999997615814209 -0.00065443897619843483
vn 0 0.9999997615814209 -0.00065443897619843483
vn 0 0.9999997615814209 -0.00065443897619843483
vn 0 0.9999997615814209 -0.00065443897619843483
vn 0 0.9999997615814209 -0.00065443897619843483
vn 0 0.9999997615814209 -0.00065443897619843483
vn 0 0.9999997615814209 -0.00065443897619843483
vn 0 0.9999997615814209 -0.00065443897619843483
vn 0 0.9999997615814209 -0.00065443897619843483
vn 0 0.9999997615814209 -0.00065443897619843483
vn 0 0.9999997615814209 -0.00065443897619843483
vn 0 0.9999997615814209 -0.00065443897619843483
vn 0 0.9999997615814209 -0.00065443897619843483
vn 0 0.9999997615814209 -0.00065443897619843483
vn 0 0.9999997615814209 -0.00065443897619843483
vn 0 0.9999997615814209 -0.00065443897619843483
vn 0 0.9999997615814209 -0.00065443897619843483
vn 0 0.9999997615814209 -0.00065443897619843483
vn 0 0.9999997615814209 -0.00065443897619843483
vn 0 0.9999997615814209 -0.00065443897619843483
vn 0 0.9999997615814209 -0.00065443897619843483
vn 0 0.9999997615814209 -0.00065443897619843483
vn 0 0.9999997615814209 -0.00065443897619843483
vn 0 0.9999997615814209 -0.00065443897619843483
vn 0 0.9999997615814209 -0.00065443897619843483
vn 0 0.9999997615814209 -0.00065443897619843483
vn 0 0.9999997615814209 -0.00065443897619843483
vn 0 0.9999997615814209 -0.00065443897619843483
vn 0 0.9999997615814209 -0.00065443897619843483
vn 0 0.9999997615814209 -0.00065443897619843483
vn 0 0.9999997615814209 -0.00065443897619843483
vn 0 0.9999997615814209 -0.00065443897619843483
vn 0 0.9999997615814209 -0.00065443897619843483
vn 0 0.9999997615814209 -0.00065443897619843483
vn 0 0.9999997615814209 -0.00065443897619843483
vn 0 0.9999997615814209 -0.00065443897619843483
vn 0 0.9999997615814209 -0.00065443897619843483
vn 0 0.9999997615814209 -0.00065443897619843483
vn 0 0.9999997615814209 -0.00065443897619843483
vn 0 0.9999997615814209 -0.00065443897619843483
vn 0 0.9999997615814209 -0.00065443897619843483
vn 0 0.9999997615814209 -0.00065443897619843483
vn 0 0.9999997615814209 -0.00065443897619843483
vn 0 0.9999997615814209 -0.00065443897619843483
vn 0 0.9999997615814209 -0.00065443897619843483
vn 0 0.9999997615814209 -0.00065443897619843483
vn 0 0.9999997615814209 -0.00065443897619843483
vn 0 0.9999997615814209 -0.00065443897619843483
vn 0 0.9999997615814209 -0.00065443897619843483
vn 0 0.9999997615814209 -0.00065443897619843483
vn 0 0.9999997615814209 -0.00065443897619843483
vn 0 0.9999997615814209 -0.00065443897619843483
vn 0 0.9999997615814209 -0.00065443897619843483
vn 0 0.9999997615814209 -0.00065443897619843483
vn 0 0.9999997615814209 -0.00065443897619843483
vn 0 0.9999997615814209 -0.00065443897619843483
vn 0 0.9999997615814209 -0.00065443897619843483
vn 0 0.9999997615814209 -0.00065443897619843483
vn 0 0.9999997615814209 -0.00065443897619843483
vn 0 0.9999997615814209 -0.00065443897619843483
vn 0 0.9999997615814209 -0.00065443897619843483
vn 0 0.9999997615814209 -0.00065443897619843483
vn 0 0.9999997615814209 -0.00065443897619843483
vn 0 0.9999997615814209 -0.00065443897619843483
vn 0 0.9999997615814209 -0.00065443897619843483
vn 0 0.9999997615814209 -0.00065443897619843483
vn 0 0.9999997615814209 -0.00065443897619843483
vn 0 0.9999997615814209 -0.00065443897619843483
vn 0 0.9999997615814209 -0.00065443897619843483
vn 0 0.9999997615814209 -0.00065443897619843483
vn 0 0.9999997615814209 -0.00065443897619843483
vn 0 0.9999997615814209 -0.00065443897619843483
vn 0 0.9999997615814209 -0.00065443897619843483
vn 0 0.9999997615814209 -0.00065443897619843483
vn 0 0.9999997615814209 -0.00065443897619843483
vn 0 0.9999997615814209 -0.00065443897619843483
vn 0 0.9999997615814209 -0.00065443897619843483
vn 0 0.9999997615814209 -0.00065443897619843483
vn 0 0.9999997615814209 -0.00065443897619843483
vn 0 0.9999997615814209 -0.00065443897619843483
vn 0 0.9999997615814209 -0.00065443897619843483
vn 0 0.9999997615814209 -0.00065443897619843483
vn 0 0.9999997615814209 -0.00065443897619843483
vn 0 0.9999997615814209 -0.00065443897619843483
vn 0 0.9999997615814209 -0.00065443897619843483
vn 0 0.9999997615814209 -0.00065443897619843483
vn 0 0.9999997615814209 -0.00065443897619843483
vn 0 0.9999997615814209 -0.00065443897619843483
vn 0 0.9999997615814209 -0.00065443897619843483
vn 0 0.9999997615814209 -0.00065443897619843483
vn 0 0.9999997615814209 -0.00065443897619843483
vn 0 0.9999997615814209 -0.00065443897619843483
vn 0 0.9999997615814209 -0.00065443897619843483
vn 0 0.9999997615814209 -0.00065443897619843483
vn 0 0.9999997615814209 -0.00065443897619843483
vn 0 0.9999997615814209 -0.00065443897619843483
vn 0 0.9999997615814209 -0.00065443897619843483
vn 0 0.9999997615814209 -0.00065443897619843483
vn 0 0.9999997615814209 -0.00065443897619843483
vn 0 0.9999997615814209 -0.00065443897619843483
vn 0 0.9999997615814209 -0.00065443897619843483
vn 0 0.9999997615814209 -0.00065443897619843483
vn 0 0.9999997615814209 -0.00065443897619843483
vn 0 0.9999997615814209 -0.00065443897619843483
vn 0 0.9999997615814209 -0.00065443897619843483
vn 0 0.9999997615814209 -0.00065443897619843483
vn 0 0.9999997615814209 -0.00065443897619843483
vn 0 0.9999997615814209 -0.00065443897619843483
vn 0 0.9999997615814209 -0.00065443897619843483
vn 0 0.9999997615814209 -0.00065443897619843483
vn 0 0.9999997615814209 -0.00065443897619843483
vn 0 0.9999997615814209 -0.00065443897619843483
vn 0 0.9999997615814209 -0.00065443897619843483
vn 0 0.9999997615814209 -0.00065443897619843483
vn 0 0.9999997615814209 -0.00065443897619843483
vn 0 0.9999997615814209 -0.00065443897619843483
vn 0 0.9999997615814209 -0.00065443897619843483
vn 0 0.9999997615814209 -0.00065443897619843483
vn 0 0.9999997615814209 -0.00065443897619843483
vn 0 0.9999997615814209 -0.00065443897619843483
vn 0 0.9999997615814209 -0.00065443897619843483
vn 0 0.9999997615814209 -0.00065443897619843483
vn 0 0.9999997615814209 -0.00065443897619843483
vn 0 0.9999997615814209 -0.00065443897619843483
vn 0 0.9999997615814209 -0.00065443897619843483
vn 0 0.9999997615814209 -0.00065443897619843483
vn 0 0.9999997615814209 -0.00065443897619843483
vn 0 0.9999997615814209 -0.00065443897619843483
vn 0 0.9999997615814209 -0.00065443897619843483
vn 0 0.9999997615814209 -0.00065443897619843483
vn 0 0.9999997615814209 -0.00065443897619843483
vn 0 0.9999997615814209 -0.00065443897619843483
vn 0 0.9999997615814209 -0.00065443897619843483
vn 0 0.9999997615814209 -0.00065443897619843483
vn 0 0.9999997615814209 -0.00065443897619843483
vn 0 0.9999997615814209 -0.00065443897619843483
vn 0 0.9999997615814209 -0.00065443897619843483
vn 0 0.9999997615814209 -0.00065443897619843483
vn 0 0.9999997615814209 -0.00065443897619843483
vn 0 0.9999997615814209 -0.00065443897619843483
vn 0 0.9999997615814209 -0.00065443897619843483
vn 0 0.9999997615814209 -0.00065443897619843483
vn 0 0.9999997615814209 -0.00065443897619843483
vn 0 0.9999997615814209 -0.00065443897619843483
vn 0 0.9999997615814209 -0.00065443897619843483
vn 0 0.9999997615814209 -0.00065443897619843483
vn 0 0.9999997615814209 -0.00065443897619843483
vn 0 0.9999997615814209 -0.00065443897619843483
vn 0 0.9999997615814209 -0.00065443897619843483
vn 0 0.9999997615814209 -0.00065443897619843483
vn 0 0.9999997615814209 -0.00065443897619843483
vn 0 0.9999997615814209 -0.00065443897619843483
vn 0 0.9999997615814209 -0.00065443897619843483
vn 0 0.9999997615814209 -0.00065443897619843483
vn 0 0.9999997615814209 -0.00065443897619843483
vn 0 0.9999997615814209 -0.00065443897619843483
vn 0 0.9999997615814209 -0.00065443897619843483
vn 0 0.9999997615814209 -0.00065443897619843483
vn 0 0.9999997615814209 -0.00065443897619843483
vn 0 0.9999997615814209 -0.00065443897619843483
vn 0 0.9999997615814209 -0.00065443897619843483
vn 0 0.9999997615814209 -0.00065443897619843483
vn 0 0.9999997615814209 -0.00065443897619843483
vn 0 0.9999997615814209 -0.00065443897619843483
vn 0 0.9999997615814209 -0.00065443897619843483
vn 0 0.9999997615814209 -0.00065443897619843483
vn 0 0.9999997615814209 -0.00065443897619843483
vn 0 0.9999997615814209 -0.00065443897619843483
vn 0 0.9999997615814209 -0.00065443897619843483
vn 0 0.9999997615814209 -0.00065443897619843483
vn 0 0.9999997615814209 -0.00065443897619843483
vn 0 0.9999997615814209 -0.00065443897619843483
vn 0 0.9999997615814209 -0.00065443897619843483
vn 0 0.9999997615814209 -0.00065443897619843483
vn 0 0.9999997615814209 -0.00065443897619843483
vn 0 0.9999997615814209 -0.00065443897619843483
vn 0 0.9999997615814209 -0.00065443897619843483
vn 0 0.9999997615814209 -0.00065443897619843483
vn 0 0.9999997615814209 -0.00065443897619843483
vn 0 0.9999997615814209 -0.00065443897619843483
vn 0 0.9999997615814209 -0.00065443897619843483
vn 0 0.9999997615814209 -0.00065443897619843483
vn 0 0.9999997615814209 -0.00065443897619843483
vn 0 0.9999997615814209 -0.00065443897619843483
vn 0 0.9999997615814209 -0.00065443897619843483
vn 0 0.9999997615814209 -0.00065443897619843483
vn 0 0.9999997615814209 -0.00065443897619843483
vn 0 0.9999997615814209 -0.00065443897619843483
vn 0 0.9999997615814209 -0.00065443897619843483
vn 0 0.9999997615814209 -0.00065443897619843483
vn 0 0.9999997615814209 -0.00065443897619843483
vn 0 0.9999997615814209 -0.00065443897619843483
vn 0 0.9999997615814209 -0.00065443897619843483
vn 0 0.9999997615814209 -0.00065443897619843483
vn 0 0.9999997615814209 -0.00065443897619843483
vn 0 0.9999997615814209 -0.00065443897619843483
vn 0 0.9999997615814209 -0.00065443897619843483
vn 0 0.9999997615814209 -0.00065443897619843483
vn 0 0.9999997615814209 -0.00065443897619843483
vn 0 0.9999997615814209 -0.00065443897619843483
vn 0 0.9999997615814209 -0.00065443897619843483
vn 0 0.9999997615814209 -0.00065443897619843483
vn 0 0.9999997615814209 -0.00065443897619843483
vn 0 0.9999997615814209 -0.00065443897619843483
vn 0 0.9999997615814209 -0.00065443897619843483
vn 0 0.9999997615814209 -0.00065443897619843483
vn 0 0.9999997615814209 -0.00065443897619843483
vn 0 0.9999997615814209 -0.00065443897619843483
vn 0 0.9999997615814209 -0.00065443897619843483
vn 0 0.9999997615814209 -0.00065443897619843483
vn 0 0.9999997615814209 -0.00065443897619843483
vn 0 0.9999997615814209 -0.00065443897619843483
vn 0 0.9999997615814209 -0.00065443897619843483
vn 0 0.9999997615814209 -0.00065443897619843483
vn 0 0.9999997615814209 -0.00065443897619843483
vn 0 0.9999997615814209 -0.00065443897619843483
vn 0 0.9999997615814209 -0.00065443897619843483
vn 0 0.9999997615814209 -0.00065443897619843483
vn 0 0.9999997615814209 -0.00065443897619843483
vn 0 0.9999997615814209 -0.00065443897619843483
vn 0 0.9999997615814209 -0.00065443897619843483
vn 0 0.9999997615814209 -0.00065443897619843483
vn 0 0.9999997615814209 -0.00065443897619843483
vn 0 0.9999997615814209 -0.00065443897619843483
vn 0 0.9999997615814209 -0.00065443897619843483
vn 0 0.9999997615814209 -0.00065443897619843483
vn 0 0.9999997615814209 -0.00065443897619843483
vn 0 0.9999997615814209 -0.00065443897619843483
vn 0 0.9999997615814209 -0.00065443897619843483
vn 0 0.9999997615814209 -0.00065443897619843483
vn 0 0.9999997615814209 -0.00065443897619843483
vn 0 0.9999997615814209 -0.00065443897619843483
vn 0 0.9999997615814209 -0.00065443897619843483
vn 0 0.9999997615814209 -0.00065443897619843483
vn 0 0.9999997615814209 -0.00065443897619843483
vn 0 0.9999997615814209 -0.00065443897619843483
vn 0 0.9999997615814209 -0.00065443897619843483
vn 0 0.9999997615814209 -0.00065443897619843483
vn 0 0.9999997615814209 -0.00065443897619843483
vn 0 0.9999997615814209 -0.00065443897619843483
vn 0 0.9999997615814209 -0.00065443897619843483
vn 0 0.9999997615814209 -0.00065443897619843483
vn 0 0.9999997615814209 -0.00065443897619843483
vn 0 0.9999997615814209 -0.00065443897619843483
vn 0 0.9999997615814209 -0.00065443897619843483
vn 0 0.9999997615814209 -0.00065443897619843483
vn 0 0.9999997615814209 -0.00065443897619843483
vn 0 0.9999997615814209 -0.00065443897619843483
vn 0 0.9999997615814209 -0.00065443897619843483
vn 0 0.9999997615814209 -0.00065443897619843483
vn 0 0.9999997615814209 -0.00065443897619843483
vn 0 0.9999997615814209 -0.00065443897619843483
vn 0 0.9999997615814209 -0.00065443897619843483
vn 0 0.9999997615814209 -0.00065443897619843483
vn 0 0.9999997615814209 -0.00065443897619843483
vn 0 0.9999997615814209 -0.00065443897619843483
vn 0 0.9999997615814209 -0.00065443897619843483
vn 0 0.9999997615814209 -0.00065443897619843483
vn 0 0.9999997615814209 -0.00065443897619843483
vn 0 0.9999997615814209 -0.00065443897619843483
vn 0 0.9999997615814209 -0.00065443897619843483
vn 0 0.9999997615814209 -0.00065443897619843483
vn 0 0.9999997615814209 -0.00065443897619843483
vn 0 0.9999997615814209 -0.00065443897619843483
vn 0 0.9999997615814209 -0.00065443897619843483
vn 0 0.9999997615814209 -0.00065443897619843483
vn 0 0.9999997615814209 -0.00065443897619843483
vn 0 0.9999997615814209 -0.00065443897619843483
vn 0 0.9999997615814209 -0.00065443897619843483
vn 0 0.9999997615814209 -0.00065443897619843483
vn 0 0.9999997615814209 -0.00065443897619843483
vn 0 0.9999997615814209 -0.00065443897619843483
vn 0 0.9999997615814209 -0.00065443897619843483
vn 0 0.9999997615814209 -0.00065443897619843483
vn 0 0.9999997615814209 -0.00065443897619843483
vn 0 0.9999997615814209 -0.00065443897619843483
vn 0 0.9999997615814209 -0.00065443897619843483
vn 0 0.9999997615814209 -0.00065443897619843483
vn 0 0.9999997615814209 -0.00065443897619843483
vn 0 0.9999997615814209 -0.00065443897619843483
vn 0 0.9999997615814209 -0.00065443897619843483
vn 0 0.9999997615814209 -0.00065443897619843483
vn 0 0.9999997615814209 -0.00065443897619843483
vn 0 0.9999997615814209 -0.00065443897619843483
vn 0 0.9999997615814209 -0.00065443897619843483
vn 0 0.9999997615814209 -0.00065443897619843483
vn 0 0.9999997615814209 -0.00065443897619843483
vn 0 0.9999997615814209 -0.00065443897619843483
vn 0 0.9999997615814209 -0.00065443897619843483
vn 0 0.9999997615814209 -0.00065443897619843483
vn 0 0.9999997615814209 -0.00065443897619843483
vn 0 0.9999997615814209 -0.00065443897619843483
vn 0 0.9999997615814209 -0.00065443897619843483
vn 0 0.9999997615814209 -0.00065443897619843483
vn 0 0.9999997615814209 -0.00065443897619843483
vn 0 0.9999997615814209 -0.00065443897619843483
vn 0 0.9999997615814209 -0.00065443897619843483
vn 0 0.9999997615814209 -0.00065443897619843483
vn 0 0.9999997615814209 -0.00065443897619843483
vn 0 0.9999997615814209 -0.00065443897619843483
vn 0 0.9999997615814209 -0.00065443897619843483
vn 0 0.9999997615814209 -0.00065443897619843483
vn 0 0.9999997615814209 -0.00065443897619843483
vn 0 0.9999997615814209 -0.00065443897619843483
vn 0 0.9999997615814209 -0.00065443897619843483
vn 0 0.9999997615814209 -0.00065443897619843483
vn 0 0.9999997615814209 -0.00065443897619843483
vn 0 0.9999997615814209 -0.00065443897619843483
vn 0 0.9999997615814209 -0.00065443897619843483
vn 0 0.9999997615814209 -0.00065443897619843483
vn 0 0.9999997615814209 -0.00065443897619843483
vn 0 0.9999997615814209 -0.00065443897619843483
vn 0 0.9999997615814209 -0.00065443897619843483
vn 0 0.9999997615814209 -0.00065443897619843483
vn 0 0.9999997615814209 -0.00065443897619843483
vn 0 0.9999997615814209 -0.00065443897619843483
vn 0 0.9999997615814209 -0.00065443897619843483
vn 0 0.9999997615814209 -0.00065443897619843483
vn 0 0.9999997615814209 -0.00065443897619843483
vn 0 0.9999997615814209 -0.00065443897619843483
vn 0 0.9999997615814209 -0.00065443897619843483
vn 0 0.9999997615814209 -0.00065443897619843483
vn 0 0.9999997615814209 -0.00065443897619843483
vn 0 0.9999997615814209 -0.00065443897619843483
vn 0 0.9999997615814209 -0.00065443897619843483
vn 0 0.9999997615814209 -0.00065443897619843483
vn 0 0.9999997615814209 -0.00065443897619843483
vn 0 0.9999997615814209 -0.00065443897619843483
vn 0 0.9999997615814209 -0.00065443897619843483
vn 0 0.9999997615814209 -0.00065443897619843483
vn 0 0.9999997615814209 -0.00065443897619843483
vn 0 0.9999997615814209 -0.00065443897619843483
vn 0 0.9999997615814209 -0.00065443897619843483
vn 0 0.9999997615814209 -0.00065443897619843483
vn 0 0.9999997615814209 -0.00065443897619843483
vn 0 0.9999997615814209 -0.00065443897619843483
vn 0 0.9999997615814209 -0.00065443897619843483
vn 0 0.9999997615814209 -0.00065443897619843483
vn 0 0.9999997615814209 -0.00065443897619843483
vn 0 0.9999997615814209 -0.00065443897619843483
vn 0 0.9999997615814209 -0.00065443897619843483
vn 0 0.9999997615814209 -0.00065443897619843483
vn 0 0.9999997615814209 -0.00065443897619843483
vn 0 0.9999997615814209 -0.00065443897619843483
vn 0 0.9999997615814209 -0.00065443897619843483
vn 0 0.9999997615814209 -0.00065443897619843483
vn 0 0.9999997615814209 -0.00065443897619843483
vn 0 0.9999997615814209 -0.00065443897619843483
vn 0 0.9999997615814209 -0.00065443897619843483
vn 0 0.9999997615814209 -0.00065443897619843483
vn 0 0.9999997615814209 -0.00065443897619843483
vn 0 0.9999997615814209 -0.00065443897619843483
vn 0 0.9999997615814209 -0.00065443897619843483
vn 0 0.9999997615814209 -0.00065443897619843483
vn 0 0.9999997615814209 -0.00065443897619843483
vn 0 0.9999997615814209 -0.00065443897619843483
vn 0 0.9999997615814209 -0.00065443897619843483
vn 0 0.9999997615814209 -0.00065443897619843483
vn 0 0.9999997615814209 -0.00065443897619843483
vn 0 0.9999997615814209 -0.00065443897619843483
vn 0 0.9999997615814209 -0.00065443897619843483
vn 0 0.9999997615814209 -0.00065443897619843483
vn 0 0.9999997615814209 -0.00065443897619843483
vn 0 0.9999997615814209 -0.00065443897619843483
vn 0 0.9999997615814209 -0.00065443897619843483
vn 0 0.9999997615814209 -0.00065443897619843483
vn 0 0.9999997615814209 -0.00065443897619843483
vn 0 0.9999997615814209 -0.00065443897619843483
vn 0 0.9999997615814209 -0.00065443897619843483
vn 0 0.9999997615814209 -0.00065443897619843483
vn 0 0.9999997615814209 -0.00065443897619843483
vn 0 0.9999997615814209 -0.00065443897619843483
vn 0 0.9999997615814209 -0.00065443897619843483
vn 0 0.9999997615814209 -0.00065443897619843483
vn 0 0.9999997615814209 -0.00065443897619843483
vn 0 0.9999997615814209 -0.00065443897619843483
vn 0 0.9999997615814209 -0.00065443897619843483
vn 0 0.9999997615814209 -0.00065443897619843483
vn 0 0.9999997615814209 -0.00065443897619843483
vn 0 0.9999997615814209 -0.00065443897619843483
vn 0 0.9999997615814209 -0.00065443897619843483
vn 0 0.9999997615814209 -0.00065443897619843483
vn 0 0.9999997615814209 -0.00065443897619843483
vn 0 0.9999997615814209 -0.00065443897619843483
vn 0 0.9999997615814209 -0.00065443897619843483
vn 0 0.9999997615814209 -0.00065443897619843483
vn 0 0.9999997615814209 -0.00065443897619843483
vn 0 0.9999997615814209 -0.00065443897619843483
vn 0 0.9999997615814209 -0.00065443897619843483
vn 0 0.9999997615814209 -0.00065443897619843483
vn 0 0.9999997615814209 -0.00065443897619843483
vn 0 0.9999997615814209 -0.00065443897619843483
vn 0 0.9999997615814209 -0.00065443897619843483
vn 0 0.9999997615814209 -0.00065443897619843483
vn 0 0.9999997615814209 -0.00065443897619843483
vn 0 0.9999997615814209 -0.00065443897619843483
vn 0 0.9999997615814209 -0.00065443897619843483
vn 0 0.9999997615814209 -0.00065443897619843483
vn 0 0.9999997615814209 -0.00065443897619843483
vn 0 0.9999997615814209 -0.00065443897619843483
vn 0 0.9999997615814209 -0.00065443897619843483
vn 0 0.9999997615814209 -0.00065443897619843483
vn 0 0.9999997615814209 -0.00065443897619843483
vn 0 0.9999997615814209 -0.00065443897619843483
vn 0 0.9999997615814209 -0.00065443897619843483
vn 0 0.9999997615814209 -0.00065443897619843483
vn 0 0.9999997615814209 -0.00065443897619843483
vn 0 0.9999997615814209 -0.00065443897619843483
vn 0 0.9999997615814209 -0.00065443897619843483
vn 0 0.9999997615814209 -0.00065443897619843483
vn 0 0.9999997615814209 -0.00065443897619843483
vn 0 0.9999997615814209 -0.00065443897619843483
vn 0 0.9999997615814209 -0.00065443897619843483
vn 0 0.9999997615814209 -0.00065443897619843483
vn 0 0.9999997615814209 -0.00065443897619843483
vn 0 0.9999997615814209 -0.00065443897619843483
vn 0 0.9999997615814209 -0.00065443897619843483
vn 0 0.9999997615814209 -0.00065443897619843483
vn 0 0.9999997615814209 -0.00065443897619843483
vn 0 0.9999997615814209 -0.00065443897619843483
vn 0 0.9999997615814209 -0.00065443897619843483
vn 0 0.9999997615814209 -0.00065443897619843483
vn 0 0.9999997615814209 -0.00065443897619843483
vn 0 0.9999997615814209 -0.00065443897619843483
vn 0 0.9999997615814209 -0.00065443897619843483
vn 0 0.9999997615814209 -0.00065443897619843483
vn 0 0.9999997615814209 -0.00065443897619843483
vn 0 0.9999997615814209 -0.00065443897619843483
vn 0 0.9999997615814209 -0.00065443897619843483
vn 0 0.9999997615814209 -0.00065443897619843483
vn 0 0.9999997615814209 -0.00065443897619843483
vn 0 0.9999997615814209 -0.00065443897619843483
vn 0 0.9999997615814209 -0.00065443897619843483
vn 0 0.9999997615814209 -0.00065443897619843483
vn 0 0.9999997615814209 -0.00065443897619843483
vn 0 0.9999997615814209 -0.00065443897619843483
vn 0 0.9999997615814209 -0.00065443897619843483
vn 0 0.9999997615814209 -0.00065443897619843483
vn 0 0.9999997615814209 -0.00065443897619843483
vn 0 0.9999997615814209 -0.00065443897619843483
vn 0 0.9999997615814209 -0.00065443897619843483
vn 0 0.9999997615814209 -0.00065443897619843483
vn 0 0.9999997615814209 -0.00065443897619843483
vn 0 0.9999997615814209 -0.00065443897619843483
vn 0 0.9999997615814209 -0.00065443897619843483
vn 0 0.9999997615814209 -0.00065443897619843483
vn 0 0.9999997615814209 -0.00065443897619843483
vn 0 0.9999997615814209 -0.00065443897619843483
vn 0 0.9999997615814209 -0.00065443897619843483
vn 0 0.9999997615814209 -0.00065443897619843483
vn 0 0.9999997615814209 -0.00065443897619843483
vn 0 0.9999997615814209 -0.00065443897619843483
vn 0 0.9999997615814209 -0.00065443897619843483
vn 0 0.9999997615814209 -0.00065443897619843483
vn 0 0.9999997615814209 -0.00065443897619843483
vn 0 0.9999997615814209 -0.00065443897619843483
vn 0 0.9999997615814209 -0.00065443897619843483
vn 0 0.9999997615814209 -0.00065443897619843483
vn 0 0.9999997615814209 -0.00065443897619843483
vn 0 0.9999997615814209 -0.00065443897619843483
vn 0 0.9999997615814209 -0.00065443897619843483
vn 0 0.9999997615814209 -0.00065443897619843483
vn 0 0.9999997615814209 -0.00065443897619843483
vn 0 0.9999997615814209 -0.00065443897619843483
vn 0 0.9999997615814209 -0.00065443897619843483
vn 0 0.9999997615814209 -0.00065443897619843483
vn 0 0.9999997615814209 -0.00065443897619843483
vn 0 0.9999997615814209 -0.00065443897619843483
vn 0 0.9999997615814209 -0.00065443897619843483
vn 0 0.9999997615814209 -0.00065443897619843483
vn 0 0.9999997615814209 -0.00065443897619843483
vn 0 0.9999997615814209 -0.00065443897619843483
vn 0 0.9999997615814209 -0.00065443897619843483
vn 0 0.9999997615814209 -0.00065443897619843483
vn 0 0.9999997615814209 -0.00065443897619843483
vn 0 0.9999997615814209 -0.00065443897619843483
vn 0 0.9999997615814209 -0.00065443897619843483
vn 0 0.9999997615814209 -0.00065443897619843483
vn 0 0.9999997615814209 -0.00065443897619843483
vn 0 0.9999997615814209 -0.00065443897619843483
vn 0 0.9999997615814209 -0.00065443897619843483
vn 0 0.9999997615814209 -0.00065443897619843483
vn 0 0.9999997615814209 -0.00065443897619843483
vn 0 0.9999997615814209 -0.00065443897619843483
vn 0 0.9999997615814209 -0.00065443897619843483
vn 0 0.9999997615814209 -0.00065443897619843483
vn 0 0.9999997615814209 -0.00065443897619843483
vn 0 0.9999997615814209 -0.00065443897619843483
vn 0 0.9999997615814209 -0.00065443897619843483
vn 0 0.9999997615814209 -0.00065443897619843483
vn 0 0.9999997615814209 -0.00065443897619843483
vn 0 0.9999997615814209 -0.00065443897619843483
vn 0 0.9999997615814209 -0.00065443897619843483
vn 0 0.9999997615814209 -0.00065443897619843483
vn 0 0.9999997615814209 -0.00065443897619843483
vn 0 0.9999997615814209 -0.00065443897619843483
vn 0 0.9999997615814209 -0.00065443897619843483
vn 0 0.9999997615814209 -0.00065443897619843483
vn 0 0.9999997615814209 -0.00065443897619843483
vn 0 0.9999997615814209 -0.00065443897619843483
vn 0 0.9999997615814209 -0.00065443897619843483
vn 0 0.9999997615814209 -0.00065443897619843483
vn 0 0.9999997615814209 -0.00065443897619843483
vn 0 0.9999997615814209 -0.00065443897619843483
vn 0 0.9999997615814209 -0.00065443897619843483
vn 0 0.9999997615814209 -0.00065443897619843483
vn 0 0.9999997615814209 -0.00065443897619843483
vn 0 0.9999997615814209 -0.00065443897619843483
vn 0 0.9999997615814209 -0.00065443897619843483
vn 0 0.9999997615814209 -0.00065443897619843483
vn 0 0.9999997615814209 -0.00065443897619843483
vn 0 0.9999997615814209 -0.00065443897619843483
vn 0 0.9999997615814209 -0.00065443897619843483
vn 0 0.9999997615814209 -0.00065443897619843483
vn 0 0.9999997615814209 -0.00065443897619843483
vn 0 0.9999997615814209 -0.00065443897619843483
vn 0 0.9999997615814209 -0.00065443897619843483
vn 0 0.9999997615814209 -0.00065443897619843483
vn 0 0.9999997615814209 -0.00065443897619843483
vn 0 0.9999997615814209 -0.00065443897619843483
vn 0 0.9999997615814209 -0.00065443897619843483
vn 0 0.9999997615814209 -0.00065443897619843483
vn 0 0.9999997615814209 -0.00065443897619843483
vn 0 0.9999997615814209 -0.00065443897619843483
vn 0 0.9999997615814209 -0.00065443897619843483
vn 0 0.9999997615814209 -0.00065443897619843483
vn 0 0.9999997615814209 -0.00065443897619843483
vn 0 0.9999997615814209 -0.00065443897619843483
vn 0 0.9999997615814209 -0.00065443897619843483
vn 0 0.9999997615814209 -0.00065443897619843483
vn 0 0.9999997615814209 -0.00065443897619843483
vn 0 0.9999997615814209 -0.00065443897619843483
vn 0 0.9999997615814209 -0.00065443897619843483
vn 0 0.9999997615814209 -0.00065443897619843483
vn 0 0.9999997615814209 -0.00065443897619843483
vn 0 0.9999997615814209 -0.00065443897619843483
vn 0 0.9999997615814209 -0.00065443897619843483
vn 0 0.9999997615814209 -0.00065443897619843483
vn 0 0.9999997615814209 -0.00065443897619843483
vn 0 0.9999997615814209 -0.00065443897619843483
vn 0 0.9999997615814209 -0.00065443897619843483
vn 0 0.9999997615814209 -0.00065443897619843483
vn 0 0.9999997615814209 -0.00065443897619843483
vn 0 0.9999997615814209 -0.00065443897619843483
vn 0 0.9999997615814209 -0.00065443897619843483
vn 0 0.9999997615814209 -0.00065443897619843483
vn 0 0.9999997615814209 -0.00065443897619843483
vn 0 0.9999997615814209 -0.00065443897619843483
vn 0 0.9999997615814209 -0.00065443897619843483
vn 0 0.9999997615814209 -0.00065443897619843483
vn 0 0.9999997615814209 -0.00065443897619843483
vn 0 0.9999997615814209 -0.00065443897619843483
vn 0 0.9999997615814209 -0.00065443897619843483
vn 0 0.9999997615814209 -0.00065443897619843483
vn 0 0.9999997615814209 -0.00065443897619843483
vn 0 0.9999997615814209 -0.00065443897619843483
vn 0 0.9999997615814209 -0.00065443897619843483
vn 0 0.9999997615814209 -0.00065443897619843483
vn 0 0.9999997615814209 -0.00065443897619843483
vn 0 0.9999997615814209 -0.00065443897619843483
vn 0 0.9999997615814209 -0.00065443897619843483
vn 0 0.9999997615814209 -0.00065443897619843483
vn 0 0.9999997615814209 -0.00065443897619843483
vn 0 0.9999997615814209 -0.00065443897619843483
vn 0 0.9999997615814209 -0.00065443897619843483
vn 0 0.9999997615814209 -0.00065443897619843483
vn 0 0.9999997615814209 -0.00065443897619843483
vn 0 0.9999997615814209 -0.00065443897619843483
vn 0 0.9999997615814209 -0.00065443897619843483
vn 0 0.9999997615814209 -0.00065443897619843483
vn 0 0.9999997615814209 -0.00065443897619843483
vn 0 0.9999997615814209 -0.00065443897619843483
vn 0 0.9999997615814209 -0.00065443897619843483
vn 0 0.9999997615814209 -0.00065443897619843483
vn 0 0.9999997615814209 -0.00065443897619843483
vn 0 0.9999997615814209 -0.00065443897619843483
vn 0 0.9999997615814209 -0.00065443897619843483
f 22/22/22 23/23/23 26/26/26 24/24/24
f 23/23/23 15/15/15 25/25/25 26/26/26
f 23/23/23 6/6/6 15/15/15
f 21/21/21 23/23/23 22/22/22
f 6/6/6 23/23/23 21/21/21
f 6/6/6 14/14/14 16/16/16 15/15/15
f 17/17/17 18/18/18 14/14/14 6/6/6
f 15/15/15 5/5/5 25/25/25
f 7/7/7 5/5/5 16/16/16
f 5/5/5 4/4/4 25/25/25
f 5/5/5 15/15/15 16/16/16
f 9/9/9 8/8/8 16/16/16
f 8/8/8 7/7/7 16/16/16
f 24/24/24 20/20/20 19/19/19
f 4/4/4 20/20/20 26/26/26
f 19/19/19 22/22/22 24/24/24
f 20/20/20 24/24/24 26/26/26
f 26/26/26 25/25/25 4/4/4
f 3/3/3 22/22/22 19/19/19
f 14/14/14 10/10/10 9/9/9
f 11/11/11 10/10/10 14/14/14
f 12/12/12 11/11/11 18/18/18
f 14/14/14 18/18/18 11/11/11
f 13/13/13 12/12/12 18/18/18
f 3/3/3 17/17/17 21/21/21
f 6/6/6 21/21/21 17/17/17
f 22/22/22 3/3/3 21/21/21
f 17/17/17 1/1/1 18/18/18
f 13/13/13 18/18/18 1/1/1
f 3/3/3 2/2/2 17/17/17
f 1/1/1 17/17/17 2/2/2
f 14/14/14 9/9/9 16/16/16
f 48/48/48 50/50/50 52/52/52 49/49/49
f 49/49/49 52/52/52 51/51/51 41/41/41
f 49/49/49 41/41/41 32/32/32
f 47/47/47 48/48/48 49/49/49
f 32/32/32 47/47/47 49/49/49
f 32/32/32 41/41/41 42/42/42 40/40/40
f 43/43/43 32/32/32 40/40/40 44/44/44
f 41/41/41 51/51/51 31/31/31
f 33/33/33 42/42/42 31/31/31
f 31/31/31 51/51/51 30/30/30
f 31/31/31 42/42/42 41/41/41
f 35/35/35 42/42/42 34/34/34
f 34/34/34 42/42/42 33/33/33
f 50/50/50 45/45/45 46/46/46
f 30/30/30 52/52/52 46/46/46
f 45/45/45 50/50/50 48/48/48
f 46/46/46 52/52/52 50/50/50
f 52/52/52 30/30/30 51/51/51
f 29/29/29 45/45/45 48/48/48
f 40/40/40 35/35/35 36/36/36
f 37/37/37 40/40/40 36/36/36
f 38/38/38 44/44/44 37/37/37
f 40/40/40 37/37/37 44/44/44
f 39/39/39 44/44/44 38/38/38
f 29/29/29 47/47/47 43/43/43
f 32/32/32 43/43/43 47/47/47
f 48/48/48 47/47/47 29/29/29
f 43/43/43 44/44/44 27/27/27
f 39/39/39 27/27/27 44/44/44
f 29/29/29 43/43/43 28/28/28
f 27/27/27 28/28/28 43/43/43
f 40/40/40 42/42/42 35/35/35
f 53/54/54 68/78/78 69/79/79 67/77/77
f 108/125/125 112/129/129 111/128/128 54/55/55
f 55/56/56 71/81/81 72/82/82 70/80/80
f 71/81/81 53/54/54 67/77/77 72/82/82
f 109/126/126 54/55/55 53/54/54 71/81/81
f 71/81/81 55/56/56 56/57/57 109/126/126
f 110/127/127 108/125/125 54/55/55 109/126/126
f 105/122/122 110/127/127 109/126/126 56/57/57
f 57/58/58 74/84/84 75/85/85 73/83/83
f 74/84/84 55/56/56 70/80/80 75/85/85
f 106/123/123 56/57/57 55/56/56 74/84/84
f 74/84/84 57/58/58 58/59/59 106/123/123
f 107/124/124 105/122/122 56/57/57 106/123/123
f 102/119/119 107/124/124 106/123/123 58/59/59
f 59/60/60 77/87/87 78/88/88 76/86/86
f 77/87/87 57/58/58 73/83/83 78/88/88
f 103/120/120 58/59/59 57/58/58 77/87/87
f 77/87/87 59/60/60 60/61/61 103/120/120
f 104/121/121 102/119/119 58/59/59 103/120/120
f 99/116/116 104/121/121 103/120/120 60/61/61
f 61/62/62 80/90/90 81/91/91 79/89/89
f 80/90/90 59/60/60 76/86/86 81/91/91
f 100/117/117 60/61/61 59/60/60 80/90/90
f 80/90/90 61/62/62 62/63/63 100/117/117
f 101/118/118 99/116/116 60/61/61 100/117/117
f 96/113/113 101/118/118 100/117/117 62/63/63
f 63/64/64 83/93/93 84/94/94 82/92/92
f 83/93/93 61/62/62 79/89/89 84/94/94
f 97/114/114 62/63/63 61/62/62 83/93/93
f 83/93/93 63/64/64 64/65/65 97/114/114
f 98/115/115 96/113/113 62/63/63 97/114/114
f 93/110/110 98/115/115 97/114/114 64/65/65
f 65/66/66 86/96/96 87/97/97 85/95/95
f 86/96/96 63/64/64 82/92/92 87/97/97
f 94/111/111 64/65/65 63/64/64 86/96/96
f 86/96/96 65/66/66 66/67/67 94/111/111
f 95/112/112 93/110/110 64/65/65 94/111/111
f 90/107/107 95/112/112 94/111/111 66/67/67
f 88/98/98 65/66/66 85/95/95 89/99/99
f 92/109/109 90/107/107 66/67/67 91/108/108
f 120/138/138 5/53/53 69/79/79
f 7/70/70 69/79/79 5/53/53
f 69/79/79 7/70/70 67/77/77
f 72/82/82 67/77/77 7/70/70
f 119/137/137 120/138/138 69/79/79 68/78/78
f 118/136/136 119/137/137 68/78/78 111/128/128
f 53/54/54 54/55/55 111/128/128 68/78/78
f 8/71/71 70/80/80 72/82/82
f 7/70/70 8/71/71 72/82/82
f 8/71/71 9/72/72 75/85/85 70/80/80
f 9/72/72 10/73/73 78/88/88 73/83/83
f 73/83/83 75/85/85 9/72/72
f 117/135/135 118/136/136 111/128/128 112/129/129
f 33/106/106 31/134/134 112/129/129
f 117/135/135 112/129/129 31/134/134
f 110/127/127 33/106/106 108/125/125
f 112/129/129 108/125/125 33/106/106
f 34/105/105 110/127/127 105/122/122
f 35/104/104 107/124/124 102/119/119
f 34/105/105 105/122/122 107/124/124
f 35/104/104 34/105/105 107/124/124
f 36/103/103 35/104/104 102/119/119 104/121/121
f 104/121/121 99/116/116 36/103/103
f 33/106/106 110/127/127 34/105/105
f 76/86/86 78/88/88 10/73/73
f 81/91/91 76/86/86 10/73/73
f 79/89/89 81/91/91 11/74/74
f 81/91/91 10/73/73 11/74/74
f 11/74/74 12/75/75 84/94/94 79/89/89
f 12/75/75 87/97/97 82/92/92
f 82/92/92 84/94/94 12/75/75
f 87/97/97 12/75/75 13/76/76
f 89/99/99 85/95/95 13/76/76
f 113/130/130 89/99/99 1/68/68
f 13/76/76 1/68/68 89/99/99
f 88/98/98 91/108/108 66/67/67 65/66/66
f 113/130/130 114/131/131 88/98/98 89/99/99
f 13/76/76 85/95/95 87/97/97
f 114/131/131 115/132/132 91/108/108 88/98/98
f 37/102/102 36/103/103 99/116/116 101/118/118
f 37/102/102 96/113/113 98/115/115
f 37/102/102 101/118/118 96/113/113
f 38/101/101 37/102/102 98/115/115
f 38/101/101 93/110/110 95/112/112
f 38/101/101 98/115/115 93/110/110
f 39/100/100 38/101/101 95/112/112
f 115/132/132 116/133/133 92/109/109 91/108/108
f 92/109/109 39/100/100 90/107/107
f 90/107/107 39/100/100 95/112/112
f 39/100/100 92/109/109 27/69/69
f 116/133/133 27/69/69 92/109/109
f 2/141/141 113/146/146 1/139/139
f 115/144/144 114/145/145 121/147/147 122/148/148
f 122/148/148 116/143/143 115/144/144
f 114/145/145 113/146/146 121/147/147
f 27/140/140 116/143/143 28/142/142
f 28/142/142 116/143/143 122/148/148
f 2/141/141 121/147/147 113/146/146
f 121/154/154 2/151/151 3/150/150 123/155/155
f 28/149/149 122/153/153 124/156/156 29/152/152
f 122/153/153 121/154/154 123/155/155 124/156/156
f 125/163/163 123/162/162 3/157/157
f 127/165/165 29/158/158 124/161/161
f 124/161/161 123/162/162 126/164/164
f 125/163/163 126/164/164 123/162/162
f 45/160/160 29/158/158 127/165/165
f 127/165/165 124/161/161 126/164/164
f 19/159/159 125/163/163 3/157/157
f 4/167/167 140/182/182 20/166/166
f 139/181/181 129/170/170 138/180/180
f 130/171/171 137/179/179 138/180/180
f 137/179/179 131/172/172 136/178/178
f 135/177/177 133/174/174 134/176/176
f 136/178/178 132/173/173 135/177/177
f 139/181/181 140/182/182 128/169/169
f 128/169/169 129/170/170 139/181/181
f 130/171/171 131/172/172 137/179/179
f 129/170/170 130/171/171 138/180/180
f 135/177/177 132/173/173 133/174/174
f 132/173/173 136/178/178 131/172/172
f 133/174/174 30/168/168 134/176/176
f 134/176/176 30/168/168 46/175/175
f 4/167/167 128/169/169 140/182/182
f 128/196/196 4/183/183 5/185/185 120/187/187
f 120/187/187 129/195/195 128/196/196
f 131/193/193 130/194/194 119/188/188 118/189/189
f 117/190/190 133/191/191 132/192/192
f 132/192/192 131/193/193 118/189/189
f 130/194/194 129/195/195 119/188/188
f 120/187/187 119/188/188 129/195/195
f 117/190/190 31/186/186 30/184/184 133/191/191
f 117/190/190 132/192/192 118/189/189
f 161/217/217 162/218/218 155/211/211 146/202/202
f 146/202/202 155/211/211 156/212/212 154/210/210
f 157/213/213 146/202/202 154/210/210 158/214/214
f 156/212/212 147/203/203 148/204/204
f 154/210/210 156/212/212 149/205/205
f 148/204/204 149/205/205 156/212/212
f 150/206/206 154/210/210 149/205/205
f 145/201/201 147/203/203 156/212/212
f 162/218/218 159/215/215 160/216/216
f 162/218/218 144/200/200 155/211/211
f 144/200/200 145/201/201 156/212/212 155/211/211
f 160/216/216 144/200/200 162/218/218
f 143/199/199 159/215/215 162/218/218
f 154/210/210 151/207/207 158/214/214
f 153/209/209 158/214/214 152/208/208
f 151/207/207 152/208/208 158/214/214
f 141/197/197 158/214/214 153/209/209
f 143/199/199 161/217/217 157/213/213
f 146/202/202 157/213/213 161/217/217
f 162/218/218 161/217/217 143/199/199
f 142/198/198 157/213/213 141/197/197
f 143/199/199 157/213/213 142/198/198
f 157/213/213 158/214/214 141/197/197
f 151/207/207 154/210/210 150/206/206
f 183/239/239 168/224/224 177/233/233 184/240/240
f 168/224/224 176/232/232 178/234/234 177/233/233
f 179/235/235 180/236/236 176/232/232 168/224/224
f 178/234/234 170/226/226 169/225/225
f 176/232/232 171/227/227 178/234/234
f 170/226/226 178/234/234 171/227/227
f 172/228/228 171/227/227 176/232/232
f 167/223/223 178/234/234 169/225/225
f 184/240/240 182/238/238 181/237/237
f 184/240/240 177/233/233 166/222/222
f 166/222/222 177/233/233 178/234/234 167/223/223
f 182/238/238 184/240/240 166/222/222
f 165/221/221 184/240/240 181/237/237
f 176/232/232 180/236/236 173/229/229
f 175/231/231 174/230/230 180/236/236
f 173/229/229 180/236/236 174/230/230
f 163/219/219 175/231/231 180/236/236
f 165/221/221 179/235/235 183/239/239
f 168/224/224 183/239/239 179/235/235
f 184/240/240 165/221/221 183/239/239
f 164/220/220 163/219/219 179/235/235
f 165/221/221 164/220/220 179/235/235
f 179/235/235 163/219/219 180/236/236
f 173/229/229 172/228/228 176/232/232
f 185/242/242 199/265/265 201/267/267 200/266/266
f 240/313/313 186/243/243 243/316/316 244/317/317
f 187/244/244 202/268/268 204/270/270 203/269/269
f 203/269/269 204/270/270 199/265/265 185/242/242
f 241/314/314 203/269/269 185/242/242 186/243/243
f 203/269/269 241/314/314 188/245/245 187/244/244
f 242/315/315 241/314/314 186/243/243 240/313/313
f 237/310/310 188/245/245 241/314/314 242/315/315
f 189/246/246 205/271/271 207/273/273 206/272/272
f 206/272/272 207/273/273 202/268/268 187/244/244
f 238/311/311 206/272/272 187/244/244 188/245/245
f 206/272/272 238/311/311 190/247/247 189/246/246
f 239/312/312 238/311/311 188/245/245 237/310/310
f 234/307/307 190/247/247 238/311/311 239/312/312
f 191/248/248 208/274/274 210/276/276 209/275/275
f 209/275/275 210/276/276 205/271/271 189/246/246
f 235/308/308 209/275/275 189/246/246 190/247/247
f 209/275/275 235/308/308 192/249/249 191/248/248
f 236/309/309 235/308/308 190/247/247 234/307/307
f 231/304/304 192/249/249 235/308/308 236/309/309
f 193/250/250 211/277/277 213/279/279 212/278/278
f 212/278/278 213/279/279 208/274/274 191/248/248
f 232/305/305 212/278/278 191/248/248 192/249/249
f 212/278/278 232/305/305 194/251/251 193/250/250
f 233/306/306 232/305/305 192/249/249 231/304/304
f 228/301/301 194/251/251 232/305/305 233/306/306
f 195/252/252 214/280/280 216/282/282 215/281/281
f 215/281/281 216/282/282 211/277/277 193/250/250
f 229/302/302 215/281/281 193/250/250 194/251/251
f 215/281/281 229/302/302 196/253/253 195/252/252
f 230/303/303 229/302/302 194/251/251 228/301/301
f 225/298/298 196/253/253 229/302/302 230/303/303
f 197/254/254 217/283/283 219/285/285 218/284/284
f 218/284/284 219/285/285 214/280/280 195/252/252
f 226/299/299 218/284/284 195/252/252 196/253/253
f 218/284/284 226/299/299 198/255/255 197/254/254
f 227/300/300 226/299/299 196/253/253 225/298/298
f 222/295/295 198/255/255 226/299/299 227/300/300
f 220/286/286 221/287/287 217/283/283 197/254/254
f 224/297/297 223/296/296 198/255/255 222/295/295
f 201/267/267 147/258/258 145/241/241
f 199/265/265 147/258/258 201/267/267
f 250/324/324 201/267/267 145/241/241
f 249/323/323 200/266/266 250/324/324
f 200/266/266 201/267/267 250/324/324
f 185/242/242 200/266/266 243/316/316 186/243/243
f 199/265/265 204/270/270 147/258/258
f 148/259/259 204/270/270 202/268/268
f 147/258/258 204/270/270 148/259/259
f 148/259/259 202/268/268 207/273/273 149/260/260
f 149/260/260 205/271/271 210/276/276 150/261/261
f 205/271/271 149/260/260 207/273/273
f 243/316/316 249/323/323 248/322/322
f 244/317/317 243/316/316 248/322/322
f 200/266/266 249/323/323 243/316/316
f 169/294/294 244/317/317 167/321/321
f 248/322/322 167/321/321 244/317/317
f 242/315/315 240/313/313 169/294/294
f 244/317/317 169/294/294 240/313/313
f 170/293/293 237/310/310 242/315/315
f 171/292/292 234/307/307 239/312/312
f 170/293/293 239/312/312 237/310/310
f 171/292/292 239/312/312 170/293/293
f 172/291/291 236/309/309 234/307/307 171/292/292
f 236/309/309 172/291/291 231/304/304
f 169/294/294 170/293/293 242/315/315
f 208/274/274 150/261/261 210/276/276
f 213/279/279 150/261/261 208/274/274
f 151/262/262 150/261/261 213/279/279
f 151/262/262 211/277/277 216/282/282 152/263/263
f 151/262/262 213/279/279 211/277/277
f 152/263/263 216/282/282 214/280/280
f 214/280/280 219/285/285 152/263/263
f 217/283/283 153/264/264 219/285/285
f 152/263/263 219/285/285 153/264/264
f 153/264/264 217/283/283 221/287/287 141/256/256
f 246/319/319 245/318/318 220/286/286
f 221/287/287 220/286/286 245/318/318
f 245/318/318 141/256/256 221/287/287
f 220/286/286 197/254/254 198/255/255 223/296/296
f 173/290/290 233/306/306 231/304/304 172/291/291
f 173/290/290 230/303/303 228/301/301
f 173/290/290 228/301/301 233/306/306
f 174/289/289 230/303/303 173/290/290
f 174/289/289 227/300/300 225/298/298
f 174/289/289 225/298/298 230/303/303
f 175/288/288 227/300/300 174/289/289
f 223/296/296 247/320/320 246/319/319
f 247/320/320 223/296/296 224/297/297
f 224/297/297 222/295/295 175/288/288
f 222/295/295 227/300/300 175/288/288
f 175/288/288 163/257/257 224/297/297
f 247/320/320 224/297/297 163/257/257
f 246/319/319 220/286/286 223/296/296
f 245/331/331 251/332/332 142/327/327 141/325/325
f 252/333/333 246/330/330 247/329/329
f 246/330/330 251/332/332 245/331/331
f 251/332/332 246/330/330 252/333/333
f 163/326/326 164/328/328 252/333/333 247/329/329
f 251/339/339 253/340/340 143/335/335 142/336/336
f 164/334/334 165/337/337 254/341/341 252/338/338
f 252/338/338 254/341/341 253/340/340 251/339/339
f 255/348/348 143/342/342 253/347/347
f 257/350/350 254/346/346 165/343/343
f 254/346/346 256/349/349 253/347/347
f 255/348/348 253/347/347 256/349/349
f 165/343/343 181/345/345 257/350/350
f 256/349/349 254/346/346 257/350/350
f 159/344/344 143/342/342 255/348/348
f 268/364/364 267/363/363 260/356/356
f 269/365/365 268/364/364 259/355/355
f 267/363/363 266/362/362 261/357/357
f 264/360/360 182/351/351 166/353/353
f 266/362/362 265/361/361 262/358/358
f 265/361/361 264/360/360 263/359/359
f 270/366/366 269/365/365 258/354/354
f 270/366/366 258/354/354 144/352/352
f 258/354/354 269/365/365 259/355/355
f 268/364/364 260/356/356 259/355/355
f 260/356/356 267/363/363 261/357/357
f 262/358/358 265/361/361 263/359/359
f 263/359/359 264/360/360 166/353/353
f 261/357/357 266/362/362 262/358/358
f 160/367/367 270/366/366 144/352/352
f 145/370/370 144/368/368 258/380/380
f 250/372/372 258/380/380 259/379/379
f 249/373/373 260/378/378 261/377/377
f 262/376/376 248/374/374 249/373/373 261/377/377
f 260/378/378 250/372/372 259/379/379
f 250/372/372 260/378/378 249/373/373
f 167/371/371 263/375/375 166/369/369
f 263/375/375 167/371/371 248/374/374
f 263/375/375 248/374/374 262/376/376
f 145/370/370 258/380/380 250/372/372
f 522/632/632 271/381/381 275/385/385
f 522/632/632 276/386/386 277/387/387
f 523/633/633 277/387/387 278/388/388
f 522/632/632 275/385/385 276/386/386
f 524/634/634 279/389/389 280/390/390
f 281/391/391 282/392/392 525/635/635 526/636/636
f 282/392/392 283/393/393 527/637/637 525/635/635
f 526/636/636 280/390/390 281/391/391
f 278/388/388 279/389/389 524/634/634 523/633/633
f 528/638/638 284/394/394 285/395/395
f 286/396/396 287/397/397 529/639/639 530/640/640
f 529/639/639 287/397/397 288/398/398
f 285/395/395 286/396/396 530/640/640 528/638/638
f 289/399/399 290/400/400 531/641/641 532/642/642
f 290/400/400 291/401/401 533/643/643 531/641/641
f 534/644/644 292/402/402 293/403/403
f 293/403/403 294/404/404 535/645/645 534/644/644
f 533/643/643 291/401/401 292/402/402
f 532/642/642 288/398/398 289/399/399
f 527/637/637 283/393/393 284/394/394
f 522/632/632 523/633/633 519/629/629 520/630/630
f 523/633/633 522/632/632 277/387/387
f 524/634/634 526/636/636 515/625/625 516/626/626
f 526/636/636 524/634/634 280/390/390
f 526/636/636 525/635/635 514/624/624 515/625/625
f 523/633/633 524/634/634 517/627/627 518/628/628
f 527/637/637 528/638/638 511/621/621 512/622/622
f 528/638/638 527/637/637 284/394/394
f 530/640/640 529/639/639 509/619/619 510/620/620
f 532/642/642 529/639/639 288/398/398
f 529/639/639 532/642/642 507/617/617 508/618/618
f 528/638/638 530/640/640 510/620/620 511/621/621
f 525/635/635 527/637/637 513/623/623 514/624/624
f 296/406/406 536/646/646 295/405/405
f 297/407/407 537/647/647 296/406/406
f 297/407/407 298/408/408 538/648/648 537/647/647
f 533/643/643 534/644/644 503/613/613 504/614/614
f 534/644/644 533/643/643 292/402/402
f 534/644/644 535/645/645 502/612/612 503/613/613
f 536/646/646 537/647/647 499/609/609 500/610/610
f 296/406/406 537/647/647 536/646/646
f 537/647/647 538/648/648 498/608/608 499/609/609
f 536/646/646 535/645/645 294/404/404 295/405/405
f 535/645/645 536/646/646 501/611/611 502/612/612
f 298/408/408 299/409/409 539/649/649 538/648/648
f 531/641/641 533/643/643 505/615/615 506/616/616
f 532/642/642 531/641/641 506/616/616 507/617/617
f 272/382/382 271/381/381 522/632/632
f 539/649/649 299/409/409 300/410/410
f 301/411/411 302/412/412 540/650/650 541/651/651
f 302/412/412 303/413/413 542/652/652 540/650/650
f 541/651/651 300/410/410 301/411/411
f 543/653/653 304/414/414 305/415/415
f 305/415/415 306/416/416 544/654/654 543/653/653
f 306/416/416 307/417/417 545/655/655 544/654/654
f 542/652/652 303/413/413 304/414/414
f 309/419/419 546/656/656 308/418/418
f 310/420/420 311/421/421 547/657/657 548/658/658
f 312/422/422 547/657/657 311/421/421
f 309/419/419 310/420/420 548/658/658 546/656/656
f 313/423/423 314/424/424 549/659/659 550/660/660
f 314/424/424 315/425/425 551/661/661 549/659/659
f 317/427/427 552/662/662 316/426/426
f 317/427/427 318/428/428 553/663/663 552/662/662
f 316/426/426 551/661/661 315/425/425
f 313/423/423 550/660/660 312/422/422
f 308/418/418 545/655/655 307/417/417
f 320/430/430 554/664/664 319/429/429
f 321/431/431 322/432/432 555/665/665 556/666/666
f 322/432/432 323/433/433 557/667/667 555/665/665
f 321/431/431 556/666/666 320/430/430
f 539/649/649 541/651/651 495/605/605 496/606/606
f 539/649/649 300/410/410 541/651/651
f 541/651/651 540/650/650 494/604/604 495/605/605
f 304/414/414 543/653/653 542/652/652
f 324/434/434 325/435/435 558/668/668
f 542/652/652 543/653/653 491/601/601 492/602/602
f 324/434/434 557/667/667 323/433/433
f 540/650/650 542/652/652 493/603/603 494/604/604
f 318/428/428 319/429/429 554/664/664 553/663/663
f 325/435/435 326/436/436 559/669/669 558/668/668
f 328/438/438 560/670/670 327/437/437
f 329/439/439 561/671/671 328/438/438
f 326/436/436 327/437/437 560/670/670 559/669/669
f 330/440/440 331/441/441 562/672/672 563/673/673
f 332/442/442 562/672/672 331/441/441
f 333/443/443 334/444/444 564/674/674 565/675/675
f 334/444/444 335/445/445 566/676/676 564/674/674
f 333/443/443 565/675/675 332/442/442
f 329/439/439 330/440/440 563/673/673 561/671/671
f 336/446/446 566/676/676 335/445/445
f 538/648/648 539/649/649 497/607/607 498/608/608
f 521/631/631 272/382/382 522/632/632
f 518/628/628 519/629/629 523/633/633
f 521/631/631 522/632/632 520/630/630
f 516/626/626 517/627/627 524/634/634
f 545/655/655 546/656/656 487/597/597 488/598/598
f 546/656/656 548/658/658 486/596/596 487/597/597
f 546/656/656 545/655/655 308/418/418
f 544/654/654 545/655/655 489/599/599 490/600/600
f 508/618/618 509/619/619 529/639/639
f 548/658/658 547/657/657 485/595/595 486/596/596
f 527/637/637 512/622/622 513/623/623
f 543/653/653 544/654/654 490/600/600 491/601/601
f 505/615/615 533/643/643 504/614/614
f 500/610/610 501/611/611 536/646/646
f 496/606/606 497/607/607 539/649/649
f 492/602/602 493/603/603 542/652/652
f 545/655/655 488/598/598 489/599/599
f 485/595/595 547/657/657 484/594/594
f 550/660/660 549/659/659 482/592/592 483/593/593
f 549/659/659 551/661/661 481/591/591 482/592/592
f 316/426/426 552/662/662 551/661/661
f 551/661/661 552/662/662 479/589/589 480/590/590
f 483/593/593 484/594/594 547/657/657 550/660/660
f 553/663/663 554/664/664 476/586/586 477/587/587
f 320/430/430 556/666/666 554/664/664
f 554/664/664 556/666/666 475/585/585 476/586/586
f 552/662/662 553/663/663 478/588/588 479/589/589
f 556/666/666 555/665/665 474/584/584 475/585/585
f 557/667/667 558/668/668 471/581/581 472/582/582
f 558/668/668 559/669/669 470/580/580 471/581/581
f 558/668/668 557/667/667 324/434/434
f 555/665/665 557/667/667 472/582/582 473/583/583
f 560/670/670 561/671/671 467/577/577 468/578/578
f 561/671/671 563/673/673 466/576/576 467/577/577
f 562/672/672 565/675/675 463/573/573 464/574/574
f 565/675/675 564/674/674 462/572/572 463/573/573
f 565/675/675 562/672/672 332/442/442
f 563/673/673 562/672/672 464/574/574 465/575/575
f 561/671/671 560/670/670 328/438/438
f 559/669/669 560/670/670 468/578/578 469/579/579
f 564/674/674 566/676/676 460/570/570 461/571/571
f 551/661/661 480/590/590 481/591/591
f 553/663/663 477/587/587 478/588/588
f 473/583/583 474/584/584 555/665/665
f 559/669/669 469/579/579 470/580/580
f 564/674/674 461/571/571 462/572/572
f 465/575/575 466/576/576 563/673/673
f 459/569/569 460/570/570 566/676/676 567/677/677
f 550/660/660 547/657/657 312/422/422
f 567/677/677 566/676/676 336/446/446
f 337/447/447 338/448/448 568/678/678 567/677/677
f 569/679/679 339/449/449 340/450/450
f 570/680/680 340/450/450 341/451/451
f 338/448/448 339/449/449 569/679/679 568/678/678
f 342/452/452 343/453/453 571/681/681 572/682/682
f 573/683/683 344/454/454 345/455/455
f 345/455/455 346/456/456 574/684/684 573/683/683
f 571/681/681 343/453/453 344/454/454
f 341/451/451 342/452/452 572/682/682 570/680/680
f 575/685/685 347/457/457 348/458/458
f 349/459/459 350/460/460 576/686/686 577/687/687
f 350/460/460 351/461/461 578/688/688 576/686/686
f 577/687/687 348/458/458 349/459/459
f 579/689/689 352/462/462 353/463/463
f 353/463/463 354/464/464 580/690/690 579/689/689
f 581/691/691 355/465/465 356/466/466
f 582/692/692 356/466/466 357/467/467
f 354/464/464 355/465/465 581/691/691 580/690/690
f 578/688/688 351/461/461 352/462/462
f 346/456/456 347/457/457 575/685/685 574/684/684
f 567/677/677 568/678/678 458/568/568 459/569/569
f 569/679/679 570/680/680 455/565/565 456/566/566
f 570/680/680 569/679/679 340/450/450
f 570/680/680 572/682/682 454/564/564 455/565/565
f 568/678/678 569/679/679 456/566/566 457/567/567
f 571/681/681 573/683/683 451/561/561 452/562/562
f 573/683/683 571/681/681 344/454/454
f 574/684/684 575/685/685 448/558/558 449/559/559
f 577/687/687 575/685/685 348/458/458
f 575/685/685 577/687/687 447/557/557 448/558/558
f 573/683/683 574/684/684 450/560/560 451/561/561
f 572/682/682 571/681/681 452/562/562 453/563/563
f 576/686/686 578/688/688 444/554/554 445/555/555
f 578/688/688 352/462/462 579/689/689
f 358/468/468 359/469/469 583/693/693 584/694/694
f 360/470/470 583/693/693 359/469/469
f 579/689/689 580/690/690 442/552/552 443/553/553
f 580/690/690 581/691/691 440/550/550 441/551/551
f 582/692/692 584/694/694 437/547/547 438/548/548
f 584/694/694 582/692/692 357/467/467 358/468/468
f 584/694/694 583/693/693 436/546/546 437/547/547
f 581/691/691 356/466/466 582/692/692
f 581/691/691 582/692/692 439/549/549 440/550/550
f 583/693/693 360/470/470 585/695/695
f 578/688/688 579/689/689 443/553/553 444/554/554
f 577/687/687 576/686/686 446/556/556 447/557/557
f 336/446/446 337/447/447 567/677/677
f 361/471/471 362/472/472 586/696/696 585/695/695
f 587/697/697 363/473/473 364/474/474
f 588/698/698 364/474/474 365/475/475
f 362/472/472 363/473/473 587/697/697 586/696/696
f 366/476/476 367/477/477 589/699/699 590/700/700
f 368/478/478 589/699/699 367/477/477
f 369/479/479 591/701/701 368/478/478
f 365/475/475 366/476/476 590/700/700 588/698/698
f 370/480/480 371/481/481 592/702/702 593/703/703
f 373/483/483 594/704/704 372/482/482
f 373/483/483 374/484/484 595/705/705 594/704/704
f 372/482/482 592/702/702 371/481/481
f 376/486/486 596/706/706 375/485/485
f 377/487/487 597/707/707 376/486/486
f 378/488/488 379/489/489 598/708/708 599/709/709
f 380/490/490 598/708/708 379/489/489
f 377/487/487 378/488/488 599/709/709 597/707/707
f 374/484/484 375/485/485 596/706/706 595/705/705
f 369/479/479 370/480/480 593/703/703 591/701/701
f 381/491/491 382/492/492 600/710/710 601/711/711
f 384/494/494 602/712/712 383/493/493
f 385/495/495 603/713/713 384/494/494
f 382/492/492 383/493/493 602/712/712 600/710/710
f 585/695/695 586/696/696 433/543/543 434/544/544
f 586/696/696 587/697/697 432/542/542 433/543/543
f 588/698/698 587/697/697 364/474/474
f 386/496/496 387/497/497 604/714/714 605/715/715
f 588/698/698 590/700/700 429/539/539 430/540/540
f 385/495/495 386/496/496 605/715/715 603/713/713
f 587/697/697 588/698/698 431/541/541 432/542/542
f 380/490/490 381/491/491 601/711/711
f 388/498/498 604/714/714 387/497/497
f 389/499/499 390/500/500 606/716/716 607/717/717
f 390/500/500 391/501/501 608/718/718 606/716/716
f 389/499/499 607/717/717 388/498/498
f 393/503/503 609/719/719 392/502/502
f 393/503/503 394/504/504 610/720/720 609/719/719
f 396/506/506 611/721/721 395/505/505
f 397/507/507 612/722/722 396/506/506
f 394/504/504 395/505/505 611/721/721 610/720/720
f 392/502/502 608/718/718 391/501/501
f 273/383/383 612/722/722 397/507/507
f 360/470/470 361/471/471 585/695/695
f 583/693/693 585/695/695 435/545/545 436/546/546
f 458/568/568 568/678/678 457/567/567
f 453/563/563 454/564/564 572/682/682
f 368/478/478 591/701/701 589/699/699
f 591/701/701 593/703/703 425/535/535 426/536/536
f 372/482/482 594/704/704 592/702/702
f 593/703/703 592/702/702 424/534/534 425/535/535
f 589/699/699 591/701/701 427/537/537 428/538/538
f 445/555/555 446/556/556 576/686/686
f 592/702/702 594/704/704 423/533/533 424/534/534
f 574/684/684 449/559/559 450/560/560
f 590/700/700 589/699/699 428/538/538 429/539/539
f 442/552/552 580/690/690 441/551/551
f 434/544/544 435/545/545 585/695/695
f 439/549/549 582/692/692 438/548/548
f 431/541/541 588/698/698 430/540/540
f 591/701/701 426/536/536 427/537/537
f 594/704/704 422/532/532 423/533/533
f 594/704/704 595/705/705 421/531/531 422/532/532
f 595/705/705 596/706/706 420/530/530 421/531/531
f 418/528/528 419/529/529 597/707/707
f 597/707/707 599/709/709 417/527/527 418/528/528
f 597/707/707 596/706/706 376/486/486
f 596/706/706 597/707/707 419/529/529 420/530/530
f 598/708/708 601/711/711 415/525/525 416/526/526
f 601/711/711 600/710/710 413/523/523 414/524/524
f 599/709/709 598/708/708 416/526/526 417/527/527
f 601/711/711 598/708/708 380/490/490
f 600/710/710 602/712/712 412/522/522 413/523/523
f 384/494/494 603/713/713 602/712/712
f 603/713/713 605/715/715 409/519/519 410/520/520
f 388/498/498 607/717/717 604/714/714
f 605/715/715 604/714/714 408/518/518 409/519/519
f 602/712/712 603/713/713 411/521/521 412/522/522
f 607/717/717 606/716/716 405/515/515 406/516/516
f 392/502/502 609/719/719 608/718/718
f 606/716/716 608/718/718 404/514/514 405/515/515
f 609/719/719 610/720/720 401/511/511 402/512/512
f 396/506/506 612/722/722 611/721/721
f 610/720/720 611/721/721 400/510/510 401/511/511
f 608/718/718 609/719/719 403/513/513 404/514/514
f 604/714/714 607/717/717 407/517/517 408/518/518
f 611/721/721 612/722/722 399/509/509 400/510/510
f 601/711/711 414/524/524 415/525/525
f 410/520/520 411/521/521 603/713/713
f 607/717/717 406/516/516 407/517/517
f 612/722/722 398/508/508 399/509/509
f 612/722/722 274/384/384 398/508/508
f 402/512/512 403/513/513 609/719/719
f 274/384/384 612/722/722 273/383/383
f 617/727/727 613/723/723 614/724/724 740/850/850
f 619/729/729 618/728/728 739/849/849 738/848/848
f 618/728/728 617/727/727 740/850/850 739/849/849
f 621/731/731 620/730/730 737/847/847 736/846/846
f 623/733/733 622/732/732 735/845/845 734/844/844
f 622/732/732 621/731/731 736/846/846 735/845/845
f 620/730/730 619/729/729 738/848/848 737/847/847
f 625/735/735 624/734/734 733/843/843 732/842/842
f 627/737/737 626/736/736 731/841/841 730/840/840
f 626/736/736 625/735/735 732/842/842 731/841/841
f 629/739/739 628/738/738 729/839/839 728/838/838
f 631/741/741 630/740/740 727/837/837 726/836/836
f 630/740/740 629/739/739 728/838/838 727/837/837
f 628/738/738 627/737/737 730/840/840 729/839/839
f 624/734/734 623/733/733 734/844/844 733/843/843
f 633/743/743 632/742/742 725/835/835 724/834/834
f 634/744/744 723/833/833 722/832/832 635/745/745
f 634/744/744 633/743/743 724/834/834 723/833/833
f 637/747/747 636/746/746 721/831/831 720/830/830
f 639/749/749 638/748/748 719/829/829 718/828/828
f 638/748/748 637/747/747 720/830/830 719/829/829
f 635/745/745 722/832/832 721/831/831 636/746/746
f 640/750/750 717/827/827 716/826/826 641/751/751
f 642/752/752 715/825/825 714/824/824 643/753/753
f 641/751/751 716/826/826 715/825/825 642/752/752
f 645/755/755 644/754/754 713/823/823 712/822/822
f 647/757/757 646/756/756 711/821/821 710/820/820
f 646/756/756 645/755/755 712/822/822 711/821/821
f 644/754/754 643/753/753 714/824/824 713/823/823
f 639/749/749 718/828/828 717/827/827 640/750/750
f 632/742/742 631/741/741 726/836/836 725/835/835
f 710/820/820 709/819/819 648/758/758 647/757/757
f 648/758/758 709/819/819 708/818/818 649/759/759
f 650/760/760 707/817/817 706/816/816 651/761/761
f 649/759/759 708/818/818 707/817/817 650/760/760
f 653/763/763 652/762/762 705/815/815 704/814/814
f 654/764/764 703/813/813 702/812/812 655/765/765
f 654/764/764 653/763/763 704/814/814 703/813/813
f 652/762/762 651/761/761 706/816/816 705/815/815
f 656/766/766 701/811/811 700/810/810 657/767/767
f 659/769/769 658/768/768 699/809/809 698/808/808
f 657/767/767 700/810/810 699/809/809 658/768/768
f 660/770/770 697/807/807 696/806/806 661/771/771
f 662/772/772 695/805/805 694/804/804 663/773/773
f 661/771/771 696/806/806 695/805/805 662/772/772
f 659/769/769 698/808/808 697/807/807 660/770/770
f 655/765/765 702/812/812 701/811/811 656/766/766
f 664/774/774 693/803/803 692/802/802 665/775/775
f 666/776/776 691/801/801 690/800/800 667/777/777
f 666/776/776 665/775/775 692/802/802 691/801/801
f 668/778/778 689/799/799 688/798/798 669/779/779
f 670/780/780 687/797/797 686/796/796 671/781/781
f 669/779/779 688/798/798 687/797/797 670/780/780
f 667/777/777 690/800/800 689/799/799 668/778/778
f 672/782/782 685/795/795 684/794/794 673/783/783
f 674/784/784 683/793/793 682/792/792 675/785/785
f 673/783/783 684/794/794 683/793/793 674/784/784
f 676/786/786 681/791/791 680/790/790 677/787/787
f 678/788/788 679/789/789 616/726/726 615/725/725
f 677/787/787 680/790/790 679/789/789 678/788/788
f 675/785/785 682/792/792 681/791/791 676/786/786
f 671/781/781 686/796/796 685/795/795 672/782/782
f 663/773/773 694/804/804 693/803/803 664/774/774
f 741/851/851 748/862/862 749/863/863 746/860/860
f 745/859/859 741/851/851 746/860/860 747/861/861
f 742/852/852 914/1030/1030 915/1031/1031 912/1028/1028
f 915/1031/1031 916/1044/1044 918/1046/1046 917/1045/1045
f 911/1027/1027 742/852/852 912/1028/1028 913/1029/1029
f 919/1049/1049 921/1051/1051 920/1050/1050 743/853/853
f 927/1069/1069 929/1071/1071 928/1070/1070 921/1051/1051
f 923/1053/1053 919/1049/1049 743/853/853 922/1052/1052
f 751/865/865 924/1066/1066 926/1068/1068 925/1067/1067
f 750/864/864 752/866/866 751/865/865 744/854/854
f 754/868/868 750/864/864 744/854/854 753/867/867
f 271/858/858 749/863/863 755/869/869
f 756/870/870 755/869/869 182/1032/1032
f 757/871/871 756/870/870 269/1038/1038
f 160/1026/1026 918/1046/1046 757/871/871
f 269/1038/1038 756/870/870 268/1039/1039
f 159/1025/1025 917/1045/1045 160/1026/1026
f 757/871/871 269/1038/1038 270/1037/1037
f 160/1026/1026 757/871/871 270/1037/1037
f 917/1045/1045 918/1046/1046 160/1026/1026
f 756/870/870 267/1040/1040 268/1039/1039
f 916/1044/1044 758/872/872 757/871/871
f 759/873/873 758/872/872 914/1030/1030
f 914/1030/1030 758/872/872 916/1044/1044
f 760/874/874 930/1072/1072 761/875/875
f 930/1072/1072 760/874/874 759/873/873
f 761/875/875 930/1072/1072 931/1073/1073 762/876/876
f 762/876/876 931/1073/1073 932/1074/1074 763/877/877
f 764/878/878 763/877/877 932/1074/1074
f 918/1046/1046 916/1044/1044 757/871/871
f 264/1043/1043 756/870/870 182/1032/1032
f 265/1042/1042 756/870/870 264/1043/1043
f 756/870/870 265/1042/1042 266/1041/1041
f 271/858/858 746/860/860 749/863/863
f 182/1032/1032 748/862/862 741/851/851
f 749/863/863 748/862/862 755/869/869
f 182/1032/1032 755/869/869 748/862/862
f 916/1044/1044 915/1031/1031 914/1030/1030
f 912/1028/1028 915/1031/1031 917/1045/1045
f 930/1072/1072 904/1018/1018 903/1017/1017 931/1073/1073
f 930/1072/1072 759/873/873 742/852/852
f 931/1073/1073 903/1017/1017 902/1016/1016 932/1074/1074
f 742/852/852 759/873/873 914/1030/1030
f 742/852/852 906/1020/1020 905/1019/1019 930/1072/1072
f 266/1041/1041 267/1040/1040 756/870/870
f 159/1025/1025 912/1028/1028 917/1045/1045
f 932/1074/1074 933/1075/1075 764/878/878
f 272/857/857 746/860/860 271/858/858
f 765/879/879 933/1075/1075 934/1076/1076 766/880/880
f 935/1077/1077 768/882/882 767/881/881
f 766/880/880 934/1076/1076 935/1077/1077 767/881/881
f 936/1078/1078 770/884/884 769/883/883 937/1079/1079
f 770/884/884 936/1078/1078 938/1080/1080 771/885/885
f 937/1079/1079 769/883/883 768/882/882
f 773/887/887 772/886/886 939/1081/1081
f 774/888/888 941/1083/1083 940/1082/1082 775/889/889
f 773/887/887 939/1081/1081 941/1083/1083 774/888/888
f 777/891/891 776/890/890 942/1084/1084
f 778/892/892 944/1086/1086 943/1085/1085 779/893/893
f 780/894/894 779/893/893 943/1085/1085
f 777/891/891 942/1084/1084 944/1086/1086 778/892/892
f 776/890/890 775/889/889 940/1082/1082
f 772/886/886 771/885/885 938/1080/1080
f 781/895/895 946/1088/1088 945/1087/1087 782/896/896
f 784/898/898 783/897/897 947/1089/1089
f 782/896/896 945/1087/1087 947/1089/1089 783/897/897
f 933/1075/1075 900/1014/1014 899/1013/1013 934/1076/1076
f 935/1077/1077 898/1012/1012 897/1011/1011 937/1079/1079
f 937/1079/1079 768/882/882 935/1077/1077
f 934/1076/1076 899/1013/1013 898/1012/1012 935/1077/1077
f 785/899/899 784/898/898 948/1090/1090
f 946/1088/1088 781/895/895 780/894/894
f 785/899/899 948/1090/1090 949/1091/1091 786/900/900
f 788/902/902 787/901/901 950/1092/1092
f 786/900/900 949/1091/1091 950/1092/1092 787/901/901
f 789/903/903 952/1094/1094 951/1093/1093 790/904/904
f 792/906/906 791/905/905 953/1095/1095
f 793/907/907 792/906/906 954/1096/1096
f 790/904/904 951/1093/1093 953/1095/1095 791/905/905
f 789/903/903 788/902/902 952/1094/1094
f 955/1097/1097 794/908/908 793/907/907 954/1096/1096
f 764/878/878 933/1075/1075 765/879/879
f 932/1074/1074 902/1016/1016 901/1015/1015 933/1075/1075
f 745/859/859 747/861/861 910/1024/1024
f 909/1023/1023 256/1035/1035 257/1034/1034
f 741/851/851 181/1033/1033 182/1032/1032
f 181/1033/1033 741/851/851 745/859/859
f 910/1024/1024 747/861/861 272/857/857
f 910/1024/1024 909/1023/1023 181/1033/1033
f 257/1034/1034 181/1033/1033 909/1023/1023
f 910/1024/1024 181/1033/1033 745/859/859
f 909/1023/1023 255/1036/1036 256/1035/1035
f 746/860/860 272/857/857 747/861/861
f 938/1080/1080 894/1008/1008 893/1007/1007 939/1081/1081
f 939/1081/1081 772/886/886 938/1080/1080
f 936/1078/1078 895/1009/1009 894/1008/1008 938/1080/1080
f 908/1022/1022 159/1025/1025 255/1036/1036
f 907/1021/1021 911/1027/1027 913/1029/1029 908/1022/1022
f 159/1025/1025 908/1022/1022 913/1029/1029
f 909/1023/1023 908/1022/1022 255/1036/1036
f 939/1081/1081 892/1006/1006 891/1005/1005 941/1083/1083
f 913/1029/1029 912/1028/1028 159/1025/1025
f 937/1079/1079 896/1010/1010 895/1009/1009 936/1078/1078
f 911/1027/1027 907/1021/1021 906/1020/1020
f 906/1020/1020 742/852/852 911/1027/1027
f 900/1014/1014 933/1075/1075 901/1015/1015
f 905/1019/1019 904/1018/1018 930/1072/1072
f 896/1010/1010 937/1079/1079 897/1011/1011
f 939/1081/1081 893/1007/1007 892/1006/1006
f 890/1004/1004 940/1082/1082 941/1083/1083 891/1005/1005
f 940/1082/1082 890/1004/1004 889/1003/1003 942/1084/1084
f 776/890/890 940/1082/1082 942/1084/1084
f 887/1001/1001 944/1086/1086 942/1084/1084 888/1002/1002
f 943/1085/1085 885/999/999 884/998/998 946/1088/1088
f 942/1084/1084 889/1003/1003 888/1002/1002
f 944/1086/1086 887/1001/1001 886/1000/1000 943/1085/1085
f 946/1088/1088 780/894/894 943/1085/1085
f 946/1088/1088 884/998/998 883/997/997 945/1087/1087
f 947/1089/1089 881/995/995 880/994/994 948/1090/1090
f 948/1090/1090 784/898/898 947/1089/1089
f 945/1087/1087 883/997/997 882/996/996 947/1089/1089
f 949/1091/1091 879/993/993 878/992/992 950/1092/1092
f 788/902/902 950/1092/1092 952/1094/1094
f 952/1094/1094 876/990/990 875/989/989 951/1093/1093
f 792/906/906 953/1095/1095 954/1096/1096
f 951/1093/1093 875/989/989 874/988/988 953/1095/1095
f 950/1092/1092 877/991/991 876/990/990 952/1094/1094
f 948/1090/1090 880/994/994 879/993/993 949/1091/1091
f 953/1095/1095 873/987/987 872/986/986 954/1096/1096
f 885/999/999 943/1085/1085 886/1000/1000
f 881/995/995 947/1089/1089 882/996/996
f 877/991/991 950/1092/1092 878/992/992
f 871/985/985 955/1097/1097 954/1096/1096 872/986/986
f 873/987/987 953/1095/1095 874/988/988
f 956/1098/1098 796/910/910 795/909/909
f 797/911/911 958/1100/1100 957/1099/1099 798/912/912
f 958/1100/1100 797/911/911 796/910/910
f 959/1101/1101 800/914/914 799/913/913
f 801/915/915 961/1103/1103 960/1102/1102 802/916/916
f 961/1103/1103 801/915/915 800/914/914
f 798/912/912 957/1099/1099 959/1101/1101 799/913/913
f 962/1104/1104 804/918/918 803/917/917
f 805/919/919 964/1106/1106 963/1105/1105 806/920/920
f 964/1106/1106 805/919/919 804/918/918
f 965/1107/1107 807/921/921 806/920/920 963/1105/1105
f 808/922/922 965/1107/1107 966/1108/1108 809/923/923
f 809/923/923 966/1108/1108 967/1109/1109 810/924/924
f 808/922/922 807/921/921 965/1107/1107
f 802/916/916 960/1102/1102 962/1104/1104 803/917/917
f 955/1097/1097 871/985/985 870/984/984 956/1098/1098
f 956/1098/1098 795/909/909 794/908/908 955/1097/1097
f 958/1100/1100 868/982/982 867/981/981 957/1099/1099
f 956/1098/1098 958/1100/1100 796/910/910
f 956/1098/1098 869/983/983 868/982/982 958/1100/1100
f 959/1101/1101 865/979/979 864/978/978 961/1103/1103
f 961/1103/1103 800/914/914 959/1101/1101
f 960/1102/1102 863/977/977 862/976/976 962/1104/1104
f 961/1103/1103 864/978/978 863/977/977 960/1102/1102
f 957/1099/1099 867/981/981 866/980/980 959/1101/1101
f 812/926/926 811/925/925 968/1110/1110
f 813/927/927 970/1112/1112 969/1111/1111 814/928/928
f 812/926/926 968/1110/1110 970/1112/1112 813/927/927
f 964/1106/1106 860/974/974 859/973/973 963/1105/1105
f 816/930/930 815/929/929 971/1113/1113
f 816/930/930 971/1113/1113 972/1114/1114 817/931/931
f 815/929/929 814/928/928 969/1111/1111
f 817/931/931 972/1114/1114 973/1115/1115 818/932/932
f 804/918/918 962/1104/1104 964/1106/1106
f 810/924/924 967/1109/1109 811/925/925
f 962/1104/1104 861/975/975 860/974/974 964/1106/1106
f 819/933/933 974/1116/1116 820/934/934
f 821/935/935 976/1118/1118 975/1117/1117 822/936/936
f 820/934/934 974/1116/1116 976/1118/1118 821/935/935
f 823/937/937 977/1119/1119 824/938/938
f 825/939/939 979/1121/1121 978/1120/1120 826/940/940
f 824/938/938 977/1119/1119 979/1121/1121 825/939/939
f 822/936/936 975/1117/1117 823/937/937
f 827/941/941 980/1122/1122 828/942/942
f 928/1070/1070 830/944/944 829/943/943
f 829/943/943 828/942/942 920/1050/1050
f 929/1071/1071 830/944/944 928/1070/1070
f 831/945/945 830/944/944 139/1064/1064
f 831/945/945 926/1068/1068 924/1066/1066 832/946/946
f 20/1047/1047 830/944/944 929/1071/1071
f 613/855/855 832/946/946 752/866/866
f 827/941/941 826/940/940 978/1120/1120
f 928/1070/1070 829/943/943 920/1050/1050
f 831/945/945 139/1064/1064 138/1063/1063
f 138/1063/1063 137/1062/1062 831/945/945
f 140/1065/1065 139/1064/1064 830/944/944
f 980/1122/1122 920/1050/1050 828/942/942
f 921/1051/1051 928/1070/1070 920/1050/1050
f 929/1071/1071 927/1069/1069 20/1047/1047
f 140/1065/1065 830/944/944 20/1047/1047
f 45/1054/1054 925/1067/1067 46/1055/1055
f 46/1055/1055 831/945/945 134/1059/1059
f 925/1067/1067 926/1068/1068 46/1055/1055
f 134/1059/1059 831/945/945 135/1060/1060
f 135/1060/1060 831/945/945 136/1061/1061
f 751/865/865 925/1067/1067 744/854/854
f 751/865/865 752/866/866 924/1066/1066
f 752/866/866 832/946/946 924/1066/1066
f 831/945/945 137/1062/1062 136/1061/1061
f 831/945/945 46/1055/1055 926/1068/1068
f 927/1069/1069 921/1051/1051 919/1049/1049
f 752/866/866 750/864/864 613/855/855
f 973/1115/1115 819/933/933 818/932/932
f 869/983/983 956/1098/1098 870/984/984
f 865/979/979 959/1101/1101 866/980/980
f 966/1108/1108 856/970/970 855/969/969 967/1109/1109
f 811/925/925 967/1109/1109 968/1110/1110
f 965/1107/1107 857/971/971 856/970/970 966/1108/1108
f 968/1110/1110 853/967/967 852/966/966 970/1112/1112
f 969/1111/1111 851/965/965 850/964/964 971/1113/1113
f 971/1113/1113 849/963/963 848/962/962 972/1114/1114
f 971/1113/1113 815/929/929 969/1111/1111
f 970/1112/1112 852/966/966 851/965/965 969/1111/1111
f 967/1109/1109 855/969/969 854/968/968 968/1110/1110
f 963/1105/1105 859/973/973 858/972/972 965/1107/1107
f 972/1114/1114 848/962/962 847/961/961 973/1115/1115
f 861/975/975 962/1104/1104 862/976/976
f 965/1107/1107 858/972/972 857/971/971
f 968/1110/1110 854/968/968 853/967/967
f 971/1113/1113 850/964/964 849/963/963
f 973/1115/1115 847/961/961 846/960/960
f 846/960/960 974/1116/1116 973/1115/1115
f 974/1116/1116 845/959/959 844/958/958 976/1118/1118
f 975/1117/1117 843/957/957 842/956/956 977/1119/1119
f 823/937/937 975/1117/1117 977/1119/1119
f 976/1118/1118 844/958/958 843/957/957 975/1117/1117
f 979/1121/1121 840/954/954 839/953/953 978/1120/1120
f 922/1052/1052 743/853/853 980/1122/1122
f 920/1050/1050 980/1122/1122 743/853/853
f 980/1122/1122 827/941/941 978/1120/1120
f 978/1120/1120 839/953/953 838/952/952 980/1122/1122
f 977/1119/1119 841/955/955 840/954/954 979/1121/1121
f 925/1067/1067 45/1054/1054 744/854/854
f 836/950/950 923/1053/1053 922/1052/1052
f 919/1049/1049 923/1053/1053 19/1048/1048
f 753/867/867 45/1054/1054 833/947/947
f 754/868/868 753/867/867 833/947/947
f 744/854/854 45/1054/1054 753/867/867
f 834/948/948 45/1054/1054 127/1058/1058
f 754/868/868 614/856/856 750/864/864
f 837/951/951 922/1052/1052 980/1122/1122
f 842/956/956 841/955/955 977/1119/1119
f 836/950/950 922/1052/1052 837/951/951
f 980/1122/1122 838/952/952 837/951/951
f 125/1056/1056 19/1048/1048 835/949/949
f 19/1048/1048 20/1047/1047 927/1069/1069
f 919/1049/1049 19/1048/1048 927/1069/1069
f 126/1057/1057 125/1056/1056 834/948/948
f 835/949/949 923/1053/1053 836/950/950
f 127/1058/1058 126/1057/1057 834/948/948
f 833/947/947 45/1054/1054 834/948/948
f 834/948/948 125/1056/1056 835/949/949
f 833/947/947 614/856/856 754/868/868
f 835/949/949 19/1048/1048 923/1053/1053
f 614/856/856 613/855/855 750/864/864
f 846/960/960 845/959/959 974/1116/1116
f 974/1116/1116 819/933/933 973/1115/1115
f 615/1123/1123 616/1124/1124 1136/1282/1282 981/1127/1127
f 982/1128/1128 1135/1281/1281 1134/1280/1280 983/1129/1129
f 983/1129/1129 1134/1280/1280 1133/1279/1279 984/1130/1130
f 981/1127/1127 1136/1282/1282 1135/1281/1281 982/1128/1128
f 985/1131/1131 1132/1278/1278 1131/1277/1277 986/1132/1132
f 987/1133/1133 1130/1276/1276 1129/1275/1275 988/1134/1134
f 988/1134/1134 1129/1275/1275 1128/1274/1274 989/1135/1135
f 986/1132/1132 1131/1277/1277 1130/1276/1276 987/1133/1133
f 984/1130/1130 1133/1279/1279 1132/1278/1278 985/1131/1131
f 990/1136/1136 1127/1273/1273 1126/1272/1272 991/1137/1137
f 992/1138/1138 1125/1271/1271 1124/1270/1270 993/1139/1139
f 993/1139/1139 1124/1270/1270 1123/1269/1269 994/1140/1140
f 991/1137/1137 1126/1272/1272 1125/1271/1271 992/1138/1138
f 995/1141/1141 1122/1268/1268 1121/1267/1267 996/1142/1142
f 997/1143/1143 1120/1266/1266 1119/1265/1265 998/1144/1144
f 998/1144/1144 1119/1265/1265 1118/1264/1264 999/1145/1145
f 996/1142/1142 1121/1267/1267 1120/1266/1266 997/1143/1143
f 994/1140/1140 1123/1269/1269 1122/1268/1268 995/1141/1141
f 989/1135/1135 1128/1274/1274 1127/1273/1273 990/1136/1136
f 1000/1146/1146 1117/1263/1263 1116/1262/1262 1001/1147/1147
f 1002/1148/1148 1115/1261/1261 1114/1260/1260 1003/1149/1149
f 1003/1149/1149 1114/1260/1260 1113/1259/1259 1004/1150/1150
f 1001/1147/1147 1116/1262/1262 1115/1261/1261 1002/1148/1148
f 1005/1151/1151 1112/1258/1258 1111/1257/1257 1006/1152/1152
f 1007/1153/1153 1110/1256/1256 1109/1255/1255 1008/1154/1154
f 1008/1154/1154 1109/1255/1255 1108/1254/1254 1009/1155/1155
f 1006/1152/1152 1111/1257/1257 1110/1256/1256 1007/1153/1153
f 1004/1150/1150 1113/1259/1259 1112/1258/1258 1005/1151/1151
f 1010/1156/1156 1107/1253/1253 1106/1252/1252 1011/1157/1157
f 1012/1158/1158 1105/1251/1251 1104/1250/1250 1013/1159/1159
f 1013/1159/1159 1104/1250/1250 1103/1249/1249 1014/1160/1160
f 1011/1157/1157 1106/1252/1252 1105/1251/1251 1012/1158/1158
f 1015/1161/1161 1102/1248/1248 1101/1247/1247 1016/1162/1162
f 1017/1163/1163 1100/1246/1246 1099/1245/1245 1018/1164/1164
f 1018/1164/1164 1099/1245/1245 1098/1244/1244 1019/1165/1165
f 1016/1162/1162 1101/1247/1247 1100/1246/1246 1017/1163/1163
f 1014/1160/1160 1103/1249/1249 1102/1248/1248 1015/1161/1161
f 1009/1155/1155 1108/1254/1254 1107/1253/1253 1010/1156/1156
f 999/1145/1145 1118/1264/1264 1117/1263/1263 1000/1146/1146
f 1097/1243/1243 1020/1166/1166 1019/1165/1165 1098/1244/1244
f 1020/1166/1166 1097/1243/1243 1096/1242/1242 1021/1167/1167
f 1022/1168/1168 1095/1241/1241 1094/1240/1240 1023/1169/1169
f 1023/1169/1169 1094/1240/1240 1093/1239/1239 1024/1170/1170
f 1021/1167/1167 1096/1242/1242 1095/1241/1241 1022/1168/1168
f 1025/1171/1171 1092/1238/1238 1091/1237/1237 1026/1172/1172
f 1027/1173/1173 1090/1236/1236 1089/1235/1235 1028/1174/1174
f 1028/1174/1174 1089/1235/1235 1088/1234/1234 1029/1175/1175
f 1026/1172/1172 1091/1237/1237 1090/1236/1236 1027/1173/1173
f 1024/1170/1170 1093/1239/1239 1092/1238/1238 1025/1171/1171
f 1030/1176/1176 1087/1233/1233 1086/1232/1232 1031/1177/1177
f 1032/1178/1178 1085/1231/1231 1084/1230/1230 1033/1179/1179
f 1033/1179/1179 1084/1230/1230 1083/1229/1229 1034/1180/1180
f 1031/1177/1177 1086/1232/1232 1085/1231/1231 1032/1178/1178
f 1035/1181/1181 1082/1228/1228 1081/1227/1227 1036/1182/1182
f 1037/1183/1183 1080/1226/1226 1079/1225/1225 1038/1184/1184
f 1038/1184/1184 1079/1225/1225 1078/1224/1224 1039/1185/1185
f 1036/1182/1182 1081/1227/1227 1080/1226/1226 1037/1183/1183
f 1034/1180/1180 1083/1229/1229 1082/1228/1228 1035/1181/1181
f 1029/1175/1175 1088/1234/1234 1087/1233/1233 1030/1176/1176
f 1040/1186/1186 1077/1223/1223 1076/1222/1222 1041/1187/1187
f 1042/1188/1188 1075/1221/1221 1074/1220/1220 1043/1189/1189
f 1043/1189/1189 1074/1220/1220 1073/1219/1219 1044/1190/1190
f 1041/1187/1187 1076/1222/1222 1075/1221/1221 1042/1188/1188
f 1045/1191/1191 1072/1218/1218 1071/1217/1217 1046/1192/1192
f 1047/1193/1193 1070/1216/1216 1069/1215/1215 1048/1194/1194
f 1048/1194/1194 1069/1215/1215 1068/1214/1214 1049/1195/1195
f 1046/1192/1192 1071/1217/1217 1070/1216/1216 1047/1193/1193
f 1044/1190/1190 1073/1219/1219 1072/1218/1218 1045/1191/1191
f 1050/1196/1196 1067/1213/1213 1066/1212/1212 1051/1197/1197
f 1052/1198/1198 1065/1211/1211 1064/1210/1210 1053/1199/1199
f 1053/1199/1199 1064/1210/1210 1063/1209/1209 1054/1200/1200
f 1051/1197/1197 1066/1212/1212 1065/1211/1211 1052/1198/1198
f 1055/1201/1201 1062/1208/1208 1061/1207/1207 1056/1202/1202
f 1057/1203/1203 1060/1206/1206 1059/1205/1205 1058/1204/1204
f 1058/1204/1204 1059/1205/1205 274/1126/1126 273/1125/1125
f 1056/1202/1202 1061/1207/1207 1060/1206/1206 1057/1203/1203
f 1054/1200/1200 1063/1209/1209 1062/1208/1208 1055/1201/1201
f 1049/1195/1195 1068/1214/1214 1067/1213/1213 1050/1196/1196
f 1039/1185/1185 1078/1224/1224 1077/1223/1223 1040/1186/1186
f 1152/1424/1424 1150/1422/1422 1149/1421/1421 1151/1423/1423
f 1155/1427/1427 1153/1425/1425 1147/1419/1419 1154/1426/1426
f 1150/1422/1422 1155/1427/1427 1154/1426/1426 1149/1421/1421
f 1154/1426/1426 1147/1419/1419 1146/1418/1418
f 1148/1420/1420 1149/1421/1421 1154/1426/1426
f 1146/1418/1418 1148/1420/1420 1154/1426/1426
f 1169/1441/1441 1167/1439/1439 1158/1430/1430 1168/1440/1440
f 1153/1425/1425 1169/1441/1441 1168/1440/1440 1147/1419/1419
f 1172/1444/1444 1170/1442/1442 1156/1428/1428 1171/1443/1443
f 1167/1439/1439 1172/1444/1444 1171/1443/1443 1158/1430/1430
f 1171/1443/1443 1156/1428/1428 1144/1416/1416
f 1157/1429/1429 1158/1430/1430 1171/1443/1443
f 1144/1416/1416 1157/1429/1429 1171/1443/1443
f 1168/1440/1440 1158/1430/1430 1157/1429/1429
f 1146/1418/1418 1147/1419/1419 1168/1440/1440
f 1157/1429/1429 1146/1418/1418 1168/1440/1440
f 1464/1877/1877 1146/1418/1418 1157/1429/1429
f 1157/1429/1429 1144/1416/1416 1143/1415/1415
f 1143/1415/1415 1145/1417/1417 1464/1877/1877
f 1464/1877/1877 1157/1429/1429 1143/1415/1415
f 1148/1420/1420 1146/1418/1418 1464/1877/1877 1465/1878/1878
f 1465/1878/1878 1464/1877/1877 1145/1417/1417 1461/1874/1874
f 1178/1450/1450 1176/1448/1448 1175/1447/1447 1177/1449/1449
f 1170/1442/1442 1178/1450/1450 1177/1449/1449 1156/1428/1428
f 1181/1453/1453 1179/1451/1451 1173/1445/1445 1180/1452/1452
f 1176/1448/1448 1181/1453/1453 1180/1452/1452 1175/1447/1447
f 1180/1452/1452 1173/1445/1445 1161/1433/1433
f 1174/1446/1446 1175/1447/1447 1180/1452/1452
f 1161/1433/1433 1174/1446/1446 1180/1452/1452
f 1177/1449/1449 1175/1447/1447 1174/1446/1446
f 1144/1416/1416 1156/1428/1428 1177/1449/1449
f 1174/1446/1446 1144/1416/1416 1177/1449/1449
f 1190/1462/1462 1188/1460/1460 1184/1456/1456 1189/1461/1461
f 1179/1451/1451 1190/1462/1462 1189/1461/1461 1173/1445/1445
f 1193/1465/1465 1191/1463/1463 1182/1454/1454 1192/1464/1464
f 1188/1460/1460 1193/1465/1465 1192/1464/1464 1184/1456/1456
f 1192/1464/1464 1182/1454/1454 1159/1431/1431
f 1183/1455/1455 1184/1456/1456 1192/1464/1464
f 1159/1431/1431 1183/1455/1455 1192/1464/1464
f 1189/1461/1461 1184/1456/1456 1183/1455/1455
f 1161/1433/1433 1173/1445/1445 1189/1461/1461
f 1183/1455/1455 1161/1433/1433 1189/1461/1461
f 1183/1455/1455 1159/1431/1431 1141/1413/1413
f 1160/1432/1432 1161/1433/1433 1183/1455/1455
f 1141/1413/1413 1160/1432/1432 1183/1455/1455
f 1174/1446/1446 1161/1433/1433 1160/1432/1432
f 1143/1415/1415 1144/1416/1416 1174/1446/1446
f 1160/1432/1432 1143/1415/1415 1174/1446/1446
f 1456/1869/1869 1143/1415/1415 1160/1432/1432
f 1160/1432/1432 1141/1413/1413 1140/1412/1412
f 1140/1412/1412 1142/1414/1414 1456/1869/1869
f 1456/1869/1869 1160/1432/1432 1140/1412/1412
f 1461/1874/1874 1145/1417/1417 1462/1875/1875 1463/1876/1876
f 1463/1876/1876 1462/1875/1875 1457/1870/1870 1458/1871/1871
f 1462/1875/1875 1145/1417/1417 1143/1415/1415
f 1456/1869/1869 1457/1870/1870 1462/1875/1875
f 1143/1415/1415 1456/1869/1869 1462/1875/1875
f 1459/1872/1872 1457/1870/1870 1456/1869/1869
f 1142/1414/1414 1447/1860/1860 1459/1872/1872
f 1456/1869/1869 1142/1414/1414 1459/1872/1872
f 1458/1871/1871 1457/1870/1870 1459/1872/1872 1460/1873/1873
f 1460/1873/1873 1459/1872/1872 1447/1860/1860 1453/1866/1866
f 1199/1471/1471 1197/1469/1469 1196/1468/1468 1198/1470/1470
f 1191/1463/1463 1199/1471/1471 1198/1470/1470 1182/1454/1454
f 1202/1474/1474 1200/1472/1472 1194/1466/1466 1201/1473/1473
f 1197/1469/1469 1202/1474/1474 1201/1473/1473 1196/1468/1468
f 1201/1473/1473 1194/1466/1466 1187/1459/1459
f 1195/1467/1467 1196/1468/1468 1201/1473/1473
f 1187/1459/1459 1195/1467/1467 1201/1473/1473
f 1198/1470/1470 1196/1468/1468 1195/1467/1467
f 1159/1431/1431 1182/1454/1454 1198/1470/1470
f 1195/1467/1467 1159/1431/1431 1198/1470/1470
f 1214/1486/1486 1212/1484/1484 1205/1477/1477 1213/1485/1485
f 1200/1472/1472 1214/1486/1486 1213/1485/1485 1194/1466/1466
f 1217/1489/1489 1215/1487/1487 1203/1475/1475 1216/1488/1488
f 1212/1484/1484 1217/1489/1489 1216/1488/1488 1205/1477/1477
f 1216/1488/1488 1203/1475/1475 1185/1457/1457
f 1204/1476/1476 1205/1477/1477 1216/1488/1488
f 1185/1457/1457 1204/1476/1476 1216/1488/1488
f 1213/1485/1485 1205/1477/1477 1204/1476/1476
f 1187/1459/1459 1194/1466/1466 1213/1485/1485
f 1204/1476/1476 1187/1459/1459 1213/1485/1485
f 1204/1476/1476 1185/1457/1457 1164/1436/1436
f 1186/1458/1458 1187/1459/1459 1204/1476/1476
f 1164/1436/1436 1186/1458/1458 1204/1476/1476
f 1195/1467/1467 1187/1459/1459 1186/1458/1458
f 1141/1413/1413 1159/1431/1431 1195/1467/1467
f 1186/1458/1458 1141/1413/1413 1195/1467/1467
f 1223/1495/1495 1221/1493/1493 1220/1492/1492 1222/1494/1494
f 1215/1487/1487 1223/1495/1495 1222/1494/1494 1203/1475/1475
f 1226/1498/1498 1224/1496/1496 1218/1490/1490 1225/1497/1497
f 1221/1493/1493 1226/1498/1498 1225/1497/1497 1220/1492/1492
f 1225/1497/1497 1218/1490/1490 1208/1480/1480
f 1219/1491/1491 1220/1492/1492 1225/1497/1497
f 1208/1480/1480 1219/1491/1491 1225/1497/1497
f 1222/1494/1494 1220/1492/1492 1219/1491/1491
f 1185/1457/1457 1203/1475/1475 1222/1494/1494
f 1219/1491/1491 1185/1457/1457 1222/1494/1494
f 1235/1507/1507 1233/1505/1505 1229/1501/1501 1234/1506/1506
f 1224/1496/1496 1235/1507/1507 1234/1506/1506 1218/1490/1490
f 1238/1510/1510 1236/1508/1508 1227/1499/1499 1237/1509/1509
f 1233/1505/1505 1238/1510/1510 1237/1509/1509 1229/1501/1501
f 1237/1509/1509 1227/1499/1499 1206/1478/1478
f 1228/1500/1500 1229/1501/1501 1237/1509/1509
f 1206/1478/1478 1228/1500/1500 1237/1509/1509
f 1234/1506/1506 1229/1501/1501 1228/1500/1500
f 1208/1480/1480 1218/1490/1490 1234/1506/1506
f 1228/1500/1500 1208/1480/1480 1234/1506/1506
f 1228/1500/1500 1206/1478/1478 1162/1434/1434
f 1207/1479/1479 1208/1480/1480 1228/1500/1500
f 1162/1434/1434 1207/1479/1479 1228/1500/1500
f 1219/1491/1491 1208/1480/1480 1207/1479/1479
f 1164/1436/1436 1185/1457/1457 1219/1491/1491
f 1207/1479/1479 1164/1436/1436 1219/1491/1491
f 1207/1479/1479 1162/1434/1434 1138/1410/1410
f 1163/1435/1435 1164/1436/1436 1207/1479/1479
f 1138/1410/1410 1163/1435/1435 1207/1479/1479
f 1186/1458/1458 1164/1436/1436 1163/1435/1435
f 1140/1412/1412 1141/1413/1413 1186/1458/1458
f 1163/1435/1435 1140/1412/1412 1186/1458/1458
f 1430/1843/1843 1140/1412/1412 1163/1435/1435
f 1163/1435/1435 1138/1410/1410 1137/1409/1409
f 1137/1409/1409 1139/1411/1411 1430/1843/1843
f 1430/1843/1843 1163/1435/1435 1137/1409/1409
f 1453/1866/1866 1447/1860/1860 1454/1867/1867 1455/1868/1868
f 1455/1868/1868 1454/1867/1867 1449/1862/1862 1450/1863/1863
f 1454/1867/1867 1447/1860/1860 1142/1414/1414
f 1448/1861/1861 1449/1862/1862 1454/1867/1867
f 1142/1414/1414 1448/1861/1861 1454/1867/1867
f 1451/1864/1864 1449/1862/1862 1448/1861/1861
f 1431/1844/1844 1438/1851/1851 1451/1864/1864
f 1448/1861/1861 1431/1844/1844 1451/1864/1864
f 1450/1863/1863 1449/1862/1862 1451/1864/1864 1452/1865/1865
f 1452/1865/1865 1451/1864/1864 1438/1851/1851 1444/1857/1857
f 1448/1861/1861 1142/1414/1414 1140/1412/1412
f 1430/1843/1843 1431/1844/1844 1448/1861/1861
f 1140/1412/1412 1430/1843/1843 1448/1861/1861
f 1439/1852/1852 1431/1844/1844 1430/1843/1843
f 1139/1411/1411 1409/1822/1822 1439/1852/1852
f 1430/1843/1843 1139/1411/1411 1439/1852/1852
f 1444/1857/1857 1438/1851/1851 1445/1858/1858 1446/1859/1859
f 1446/1859/1859 1445/1858/1858 1440/1853/1853 1441/1854/1854
f 1445/1858/1858 1438/1851/1851 1431/1844/1844
f 1439/1852/1852 1440/1853/1853 1445/1858/1858
f 1431/1844/1844 1439/1852/1852 1445/1858/1858
f 1442/1855/1855 1440/1853/1853 1439/1852/1852
f 1409/1822/1822 1427/1840/1840 1442/1855/1855
f 1439/1852/1852 1409/1822/1822 1442/1855/1855
f 1441/1854/1854 1440/1853/1853 1442/1855/1855 1443/1856/1856
f 1443/1856/1856 1442/1855/1855 1427/1840/1840 1435/1848/1848
f 1244/1516/1516 1242/1514/1514 1241/1513/1513 1243/1515/1515
f 1236/1508/1508 1244/1516/1516 1243/1515/1515 1227/1499/1499
f 1247/1519/1519 1245/1517/1517 1239/1511/1511 1246/1518/1518
f 1242/1514/1514 1247/1519/1519 1246/1518/1518 1241/1513/1513
f 1246/1518/1518 1239/1511/1511 1232/1504/1504
f 1240/1512/1512 1241/1513/1513 1246/1518/1518
f 1232/1504/1504 1240/1512/1512 1246/1518/1518
f 1243/1515/1515 1241/1513/1513 1240/1512/1512
f 1206/1478/1478 1227/1499/1499 1243/1515/1515
f 1240/1512/1512 1206/1478/1478 1243/1515/1515
f 1258/1530/1530 1256/1528/1528 1250/1522/1522 1257/1529/1529
f 1245/1517/1517 1258/1530/1530 1257/1529/1529 1239/1511/1511
f 1261/1533/1533 1259/1531/1531 1248/1520/1520 1260/1532/1532
f 1256/1528/1528 1261/1533/1533 1260/1532/1532 1250/1522/1522
f 1260/1532/1532 1248/1520/1520 1230/1502/1502
f 1249/1521/1521 1250/1522/1522 1260/1532/1532
f 1230/1502/1502 1249/1521/1521 1260/1532/1532
f 1257/1529/1529 1250/1522/1522 1249/1521/1521
f 1232/1504/1504 1239/1511/1511 1257/1529/1529
f 1249/1521/1521 1232/1504/1504 1257/1529/1529
f 1249/1521/1521 1230/1502/1502 1211/1483/1483
f 1231/1503/1503 1232/1504/1504 1249/1521/1521
f 1211/1483/1483 1231/1503/1503 1249/1521/1521
f 1240/1512/1512 1232/1504/1504 1231/1503/1503
f 1162/1434/1434 1206/1478/1478 1240/1512/1512
f 1231/1503/1503 1162/1434/1434 1240/1512/1512
f 1267/1539/1539 1265/1537/1537 1264/1536/1536 1266/1538/1538
f 1259/1531/1531 1267/1539/1539 1266/1538/1538 1248/1520/1520
f 1270/1542/1542 1268/1540/1540 1262/1534/1534 1269/1541/1541
f 1265/1537/1537 1270/1542/1542 1269/1541/1541 1264/1536/1536
f 1269/1541/1541 1262/1534/1534 1253/1525/1525
f 1263/1535/1535 1264/1536/1536 1269/1541/1541
f 1253/1525/1525 1263/1535/1535 1269/1541/1541
f 1266/1538/1538 1264/1536/1536 1263/1535/1535
f 1230/1502/1502 1248/1520/1520 1266/1538/1538
f 1263/1535/1535 1230/1502/1502 1266/1538/1538
f 1279/1551/1551 1277/1549/1549 1273/1545/1545 1278/1550/1550
f 1268/1540/1540 1279/1551/1551 1278/1550/1550 1262/1534/1534
f 1282/1554/1554 1280/1552/1552 1271/1543/1543 1281/1553/1553
f 1277/1549/1549 1282/1554/1554 1281/1553/1553 1273/1545/1545
f 1281/1553/1553 1271/1543/1543 1251/1523/1523
f 1272/1544/1544 1273/1545/1545 1281/1553/1553
f 1251/1523/1523 1272/1544/1544 1281/1553/1553
f 1278/1550/1550 1273/1545/1545 1272/1544/1544
f 1253/1525/1525 1262/1534/1534 1278/1550/1550
f 1272/1544/1544 1253/1525/1525 1278/1550/1550
f 1272/1544/1544 1251/1523/1523 1209/1481/1481
f 1252/1524/1524 1253/1525/1525 1272/1544/1544
f 1209/1481/1481 1252/1524/1524 1272/1544/1544
f 1263/1535/1535 1253/1525/1525 1252/1524/1524
f 1211/1483/1483 1230/1502/1502 1263/1535/1535
f 1252/1524/1524 1211/1483/1483 1263/1535/1535
f 1252/1524/1524 1209/1481/1481 1166/1438/1438
f 1210/1482/1482 1211/1483/1483 1252/1524/1524
f 1166/1438/1438 1210/1482/1482 1252/1524/1524
f 1231/1503/1503 1211/1483/1483 1210/1482/1482
f 1138/1410/1410 1162/1434/1434 1231/1503/1503
f 1210/1482/1482 1138/1410/1410 1231/1503/1503
f 1288/1560/1560 1286/1558/1558 1285/1557/1557 1287/1559/1559
f 1280/1552/1552 1288/1560/1560 1287/1559/1559 1271/1543/1543
f 1291/1563/1563 1289/1561/1561 1283/1555/1555 1290/1562/1562
f 1286/1558/1558 1291/1563/1563 1290/1562/1562 1285/1557/1557
f 1290/1562/1562 1283/1555/1555 1276/1548/1548
f 1284/1556/1556 1285/1557/1557 1290/1562/1562
f 1276/1548/1548 1284/1556/1556 1290/1562/1562
f 1287/1559/1559 1285/1557/1557 1284/1556/1556
f 1251/1523/1523 1271/1543/1543 1287/1559/1559
f 1284/1556/1556 1251/1523/1523 1287/1559/1559
f 1299/1571/1571 1297/1569/1569 1294/1566/1566 1298/1570/1570
f 1289/1561/1561 1299/1571/1571 1298/1570/1570 1283/1555/1555
f 1302/1574/1574 1300/1572/1572 1292/1564/1564 1301/1573/1573
f 1297/1569/1569 1302/1574/1574 1301/1573/1573 1294/1566/1566
f 1301/1573/1573 1292/1564/1564 1274/1546/1546
f 1293/1565/1565 1294/1566/1566 1301/1573/1573
f 1274/1546/1546 1293/1565/1565 1301/1573/1573
f 1298/1570/1570 1294/1566/1566 1293/1565/1565
f 1276/1548/1548 1283/1555/1555 1298/1570/1570
f 1293/1565/1565 1276/1548/1548 1298/1570/1570
f 1293/1565/1565 1274/1546/1546 1255/1527/1527
f 1275/1547/1547 1276/1548/1548 1293/1565/1565
f 1255/1527/1527 1275/1547/1547 1293/1565/1565
f 1284/1556/1556 1276/1548/1548 1275/1547/1547
f 1209/1481/1481 1251/1523/1523 1284/1556/1556
f 1275/1547/1547 1209/1481/1481 1284/1556/1556
f 1308/1580/1580 1306/1578/1578 1305/1577/1577 1307/1579/1579
f 1300/1572/1572 1308/1580/1580 1307/1579/1579 1292/1564/1564
f 1311/1583/1583 1309/1581/1581 1303/1575/1575 1310/1582/1582
f 1306/1578/1578 1311/1583/1583 1310/1582/1582 1305/1577/1577
f 1310/1582/1582 1303/1575/1575 1296/1568/1568
f 1304/1576/1576 1305/1577/1577 1310/1582/1582
f 1296/1568/1568 1304/1576/1576 1310/1582/1582
f 1307/1579/1579 1305/1577/1577 1304/1576/1576
f 1274/1546/1546 1292/1564/1564 1307/1579/1579
f 1304/1576/1576 1274/1546/1546 1307/1579/1579
f 1316/1588/1588 1314/1586/1586 1313/1585/1585 1315/1587/1587
f 1309/1581/1581 1316/1588/1588 1315/1587/1587 1303/1575/1575
f 1314/1586/1586 1318/1590/1590 1317/1589/1589 1313/1585/1585
f 1315/1587/1587 1313/1585/1585 1312/1584/1584
f 1296/1568/1568 1303/1575/1575 1315/1587/1587
f 1312/1584/1584 1296/1568/1568 1315/1587/1587
f 1296/1568/1568 1312/1584/1584 1468/1959/1959 1466/1957/1957
f 1466/1957/1957 1468/1959/1959 1467/1958/1958 1295/1567/1567
f 1304/1576/1576 1296/1568/1568 1466/1957/1957
f 1466/1957/1957 1295/1567/1567 1255/1527/1527
f 1255/1527/1527 1274/1546/1546 1304/1576/1576
f 1304/1576/1576 1466/1957/1957 1255/1527/1527
f 1475/1966/1966 1471/1962/1962 1469/1960/1960
f 1255/1527/1527 1295/1567/1567 1475/1966/1966
f 1469/1960/1960 1255/1527/1527 1475/1966/1966
f 1295/1567/1567 1467/1958/1958 1477/1968/1968 1475/1966/1966
f 1475/1966/1966 1477/1968/1968 1476/1967/1967 1471/1962/1962
f 1471/1962/1962 1476/1967/1967 1480/1971/1971 1478/1969/1969
f 1478/1969/1969 1480/1971/1971 1479/1970/1970 1470/1961/1961
f 1478/1969/1969 1470/1961/1961 1254/1526/1526
f 1469/1960/1960 1471/1962/1962 1478/1969/1969
f 1254/1526/1526 1469/1960/1960 1478/1969/1969
f 1275/1547/1547 1255/1527/1527 1469/1960/1960
f 1469/1960/1960 1254/1526/1526 1166/1438/1438
f 1166/1438/1438 1209/1481/1481 1275/1547/1547
f 1275/1547/1547 1469/1960/1960 1166/1438/1438
f 1481/1972/1972 1474/1965/1965 1472/1963/1963
f 1166/1438/1438 1254/1526/1526 1481/1972/1972
f 1472/1963/1963 1166/1438/1438 1481/1972/1972
f 1484/1975/1975 1483/1974/1974 1481/1972/1972
f 1254/1526/1526 1470/1961/1961 1484/1975/1975
f 1481/1972/1972 1254/1526/1526 1484/1975/1975
f 1470/1961/1961 1479/1970/1970 1486/1977/1977 1484/1975/1975
f 1484/1975/1975 1486/1977/1977 1485/1976/1976 1483/1974/1974
f 1483/1974/1974 1485/1976/1976 1489/1980/1980 1487/1978/1978
f 1487/1978/1978 1489/1980/1980 1488/1979/1979 1482/1973/1973
f 1487/1978/1978 1482/1973/1973 1474/1965/1965
f 1481/1972/1972 1483/1974/1974 1487/1978/1978
f 1474/1965/1965 1481/1972/1972 1487/1978/1978
f 1495/1986/1986 1492/1983/1983 1490/1981/1981
f 1474/1965/1965 1482/1973/1973 1495/1986/1986
f 1490/1981/1981 1474/1965/1965 1495/1986/1986
f 1482/1973/1973 1488/1979/1979 1497/1988/1988 1495/1986/1986
f 1495/1986/1986 1497/1988/1988 1496/1987/1987 1492/1983/1983
f 1492/1983/1983 1496/1987/1987 1500/1991/1991 1498/1989/1989
f 1498/1989/1989 1500/1991/1991 1499/1990/1990 1491/1982/1982
f 1498/1989/1989 1491/1982/1982 1473/1964/1964
f 1490/1981/1981 1492/1983/1983 1498/1989/1989
f 1473/1964/1964 1490/1981/1981 1498/1989/1989
f 1490/1981/1981 1473/1964/1964 1165/1437/1437
f 1472/1963/1963 1474/1965/1965 1490/1981/1981
f 1165/1437/1437 1472/1963/1963 1490/1981/1981
f 1210/1482/1482 1166/1438/1438 1472/1963/1963
f 1472/1963/1963 1165/1437/1437 1137/1409/1409
f 1137/1409/1409 1138/1410/1410 1210/1482/1482
f 1210/1482/1482 1472/1963/1963 1137/1409/1409
f 1493/1984/1984 1320/1655/1655 1337/1672/1672
f 1337/1672/1672 1319/1654/1654 1137/1409/1409
f 1137/1409/1409 1165/1437/1437 1493/1984/1984
f 1493/1984/1984 1337/1672/1672 1137/1409/1409
f 1501/1992/1992 1494/1985/1985 1493/1984/1984
f 1165/1437/1437 1473/1964/1964 1501/1992/1992
f 1493/1984/1984 1165/1437/1437 1501/1992/1992
f 1504/1995/1995 1503/1994/1994 1501/1992/1992
f 1473/1964/1964 1491/1982/1982 1504/1995/1995
f 1501/1992/1992 1473/1964/1964 1504/1995/1995
f 1491/1982/1982 1499/1990/1990 1506/1997/1997 1504/1995/1995
f 1504/1995/1995 1506/1997/1997 1505/1996/1996 1503/1994/1994
f 1503/1994/1994 1505/1996/1996 1509/2000/2000 1507/1998/1998
f 1507/1998/1998 1509/2000/2000 1508/1999/1999 1502/1993/1993
f 1507/1998/1998 1502/1993/1993 1494/1985/1985
f 1501/1992/1992 1503/1994/1994 1507/1998/1998
f 1494/1985/1985 1501/1992/1992 1507/1998/1998
f 1513/2004/2004 1512/2003/2003 1510/2001/2001
f 1494/1985/1985 1502/1993/1993 1513/2004/2004
f 1510/2001/2001 1494/1985/1985 1513/2004/2004
f 1502/1993/1993 1508/1999/1999 1515/2006/2006 1513/2004/2004
f 1513/2004/2004 1515/2006/2006 1514/2005/2005 1512/2003/2003
f 1512/2003/2003 1514/2005/2005 1518/2009/2009 1516/2007/2007
f 1516/2007/2007 1518/2009/2009 1517/2008/2008 1511/2002/2002
f 1516/2007/2007 1511/2002/2002 1322/1657/1657
f 1510/2001/2001 1512/2003/2003 1516/2007/2007
f 1322/1657/1657 1510/2001/2001 1516/2007/2007
f 1510/2001/2001 1322/1657/1657 1320/1655/1655
f 1493/1984/1984 1494/1985/1985 1510/2001/2001
f 1320/1655/1655 1493/1984/1984 1510/2001/2001
f 1519/2010/2010 1323/1658/1658 1334/1669/1669
f 1334/1669/1669 1321/1656/1656 1320/1655/1655
f 1320/1655/1655 1322/1657/1657 1519/2010/2010
f 1519/2010/2010 1334/1669/1669 1320/1655/1655
f 1521/2012/2012 1520/2011/2011 1519/2010/2010
f 1322/1657/1657 1511/2002/2002 1521/2012/2012
f 1519/2010/2010 1322/1657/1657 1521/2012/2012
f 1511/2002/2002 1517/2008/2008 1523/2014/2014 1521/2012/2012
f 1521/2012/2012 1523/2014/2014 1522/2013/2013 1520/2011/2011
f 1520/2011/2011 1522/2013/2013 1526/2017/2017 1524/2015/2015
f 1524/2015/2015 1526/2017/2017 1525/2016/2016 1325/1660/1660
f 1524/2015/2015 1325/1660/1660 1323/1658/1658
f 1519/2010/2010 1520/2011/2011 1524/2015/2015
f 1323/1658/1658 1519/2010/2010 1524/2015/2015
f 1527/2018/2018 1326/1661/1661 1331/1666/1666
f 1331/1666/1666 1324/1659/1659 1323/1658/1658
f 1323/1658/1658 1325/1660/1660 1527/2018/2018
f 1527/2018/2018 1331/1666/1666 1323/1658/1658
f 1325/1660/1660 1525/2016/2016 1528/2019/2019 1527/2018/2018
f 1527/2018/2018 1528/2019/2019 1328/1663/1663 1326/1661/1661
f 1326/1661/1661 1328/1663/1663 1329/1664/1664 1327/1662/1662
f 1324/1659/1659 1331/1666/1666 1332/1667/1667 1330/1665/1665
f 1331/1666/1666 1326/1661/1661 1327/1662/1662 1332/1667/1667
f 1344/1679/1679 1333/1668/1668 1321/1656/1656
f 1334/1669/1669 1335/1670/1670 1344/1679/1679
f 1321/1656/1656 1334/1669/1669 1344/1679/1679
f 1341/1676/1676 1335/1670/1670 1334/1669/1669
f 1323/1658/1658 1324/1659/1659 1341/1676/1676
f 1334/1669/1669 1323/1658/1658 1341/1676/1676
f 1335/1670/1670 1341/1676/1676 1342/1677/1677 1340/1675/1675
f 1341/1676/1676 1324/1659/1659 1330/1665/1665 1342/1677/1677
f 1333/1668/1668 1344/1679/1679 1345/1680/1680 1343/1678/1678
f 1344/1679/1679 1335/1670/1670 1340/1675/1675 1345/1680/1680
f 1356/1691/1691 1336/1671/1671 1319/1654/1654
f 1337/1672/1672 1338/1673/1673 1356/1691/1691
f 1319/1654/1654 1337/1672/1672 1356/1691/1691
f 1347/1682/1682 1338/1673/1673 1337/1672/1672
f 1320/1655/1655 1321/1656/1656 1347/1682/1682
f 1337/1672/1672 1320/1655/1655 1347/1682/1682
f 1353/1688/1688 1346/1681/1681 1338/1673/1673
f 1347/1682/1682 1348/1683/1683 1353/1688/1688
f 1338/1673/1673 1347/1682/1682 1353/1688/1688
f 1350/1685/1685 1348/1683/1683 1347/1682/1682
f 1321/1656/1656 1333/1668/1668 1350/1685/1685
f 1347/1682/1682 1321/1656/1656 1350/1685/1685
f 1348/1683/1683 1350/1685/1685 1351/1686/1686 1349/1684/1684
f 1350/1685/1685 1333/1668/1668 1343/1678/1678 1351/1686/1686
f 1346/1681/1681 1353/1688/1688 1354/1689/1689 1352/1687/1687
f 1353/1688/1688 1348/1683/1683 1349/1684/1684 1354/1689/1689
f 1365/1700/1700 1355/1690/1690 1336/1671/1671
f 1356/1691/1691 1357/1692/1692 1365/1700/1700
f 1336/1671/1671 1356/1691/1691 1365/1700/1700
f 1362/1697/1697 1357/1692/1692 1356/1691/1691
f 1338/1673/1673 1346/1681/1681 1362/1697/1697
f 1356/1691/1691 1338/1673/1673 1362/1697/1697
f 1357/1692/1692 1362/1697/1697 1363/1698/1698 1361/1696/1696
f 1362/1697/1697 1346/1681/1681 1352/1687/1687 1363/1698/1698
f 1355/1690/1690 1365/1700/1700 1366/1701/1701 1364/1699/1699
f 1365/1700/1700 1357/1692/1692 1361/1696/1696 1366/1701/1701
f 1435/1848/1848 1427/1840/1840 1436/1849/1849 1437/1850/1850
f 1437/1850/1850 1436/1849/1849 1429/1842/1842 1432/1845/1845
f 1436/1849/1849 1427/1840/1840 1409/1822/1822
f 1428/1841/1841 1429/1842/1842 1436/1849/1849
f 1409/1822/1822 1428/1841/1841 1436/1849/1849
f 1433/1846/1846 1429/1842/1842 1428/1841/1841
f 1411/1824/1824 1418/1831/1831 1433/1846/1846
f 1428/1841/1841 1411/1824/1824 1433/1846/1846
f 1432/1845/1845 1429/1842/1842 1433/1846/1846 1434/1847/1847
f 1434/1847/1847 1433/1846/1846 1418/1831/1831 1424/1837/1837
f 1428/1841/1841 1409/1822/1822 1139/1411/1411
f 1410/1823/1823 1411/1824/1824 1428/1841/1841
f 1139/1411/1411 1410/1823/1823 1428/1841/1841
f 1419/1832/1832 1411/1824/1824 1410/1823/1823
f 1339/1674/1674 1379/1714/1714 1419/1832/1832
f 1410/1823/1823 1339/1674/1674 1419/1832/1832
f 1424/1837/1837 1418/1831/1831 1425/1838/1838 1426/1839/1839
f 1426/1839/1839 1425/1838/1838 1420/1833/1833 1421/1834/1834
f 1425/1838/1838 1418/1831/1831 1411/1824/1824
f 1419/1832/1832 1420/1833/1833 1425/1838/1838
f 1411/1824/1824 1419/1832/1832 1425/1838/1838
f 1422/1835/1835 1420/1833/1833 1419/1832/1832
f 1379/1714/1714 1406/1819/1819 1422/1835/1835
f 1419/1832/1832 1379/1714/1714 1422/1835/1835
f 1421/1834/1834 1420/1833/1833 1422/1835/1835 1423/1836/1836
f 1423/1836/1836 1422/1835/1835 1406/1819/1819 1415/1828/1828
f 1359/1694/1694 1339/1674/1674 1410/1823/1823
f 1410/1823/1823 1139/1411/1411 1137/1409/1409
f 1137/1409/1409 1319/1654/1654 1359/1694/1694
f 1359/1694/1694 1410/1823/1823 1137/1409/1409
f 1377/1712/1712 1358/1693/1693 1339/1674/1674
f 1359/1694/1694 1360/1695/1695 1377/1712/1712
f 1339/1674/1674 1359/1694/1694 1377/1712/1712
f 1368/1703/1703 1360/1695/1695 1359/1694/1694
f 1319/1654/1654 1336/1671/1671 1368/1703/1703
f 1359/1694/1694 1319/1654/1654 1368/1703/1703
f 1374/1709/1709 1367/1702/1702 1360/1695/1695
f 1368/1703/1703 1369/1704/1704 1374/1709/1709
f 1360/1695/1695 1368/1703/1703 1374/1709/1709
f 1371/1706/1706 1369/1704/1704 1368/1703/1703
f 1336/1671/1671 1355/1690/1690 1371/1706/1706
f 1368/1703/1703 1336/1671/1671 1371/1706/1706
f 1369/1704/1704 1371/1706/1706 1372/1707/1707 1370/1705/1705
f 1371/1706/1706 1355/1690/1690 1364/1699/1699 1372/1707/1707
f 1367/1702/1702 1374/1709/1709 1375/1710/1710 1373/1708/1708
f 1374/1709/1709 1369/1704/1704 1370/1705/1705 1375/1710/1710
f 1385/1720/1720 1376/1711/1711 1358/1693/1693
f 1377/1712/1712 1378/1713/1713 1385/1720/1720
f 1358/1693/1693 1377/1712/1712 1385/1720/1720
f 1382/1717/1717 1378/1713/1713 1377/1712/1712
f 1360/1695/1695 1367/1702/1702 1382/1717/1717
f 1377/1712/1712 1360/1695/1695 1382/1717/1717
f 1378/1713/1713 1382/1717/1717 1383/1718/1718 1381/1716/1716
f 1382/1717/1717 1367/1702/1702 1373/1708/1708 1383/1718/1718
f 1376/1711/1711 1385/1720/1720 1386/1721/1721 1384/1719/1719
f 1385/1720/1720 1378/1713/1713 1381/1716/1716 1386/1721/1721
f 1415/1828/1828 1406/1819/1819 1416/1829/1829 1417/1830/1830
f 1417/1830/1830 1416/1829/1829 1408/1821/1821 1412/1825/1825
f 1416/1829/1829 1406/1819/1819 1379/1714/1714
f 1407/1820/1820 1408/1821/1821 1416/1829/1829
f 1379/1714/1714 1407/1820/1820 1416/1829/1829
f 1413/1826/1826 1408/1821/1821 1407/1820/1820
f 1380/1715/1715 1396/1731/1731 1413/1826/1826
f 1407/1820/1820 1380/1715/1715 1413/1826/1826
f 1412/1825/1825 1408/1821/1821 1413/1826/1826 1414/1827/1827
f 1414/1827/1827 1413/1826/1826 1396/1731/1731 1403/1816/1816
f 1388/1723/1723 1380/1715/1715 1407/1820/1820
f 1407/1820/1820 1379/1714/1714 1339/1674/1674
f 1339/1674/1674 1358/1693/1693 1388/1723/1723
f 1388/1723/1723 1407/1820/1820 1339/1674/1674
f 1394/1729/1729 1387/1722/1722 1380/1715/1715
f 1388/1723/1723 1389/1724/1724 1394/1729/1729
f 1380/1715/1715 1388/1723/1723 1394/1729/1729
f 1391/1726/1726 1389/1724/1724 1388/1723/1723
f 1358/1693/1693 1376/1711/1711 1391/1726/1726
f 1388/1723/1723 1358/1693/1693 1391/1726/1726
f 1389/1724/1724 1391/1726/1726 1392/1727/1727 1390/1725/1725
f 1391/1726/1726 1376/1711/1711 1384/1719/1719 1392/1727/1727
f 1387/1722/1722 1394/1729/1729 1395/1730/1730 1393/1728/1728
f 1394/1729/1729 1389/1724/1724 1390/1725/1725 1395/1730/1730
f 1403/1816/1816 1396/1731/1731 1404/1817/1817 1405/1818/1818
f 1405/1818/1818 1404/1817/1817 1397/1732/1732 1401/1736/1736
f 1399/1734/1734 1397/1732/1732 1404/1817/1817
f 1404/1817/1817 1396/1731/1731 1380/1715/1715
f 1380/1715/1715 1387/1722/1722 1399/1734/1734
f 1399/1734/1734 1404/1817/1817 1380/1715/1715
f 1397/1732/1732 1399/1734/1734 1400/1735/1735 1398/1733/1733
f 1399/1734/1734 1387/1722/1722 1393/1728/1728 1400/1735/1735
f 1401/1736/1736 1397/1732/1732 1398/1733/1733 1402/1737/1737
f 830/1954/1954 831/1955/1955 1329/1664/1664
f 831/1955/1955 832/1956/1956 1329/1664/1664
f 829/1953/1953 1328/1663/1663 828/1952/1952
f 828/1952/1952 1328/1663/1663 827/1951/1951
f 1528/2019/2019 826/1950/1950 827/1951/1951
f 829/1953/1953 830/1954/1954 1329/1664/1664
f 1528/2019/2019 824/1948/1948 825/1949/1949
f 1525/2016/2016 822/1946/1946 823/1947/1947
f 824/1948/1948 1525/2016/2016 823/1947/1947
f 821/1945/1945 822/1946/1946 1526/2017/2017
f 819/1943/1943 820/1944/1944 1526/2017/2017
f 820/1944/1944 821/1945/1945 1526/2017/2017
f 825/1949/1949 826/1950/1950 1528/2019/2019
f 617/1591/1591 832/1956/1956 613/1283/1283
f 818/1942/1942 1522/2013/2013 817/1941/1941
f 832/1956/1956 617/1591/1591 1329/1664/1664
f 816/1940/1940 817/1941/1941 1523/2014/2014
f 1525/2016/2016 824/1948/1948 1528/2019/2019
f 1329/1664/1664 1328/1663/1663 829/1953/1953
f 818/1942/1942 819/1943/1943 1522/2013/2013
f 1328/1663/1663 1528/2019/2019 827/1951/1951
f 1329/1664/1664 617/1591/1591 618/1592/1592
f 1523/2014/2014 815/1939/1939 816/1940/1940
f 1523/2014/2014 814/1938/1938 815/1939/1939
f 814/1938/1938 1517/2008/2008 813/1937/1937
f 1517/2008/2008 812/1936/1936 813/1937/1937
f 1518/2009/2009 810/1934/1934 811/1935/1935
f 1514/2005/2005 809/1933/1933 810/1934/1934
f 811/1935/1935 812/1936/1936 1518/2009/2009
f 809/1933/1933 1514/2005/2005 808/1932/1932
f 807/1931/1931 808/1932/1932 1514/2005/2005
f 806/1930/1930 807/1931/1931 1515/2006/2006
f 805/1929/1929 806/1930/1930 1515/2006/2006
f 805/1929/1929 1508/1999/1999 804/1928/1928
f 803/1927/1927 1508/1999/1999 802/1926/1926
f 801/1925/1925 802/1926/1926 1509/2000/2000
f 803/1927/1927 804/1928/1928 1508/1999/1999
f 1505/1996/1996 799/1923/1923 800/1924/1924
f 1505/1996/1996 797/1921/1921 798/1922/1922
f 799/1923/1923 1505/1996/1996 798/1922/1922
f 1506/1997/1997 796/1920/1920 797/1921/1921
f 795/1919/1919 1499/1990/1990 794/1918/1918
f 794/1918/1918 1499/1990/1990 793/1917/1917
f 1509/2000/2000 800/1924/1924 801/1925/1925
f 1506/1997/1997 795/1919/1919 796/1920/1920
f 1499/1990/1990 792/1916/1916 793/1917/1917
f 1496/1987/1987 789/1913/1913 790/1914/1914
f 790/1914/1914 791/1915/1915 1500/1991/1991
f 788/1912/1912 789/1913/1913 1496/1987/1987
f 787/1911/1911 1497/1988/1988 786/1910/1910
f 785/1909/1909 786/1910/1910 1497/1988/1988
f 787/1911/1911 788/1912/1912 1496/1987/1987
f 1488/1979/1979 783/1907/1907 784/1908/1908
f 1489/1980/1980 781/1905/1905 782/1906/1906
f 784/1908/1908 785/1909/1909 1488/1979/1979
f 1485/1976/1976 779/1903/1903 780/1904/1904
f 778/1902/1902 1485/1976/1976 777/1901/1901
f 778/1902/1902 779/1903/1903 1485/1976/1976
f 1488/1979/1979 782/1906/1906 783/1907/1907
f 791/1915/1915 792/1916/1916 1500/1991/1991
f 781/1905/1905 1489/1980/1980 780/1904/1904
f 822/1946/1946 1525/2016/2016 1526/2017/2017
f 1327/1662/1662 1329/1664/1664 618/1592/1592 619/1593/1593
f 620/1594/1594 1327/1662/1662 619/1593/1593
f 621/1595/1595 1332/1667/1667 1327/1662/1662
f 623/1597/1597 1332/1667/1667 622/1596/1596
f 1327/1662/1662 620/1594/1594 621/1595/1595
f 1332/1667/1667 621/1595/1595 622/1596/1596
f 625/1599/1599 1330/1665/1665 624/1598/1598
f 626/1600/1600 627/1601/1601 1342/1677/1677
f 1342/1677/1677 625/1599/1599 626/1600/1600
f 1330/1665/1665 623/1597/1597 624/1598/1598
f 629/1603/1603 1340/1675/1675 628/1602/1602
f 630/1604/1604 1345/1680/1680 629/1603/1603
f 1340/1675/1675 627/1601/1601 628/1602/1602
f 630/1604/1604 631/1605/1605 1345/1680/1680
f 633/1607/1607 1343/1678/1678 632/1606/1606
f 635/1609/1609 1351/1686/1686 634/1608/1608
f 634/1608/1608 1351/1686/1686 633/1607/1607
f 1349/1684/1684 635/1609/1609 636/1610/1610
f 1354/1689/1689 638/1612/1612 639/1613/1613
f 1349/1684/1684 636/1610/1610 637/1611/1611
f 638/1612/1612 1354/1689/1689 637/1611/1611
f 1352/1687/1687 639/1613/1613 640/1614/1614
f 1363/1698/1698 642/1616/1616 643/1617/1617
f 1363/1698/1698 641/1615/1615 642/1616/1616
f 645/1619/1619 1361/1696/1696 644/1618/1618
f 646/1620/1620 1366/1701/1701 645/1619/1619
f 643/1617/1617 644/1618/1618 1361/1696/1696
f 640/1614/1614 641/1615/1615 1352/1687/1687
f 632/1606/1606 1343/1678/1678 631/1605/1605
f 647/1621/1621 1366/1701/1701 646/1620/1620
f 819/1943/1943 1526/2017/2017 1522/2013/2013
f 814/1938/1938 1523/2014/2014 1517/2008/2008
f 817/1941/1941 1522/2013/2013 1523/2014/2014
f 810/1934/1934 1518/2009/2009 1514/2005/2005
f 805/1929/1929 1515/2006/2006 1508/1999/1999
f 807/1931/1931 1514/2005/2005 1515/2006/2006
f 812/1936/1936 1517/2008/2008 1518/2009/2009
f 800/1924/1924 1509/2000/2000 1505/1996/1996
f 795/1919/1919 1506/1997/1997 1499/1990/1990
f 797/1921/1921 1505/1996/1996 1506/1997/1997
f 790/1914/1914 1500/1991/1991 1496/1987/1987
f 785/1909/1909 1497/1988/1988 1488/1979/1979
f 787/1911/1911 1496/1987/1987 1497/1988/1988
f 792/1916/1916 1499/1990/1990 1500/1991/1991
f 802/1926/1926 1508/1999/1999 1509/2000/2000
f 623/1597/1597 1330/1665/1665 1332/1667/1667
f 627/1601/1601 1340/1675/1675 1342/1677/1677
f 1342/1677/1677 1330/1665/1665 625/1599/1599
f 631/1605/1605 1343/1678/1678 1345/1680/1680
f 635/1609/1609 1349/1684/1684 1351/1686/1686
f 1351/1686/1686 1343/1678/1678 633/1607/1607
f 1345/1680/1680 1340/1675/1675 629/1603/1603
f 639/1613/1613 1352/1687/1687 1354/1689/1689
f 780/1904/1904 1489/1980/1980 1485/1976/1976
f 643/1617/1617 1361/1696/1696 1363/1698/1698
f 647/1621/1621 1364/1699/1699 1366/1701/1701
f 1366/1701/1701 1361/1696/1696 645/1619/1619
f 1363/1698/1698 1352/1687/1687 641/1615/1615
f 1354/1689/1689 1349/1684/1684 637/1611/1611
f 782/1906/1906 1488/1979/1979 1489/1980/1980
f 1364/1699/1699 647/1621/1621 648/1622/1622
f 1486/1977/1977 777/1901/1901 1485/1976/1976
f 1486/1977/1977 775/1899/1899 776/1900/1900
f 1479/1970/1970 773/1897/1897 774/1898/1898
f 1480/1971/1971 771/1895/1895 772/1896/1896
f 1476/1967/1967 769/1893/1893 770/1894/1894
f 771/1895/1895 1480/1971/1971 770/1894/1894
f 773/1897/1897 1480/1971/1971 772/1896/1896
f 1477/1968/1968 767/1891/1891 768/1892/1892
f 1477/1968/1968 765/1889/1889 766/1890/1890
f 767/1891/1891 1477/1968/1968 766/1890/1890
f 765/1889/1889 1467/1958/1958 764/1888/1888
f 763/1887/1887 1468/1959/1959 762/1886/1886
f 1467/1958/1958 763/1887/1887 764/1888/1888
f 768/1892/1892 769/1893/1893 1476/1967/1967
f 775/1899/1899 1479/1970/1970 774/1898/1898
f 1479/1970/1970 1480/1971/1971 773/1897/1897
f 768/1892/1892 1476/1967/1967 1477/1968/1968
f 1476/1967/1967 770/1894/1894 1480/1971/1971
f 1486/1977/1977 1479/1970/1970 775/1899/1899
f 1477/1968/1968 1467/1958/1958 765/1889/1889
f 762/1886/1886 1468/1959/1959 761/1885/1885
f 1467/1958/1958 1468/1959/1959 763/1887/1887
f 760/1884/1884 761/1885/1885 1468/1959/1959
f 1312/1584/1584 759/1883/1883 760/1884/1884
f 1317/1589/1589 757/1881/1881 758/1882/1882
f 758/1882/1882 759/1883/1883 1312/1584/1584
f 1313/1585/1585 1317/1589/1589 1312/1584/1584
f 757/1881/1881 1317/1589/1589 756/1880/1880
f 756/1880/1880 1317/1589/1589 1318/1590/1590
f 1312/1584/1584 1317/1589/1589 758/1882/1882
f 1312/1584/1584 760/1884/1884 1468/1959/1959
f 1486/1977/1977 776/1900/1900 777/1901/1901
f 271/1408/1408 755/1879/1879 275/1407/1407
f 1318/1590/1590 275/1407/1407 755/1879/1879
f 276/1406/1406 275/1407/1407 1318/1590/1590
f 1316/1588/1588 279/1403/1403 1314/1586/1586
f 1314/1586/1586 277/1405/1405 1318/1590/1590
f 1318/1590/1590 755/1879/1879 756/1880/1880
f 1309/1581/1581 281/1401/1401 1316/1588/1588
f 277/1405/1405 276/1406/1406 1318/1590/1590
f 279/1403/1403 278/1404/1404 1314/1586/1586
f 1314/1586/1586 278/1404/1404 277/1405/1405
f 280/1402/1402 279/1403/1403 1316/1588/1588
f 1309/1581/1581 282/1400/1400 281/1401/1401
f 282/1400/1400 1309/1581/1581 283/1399/1399
f 1316/1588/1588 281/1401/1401 280/1402/1402
f 283/1399/1399 1309/1581/1581 1311/1583/1583
f 285/1397/1397 1311/1583/1583 1306/1578/1578
f 1311/1583/1583 285/1397/1397 284/1398/1398
f 286/1396/1396 285/1397/1397 1306/1578/1578
f 283/1399/1399 1311/1583/1583 284/1398/1398
f 1308/1580/1580 287/1395/1395 1306/1578/1578
f 1302/1574/1574 290/1392/1392 1300/1572/1572
f 1300/1572/1572 289/1393/1393 1308/1580/1580
f 1297/1569/1569 292/1390/1390 1302/1574/1574
f 1306/1578/1578 287/1395/1395 286/1396/1396
f 1308/1580/1580 288/1394/1394 287/1395/1395
f 1308/1580/1580 289/1393/1393 288/1394/1394
f 290/1392/1392 289/1393/1393 1300/1572/1572
f 291/1391/1391 290/1392/1392 1302/1574/1574
f 1302/1574/1574 292/1390/1390 291/1391/1391
f 292/1390/1390 1297/1569/1569 293/1389/1389
f 293/1389/1389 1297/1569/1569 294/1388/1388
f 295/1387/1387 294/1388/1388 1299/1571/1571
f 1297/1569/1569 1299/1571/1571 294/1388/1388
f 1299/1571/1571 296/1386/1386 295/1387/1387
f 1289/1561/1561 296/1386/1386 1299/1571/1571
f 1286/1558/1558 300/1382/1382 1291/1563/1563
f 1291/1563/1563 298/1384/1384 1289/1561/1561
f 1288/1560/1560 302/1380/1380 1286/1558/1558
f 297/1385/1385 296/1386/1386 1289/1561/1561
f 299/1383/1383 298/1384/1384 1291/1563/1563
f 1289/1561/1561 298/1384/1384 297/1385/1385
f 1286/1558/1558 301/1381/1381 300/1382/1382
f 1286/1558/1558 302/1380/1380 301/1381/1381
f 302/1380/1380 1288/1560/1560 303/1379/1379
f 1291/1563/1563 300/1382/1382 299/1383/1383
f 304/1378/1378 303/1379/1379 1288/1560/1560
f 1280/1552/1552 304/1378/1378 1288/1560/1560
f 1277/1549/1549 308/1374/1374 1282/1554/1554
f 1282/1554/1554 306/1376/1376 1280/1552/1552
f 1268/1540/1540 312/1370/1370 1279/1551/1551
f 1265/1537/1537 316/1366/1366 1270/1542/1542
f 1270/1542/1542 314/1368/1368 1268/1540/1540
f 1279/1551/1551 310/1372/1372 1277/1549/1549
f 1259/1531/1531 320/1362/1362 1267/1539/1539
f 1256/1528/1528 323/1359/1359 1261/1533/1533
f 1261/1533/1533 321/1361/1361 1259/1531/1531
f 1245/1517/1517 327/1355/1355 1258/1530/1530
f 1242/1514/1514 331/1351/1351 1247/1519/1519
f 1247/1519/1519 329/1353/1353 1245/1517/1517
f 1258/1530/1530 325/1357/1357 1256/1528/1528
f 1267/1539/1539 318/1364/1364 1265/1537/1537
f 1244/1516/1516 333/1349/1349 1242/1514/1514
f 305/1377/1377 304/1378/1378 1280/1552/1552
f 306/1376/1376 305/1377/1377 1280/1552/1552
f 1282/1554/1554 307/1375/1375 306/1376/1376
f 1282/1554/1554 308/1374/1374 307/1375/1375
f 311/1371/1371 310/1372/1372 1279/1551/1551
f 308/1374/1374 1277/1549/1549 309/1373/1373
f 1277/1549/1549 310/1372/1372 309/1373/1373
f 311/1371/1371 1279/1551/1551 312/1370/1370
f 313/1369/1369 1268/1540/1540 314/1368/1368
f 1268/1540/1540 313/1369/1369 312/1370/1370
f 314/1368/1368 1270/1542/1542 315/1367/1367
f 319/1363/1363 318/1364/1364 1267/1539/1539
f 317/1365/1365 1265/1537/1537 318/1364/1364
f 1270/1542/1542 316/1366/1366 315/1367/1367
f 317/1365/1365 316/1366/1366 1265/1537/1537
f 320/1362/1362 319/1363/1363 1267/1539/1539
f 320/1362/1362 1259/1531/1531 321/1361/1361
f 1261/1533/1533 322/1360/1360 321/1361/1361
f 325/1357/1357 324/1358/1358 1256/1528/1528
f 326/1356/1356 325/1357/1357 1258/1530/1530
f 324/1358/1358 323/1359/1359 1256/1528/1528
f 327/1355/1355 326/1356/1356 1258/1530/1530
f 328/1354/1354 327/1355/1355 1245/1517/1517
f 1247/1519/1519 330/1352/1352 329/1353/1353
f 328/1354/1354 1245/1517/1517 329/1353/1353
f 333/1349/1349 332/1350/1350 1242/1514/1514
f 334/1348/1348 333/1349/1349 1244/1516/1516
f 334/1348/1348 1244/1516/1516 335/1347/1347
f 1247/1519/1519 331/1351/1351 330/1352/1352
f 322/1360/1360 1261/1533/1533 323/1359/1359
f 1242/1514/1514 332/1350/1350 331/1351/1351
f 1236/1508/1508 335/1347/1347 1244/1516/1516
f 650/1624/1624 1372/1707/1707 649/1623/1623
f 649/1623/1623 1372/1707/1707 648/1622/1622
f 1370/1705/1705 1372/1707/1707 650/1624/1624
f 653/1627/1627 1375/1710/1710 652/1626/1626
f 652/1626/1626 1370/1705/1705 651/1625/1625
f 651/1625/1625 1370/1705/1705 650/1624/1624
f 655/1629/1629 1373/1708/1708 654/1628/1628
f 656/1630/1630 657/1631/1631 1383/1718/1718
f 1373/1708/1708 655/1629/1629 656/1630/1630
f 1375/1710/1710 653/1627/1627 654/1628/1628
f 659/1633/1633 1381/1716/1716 658/1632/1632
f 660/1634/1634 1381/1716/1716 659/1633/1633
f 1383/1718/1718 657/1631/1631 658/1632/1632
f 660/1634/1634 661/1635/1635 1386/1721/1721
f 1384/1719/1719 662/1636/1636 663/1637/1637
f 1384/1719/1719 663/1637/1637 664/1638/1638
f 1392/1727/1727 664/1638/1638 665/1639/1639
f 1392/1727/1727 665/1639/1639 666/1640/1640
f 1390/1725/1725 667/1641/1641 668/1642/1642
f 1395/1730/1730 668/1642/1642 669/1643/1643
f 661/1635/1635 662/1636/1636 1386/1721/1721
f 671/1645/1645 1393/1728/1728 670/1644/1644
f 1400/1735/1735 672/1646/1646 673/1647/1647
f 672/1646/1646 1393/1728/1728 671/1645/1645
f 1400/1735/1735 673/1647/1647 674/1648/1648
f 676/1650/1650 1398/1733/1733 675/1649/1649
f 675/1649/1649 1398/1733/1733 674/1648/1648
f 669/1643/1643 670/1644/1644 1395/1730/1730
f 666/1640/1640 667/1641/1641 1390/1725/1725
f 677/1651/1651 1402/1737/1737 676/1650/1650
f 652/1626/1626 1375/1710/1710 1370/1705/1705
f 654/1628/1628 1373/1708/1708 1375/1710/1710
f 658/1632/1632 1381/1716/1716 1383/1718/1718
f 662/1636/1636 1384/1719/1719 1386/1721/1721
f 1386/1721/1721 1381/1716/1716 660/1634/1634
f 1383/1718/1718 1373/1708/1708 656/1630/1630
f 666/1640/1640 1390/1725/1725 1392/1727/1727
f 670/1644/1644 1393/1728/1728 1395/1730/1730
f 1395/1730/1730 1390/1725/1725 668/1642/1642
f 674/1648/1648 1398/1733/1733 1400/1735/1735
f 984/1741/1741 1401/1736/1736 1402/1737/1737
f 1402/1737/1737 1398/1733/1733 676/1650/1650
f 1400/1735/1735 1393/1728/1728 672/1646/1646
f 1392/1727/1727 1384/1719/1719 664/1638/1638
f 989/1746/1746 1403/1816/1816 1405/1818/1818
f 994/1751/1751 1412/1825/1825 1414/1827/1827
f 1414/1827/1827 1403/1816/1816 991/1748/1748
f 999/1756/1756 1415/1828/1828 1417/1830/1830
f 1003/1760/1760 1421/1834/1834 1423/1836/1836
f 1423/1836/1836 1415/1828/1828 1001/1758/1758
f 1417/1830/1830 1412/1825/1825 996/1753/1753
f 1008/1765/1765 1424/1837/1837 1426/1839/1839
f 1013/1770/1770 1432/1845/1845 1434/1847/1847
f 1434/1847/1847 1424/1837/1837 1011/1768/1768
f 1018/1775/1775 1435/1848/1848 1437/1850/1850
f 1023/1780/1780 1441/1854/1854 1443/1856/1856
f 1443/1856/1856 1435/1848/1848 1021/1778/1778
f 1437/1850/1850 1432/1845/1845 1016/1773/1773
f 1426/1839/1839 1421/1834/1834 1006/1763/1763
f 1405/1818/1818 1401/1736/1736 986/1743/1743
f 1402/1737/1737 677/1651/1651 678/1652/1652
f 1415/1828/1828 1000/1757/1757 1001/1758/1758
f 1000/1757/1757 1415/1828/1828 999/1756/1756
f 1002/1759/1759 1423/1836/1836 1001/1758/1758
f 997/1754/1754 998/1755/1755 1417/1830/1830
f 999/1756/1756 1417/1830/1830 998/1755/1755
f 1417/1830/1830 996/1753/1753 997/1754/1754
f 1412/1825/1825 995/1752/1752 996/1753/1753
f 1426/1839/1839 1007/1764/1764 1008/1765/1765
f 1008/1765/1765 1009/1766/1766 1424/1837/1837
f 1426/1839/1839 1006/1763/1763 1007/1764/1764
f 1423/1836/1836 1002/1759/1759 1003/1760/1760
f 1005/1762/1762 1006/1763/1763 1421/1834/1834
f 1005/1762/1762 1421/1834/1834 1004/1761/1761
f 1421/1834/1834 1003/1760/1760 1004/1761/1761
f 1424/1837/1837 1009/1766/1766 1010/1767/1767
f 986/1743/1743 1401/1736/1736 985/1742/1742
f 987/1744/1744 1405/1818/1818 986/1743/1743
f 985/1742/1742 1401/1736/1736 984/1741/1741
f 982/1739/1739 1402/1737/1737 981/1738/1738
f 983/1740/1740 984/1741/1741 1402/1737/1737
f 983/1740/1740 1402/1737/1737 982/1739/1739
f 981/1738/1738 678/1652/1652 615/1653/1653
f 993/1750/1750 1414/1827/1827 992/1749/1749
f 995/1752/1752 1412/1825/1825 994/1751/1751
f 994/1751/1751 1414/1827/1827 993/1750/1750
f 989/1746/1746 1405/1818/1818 988/1745/1745
f 991/1748/1748 1403/1816/1816 990/1747/1747
f 992/1749/1749 1414/1827/1827 991/1748/1748
f 990/1747/1747 1403/1816/1816 989/1746/1746
f 1405/1818/1818 987/1744/1744 988/1745/1745
f 1029/1786/1786 1030/1787/1787 1444/1857/1857
f 1444/1857/1857 1030/1787/1787 1031/1788/1788
f 1028/1785/1785 1444/1857/1857 1446/1859/1859
f 1452/1865/1865 1444/1857/1857 1031/1788/1788
f 1446/1859/1859 1027/1784/1784 1028/1785/1785
f 1028/1785/1785 1029/1786/1786 1444/1857/1857
f 1027/1784/1784 1446/1859/1859 1026/1783/1783
f 1446/1859/1859 1441/1854/1854 1026/1783/1783
f 1035/1792/1792 1036/1793/1793 1450/1863/1863
f 1037/1794/1794 1455/1868/1868 1036/1793/1793
f 1450/1863/1863 1036/1793/1793 1455/1868/1868
f 1033/1790/1790 1450/1863/1863 1452/1865/1865
f 1452/1865/1865 1032/1789/1789 1033/1790/1790
f 1450/1863/1863 1034/1791/1791 1035/1792/1792
f 1450/1863/1863 1033/1790/1790 1034/1791/1791
f 1032/1789/1789 1452/1865/1865 1031/1788/1788
f 1016/1773/1773 1017/1774/1774 1437/1850/1850
f 1018/1775/1775 1437/1850/1850 1017/1774/1774
f 1015/1772/1772 1016/1773/1773 1432/1845/1845
f 1012/1769/1769 1013/1770/1770 1434/1847/1847
f 1014/1771/1771 1015/1772/1772 1432/1845/1845
f 1432/1845/1845 1013/1770/1770 1014/1771/1771
f 1018/1775/1775 1019/1776/1776 1435/1848/1848
f 1024/1781/1781 1025/1782/1782 1441/1854/1854
f 1025/1782/1782 1026/1783/1783 1441/1854/1854
f 1441/1854/1854 1023/1780/1780 1024/1781/1781
f 1021/1778/1778 1435/1848/1848 1020/1777/1777
f 1022/1779/1779 1443/1856/1856 1021/1778/1778
f 1023/1780/1780 1443/1856/1856 1022/1779/1779
f 1019/1776/1776 1020/1777/1777 1435/1848/1848
f 1434/1847/1847 1011/1768/1768 1012/1769/1769
f 1424/1837/1837 1010/1767/1767 1011/1768/1768
f 981/1738/1738 1402/1737/1737 678/1652/1652
f 337/1345/1345 336/1346/1346 1236/1508/1508
f 1236/1508/1508 1238/1510/1510 337/1345/1345
f 335/1347/1347 1236/1508/1508 336/1346/1346
f 1233/1505/1505 339/1343/1343 1238/1510/1510
f 1224/1496/1496 343/1339/1339 1235/1507/1507
f 1235/1507/1507 341/1341/1341 1233/1505/1505
f 1224/1496/1496 345/1337/1337 344/1338/1338
f 1238/1510/1510 338/1344/1344 337/1345/1345
f 1233/1505/1505 340/1342/1342 339/1343/1343
f 339/1343/1343 338/1344/1344 1238/1510/1510
f 340/1342/1342 1233/1505/1505 341/1341/1341
f 343/1339/1339 342/1340/1340 1235/1507/1507
f 341/1341/1341 1235/1507/1507 342/1340/1340
f 343/1339/1339 1224/1496/1496 344/1338/1338
f 1226/1498/1498 345/1337/1337 1224/1496/1496
f 1221/1493/1493 347/1335/1335 1226/1498/1498
f 1215/1487/1487 351/1331/1331 1223/1495/1495
f 1223/1495/1495 349/1333/1333 1221/1493/1493
f 1212/1484/1484 354/1328/1328 1217/1489/1489
f 1200/1472/1472 358/1324/1324 1214/1486/1486
f 1214/1486/1486 356/1326/1326 1212/1484/1484
f 1217/1489/1489 352/1330/1330 1215/1487/1487
f 1202/1474/1474 1197/1469/1469 363/1319/1319 362/1320/1320
f 1199/1471/1471 1191/1463/1463 367/1315/1315 366/1316/1316
f 1197/1469/1469 1199/1471/1471 365/1317/1317 364/1318/1318
f 1193/1465/1465 1188/1460/1460 370/1312/1312 369/1313/1313
f 1190/1462/1462 1179/1451/1451 374/1308/1308 373/1309/1309
f 1188/1460/1460 1190/1462/1462 372/1310/1310 371/1311/1311
f 1191/1463/1463 1193/1465/1465 368/1314/1314 367/1315/1315
f 1200/1472/1472 1202/1474/1474 361/1321/1321 360/1322/1322
f 1179/1451/1451 1181/1453/1453 376/1306/1306 375/1307/1307
f 346/1336/1336 345/1337/1337 1226/1498/1498
f 1226/1498/1498 347/1335/1335 346/1336/1336
f 348/1334/1334 347/1335/1335 1221/1493/1493
f 349/1333/1333 348/1334/1334 1221/1493/1493
f 352/1330/1330 351/1331/1331 1215/1487/1487
f 349/1333/1333 1223/1495/1495 350/1332/1332
f 1223/1495/1495 351/1331/1331 350/1332/1332
f 354/1328/1328 353/1329/1329 1217/1489/1489
f 1212/1484/1484 355/1327/1327 354/1328/1328
f 352/1330/1330 1217/1489/1489 353/1329/1329
f 1214/1486/1486 357/1325/1325 356/1326/1326
f 360/1322/1322 359/1323/1323 1200/1472/1472
f 359/1323/1323 358/1324/1324 1200/1472/1472
f 357/1325/1325 1214/1486/1486 358/1324/1324
f 355/1327/1327 1212/1484/1484 356/1326/1326
f 361/1321/1321 1202/1474/1474 362/1320/1320
f 365/1317/1317 1199/1471/1471 366/1316/1316
f 363/1319/1319 1197/1469/1469 364/1318/1318
f 369/1313/1313 368/1314/1314 1193/1465/1465
f 371/1311/1311 370/1312/1312 1188/1460/1460
f 373/1309/1309 372/1310/1310 1190/1462/1462
f 375/1307/1307 374/1308/1308 1179/1451/1451
f 376/1306/1306 1181/1453/1453 377/1305/1305
f 1460/1873/1873 1043/1800/1800 1458/1871/1871
f 1458/1871/1871 1045/1802/1802 1463/1876/1876
f 1461/1874/1874 1050/1807/1807 1465/1878/1878
f 1148/1420/1420 1465/1878/1878 1053/1810/1810
f 1465/1878/1878 1052/1809/1809 1053/1810/1810
f 1463/1876/1876 1048/1805/1805 1461/1874/1874
f 1040/1797/1797 1460/1873/1873 1453/1866/1866
f 1151/1423/1423 1149/1421/1421 1148/1420/1420
f 1151/1423/1423 1148/1420/1420 1055/1812/1812
f 1151/1423/1423 1055/1812/1812 1056/1813/1813
f 1151/1423/1423 1056/1813/1813 1057/1814/1814
f 1054/1811/1811 1055/1812/1812 1148/1420/1420
f 1054/1811/1811 1148/1420/1420 1053/1810/1810
f 1151/1423/1423 1057/1814/1814 1152/1424/1424
f 1181/1453/1453 1176/1448/1448 378/1304/1304 377/1305/1305
f 1041/1798/1798 1042/1799/1799 1460/1873/1873
f 1043/1800/1800 1044/1801/1801 1458/1871/1871
f 1458/1871/1871 1044/1801/1801 1045/1802/1802
f 1453/1866/1866 1038/1795/1795 1039/1796/1796
f 1460/1873/1873 1040/1797/1797 1041/1798/1798
f 1040/1797/1797 1453/1866/1866 1039/1796/1796
f 1455/1868/1868 1038/1795/1795 1453/1866/1866
f 1049/1806/1806 1050/1807/1807 1461/1874/1874
f 1050/1807/1807 1051/1808/1808 1465/1878/1878
f 1465/1878/1878 1051/1808/1808 1052/1809/1809
f 1463/1876/1876 1046/1803/1803 1047/1804/1804
f 1048/1805/1805 1049/1806/1806 1461/1874/1874
f 1047/1804/1804 1048/1805/1805 1463/1876/1876
f 1045/1802/1802 1046/1803/1803 1463/1876/1876
f 1042/1799/1799 1043/1800/1800 1460/1873/1873
f 380/1302/1302 379/1303/1303 1176/1448/1448
f 378/1304/1304 1176/1448/1448 379/1303/1303
f 381/1301/1301 380/1302/1302 1178/1450/1450
f 1170/1442/1442 1172/1444/1444 384/1298/1298 383/1299/1299
f 1178/1450/1450 1170/1442/1442 382/1300/1300 381/1301/1301
f 1178/1450/1450 380/1302/1302 1176/1448/1448
f 1172/1444/1444 1167/1439/1439 386/1296/1296 385/1297/1297
f 383/1299/1299 382/1300/1300 1170/1442/1442
f 387/1295/1295 1169/1441/1441 388/1294/1294
f 387/1295/1295 386/1296/1296 1167/1439/1439
f 385/1297/1297 384/1298/1298 1172/1444/1444
f 1169/1441/1441 387/1295/1295 1167/1439/1439
f 1169/1441/1441 1153/1425/1425 390/1292/1292 389/1293/1293
f 391/1291/1291 390/1292/1292 1153/1425/1425
f 388/1294/1294 1169/1441/1441 389/1293/1293
f 1155/1427/1427 1150/1422/1422 394/1288/1288 393/1289/1289
f 1150/1422/1422 1152/1424/1424 396/1286/1286 395/1287/1287
f 1057/1814/1814 1058/1815/1815 1152/1424/1424
f 1153/1425/1425 1155/1427/1427 392/1290/1290 391/1291/1291
f 1058/1815/1815 397/1285/1285 1152/1424/1424
f 393/1289/1289 392/1290/1290 1155/1427/1427
f 1058/1815/1815 273/1284/1284 397/1285/1285
f 397/1285/1285 396/1286/1286 1152/1424/1424
f 395/1287/1287 394/1288/1288 1150/1422/1422
f 1455/1868/1868 1037/1794/1794 1038/1795/1795
f 648/1622/1622 1372/1707/1707 1364/1699/1699
f 1544/2162/2162 1543/2161/2161 1541/2159/2159 1542/2160/2160
f 1547/2165/2165 1546/2164/2164 1539/2157/2157 1545/2163/2163
f 1542/2160/2160 1541/2159/2159 1546/2164/2164 1547/2165/2165
f 1546/2164/2164 1538/2156/2156 1539/2157/2157
f 1540/2158/2158 1546/2164/2164 1541/2159/2159
f 1538/2156/2156 1546/2164/2164 1540/2158/2158
f 1561/2179/2179 1560/2178/2178 1550/2168/2168 1559/2177/2177
f 1545/2163/2163 1539/2157/2157 1560/2178/2178 1561/2179/2179
f 1564/2182/2182 1563/2181/2181 1548/2166/2166 1562/2180/2180
f 1559/2177/2177 1550/2168/2168 1563/2181/2181 1564/2182/2182
f 1563/2181/2181 1536/2154/2154 1548/2166/2166
f 1549/2167/2167 1563/2181/2181 1550/2168/2168
f 1536/2154/2154 1563/2181/2181 1549/2167/2167
f 1560/2178/2178 1549/2167/2167 1550/2168/2168
f 1538/2156/2156 1560/2178/2178 1539/2157/2157
f 1549/2167/2167 1560/2178/2178 1538/2156/2156
f 1856/2615/2615 1549/2167/2167 1538/2156/2156
f 1549/2167/2167 1535/2153/2153 1536/2154/2154
f 1535/2153/2153 1856/2615/2615 1537/2155/2155
f 1856/2615/2615 1535/2153/2153 1549/2167/2167
f 1540/2158/2158 1857/2616/2616 1856/2615/2615 1538/2156/2156
f 1857/2616/2616 1853/2612/2612 1537/2155/2155 1856/2615/2615
f 1570/2188/2188 1569/2187/2187 1567/2185/2185 1568/2186/2186
f 1562/2180/2180 1548/2166/2166 1569/2187/2187 1570/2188/2188
f 1573/2191/2191 1572/2190/2190 1565/2183/2183 1571/2189/2189
f 1568/2186/2186 1567/2185/2185 1572/2190/2190 1573/2191/2191
f 1572/2190/2190 1553/2171/2171 1565/2183/2183
f 1566/2184/2184 1572/2190/2190 1567/2185/2185
f 1553/2171/2171 1572/2190/2190 1566/2184/2184
f 1569/2187/2187 1566/2184/2184 1567/2185/2185
f 1536/2154/2154 1569/2187/2187 1548/2166/2166
f 1566/2184/2184 1569/2187/2187 1536/2154/2154
f 1582/2200/2200 1581/2199/2199 1576/2194/2194 1580/2198/2198
f 1571/2189/2189 1565/2183/2183 1581/2199/2199 1582/2200/2200
f 1585/2203/2203 1584/2202/2202 1574/2192/2192 1583/2201/2201
f 1580/2198/2198 1576/2194/2194 1584/2202/2202 1585/2203/2203
f 1584/2202/2202 1551/2169/2169 1574/2192/2192
f 1575/2193/2193 1584/2202/2202 1576/2194/2194
f 1551/2169/2169 1584/2202/2202 1575/2193/2193
f 1581/2199/2199 1575/2193/2193 1576/2194/2194
f 1553/2171/2171 1581/2199/2199 1565/2183/2183
f 1575/2193/2193 1581/2199/2199 1553/2171/2171
f 1575/2193/2193 1533/2151/2151 1551/2169/2169
f 1552/2170/2170 1575/2193/2193 1553/2171/2171
f 1533/2151/2151 1575/2193/2193 1552/2170/2170
f 1566/2184/2184 1552/2170/2170 1553/2171/2171
f 1535/2153/2153 1566/2184/2184 1536/2154/2154
f 1552/2170/2170 1566/2184/2184 1535/2153/2153
f 1848/2607/2607 1552/2170/2170 1535/2153/2153
f 1552/2170/2170 1532/2150/2150 1533/2151/2151
f 1532/2150/2150 1848/2607/2607 1534/2152/2152
f 1848/2607/2607 1532/2150/2150 1552/2170/2170
f 1853/2612/2612 1855/2614/2614 1854/2613/2613 1537/2155/2155
f 1855/2614/2614 1850/2609/2609 1849/2608/2608 1854/2613/2613
f 1854/2613/2613 1535/2153/2153 1537/2155/2155
f 1848/2607/2607 1854/2613/2613 1849/2608/2608
f 1535/2153/2153 1854/2613/2613 1848/2607/2607
f 1851/2610/2610 1848/2607/2607 1849/2608/2608
f 1534/2152/2152 1851/2610/2610 1839/2598/2598
f 1848/2607/2607 1851/2610/2610 1534/2152/2152
f 1850/2609/2609 1852/2611/2611 1851/2610/2610 1849/2608/2608
f 1852/2611/2611 1845/2604/2604 1839/2598/2598 1851/2610/2610
f 1591/2209/2209 1590/2208/2208 1588/2206/2206 1589/2207/2207
f 1583/2201/2201 1574/2192/2192 1590/2208/2208 1591/2209/2209
f 1594/2212/2212 1593/2211/2211 1586/2204/2204 1592/2210/2210
f 1589/2207/2207 1588/2206/2206 1593/2211/2211 1594/2212/2212
f 1593/2211/2211 1579/2197/2197 1586/2204/2204
f 1587/2205/2205 1593/2211/2211 1588/2206/2206
f 1579/2197/2197 1593/2211/2211 1587/2205/2205
f 1590/2208/2208 1587/2205/2205 1588/2206/2206
f 1551/2169/2169 1590/2208/2208 1574/2192/2192
f 1587/2205/2205 1590/2208/2208 1551/2169/2169
f 1606/2224/2224 1605/2223/2223 1597/2215/2215 1604/2222/2222
f 1592/2210/2210 1586/2204/2204 1605/2223/2223 1606/2224/2224
f 1609/2227/2227 1608/2226/2226 1595/2213/2213 1607/2225/2225
f 1604/2222/2222 1597/2215/2215 1608/2226/2226 1609/2227/2227
f 1608/2226/2226 1577/2195/2195 1595/2213/2213
f 1596/2214/2214 1608/2226/2226 1597/2215/2215
f 1577/2195/2195 1608/2226/2226 1596/2214/2214
f 1605/2223/2223 1596/2214/2214 1597/2215/2215
f 1579/2197/2197 1605/2223/2223 1586/2204/2204
f 1596/2214/2214 1605/2223/2223 1579/2197/2197
f 1596/2214/2214 1556/2174/2174 1577/2195/2195
f 1578/2196/2196 1596/2214/2214 1579/2197/2197
f 1556/2174/2174 1596/2214/2214 1578/2196/2196
f 1587/2205/2205 1578/2196/2196 1579/2197/2197
f 1533/2151/2151 1587/2205/2205 1551/2169/2169
f 1578/2196/2196 1587/2205/2205 1533/2151/2151
f 1615/2233/2233 1614/2232/2232 1612/2230/2230 1613/2231/2231
f 1607/2225/2225 1595/2213/2213 1614/2232/2232 1615/2233/2233
f 1618/2236/2236 1617/2235/2235 1610/2228/2228 1616/2234/2234
f 1613/2231/2231 1612/2230/2230 1617/2235/2235 1618/2236/2236
f 1617/2235/2235 1600/2218/2218 1610/2228/2228
f 1611/2229/2229 1617/2235/2235 1612/2230/2230
f 1600/2218/2218 1617/2235/2235 1611/2229/2229
f 1614/2232/2232 1611/2229/2229 1612/2230/2230
f 1577/2195/2195 1614/2232/2232 1595/2213/2213
f 1611/2229/2229 1614/2232/2232 1577/2195/2195
f 1627/2245/2245 1626/2244/2244 1621/2239/2239 1625/2243/2243
f 1616/2234/2234 1610/2228/2228 1626/2244/2244 1627/2245/2245
f 1630/2248/2248 1629/2247/2247 1619/2237/2237 1628/2246/2246
f 1625/2243/2243 1621/2239/2239 1629/2247/2247 1630/2248/2248
f 1629/2247/2247 1598/2216/2216 1619/2237/2237
f 1620/2238/2238 1629/2247/2247 1621/2239/2239
f 1598/2216/2216 1629/2247/2247 1620/2238/2238
f 1626/2244/2244 1620/2238/2238 1621/2239/2239
f 1600/2218/2218 1626/2244/2244 1610/2228/2228
f 1620/2238/2238 1626/2244/2244 1600/2218/2218
f 1620/2238/2238 1554/2172/2172 1598/2216/2216
f 1599/2217/2217 1620/2238/2238 1600/2218/2218
f 1554/2172/2172 1620/2238/2238 1599/2217/2217
f 1611/2229/2229 1599/2217/2217 1600/2218/2218
f 1556/2174/2174 1611/2229/2229 1577/2195/2195
f 1599/2217/2217 1611/2229/2229 1556/2174/2174
f 1599/2217/2217 1530/2148/2148 1554/2172/2172
f 1555/2173/2173 1599/2217/2217 1556/2174/2174
f 1530/2148/2148 1599/2217/2217 1555/2173/2173
f 1578/2196/2196 1555/2173/2173 1556/2174/2174
f 1532/2150/2150 1578/2196/2196 1533/2151/2151
f 1555/2173/2173 1578/2196/2196 1532/2150/2150
f 1822/2581/2581 1555/2173/2173 1532/2150/2150
f 1555/2173/2173 1529/2147/2147 1530/2148/2148
f 1529/2147/2147 1822/2581/2581 1531/2149/2149
f 1822/2581/2581 1529/2147/2147 1555/2173/2173
f 1845/2604/2604 1847/2606/2606 1846/2605/2605 1839/2598/2598
f 1847/2606/2606 1842/2601/2601 1841/2600/2600 1846/2605/2605
f 1846/2605/2605 1534/2152/2152 1839/2598/2598
f 1840/2599/2599 1846/2605/2605 1841/2600/2600
f 1534/2152/2152 1846/2605/2605 1840/2599/2599
f 1843/2602/2602 1840/2599/2599 1841/2600/2600
f 1823/2582/2582 1843/2602/2602 1830/2589/2589
f 1840/2599/2599 1843/2602/2602 1823/2582/2582
f 1842/2601/2601 1844/2603/2603 1843/2602/2602 1841/2600/2600
f 1844/2603/2603 1836/2595/2595 1830/2589/2589 1843/2602/2602
f 1840/2599/2599 1532/2150/2150 1534/2152/2152
f 1822/2581/2581 1840/2599/2599 1823/2582/2582
f 1532/2150/2150 1840/2599/2599 1822/2581/2581
f 1831/2590/2590 1822/2581/2581 1823/2582/2582
f 1531/2149/2149 1831/2590/2590 1801/2560/2560
f 1822/2581/2581 1831/2590/2590 1531/2149/2149
f 1836/2595/2595 1838/2597/2597 1837/2596/2596 1830/2589/2589
f 1838/2597/2597 1833/2592/2592 1832/2591/2591 1837/2596/2596
f 1837/2596/2596 1823/2582/2582 1830/2589/2589
f 1831/2590/2590 1837/2596/2596 1832/2591/2591
f 1823/2582/2582 1837/2596/2596 1831/2590/2590
f 1834/2593/2593 1831/2590/2590 1832/2591/2591
f 1801/2560/2560 1834/2593/2593 1819/2578/2578
f 1831/2590/2590 1834/2593/2593 1801/2560/2560
f 1833/2592/2592 1835/2594/2594 1834/2593/2593 1832/2591/2591
f 1835/2594/2594 1827/2586/2586 1819/2578/2578 1834/2593/2593
f 1636/2254/2254 1635/2253/2253 1633/2251/2251 1634/2252/2252
f 1628/2246/2246 1619/2237/2237 1635/2253/2253 1636/2254/2254
f 1639/2257/2257 1638/2256/2256 1631/2249/2249 1637/2255/2255
f 1634/2252/2252 1633/2251/2251 1638/2256/2256 1639/2257/2257
f 1638/2256/2256 1624/2242/2242 1631/2249/2249
f 1632/2250/2250 1638/2256/2256 1633/2251/2251
f 1624/2242/2242 1638/2256/2256 1632/2250/2250
f 1635/2253/2253 1632/2250/2250 1633/2251/2251
f 1598/2216/2216 1635/2253/2253 1619/2237/2237
f 1632/2250/2250 1635/2253/2253 1598/2216/2216
f 1650/2268/2268 1649/2267/2267 1642/2260/2260 1648/2266/2266
f 1637/2255/2255 1631/2249/2249 1649/2267/2267 1650/2268/2268
f 1653/2271/2271 1652/2270/2270 1640/2258/2258 1651/2269/2269
f 1648/2266/2266 1642/2260/2260 1652/2270/2270 1653/2271/2271
f 1652/2270/2270 1622/2240/2240 1640/2258/2258
f 1641/2259/2259 1652/2270/2270 1642/2260/2260
f 1622/2240/2240 1652/2270/2270 1641/2259/2259
f 1649/2267/2267 1641/2259/2259 1642/2260/2260
f 1624/2242/2242 1649/2267/2267 1631/2249/2249
f 1641/2259/2259 1649/2267/2267 1624/2242/2242
f 1641/2259/2259 1603/2221/2221 1622/2240/2240
f 1623/2241/2241 1641/2259/2259 1624/2242/2242
f 1603/2221/2221 1641/2259/2259 1623/2241/2241
f 1632/2250/2250 1623/2241/2241 1624/2242/2242
f 1554/2172/2172 1632/2250/2250 1598/2216/2216
f 1623/2241/2241 1632/2250/2250 1554/2172/2172
f 1659/2277/2277 1658/2276/2276 1656/2274/2274 1657/2275/2275
f 1651/2269/2269 1640/2258/2258 1658/2276/2276 1659/2277/2277
f 1662/2280/2280 1661/2279/2279 1654/2272/2272 1660/2278/2278
f 1657/2275/2275 1656/2274/2274 1661/2279/2279 1662/2280/2280
f 1661/2279/2279 1645/2263/2263 1654/2272/2272
f 1655/2273/2273 1661/2279/2279 1656/2274/2274
f 1645/2263/2263 1661/2279/2279 1655/2273/2273
f 1658/2276/2276 1655/2273/2273 1656/2274/2274
f 1622/2240/2240 1658/2276/2276 1640/2258/2258
f 1655/2273/2273 1658/2276/2276 1622/2240/2240
f 1671/2289/2289 1670/2288/2288 1665/2283/2283 1669/2287/2287
f 1660/2278/2278 1654/2272/2272 1670/2288/2288 1671/2289/2289
f 1674/2292/2292 1673/2291/2291 1663/2281/2281 1672/2290/2290
f 1669/2287/2287 1665/2283/2283 1673/2291/2291 1674/2292/2292
f 1673/2291/2291 1643/2261/2261 1663/2281/2281
f 1664/2282/2282 1673/2291/2291 1665/2283/2283
f 1643/2261/2261 1673/2291/2291 1664/2282/2282
f 1670/2288/2288 1664/2282/2282 1665/2283/2283
f 1645/2263/2263 1670/2288/2288 1654/2272/2272
f 1664/2282/2282 1670/2288/2288 1645/2263/2263
f 1664/2282/2282 1601/2219/2219 1643/2261/2261
f 1644/2262/2262 1664/2282/2282 1645/2263/2263
f 1601/2219/2219 1664/2282/2282 1644/2262/2262
f 1655/2273/2273 1644/2262/2262 1645/2263/2263
f 1603/2221/2221 1655/2273/2273 1622/2240/2240
f 1644/2262/2262 1655/2273/2273 1603/2221/2221
f 1644/2262/2262 1558/2176/2176 1601/2219/2219
f 1602/2220/2220 1644/2262/2262 1603/2221/2221
f 1558/2176/2176 1644/2262/2262 1602/2220/2220
f 1623/2241/2241 1602/2220/2220 1603/2221/2221
f 1530/2148/2148 1623/2241/2241 1554/2172/2172
f 1602/2220/2220 1623/2241/2241 1530/2148/2148
f 1680/2298/2298 1679/2297/2297 1677/2295/2295 1678/2296/2296
f 1672/2290/2290 1663/2281/2281 1679/2297/2297 1680/2298/2298
f 1683/2301/2301 1682/2300/2300 1675/2293/2293 1681/2299/2299
f 1678/2296/2296 1677/2295/2295 1682/2300/2300 1683/2301/2301
f 1682/2300/2300 1668/2286/2286 1675/2293/2293
f 1676/2294/2294 1682/2300/2300 1677/2295/2295
f 1668/2286/2286 1682/2300/2300 1676/2294/2294
f 1679/2297/2297 1676/2294/2294 1677/2295/2295
f 1643/2261/2261 1679/2297/2297 1663/2281/2281
f 1676/2294/2294 1679/2297/2297 1643/2261/2261
f 1691/2309/2309 1690/2308/2308 1686/2304/2304 1689/2307/2307
f 1681/2299/2299 1675/2293/2293 1690/2308/2308 1691/2309/2309
f 1694/2312/2312 1693/2311/2311 1684/2302/2302 1692/2310/2310
f 1689/2307/2307 1686/2304/2304 1693/2311/2311 1694/2312/2312
f 1693/2311/2311 1666/2284/2284 1684/2302/2302
f 1685/2303/2303 1693/2311/2311 1686/2304/2304
f 1666/2284/2284 1693/2311/2311 1685/2303/2303
f 1690/2308/2308 1685/2303/2303 1686/2304/2304
f 1668/2286/2286 1690/2308/2308 1675/2293/2293
f 1685/2303/2303 1690/2308/2308 1668/2286/2286
f 1685/2303/2303 1647/2265/2265 1666/2284/2284
f 1667/2285/2285 1685/2303/2303 1668/2286/2286
f 1647/2265/2265 1685/2303/2303 1667/2285/2285
f 1676/2294/2294 1667/2285/2285 1668/2286/2286
f 1601/2219/2219 1676/2294/2294 1643/2261/2261
f 1667/2285/2285 1676/2294/2294 1601/2219/2219
f 1700/2318/2318 1699/2317/2317 1697/2315/2315 1698/2316/2316
f 1692/2310/2310 1684/2302/2302 1699/2317/2317 1700/2318/2318
f 1703/2321/2321 1702/2320/2320 1695/2313/2313 1701/2319/2319
f 1698/2316/2316 1697/2315/2315 1702/2320/2320 1703/2321/2321
f 1702/2320/2320 1688/2306/2306 1695/2313/2313
f 1696/2314/2314 1702/2320/2320 1697/2315/2315
f 1688/2306/2306 1702/2320/2320 1696/2314/2314
f 1699/2317/2317 1696/2314/2314 1697/2315/2315
f 1666/2284/2284 1699/2317/2317 1684/2302/2302
f 1696/2314/2314 1699/2317/2317 1666/2284/2284
f 1708/2326/2326 1707/2325/2325 1705/2323/2323 1706/2324/2324
f 1701/2319/2319 1695/2313/2313 1707/2325/2325 1708/2326/2326
f 1706/2324/2324 1705/2323/2323 1709/2327/2327 1710/2328/2328
f 1707/2325/2325 1704/2322/2322 1705/2323/2323
f 1688/2306/2306 1707/2325/2325 1695/2313/2313
f 1704/2322/2322 1707/2325/2325 1688/2306/2306
f 1688/2306/2306 1858/2695/2695 1860/2697/2697 1704/2322/2322
f 1858/2695/2695 1687/2305/2305 1859/2696/2696 1860/2697/2697
f 1696/2314/2314 1858/2695/2695 1688/2306/2306
f 1858/2695/2695 1647/2265/2265 1687/2305/2305
f 1647/2265/2265 1696/2314/2314 1666/2284/2284
f 1696/2314/2314 1647/2265/2265 1858/2695/2695
f 1867/2704/2704 1861/2698/2698 1863/2700/2700
f 1647/2265/2265 1867/2704/2704 1687/2305/2305
f 1861/2698/2698 1867/2704/2704 1647/2265/2265
f 1687/2305/2305 1867/2704/2704 1869/2706/2706 1859/2696/2696
f 1867/2704/2704 1863/2700/2700 1868/2705/2705 1869/2706/2706
f 1863/2700/2700 1870/2707/2707 1872/2709/2709 1868/2705/2705
f 1870/2707/2707 1862/2699/2699 1871/2708/2708 1872/2709/2709
f 1870/2707/2707 1646/2264/2264 1862/2699/2699
f 1861/2698/2698 1870/2707/2707 1863/2700/2700
f 1646/2264/2264 1870/2707/2707 1861/2698/2698
f 1667/2285/2285 1861/2698/2698 1647/2265/2265
f 1861/2698/2698 1558/2176/2176 1646/2264/2264
f 1558/2176/2176 1667/2285/2285 1601/2219/2219
f 1667/2285/2285 1558/2176/2176 1861/2698/2698
f 1873/2710/2710 1864/2701/2701 1866/2703/2703
f 1558/2176/2176 1873/2710/2710 1646/2264/2264
f 1864/2701/2701 1873/2710/2710 1558/2176/2176
f 1876/2713/2713 1873/2710/2710 1875/2712/2712
f 1646/2264/2264 1876/2713/2713 1862/2699/2699
f 1873/2710/2710 1876/2713/2713 1646/2264/2264
f 1862/2699/2699 1876/2713/2713 1878/2715/2715 1871/2708/2708
f 1876/2713/2713 1875/2712/2712 1877/2714/2714 1878/2715/2715
f 1875/2712/2712 1879/2716/2716 1881/2718/2718 1877/2714/2714
f 1879/2716/2716 1874/2711/2711 1880/2717/2717 1881/2718/2718
f 1879/2716/2716 1866/2703/2703 1874/2711/2711
f 1873/2710/2710 1879/2716/2716 1875/2712/2712
f 1866/2703/2703 1879/2716/2716 1873/2710/2710
f 1887/2724/2724 1882/2719/2719 1884/2721/2721
f 1866/2703/2703 1887/2724/2724 1874/2711/2711
f 1882/2719/2719 1887/2724/2724 1866/2703/2703
f 1874/2711/2711 1887/2724/2724 1889/2726/2726 1880/2717/2717
f 1887/2724/2724 1884/2721/2721 1888/2725/2725 1889/2726/2726
f 1884/2721/2721 1890/2727/2727 1892/2729/2729 1888/2725/2725
f 1890/2727/2727 1883/2720/2720 1891/2728/2728 1892/2729/2729
f 1890/2727/2727 1865/2702/2702 1883/2720/2720
f 1882/2719/2719 1890/2727/2727 1884/2721/2721
f 1865/2702/2702 1890/2727/2727 1882/2719/2719
f 1882/2719/2719 1557/2175/2175 1865/2702/2702
f 1864/2701/2701 1882/2719/2719 1866/2703/2703
f 1557/2175/2175 1882/2719/2719 1864/2701/2701
f 1602/2220/2220 1864/2701/2701 1558/2176/2176
f 1864/2701/2701 1529/2147/2147 1557/2175/2175
f 1529/2147/2147 1602/2220/2220 1530/2148/2148
f 1602/2220/2220 1529/2147/2147 1864/2701/2701
f 1885/2722/2722 1729/2410/2410 1712/2393/2393
f 1729/2410/2410 1529/2147/2147 1711/2392/2392
f 1529/2147/2147 1885/2722/2722 1557/2175/2175
f 1885/2722/2722 1529/2147/2147 1729/2410/2410
f 1893/2730/2730 1885/2722/2722 1886/2723/2723
f 1557/2175/2175 1893/2730/2730 1865/2702/2702
f 1885/2722/2722 1893/2730/2730 1557/2175/2175
f 1896/2733/2733 1893/2730/2730 1895/2732/2732
f 1865/2702/2702 1896/2733/2733 1883/2720/2720
f 1893/2730/2730 1896/2733/2733 1865/2702/2702
f 1883/2720/2720 1896/2733/2733 1898/2735/2735 1891/2728/2728
f 1896/2733/2733 1895/2732/2732 1897/2734/2734 1898/2735/2735
f 1895/2732/2732 1899/2736/2736 1901/2738/2738 1897/2734/2734
f 1899/2736/2736 1894/2731/2731 1900/2737/2737 1901/2738/2738
f 1899/2736/2736 1886/2723/2723 1894/2731/2731
f 1893/2730/2730 1899/2736/2736 1895/2732/2732
f 1886/2723/2723 1899/2736/2736 1893/2730/2730
f 1905/2742/2742 1902/2739/2739 1904/2741/2741
f 1886/2723/2723 1905/2742/2742 1894/2731/2731
f 1902/2739/2739 1905/2742/2742 1886/2723/2723
f 1894/2731/2731 1905/2742/2742 1907/2744/2744 1900/2737/2737
f 1905/2742/2742 1904/2741/2741 1906/2743/2743 1907/2744/2744
f 1904/2741/2741 1908/2745/2745 1910/2747/2747 1906/2743/2743
f 1908/2745/2745 1903/2740/2740 1909/2746/2746 1910/2747/2747
f 1908/2745/2745 1714/2395/2395 1903/2740/2740
f 1902/2739/2739 1908/2745/2745 1904/2741/2741
f 1714/2395/2395 1908/2745/2745 1902/2739/2739
f 1902/2739/2739 1712/2393/2393 1714/2395/2395
f 1885/2722/2722 1902/2739/2739 1886/2723/2723
f 1712/2393/2393 1902/2739/2739 1885/2722/2722
f 1911/2748/2748 1726/2407/2407 1715/2396/2396
f 1726/2407/2407 1712/2393/2393 1713/2394/2394
f 1712/2393/2393 1911/2748/2748 1714/2395/2395
f 1911/2748/2748 1712/2393/2393 1726/2407/2407
f 1913/2750/2750 1911/2748/2748 1912/2749/2749
f 1714/2395/2395 1913/2750/2750 1903/2740/2740
f 1911/2748/2748 1913/2750/2750 1714/2395/2395
f 1903/2740/2740 1913/2750/2750 1915/2752/2752 1909/2746/2746
f 1913/2750/2750 1912/2749/2749 1914/2751/2751 1915/2752/2752
f 1912/2749/2749 1916/2753/2753 1918/2755/2755 1914/2751/2751
f 1916/2753/2753 1717/2398/2398 1917/2754/2754 1918/2755/2755
f 1916/2753/2753 1715/2396/2396 1717/2398/2398
f 1911/2748/2748 1916/2753/2753 1912/2749/2749
f 1715/2396/2396 1916/2753/2753 1911/2748/2748
f 1919/2756/2756 1723/2404/2404 1718/2399/2399
f 1723/2404/2404 1715/2396/2396 1716/2397/2397
f 1715/2396/2396 1919/2756/2756 1717/2398/2398
f 1919/2756/2756 1715/2396/2396 1723/2404/2404
f 1717/2398/2398 1919/2756/2756 1920/2757/2757 1917/2754/2754
f 1919/2756/2756 1718/2399/2399 1720/2401/2401 1920/2757/2757
f 1718/2399/2399 1719/2400/2400 1721/2402/2402 1720/2401/2401
f 1716/2397/2397 1722/2403/2403 1724/2405/2405 1723/2404/2404
f 1723/2404/2404 1724/2405/2405 1719/2400/2400 1718/2399/2399
f 1736/2417/2417 1713/2394/2394 1725/2406/2406
f 1726/2407/2407 1736/2417/2417 1727/2408/2408
f 1713/2394/2394 1736/2417/2417 1726/2407/2407
f 1733/2414/2414 1726/2407/2407 1727/2408/2408
f 1715/2396/2396 1733/2414/2414 1716/2397/2397
f 1726/2407/2407 1733/2414/2414 1715/2396/2396
f 1727/2408/2408 1732/2413/2413 1734/2415/2415 1733/2414/2414
f 1733/2414/2414 1734/2415/2415 1722/2403/2403 1716/2397/2397
f 1725/2406/2406 1735/2416/2416 1737/2418/2418 1736/2417/2417
f 1736/2417/2417 1737/2418/2418 1732/2413/2413 1727/2408/2408
f 1748/2429/2429 1711/2392/2392 1728/2409/2409
f 1729/2410/2410 1748/2429/2429 1730/2411/2411
f 1711/2392/2392 1748/2429/2429 1729/2410/2410
f 1739/2420/2420 1729/2410/2410 1730/2411/2411
f 1712/2393/2393 1739/2420/2420 1713/2394/2394
f 1729/2410/2410 1739/2420/2420 1712/2393/2393
f 1745/2426/2426 1730/2411/2411 1738/2419/2419
f 1739/2420/2420 1745/2426/2426 1740/2421/2421
f 1730/2411/2411 1745/2426/2426 1739/2420/2420
f 1742/2423/2423 1739/2420/2420 1740/2421/2421
f 1713/2394/2394 1742/2423/2423 1725/2406/2406
f 1739/2420/2420 1742/2423/2423 1713/2394/2394
f 1740/2421/2421 1741/2422/2422 1743/2424/2424 1742/2423/2423
f 1742/2423/2423 1743/2424/2424 1735/2416/2416 1725/2406/2406
f 1738/2419/2419 1744/2425/2425 1746/2427/2427 1745/2426/2426
f 1745/2426/2426 1746/2427/2427 1741/2422/2422 1740/2421/2421
f 1757/2438/2438 1728/2409/2409 1747/2428/2428
f 1748/2429/2429 1757/2438/2438 1749/2430/2430
f 1728/2409/2409 1757/2438/2438 1748/2429/2429
f 1754/2435/2435 1748/2429/2429 1749/2430/2430
f 1730/2411/2411 1754/2435/2435 1738/2419/2419
f 1748/2429/2429 1754/2435/2435 1730/2411/2411
f 1749/2430/2430 1753/2434/2434 1755/2436/2436 1754/2435/2435
f 1754/2435/2435 1755/2436/2436 1744/2425/2425 1738/2419/2419
f 1747/2428/2428 1756/2437/2437 1758/2439/2439 1757/2438/2438
f 1757/2438/2438 1758/2439/2439 1753/2434/2434 1749/2430/2430
f 1827/2586/2586 1829/2588/2588 1828/2587/2587 1819/2578/2578
f 1829/2588/2588 1824/2583/2583 1821/2580/2580 1828/2587/2587
f 1828/2587/2587 1801/2560/2560 1819/2578/2578
f 1820/2579/2579 1828/2587/2587 1821/2580/2580
f 1801/2560/2560 1828/2587/2587 1820/2579/2579
f 1825/2584/2584 1820/2579/2579 1821/2580/2580
f 1803/2562/2562 1825/2584/2584 1810/2569/2569
f 1820/2579/2579 1825/2584/2584 1803/2562/2562
f 1824/2583/2583 1826/2585/2585 1825/2584/2584 1821/2580/2580
f 1826/2585/2585 1816/2575/2575 1810/2569/2569 1825/2584/2584
f 1820/2579/2579 1531/2149/2149 1801/2560/2560
f 1802/2561/2561 1820/2579/2579 1803/2562/2562
f 1531/2149/2149 1820/2579/2579 1802/2561/2561
f 1811/2570/2570 1802/2561/2561 1803/2562/2562
f 1731/2412/2412 1811/2570/2570 1771/2452/2452
f 1802/2561/2561 1811/2570/2570 1731/2412/2412
f 1816/2575/2575 1818/2577/2577 1817/2576/2576 1810/2569/2569
f 1818/2577/2577 1813/2572/2572 1812/2571/2571 1817/2576/2576
f 1817/2576/2576 1803/2562/2562 1810/2569/2569
f 1811/2570/2570 1817/2576/2576 1812/2571/2571
f 1803/2562/2562 1817/2576/2576 1811/2570/2570
f 1814/2573/2573 1811/2570/2570 1812/2571/2571
f 1771/2452/2452 1814/2573/2573 1798/2557/2557
f 1811/2570/2570 1814/2573/2573 1771/2452/2452
f 1813/2572/2572 1815/2574/2574 1814/2573/2573 1812/2571/2571
f 1815/2574/2574 1807/2566/2566 1798/2557/2557 1814/2573/2573
f 1751/2432/2432 1802/2561/2561 1731/2412/2412
f 1802/2561/2561 1529/2147/2147 1531/2149/2149
f 1529/2147/2147 1751/2432/2432 1711/2392/2392
f 1751/2432/2432 1529/2147/2147 1802/2561/2561
f 1769/2450/2450 1731/2412/2412 1750/2431/2431
f 1751/2432/2432 1769/2450/2450 1752/2433/2433
f 1731/2412/2412 1769/2450/2450 1751/2432/2432
f 1760/2441/2441 1751/2432/2432 1752/2433/2433
f 1711/2392/2392 1760/2441/2441 1728/2409/2409
f 1751/2432/2432 1760/2441/2441 1711/2392/2392
f 1766/2447/2447 1752/2433/2433 1759/2440/2440
f 1760/2441/2441 1766/2447/2447 1761/2442/2442
f 1752/2433/2433 1766/2447/2447 1760/2441/2441
f 1763/2444/2444 1760/2441/2441 1761/2442/2442
f 1728/2409/2409 1763/2444/2444 1747/2428/2428
f 1760/2441/2441 1763/2444/2444 1728/2409/2409
f 1761/2442/2442 1762/2443/2443 1764/2445/2445 1763/2444/2444
f 1763/2444/2444 1764/2445/2445 1756/2437/2437 1747/2428/2428
f 1759/2440/2440 1765/2446/2446 1767/2448/2448 1766/2447/2447
f 1766/2447/2447 1767/2448/2448 1762/2443/2443 1761/2442/2442
f 1777/2458/2458 1750/2431/2431 1768/2449/2449
f 1769/2450/2450 1777/2458/2458 1770/2451/2451
f 1750/2431/2431 1777/2458/2458 1769/2450/2450
f 1774/2455/2455 1769/2450/2450 1770/2451/2451
f 1752/2433/2433 1774/2455/2455 1759/2440/2440
f 1769/2450/2450 1774/2455/2455 1752/2433/2433
f 1770/2451/2451 1773/2454/2454 1775/2456/2456 1774/2455/2455
f 1774/2455/2455 1775/2456/2456 1765/2446/2446 1759/2440/2440
f 1768/2449/2449 1776/2457/2457 1778/2459/2459 1777/2458/2458
f 1777/2458/2458 1778/2459/2459 1773/2454/2454 1770/2451/2451
f 1807/2566/2566 1809/2568/2568 1808/2567/2567 1798/2557/2557
f 1809/2568/2568 1804/2563/2563 1800/2559/2559 1808/2567/2567
f 1808/2567/2567 1771/2452/2452 1798/2557/2557
f 1799/2558/2558 1808/2567/2567 1800/2559/2559
f 1771/2452/2452 1808/2567/2567 1799/2558/2558
f 1805/2564/2564 1799/2558/2558 1800/2559/2559
f 1772/2453/2453 1805/2564/2564 1788/2469/2469
f 1799/2558/2558 1805/2564/2564 1772/2453/2453
f 1804/2563/2563 1806/2565/2565 1805/2564/2564 1800/2559/2559
f 1806/2565/2565 1795/2554/2554 1788/2469/2469 1805/2564/2564
f 1780/2461/2461 1799/2558/2558 1772/2453/2453
f 1799/2558/2558 1731/2412/2412 1771/2452/2452
f 1731/2412/2412 1780/2461/2461 1750/2431/2431
f 1780/2461/2461 1731/2412/2412 1799/2558/2558
f 1786/2467/2467 1772/2453/2453 1779/2460/2460
f 1780/2461/2461 1786/2467/2467 1781/2462/2462
f 1772/2453/2453 1786/2467/2467 1780/2461/2461
f 1783/2464/2464 1780/2461/2461 1781/2462/2462
f 1750/2431/2431 1783/2464/2464 1768/2449/2449
f 1780/2461/2461 1783/2464/2464 1750/2431/2431
f 1781/2462/2462 1782/2463/2463 1784/2465/2465 1783/2464/2464
f 1783/2464/2464 1784/2465/2465 1776/2457/2457 1768/2449/2449
f 1779/2460/2460 1785/2466/2466 1787/2468/2468 1786/2467/2467
f 1786/2467/2467 1787/2468/2468 1782/2463/2463 1781/2462/2462
f 1795/2554/2554 1797/2556/2556 1796/2555/2555 1788/2469/2469
f 1797/2556/2556 1793/2474/2474 1789/2470/2470 1796/2555/2555
f 1791/2472/2472 1796/2555/2555 1789/2470/2470
f 1796/2555/2555 1772/2453/2453 1788/2469/2469
f 1772/2453/2453 1791/2472/2472 1779/2460/2460
f 1791/2472/2472 1772/2453/2453 1796/2555/2555
f 1789/2470/2470 1790/2471/2471 1792/2473/2473 1791/2472/2472
f 1791/2472/2472 1792/2473/2473 1785/2466/2466 1779/2460/2460
f 1793/2474/2474 1794/2475/2475 1790/2471/2471 1789/2470/2470
f 740/2329/2329 614/2020/2020 833/2694/2694
f 1721/2402/2402 833/2694/2694 834/2693/2693
f 835/2692/2692 836/2691/2691 1721/2402/2402
f 1920/2757/2757 838/2689/2689 839/2688/2688
f 1720/2401/2401 837/2690/2690 838/2689/2689
f 1721/2402/2402 834/2693/2693 835/2692/2692
f 842/2685/2685 1917/2754/2754 841/2686/2686
f 1917/2754/2754 842/2685/2685 843/2684/2684
f 840/2687/2687 841/2686/2686 1920/2757/2757
f 844/2683/2683 1918/2755/2755 843/2684/2684
f 845/2682/2682 846/2681/2681 1918/2755/2755
f 844/2683/2683 845/2682/2682 1918/2755/2755
f 1920/2757/2757 839/2688/2688 840/2687/2687
f 1720/2401/2401 836/2691/2691 837/2690/2690
f 847/2680/2680 848/2679/2679 1914/2751/2751
f 833/2694/2694 1721/2402/2402 740/2329/2329
f 849/2678/2678 1915/2752/2752 848/2679/2679
f 1917/2754/2754 1920/2757/2757 841/2686/2686
f 1721/2402/2402 836/2691/2691 1720/2401/2401
f 847/2680/2680 1914/2751/2751 846/2681/2681
f 1720/2401/2401 838/2689/2689 1920/2757/2757
f 1721/2402/2402 739/2330/2330 740/2329/2329
f 1915/2752/2752 849/2678/2678 850/2677/2677
f 850/2677/2677 851/2676/2676 1915/2752/2752
f 1909/2746/2746 852/2675/2675 853/2674/2674
f 852/2675/2675 1909/2746/2746 851/2676/2676
f 853/2674/2674 854/2673/2673 1910/2747/2747
f 855/2672/2672 856/2671/2671 1906/2743/2743
f 1910/2747/2747 854/2673/2673 855/2672/2672
f 856/2671/2671 857/2670/2670 1906/2743/2743
f 858/2669/2669 1906/2743/2743 857/2670/2670
f 859/2668/2668 1907/2744/2744 858/2669/2669
f 1907/2744/2744 859/2668/2668 860/2667/2667
f 1900/2737/2737 860/2667/2667 861/2666/2666
f 1901/2738/2738 863/2664/2664 864/2663/2663
f 861/2666/2666 862/2665/2665 1900/2737/2737
f 862/2665/2665 863/2664/2664 1900/2737/2737
f 864/2663/2663 865/2662/2662 1901/2738/2738
f 866/2661/2661 867/2660/2660 1897/2734/2734
f 1897/2734/2734 865/2662/2662 866/2661/2661
f 869/2658/2658 870/2657/2657 1898/2735/2735
f 1891/2728/2728 871/2656/2656 872/2655/2655
f 1891/2728/2728 870/2657/2657 871/2656/2656
f 868/2659/2659 869/2658/2658 1898/2735/2735
f 1897/2734/2734 867/2660/2660 868/2659/2659
f 1892/2729/2729 873/2654/2654 874/2653/2653
f 875/2652/2652 876/2651/2651 1888/2725/2725
f 1892/2729/2729 874/2653/2653 875/2652/2652
f 876/2651/2651 877/2650/2650 1888/2725/2725
f 1889/2726/2726 879/2648/2648 880/2647/2647
f 877/2650/2650 878/2649/2649 1888/2725/2725
f 879/2648/2648 1889/2726/2726 878/2649/2649
f 880/2647/2647 881/2646/2646 1880/2717/2717
f 883/2644/2644 884/2643/2643 1881/2718/2718
f 1880/2717/2717 882/2645/2645 883/2644/2644
f 1881/2718/2718 884/2643/2643 885/2642/2642
f 887/2640/2640 888/2639/2639 1877/2714/2714
f 885/2642/2642 886/2641/2641 1877/2714/2714
f 881/2646/2646 882/2645/2645 1880/2717/2717
f 872/2655/2655 873/2654/2654 1891/2728/2728
f 1877/2714/2714 886/2641/2641 887/2640/2640
f 843/2684/2684 1918/2755/2755 1917/2754/2754
f 1719/2400/2400 738/2331/2331 739/2330/2330 1721/2402/2402
f 737/2332/2332 738/2331/2331 1719/2400/2400
f 736/2333/2333 1719/2400/2400 1724/2405/2405
f 734/2335/2335 735/2334/2334 1724/2405/2405
f 1719/2400/2400 736/2333/2333 737/2332/2332
f 1724/2405/2405 735/2334/2334 736/2333/2333
f 732/2337/2337 733/2336/2336 1722/2403/2403
f 731/2338/2338 1734/2415/2415 730/2339/2339
f 1734/2415/2415 731/2338/2338 732/2337/2337
f 1722/2403/2403 733/2336/2336 734/2335/2335
f 728/2341/2341 729/2340/2340 1732/2413/2413
f 727/2342/2342 728/2341/2341 1737/2418/2418
f 1732/2413/2413 729/2340/2340 730/2339/2339
f 727/2342/2342 1737/2418/2418 726/2343/2343
f 724/2345/2345 725/2344/2344 1735/2416/2416
f 722/2347/2347 723/2346/2346 1743/2424/2424
f 1735/2416/2416 725/2344/2344 726/2343/2343
f 1741/2422/2422 721/2348/2348 722/2347/2347
f 719/2350/2350 720/2349/2349 1746/2427/2427
f 1741/2422/2422 720/2349/2349 721/2348/2348
f 718/2351/2351 719/2350/2350 1746/2427/2427
f 1744/2425/2425 717/2352/2352 718/2351/2351
f 1755/2436/2436 714/2355/2355 715/2354/2354
f 1755/2436/2436 715/2354/2354 716/2353/2353
f 712/2357/2357 713/2356/2356 1753/2434/2434
f 711/2358/2358 712/2357/2357 1758/2439/2439
f 714/2355/2355 1753/2434/2434 713/2356/2356
f 717/2352/2352 1744/2425/2425 716/2353/2353
f 1743/2424/2424 723/2346/2346 724/2345/2345
f 710/2359/2359 711/2358/2358 1758/2439/2439
f 846/2681/2681 1914/2751/2751 1918/2755/2755
f 851/2676/2676 1909/2746/2746 1915/2752/2752
f 848/2679/2679 1915/2752/2752 1914/2751/2751
f 855/2672/2672 1906/2743/2743 1910/2747/2747
f 860/2667/2667 1900/2737/2737 1907/2744/2744
f 858/2669/2669 1907/2744/2744 1906/2743/2743
f 853/2674/2674 1910/2747/2747 1909/2746/2746
f 865/2662/2662 1897/2734/2734 1901/2738/2738
f 870/2657/2657 1891/2728/2728 1898/2735/2735
f 868/2659/2659 1898/2735/2735 1897/2734/2734
f 875/2652/2652 1888/2725/2725 1892/2729/2729
f 880/2647/2647 1880/2717/2717 1889/2726/2726
f 878/2649/2649 1889/2726/2726 1888/2725/2725
f 873/2654/2654 1892/2729/2729 1891/2728/2728
f 863/2664/2664 1901/2738/2738 1900/2737/2737
f 734/2335/2335 1724/2405/2405 1722/2403/2403
f 730/2339/2339 1734/2415/2415 1732/2413/2413
f 1734/2415/2415 732/2337/2337 1722/2403/2403
f 726/2343/2343 1737/2418/2418 1735/2416/2416
f 722/2347/2347 1743/2424/2424 1741/2422/2422
f 1743/2424/2424 724/2345/2345 1735/2416/2416
f 1737/2418/2418 728/2341/2341 1732/2413/2413
f 718/2351/2351 1746/2427/2427 1744/2425/2425
f 885/2642/2642 1877/2714/2714 1881/2718/2718
f 714/2355/2355 1755/2436/2436 1753/2434/2434
f 710/2359/2359 1758/2439/2439 1756/2437/2437
f 1758/2439/2439 712/2357/2357 1753/2434/2434
f 1755/2436/2436 716/2353/2353 1744/2425/2425
f 1746/2427/2427 720/2349/2349 1741/2422/2422
f 883/2644/2644 1881/2718/2718 1880/2717/2717
f 1756/2437/2437 709/2360/2360 710/2359/2359
f 1878/2715/2715 1877/2714/2714 888/2639/2639
f 1878/2715/2715 889/2638/2638 890/2637/2637
f 1871/2708/2708 891/2636/2636 892/2635/2635
f 1872/2709/2709 893/2634/2634 894/2633/2633
f 895/2632/2632 896/2631/2631 1868/2705/2705
f 894/2633/2633 895/2632/2632 1872/2709/2709
f 1871/2708/2708 890/2637/2637 891/2636/2636
f 896/2631/2631 897/2630/2630 1868/2705/2705
f 1869/2706/2706 899/2628/2628 900/2627/2627
f 1869/2706/2706 897/2630/2630 898/2629/2629
f 901/2626/2626 902/2625/2625 1859/2696/2696
f 902/2625/2625 903/2624/2624 1860/2697/2697
f 900/2627/2627 901/2626/2626 1859/2696/2696
f 898/2629/2629 899/2628/2628 1869/2706/2706
f 892/2635/2635 893/2634/2634 1872/2709/2709
f 1871/2708/2708 892/2635/2635 1872/2709/2709
f 897/2630/2630 1869/2706/2706 1868/2705/2705
f 1868/2705/2705 1872/2709/2709 895/2632/2632
f 1878/2715/2715 890/2637/2637 1871/2708/2708
f 1869/2706/2706 900/2627/2627 1859/2696/2696
f 903/2624/2624 904/2623/2623 1860/2697/2697
f 1859/2696/2696 902/2625/2625 1860/2697/2697
f 905/2622/2622 1860/2697/2697 904/2623/2623
f 906/2621/2621 907/2620/2620 1704/2322/2322
f 907/2620/2620 908/2619/2619 1709/2327/2327
f 1704/2322/2322 905/2622/2622 906/2621/2621
f 1705/2323/2323 1704/2322/2322 1709/2327/2327
f 908/2619/2619 909/2618/2618 1709/2327/2327
f 909/2618/2618 1710/2328/2328 1709/2327/2327
f 1704/2322/2322 907/2620/2620 1709/2327/2327
f 1704/2322/2322 1860/2697/2697 905/2622/2622
f 1878/2715/2715 888/2639/2639 889/2638/2638
f 521/2145/2145 1710/2328/2328 910/2617/2617
f 909/2618/2618 910/2617/2617 1710/2328/2328
f 910/2617/2617 272/2146/2146 521/2145/2145
f 520/2144/2144 1710/2328/2328 521/2145/2145
f 1706/2324/2324 1710/2328/2328 519/2143/2143
f 1701/2319/2319 1708/2326/2326 515/2139/2139
f 1708/2326/2326 1706/2324/2324 517/2141/2141
f 1703/2321/2321 1701/2319/2319 513/2137/2137
f 519/2143/2143 1710/2328/2328 520/2144/2144
f 1706/2324/2324 519/2143/2143 518/2142/2142
f 517/2141/2141 1706/2324/2324 518/2142/2142
f 515/2139/2139 1708/2326/2326 516/2140/2140
f 1701/2319/2319 515/2139/2139 514/2138/2138
f 1701/2319/2319 514/2138/2138 513/2137/2137
f 517/2141/2141 516/2140/2140 1708/2326/2326
f 513/2137/2137 512/2136/2136 1703/2321/2321
f 512/2136/2136 511/2135/2135 1703/2321/2321
f 1698/2316/2316 1703/2321/2321 511/2135/2135
f 1698/2316/2316 511/2135/2135 510/2134/2134
f 509/2133/2133 1698/2316/2316 510/2134/2134
f 1700/2318/2318 1698/2316/2316 509/2133/2133
f 1694/2312/2312 1692/2310/2310 505/2129/2129
f 1692/2310/2310 1700/2318/2318 507/2131/2131
f 1689/2307/2307 1694/2312/2312 503/2127/2127
f 508/2132/2132 1700/2318/2318 509/2133/2133
f 506/2130/2130 1692/2310/2310 507/2131/2131
f 508/2132/2132 507/2131/2131 1700/2318/2318
f 1692/2310/2310 506/2130/2130 505/2129/2129
f 1694/2312/2312 504/2128/2128 503/2127/2127
f 503/2127/2127 502/2126/2126 1689/2307/2307
f 1694/2312/2312 505/2129/2129 504/2128/2128
f 502/2126/2126 1691/2309/2309 1689/2307/2307
f 500/2124/2124 1691/2309/2309 501/2125/2125
f 502/2126/2126 501/2125/2125 1691/2309/2309
f 1681/2299/2299 1691/2309/2309 500/2124/2124
f 499/2123/2123 1681/2299/2299 500/2124/2124
f 1678/2296/2296 1683/2301/2301 496/2120/2120
f 1683/2301/2301 1681/2299/2299 498/2122/2122
f 1680/2298/2298 1678/2296/2296 494/2118/2118
f 1681/2299/2299 499/2123/2123 498/2122/2122
f 1683/2301/2301 498/2122/2122 497/2121/2121
f 497/2121/2121 496/2120/2120 1683/2301/2301
f 494/2118/2118 1678/2296/2296 495/2119/2119
f 1680/2298/2298 493/2117/2117 492/2116/2116
f 495/2119/2119 1678/2296/2296 496/2120/2120
f 1680/2298/2298 494/2118/2118 493/2117/2117
f 492/2116/2116 1672/2290/2290 1680/2298/2298
f 491/2115/2115 1672/2290/2290 492/2116/2116
f 1669/2287/2287 1674/2292/2292 488/2112/2112
f 1674/2292/2292 1672/2290/2290 490/2114/2114
f 1660/2278/2278 1671/2289/2289 484/2108/2108
f 1657/2275/2275 1662/2280/2280 480/2104/2104
f 1662/2280/2280 1660/2278/2278 482/2106/2106
f 1671/2289/2289 1669/2287/2287 486/2110/2110
f 1651/2269/2269 1659/2277/2277 476/2100/2100
f 1648/2266/2266 1653/2271/2271 472/2096/2096
f 1653/2271/2271 1651/2269/2269 474/2098/2098
f 1637/2255/2255 1650/2268/2268 468/2092/2092
f 1634/2252/2252 1639/2257/2257 464/2088/2088
f 1639/2257/2257 1637/2255/2255 466/2090/2090
f 1650/2268/2268 1648/2266/2266 470/2094/2094
f 1659/2277/2277 1657/2275/2275 478/2102/2102
f 1636/2254/2254 1634/2252/2252 462/2086/2086
f 489/2113/2113 488/2112/2112 1674/2292/2292
f 1674/2292/2292 490/2114/2114 489/2113/2113
f 490/2114/2114 1672/2290/2290 491/2115/2115
f 488/2112/2112 487/2111/2111 1669/2287/2287
f 1671/2289/2289 486/2110/2110 485/2109/2109
f 1671/2289/2289 485/2109/2109 484/2108/2108
f 487/2111/2111 486/2110/2110 1669/2287/2287
f 482/2106/2106 1660/2278/2278 483/2107/2107
f 1662/2280/2280 482/2106/2106 481/2105/2105
f 483/2107/2107 1660/2278/2278 484/2108/2108
f 1659/2277/2277 478/2102/2102 477/2101/2101
f 1659/2277/2277 477/2101/2101 476/2100/2100
f 478/2102/2102 1657/2275/2275 479/2103/2103
f 480/2104/2104 479/2103/2103 1657/2275/2275
f 1662/2280/2280 481/2105/2105 480/2104/2104
f 1651/2269/2269 476/2100/2100 475/2099/2099
f 472/2096/2096 1653/2271/2271 473/2097/2097
f 474/2098/2098 473/2097/2097 1653/2271/2271
f 1648/2266/2266 472/2096/2096 471/2095/2095
f 1650/2268/2268 470/2094/2094 469/2093/2093
f 470/2094/2094 1648/2266/2266 471/2095/2095
f 1650/2268/2268 469/2093/2093 468/2092/2092
f 466/2090/2090 1637/2255/2255 467/2091/2091
f 1639/2257/2257 466/2090/2090 465/2089/2089
f 468/2092/2092 467/2091/2091 1637/2255/2255
f 462/2086/2086 1634/2252/2252 463/2087/2087
f 1636/2254/2254 461/2085/2085 460/2084/2084
f 463/2087/2087 1634/2252/2252 464/2088/2088
f 465/2089/2089 464/2088/2088 1639/2257/2257
f 461/2085/2085 1636/2254/2254 462/2086/2086
f 474/2098/2098 1651/2269/2269 475/2099/2099
f 1628/2246/2246 1636/2254/2254 460/2084/2084
f 707/2362/2362 708/2361/2361 1764/2445/2445
f 708/2361/2361 709/2360/2360 1764/2445/2445
f 1762/2443/2443 707/2362/2362 1764/2445/2445
f 704/2365/2365 705/2364/2364 1767/2448/2448
f 705/2364/2364 706/2363/2363 1762/2443/2443
f 706/2363/2363 707/2362/2362 1762/2443/2443
f 702/2367/2367 703/2366/2366 1765/2446/2446
f 701/2368/2368 1775/2456/2456 700/2369/2369
f 1765/2446/2446 701/2368/2368 702/2367/2367
f 1767/2448/2448 703/2366/2366 704/2365/2365
f 698/2371/2371 699/2370/2370 1773/2454/2454
f 1773/2454/2454 697/2372/2372 698/2371/2371
f 700/2369/2369 1775/2456/2456 699/2370/2370
f 697/2372/2372 1778/2459/2459 696/2373/2373
f 1776/2457/2457 694/2375/2375 695/2374/2374
f 1776/2457/2457 693/2376/2376 694/2375/2375
f 1784/2465/2465 692/2377/2377 693/2376/2376
f 1784/2465/2465 691/2378/2378 692/2377/2377
f 1782/2463/2463 689/2380/2380 690/2379/2379
f 1787/2468/2468 688/2381/2381 689/2380/2380
f 696/2373/2373 1778/2459/2459 695/2374/2374
f 686/2383/2383 687/2382/2382 1785/2466/2466
f 1792/2473/2473 684/2385/2385 685/2384/2384
f 685/2384/2384 686/2383/2383 1785/2466/2466
f 1792/2473/2473 683/2386/2386 684/2385/2385
f 681/2388/2388 682/2387/2387 1790/2471/2471
f 682/2387/2387 683/2386/2386 1790/2471/2471
f 688/2381/2381 1787/2468/2468 687/2382/2382
f 691/2378/2378 1782/2463/2463 690/2379/2379
f 680/2389/2389 681/2388/2388 1794/2475/2475
f 705/2364/2364 1762/2443/2443 1767/2448/2448
f 703/2366/2366 1767/2448/2448 1765/2446/2446
f 699/2370/2370 1775/2456/2456 1773/2454/2454
f 695/2374/2374 1778/2459/2459 1776/2457/2457
f 1778/2459/2459 697/2372/2372 1773/2454/2454
f 1775/2456/2456 701/2368/2368 1765/2446/2446
f 691/2378/2378 1784/2465/2465 1782/2463/2463
f 687/2382/2382 1787/2468/2468 1785/2466/2466
f 1787/2468/2468 689/2380/2380 1782/2463/2463
f 683/2386/2386 1792/2473/2473 1790/2471/2471
f 1133/2479/2479 1794/2475/2475 1793/2474/2474
f 1794/2475/2475 681/2388/2388 1790/2471/2471
f 1792/2473/2473 685/2384/2384 1785/2466/2466
f 1784/2465/2465 693/2376/2376 1776/2457/2457
f 1128/2484/2484 1797/2556/2556 1795/2554/2554
f 1123/2489/2489 1806/2565/2565 1804/2563/2563
f 1806/2565/2565 1126/2486/2486 1795/2554/2554
f 1118/2494/2494 1809/2568/2568 1807/2566/2566
f 1114/2498/2498 1815/2574/2574 1813/2572/2572
f 1815/2574/2574 1116/2496/2496 1807/2566/2566
f 1809/2568/2568 1121/2491/2491 1804/2563/2563
f 1109/2503/2503 1818/2577/2577 1816/2575/2575
f 1104/2508/2508 1826/2585/2585 1824/2583/2583
f 1826/2585/2585 1106/2506/2506 1816/2575/2575
f 1099/2513/2513 1829/2588/2588 1827/2586/2586
f 1094/2518/2518 1835/2594/2594 1833/2592/2592
f 1835/2594/2594 1096/2516/2516 1827/2586/2586
f 1829/2588/2588 1101/2511/2511 1824/2583/2583
f 1818/2577/2577 1111/2501/2501 1813/2572/2572
f 1797/2556/2556 1131/2481/2481 1793/2474/2474
f 1794/2475/2475 679/2390/2390 680/2389/2389
f 1807/2566/2566 1116/2496/2496 1117/2495/2495
f 1117/2495/2495 1118/2494/2494 1807/2566/2566
f 1115/2497/2497 1116/2496/2496 1815/2574/2574
f 1120/2492/2492 1809/2568/2568 1119/2493/2493
f 1119/2493/2493 1809/2568/2568 1118/2494/2494
f 1120/2492/2492 1121/2491/2491 1809/2568/2568
f 1804/2563/2563 1121/2491/2491 1122/2490/2490
f 1818/2577/2577 1110/2502/2502 1111/2501/2501
f 1109/2503/2503 1816/2575/2575 1108/2504/2504
f 1110/2502/2502 1818/2577/2577 1109/2503/2503
f 1113/2499/2499 1813/2572/2572 1112/2500/2500
f 1112/2500/2500 1813/2572/2572 1111/2501/2501
f 1813/2572/2572 1113/2499/2499 1114/2498/2498
f 1114/2498/2498 1115/2497/2497 1815/2574/2574
f 1816/2575/2575 1107/2505/2505 1108/2504/2504
f 1132/2480/2480 1133/2479/2479 1793/2474/2474
f 1131/2481/2481 1797/2556/2556 1130/2482/2482
f 1131/2481/2481 1132/2480/2480 1793/2474/2474
f 1135/2477/2477 1136/2476/2476 1794/2475/2475
f 1134/2478/2478 1794/2475/2475 1133/2479/2479
f 1134/2478/2478 1135/2477/2477 1794/2475/2475
f 1797/2556/2556 1129/2483/2483 1130/2482/2482
f 1124/2488/2488 1806/2565/2565 1123/2489/2489
f 1123/2489/2489 1804/2563/2563 1122/2490/2490
f 1806/2565/2565 1124/2488/2488 1125/2487/2487
f 1127/2485/2485 1128/2484/2484 1795/2554/2554
f 1126/2486/2486 1806/2565/2565 1125/2487/2487
f 1797/2556/2556 1128/2484/2484 1129/2483/2483
f 1127/2485/2485 1795/2554/2554 1126/2486/2486
f 679/2390/2390 1136/2476/2476 616/2391/2391
f 1088/2524/2524 1836/2595/2595 1087/2525/2525
f 1836/2595/2595 1086/2526/2526 1087/2525/2525
f 1089/2523/2523 1838/2597/2597 1836/2595/2595
f 1844/2603/2603 1086/2526/2526 1836/2595/2595
f 1838/2597/2597 1090/2522/2522 1091/2521/2521
f 1836/2595/2595 1088/2524/2524 1089/2523/2523
f 1838/2597/2597 1089/2523/2523 1090/2522/2522
f 1838/2597/2597 1091/2521/2521 1833/2592/2592
f 1082/2530/2530 1842/2601/2601 1081/2531/2531
f 1080/2532/2532 1081/2531/2531 1847/2606/2606
f 1842/2601/2601 1847/2606/2606 1081/2531/2531
f 1084/2528/2528 1844/2603/2603 1842/2601/2601
f 1842/2601/2601 1083/2529/2529 1084/2528/2528
f 1842/2601/2601 1082/2530/2530 1083/2529/2529
f 1085/2527/2527 1844/2603/2603 1084/2528/2528
f 1085/2527/2527 1086/2526/2526 1844/2603/2603
f 1101/2511/2511 1829/2588/2588 1100/2512/2512
f 1100/2512/2512 1829/2588/2588 1099/2513/2513
f 1827/2586/2586 1098/2514/2514 1099/2513/2513
f 1105/2507/2507 1826/2585/2585 1104/2508/2508
f 1103/2509/2509 1104/2508/2508 1824/2583/2583
f 1103/2509/2509 1824/2583/2583 1102/2510/2510
f 1102/2510/2510 1824/2583/2583 1101/2511/2511
f 1093/2519/2519 1094/2518/2518 1833/2592/2592
f 1091/2521/2521 1092/2520/2520 1833/2592/2592
f 1833/2592/2592 1092/2520/2520 1093/2519/2519
f 1096/2516/2516 1097/2515/2515 1827/2586/2586
f 1095/2517/2517 1096/2516/2516 1835/2594/2594
f 1827/2586/2586 1097/2515/2515 1098/2514/2514
f 1095/2517/2517 1835/2594/2594 1094/2518/2518
f 1105/2507/2507 1106/2506/2506 1826/2585/2585
f 1816/2575/2575 1106/2506/2506 1107/2505/2505
f 1136/2476/2476 679/2390/2390 1794/2475/2475
f 459/2083/2083 1630/2248/2248 1628/2246/2246
f 1630/2248/2248 459/2083/2083 458/2082/2082
f 460/2084/2084 459/2083/2083 1628/2246/2246
f 1625/2243/2243 1630/2248/2248 457/2081/2081
f 1616/2234/2234 1627/2245/2245 453/2077/2077
f 1627/2245/2245 1625/2243/2243 455/2079/2079
f 1618/2236/2236 1616/2234/2234 451/2075/2075
f 1630/2248/2248 458/2082/2082 457/2081/2081
f 455/2079/2079 1625/2243/2243 456/2080/2080
f 456/2080/2080 1625/2243/2243 457/2081/2081
f 1627/2245/2245 455/2079/2079 454/2078/2078
f 1616/2234/2234 452/2076/2076 451/2075/2075
f 452/2076/2076 1616/2234/2234 453/2077/2077
f 1627/2245/2245 454/2078/2078 453/2077/2077
f 450/2074/2074 1618/2236/2236 451/2075/2075
f 1613/2231/2231 1618/2236/2236 449/2073/2073
f 1607/2225/2225 1615/2233/2233 445/2069/2069
f 1615/2233/2233 1613/2231/2231 447/2071/2071
f 1604/2222/2222 1609/2227/2227 441/2065/2065
f 1592/2210/2210 1606/2224/2224 437/2061/2061
f 1606/2224/2224 1604/2222/2222 439/2063/2063
f 1609/2227/2227 1607/2225/2225 443/2067/2067
f 1594/2212/2212 434/2058/2058 433/2057/2057 1589/2207/2207
f 1591/2209/2209 430/2054/2054 429/2053/2053 1583/2201/2201
f 1589/2207/2207 432/2056/2056 431/2055/2055 1591/2209/2209
f 1585/2203/2203 426/2050/2050 425/2049/2049 1580/2198/2198
f 1582/2200/2200 422/2046/2046 421/2045/2045 1571/2189/2189
f 1580/2198/2198 424/2048/2048 423/2047/2047 1582/2200/2200
f 1583/2201/2201 428/2052/2052 427/2051/2051 1585/2203/2203
f 1592/2210/2210 436/2060/2060 435/2059/2059 1594/2212/2212
f 1571/2189/2189 420/2044/2044 419/2043/2043 1573/2191/2191
f 1613/2231/2231 449/2073/2073 448/2072/2072
f 1613/2231/2231 448/2072/2072 447/2071/2071
f 449/2073/2073 1618/2236/2236 450/2074/2074
f 447/2071/2071 446/2070/2070 1615/2233/2233
f 1607/2225/2225 445/2069/2069 444/2068/2068
f 1607/2225/2225 444/2068/2068 443/2067/2067
f 445/2069/2069 1615/2233/2233 446/2070/2070
f 441/2065/2065 1609/2227/2227 442/2066/2066
f 439/2063/2063 1604/2222/2222 440/2064/2064
f 441/2065/2065 440/2064/2064 1604/2222/2222
f 438/2062/2062 1606/2224/2224 439/2063/2063
f 1592/2210/2210 437/2061/2061 436/2060/2060
f 438/2062/2062 437/2061/2061 1606/2224/2224
f 1609/2227/2227 443/2067/2067 442/2066/2066
f 434/2058/2058 1594/2212/2212 435/2059/2059
f 432/2056/2056 1589/2207/2207 433/2057/2057
f 430/2054/2054 1591/2209/2209 431/2055/2055
f 428/2052/2052 1583/2201/2201 429/2053/2053
f 426/2050/2050 1585/2203/2203 427/2051/2051
f 424/2048/2048 1580/2198/2198 425/2049/2049
f 422/2046/2046 1582/2200/2200 423/2047/2047
f 420/2044/2044 1571/2189/2189 421/2045/2045
f 419/2043/2043 418/2042/2042 1573/2191/2191
f 1852/2611/2611 1850/2609/2609 1074/2538/2538
f 1850/2609/2609 1855/2614/2614 1072/2540/2540
f 1853/2612/2612 1857/2616/2616 1067/2545/2545
f 1540/2158/2158 1064/2548/2548 1857/2616/2616
f 1857/2616/2616 1064/2548/2548 1065/2547/2547
f 1855/2614/2614 1853/2612/2612 1069/2543/2543
f 1077/2535/2535 1845/2604/2604 1852/2611/2611
f 1543/2161/2161 1540/2158/2158 1541/2159/2159
f 1543/2161/2161 1062/2550/2550 1540/2158/2158
f 1543/2161/2161 1061/2551/2551 1062/2550/2550
f 1543/2161/2161 1060/2552/2552 1061/2551/2551
f 1063/2549/2549 1540/2158/2158 1062/2550/2550
f 1063/2549/2549 1064/2548/2548 1540/2158/2158
f 1543/2161/2161 1544/2162/2162 1060/2552/2552
f 1573/2191/2191 418/2042/2042 417/2041/2041 1568/2186/2186
f 1852/2611/2611 1074/2538/2538 1075/2537/2537
f 1850/2609/2609 1072/2540/2540 1073/2539/2539
f 1075/2537/2537 1076/2536/2536 1852/2611/2611
f 1845/2604/2604 1078/2534/2534 1079/2533/2533
f 1078/2534/2534 1845/2604/2604 1077/2535/2535
f 1077/2535/2535 1852/2611/2611 1076/2536/2536
f 1074/2538/2538 1850/2609/2609 1073/2539/2539
f 1068/2544/2544 1853/2612/2612 1067/2545/2545
f 1066/2546/2546 1857/2616/2616 1065/2547/2547
f 1067/2545/2545 1857/2616/2616 1066/2546/2546
f 1072/2540/2540 1855/2614/2614 1071/2541/2541
f 1070/2542/2542 1855/2614/2614 1069/2543/2543
f 1069/2543/2543 1853/2612/2612 1068/2544/2544
f 1071/2541/2541 1855/2614/2614 1070/2542/2542
f 1079/2533/2533 1847/2606/2606 1845/2604/2604
f 1570/2188/2188 416/2040/2040 415/2039/2039
f 417/2041/2041 416/2040/2040 1568/2186/2186
f 414/2038/2038 1570/2188/2188 415/2039/2039
f 1562/2180/2180 412/2036/2036 411/2035/2035 1564/2182/2182
f 1570/2188/2188 414/2038/2038 413/2037/2037 1562/2180/2180
f 1568/2186/2186 416/2040/2040 1570/2188/2188
f 1564/2182/2182 410/2034/2034 409/2033/2033 1559/2177/2177
f 412/2036/2036 1562/2180/2180 413/2037/2037
f 408/2032/2032 407/2031/2031 1561/2179/2179
f 408/2032/2032 1559/2177/2177 409/2033/2033
f 410/2034/2034 1564/2182/2182 411/2035/2035
f 1561/2179/2179 1559/2177/2177 408/2032/2032
f 1561/2179/2179 406/2030/2030 405/2029/2029 1545/2163/2163
f 404/2028/2028 1545/2163/2163 405/2029/2029
f 407/2031/2031 406/2030/2030 1561/2179/2179
f 1547/2165/2165 402/2026/2026 401/2025/2025 1542/2160/2160
f 1542/2160/2160 400/2024/2024 399/2023/2023 1544/2162/2162
f 1060/2552/2552 1544/2162/2162 1059/2553/2553
f 1545/2163/2163 404/2028/2028 403/2027/2027 1547/2165/2165
f 1059/2553/2553 1544/2162/2162 398/2022/2022
f 402/2026/2026 1547/2165/2165 403/2027/2027
f 1059/2553/2553 398/2022/2022 274/2021/2021
f 398/2022/2022 1544/2162/2162 399/2023/2023
f 400/2024/2024 1542/2160/2160 401/2025/2025
f 1847/2606/2606 1079/2533/2533 1080/2532/2532
f 709/2360/2360 1756/2437/2437 1764/2445/2445
