# Rhino

mtllib psycheSolarRotor1_a.mtl
usemtl diffuse_Lime
v 8.1727619171142578 6.1540565490722656 16.143621444702148
v 8.1727619171142578 6.2104382514953613 16.743021011352539
v 8.1727619171142578 6.1480488777160645 17.358255386352539
v 8.1727619171142578 5.9603738784790039 17.963018417358398
v 8.1727619171142578 5.6520648002624512 18.522098541259766
v 8.1727619171142578 5.2374258041381836 19.006702423095703
v 8.1727619171142578 4.7448916435241699 19.390176773071289
v 8.1727619171142578 4.209526538848877 19.659563064575195
v 8.1727619171142578 3.6658473014831543 19.816022872924805
v 8.1727619171142578 3.0664472579956055 19.872404098510742
v 8.1727619171142578 2.4512138366699219 19.810014724731445
v 8.1727619171142578 1.8464505672454834 19.622341156005859
v 8.1727619171142578 1.2873704433441162 19.314031600952148
v 8.1727619171142578 0.80276662111282349 18.899393081665039
v 8.1727619171142578 0.41929304599761963 18.406858444213867
v 8.1727619171142578 0.149905726313591 17.871494293212891
v 8.1727619171142578 -0.0065540405921638012 17.327814102172852
v 8.1727619171142578 -0.062935724854469299 16.728414535522461
v 8.1727619171142578 -0.00054635520791634917 16.113180160522461
v 8.1727619171142578 0.18712837994098663 15.508417129516602
v 8.1727619171142578 0.49543741345405579 14.949337005615234
v 8.1727619171142578 0.91007673740386963 14.464733123779297
v 8.1727619171142578 1.4026107788085938 14.081259727478027
v 8.1727619171142578 1.9379757642745972 13.811872482299805
v 8.1727619171142578 2.4816551208496094 13.655412673950195
v 8.1727619171142578 3.0810551643371582 13.599031448364258
v 8.1727619171142578 3.6962885856628418 13.661420822143555
v 8.1727619171142578 4.3010520935058594 13.849095344543457
v 8.1727619171142578 4.8601317405700684 14.157403945922852
v 8.1727619171142578 5.3447356224060059 14.572043418884277
v 8.1727619171142578 5.7282094955444336 15.064577102661133
v 8.1727619171142578 5.9975967407226563 15.599942207336426
v 8.1727619171142578 3.0737512111663818 16.7357177734375
v 8.1727619171142578 4.6420989036560059 16.7357177734375
v 8.1727619171142578 3.0737512111663818 15.167369842529297
v 8.1727619171142578 4.6420989036560059 15.167369842529297
v 8.1727619171142578 3.0737512111663818 18.304065704345703
v 8.1727619171142578 4.6420989036560059 18.304065704345703
v 8.1727619171142578 1.5054035186767578 16.7357177734375
v 8.1727619171142578 1.5054035186767578 18.304065704345703
v 8.1727619171142578 1.5054035186767578 15.167369842529297
v 7.0627727508544922 8.4304256439208984 16.7357177734375
v 5.2127904891967773 8.4304256439208984 16.7357177734375
v 7.0627727508544922 8.4304256439208984 9.2890405654907227
v 7.0627727508544922 8.4304256439208984 15.49460506439209
v 7.0627727508544922 8.4304256439208984 14.25349235534668
v 7.0627727508544922 8.4304256439208984 13.012378692626953
v 7.0627727508544922 8.4304256439208984 11.771265983581543
v 7.0627727508544922 8.4304256439208984 10.530153274536133
v 5.2127904891967773 8.4304256439208984 9.2890405654907227
v 5.2127904891967773 8.4304256439208984 13.01237964630127
v 7.0627727508544922 -2.2829232215881348 9.2890396118164063
v 7.0627727508544922 -2.2829232215881348 16.7357177734375
v 5.2127904891967773 -2.2829232215881348 16.7357177734375
v 5.2127904891967773 -2.2829232215881348 9.2890396118164063
v 7.0627727508544922 -2.2829232215881348 10.530152320861816
v 7.0627727508544922 -2.2829232215881348 11.771265029907227
v 7.0627727508544922 -2.2829232215881348 13.012378692626953
v 7.0627727508544922 -2.2829232215881348 14.253491401672363
v 7.0627727508544922 -2.2829232215881348 15.49460506439209
v 5.2127904891967773 -2.2829232215881348 13.012378692626953
v 7.0627727508544922 -2.1842544078826904 17.759113311767578
v 5.2127904891967773 -2.1842544078826904 17.759113311767578
v 7.0627727508544922 -1.8812973499298096 18.770774841308594
v 5.2127904891967773 -1.8812973499298096 18.770774841308594
v 7.0627727508544922 -1.3716064691543579 19.724489212036133
v 5.2127904891967773 -1.3716064691543579 19.724489212036133
v 7.0627727508544922 -0.67433309555053711 20.562704086303711
v 5.2127904891967773 -0.67433309555053711 20.562704086303711
v 7.0627727508544922 0.17725254595279694 21.241743087768555
v 5.2127904891967773 0.17725254595279694 21.241743087768555
v 7.0627727508544922 1.1268706321716309 21.726070404052734
v 5.2127904891967773 1.1268706321716309 21.726070404052734
v 7.0627727508544922 2.1115407943725586 22.005264282226563
v 5.2127904891967773 2.1115407943725586 22.005264282226563
v 7.0627727508544922 3.0737512111663818 22.092391967773438
v 5.2127904891967773 3.0737512111663818 22.092391967773438
v 7.0627727508544922 4.0971465110778809 21.993722915649414
v 5.2127904891967773 4.0971465110778809 21.993722915649414
v 7.0627727508544922 5.1088075637817383 21.690767288208008
v 5.2127904891967773 5.1088075637817383 21.690767288208008
v 7.0627727508544922 6.0625228881835938 21.181076049804688
v 5.2127904891967773 6.0625228881835938 21.181076049804688
v 7.0627727508544922 6.9007377624511719 20.483802795410156
v 5.2127904891967773 6.9007377624511719 20.483802795410156
v 7.0627727508544922 7.5797758102416992 19.632217407226563
v 5.2127904891967773 7.5797758102416992 19.632217407226563
v 7.0627727508544922 8.0641031265258789 18.682598114013672
v 5.2127904891967773 8.0641031265258789 18.682598114013672
v 7.0627727508544922 8.343297004699707 17.697927474975586
v 5.2127904891967773 8.343297004699707 17.697927474975586
v 7.0627727508544922 6.8999471664428711 12.947139739990234
v 7.0627727508544922 5.3694686889648438 12.947139739990234
v 7.0627727508544922 3.8389904499053955 12.947139739990234
v 7.0627727508544922 2.3085119724273682 12.947139739990234
v 7.0627727508544922 0.77803361415863037 12.947139739990234
v 7.0627727508544922 -0.7524448037147522 12.947139739990234
v 7.0627727508544922 6.8999471664428711 11.11808967590332
v 7.0627727508544922 5.3694686889648438 11.11808967590332
v 7.0627727508544922 3.8389904499053955 11.11808967590332
v 7.0627727508544922 2.3085119724273682 11.11808967590332
v 7.0627727508544922 0.77803361415863037 11.11808967590332
v 7.0627727508544922 -0.7524448037147522 11.11808967590332
v 7.0627727508544922 6.1540565490722656 16.143621444702148
v 7.0627727508544922 6.2103714942932129 16.714008331298828
v 7.0627727508544922 6.1557302474975586 17.319038391113281
v 7.0627727508544922 5.9759535789489746 17.925708770751953
v 7.0627727508544922 5.6705312728881836 18.495147705078125
v 7.0627727508544922 5.254906177520752 18.989919662475586
v 7.0627727508544922 4.7581191062927246 19.381801605224609
v 7.0627727508544922 4.2164640426635742 19.656858444213867
v 7.0627727508544922 3.6658473014831543 19.816022872924805
v 7.0627727508544922 3.0954608917236328 19.872337341308594
v 7.0627727508544922 2.4904313087463379 19.817697525024414
v 7.0627727508544922 1.8837599754333496 19.637920379638672
v 7.0627727508544922 1.3143216371536255 19.332498550415039
v 7.0627727508544922 0.81955033540725708 18.916872024536133
v 7.0627727508544922 0.42766687273979187 18.420085906982422
v 7.0627727508544922 0.15261013805866241 17.87843132019043
v 7.0627727508544922 -0.0065540405921638012 17.327814102172852
v 7.0627727508544922 -0.062869101762771606 16.757427215576172
v 7.0627727508544922 -0.0082280309870839119 16.152397155761719
v 7.0627727508544922 0.17154876887798309 15.545726776123047
v 7.0627727508544922 0.47697129845619202 14.976288795471191
v 7.0627727508544922 0.89259630441665649 14.48151683807373
v 7.0627727508544922 1.38938307762146 14.089633941650391
v 7.0627727508544922 1.9310381412506104 13.814577102661133
v 7.0627727508544922 2.4816551208496094 13.655412673950195
v 7.0627727508544922 3.05204176902771 13.59909725189209
v 7.0627727508544922 3.6570711135864258 13.653738975524902
v 7.0627727508544922 4.2637424468994141 13.833515167236328
v 7.0627727508544922 4.8331809043884277 14.138937950134277
v 7.0627727508544922 5.3279519081115723 14.554563522338867
v 7.0627727508544922 5.7198357582092285 15.051349639892578
v 7.0627727508544922 5.9948921203613281 15.593005180358887
v 7.0627727508544922 7.0912570953369141 9.2890405654907227
v 7.0627727508544922 5.7520885467529297 9.2890396118164063
v 7.0627727508544922 4.4129199981689453 9.2890396118164063
v 7.0627727508544922 3.0737512111663818 9.2890396118164063
v 7.0627727508544922 1.7345826625823975 9.2890396118164063
v 7.0627727508544922 0.39541399478912354 9.2890396118164063
v 7.0627727508544922 -0.94375461339950562 9.2890396118164063
v 7.0627727508544922 5.3694686889648438 20.263341903686523
v 7.0627727508544922 2.3085119724273682 20.263341903686523
v 7.0627727508544922 6.8999471664428711 18.434291839599609
v 7.0627727508544922 6.8999471664428711 14.776190757751465
v 7.0627727508544922 0.77803361415863037 20.263341903686523
v 7.0627727508544922 -0.7524448037147522 18.434291839599609
v 7.0627727508544922 -0.7524448037147522 14.776190757751465
v 5.2127904891967773 3.0737512111663818 15.690715789794922
v 5.2127904891967773 0.39541399478912354 15.690715789794922
v 5.2127904891967773 3.0737512111663818 18.89155387878418
v 5.2127904891967773 0.39541399478912354 18.89155387878418
v 5.2127904891967773 1.7345826625823975 18.89155387878418
v 5.2127904891967773 3.0737512111663818 20.491973876953125
v 5.2127904891967773 1.7345826625823975 20.491973876953125
v 5.2127904891967773 5.7520885467529297 15.690715789794922
v 5.2127904891967773 5.7520885467529297 18.89155387878418
v 5.2127904891967773 7.0912570953369141 15.690715789794922
v 5.2127904891967773 5.7520885467529297 17.291135787963867
v 5.2127904891967773 7.0912570953369141 17.291135787963867
v 5.2127904891967773 3.0737512111663818 12.489877700805664
v 5.2127904891967773 5.7520885467529297 12.489877700805664
v 5.2127904891967773 5.7520885467529297 9.2890405654907227
v 5.2127904891967773 3.0737512111663818 9.2890405654907227
v 5.2127904891967773 0.39541399478912354 9.2890396118164063
v -9.5870695114135742 6.1540565490722656 16.143621444702148
v -9.5870695114135742 6.2104382514953613 16.743021011352539
v -9.5870695114135742 6.1480488777160645 17.358255386352539
v -9.5870695114135742 5.9603738784790039 17.963018417358398
v -9.5870695114135742 5.6520648002624512 18.522098541259766
v -9.5870695114135742 5.2374258041381836 19.006702423095703
v -9.5870695114135742 4.7448916435241699 19.390176773071289
v -9.5870695114135742 4.209526538848877 19.659563064575195
v -9.5870695114135742 3.6658473014831543 19.816022872924805
v -9.5870695114135742 3.0664472579956055 19.872404098510742
v -9.5870695114135742 2.4512138366699219 19.810014724731445
v -9.5870695114135742 1.8464505672454834 19.622341156005859
v -9.5870695114135742 1.2873704433441162 19.314031600952148
v -9.5870695114135742 0.80276662111282349 18.899393081665039
v -9.5870695114135742 0.41929304599761963 18.406858444213867
v -9.5870695114135742 0.149905726313591 17.871494293212891
v -9.5870695114135742 -0.0065540405921638012 17.327814102172852
v -9.5870695114135742 -0.062935724854469299 16.728414535522461
v -9.5870695114135742 -0.00054635520791634917 16.113180160522461
v -9.5870695114135742 0.18712837994098663 15.508417129516602
v -9.5870695114135742 0.49543741345405579 14.949337005615234
v -9.5870695114135742 0.91007673740386963 14.464733123779297
v -9.5870695114135742 1.4026107788085938 14.081259727478027
v -9.5870695114135742 1.9379757642745972 13.811872482299805
v -9.5870695114135742 2.4816551208496094 13.655412673950195
v -9.5870695114135742 3.0810551643371582 13.599031448364258
v -9.5870695114135742 3.6962885856628418 13.661420822143555
v -9.5870695114135742 4.3010520935058594 13.849095344543457
v -9.5870695114135742 4.8601317405700684 14.157403945922852
v -9.5870695114135742 5.3447356224060059 14.572043418884277
v -9.5870695114135742 5.7282094955444336 15.064577102661133
v -9.5870695114135742 5.9975967407226563 15.599942207336426
v -9.5870695114135742 3.0737512111663818 16.7357177734375
v -9.5870695114135742 4.6420989036560059 16.7357177734375
v -9.5870695114135742 3.0737512111663818 15.167369842529297
v -9.5870695114135742 4.6420989036560059 15.167369842529297
v -9.5870695114135742 3.0737512111663818 18.304065704345703
v -9.5870695114135742 4.6420989036560059 18.304065704345703
v -9.5870695114135742 1.5054035186767578 16.7357177734375
v -9.5870695114135742 1.5054035186767578 18.304065704345703
v -9.5870695114135742 1.5054035186767578 15.167369842529297
v -8.4770803451538086 8.4304256439208984 16.7357177734375
v -6.6270976066589355 8.4304256439208984 16.7357177734375
v -6.6270976066589355 8.4304256439208984 9.2890424728393555
v -8.4770803451538086 8.4304256439208984 15.49460506439209
v -8.4770803451538086 8.4304256439208984 14.253493309020996
v -8.4770803451538086 8.4304256439208984 13.012380599975586
v -8.4770803451538086 8.4304256439208984 11.771267890930176
v -8.4770803451538086 8.4304256439208984 10.530156135559082
v -8.4770803451538086 8.4304256439208984 9.2890434265136719
v -6.6270976066589355 8.4304256439208984 13.012380599975586
v -6.6270976066589355 -2.2829232215881348 9.2890415191650391
v -8.4770803451538086 -2.2829232215881348 16.7357177734375
v -6.6270976066589355 -2.2829232215881348 16.7357177734375
v -8.4770803451538086 -2.2829232215881348 9.2890424728393555
v -8.4770803451538086 -2.2829232215881348 10.530155181884766
v -8.4770803451538086 -2.2829232215881348 11.771266937255859
v -8.4770803451538086 -2.2829232215881348 13.01237964630127
v -8.4770803451538086 -2.2829232215881348 14.25349235534668
v -8.4770803451538086 -2.2829232215881348 15.49460506439209
v -6.6270976066589355 -2.2829232215881348 13.01237964630127
v -8.4770803451538086 -2.1842544078826904 17.759113311767578
v -6.6270976066589355 -2.1842544078826904 17.759113311767578
v -8.4770803451538086 -1.8812973499298096 18.770774841308594
v -6.6270976066589355 -1.8812973499298096 18.770774841308594
v -8.4770803451538086 -1.3716064691543579 19.724489212036133
v -6.6270976066589355 -1.3716064691543579 19.724489212036133
v -8.4770803451538086 -0.67433309555053711 20.562704086303711
v -6.6270976066589355 -0.67433309555053711 20.562704086303711
v -8.4770803451538086 0.17725254595279694 21.241743087768555
v -6.6270976066589355 0.17725254595279694 21.241743087768555
v -8.4770803451538086 1.1268706321716309 21.726070404052734
v -6.6270976066589355 1.1268706321716309 21.726070404052734
v -8.4770803451538086 2.1115407943725586 22.005264282226563
v -6.6270976066589355 2.1115407943725586 22.005264282226563
v -8.4770803451538086 3.0737512111663818 22.092391967773438
v -6.6270976066589355 3.0737512111663818 22.092391967773438
v -8.4770803451538086 4.0971465110778809 21.993722915649414
v -6.6270976066589355 4.0971465110778809 21.993722915649414
v -8.4770803451538086 5.1088075637817383 21.690767288208008
v -6.6270976066589355 5.1088075637817383 21.690767288208008
v -8.4770803451538086 6.0625228881835938 21.181076049804688
v -6.6270976066589355 6.0625228881835938 21.181076049804688
v -8.4770803451538086 6.9007377624511719 20.483802795410156
v -6.6270976066589355 6.9007377624511719 20.483802795410156
v -8.4770803451538086 7.5797758102416992 19.632217407226563
v -6.6270976066589355 7.5797758102416992 19.632217407226563
v -8.4770803451538086 8.0641031265258789 18.682598114013672
v -6.6270976066589355 8.0641031265258789 18.682598114013672
v -8.4770803451538086 8.343297004699707 17.697927474975586
v -6.6270976066589355 8.343297004699707 17.697927474975586
v -8.4770803451538086 6.8999471664428711 12.947142601013184
v -8.4770803451538086 5.3694686889648438 12.947142601013184
v -8.4770803451538086 3.8389904499053955 12.947142601013184
v -8.4770803451538086 2.3085119724273682 12.947142601013184
v -8.4770803451538086 0.77803361415863037 12.947142601013184
v -8.4770803451538086 -0.7524448037147522 12.947142601013184
v -8.4770803451538086 6.8999471664428711 11.11809253692627
v -8.4770803451538086 5.3694686889648438 11.11809253692627
v -8.4770803451538086 3.8389904499053955 11.11809253692627
v -8.4770803451538086 2.3085119724273682 11.11809253692627
v -8.4770803451538086 0.77803361415863037 11.11809253692627
v -8.4770803451538086 -0.7524448037147522 11.11809253692627
v -8.4770803451538086 6.1540565490722656 16.143621444702148
v -8.4770803451538086 6.2103714942932129 16.714008331298828
v -8.4770803451538086 6.1557302474975586 17.319038391113281
v -8.4770803451538086 5.9759535789489746 17.925708770751953
v -8.4770803451538086 5.6705312728881836 18.495147705078125
v -8.4770803451538086 5.254906177520752 18.989919662475586
v -8.4770803451538086 4.7581191062927246 19.381801605224609
v -8.4770803451538086 4.2164640426635742 19.656858444213867
v -8.4770803451538086 3.6658473014831543 19.816022872924805
v -8.4770803451538086 3.0954608917236328 19.872337341308594
v -8.4770803451538086 2.4904313087463379 19.817697525024414
v -8.4770803451538086 1.8837599754333496 19.637920379638672
v -8.4770803451538086 1.3143216371536255 19.332498550415039
v -8.4770803451538086 0.81955033540725708 18.916872024536133
v -8.4770803451538086 0.42766687273979187 18.420085906982422
v -8.4770803451538086 0.15261013805866241 17.87843132019043
v -8.4770803451538086 -0.0065540405921638012 17.327814102172852
v -8.4770803451538086 -0.062869101762771606 16.757427215576172
v -8.4770803451538086 -0.0082280309870839119 16.152397155761719
v -8.4770803451538086 0.17154876887798309 15.545726776123047
v -8.4770803451538086 0.47697129845619202 14.976288795471191
v -8.4770803451538086 0.89259630441665649 14.48151683807373
v -8.4770803451538086 1.38938307762146 14.089633941650391
v -8.4770803451538086 1.9310381412506104 13.814577102661133
v -8.4770803451538086 2.4816551208496094 13.655412673950195
v -8.4770803451538086 3.05204176902771 13.59909725189209
v -8.4770803451538086 3.6570711135864258 13.653738975524902
v -8.4770803451538086 4.2637424468994141 13.833515167236328
v -8.4770803451538086 4.8331809043884277 14.138937950134277
v -8.4770803451538086 5.3279519081115723 14.554563522338867
v -8.4770803451538086 5.7198357582092285 15.051349639892578
v -8.4770803451538086 5.9948921203613281 15.593005180358887
v -8.4770803451538086 7.0912570953369141 9.2890434265136719
v -8.4770803451538086 5.7520885467529297 9.2890434265136719
v -8.4770803451538086 4.4129199981689453 9.2890424728393555
v -8.4770803451538086 3.0737512111663818 9.2890424728393555
v -8.4770803451538086 1.7345826625823975 9.2890424728393555
v -8.4770803451538086 0.39541399478912354 9.2890424728393555
v -8.4770803451538086 -0.94375461339950562 9.2890424728393555
v -8.4770803451538086 5.3694686889648438 20.263341903686523
v -8.4770803451538086 2.3085119724273682 20.263341903686523
v -8.4770803451538086 6.8999471664428711 18.434291839599609
v -8.4770803451538086 6.8999471664428711 14.776192665100098
v -8.4770803451538086 0.77803361415863037 20.263341903686523
v -8.4770803451538086 -0.7524448037147522 18.434291839599609
v -8.4770803451538086 -0.7524448037147522 14.776192665100098
v -6.6270976066589355 3.0737512111663818 15.690716743469238
v -6.6270976066589355 0.39541399478912354 15.690716743469238
v -6.6270976066589355 3.0737512111663818 18.89155387878418
v -6.6270976066589355 0.39541399478912354 18.89155387878418
v -6.6270976066589355 1.7345826625823975 18.89155387878418
v -6.6270976066589355 3.0737512111663818 20.491973876953125
v -6.6270976066589355 1.7345826625823975 20.491973876953125
v -6.6270976066589355 5.7520885467529297 15.690716743469238
v -6.6270976066589355 5.7520885467529297 18.89155387878418
v -6.6270976066589355 7.0912570953369141 15.690716743469238
v -6.6270976066589355 5.7520885467529297 17.291135787963867
v -6.6270976066589355 7.0912570953369141 17.291135787963867
v -6.6270976066589355 3.0737512111663818 12.489879608154297
v -6.6270976066589355 5.7520885467529297 12.489879608154297
v -6.6270976066589355 5.7520885467529297 9.2890424728393555
v -6.6270976066589355 3.0737512111663818 9.2890424728393555
v -6.6270976066589355 0.39541399478912354 9.2890424728393555
v 17.525608062744141 -8.9670562744140625 -4.2455967559362762E-06
v 17.525609970092773 -8.9670572280883789 9.289036750793457
v 16.568941116333008 -10.631333351135254 -4.246382559358608E-06
v 16.568943023681641 -10.63133430480957 9.289036750793457
v 15.489629745483398 -12.150160789489746 -4.2085289351234678E-06
v 15.489631652832031 -12.150161743164063 9.289036750793457
v 14.233279228210449 -13.600323677062988 -4.1301541386928875E-06
v 14.233281135559082 -13.600324630737305 9.289036750793457
v 12.804917335510254 -14.952897071838379 -4.0090749280352611E-06
v 12.804919242858887 -14.952898025512695 9.289036750793457
v 11.223889350891113 -16.17341423034668 -3.8451880755019374E-06
v 11.223891258239746 -16.173416137695313 9.289036750793457
v 9.5408287048339844 -17.219976425170898 -3.6434387311601313E-06
v 9.5408306121826172 -17.219978332519531 9.289036750793457
v 7.7430953979492188 -18.099710464477539 -3.4022318686766084E-06
v 7.7430973052978516 -18.099710464477539 9.2890377044677734
v 5.8563675880432129 -18.795158386230469 -3.1244853744283319E-06
v 5.8563694953918457 -18.795160293579102 9.2890377044677734
v 3.909588098526001 -19.294303894042969 -2.8143140298197977E-06
v 3.9095897674560547 -19.294303894042969 9.2890377044677734
v 1.9334994554519653 -19.591238021850586 -2.4768289677012945E-06
v 1.9335012435913086 -19.591239929199219 9.2890386581420898
v -0.040949027985334396 -19.686374664306641 -2.1178630049689673E-06
v -0.040947292000055313 -19.686376571655273 9.2890386581420898
v -1.9841606616973877 -19.586172103881836 -1.7436477719456889E-06
v -1.9841588735580444 -19.586174011230469 9.2890386581420898
v -3.869253396987915 -19.302433013916016 -1.3604850437332061E-06
v -3.8692514896392822 -19.302433013916016 9.2890396118164063
v -5.6731076240539551 -18.851284027099609 -9.7443933100294089E-07
v -5.6731057167053223 -18.851284027099609 9.2890396118164063
v -7.4776391983032227 -18.210983276367188 -5.6784466551107471E-07
v -7.477637767791748 -18.21098518371582 9.2890405654907227
v -8.9670562744140625 -17.525608062744141 -2.1531218408199493E-07
v -8.9670543670654297 -17.525609970092773 9.2890405654907227
v -10.631333351135254 -16.568941116333008 1.9921185412385967E-07
v -10.631331443786621 -16.568941116333008 9.2890405654907227
v -12.150160789489746 -15.489629745483398 5.9977713817715994E-07
v -12.150158882141113 -15.489630699157715 9.2890415191650391
v -13.600323677062988 -14.233279228210449 1.006616457743803E-06
v -13.600321769714355 -14.233280181884766 9.2890415191650391
v -14.952897071838379 -12.804917335510254 1.4137776815914549E-06
v -14.952895164489746 -12.80491828918457 9.2890424728393555
v -16.17341423034668 -11.223889350891113 1.8127267367162858E-06
v -16.173412322998047 -11.22389030456543 9.2890424728393555
v -17.219976425170898 -9.5408287048339844 2.1901610125496518E-06
v -17.219976425170898 -9.5408296585083008 9.2890434265136719
v -18.099710464477539 -7.7430953979492188 2.5487779566901736E-06
v -18.099708557128906 -7.7430963516235352 9.2890434265136719
v -18.795158386230469 -5.8563675880432129 2.8825409117416712E-06
v -18.795156478881836 -5.8563690185546875 9.2890434265136719
v -19.294303894042969 -3.909588098526001 3.1860770377534209E-06
v -19.294301986694336 -3.9095890522003174 9.2890443801879883
v -19.591238021850586 -1.9334994554519653 3.4549627798696747E-06
v -19.591236114501953 -1.9335005283355713 9.2890443801879883
v -19.686374664306641 0.040949027985334396 3.6859337342320941E-06
v -19.686372756958008 0.04094802588224411 9.2890443801879883
v -19.586172103881836 1.9841606616973877 3.8770017454226036E-06
v -19.586170196533203 1.9841595888137817 9.2890443801879883
v -19.302433013916016 3.869253396987915 4.0274721868627239E-06
v -19.302431106567383 3.8692522048950195 9.2890443801879883
v -18.851284027099609 5.6731076240539551 4.1378639252798166E-06
v -18.851282119750977 5.6731066703796387 9.2890453338623047
v -18.210983276367188 7.4776391983032227 4.2129563553316984E-06
v -18.210983276367188 7.4776382446289063 9.2890453338623047
v -17.525608062744141 8.9670562744140625 4.2455967559362762E-06
v -17.525606155395508 8.9670553207397461 9.2890453338623047
v -16.568941116333008 10.631333351135254 4.246382559358608E-06
v -16.568939208984375 10.631332397460938 9.2890453338623047
v -15.489629745483398 12.150160789489746 4.2085293898708187E-06
v -15.489627838134766 12.15015983581543 9.2890453338623047
v -14.233279228210449 13.600323677062988 4.1301541386928875E-06
v -14.233277320861816 13.600322723388672 9.2890453338623047
v -12.804917335510254 14.952897071838379 4.009075382782612E-06
v -12.804915428161621 14.952896118164063 9.2890443801879883
v -11.223889350891113 16.17341423034668 3.8451880755019374E-06
v -11.22388744354248 16.17341423034668 9.2890443801879883
v -9.5408287048339844 17.219976425170898 3.6434387311601313E-06
v -9.5408267974853516 17.219976425170898 9.2890443801879883
v -7.7430953979492188 18.099710464477539 3.4022318686766084E-06
v -7.7430934906005859 18.099708557128906 9.2890443801879883
v -5.8563675880432129 18.795158386230469 3.1244856018020073E-06
v -5.8563661575317383 18.795158386230469 9.2890443801879883
v -3.909588098526001 19.294303894042969 2.8143140298197977E-06
v -3.9095864295959473 19.294301986694336 9.2890434265136719
v -1.9334994554519653 19.591238021850586 2.4768291950749699E-06
v -1.9334977865219116 19.591238021850586 9.2890434265136719
v 0.040949027985334396 19.686374664306641 2.1178630049689673E-06
v 0.04095076397061348 19.686374664306641 9.2890424728393555
v 1.9841606616973877 19.586172103881836 1.7436478856325266E-06
v 1.9841623306274414 19.586172103881836 9.2890424728393555
v 3.869253396987915 19.302433013916016 1.3604851574200438E-06
v 3.8692550659179688 19.302431106567383 9.2890424728393555
v 5.6731076240539551 18.851284027099609 9.7443944468977861E-07
v 5.6731095314025879 18.851282119750977 9.2890415191650391
v 7.4776391983032227 18.210983276367188 5.6784477919791243E-07
v 7.4776411056518555 18.210983276367188 9.2890415191650391
v 8.9670562744140625 17.525608062744141 2.1531229776883265E-07
v 8.9670581817626953 17.525608062744141 9.2890405654907227
v 10.631333351135254 16.568941116333008 -1.9921172622616723E-07
v 10.631335258483887 16.568939208984375 9.2890405654907227
v 12.150160789489746 15.489629745483398 -5.9977702449032222E-07
v 12.150162696838379 15.489628791809082 9.2890405654907227
v 13.600323677062988 14.233279228210449 -1.0066163440569653E-06
v 13.600325584411621 14.233278274536133 9.2890396118164063
v 14.952897071838379 12.804917335510254 -1.4137774542177795E-06
v 14.952898025512695 12.804916381835938 9.2890396118164063
v 16.17341423034668 11.223889350891113 -1.8127266230294481E-06
v 16.173416137695313 11.223888397216797 9.2890386581420898
v 17.219976425170898 9.5408287048339844 -2.1901607851759763E-06
v 17.219978332519531 9.540827751159668 9.2890386581420898
v 18.099710464477539 7.7430953979492188 -2.5487777293164982E-06
v 18.099712371826172 7.7430944442749023 9.2890386581420898
v 18.795158386230469 5.8563675880432129 -2.8825406843679957E-06
v 18.795160293579102 5.8563666343688965 9.2890377044677734
v 19.294303894042969 3.909588098526001 -3.1860770377534209E-06
v 19.294305801391602 3.9095871448516846 9.2890377044677734
v 19.591238021850586 1.9334994554519653 -3.4549627798696747E-06
v 19.591239929199219 1.9334985017776489 9.2890377044677734
v 19.686374664306641 -0.040949027985334396 -3.6859335068584187E-06
v 19.686376571655273 -0.040950030088424683 9.289036750793457
v 19.586172103881836 -1.9841606616973877 -3.8770017454226036E-06
v 19.586174011230469 -1.9841616153717041 9.289036750793457
v 19.302433013916016 -3.869253396987915 -4.0274721868627239E-06
v 19.302434921264648 -3.8692543506622314 9.289036750793457
v 18.851284027099609 -5.6731076240539551 -4.1378639252798166E-06
v 18.851285934448242 -5.6731085777282715 9.289036750793457
v 18.210983276367188 -7.4776391983032227 -4.2129563553316984E-06
v 18.21098518371582 -7.4776406288146973 9.289036750793457
v 17.525609970092773 -8.9670562744140625 4.6445159912109375
v 0 0 0
v 0 -9.8432083129882813 -1.0627627489157021E-06
v 9.8432083129882813 0 -1.8407602055958705E-06
v 9.8432083129882813 -9.8432083129882813 -2.9035229545115726E-06
v 14.764813423156738 -9.8432083129882813 -3.8239031709963456E-06
v 9.8432083129882813 -4.9216041564941406 -2.3721415800537216E-06
v 14.764813423156738 0 -2.761140194706968E-06
v 14.764813423156738 -4.9216041564941406 -3.2925215691648191E-06
v 0 9.8432083129882813 1.0627627489157021E-06
v 9.8432083129882813 9.8432083129882813 -7.779974566801684E-07
v 14.764813423156738 -7.3824067115783691 -3.5582122563937446E-06
v 17.225614547729492 -4.9216041564941406 -3.7527115637203678E-06
v 17.225614547729492 -7.3824067115783691 -4.0184022509492934E-06
v 9.8432083129882813 -14.764813423156738 -3.4349043289694237E-06
v 0 -14.764813423156738 -1.5941440096867154E-06
v 4.9216041564941406 -9.8432083129882813 -1.9831427380267996E-06
v 4.9216041564941406 -14.764813423156738 -2.5145241124846507E-06
v -9.8432083129882813 0 1.8407602055958705E-06
v -9.8432083129882813 -9.8432083129882813 7.779974566801684E-07
v -9.8432083129882813 -14.764813423156738 2.4661611064402678E-07
v -4.9216041564941406 -9.8432083129882813 -1.4238261769605742E-07
v -4.9216041564941406 -14.764813423156738 -6.7376396373219904E-07
v -4.9216041564941406 -17.225614547729492 -9.3945465096112457E-07
v -7.3824067115783691 -14.764813423156738 -2.1357392654408613E-07
v -7.3824067115783691 -17.225614547729492 -4.7926459956215695E-07
v -14.764813423156738 -9.8432083129882813 1.6983775594781036E-06
v -9.8432083129882813 -4.9216041564941406 1.3093788311380195E-06
v -14.764813423156738 0 2.761140194706968E-06
v -14.764813423156738 -4.9216041564941406 2.229758820249117E-06
v -9.8432083129882813 9.8432083129882813 2.9035229545115726E-06
v -9.8432083129882813 4.9216041564941406 2.3721415800537216E-06
v -14.764813423156738 9.8432083129882813 3.8239031709963456E-06
v -14.764813423156738 4.9216041564941406 3.2925215691648191E-06
v -14.764813423156738 7.3824067115783691 3.5582122563937446E-06
v -17.225614547729492 4.9216041564941406 3.7527115637203678E-06
v -17.225614547729492 7.3824067115783691 4.0184022509492934E-06
v -9.8432083129882813 14.764813423156738 3.4349043289694237E-06
v 0 14.764813423156738 1.5941441233735532E-06
v -4.9216041564941406 9.8432083129882813 1.9831427380267996E-06
v -4.9216041564941406 14.764813423156738 2.5145241124846507E-06
v 9.8432083129882813 14.764813423156738 -2.4661608222231735E-07
v 4.9216041564941406 9.8432083129882813 1.4238264611776685E-07
v 4.9216041564941406 14.764813423156738 6.7376402057561791E-07
v 7.3824067115783691 14.764813423156738 2.1357395496579556E-07
v 4.9216041564941406 17.225614547729492 9.3945465096112457E-07
v 7.3824067115783691 17.225614547729492 4.7926465640557581E-07
v 14.764813423156738 9.8432083129882813 -1.6983775594781036E-06
v 9.8432083129882813 4.9216041564941406 -1.3093788311380195E-06
v 14.764813423156738 4.9216041564941406 -2.229758820249117E-06
v -15.74913215637207 7.8745660781860352 9.2890443801879883
v -15.74913215637207 3.9372825622558594 9.2890443801879883
v -15.74913215637207 -1.0029301620306796E-06 9.2890434265136719
v -15.74913215637207 -3.9372844696044922 9.2890434265136719
v -15.74913215637207 -7.874567985534668 9.2890424728393555
v -11.811848640441895 7.8745660781860352 9.2890434265136719
v -11.811848640441895 3.9372825622558594 9.2890434265136719
v -11.811848640441895 -1.0029300483438419E-06 9.2890434265136719
v -11.811848640441895 -3.9372844696044922 9.2890424728393555
v -11.811848640441895 -7.874567985534668 9.2890424728393555
v -11.811848640441895 -11.811851501464844 9.2890415191650391
v -7.8745651245117188 15.749133110046387 9.2890443801879883
v -7.8745651245117188 11.811849594116211 9.2890434265136719
v -7.8745651245117188 -3.9372844696044922 9.2890415191650391
v -7.8745651245117188 -7.874567985534668 9.2890415191650391
v -7.8745651245117188 -11.811851501464844 9.2890405654907227
v -7.8745651245117188 -15.74913501739502 9.2890405654907227
v -3.9372818470001221 15.749133110046387 9.2890434265136719
v -3.9372818470001221 11.811849594116211 9.2890424728393555
v -3.9372818470001221 7.8745660781860352 9.2890424728393555
v -3.9372818470001221 3.9372825622558594 9.2890415191650391
v -3.9372818470001221 -1.0029298209701665E-06 9.2890415191650391
v -3.9372818470001221 -3.9372844696044922 9.2890415191650391
v -3.9372818470001221 -7.874567985534668 9.2890405654907227
v -3.9372818470001221 -11.811851501464844 9.2890405654907227
v -3.9372818470001221 -15.74913501739502 9.2890396118164063
v 1.7371261264997884E-06 15.749133110046387 9.2890424728393555
v 1.7371261264997884E-06 11.811849594116211 9.2890424728393555
v 1.7371262401866261E-06 7.8745660781860352 9.2890415191650391
v 1.7371262401866261E-06 3.9372825622558594 9.2890415191650391
v 1.7371262401866261E-06 -1.0029297072833288E-06 9.2890405654907227
v 1.7371263538734638E-06 -3.9372844696044922 9.2890405654907227
v 1.7371263538734638E-06 -7.874567985534668 9.2890396118164063
v 1.7371264675603015E-06 -11.811851501464844 9.2890396118164063
v 1.7371264675603015E-06 -15.74913501739502 9.2890386581420898
v 3.9372851848602295 15.749133110046387 9.2890415191650391
v 3.9372851848602295 11.811849594116211 9.2890415191650391
v 3.9372851848602295 7.8745660781860352 9.2890405654907227
v 3.9372851848602295 3.9372825622558594 9.2890405654907227
v 3.9372851848602295 -1.002929593596491E-06 9.2890396118164063
v 3.9372851848602295 -3.9372844696044922 9.2890396118164063
v 3.9372851848602295 -7.874567985534668 9.2890396118164063
v 3.9372851848602295 -11.811851501464844 9.2890386581420898
v 3.9372851848602295 -15.74913501739502 9.2890386581420898
v 7.8745689392089844 15.749133110046387 9.2890405654907227
v 7.8745689392089844 11.811849594116211 9.2890405654907227
v 7.8745689392089844 -3.9372844696044922 9.2890386581420898
v 7.8745689392089844 -7.874567985534668 9.2890386581420898
v 7.8745689392089844 -11.811851501464844 9.2890377044677734
v 7.8745689392089844 -15.74913501739502 9.2890377044677734
v 11.81185245513916 11.811849594116211 9.2890396118164063
v 11.81185245513916 7.8745660781860352 9.2890396118164063
v 11.81185245513916 3.9372825622558594 9.2890386581420898
v 11.81185245513916 -1.0029292525359779E-06 9.2890386581420898
v 11.81185245513916 -3.9372844696044922 9.2890377044677734
v 11.81185245513916 -7.874567985534668 9.2890377044677734
v 11.81185245513916 -11.811851501464844 9.2890377044677734
v 15.749135971069336 7.8745660781860352 9.2890386581420898
v 15.749135971069336 3.9372825622558594 9.2890386581420898
v 15.749135971069336 -1.0029291388491401E-06 9.2890377044677734
v 15.749135971069336 -3.9372844696044922 9.2890377044677734
v 15.749135971069336 -7.874567985534668 9.289036750793457
vt 0.19015496969223022 0.29271587729454041
vt 0.19061076641082764 0.29756161570549011
vt 0.19010639190673828 0.30253535509109497
vt 0.18858917057514191 0.30742442607879639
vt 0.18609671294689178 0.31194421648979187
vt 0.18274463713169098 0.31586191058158875
vt 0.17876283824443817 0.31896203756332397
vt 0.17443478107452393 0.32113984227180481
vt 0.17003950476646423 0.32240471243858337
vt 0.16519376635551453 0.32286050915718079
vt 0.16022002696990967 0.32235613465309143
vt 0.15533094108104706 0.32083892822265625
vt 0.15081115067005157 0.31834644079208374
vt 0.14689347147941589 0.31499436497688293
vt 0.14379334449768066 0.31101256608963013
vt 0.14161553978919983 0.30668452382087708
vt 0.14035066962242126 0.30228924751281738
vt 0.13989485800266266 0.29744350910186768
vt 0.14039923250675201 0.29246976971626282
vt 0.14191645383834839 0.28758066892623901
vt 0.1444089263677597 0.28306090831756592
vt 0.14776100218296051 0.27914321422576904
vt 0.15174280107021332 0.27604308724403381
vt 0.15607085824012756 0.27386528253555298
vt 0.16046613454818726 0.27260041236877441
vt 0.16531187295913696 0.27214458584785461
vt 0.17028559744358063 0.27264899015426636
vt 0.17517469823360443 0.27416619658470154
vt 0.17969447374343872 0.27665865421295166
vt 0.1836121678352356 0.28001073002815247
vt 0.18671227991580963 0.28399252891540527
vt 0.18889009952545166 0.28832060098648071
vt 0.16525281965732574 0.2975025475025177
vt 0.17793183028697968 0.2975025475025177
vt 0.16525281965732574 0.28482353687286377
vt 0.17793183028697968 0.28482353687286377
vt 0.16525281965732574 0.31018155813217163
vt 0.17793183028697968 0.31018155813217163
vt 0.15257380902767181 0.2975025475025177
vt 0.15257380902767181 0.31018155813217163
vt 0.15257380902767181 0.28482353687286377
vt 0.05381552129983902 0
vt 0.038859684020280838 0
vt 0.05381552129983902 0.060201264917850494
vt 0.05381552129983902 0.010033544152975082
vt 0.05381552129983902 0.020067088305950165
vt 0.05381552129983902 0.030100632458925247
vt 0.05381552129983902 0.04013417661190033
vt 0.05381552129983902 0.050167720764875412
vt 0.038859684020280838 0.060201261192560196
vt 0.038859684020280838 0.030100630596280098
vt 0.07324536144733429 0
vt 0.07324536144733429 0.06020127609372139
vt 0.058289524167776108 0.06020127609372139
vt 0.058289524167776108 2.7968627414054481E-09
vt 0.07324536144733429 0.010033546015620232
vt 0.07324536144733429 0.020067092031240463
vt 0.07324536144733429 0.030100638046860695
vt 0.07324536144733429 0.040134184062480927
vt 0.07324536144733429 0.050167728215456009
vt 0.058289524167776108 0.030100638046860695
vt 0.11599101126194 0
vt 0.10103517770767212 0
vt 0.11599101126194 0.0089189475402235985
vt 0.10103517770767212 0.0089189475402235985
vt 0.11599101126194 0.017551055178046227
vt 0.10103517770767212 0.017551055178046227
vt 0.11599101126194 0.026043921709060669
vt 0.10103517770767212 0.026043921709060669
vt 0.11599101126194 0.034440137445926666
vt 0.10103517770767212 0.034440137445926666
vt 0.11599101126194 0.042836353182792664
vt 0.10103517770767212 0.042836353182792664
vt 0.11599101126194 0.051232572644948959
vt 0.10103517770767212 0.051232572644948959
vt 0.11599101126194 0.059628784656524658
vt 0.10103517770767212 0.059628784656524658
vt 0.11599101126194 0.068025000393390656
vt 0.10103517770767212 0.068025000393390656
vt 0.11599101126194 0.076943948864936829
vt 0.10103517770767212 0.076943948864936829
vt 0.11599101126194 0.085576064884662628
vt 0.10103517770767212 0.085576064884662628
vt 0.11599101126194 0.094068922102451324
vt 0.10103517770767212 0.094068922102451324
vt 0.11599101126194 0.10246514528989792
vt 0.10103517770767212 0.10246514528989792
vt 0.11599101126194 0.11086135357618332
vt 0.10103517770767212 0.11086135357618332
vt 0.11599101126194 0.11925756931304932
vt 0.10103517770767212 0.11925756931304932
vt 0.11599101126194 0.12765379250049591
vt 0.10103517770767212 0.12765379250049591
vt 0.11599101126194 0.13605000078678131
vt 0.10103517770767212 0.13605000078678131
vt 0.21382793784141541 0.012372865341603756
vt 0.21382793784141541 0.024745730683207512
vt 0.21382793784141541 0.037118595093488693
vt 0.21382793784141541 0.049491461366415024
vt 0.21382793784141541 0.061864327639341354
vt 0.21382793784141541 0.074237190186977386
vt 0.22861455380916595 0.012372865341603756
vt 0.22861455380916595 0.024745730683207512
vt 0.22861455380916595 0.037118595093488693
vt 0.22861455380916595 0.049491461366415024
vt 0.22861455380916595 0.061864327639341354
vt 0.22861455380916595 0.074237190186977386
vt 0.18319988250732422 0
vt 0.1932334303855896 0
vt 0.20326697826385498 0
vt 0.21330052614212036 0
vt 0.22333405911922455 0
vt 0.23336760699748993 0
vt 0.24340115487575531 0
vt 0.18319988250732422 0.086610056459903717
vt 0.17492644488811493 0.085812389850616455
vt 0.16674785315990448 0.083363190293312073
vt 0.15903772413730621 0.079242683947086334
vt 0.15226133167743683 0.07360570877790451
vt 0.14677177369594574 0.066721223294734955
vt 0.14285632967948914 0.059044215828180313
vt 0.14059923589229584 0.051083832979202271
vt 0.13989485800266266 0.043305028229951859
vt 0.14069253206253052 0.035031583160161972
vt 0.1431417316198349 0.026852997019886971
vt 0.14726223051548004 0.019142866134643555
vt 0.15289920568466187 0.012366475537419319
vt 0.15978369116783142 0.0068769198842346668
vt 0.16746069490909576 0.0029614616651087999
vt 0.17542107403278351 0.00070437561953440309
vt 0.1879865825176239 0.018402878195047379
vt 0.18337538838386536 0.017947610467672348
vt 0.17848414182662964 0.018389344215393066
vt 0.1735796332359314 0.019842717796564102
vt 0.16897611320018768 0.022311847656965256
vt 0.16497622430324554 0.025671890005469322
vt 0.16180811822414398 0.029688069596886635
vt 0.15958447754383087 0.034066978842020035
vt 0.15829774737358093 0.038518339395523071
vt 0.15784247219562531 0.043129518628120422
vt 0.15828420221805573 0.048020768910646439
vt 0.15973757207393646 0.052925288677215576
vt 0.16220670938491821 0.057528804987668991
vt 0.16556675732135773 0.061528690159320831
vt 0.16958293318748474 0.064696803689002991
vt 0.17396184802055359 0.066920444369316101
vt 0.17841319739818573 0.06820717453956604
vt 0.18302437663078308 0.068662442266941071
vt 0.1879156231880188 0.068220712244510651
vt 0.19282014667987823 0.066767334938049316
vt 0.19742366671562195 0.064298205077648163
vt 0.20142355561256409 0.060938164591789246
vt 0.20459166169166565 0.056921985000371933
vt 0.20681530237197876 0.052543077617883682
vt 0.2081020325422287 0.048091720789670944
vt 0.20855730772018433 0.043480534106492996
vt 0.20811556279659271 0.038589287549257278
vt 0.20666219294071198 0.033684767782688141
vt 0.20419307053089142 0.029081249609589577
vt 0.2008330225944519 0.025081364437937737
vt 0.19681684672832489 0.021913256496191025
vt 0.19243793189525604 0.019689610227942467
vt 0.24340115487575531 0.010826257057487965
vt 0.24340115487575531 0.021652514114975929
vt 0.24340115487575531 0.032478772103786469
vt 0.24340115487575531 0.043305028229951859
vt 0.24340115487575531 0.054131284356117249
vt 0.2434011697769165 0.064957544207572937
vt 0.2434011697769165 0.075783796608448029
vt 0.2434011697769165 0.086610056459903717
vt 0.23336762189865112 0.086610056459903717
vt 0.22333407402038574 0.086610056459903717
vt 0.21330052614212036 0.086610056459903717
vt 0.20326697826385498 0.086610056459903717
vt 0.1932334303855896 0.086610056459903717
vt 0.15468147397041321 0.024745730683207512
vt 0.15468147397041321 0.049491461366415024
vt 0.16946808993816376 0.012372865341603756
vt 0.19904132187366486 0.012372865341603756
vt 0.15468147397041321 0.061864327639341354
vt 0.16946808993816376 0.074237190186977386
vt 0.19904132187366486 0.074237190186977386
vt 0.67929536104202271 0.5
vt 0.70897001028060913 0.5
vt 0.73864465951919556 0.5
vt 0.68762391805648804 0.54330503940582275
vt 0.67929536104202271 0.58661007881164551
vt 0.67113900184631348 0.58581238985061646
vt 0.66307616233825684 0.58336317539215088
vt 0.65547513961791992 0.57924270629882813
vt 0.64879465103149414 0.57360571622848511
vt 0.64338278770446777 0.56672120094299316
vt 0.6395227313041687 0.5590442419052124
vt 0.63729763031005859 0.55108386278152466
vt 0.63660317659378052 0.54330503940582275
vt 0.63738960027694702 0.53503155708312988
vt 0.63980412483215332 0.52685302495956421
vt 0.64386630058288574 0.51914286613464355
vt 0.64942348003387451 0.51236647367477417
vt 0.65621054172515869 0.50687694549560547
vt 0.66377890110015869 0.50296145677566528
vt 0.67162662744522095 0.50070434808731079
vt 0.68762391805648804 0.56495755910873413
vt 0.66211354732513428 0.54330503940582275
vt 0.66211354732513428 0.56495755910873413
vt 0.66211354732513428 0.55413126945495605
vt 0.64935839176177979 0.54330503940582275
vt 0.64935839176177979 0.55413126945495605
vt 0.68762391805648804 0.52165251970291138
vt 0.66211354732513428 0.52165251970291138
vt 0.68762391805648804 0.5108262300491333
vt 0.67486876249313354 0.52165251970291138
vt 0.67486876249313354 0.5108262300491333
vt 0.7131342887878418 0.54330503940582275
vt 0.7131342887878418 0.52165251970291138
vt 0.73864465951919556 0.52165251970291138
vt 0.73864465951919556 0.54330503940582275
vt 0.73864465951919556 0.56495755910873413
vt 0.73864465951919556 0.58661007881164551
vt 0.70897001028060913 0.58661007881164551
vt 0.089377269148826599 0
vt 0.089377269148826599 0.005222647450864315
vt 0.089377269148826599 0.010277330875396729
vt 0.089377269148826599 0.015250478871166706
vt 0.089377269148826599 0.020167030394077301
vt 0.089377269148826599 0.02508358471095562
vt 0.089377269148826599 0.030000139027833939
vt 0.089377269148826599 0.034916691482067108
vt 0.089377269148826599 0.039833243936300278
vt 0.089377269148826599 0.045055892318487167
vt 0.089377269148826599 0.050110578536987305
vt 0.089377269148826599 0.055083721876144409
vt 0.089377269148826599 0.060000278055667877
vt 0.089377269148826599 0.064916826784610748
vt 0.089377269148826599 0.069833382964134216
vt 0.089377269148826599 0.074749939143657684
vt 0.089377269148826599 0.079666487872600555
vt 0.089377269148826599 0.084889136254787445
vt 0.089377269148826599 0.089943818747997284
vt 0.089377269148826599 0.094916962087154388
vt 0.089377269148826599 0.099833518266677856
vt 0.089377269148826599 0.10475006699562073
vt 0.089377269148826599 0.10966663062572479
vt 0.089377269148826599 0.11458317935466766
vt 0.089377269148826599 0.11949972808361053
vt 0.089377269148826599 0.12472237646579742
vt 0.089377269148826599 0.12977705895900726
vt 0.089377269148826599 0.13475020229816437
vt 0.089377269148826599 0.13966676592826843
vt 0.089377269148826599 0.1445833146572113
vt 0.089377269148826599 0.14949987828731537
vt 0.089377269148826599 0.15441642701625824
vt 0.098350770771503448 0.15933297574520111
vt 0.089377269148826599 0.15933297574520111
vt 0.098350770771503448 0
vt 0.098350770771503448 0.0049791554920375347
vt 0.098350770771503448 0.0099583109840750694
vt 0.098350770771503448 0.014937466010451317
vt 0.098350770771503448 0.019916621968150139
vt 0.098350770771503448 0.024895777925848961
vt 0.098350770771503448 0.029874932020902634
vt 0.098350770771503448 0.034854087978601456
vt 0.098350770771503448 0.039833243936300278
vt 0.098350770771503448 0.0448123998939991
vt 0.098350770771503448 0.049791555851697922
vt 0.098350770771503448 0.054770708084106445
vt 0.098350770771503448 0.059749864041805267
vt 0.098350770771503448 0.064729019999504089
vt 0.098350770771503448 0.069708175957202911
vt 0.098350770771503448 0.074687331914901733
vt 0.098350770771503448 0.079666487872600555
vt 0.098350770771503448 0.084645643830299377
vt 0.098350770771503448 0.089624799787998199
vt 0.098350770771503448 0.094603955745697021
vt 0.098350770771503448 0.099583111703395844
vt 0.098350770771503448 0.10456226021051407
vt 0.098350770771503448 0.10954141616821289
vt 0.098350770771503448 0.11452057212591171
vt 0.098350770771503448 0.11949972808361053
vt 0.098350770771503448 0.12447888404130936
vt 0.098350770771503448 0.12945803999900818
vt 0.098350770771503448 0.1344372034072876
vt 0.098350770771503448 0.13941635191440582
vt 0.098350770771503448 0.14439550042152405
vt 0.098350770771503448 0.14937466382980347
vt 0.098350770771503448 0.15435381233692169
vt 0.19015496969223022 0.19092334806919098
vt 0.19061076641082764 0.19576908648014069
vt 0.19010639190673828 0.20074282586574554
vt 0.18858917057514191 0.20563192665576935
vt 0.18609671294689178 0.21015170216560364
vt 0.18274463713169098 0.21406939625740051
vt 0.17876283824443817 0.21716950833797455
vt 0.17443478107452393 0.21934732794761658
vt 0.17003950476646423 0.22061218321323395
vt 0.16519376635551453 0.22106799483299255
vt 0.16022002696990967 0.2205636203289032
vt 0.15533094108104706 0.21904639899730682
vt 0.15081115067005157 0.2165539413690567
vt 0.14689347147941589 0.2132018655538559
vt 0.14379334449768066 0.20922006666660309
vt 0.14161553978919983 0.20489200949668884
vt 0.14035066962242126 0.20049673318862915
vt 0.13989485800266266 0.19565099477767944
vt 0.14039923250675201 0.19067725539207458
vt 0.14191645383834839 0.18578815460205078
vt 0.1444089263677597 0.18126837909221649
vt 0.14776100218296051 0.17735069990158081
vt 0.15174280107021332 0.17425057291984558
vt 0.15607085824012756 0.17207276821136475
vt 0.16046613454818726 0.17080789804458618
vt 0.16531187295913696 0.17035208642482758
vt 0.17028559744358063 0.17085646092891693
vt 0.17517469823360443 0.17237368226051331
vt 0.17969447374343872 0.17486615478992462
vt 0.1836121678352356 0.17821821570396423
vt 0.18671227991580963 0.18220002949237823
vt 0.18889009952545166 0.18652808666229248
vt 0.16525281965732574 0.19571004807949066
vt 0.17793183028697968 0.19571004807949066
vt 0.16525281965732574 0.18303103744983673
vt 0.17793183028697968 0.18303103744983673
vt 0.16525281965732574 0.20838905870914459
vt 0.17793183028697968 0.20838905870914459
vt 0.15257380902767181 0.19571004807949066
vt 0.15257380902767181 0.20838905870914459
vt 0.15257380902767181 0.18303103744983673
vt 0.014955835416913033 0
vt 0 0
vt 0 0.060201246291399002
vt 0.014955835416913033 0.010033540427684784
vt 0.014955835416913033 0.020067080855369568
vt 0.014955835416913033 0.030100621283054352
vt 0.014955835416913033 0.040134161710739136
vt 0.014955835416913033 0.05016770213842392
vt 0.014955835416913033 0.060201242566108704
vt 0 0.030100623145699501
vt 0.019429842010140419 0
vt 0.034385677427053452 0.060201253741979599
vt 0.019429842010140419 0.060201253741979599
vt 0.034385677427053452 2.796863185494658E-09
vt 0.034385677427053452 0.010033544152975082
vt 0.034385677427053452 0.020067086443305016
vt 0.034385677427053452 0.030100626870989799
vt 0.034385677427053452 0.040134169161319733
vt 0.034385677427053452 0.050167709589004517
vt 0.019429842010140419 0.030100626870989799
vt 0.13542085886001587 0
vt 0.12046501785516739 0
vt 0.13542085886001587 0.0089189475402235985
vt 0.12046501785516739 0.0089189475402235985
vt 0.13542085886001587 0.017551055178046227
vt 0.12046501785516739 0.017551055178046227
vt 0.13542085886001587 0.026043921709060669
vt 0.12046501785516739 0.026043921709060669
vt 0.13542085886001587 0.034440137445926666
vt 0.12046501785516739 0.034440137445926666
vt 0.13542085886001587 0.042836353182792664
vt 0.12046501785516739 0.042836353182792664
vt 0.13542085886001587 0.051232572644948959
vt 0.12046501785516739 0.051232572644948959
vt 0.13542085886001587 0.059628784656524658
vt 0.12046501785516739 0.059628784656524658
vt 0.13542085886001587 0.068025000393390656
vt 0.12046501785516739 0.068025000393390656
vt 0.13542085886001587 0.076943948864936829
vt 0.12046501785516739 0.076943948864936829
vt 0.13542085886001587 0.085576064884662628
vt 0.12046501785516739 0.085576064884662628
vt 0.13542085886001587 0.094068922102451324
vt 0.12046501785516739 0.094068922102451324
vt 0.13542085886001587 0.10246514528989792
vt 0.12046501785516739 0.10246514528989792
vt 0.13542085886001587 0.11086135357618332
vt 0.12046501785516739 0.11086135357618332
vt 0.13542085886001587 0.11925756931304932
vt 0.12046501785516739 0.11925756931304932
vt 0.13542085886001587 0.12765379250049591
vt 0.12046501785516739 0.12765379250049591
vt 0.13542085886001587 0.13605000078678131
vt 0.12046501785516739 0.13605000078678131
vt 0.28001952171325684 0.24428515136241913
vt 0.26764664053916931 0.24428515136241913
vt 0.25527378916740417 0.24428515136241913
vt 0.24290092289447784 0.24428515136241913
vt 0.23052805662155151 0.24428515136241913
vt 0.21815519034862518 0.24428515136241913
vt 0.28001952171325684 0.25907176733016968
vt 0.26764664053916931 0.25907176733016968
vt 0.25527378916740417 0.25907176733016968
vt 0.24290092289447784 0.25907176733016968
vt 0.23052805662155151 0.25907176733016968
vt 0.21815519034862518 0.25907176733016968
vt 0.29239237308502197 0.21365711092948914
vt 0.29239237308502197 0.22369065880775452
vt 0.29239237308502197 0.2337241917848587
vt 0.29239237308502197 0.24375773966312408
vt 0.29239237308502197 0.25379127264022827
vt 0.29239237308502197 0.26382482051849365
vt 0.29239237308502197 0.27385833859443665
vt 0.20578232407569885 0.21365711092948914
vt 0.20657999813556671 0.20538367331027985
vt 0.20902919769287109 0.1972050815820694
vt 0.21314969658851624 0.18949495255947113
vt 0.21878667175769806 0.18271856009960175
vt 0.22567115724086761 0.17722900211811066
vt 0.23334817588329315 0.17331354320049286
vt 0.2413085550069809 0.17105646431446075
vt 0.24908736348152161 0.17035208642482758
vt 0.25736081600189209 0.17114976048469543
vt 0.26553937792778015 0.17359896004199982
vt 0.27324950695037842 0.17771945893764496
vt 0.2800258994102478 0.18335643410682678
vt 0.28551545739173889 0.19024091958999634
vt 0.28943091630935669 0.19791792333126068
vt 0.29168799519538879 0.20587830245494843
vt 0.27398949861526489 0.21844381093978882
vt 0.27444478869438171 0.21383261680603027
vt 0.27400302886962891 0.20894137024879456
vt 0.27254965901374817 0.20403686165809631
vt 0.27008053660392761 0.1994333416223526
vt 0.26672050356864929 0.19543345272541046
vt 0.26270431280136108 0.1922653466463089
vt 0.25832539796829224 0.19004170596599579
vt 0.2538740336894989 0.18875496089458466
vt 0.24926286935806274 0.18829970061779022
vt 0.24437162280082703 0.18874143064022064
vt 0.23946709930896759 0.19019480049610138
vt 0.23486357927322388 0.19266393780708313
vt 0.23086369037628174 0.19602397084236145
vt 0.22769558429718018 0.20004016160964966
vt 0.22547194361686707 0.20441906154155731
vt 0.22418521344661713 0.20887042582035065
vt 0.2237299382686615 0.213481605052948
vt 0.22417166829109192 0.21837285161018372
vt 0.22562505304813385 0.22327737510204315
vt 0.22809417545795441 0.22788089513778687
vt 0.23145422339439392 0.231880784034729
vt 0.23547039926052094 0.23504889011383057
vt 0.23984929919242859 0.23727253079414368
vt 0.24430066347122192 0.23855926096439362
vt 0.24891185760498047 0.23901453614234924
vt 0.25380310416221619 0.23857279121875763
vt 0.25870761275291443 0.23711942136287689
vt 0.26331114768981934 0.23465029895305634
vt 0.26731100678443909 0.23129025101661682
vt 0.27047914266586304 0.22727407515048981
vt 0.27270278334617615 0.22289516031742096
vt 0.28156614303588867 0.27385836839675903
vt 0.27073988318443298 0.27385836839675903
vt 0.25991362333297729 0.27385836839675903
vt 0.24908736348152161 0.27385836839675903
vt 0.23826110363006592 0.27385836839675903
vt 0.22743484377861023 0.27385836839675903
vt 0.21660858392715454 0.27385836839675903
vt 0.20578232407569885 0.27385836839675903
vt 0.20578232407569885 0.26382482051849365
vt 0.20578232407569885 0.25379127264022827
vt 0.20578232407569885 0.24375773966312408
vt 0.20578232407569885 0.2337241917848587
vt 0.20578232407569885 0.22369065880775452
vt 0.26764664053916931 0.18513870239257813
vt 0.24290092289447784 0.18513870239257813
vt 0.28001952171325684 0.19992530345916748
vt 0.28001952171325684 0.22949853539466858
vt 0.23052805662155151 0.18513870239257813
vt 0.21815519034862518 0.19992530345916748
vt 0.21815519034862518 0.22949853539466858
vt 0.67929536104202271 0
vt 0.70897001028060913 0
vt 0.73864465951919556 0
vt 0.68762391805648804 0.043305028229951859
vt 0.67929536104202271 0.086610056459903717
vt 0.67113900184631348 0.085812389850616455
vt 0.66307616233825684 0.083363190293312073
vt 0.65547513961791992 0.079242683947086334
vt 0.64879465103149414 0.07360570877790451
vt 0.64338278770446777 0.066721223294734955
vt 0.6395227313041687 0.059044215828180313
vt 0.63729763031005859 0.051083832979202271
vt 0.63660317659378052 0.043305028229951859
vt 0.63738960027694702 0.035031583160161972
vt 0.63980412483215332 0.026852997019886971
vt 0.64386630058288574 0.019142866134643555
vt 0.64942348003387451 0.012366475537419319
vt 0.65621054172515869 0.0068769198842346668
vt 0.66377890110015869 0.0029614616651087999
vt 0.67162662744522095 0.00070437561953440309
vt 0.68762391805648804 0.064957544207572937
vt 0.66211354732513428 0.043305028229951859
vt 0.66211354732513428 0.064957544207572937
vt 0.66211354732513428 0.054131284356117249
vt 0.64935839176177979 0.043305028229951859
vt 0.64935839176177979 0.054131284356117249
vt 0.68762391805648804 0.021652514114975929
vt 0.66211354732513428 0.021652514114975929
vt 0.68762391805648804 0.010826257057487965
vt 0.67486876249313354 0.021652514114975929
vt 0.67486876249313354 0.010826257057487965
vt 0.7131342887878418 0.043305028229951859
vt 0.7131342887878418 0.021652514114975929
vt 0.73864465951919556 0.021652514114975929
vt 0.73864465951919556 0.043305028229951859
vt 0.73864465951919556 0.064957544207572937
vt 0.73864465951919556 0.086610056459903717
vt 0.70897001028060913 0.086610056459903717
vt 0.077719368040561676 0
vt 0.077719368040561676 0.005222647450864315
vt 0.077719368040561676 0.010277330875396729
vt 0.077719368040561676 0.015250478871166706
vt 0.077719368040561676 0.020167030394077301
vt 0.077719368040561676 0.02508358471095562
vt 0.077719368040561676 0.030000139027833939
vt 0.077719368040561676 0.034916691482067108
vt 0.077719368040561676 0.039833243936300278
vt 0.077719368040561676 0.045055892318487167
vt 0.077719368040561676 0.050110578536987305
vt 0.077719368040561676 0.055083721876144409
vt 0.077719368040561676 0.060000278055667877
vt 0.077719368040561676 0.064916826784610748
vt 0.077719368040561676 0.069833382964134216
vt 0.077719368040561676 0.074749939143657684
vt 0.077719368040561676 0.079666487872600555
vt 0.077719368040561676 0.084889136254787445
vt 0.077719368040561676 0.089943818747997284
vt 0.077719368040561676 0.094916962087154388
vt 0.077719368040561676 0.099833518266677856
vt 0.077719368040561676 0.10475006699562073
vt 0.077719368040561676 0.10966663062572479
vt 0.077719368040561676 0.11458317935466766
vt 0.077719368040561676 0.11949972808361053
vt 0.077719368040561676 0.12472237646579742
vt 0.077719368040561676 0.12977705895900726
vt 0.077719368040561676 0.13475020229816437
vt 0.077719368040561676 0.13966676592826843
vt 0.077719368040561676 0.1445833146572113
vt 0.077719368040561676 0.14949987828731537
vt 0.077719368040561676 0.15441642701625824
vt 0.086692869663238525 0.15933297574520111
vt 0.077719368040561676 0.15933297574520111
vt 0.086692869663238525 0
vt 0.086692869663238525 0.0049791554920375347
vt 0.086692869663238525 0.0099583109840750694
vt 0.086692869663238525 0.014937466010451317
vt 0.086692869663238525 0.019916621968150139
vt 0.086692869663238525 0.024895777925848961
vt 0.086692869663238525 0.029874932020902634
vt 0.086692869663238525 0.034854087978601456
vt 0.086692869663238525 0.039833243936300278
vt 0.086692869663238525 0.0448123998939991
vt 0.086692869663238525 0.049791555851697922
vt 0.086692869663238525 0.054770708084106445
vt 0.086692869663238525 0.059749864041805267
vt 0.086692869663238525 0.064729019999504089
vt 0.086692869663238525 0.069708175957202911
vt 0.086692869663238525 0.074687331914901733
vt 0.086692869663238525 0.079666487872600555
vt 0.086692869663238525 0.084645643830299377
vt 0.086692869663238525 0.089624799787998199
vt 0.086692869663238525 0.094603955745697021
vt 0.086692869663238525 0.099583111703395844
vt 0.086692869663238525 0.10456226021051407
vt 0.086692869663238525 0.10954141616821289
vt 0.086692869663238525 0.11452057212591171
vt 0.086692869663238525 0.11949972808361053
vt 0.086692869663238525 0.12447888404130936
vt 0.086692869663238525 0.12945803999900818
vt 0.086692869663238525 0.1344372034072876
vt 0.086692869663238525 0.13941635191440582
vt 0.086692869663238525 0.14439550042152405
vt 0.086692869663238525 0.14937466382980347
vt 0.086692869663238525 0.15435381233692169
vt 0.81374013423919678 0
vt 0.74010950326919556 0
vt 0.81374013423919678 0.016891401261091232
vt 0.74010950326919556 0.016891401261091232
vt 0.81374013423919678 0.032730180770158768
vt 0.74010950326919556 0.032730180770158768
vt 0.81374013423919678 0.048568960279226303
vt 0.74010950326919556 0.048568960279226303
vt 0.81374013423919678 0.06440773606300354
vt 0.74010950326919556 0.06440773606300354
vt 0.81374013423919678 0.080168358981609344
vt 0.74010950326919556 0.080168358981609344
vt 0.81374013423919678 0.095574311912059784
vt 0.74010950326919556 0.095574311912059784
vt 0.81374013423919678 0.11098025739192963
vt 0.74010950326919556 0.11098025739192963
vt 0.81374013423919678 0.12638621032238007
vt 0.74010950326919556 0.12638621032238007
vt 0.81374013423919678 0.14179216325283051
vt 0.74010950326919556 0.14179216325283051
vt 0.81374013423919678 0.15719810128211975
vt 0.74010950326919556 0.15719810128211975
vt 0.81374013423919678 0.172604039311409
vt 0.74010950326919556 0.172604039311409
vt 0.81374013423919678 0.18801000714302063
vt 0.74010950326919556 0.18801000714302063
vt 0.81374013423919678 0.20341594517230988
vt 0.74010950326919556 0.20341594517230988
vt 0.81374013423919678 0.21882188320159912
vt 0.74010950326919556 0.21882188320159912
vt 0.81374013423919678 0.23516979813575745
vt 0.74010950326919556 0.23516979813575745
vt 0.81374013423919678 0.2496337890625
vt 0.74010950326919556 0.2496337890625
vt 0.81374013423919678 0.26652520895004272
vt 0.74010950326919556 0.26652520895004272
vt 0.81374013423919678 0.28236398100852966
vt 0.74010950326919556 0.28236398100852966
vt 0.81374013423919678 0.2982027530670166
vt 0.74010950326919556 0.2982027530670166
vt 0.81374013423919678 0.31404155492782593
vt 0.74010950326919556 0.31404155492782593
vt 0.81374013423919678 0.32980215549468994
vt 0.74010950326919556 0.32980215549468994
vt 0.81374013423919678 0.34520807862281799
vt 0.74010950326919556 0.34520807862281799
vt 0.81374013423919678 0.36061403155326843
vt 0.74010950326919556 0.36061403155326843
vt 0.81374013423919678 0.37602001428604126
vt 0.74010950326919556 0.37602001428604126
vt 0.81374013423919678 0.39142593741416931
vt 0.74010950326919556 0.39142593741416931
vt 0.81374013423919678 0.40683189034461975
vt 0.74010950326919556 0.40683189034461975
vt 0.81374013423919678 0.42223784327507019
vt 0.74010950326919556 0.42223784327507019
vt 0.81374013423919678 0.43764376640319824
vt 0.74010950326919556 0.43764376640319824
vt 0.81374013423919678 0.45304971933364868
vt 0.74010950326919556 0.45304971933364868
vt 0.81374013423919678 0.46845570206642151
vt 0.74010950326919556 0.46845570206642151
vt 0.81374013423919678 0.48480358719825745
vt 0.74010950326919556 0.48480358719825745
vt 0.81374013423919678 0.499267578125
vt 0.74010950326919556 0.499267578125
vt 0.81374013423919678 0.51615893840789795
vt 0.74010950326919556 0.51615893840789795
vt 0.81374013423919678 0.53199774026870728
vt 0.74010950326919556 0.53199774026870728
vt 0.81374013423919678 0.5478365421295166
vt 0.74010950326919556 0.5478365421295166
vt 0.81374013423919678 0.56367534399032593
vt 0.74010950326919556 0.56367534399032593
vt 0.81374013423919678 0.57943594455718994
vt 0.74010950326919556 0.57943594455718994
vt 0.81374013423919678 0.59484189748764038
vt 0.74010950326919556 0.59484189748764038
vt 0.81374013423919678 0.61024785041809082
vt 0.74010950326919556 0.61024785041809082
vt 0.81374013423919678 0.62565374374389648
vt 0.74010950326919556 0.62565374374389648
vt 0.81374013423919678 0.64105969667434692
vt 0.74010950326919556 0.64105969667434692
vt 0.81374013423919678 0.65646564960479736
vt 0.74010950326919556 0.65646564960479736
vt 0.81374013423919678 0.67187166213989258
vt 0.74010950326919556 0.67187166213989258
vt 0.81374013423919678 0.68727761507034302
vt 0.74010950326919556 0.68727761507034302
vt 0.81374013423919678 0.70268356800079346
vt 0.74010950326919556 0.70268356800079346
vt 0.81374013423919678 0.71808946132659912
vt 0.74010950326919556 0.71808946132659912
vt 0.81374013423919678 0.73443740606307983
vt 0.74010950326919556 0.73443740606307983
vt 0.81374013423919678 0.7489013671875
vt 0.74010950326919556 0.7489013671875
vt 0.81374013423919678 0.76579272747039795
vt 0.74010950326919556 0.76579272747039795
vt 0.81374013423919678 0.78163152933120728
vt 0.74010950326919556 0.78163152933120728
vt 0.81374013423919678 0.7974703311920166
vt 0.74010950326919556 0.7974703311920166
vt 0.81374013423919678 0.81330913305282593
vt 0.74010950326919556 0.81330913305282593
vt 0.81374013423919678 0.82906973361968994
vt 0.74010950326919556 0.82906973361968994
vt 0.81374013423919678 0.84447568655014038
vt 0.74010950326919556 0.84447568655014038
vt 0.81374013423919678 0.85988163948059082
vt 0.74010950326919556 0.85988163948059082
vt 0.81374013423919678 0.87528753280639648
vt 0.74010950326919556 0.87528753280639648
vt 0.81374013423919678 0.89069348573684692
vt 0.74010950326919556 0.89069348573684692
vt 0.81374013423919678 0.90609943866729736
vt 0.74010950326919556 0.90609943866729736
vt 0.81374013423919678 0.92150545120239258
vt 0.74010950326919556 0.92150545120239258
vt 0.81374013423919678 0.93691140413284302
vt 0.74010950326919556 0.93691140413284302
vt 0.81374013423919678 0.95231735706329346
vt 0.74010950326919556 0.95231735706329346
vt 0.81374013423919678 0.96772325038909912
vt 0.74010950326919556 0.96772325038909912
vt 0.81374013423919678 0.98407119512557983
vt 0.74010950326919556 0.98407119512557983
vt 0.81374013423919678 0.99853515625
vt 0.74010950326919556 0.99853515625
vt 0.77692484855651855 0
vt 0.77692484855651855 0.99853515625
vt 0.086259506642818451 0.67477041482925415
vt 0.072866886854171753 0.66703641414642334
vt 0.060644723474979401 0.65831089019775391
vt 0.048975113779306412 0.64815419912338257
vt 0.038090813905000687 0.63660687208175659
vt 0.028269171714782715 0.6238253116607666
vt 0.019847376272082329 0.61021894216537476
vt 0.012768052518367767 0.59568554162979126
vt 0.0071717076934874058 0.58043259382247925
vt 0.0031550317071378231 0.56469422578811646
vt 0.00076557666761800647 0.54871892929077148
vt 0 0.53275686502456665
vt 0.00080634927144274116 0.51704734563827515
vt 0.00308961421251297 0.50180768966674805
vt 0.0067200744524598122 0.48722472786903381
vt 0.011872623115777969 0.47263634204864502
vt 0.017387913540005684 0.46059542894363403
vt 0.025086322799324989 0.4471409022808075
vt 0.033771660178899765 0.43486222624778748
vt 0.043881654739379883 0.42313864827156067
vt 0.055375825613737106 0.41220402717590332
vt 0.068098537623882294 0.40233698487281799
vt 0.081642307341098785 0.39387625455856323
vt 0.096108853816986084 0.38676419854164124
vt 0.1112915500998497 0.38114199042320251
vt 0.1269574910402298 0.37710675597190857
vt 0.14285929501056671 0.37470623850822449
vt 0.15874789655208588 0.37393710017204285
vt 0.17438513040542603 0.37474718689918518
vt 0.18955467641353607 0.37704101204872131
vt 0.20407049357891083 0.38068825006484985
vt 0.21859173476696014 0.38586464524269104
vt 0.2305772453546524 0.39140543341636658
vt 0.24396985769271851 0.39913943409919739
vt 0.25619202852249146 0.40786489844322205
vt 0.26786163449287415 0.41802164912223816
vt 0.27874594926834106 0.42956897616386414
vt 0.28856757283210754 0.44235050678253174
vt 0.29698938131332397 0.45595687627792358
vt 0.30406868457794189 0.47049030661582947
vt 0.30966505408287048 0.4857431948184967
vt 0.31368172168731689 0.50148159265518188
vt 0.31607118248939514 0.51745688915252686
vt 0.31683674454689026 0.53341895341873169
vt 0.31603041291236877 0.54912847280502319
vt 0.31374713778495789 0.56436818838119507
vt 0.31011667847633362 0.57895106077194214
vt 0.30496412515640259 0.59353947639465332
vt 0.29944881796836853 0.60558038949966431
vt 0.29175043106079102 0.61903494596481323
vt 0.2830650806427002 0.63131362199783325
vt 0.27295511960983276 0.64303719997406006
vt 0.26146093010902405 0.65397179126739502
vt 0.24873821437358856 0.66383886337280273
vt 0.23519444465637207 0.67229956388473511
vt 0.22072790563106537 0.67941164970397949
vt 0.20554520189762115 0.68503385782241821
vt 0.18987925350666046 0.68906909227371216
vt 0.17397744953632355 0.69146960973739624
vt 0.15808884799480438 0.69223868846893311
vt 0.14245162904262543 0.69142866134643555
vt 0.12728206813335419 0.68913483619689941
vt 0.11276627331972122 0.68548756837844849
vt 0.098245002329349518 0.68031120300292969
vt 0.15841837227344513 0.53308790922164917
vt 0.079209014773368835 0.53308790922164917
vt 0.15841837227344513 0.61266350746154785
vt 0.079209014773368835 0.61266350746154785
vt 0.079209014773368835 0.6524512767791748
vt 0.11881368607282639 0.61266350746154785
vt 0.15841837227344513 0.6524512767791748
vt 0.11881368607282639 0.6524512767791748
vt 0.23762772977352142 0.53308790922164917
vt 0.23762772977352142 0.61266350746154785
vt 0.099011354148387909 0.6524512767791748
vt 0.11881368607282639 0.67234516143798828
vt 0.099011354148387909 0.67234516143798828
vt 0.039604328572750092 0.61266350746154785
vt 0.039604328572750092 0.53308790922164917
vt 0.079209014773368835 0.57287567853927612
vt 0.039604328572750092 0.57287567853927612
vt 0.15841837227344513 0.45351234078407288
vt 0.079209014773368835 0.45351234078407288
vt 0.039604328572750092 0.45351234078407288
vt 0.079209014773368835 0.49330013990402222
vt 0.039604328572750092 0.49330013990402222
vt 0.019801994785666466 0.49330013990402222
vt 0.039604328572750092 0.47340622544288635
vt 0.019801994785666466 0.47340622544288635
vt 0.079209014773368835 0.41372454166412354
vt 0.11881368607282639 0.45351234078407288
vt 0.15841837227344513 0.41372454166412354
vt 0.11881368607282639 0.41372454166412354
vt 0.23762772977352142 0.45351234078407288
vt 0.19802305102348328 0.45351234078407288
vt 0.23762772977352142 0.41372454166412354
vt 0.19802305102348328 0.41372454166412354
vt 0.21782539784908295 0.41372454166412354
vt 0.19802305102348328 0.39383065700531006
vt 0.21782539784908295 0.39383065700531006
vt 0.27723240852355957 0.45351234078407288
vt 0.27723240852355957 0.53308790922164917
vt 0.23762772977352142 0.49330013990402222
vt 0.27723240852355957 0.49330013990402222
vt 0.27723240852355957 0.61266350746154785
vt 0.23762772977352142 0.57287567853927612
vt 0.27723240852355957 0.57287567853927612
vt 0.27723240852355957 0.59276962280273438
vt 0.29703477025032043 0.57287567853927612
vt 0.29703477025032043 0.59276962280273438
vt 0.23762772977352142 0.6524512767791748
vt 0.19802305102348328 0.61266350746154785
vt 0.19802305102348328 0.6524512767791748
vt 0.54008746147155762 0.031829886138439178
vt 0.5084037184715271 0.031829886138439178
vt 0.47671997547149658 0.031829886138439178
vt 0.44503623247146606 0.031829886138439178
vt 0.41335248947143555 0.031829886138439178
vt 0.54008746147155762 0.063660115003585815
vt 0.5084037184715271 0.063660115003585815
vt 0.47671997547149658 0.063660115003585815
vt 0.44503623247146606 0.063660115003585815
vt 0.41335248947143555 0.063660115003585815
vt 0.38166874647140503 0.063660115003585815
vt 0.60345494747161865 0.095490343868732452
vt 0.57177120447158813 0.095490343868732452
vt 0.44503623247146606 0.095490343868732452
vt 0.41335248947143555 0.095490343868732452
vt 0.38166874647140503 0.095490343868732452
vt 0.34998500347137451 0.095490343868732452
vt 0.60345494747161865 0.12732057273387909
vt 0.57177120447158813 0.12732057273387909
vt 0.54008746147155762 0.12732057273387909
vt 0.5084037184715271 0.12732057273387909
vt 0.47671997547149658 0.12732057273387909
vt 0.44503623247146606 0.12732057273387909
vt 0.41335248947143555 0.12732057273387909
vt 0.38166874647140503 0.12732057273387909
vt 0.34998500347137451 0.12732057273387909
vt 0.60345494747161865 0.15915079414844513
vt 0.57177120447158813 0.15915079414844513
vt 0.54008746147155762 0.15915079414844513
vt 0.5084037184715271 0.15915079414844513
vt 0.47671997547149658 0.15915079414844513
vt 0.44503623247146606 0.15915079414844513
vt 0.41335248947143555 0.15915079414844513
vt 0.38166874647140503 0.15915079414844513
vt 0.34998500347137451 0.15915079414844513
vt 0.60345494747161865 0.19098101556301117
vt 0.57177120447158813 0.19098101556301117
vt 0.54008746147155762 0.19098101556301117
vt 0.5084037184715271 0.19098101556301117
vt 0.47671997547149658 0.19098101556301117
vt 0.44503623247146606 0.19098101556301117
vt 0.41335248947143555 0.19098101556301117
vt 0.38166874647140503 0.19098101556301117
vt 0.34998500347137451 0.19098101556301117
vt 0.60345494747161865 0.2228112518787384
vt 0.57177120447158813 0.2228112518787384
vt 0.44503623247146606 0.2228112518787384
vt 0.41335248947143555 0.2228112518787384
vt 0.38166874647140503 0.2228112518787384
vt 0.34998500347137451 0.2228112518787384
vt 0.57177120447158813 0.25464150309562683
vt 0.54008746147155762 0.25464150309562683
vt 0.5084037184715271 0.25464150309562683
vt 0.47671997547149658 0.25464150309562683
vt 0.44503623247146606 0.25464150309562683
vt 0.41335248947143555 0.25464150309562683
vt 0.38166874647140503 0.25464150309562683
vt 0.54008746147155762 0.28647172451019287
vt 0.5084037184715271 0.28647172451019287
vt 0.47671997547149658 0.28647172451019287
vt 0.44503623247146606 0.28647172451019287
vt 0.41335248947143555 0.28647172451019287
vt 0.40456110239028931 0.30083328485488892
vt 0.39116847515106201 0.29309928417205811
vt 0.37894633412361145 0.28437379002571106
vt 0.36727669835090637 0.27421706914901733
vt 0.35639241337776184 0.26266974210739136
vt 0.34657076001167297 0.24988822638988495
vt 0.33814898133277893 0.23628182709217072
vt 0.33106964826583862 0.22174839675426483
vt 0.32547330856323242 0.2064955085515976
vt 0.32145664095878601 0.19075712561607361
vt 0.31906718015670776 0.17478181421756744
vt 0.31830158829689026 0.15881974995136261
vt 0.31910794973373413 0.14311021566390991
vt 0.32139122486114502 0.12787054479122162
vt 0.32502168416976929 0.11328762024641037
vt 0.33017420768737793 0.098699234426021576
vt 0.33568951487541199 0.08665832132101059
vt 0.34338793158531189 0.073203779757022858
vt 0.35207325220108032 0.060925111174583435
vt 0.36218324303627014 0.049201540648937225
vt 0.37367743253707886 0.038266915827989578
vt 0.38640013337135315 0.028399866074323654
vt 0.39994388818740845 0.019939126446843147
vt 0.41441044211387634 0.012827093712985516
vt 0.42959314584732056 0.0072048697620630264
vt 0.44525909423828125 0.0031696262303739786
vt 0.46116089820861816 0.00076911493670195341
vt 0.47704949975013733 0
vt 0.49268671870231628 0.00081007019616663456
vt 0.50785624980926514 0.0031039074528962374
vt 0.52237206697463989 0.0067511405795812607
vt 0.53689336776733398 0.011927518993616104
vt 0.54887884855270386 0.017468312755227089
vt 0.56227147579193115 0.025202315300703049
vt 0.5744936466217041 0.033927798271179199
vt 0.5861632227897644 0.044084526598453522
vt 0.59704756736755371 0.0556318499147892
vt 0.6068691611289978 0.068413376808166504
vt 0.61529099941253662 0.08201976865530014
vt 0.62237030267715454 0.096553191542625427
vt 0.62796664237976074 0.11180608719587326
vt 0.63198333978652954 0.12754446268081665
vt 0.6343727707862854 0.14351978898048401
vt 0.63513833284378052 0.15948183834552765
vt 0.63433200120925903 0.17519135773181915
vt 0.63204872608184814 0.19043105840682983
vt 0.62841826677322388 0.20501396059989929
vt 0.62326574325561523 0.21960237622261047
vt 0.61775040626525879 0.23164328932762146
vt 0.61005198955535889 0.245097815990448
vt 0.60136669874191284 0.25737649202346802
vt 0.59125667810440063 0.26910006999969482
vt 0.57976251840591431 0.28003466129302979
vt 0.56703978776931763 0.2899017333984375
vt 0.55349606275558472 0.29836246371269226
vt 0.53902947902679443 0.30547451972961426
vt 0.52384680509567261 0.31109672784805298
vt 0.50818085670471191 0.31513199210166931
vt 0.492279052734375 0.31753247976303101
vt 0.47639045119285583 0.31830158829689026
vt 0.46075323224067688 0.31749153137207031
vt 0.44558367133140564 0.31519770622253418
vt 0.43106788396835327 0.31155046820640564
vt 0.41654661297798157 0.30637407302856445
vt 0.54456055164337158 0.10557526350021362
vt 0.54456055164337158 0.090619422495365143
vt 0.45834904909133911 0.090619422495365143
vt 0.45834904909133911 0.10557526350021362
vt 0.53378409147262573 0.090619422495365143
vt 0.52300763130187988 0.090619422495365143
vt 0.51223123073577881 0.090619422495365143
vt 0.50145477056503296 0.090619422495365143
vt 0.4906783401966095 0.090619422495365143
vt 0.47990190982818604 0.090619422495365143
vt 0.46912547945976257 0.090619422495365143
vt 0.47990190982818604 0.10557526350021362
vt 0.50145477056503296 0.10557526350021362
vt 0.52300763130187988 0.10557526350021362
vt 0.54456055164337158 0.21624843776226044
vt 0.54456055164337158 0.20129261910915375
vt 0.45834904909133911 0.20129261910915375
vt 0.45834904909133911 0.21624843776226044
vt 0.46912547945976257 0.21624843776226044
vt 0.47990190982818604 0.21624843776226044
vt 0.4906783401966095 0.21624843776226044
vt 0.50145477056503296 0.21624843776226044
vt 0.51223123073577881 0.21624843776226044
vt 0.52300763130187988 0.21624843776226044
vt 0.53378409147262573 0.21624843776226044
vt 0.52300763130187988 0.20129261910915375
vt 0.50145477056503296 0.20129261910915375
vt 0.47990190982818604 0.20129261910915375
vn 1 0 0
vn 1 0 0
vn 1 0 0
vn 1 0 0
vn 1 0 0
vn 1 0 0
vn 1 0 0
vn 1 0 0
vn 1 0 0
vn 1 0 0
vn 1 0 0
vn 1 0 0
vn 1 0 0
vn 1 0 0
vn 1 0 0
vn 1 0 0
vn 1 0 0
vn 1 0 0
vn 1 0 0
vn 1 0 0
vn 1 0 0
vn 1 0 0
vn 1 0 0
vn 1 0 0
vn 1 0 0
vn 1 0 0
vn 1 0 0
vn 1 0 0
vn 1 0 0
vn 1 0 0
vn 1 0 0
vn 1 0 0
vn 1 0 0
vn 1 0 0
vn 1 0 0
vn 1 0 0
vn 1 0 0
vn 1 0 0
vn 1 0 0
vn 1 0 0
vn 1 0 0
vn 0 1 0
vn 0 1 0
vn 0 1 0
vn 0 1 0
vn 0 1 0
vn 0 1 0
vn 0 1 0
vn 0 1 0
vn 0 1 0
vn 0 1 0
vn 0 -1 0
vn 0 -1 0
vn 0 -1 0
vn 0 -1 0
vn 0 -1 0
vn 0 -1 0
vn 0 -1 0
vn 0 -1 0
vn 0 -1 0
vn 0 -1 0
vn 0 -1 0
vn 0 -1 0
vn 0 -0.98158019781112671 0.19105048477649689
vn 0 -0.98158019781112671 0.19105048477649689
vn 0 -0.92502325773239136 0.37991040945053101
vn 0 -0.92502325773239136 0.37991040945053101
vn 0 -0.82987266778945923 0.55795282125473022
vn 0 -0.82987266778945923 0.55795282125473022
vn 0 -0.69970357418060303 0.71443325281143188
vn 0 -0.69970357418060303 0.71443325281143188
vn 0 -0.54072701930999756 0.8411981463432312
vn 0 -0.54072701930999756 0.8411981463432312
vn 0 -0.36344948410987854 0.93161392211914063
vn 0 -0.36344948410987854 0.93161392211914063
vn 0 -0.17962829768657684 0.98373454809188843
vn 0 -0.17962829768657684 0.98373454809188843
vn 0 0 1
vn 0 0 1
vn 0 0.19105048477649689 0.98158019781112671
vn 0 0.19105048477649689 0.98158019781112671
vn 0 0.37991040945053101 0.92502325773239136
vn 0 0.37991040945053101 0.92502325773239136
vn 0 0.55795282125473022 0.82987266778945923
vn 0 0.55795282125473022 0.82987266778945923
vn 0 0.71443325281143188 0.69970357418060303
vn 0 0.71443325281143188 0.69970357418060303
vn 0 0.8411981463432312 0.54072701930999756
vn 0 0.8411981463432312 0.54072701930999756
vn 0 0.93161392211914063 0.36344948410987854
vn 0 0.93161392211914063 0.36344948410987854
vn 0 0.98373454809188843 0.17962829768657684
vn 0 0.98373454809188843 0.17962829768657684
vn 0 1 0
vn 0 1 0
vn 1 0 0
vn 1 0 0
vn 1 0 0
vn 1 0 0
vn 1 0 0
vn 1 0 0
vn 1 0 0
vn 1 0 0
vn 1 0 0
vn 1 0 0
vn 1 0 0
vn 1 0 0
vn 1 0 0
vn 1 0 0
vn 1 0 0
vn 1 0 0
vn 1 0 0
vn 1 0 0
vn 1 0 0
vn 1 0 0
vn 1 0 0
vn 1 0 0
vn 1 0 0
vn 1 0 0
vn 1 0 0
vn 1 0 0
vn 1 0 0
vn 1 0 0
vn 1 0 0
vn 1 0 0
vn 1 0 0
vn 1 0 0
vn 1 0 0
vn 1 0 0
vn 1 0 0
vn 1 0 0
vn 1 0 0
vn 1 0 0
vn 1 0 0
vn 1 0 0
vn 1 0 0
vn 1 0 0
vn 1 0 0
vn 1 0 0
vn 1 0 0
vn 1 0 0
vn 1 0 0
vn 1 0 0
vn 1 0 0
vn 1 0 0
vn 1 0 0
vn 1 0 0
vn 1 0 0
vn 1 0 0
vn 1 0 0
vn 1 0 0
vn 1 0 0
vn 1 0 0
vn 1 0 0
vn 1 0 0
vn 1 0 0
vn 1 0 0
vn 1 0 0
vn 1 0 0
vn 1 0 0
vn 1 0 0
vn 1 0 0
vn 1 0 0
vn 1 0 0
vn 1 0 0
vn 1 0 0
vn 1 0 0
vn 1 0 0
vn 1 0 0
vn 1 0 0
vn 1 0 0
vn 1 0 0
vn 1 0 0
vn 1 0 0
vn 1 0 0
vn 1 0 0
vn 1 0 0
vn 1 0 0
vn 1 0 0
vn 1 0 0
vn 1 0 0
vn 1 0 0
vn -1 0 0
vn -1 0 0
vn -1 0 0
vn -1 0 0
vn -1 0 0
vn -1 0 0
vn -1 0 0
vn -1 0 0
vn -1 0 0
vn -1 0 0
vn -1 0 0
vn -1 0 0
vn -1 0 0
vn -1 0 0
vn -1 0 0
vn -1 0 0
vn -1 0 0
vn -1 0 0
vn -1 0 0
vn -1 0 0
vn -1 0 0
vn -1 0 0
vn -1 0 0
vn -1 0 0
vn -1 0 0
vn -1 0 0
vn -1 0 0
vn -1 0 0
vn -1 0 0
vn -1 0 0
vn -1 0 0
vn -1 0 0
vn -1 0 0
vn -1 0 0
vn -1 0 0
vn -1 0 0
vn -1 0 0
vn -1 0 0
vn 0 0.98202240467071533 -0.1887643039226532
vn 0 0.99999731779098511 0.0023285546340048313
vn 0 0.98010712862014771 0.19846917688846588
vn 0 0.92027515172958374 0.39127185940742493
vn 0 0.82198411226272583 0.56951040029525757
vn 0 0.68979424238204956 0.72400546073913574
vn 0 0.53277099132537842 0.8462594747543335
vn 0 0.3620930016040802 0.93214195966720581
vn 0 0.1887643039226532 0.98202240467071533
vn 0 -0.0023285546340048313 0.99999731779098511
vn 0 -0.19846917688846588 0.98010712862014771
vn 0 -0.39127185940742493 0.92027515172958374
vn 0 -0.56951040029525757 0.82198411226272583
vn 0 -0.72400546073913574 0.68979424238204956
vn 0 -0.8462594747543335 0.53277099132537842
vn 0 -0.93214195966720581 0.3620930016040802
vn 0 -0.98202240467071533 0.1887643039226532
vn 0 -0.99999731779098511 -0.0023285546340048313
vn 0 -0.98010712862014771 -0.19846917688846588
vn 0 -0.92027515172958374 -0.39127185940742493
vn 0 -0.82198411226272583 -0.56951040029525757
vn 0 -0.68979424238204956 -0.72400546073913574
vn 0 -0.53277099132537842 -0.8462594747543335
vn 0 -0.3620930016040802 -0.93214195966720581
vn 0 -0.1887643039226532 -0.98202240467071533
vn 0 0.0023285546340048313 -0.99999731779098511
vn 0 0.19846917688846588 -0.98010712862014771
vn 0 0.39127185940742493 -0.92027515172958374
vn 0 0.56951040029525757 -0.82198411226272583
vn 0 0.72400546073913574 -0.68979424238204956
vn 0 0.8462594747543335 -0.53277099132537842
vn 0 0.93214195966720581 -0.3620930016040802
vn 0 0.98202240467071533 -0.1887643039226532
vn 0 0.98202240467071533 -0.1887643039226532
vn 0 0.98202240467071533 -0.1887643039226532
vn 0 0.99997603893280029 -0.0069211572408676147
vn 0 0.98255610466003418 0.18596641719341278
vn 0 0.92524200677871704 0.37937736511230469
vn 0 0.82787126302719116 0.56091821193695068
vn 0 0.69536709785461426 0.71865469217300415
vn 0 0.53698807954788208 0.84358984231948853
vn 0 0.36430475115776062 0.93127977848052979
vn 0 0.1887643039226532 0.98202240467071533
vn 0 0.0069211572408676147 0.99997603893280029
vn 0 -0.18596641719341278 0.98255610466003418
vn 0 -0.37937736511230469 0.92524200677871704
vn 0 -0.56091821193695068 0.82787126302719116
vn 0 -0.71865469217300415 0.69536709785461426
vn 0 -0.84358984231948853 0.53698807954788208
vn 0 -0.93127977848052979 0.36430475115776062
vn 0 -0.98202240467071533 0.1887643039226532
vn 0 -0.99997603893280029 0.0069211572408676147
vn 0 -0.98255610466003418 -0.18596641719341278
vn 0 -0.92524200677871704 -0.37937736511230469
vn 0 -0.82787126302719116 -0.56091821193695068
vn 0 -0.69536709785461426 -0.71865469217300415
vn 0 -0.53698807954788208 -0.84358984231948853
vn 0 -0.36430475115776062 -0.93127977848052979
vn 0 -0.1887643039226532 -0.98202240467071533
vn 0 -0.0069211572408676147 -0.99997603893280029
vn 0 0.18596641719341278 -0.98255610466003418
vn 0 0.37937736511230469 -0.92524200677871704
vn 0 0.56091821193695068 -0.82787126302719116
vn 0 0.71865469217300415 -0.69536709785461426
vn 0 0.84358984231948853 -0.53698807954788208
vn 0 0.93127977848052979 -0.36430475115776062
vn -1 0 0
vn -1 0 0
vn -1 0 0
vn -1 0 0
vn -1 0 0
vn -1 0 0
vn -1 0 0
vn -1 0 0
vn -1 0 0
vn -1 0 0
vn -1 0 0
vn -1 0 0
vn -1 0 0
vn -1 0 0
vn -1 0 0
vn -1 0 0
vn -1 0 0
vn -1 0 0
vn -1 0 0
vn -1 0 0
vn -1 0 0
vn -1 0 0
vn -1 0 0
vn -1 0 0
vn -1 0 0
vn -1 0 0
vn -1 0 0
vn -1 0 0
vn -1 0 0
vn -1 0 0
vn -1 0 0
vn -1 0 0
vn -1 0 0
vn -1 0 0
vn -1 0 0
vn -1 0 0
vn -1 0 0
vn -1 0 0
vn -1 0 0
vn -1 0 0
vn -1 0 0
vn 0 1 0
vn 0 1 0
vn 0 1 0
vn 0 1 0
vn 0 1 0
vn 0 1 0
vn 0 1 0
vn 0 1 0
vn 0 1 0
vn 0 1 0
vn 0 -1 0
vn 0 -1 0
vn 0 -1 0
vn 0 -1 0
vn 0 -1 0
vn 0 -1 0
vn 0 -1 0
vn 0 -1 0
vn 0 -1 0
vn 0 -1 0
vn 0 -1 0
vn 0 -1 0
vn 0 -0.98158019781112671 0.19105048477649689
vn 0 -0.98158019781112671 0.19105048477649689
vn 0 -0.92502325773239136 0.37991040945053101
vn 0 -0.92502325773239136 0.37991040945053101
vn 0 -0.82987266778945923 0.55795282125473022
vn 0 -0.82987266778945923 0.55795282125473022
vn 0 -0.69970357418060303 0.71443325281143188
vn 0 -0.69970357418060303 0.71443325281143188
vn 0 -0.54072701930999756 0.8411981463432312
vn 0 -0.54072701930999756 0.8411981463432312
vn 0 -0.36344948410987854 0.93161392211914063
vn 0 -0.36344948410987854 0.93161392211914063
vn 0 -0.17962829768657684 0.98373454809188843
vn 0 -0.17962829768657684 0.98373454809188843
vn 0 0 1
vn 0 0 1
vn 0 0.19105048477649689 0.98158019781112671
vn 0 0.19105048477649689 0.98158019781112671
vn 0 0.37991040945053101 0.92502325773239136
vn 0 0.37991040945053101 0.92502325773239136
vn 0 0.55795282125473022 0.82987266778945923
vn 0 0.55795282125473022 0.82987266778945923
vn 0 0.71443325281143188 0.69970357418060303
vn 0 0.71443325281143188 0.69970357418060303
vn 0 0.8411981463432312 0.54072701930999756
vn 0 0.8411981463432312 0.54072701930999756
vn 0 0.93161392211914063 0.36344948410987854
vn 0 0.93161392211914063 0.36344948410987854
vn 0 0.98373454809188843 0.17962829768657684
vn 0 0.98373454809188843 0.17962829768657684
vn 0 1 0
vn 0 1 0
vn -1 0 0
vn -1 0 0
vn -1 0 0
vn -1 0 0
vn -1 0 0
vn -1 0 0
vn -1 0 0
vn -1 0 0
vn -1 0 0
vn -1 0 0
vn -1 0 0
vn -1 0 0
vn -1 0 0
vn -1 0 0
vn -1 0 0
vn -1 0 0
vn -1 0 0
vn -1 0 0
vn -1 0 0
vn -1 0 0
vn -1 0 0
vn -1 0 0
vn -1 0 0
vn -1 0 0
vn -1 0 0
vn -1 0 0
vn -1 0 0
vn -1 0 0
vn -1 0 0
vn -1 0 0
vn -1 0 0
vn -1 0 0
vn -1 0 0
vn -1 0 0
vn -1 0 0
vn -1 0 0
vn -1 0 0
vn -1 0 0
vn -1 0 0
vn -1 0 0
vn -1 0 0
vn -1 0 0
vn -1 0 0
vn -1 0 0
vn -1 0 0
vn -1 0 0
vn -1 0 0
vn -1 0 0
vn -1 0 0
vn -1 0 0
vn -1 0 0
vn -1 0 0
vn -1 0 0
vn -1 0 0
vn -1 0 0
vn -1 0 0
vn -1 0 0
vn -1 0 0
vn -1 0 0
vn -1 0 0
vn -1 0 0
vn -1 0 0
vn -1 0 0
vn -1 0 0
vn -1 0 0
vn -1 0 0
vn -1 0 0
vn -1 0 0
vn -1 0 0
vn -1 0 0
vn -1 0 0
vn -1 0 0
vn -1 0 0
vn -1 0 0
vn -1 0 0
vn -1 0 0
vn -1 0 0
vn -1 0 0
vn -1 0 0
vn -1 0 0
vn -1 0 0
vn -1 0 0
vn -1 0 0
vn -1 0 0
vn -1 0 0
vn -1 0 0
vn -1 0 0
vn 1 0 0
vn 1 0 0
vn 1 0 0
vn 1 0 0
vn 1 0 0
vn 1 0 0
vn 1 0 0
vn 1 0 0
vn 1 0 0
vn 1 0 0
vn 1 0 0
vn 1 0 0
vn 1 0 0
vn 1 0 0
vn 1 0 0
vn 1 0 0
vn 1 0 0
vn 1 0 0
vn 1 0 0
vn 1 0 0
vn 1 0 0
vn 1 0 0
vn 1 0 0
vn 1 0 0
vn 1 0 0
vn 1 0 0
vn 1 0 0
vn 1 0 0
vn 1 0 0
vn 1 0 0
vn 1 0 0
vn 1 0 0
vn 1 0 0
vn 1 0 0
vn 1 0 0
vn 1 0 0
vn 1 0 0
vn 1 0 0
vn 0 0.98202240467071533 -0.1887643039226532
vn 0 0.99999731779098511 0.0023285546340048313
vn 0 0.98010712862014771 0.19846917688846588
vn 0 0.92027515172958374 0.39127185940742493
vn 0 0.82198411226272583 0.56951040029525757
vn 0 0.68979424238204956 0.72400546073913574
vn 0 0.53277099132537842 0.8462594747543335
vn 0 0.3620930016040802 0.93214195966720581
vn 0 0.1887643039226532 0.98202240467071533
vn 0 -0.0023285546340048313 0.99999731779098511
vn 0 -0.19846917688846588 0.98010712862014771
vn 0 -0.39127185940742493 0.92027515172958374
vn 0 -0.56951040029525757 0.82198411226272583
vn 0 -0.72400546073913574 0.68979424238204956
vn 0 -0.8462594747543335 0.53277099132537842
vn 0 -0.93214195966720581 0.3620930016040802
vn 0 -0.98202240467071533 0.1887643039226532
vn 0 -0.99999731779098511 -0.0023285546340048313
vn 0 -0.98010712862014771 -0.19846917688846588
vn 0 -0.92027515172958374 -0.39127185940742493
vn 0 -0.82198411226272583 -0.56951040029525757
vn 0 -0.68979424238204956 -0.72400546073913574
vn 0 -0.53277099132537842 -0.8462594747543335
vn 0 -0.3620930016040802 -0.93214195966720581
vn 0 -0.1887643039226532 -0.98202240467071533
vn 0 0.0023285546340048313 -0.99999731779098511
vn 0 0.19846917688846588 -0.98010712862014771
vn 0 0.39127185940742493 -0.92027515172958374
vn 0 0.56951040029525757 -0.82198411226272583
vn 0 0.72400546073913574 -0.68979424238204956
vn 0 0.8462594747543335 -0.53277099132537842
vn 0 0.93214195966720581 -0.3620930016040802
vn 0 0.98202240467071533 -0.1887643039226532
vn 0 0.98202240467071533 -0.1887643039226532
vn 0 0.98202240467071533 -0.1887643039226532
vn 0 0.99997603893280029 -0.0069211572408676147
vn 0 0.98255610466003418 0.18596641719341278
vn 0 0.92524200677871704 0.37937736511230469
vn 0 0.82787126302719116 0.56091821193695068
vn 0 0.69536709785461426 0.71865469217300415
vn 0 0.53698807954788208 0.84358984231948853
vn 0 0.36430475115776062 0.93127977848052979
vn 0 0.1887643039226532 0.98202240467071533
vn 0 0.0069211572408676147 0.99997603893280029
vn 0 -0.18596641719341278 0.98255610466003418
vn 0 -0.37937736511230469 0.92524200677871704
vn 0 -0.56091821193695068 0.82787126302719116
vn 0 -0.71865469217300415 0.69536709785461426
vn 0 -0.84358984231948853 0.53698807954788208
vn 0 -0.93127977848052979 0.36430475115776062
vn 0 -0.98202240467071533 0.1887643039226532
vn 0 -0.99997603893280029 0.0069211572408676147
vn 0 -0.98255610466003418 -0.18596641719341278
vn 0 -0.92524200677871704 -0.37937736511230469
vn 0 -0.82787126302719116 -0.56091821193695068
vn 0 -0.69536709785461426 -0.71865469217300415
vn 0 -0.53698807954788208 -0.84358984231948853
vn 0 -0.36430475115776062 -0.93127977848052979
vn 0 -0.1887643039226532 -0.98202240467071533
vn 0 -0.0069211572408676147 -0.99997603893280029
vn 0 0.18596641719341278 -0.98255610466003418
vn 0 0.37937736511230469 -0.92524200677871704
vn 0 0.56091821193695068 -0.82787126302719116
vn 0 0.71865469217300415 -0.69536709785461426
vn 0 0.84358984231948853 -0.53698807954788208
vn 0 0.93127977848052979 -0.36430475115776062
vn 0.89023858308792114 -0.45549455285072327 -2.15661216884655E-07
vn 0.89023858308792114 -0.45549455285072327 -2.15661216884655E-07
vn 0.84164327383041382 -0.54003393650054932 -2.1570113517555001E-07
vn 0.84164327383041382 -0.54003393650054932 -2.1570113517555001E-07
vn 0.78681808710098267 -0.61718493700027466 -2.1377832126745488E-07
vn 0.78681808710098267 -0.61718493700027466 -2.1377832126745488E-07
vn 0.72299998998641968 -0.69084805250167847 -2.0979715031899104E-07
vn 0.72299998998641968 -0.69084805250167847 -2.0979715031899104E-07
vn 0.65044426918029785 -0.75955396890640259 -2.0364676345252519E-07
vn 0.65044426918029785 -0.75955396890640259 -2.0364676345252519E-07
vn 0.57013368606567383 -0.82155191898345947 -1.9532187423010328E-07
vn 0.57013368606567383 -0.82155191898345947 -1.9532187423010328E-07
vn 0.48464018106460571 -0.87471359968185425 -1.8507373056309007E-07
vn 0.48464018106460571 -0.87471359968185425 -1.8507373056309007E-07
vn 0.39332172274589539 -0.91940093040466309 -1.7282127373619005E-07
vn 0.39332172274589539 -0.91940093040466309 -1.7282127373619005E-07
vn 0.29748266935348511 -0.95472723245620728 -1.5871275138579222E-07
vn 0.29748266935348511 -0.95472723245620728 -1.5871275138579222E-07
vn 0.19859316945075989 -0.98008203506469727 -1.4295714834133832E-07
vn 0.19859316945075989 -0.98008203506469727 -1.4295714834133832E-07
vn 0.098214894533157349 -0.99516522884368896 -1.2581411112932983E-07
vn 0.098214894533157349 -0.99516522884368896 -1.2581411112932983E-07
vn -0.0020800649654120207 -0.99999785423278809 -1.0757990764886927E-07
vn -0.0020800649654120207 -0.99999785423278809 -1.0757990764886927E-07
vn -0.10078830271959305 -0.9949079155921936 -8.8571106005019828E-08
vn -0.10078830271959305 -0.9949079155921936 -8.8571106005019828E-08
vn -0.19654430449008942 -0.9804949164390564 -6.9107805700241443E-08
vn -0.19654430449008942 -0.9804949164390564 -6.9107805700241443E-08
vn -0.28817370533943176 -0.95757818222045898 -4.9498055432195542E-08
vn -0.28817370533943176 -0.95757818222045898 -4.9498055432195542E-08
vn -0.37983748316764832 -0.92505323886871338 -2.8844493016322303E-08
vn -0.37983748316764832 -0.92505323886871338 -2.8844493016322303E-08
vn -0.45549455285072327 -0.89023858308792114 -1.0937096561747239E-08
vn -0.45549455285072327 -0.89023858308792114 -1.0937096561747239E-08
vn -0.54003393650054932 -0.84164327383041382 1.0119249438389488E-08
vn -0.54003393650054932 -0.84164327383041382 1.0119249438389488E-08
vn -0.61718493700027466 -0.78681808710098267 3.0466541289797533E-08
vn -0.61718493700027466 -0.78681808710098267 3.0466541289797533E-08
vn -0.69084805250167847 -0.72299998998641968 5.1132531098119216E-08
vn -0.69084805250167847 -0.72299998998641968 5.1132531098119216E-08
vn -0.75955396890640259 -0.65044426918029785 7.1814874047504418E-08
vn -0.75955396890640259 -0.65044426918029785 7.1814874047504418E-08
vn -0.82155191898345947 -0.57013368606567383 9.2080064462152222E-08
vn -0.82155191898345947 -0.57013368606567383 9.2080064462152222E-08
vn -0.87471359968185425 -0.48464018106460571 1.1125239041120949E-07
vn -0.87471359968185425 -0.48464018106460571 1.1125239041120949E-07
vn -0.91940093040466309 -0.39332172274589539 1.2946884453413077E-07
vn -0.91940093040466309 -0.39332172274589539 1.2946884453413077E-07
vn -0.95472723245620728 -0.29748266935348511 1.4642282053500821E-07
vn -0.95472723245620728 -0.29748266935348511 1.4642282053500821E-07
vn -0.98008203506469727 -0.19859316945075989 1.6184138473818166E-07
vn -0.98008203506469727 -0.19859316945075989 1.6184138473818166E-07
vn -0.99516522884368896 -0.098214894533157349 1.7549982089803962E-07
vn -0.99516522884368896 -0.098214894533157349 1.7549982089803962E-07
vn -0.99999785423278809 0.0020800649654120207 1.8723231676176511E-07
vn -0.99999785423278809 0.0020800649654120207 1.8723231676176511E-07
vn -0.9949079155921936 0.10078830271959305 1.9693790420660662E-07
vn -0.9949079155921936 0.10078830271959305 1.9693790420660662E-07
vn -0.9804949164390564 0.19654430449008942 2.0458125504774216E-07
vn -0.9804949164390564 0.19654430449008942 2.0458125504774216E-07
vn -0.95757818222045898 0.28817370533943176 2.1018877305323258E-07
vn -0.95757818222045898 0.28817370533943176 2.1018877305323258E-07
vn -0.92505323886871338 0.37983748316764832 2.1400320804332296E-07
vn -0.92505323886871338 0.37983748316764832 2.1400320804332296E-07
vn -0.89023858308792114 0.45549455285072327 2.1566120267380029E-07
vn -0.89023858308792114 0.45549455285072327 2.1566120267380029E-07
vn -0.84164327383041382 0.54003393650054932 2.1570113517555001E-07
vn -0.84164327383041382 0.54003393650054932 2.1570113517555001E-07
vn -0.78681808710098267 0.61718493700027466 2.1377832126745488E-07
vn -0.78681808710098267 0.61718493700027466 2.1377832126745488E-07
vn -0.72299998998641968 0.69084805250167847 2.0979715031899104E-07
vn -0.72299998998641968 0.69084805250167847 2.0979715031899104E-07
vn -0.65044426918029785 0.75955396890640259 2.0364676345252519E-07
vn -0.65044426918029785 0.75955396890640259 2.0364676345252519E-07
vn -0.57013368606567383 0.82155191898345947 1.9532187423010328E-07
vn -0.57013368606567383 0.82155191898345947 1.9532187423010328E-07
vn -0.48464018106460571 0.87471359968185425 1.8507373056309007E-07
vn -0.48464018106460571 0.87471359968185425 1.8507373056309007E-07
vn -0.39332172274589539 0.91940093040466309 1.7282128794704477E-07
vn -0.39332172274589539 0.91940093040466309 1.7282128794704477E-07
vn -0.29748266935348511 0.95472723245620728 1.5871275138579222E-07
vn -0.29748266935348511 0.95472723245620728 1.5871275138579222E-07
vn -0.19859316945075989 0.98008203506469727 1.4295714834133832E-07
vn -0.19859316945075989 0.98008203506469727 1.4295714834133832E-07
vn -0.098214894533157349 0.99516522884368896 1.2581411112932983E-07
vn -0.098214894533157349 0.99516522884368896 1.2581411112932983E-07
vn 0.0020800649654120207 0.99999785423278809 1.0757990764886927E-07
vn 0.0020800649654120207 0.99999785423278809 1.0757990764886927E-07
vn 0.10078830271959305 0.9949079155921936 8.8571106005019828E-08
vn 0.10078830271959305 0.9949079155921936 8.8571106005019828E-08
vn 0.19654430449008942 0.9804949164390564 6.9107805700241443E-08
vn 0.19654430449008942 0.9804949164390564 6.9107805700241443E-08
vn 0.28817370533943176 0.95757818222045898 4.9498055432195542E-08
vn 0.28817370533943176 0.95757818222045898 4.9498055432195542E-08
vn 0.37983748316764832 0.92505323886871338 2.8844489463608625E-08
vn 0.37983748316764832 0.92505323886871338 2.8844489463608625E-08
vn 0.45549455285072327 0.89023858308792114 1.0937091232676721E-08
vn 0.45549455285072327 0.89023858308792114 1.0937091232676721E-08
vn 0.54003393650054932 0.84164327383041382 -1.0119255655638426E-08
vn 0.54003393650054932 0.84164327383041382 -1.0119255655638426E-08
vn 0.61718493700027466 0.78681808710098267 -3.0466548395224891E-08
vn 0.61718493700027466 0.78681808710098267 -3.0466548395224891E-08
vn 0.69084805250167847 0.72299998998641968 -5.1132538203546574E-08
vn 0.69084805250167847 0.72299998998641968 -5.1132538203546574E-08
vn 0.75955396890640259 0.65044426918029785 -7.1814881152931775E-08
vn 0.75955396890640259 0.65044426918029785 -7.1814881152931775E-08
vn 0.82155191898345947 0.57013368606567383 -9.208007156757958E-08
vn 0.82155191898345947 0.57013368606567383 -9.208007156757958E-08
vn 0.87471359968185425 0.48464018106460571 -1.1125239041120949E-07
vn 0.87471359968185425 0.48464018106460571 -1.1125239041120949E-07
vn 0.91940093040466309 0.39332172274589539 -1.2946885874498548E-07
vn 0.91940093040466309 0.39332172274589539 -1.2946885874498548E-07
vn 0.95472723245620728 0.29748266935348511 -1.4642282053500821E-07
vn 0.95472723245620728 0.29748266935348511 -1.4642282053500821E-07
vn 0.98008203506469727 0.19859316945075989 -1.6184138473818166E-07
vn 0.98008203506469727 0.19859316945075989 -1.6184138473818166E-07
vn 0.99516522884368896 0.098214894533157349 -1.7549982089803962E-07
vn 0.99516522884368896 0.098214894533157349 -1.7549982089803962E-07
vn 0.99999785423278809 -0.0020800649654120207 -1.8723231676176511E-07
vn 0.99999785423278809 -0.0020800649654120207 -1.8723231676176511E-07
vn 0.9949079155921936 -0.10078830271959305 -1.9693790420660662E-07
vn 0.9949079155921936 -0.10078830271959305 -1.9693790420660662E-07
vn 0.9804949164390564 -0.19654430449008942 -2.0458125504774216E-07
vn 0.9804949164390564 -0.19654430449008942 -2.0458125504774216E-07
vn 0.95757818222045898 -0.28817370533943176 -2.1018877305323258E-07
vn 0.95757818222045898 -0.28817370533943176 -2.1018877305323258E-07
vn 0.92505323886871338 -0.37983748316764832 -2.1400320804332296E-07
vn 0.92505323886871338 -0.37983748316764832 -2.1400320804332296E-07
vn 0.89023858308792114 -0.45549455285072327 -2.15661216884655E-07
vn 0.89023858308792114 -0.45549455285072327 -2.15661216884655E-07
vn 0.89023858308792114 -0.45549455285072327 -2.15661216884655E-07
vn 0.89023858308792114 -0.45549455285072327 -2.15661216884655E-07
vn -1.8700814052863279E-07 1.0796913585409129E-07 -1
vn -1.8700814052863279E-07 1.0796913585409129E-07 -1
vn -1.8700814052863279E-07 1.0796913585409129E-07 -1
vn -1.8700814052863279E-07 1.0796913585409129E-07 -1
vn -1.8700814052863279E-07 1.0796913585409129E-07 -1
vn -1.8700814052863279E-07 1.0796913585409129E-07 -1
vn -1.8700814052863279E-07 1.0796913585409129E-07 -1
vn -1.8700814052863279E-07 1.0796913585409129E-07 -1
vn -1.8700814052863279E-07 1.0796913585409129E-07 -1
vn -1.8700814052863279E-07 1.0796913585409129E-07 -1
vn -1.8700814052863279E-07 1.0796913585409129E-07 -1
vn -1.8700814052863279E-07 1.0796913585409129E-07 -1
vn -1.8700814052863279E-07 1.0796913585409129E-07 -1
vn -1.8700814052863279E-07 1.0796913585409129E-07 -1
vn -1.8700814052863279E-07 1.0796913585409129E-07 -1
vn -1.8700814052863279E-07 1.0796913585409129E-07 -1
vn -1.8700814052863279E-07 1.0796913585409129E-07 -1
vn -1.8700814052863279E-07 1.0796913585409129E-07 -1
vn -1.8700814052863279E-07 1.0796913585409129E-07 -1
vn -1.8700814052863279E-07 1.0796913585409129E-07 -1
vn -1.8700814052863279E-07 1.0796913585409129E-07 -1
vn -1.8700814052863279E-07 1.0796913585409129E-07 -1
vn -1.8700814052863279E-07 1.0796913585409129E-07 -1
vn -1.8700814052863279E-07 1.0796913585409129E-07 -1
vn -1.8700814052863279E-07 1.0796913585409129E-07 -1
vn -1.8700814052863279E-07 1.0796913585409129E-07 -1
vn -1.8700814052863279E-07 1.0796913585409129E-07 -1
vn -1.8700814052863279E-07 1.0796913585409129E-07 -1
vn -1.8700814052863279E-07 1.0796913585409129E-07 -1
vn -1.8700814052863279E-07 1.0796913585409129E-07 -1
vn -1.8700814052863279E-07 1.0796913585409129E-07 -1
vn -1.8700814052863279E-07 1.0796913585409129E-07 -1
vn -1.8700814052863279E-07 1.0796913585409129E-07 -1
vn -1.8700814052863279E-07 1.0796913585409129E-07 -1
vn -1.8700814052863279E-07 1.0796913585409129E-07 -1
vn -1.8700814052863279E-07 1.0796913585409129E-07 -1
vn -1.8700814052863279E-07 1.0796913585409129E-07 -1
vn -1.8700814052863279E-07 1.0796913585409129E-07 -1
vn -1.8700814052863279E-07 1.0796913585409129E-07 -1
vn -1.8700814052863279E-07 1.0796913585409129E-07 -1
vn -1.8700814052863279E-07 1.0796913585409129E-07 -1
vn -1.8700814052863279E-07 1.0796913585409129E-07 -1
vn -1.8700814052863279E-07 1.0796913585409129E-07 -1
vn -1.8700814052863279E-07 1.0796913585409129E-07 -1
vn -1.8700814052863279E-07 1.0796913585409129E-07 -1
vn -1.8700814052863279E-07 1.0796913585409129E-07 -1
vn -1.8700814052863279E-07 1.0796913585409129E-07 -1
vn -1.8700814052863279E-07 1.0796913585409129E-07 -1
vn -1.8700814052863279E-07 1.0796913585409129E-07 -1
vn -1.8700814052863279E-07 1.0796913585409129E-07 -1
vn -1.8700814052863279E-07 1.0796913585409129E-07 -1
vn -1.8700814052863279E-07 1.0796913585409129E-07 -1
vn -1.8700814052863279E-07 1.0796913585409129E-07 -1
vn -1.8700814052863279E-07 1.0796913585409129E-07 -1
vn -1.8700814052863279E-07 1.0796913585409129E-07 -1
vn -1.8700814052863279E-07 1.0796913585409129E-07 -1
vn -1.8700814052863279E-07 1.0796913585409129E-07 -1
vn -1.8700814052863279E-07 1.0796913585409129E-07 -1
vn -1.8700814052863279E-07 1.0796913585409129E-07 -1
vn -1.8700814052863279E-07 1.0796913585409129E-07 -1
vn -1.8700814052863279E-07 1.0796913585409129E-07 -1
vn -1.8700814052863279E-07 1.0796913585409129E-07 -1
vn -1.8700814052863279E-07 1.0796913585409129E-07 -1
vn -1.8700814052863279E-07 1.0796913585409129E-07 -1
vn -1.8700814052863279E-07 1.0796913585409129E-07 -1
vn -1.8700814052863279E-07 1.0796913585409129E-07 -1
vn -1.8700814052863279E-07 1.0796913585409129E-07 -1
vn -1.8700814052863279E-07 1.0796913585409129E-07 -1
vn -1.8700814052863279E-07 1.0796913585409129E-07 -1
vn -1.8700814052863279E-07 1.0796913585409129E-07 -1
vn -1.8700814052863279E-07 1.0796913585409129E-07 -1
vn -1.8700814052863279E-07 1.0796913585409129E-07 -1
vn -1.8700814052863279E-07 1.0796913585409129E-07 -1
vn -1.8700814052863279E-07 1.0796913585409129E-07 -1
vn -1.8700814052863279E-07 1.0796913585409129E-07 -1
vn -1.8700814052863279E-07 1.0796913585409129E-07 -1
vn -1.8700814052863279E-07 1.0796913585409129E-07 -1
vn -1.8700814052863279E-07 1.0796913585409129E-07 -1
vn -1.8700814052863279E-07 1.0796913585409129E-07 -1
vn -1.8700814052863279E-07 1.0796913585409129E-07 -1
vn -1.8700814052863279E-07 1.0796913585409129E-07 -1
vn -1.8700814052863279E-07 1.0796913585409129E-07 -1
vn -1.8700814052863279E-07 1.0796913585409129E-07 -1
vn -1.8700814052863279E-07 1.0796913585409129E-07 -1
vn -1.8700814052863279E-07 1.0796913585409129E-07 -1
vn -1.8700814052863279E-07 1.0796913585409129E-07 -1
vn -1.8700814052863279E-07 1.0796913585409129E-07 -1
vn -1.8700814052863279E-07 1.0796913585409129E-07 -1
vn -1.8700814052863279E-07 1.0796913585409129E-07 -1
vn -1.8700814052863279E-07 1.0796913585409129E-07 -1
vn -1.8700814052863279E-07 1.0796913585409129E-07 -1
vn -1.8700814052863279E-07 1.0796913585409129E-07 -1
vn -1.8700814052863279E-07 1.0796913585409129E-07 -1
vn -1.8700814052863279E-07 1.0796913585409129E-07 -1
vn -1.8700814052863279E-07 1.0796913585409129E-07 -1
vn -1.8700814052863279E-07 1.0796913585409129E-07 -1
vn -1.8700814052863279E-07 1.0796913585409129E-07 -1
vn -1.8700814052863279E-07 1.0796913585409129E-07 -1
vn -1.8700814052863279E-07 1.0796913585409129E-07 -1
vn -1.8700814052863279E-07 1.0796913585409129E-07 -1
vn -1.8700814052863279E-07 1.0796913585409129E-07 -1
vn -1.8700814052863279E-07 1.0796913585409129E-07 -1
vn -1.8700814052863279E-07 1.0796913585409129E-07 -1
vn -1.8700814052863279E-07 1.0796913585409129E-07 -1
vn -1.8700814052863279E-07 1.0796913585409129E-07 -1
vn -1.8700814052863279E-07 1.0796913585409129E-07 -1
vn -1.8700814052863279E-07 1.0796913585409129E-07 -1
vn -1.8700814052863279E-07 1.0796913585409129E-07 -1
vn -1.8700814052863279E-07 1.0796913585409129E-07 -1
vn -1.8700814052863279E-07 1.0796913585409129E-07 -1
vn -1.8700814052863279E-07 1.0796913585409129E-07 -1
vn -1.8700814052863279E-07 1.0796913585409129E-07 -1
vn -1.8700814052863279E-07 1.0796913585409129E-07 -1
vn 1.8700814052863279E-07 -1.0796913585409129E-07 1
vn 1.8700814052863279E-07 -1.0796913585409129E-07 1
vn 1.8700814052863279E-07 -1.0796913585409129E-07 1
vn 1.8700814052863279E-07 -1.0796913585409129E-07 1
vn 1.8700814052863279E-07 -1.0796913585409129E-07 1
vn 1.8700814052863279E-07 -1.0796913585409129E-07 1
vn 1.8700814052863279E-07 -1.0796913585409129E-07 1
vn 1.8700814052863279E-07 -1.0796913585409129E-07 1
vn 1.8700814052863279E-07 -1.0796913585409129E-07 1
vn 1.8700814052863279E-07 -1.0796913585409129E-07 1
vn 1.8700814052863279E-07 -1.0796913585409129E-07 1
vn 1.8700814052863279E-07 -1.0796913585409129E-07 1
vn 1.8700814052863279E-07 -1.0796913585409129E-07 1
vn 1.8700814052863279E-07 -1.0796913585409129E-07 1
vn 1.8700814052863279E-07 -1.0796913585409129E-07 1
vn 1.8700814052863279E-07 -1.0796913585409129E-07 1
vn 1.8700814052863279E-07 -1.0796913585409129E-07 1
vn 1.8700814052863279E-07 -1.0796913585409129E-07 1
vn 1.8700814052863279E-07 -1.0796913585409129E-07 1
vn 1.8700814052863279E-07 -1.0796913585409129E-07 1
vn 1.8700814052863279E-07 -1.0796913585409129E-07 1
vn 1.8700814052863279E-07 -1.0796913585409129E-07 1
vn 1.8700814052863279E-07 -1.0796913585409129E-07 1
vn 1.8700814052863279E-07 -1.0796913585409129E-07 1
vn 1.8700814052863279E-07 -1.0796913585409129E-07 1
vn 1.8700814052863279E-07 -1.0796913585409129E-07 1
vn 1.8700814052863279E-07 -1.0796913585409129E-07 1
vn 1.8700814052863279E-07 -1.0796913585409129E-07 1
vn 1.8700814052863279E-07 -1.0796913585409129E-07 1
vn 1.8700814052863279E-07 -1.0796913585409129E-07 1
vn 1.8700814052863279E-07 -1.0796913585409129E-07 1
vn 1.8700814052863279E-07 -1.0796913585409129E-07 1
vn 1.8700814052863279E-07 -1.0796913585409129E-07 1
vn 1.8700814052863279E-07 -1.0796913585409129E-07 1
vn 1.8700814052863279E-07 -1.0796913585409129E-07 1
vn 1.8700814052863279E-07 -1.0796913585409129E-07 1
vn 1.8700814052863279E-07 -1.0796913585409129E-07 1
vn 1.8700814052863279E-07 -1.0796913585409129E-07 1
vn 1.8700814052863279E-07 -1.0796913585409129E-07 1
vn 1.8700814052863279E-07 -1.0796913585409129E-07 1
vn 1.8700814052863279E-07 -1.0796913585409129E-07 1
vn 1.8700814052863279E-07 -1.0796913585409129E-07 1
vn 1.8700814052863279E-07 -1.0796913585409129E-07 1
vn 1.8700814052863279E-07 -1.0796913585409129E-07 1
vn 1.8700814052863279E-07 -1.0796913585409129E-07 1
vn 1.8700814052863279E-07 -1.0796913585409129E-07 1
vn 1.8700814052863279E-07 -1.0796913585409129E-07 1
vn 1.8700814052863279E-07 -1.0796913585409129E-07 1
vn 1.8700814052863279E-07 -1.0796913585409129E-07 1
vn 1.8700814052863279E-07 -1.0796913585409129E-07 1
vn 1.8700814052863279E-07 -1.0796913585409129E-07 1
vn 1.8700814052863279E-07 -1.0796913585409129E-07 1
vn 1.8700814052863279E-07 -1.0796913585409129E-07 1
vn 1.8700814052863279E-07 -1.0796913585409129E-07 1
vn 1.8700814052863279E-07 -1.0796913585409129E-07 1
vn 1.8700814052863279E-07 -1.0796913585409129E-07 1
vn 1.8700814052863279E-07 -1.0796913585409129E-07 1
vn 1.8700814052863279E-07 -1.0796913585409129E-07 1
vn 1.8700814052863279E-07 -1.0796913585409129E-07 1
vn 1.8700814052863279E-07 -1.0796913585409129E-07 1
vn 1.8700814052863279E-07 -1.0796913585409129E-07 1
vn 1.8700814052863279E-07 -1.0796913585409129E-07 1
vn 1.8700814052863279E-07 -1.0796913585409129E-07 1
vn 1.8700814052863279E-07 -1.0796913585409129E-07 1
vn 1.8700814052863279E-07 -1.0796913585409129E-07 1
vn 1.8700814052863279E-07 -1.0796913585409129E-07 1
vn 1.8700814052863279E-07 -1.0796913585409129E-07 1
vn 1.8700814052863279E-07 -1.0796913585409129E-07 1
vn 1.8700814052863279E-07 -1.0796913585409129E-07 1
vn 1.8700814052863279E-07 -1.0796913585409129E-07 1
vn 1.8700814052863279E-07 -1.0796913585409129E-07 1
vn 1.8700814052863279E-07 -1.0796913585409129E-07 1
vn 1.8700814052863279E-07 -1.0796913585409129E-07 1
vn 1.8700814052863279E-07 -1.0796913585409129E-07 1
vn 1.8700814052863279E-07 -1.0796913585409129E-07 1
vn 1.8700814052863279E-07 -1.0796913585409129E-07 1
vn 1.8700814052863279E-07 -1.0796913585409129E-07 1
vn 1.8700814052863279E-07 -1.0796913585409129E-07 1
vn 1.8700814052863279E-07 -1.0796913585409129E-07 1
vn 1.8700814052863279E-07 -1.0796913585409129E-07 1
vn 1.8700814052863279E-07 -1.0796913585409129E-07 1
vn 1.8700814052863279E-07 -1.0796913585409129E-07 1
vn 1.8700814052863279E-07 -1.0796913585409129E-07 1
vn 1.8700814052863279E-07 -1.0796913585409129E-07 1
vn 1.8700814052863279E-07 -1.0796913585409129E-07 1
vn 1.8700814052863279E-07 -1.0796913585409129E-07 1
vn 1.8700814052863279E-07 -1.0796913585409129E-07 1
vn 1.8700814052863279E-07 -1.0796913585409129E-07 1
vn 1.8700814052863279E-07 -1.0796913585409129E-07 1
vn 1.8700814052863279E-07 -1.0796913585409129E-07 1
vn 1.8700814052863279E-07 -1.0796913585409129E-07 1
vn 1.8700814052863279E-07 -1.0796913585409129E-07 1
vn 1.8700814052863279E-07 -1.0796913585409129E-07 1
vn 1.8700814052863279E-07 -1.0796913585409129E-07 1
vn 1.8700814052863279E-07 -1.0796913585409129E-07 1
vn 1.8700814052863279E-07 -1.0796913585409129E-07 1
vn 1.8700814052863279E-07 -1.0796913585409129E-07 1
vn 1.8700814052863279E-07 -1.0796913585409129E-07 1
vn 1.8700814052863279E-07 -1.0796913585409129E-07 1
vn 1.8700814052863279E-07 -1.0796913585409129E-07 1
vn 1.8700814052863279E-07 -1.0796913585409129E-07 1
vn 1.8700814052863279E-07 -1.0796913585409129E-07 1
vn 1.8700814052863279E-07 -1.0796913585409129E-07 1
vn 1.8700814052863279E-07 -1.0796913585409129E-07 1
vn 1.8700814052863279E-07 -1.0796913585409129E-07 1
vn 1.8700814052863279E-07 -1.0796913585409129E-07 1
vn 1.8700814052863279E-07 -1.0796913585409129E-07 1
vn 1.8700814052863279E-07 -1.0796913585409129E-07 1
vn 1.8700814052863279E-07 -1.0796913585409129E-07 1
vn 1.8700814052863279E-07 -1.0796913585409129E-07 1
vn 1.8700814052863279E-07 -1.0796913585409129E-07 1
vn 1.8700814052863279E-07 -1.0796913585409129E-07 1
vn 1.8700814052863279E-07 -1.0796913585409129E-07 1
vn 1.8700814052863279E-07 -1.0796913585409129E-07 1
vn 1.8700814052863279E-07 -1.0796913585409129E-07 1
vn 1.8700814052863279E-07 -1.0796913585409129E-07 1
vn 1.8700814052863279E-07 -1.0796913585409129E-07 1
vn 1.8700814052863279E-07 -1.0796913585409129E-07 1
vn 1.8700814052863279E-07 -1.0796913585409129E-07 1
vn 1.8700814052863279E-07 -1.0796913585409129E-07 1
vn 1.8700814052863279E-07 -1.0796913585409129E-07 1
vn 1.8700814052863279E-07 -1.0796913585409129E-07 1
vn 1.8700814052863279E-07 -1.0796913585409129E-07 1
vn 1.8700814052863279E-07 -1.0796913585409129E-07 1
vn 1.8700814052863279E-07 -1.0796913585409129E-07 1
vn 1.8700814052863279E-07 -1.0796913585409129E-07 1
vn 1.8700814052863279E-07 -1.0796913585409129E-07 1
vn 1.8700814052863279E-07 -1.0796913585409129E-07 1
vn 1.8700814052863279E-07 -1.0796913585409129E-07 1
vn 1.8700814052863279E-07 -1.0796913585409129E-07 1
vn 1.8700814052863279E-07 -1.0796913585409129E-07 1
vn 1.8700814052863279E-07 -1.0796913585409129E-07 1
vn 1.8700814052863279E-07 -1.0796913585409129E-07 1
vn 1.8700814052863279E-07 -1.0796913585409129E-07 1
vn 1.8700814052863279E-07 -1.0796913585409129E-07 1
vn 1.8700814052863279E-07 -1.0796913585409129E-07 1
vn 1.8700814052863279E-07 -1.0796913585409129E-07 1
vn 1.8700814052863279E-07 -1.0796913585409129E-07 1
vn 1.8700814052863279E-07 -1.0796913585409129E-07 1
vn 1.8700814052863279E-07 -1.0796913585409129E-07 1
vn 1.8700814052863279E-07 -1.0796913585409129E-07 1
vn 1.8700814052863279E-07 -1.0796913585409129E-07 1
vn 1.8700814052863279E-07 -1.0796913585409129E-07 1
vn 1.8700814052863279E-07 -1.0796913585409129E-07 1
vn 1.8700814052863279E-07 -1.0796913585409129E-07 1
vn 1.8700814052863279E-07 -1.0796913585409129E-07 1
vn 1.8700814052863279E-07 -1.0796913585409129E-07 1
vn 1.8700814052863279E-07 -1.0796913585409129E-07 1
vn 1.8700814052863279E-07 -1.0796913585409129E-07 1
vn 1.8700814052863279E-07 -1.0796913585409129E-07 1
vn 1.8700814052863279E-07 -1.0796913585409129E-07 1
vn 1.8700814052863279E-07 -1.0796913585409129E-07 1
vn 1.8700814052863279E-07 -1.0796913585409129E-07 1
vn 1.8700814052863279E-07 -1.0796913585409129E-07 1
f 40/40/40 39/39/39 33/33/33 37/37/37
f 39/39/39 41/41/41 35/35/35 33/33/33
f 33/33/33 35/35/35 36/36/36 34/34/34
f 37/37/37 33/33/33 34/34/34 38/38/38
f 36/36/36 28/28/28 29/29/29
f 27/27/27 28/28/28 35/35/35
f 27/27/27 35/35/35 26/26/26
f 29/29/29 30/30/30 36/36/36
f 34/34/34 32/32/32 1/1/1
f 31/31/31 32/32/32 36/36/36
f 34/34/34 36/36/36 32/32/32
f 28/28/28 36/36/36 35/35/35
f 30/30/30 31/31/31 36/36/36
f 34/34/34 1/1/1 2/2/2
f 23/23/23 24/24/24 41/41/41
f 22/22/22 23/23/23 41/41/41
f 41/41/41 21/21/21 22/22/22
f 35/35/35 24/24/24 25/25/25
f 24/24/24 35/35/35 41/41/41
f 19/19/19 20/20/20 39/39/39
f 39/39/39 18/18/18 19/19/19
f 41/41/41 39/39/39 20/20/20
f 21/21/21 41/41/41 20/20/20
f 35/35/35 25/25/25 26/26/26
f 3/3/3 4/4/4 34/34/34
f 5/5/5 38/38/38 4/4/4
f 8/8/8 37/37/37 38/38/38
f 38/38/38 34/34/34 4/4/4
f 6/6/6 7/7/7 38/38/38
f 37/37/37 8/8/8 9/9/9
f 8/8/8 38/38/38 7/7/7
f 5/5/5 6/6/6 38/38/38
f 10/10/10 37/37/37 9/9/9
f 16/16/16 39/39/39 40/40/40
f 17/17/17 39/39/39 16/16/16
f 15/15/15 16/16/16 40/40/40
f 15/15/15 40/40/40 14/14/14
f 18/18/18 39/39/39 17/17/17
f 12/12/12 40/40/40 37/37/37
f 14/14/14 40/40/40 13/13/13
f 13/13/13 40/40/40 12/12/12
f 12/12/12 37/37/37 11/11/11
f 37/37/37 10/10/10 11/11/11
f 3/3/3 34/34/34 2/2/2
f 43/43/43 42/42/42 45/45/45
f 51/51/51 43/43/43 45/45/45 46/46/46
f 47/47/47 51/51/51 46/46/46
f 50/50/50 51/51/51 48/48/48 49/49/49
f 50/50/50 49/49/49 44/44/44
f 47/47/47 48/48/48 51/51/51
f 55/55/55 52/52/52 56/56/56
f 61/61/61 55/55/55 56/56/56 57/57/57
f 58/58/58 61/61/61 57/57/57
f 61/61/61 59/59/59 60/60/60
f 61/61/61 60/60/60 54/54/54
f 53/53/53 54/54/54 60/60/60
f 58/58/58 59/59/59 61/61/61
f 62/64/64 63/65/65 54/63/63 53/62/62
f 66/68/68 67/69/69 65/67/67 64/66/66
f 64/66/66 65/67/67 63/65/65 62/64/64
f 70/72/72 71/73/73 69/71/71 68/70/70
f 74/76/76 75/77/77 73/75/75 72/74/74
f 72/74/74 73/75/75 71/73/73 70/72/72
f 68/70/70 69/71/71 67/69/69 66/68/68
f 76/78/78 77/79/79 75/77/77 74/76/76
f 80/82/82 81/83/83 79/81/81 78/80/80
f 84/86/86 85/87/87 83/85/85 82/84/84
f 82/84/84 83/85/85 81/83/83 80/82/82
f 88/90/90 89/91/91 87/89/89 86/88/88
f 42/94/94 43/95/95 91/93/93 90/92/92
f 90/92/92 91/93/93 89/91/91 88/90/90
f 86/88/88 87/89/89 85/87/87 84/86/86
f 78/80/80 79/81/81 77/79/79 76/78/78
f 99/103/103 98/102/102 92/96/96 93/97/97
f 100/104/104 99/103/103 93/97/97 94/98/98
f 101/105/105 100/104/104 94/98/98 95/99/99
f 102/106/106 101/105/105 95/99/99 96/100/100
f 103/107/107 102/106/106 96/100/100 97/101/101
f 143/176/176 82/126/126 80/125/125
f 108/135/135 84/127/127 143/176/176
f 109/136/136 143/176/176 110/137/137
f 82/126/126 143/176/176 84/127/127
f 143/176/176 112/139/139 111/138/138
f 112/139/139 143/176/176 144/177/177
f 144/177/177 143/176/176 78/124/124
f 144/177/177 113/140/140 112/139/139
f 143/176/176 80/125/125 78/124/124
f 111/138/138 110/137/137 143/176/176
f 86/128/128 84/127/127 145/178/178
f 145/178/178 84/127/127 108/135/135
f 90/130/130 88/129/129 145/178/178
f 146/179/179 45/109/109 42/108/108
f 145/178/178 105/132/132 146/179/179
f 90/130/130 145/178/178 42/108/108
f 106/133/133 105/132/132 145/178/178
f 108/135/135 143/176/176 109/136/136
f 145/178/178 108/135/135 107/134/134
f 104/131/131 135/162/162 146/179/179
f 106/133/133 145/178/178 107/134/134
f 42/108/108 145/178/178 146/179/179
f 88/129/129 86/128/128 145/178/178
f 144/177/177 76/123/123 74/122/122
f 115/142/142 114/141/141 144/177/177
f 76/123/123 144/177/177 78/124/124
f 72/121/121 144/177/177 74/122/122
f 144/177/177 114/141/141 113/140/140
f 115/142/142 144/177/177 147/180/180
f 68/119/119 147/180/180 70/120/120
f 72/121/121 70/120/120 147/180/180
f 147/180/180 68/119/119 117/144/144
f 144/177/177 72/121/121 147/180/180
f 116/143/143 147/180/180 117/144/144
f 66/118/118 148/181/181 68/119/119
f 147/180/180 116/143/143 115/142/142
f 68/119/119 148/181/181 118/145/145
f 148/181/181 120/147/147 119/146/146
f 148/181/181 119/146/146 118/145/145
f 62/116/116 148/181/181 64/117/117
f 148/181/181 66/118/118 64/117/117
f 121/148/148 149/182/182 122/149/149
f 148/181/181 149/182/182 121/148/148
f 148/181/181 53/115/115 60/175/175 149/182/182
f 148/181/181 62/116/116 53/115/115
f 121/148/148 120/147/147 148/181/181
f 149/182/182 123/150/150 122/149/149
f 118/145/145 117/144/144 68/119/119
f 135/162/162 134/161/161 146/179/179
f 46/110/110 45/109/109 146/179/179
f 46/110/110 146/179/179 92/96/96 47/111/111
f 48/112/112 47/111/111 92/96/96
f 133/160/160 92/96/96 146/179/179
f 133/160/160 146/179/179 134/161/161
f 93/97/97 133/160/160 132/159/159
f 94/98/98 131/158/158 130/157/157
f 132/159/159 131/158/158 93/97/97
f 93/97/97 131/158/158 94/98/98
f 133/160/160 93/97/97 92/96/96
f 49/113/113 48/112/112 98/102/102
f 136/163/163 44/114/114 49/113/113
f 98/102/102 136/163/163 49/113/113
f 137/164/164 136/163/163 98/102/102
f 138/165/165 99/103/103 100/104/104
f 100/104/104 139/166/166 138/165/165
f 137/164/164 99/103/103 138/165/165
f 137/164/164 98/102/102 99/103/103
f 129/156/156 94/98/98 130/157/157
f 48/112/112 92/96/96 98/102/102
f 100/104/104 101/105/105 139/166/166
f 127/154/154 126/153/153 96/100/100
f 95/99/99 129/156/156 128/155/155
f 95/99/99 94/98/98 129/156/156
f 127/154/154 95/99/99 128/155/155
f 126/153/153 125/152/152 96/100/100
f 149/182/182 124/151/151 123/150/150
f 125/152/152 124/151/151 149/182/182
f 59/174/174 149/182/182 60/175/175
f 58/173/173 97/101/101 149/182/182 59/174/174
f 149/182/182 97/101/101 125/152/152
f 95/99/99 127/154/154 96/100/100
f 141/168/168 140/167/167 102/106/106
f 101/105/105 102/106/106 140/167/167
f 140/167/167 139/166/166 101/105/105
f 141/168/168 102/106/106 103/107/107
f 97/101/101 58/173/173 57/172/172 103/107/107
f 56/171/171 103/107/107 57/172/172
f 52/170/170 142/169/169 56/171/171
f 103/107/107 56/171/171 142/169/169
f 142/169/169 141/168/168 103/107/107
f 125/152/152 97/101/101 96/100/100
f 105/132/132 104/131/131 146/179/179
f 156/208/208 154/206/206 153/205/205
f 154/206/206 156/208/208 155/207/207 152/204/204
f 154/206/206 152/204/204 150/186/186
f 151/203/203 153/205/205 154/206/206
f 150/186/186 151/203/203 154/206/206
f 160/212/212 157/209/209 150/186/186
f 152/204/204 158/210/210 160/212/212
f 150/186/186 152/204/204 160/212/212
f 157/209/209 160/212/212 161/213/213 159/211/211
f 161/213/213 160/212/212 158/210/210
f 162/214/214 150/186/186 157/209/209 163/215/215
f 158/210/210 155/207/207 81/197/197
f 77/195/195 79/196/196 155/207/207
f 81/197/197 155/207/207 79/196/196
f 158/210/210 81/197/197 83/198/198
f 161/213/213 158/210/210 87/200/200
f 155/207/207 158/210/210 152/204/204
f 87/200/200 158/210/210 85/199/199
f 85/199/199 158/210/210 83/198/198
f 75/194/194 156/208/208 73/193/193
f 73/193/193 156/208/208 71/192/192
f 75/194/194 77/195/195 155/207/207
f 71/192/192 153/205/205 69/191/191
f 69/191/191 153/205/205 67/190/190
f 65/189/189 67/190/190 153/205/205
f 63/188/188 65/189/189 153/205/205
f 156/208/208 153/205/205 71/192/192
f 75/194/194 155/207/207 156/208/208
f 87/200/200 89/201/201 161/213/213
f 161/213/213 91/202/202 43/183/183
f 43/183/183 159/211/211 161/213/213
f 159/211/211 43/183/183 51/184/184
f 163/215/215 51/184/184 50/185/185
f 159/211/211 163/215/215 157/209/209
f 164/216/216 163/215/215 50/185/185
f 162/214/214 163/215/215 164/216/216
f 51/184/184 163/215/215 159/211/211
f 153/205/205 151/203/203 63/188/188
f 162/214/214 151/203/203 150/186/186
f 151/203/203 54/187/187 63/188/188
f 54/187/187 151/203/203 61/220/220
f 166/218/218 162/214/214 165/217/217
f 55/219/219 61/220/220 166/218/218
f 166/218/218 61/220/220 151/203/203
f 162/214/214 166/218/218 151/203/203
f 162/214/214 164/216/216 165/217/217
f 91/202/202 161/213/213 89/201/201
f 104/255/255 105/256/256 2/222/222 1/221/221
f 106/257/257 107/258/258 4/224/224 3/223/223
f 105/256/256 106/257/257 3/223/223 2/222/222
f 108/259/259 109/260/260 6/226/226 5/225/225
f 110/261/261 111/262/262 8/228/228 7/227/227
f 109/260/260 110/261/261 7/227/227 6/226/226
f 107/258/258 108/259/259 5/225/225 4/224/224
f 112/263/263 113/264/264 10/230/230 9/229/229
f 114/265/265 115/266/266 12/232/232 11/231/231
f 113/264/264 114/265/265 11/231/231 10/230/230
f 116/267/267 117/268/268 14/234/234 13/233/233
f 118/269/269 119/270/270 16/236/236 15/235/235
f 117/268/268 118/269/269 15/235/235 14/234/234
f 115/266/266 116/267/267 13/233/233 12/232/232
f 111/262/262 112/263/263 9/229/229 8/228/228
f 17/237/237 16/236/236 119/270/270 120/271/271
f 121/272/272 122/273/273 19/239/239 18/238/238
f 123/274/274 124/275/275 21/241/241 20/240/240
f 122/273/273 123/274/274 20/240/240 19/239/239
f 125/276/276 126/277/277 23/243/243 22/242/242
f 127/278/278 128/279/279 25/245/245 24/244/244
f 126/277/277 127/278/278 24/244/244 23/243/243
f 124/275/275 125/276/276 22/242/242 21/241/241
f 129/280/280 130/281/281 27/247/247 26/246/246
f 131/282/282 132/283/283 29/249/249 28/248/248
f 130/281/281 131/282/282 28/248/248 27/247/247
f 133/284/284 134/285/285 31/251/251 30/250/250
f 135/286/286 104/253/253 1/254/254 32/252/252
f 134/285/285 135/286/286 32/252/252 31/251/251
f 132/283/283 133/284/284 30/250/250 29/249/249
f 128/279/279 129/280/280 26/246/246 25/245/245
f 18/238/238 17/237/237 120/271/271 121/272/272
f 206/326/326 203/323/323 199/319/319 205/325/325
f 205/325/325 199/319/319 201/321/321 207/327/327
f 199/319/319 200/320/320 202/322/322 201/321/321
f 203/323/323 204/324/324 200/320/320 199/319/319
f 202/322/322 195/315/315 194/314/314
f 193/313/313 201/321/321 194/314/314
f 193/313/313 192/312/312 201/321/321
f 195/315/315 202/322/322 196/316/316
f 200/320/320 167/287/287 198/318/318
f 197/317/317 202/322/322 198/318/318
f 200/320/320 198/318/318 202/322/322
f 194/314/314 201/321/321 202/322/322
f 196/316/316 202/322/322 197/317/317
f 200/320/320 168/288/288 167/287/287
f 189/309/309 207/327/327 190/310/310
f 188/308/308 207/327/327 189/309/309
f 207/327/327 188/308/308 187/307/307
f 201/321/321 191/311/311 190/310/310
f 190/310/310 207/327/327 201/321/321
f 185/305/305 205/325/325 186/306/306
f 205/325/325 185/305/305 184/304/304
f 207/327/327 186/306/306 205/325/325
f 187/307/307 186/306/306 207/327/327
f 201/321/321 192/312/312 191/311/311
f 169/289/289 200/320/320 170/290/290
f 171/291/291 170/290/290 204/324/324
f 174/294/294 204/324/324 203/323/323
f 204/324/324 170/290/290 200/320/320
f 172/292/292 204/324/324 173/293/293
f 203/323/323 175/295/295 174/294/294
f 174/294/294 173/293/293 204/324/324
f 171/291/291 204/324/324 172/292/292
f 176/296/296 175/295/295 203/323/323
f 182/302/302 206/326/326 205/325/325
f 183/303/303 182/302/302 205/325/325
f 181/301/301 206/326/326 182/302/302
f 181/301/301 180/300/300 206/326/326
f 184/304/304 183/303/303 205/325/325
f 178/298/298 203/323/323 206/326/326
f 180/300/300 179/299/299 206/326/326
f 179/299/299 178/298/298 206/326/326
f 178/298/298 177/297/297 203/323/323
f 203/323/323 177/297/297 176/296/296
f 169/289/289 168/288/288 200/320/320
f 209/329/329 211/331/331 208/328/328
f 217/337/337 212/332/332 211/331/331 209/329/329
f 213/333/333 212/332/332 217/337/337
f 217/337/337 215/335/335 214/334/334
f 217/337/337 210/330/330 215/335/335
f 216/336/336 215/335/335 210/330/330
f 213/333/333 217/337/337 214/334/334
f 218/338/338 222/342/342 221/341/341
f 227/347/347 223/343/343 222/342/342 218/338/338
f 224/344/344 223/343/343 227/347/347
f 220/340/340 226/346/346 225/345/345 227/347/347
f 220/340/340 219/339/339 226/346/346
f 224/344/344 227/347/347 225/345/345
f 228/350/350 219/348/348 220/349/349 229/351/351
f 232/354/354 230/352/352 231/353/353 233/355/355
f 230/352/352 228/350/350 229/351/351 231/353/353
f 236/358/358 234/356/356 235/357/357 237/359/359
f 240/362/362 238/360/360 239/361/361 241/363/363
f 238/360/360 236/358/358 237/359/359 239/361/361
f 234/356/356 232/354/354 233/355/355 235/357/357
f 242/364/364 240/362/362 241/363/363 243/365/365
f 246/368/368 244/366/366 245/367/367 247/369/369
f 250/372/372 248/370/370 249/371/371 251/373/373
f 248/370/370 246/368/368 247/369/369 249/371/371
f 254/376/376 252/374/374 253/375/375 255/377/377
f 208/380/380 256/378/378 257/379/379 209/381/381
f 256/378/378 254/376/376 255/377/377 257/379/379
f 252/374/374 250/372/372 251/373/373 253/375/375
f 244/366/366 242/364/364 243/365/365 245/367/367
f 265/389/389 259/383/383 258/382/382 264/388/388
f 266/390/390 260/384/384 259/383/383 265/389/389
f 267/391/391 261/385/385 260/384/384 266/390/390
f 268/392/392 262/386/386 261/385/385 267/391/391
f 269/393/393 263/387/387 262/386/386 268/392/392
f 309/462/462 246/411/411 248/412/412
f 274/421/421 309/462/462 250/413/413
f 275/422/422 276/423/423 309/462/462
f 248/412/412 250/413/413 309/462/462
f 309/462/462 277/424/424 278/425/425
f 278/425/425 310/463/463 309/462/462
f 310/463/463 244/410/410 309/462/462
f 310/463/463 278/425/425 279/426/426
f 309/462/462 244/410/410 246/411/411
f 277/424/424 309/462/462 276/423/423
f 252/414/414 311/464/464 250/413/413
f 311/464/464 274/421/421 250/413/413
f 256/416/416 311/464/464 254/415/415
f 312/465/465 208/394/394 211/395/395
f 311/464/464 312/465/465 271/418/418
f 256/416/416 208/394/394 311/464/464
f 272/419/419 311/464/464 271/418/418
f 274/421/421 275/422/422 309/462/462
f 311/464/464 273/420/420 274/421/421
f 270/417/417 312/465/465 301/448/448
f 272/419/419 273/420/420 311/464/464
f 208/394/394 312/465/465 311/464/464
f 254/415/415 311/464/464 252/414/414
f 310/463/463 240/408/408 242/409/409
f 281/428/428 310/463/463 280/427/427
f 242/409/409 244/410/410 310/463/463
f 238/407/407 240/408/408 310/463/463
f 310/463/463 279/426/426 280/427/427
f 281/428/428 313/466/466 310/463/463
f 234/405/405 236/406/406 313/466/466
f 238/407/407 313/466/466 236/406/406
f 313/466/466 283/430/430 234/405/405
f 310/463/463 313/466/466 238/407/407
f 282/429/429 283/430/430 313/466/466
f 232/404/404 234/405/405 314/467/467
f 313/466/466 281/428/428 282/429/429
f 234/405/405 284/431/431 314/467/467
f 314/467/467 285/432/432 286/433/433
f 314/467/467 284/431/431 285/432/432
f 228/402/402 230/403/403 314/467/467
f 314/467/467 230/403/403 232/404/404
f 287/434/434 288/435/435 315/468/468
f 314/467/467 287/434/434 315/468/468
f 314/467/467 315/468/468 226/461/461 219/401/401
f 314/467/467 219/401/401 228/402/402
f 287/434/434 314/467/467 286/433/433
f 315/468/468 288/435/435 289/436/436
f 284/431/431 234/405/405 283/430/430
f 301/448/448 312/465/465 300/447/447
f 212/396/396 312/465/465 211/395/395
f 212/396/396 213/397/397 258/382/382 312/465/465
f 214/398/398 258/382/382 213/397/397
f 299/446/446 312/465/465 258/382/382
f 299/446/446 300/447/447 312/465/465
f 259/383/383 298/445/445 299/446/446
f 260/384/384 296/443/443 297/444/444
f 298/445/445 259/383/383 297/444/444
f 259/383/383 260/384/384 297/444/444
f 299/446/446 258/382/382 259/383/383
f 215/399/399 264/388/388 214/398/398
f 302/449/449 215/399/399 216/400/400
f 264/388/388 215/399/399 302/449/449
f 303/450/450 264/388/388 302/449/449
f 304/451/451 266/390/390 265/389/389
f 266/390/390 304/451/451 305/452/452
f 265/389/389 303/450/450 304/451/451
f 303/450/450 265/389/389 264/388/388
f 295/442/442 296/443/443 260/384/384
f 214/398/398 264/388/388 258/382/382
f 266/390/390 305/452/452 267/391/391
f 293/440/440 262/386/386 292/439/439
f 261/385/385 294/441/441 295/442/442
f 261/385/385 295/442/442 260/384/384
f 293/440/440 294/441/441 261/385/385
f 292/439/439 262/386/386 291/438/438
f 315/468/468 289/436/436 290/437/437
f 291/438/438 315/468/468 290/437/437
f 225/460/460 226/461/461 315/468/468
f 224/459/459 225/460/460 315/468/468 263/387/387
f 315/468/468 291/438/438 263/387/387
f 261/385/385 262/386/386 293/440/440
f 307/454/454 268/392/392 306/453/453
f 267/391/391 306/453/453 268/392/392
f 306/453/453 267/391/391 305/452/452
f 307/454/454 269/393/393 268/392/392
f 263/387/387 269/393/393 223/458/458 224/459/459
f 222/457/457 223/458/458 269/393/393
f 221/456/456 222/457/457 308/455/455
f 269/393/393 308/455/455 222/457/457
f 308/455/455 269/393/393 307/454/454
f 291/438/438 262/386/386 263/387/387
f 271/418/418 312/465/465 270/417/417
f 322/494/494 319/491/491 320/492/492
f 320/492/492 318/490/490 321/493/493 322/494/494
f 320/492/492 316/472/472 318/490/490
f 317/489/489 320/492/492 319/491/491
f 316/472/472 320/492/492 317/489/489
f 326/498/498 316/472/472 323/495/495
f 318/490/490 326/498/498 324/496/496
f 316/472/472 326/498/498 318/490/490
f 323/495/495 325/497/497 327/499/499 326/498/498
f 327/499/499 324/496/496 326/498/498
f 328/500/500 329/501/501 323/495/495 316/472/472
f 324/496/496 247/483/483 321/493/493
f 243/481/481 321/493/493 245/482/482
f 247/483/483 245/482/482 321/493/493
f 324/496/496 249/484/484 247/483/483
f 327/499/499 253/486/486 324/496/496
f 321/493/493 318/490/490 324/496/496
f 253/486/486 251/485/485 324/496/496
f 251/485/485 249/484/484 324/496/496
f 241/480/480 239/479/479 322/494/494
f 239/479/479 237/478/478 322/494/494
f 241/480/480 321/493/493 243/481/481
f 237/478/478 235/477/477 319/491/491
f 235/477/477 233/476/476 319/491/491
f 231/475/475 319/491/491 233/476/476
f 229/474/474 319/491/491 231/475/475
f 322/494/494 237/478/478 319/491/491
f 241/480/480 322/494/494 321/493/493
f 253/486/486 327/499/499 255/487/487
f 327/499/499 209/469/469 257/488/488
f 209/469/469 327/499/499 325/497/497
f 325/497/497 217/470/470 209/469/469
f 329/501/501 210/471/471 217/470/470
f 325/497/497 323/495/495 329/501/501
f 330/502/502 210/471/471 329/501/501
f 328/500/500 330/502/502 329/501/501
f 217/470/470 325/497/497 329/501/501
f 319/491/491 229/474/474 317/489/489
f 328/500/500 316/472/472 317/489/489
f 317/489/489 229/474/474 220/473/473
f 220/473/473 227/506/506 317/489/489
f 332/504/504 331/503/503 328/500/500
f 218/505/505 332/504/504 227/506/506
f 332/504/504 317/489/489 227/506/506
f 328/500/500 317/489/489 332/504/504
f 328/500/500 331/503/503 330/502/502
f 257/488/488 255/487/487 327/499/499
f 270/541/541 167/507/507 168/508/508 271/542/542
f 272/543/543 169/509/509 170/510/510 273/544/544
f 271/542/542 168/508/508 169/509/509 272/543/543
f 274/545/545 171/511/511 172/512/512 275/546/546
f 276/547/547 173/513/513 174/514/514 277/548/548
f 275/546/546 172/512/512 173/513/513 276/547/547
f 273/544/544 170/510/510 171/511/511 274/545/545
f 278/549/549 175/515/515 176/516/516 279/550/550
f 280/551/551 177/517/517 178/518/518 281/552/552
f 279/550/550 176/516/516 177/517/517 280/551/551
f 282/553/553 179/519/519 180/520/520 283/554/554
f 284/555/555 181/521/521 182/522/522 285/556/556
f 283/554/554 180/520/520 181/521/521 284/555/555
f 281/552/552 178/518/518 179/519/519 282/553/553
f 277/548/548 174/514/514 175/515/515 278/549/549
f 183/523/523 286/557/557 285/556/556 182/522/522
f 287/558/558 184/524/524 185/525/525 288/559/559
f 289/560/560 186/526/526 187/527/527 290/561/561
f 288/559/559 185/525/525 186/526/526 289/560/560
f 291/562/562 188/528/528 189/529/529 292/563/563
f 293/564/564 190/530/530 191/531/531 294/565/565
f 292/563/563 189/529/529 190/530/530 293/564/564
f 290/561/561 187/527/527 188/528/528 291/562/562
f 295/566/566 192/532/532 193/533/533 296/567/567
f 297/568/568 194/534/534 195/535/535 298/569/569
f 296/567/567 193/533/533 194/534/534 297/568/568
f 299/570/570 196/536/536 197/537/537 300/571/571
f 301/572/572 198/538/538 167/540/540 270/539/539
f 300/571/571 197/537/537 198/538/538 301/572/572
f 298/569/569 195/535/535 196/536/536 299/570/570
f 294/565/565 191/531/531 192/532/532 295/566/566
f 184/524/524 287/558/558 286/557/557 183/523/523
f 461/703/703 335/575/575 333/573/573
f 339/579/579 337/577/577 338/578/578 340/580/580
f 337/577/577 335/575/575 336/576/576 338/578/578
f 343/583/583 341/581/581 342/582/582 344/584/584
f 347/587/587 345/585/585 346/586/586 348/588/588
f 345/585/585 343/583/583 344/584/584 346/586/586
f 341/581/581 339/579/579 340/580/580 342/582/582
f 351/591/591 349/589/589 350/590/590 352/592/592
f 355/595/595 353/593/593 354/594/594 356/596/596
f 353/593/593 351/591/591 352/592/592 354/594/594
f 359/599/599 357/597/597 358/598/598 360/600/600
f 363/603/603 361/601/601 362/602/602 364/604/604
f 361/601/601 359/599/599 360/600/600 362/602/602
f 357/597/597 355/595/595 356/596/596 358/598/598
f 349/589/589 347/587/587 348/588/588 350/590/590
f 367/607/607 365/605/605 366/606/606 368/608/608
f 371/611/611 369/609/609 370/610/610 372/612/612
f 369/609/609 367/607/607 368/608/608 370/610/610
f 375/615/615 373/613/613 374/614/614 376/616/616
f 379/619/619 377/617/617 378/618/618 380/620/620
f 377/617/617 375/615/615 376/616/616 378/618/618
f 373/613/613 371/611/611 372/612/612 374/614/614
f 383/623/623 381/621/621 382/622/622 384/624/624
f 387/627/627 385/625/625 386/626/626 388/628/628
f 385/625/625 383/623/623 384/624/624 386/626/626
f 391/631/631 389/629/629 390/630/630 392/632/632
f 395/635/635 393/633/633 394/634/634 396/636/636
f 396/636/636 398/638/638 397/637/637 395/635/635
f 393/633/633 391/631/631 392/632/632 394/634/634
f 389/629/629 387/627/627 388/628/628 390/630/630
f 381/621/621 379/619/619 380/620/620 382/622/622
f 365/605/605 363/603/603 364/604/604 366/606/606
f 336/576/576 461/703/703 334/574/574
f 335/575/575 461/703/703 336/576/576
f 401/641/641 399/639/639 400/640/640 402/642/642
f 405/645/645 403/643/643 404/644/644 406/646/646
f 403/643/643 401/641/641 402/642/642 404/644/644
f 409/649/649 407/647/647 408/648/648 410/650/650
f 413/653/653 411/651/651 412/652/652 414/654/654
f 411/651/651 409/649/649 410/650/650 412/652/652
f 407/647/647 405/645/645 406/646/646 408/648/648
f 417/657/657 415/655/655 416/656/656 418/658/658
f 421/661/661 419/659/659 420/660/660 422/662/662
f 419/659/659 417/657/657 418/658/658 420/660/660
f 425/665/665 423/663/663 424/664/664 426/666/666
f 429/669/669 427/667/667 428/668/668 430/670/670
f 427/667/667 425/665/665 426/666/666 428/668/668
f 423/663/663 421/661/661 422/662/662 424/664/664
f 415/655/655 413/653/653 414/654/654 416/656/656
f 433/673/673 431/671/671 432/672/672 434/674/674
f 437/677/677 435/675/675 436/676/676 438/678/678
f 435/675/675 433/673/673 434/674/674 436/676/676
f 441/681/681 439/679/679 440/680/680 442/682/682
f 445/685/685 443/683/683 444/684/684 446/686/686
f 443/683/683 441/681/681 442/682/682 444/684/684
f 439/679/679 437/677/677 438/678/678 440/680/680
f 449/689/689 447/687/687 448/688/688 450/690/690
f 453/693/693 451/691/691 452/692/692 454/694/694
f 451/691/691 449/689/689 450/690/690 452/692/692
f 457/697/697 455/695/695 456/696/696 458/698/698
f 461/704/704 333/701/701 459/699/699
f 459/699/699 457/697/697 458/698/698 460/700/700
f 455/695/695 453/693/693 454/694/694 456/696/696
f 447/687/687 445/685/685 446/686/686 448/688/688
f 431/671/671 429/669/669 430/670/670 432/672/672
f 460/700/700 461/704/704 459/699/699
f 399/639/639 397/637/637 398/638/638 400/640/640
f 461/704/704 460/700/700 334/702/702
f 478/785/785 476/783/783 463/770/770 477/784/784
f 475/782/782 478/785/785 477/784/784 465/772/772
f 467/774/774 465/772/772 477/784/784
f 477/784/784 463/770/770 462/769/769
f 462/769/769 464/771/771 467/774/774
f 467/774/774 477/784/784 462/769/769
f 474/781/781 472/779/779 469/776/776 473/780/780
f 472/779/779 466/773/773 465/772/772
f 467/774/774 469/776/776 472/779/779
f 465/772/772 467/774/774 472/779/779
f 469/776/776 467/774/774 464/771/771 468/775/775
f 484/791/791 486/793/793 485/792/792 483/790/790
f 485/792/792 481/788/788 480/787/787
f 482/789/789 483/790/790 485/792/792
f 480/787/787 482/789/789 485/792/792
f 476/783/783 483/790/790 482/789/789 463/770/770
f 480/787/787 487/794/794 490/797/797 488/795/795
f 488/795/795 490/797/797 489/796/796 479/786/786
f 482/789/789 480/787/787 488/795/795
f 488/795/795 479/786/786 462/769/769
f 462/769/769 463/770/770 482/789/789
f 482/789/789 488/795/795 462/769/769
f 492/799/799 491/798/798 500/807/807
f 500/807/807 470/777/777 462/769/769
f 462/769/769 479/786/786 492/799/799
f 492/799/799 500/807/807 462/769/769
f 479/786/786 489/796/796 494/801/801 492/799/799
f 494/801/801 496/803/803 497/804/804 495/802/802
f 495/802/802 493/800/800 491/798/798
f 492/799/799 494/801/801 495/802/802
f 491/798/798 492/799/799 495/802/802
f 470/777/777 500/807/807 501/808/808 499/806/806
f 500/807/807 491/798/798 498/805/805 501/808/808
f 468/775/775 464/771/771 509/816/816 510/817/817
f 510/817/817 509/816/816 471/778/778 508/815/815
f 503/810/810 471/778/778 509/816/816
f 509/816/816 464/771/771 462/769/769
f 462/769/769 470/777/777 503/810/810
f 503/810/810 509/816/816 462/769/769
f 505/812/812 502/809/809 471/778/778
f 503/810/810 504/811/811 505/812/812
f 471/778/778 503/810/810 505/812/812
f 503/810/810 470/777/777 499/806/806 504/811/811
f 505/812/812 504/811/811 506/813/813 507/814/814
f 497/804/804 395/736/736 397/737/737
f 397/737/737 495/802/802 497/804/804
f 393/735/735 395/736/736 497/804/804
f 493/800/800 399/738/738 401/739/739
f 403/740/740 493/800/800 401/739/739
f 397/737/737 399/738/738 493/800/800
f 493/800/800 495/802/802 397/737/737
f 489/796/796 387/732/732 389/733/733
f 391/734/734 496/803/803 389/733/733
f 393/735/735 497/804/804 496/803/803
f 389/733/733 496/803/803 489/796/796
f 391/734/734 393/735/735 496/803/803
f 407/742/742 409/743/743 498/805/805
f 409/743/743 411/744/744 498/805/805
f 413/745/745 415/746/746 501/808/808
f 411/744/744 413/745/745 501/808/808
f 415/746/746 417/747/747 501/808/808
f 403/740/740 491/798/798 493/800/800
f 405/741/741 491/798/798 403/740/740
f 407/742/742 498/805/805 405/741/741
f 498/805/805 411/744/744 501/808/808
f 405/741/741 498/805/805 491/798/798
f 501/808/808 417/747/747 499/806/806
f 496/803/803 494/801/801 489/796/796
f 499/806/806 417/747/747 419/748/748
f 381/729/729 383/730/730 490/797/797
f 385/731/731 490/797/797 383/730/730
f 379/728/728 381/729/729 490/797/797
f 489/796/796 490/797/797 385/731/731
f 487/794/794 379/728/728 490/797/797
f 489/796/796 385/731/731 387/732/732
f 373/725/725 375/726/726 487/794/794
f 377/727/727 487/794/794 375/726/726
f 369/723/723 371/724/724 481/788/788
f 480/787/787 373/725/725 487/794/794
f 371/724/724 373/725/725 480/787/787
f 487/794/794 377/727/727 379/728/728
f 367/722/722 369/723/723 481/788/788
f 480/787/787 481/788/788 371/724/724
f 481/788/788 365/721/721 367/722/722
f 365/721/721 481/788/788 485/792/792
f 485/792/792 486/793/793 365/721/721
f 363/720/720 486/793/793 361/719/719
f 486/793/793 363/720/720 365/721/721
f 361/719/719 484/791/791 359/718/718
f 357/717/717 359/718/718 484/791/791
f 484/791/791 476/783/783 357/717/717
f 355/716/716 357/717/717 476/783/783
f 486/793/793 484/791/791 361/719/719
f 483/790/790 476/783/783 484/791/791
f 506/813/813 499/806/806 421/749/749
f 421/749/749 423/750/750 506/813/813
f 427/752/752 507/814/814 425/751/751
f 425/751/751 506/813/813 423/750/750
f 429/753/753 507/814/814 427/752/752
f 425/751/751 507/814/814 506/813/813
f 506/813/813 504/811/811 499/806/806
f 429/753/753 505/812/812 507/814/814
f 435/756/756 471/778/778 502/809/809
f 505/812/812 429/753/753 502/809/809
f 502/809/809 429/753/753 431/754/754
f 502/809/809 433/755/755 435/756/756
f 471/778/778 435/756/756 437/757/757
f 439/758/758 508/815/815 437/757/757
f 437/757/757 508/815/815 471/778/778
f 441/759/759 508/815/815 439/758/758
f 449/763/763 468/775/775 510/817/817
f 441/759/759 443/760/760 508/815/815
f 443/760/760 510/817/817 508/815/815
f 445/761/761 447/762/762 510/817/817
f 447/762/762 449/763/763 510/817/817
f 443/760/760 445/761/761 510/817/817
f 451/764/764 468/775/775 449/763/763
f 502/809/809 431/754/754 433/755/755
f 478/785/785 353/715/715 476/783/783
f 475/782/782 465/772/772 341/709/709
f 339/708/708 341/709/709 465/772/772
f 347/712/712 478/785/785 475/782/782
f 339/708/708 465/772/772 466/773/773
f 475/782/782 341/709/709 343/710/710
f 353/715/715 478/785/785 351/714/714
f 351/714/714 478/785/785 349/713/713
f 349/713/713 478/785/785 347/712/712
f 347/712/712 475/782/782 345/711/711
f 475/782/782 343/710/710 345/711/711
f 355/716/716 476/783/783 353/715/715
f 473/780/780 469/776/776 468/775/775
f 455/766/766 457/767/767 473/780/780
f 457/767/767 474/781/781 473/780/780
f 455/766/766 473/780/780 453/765/765
f 473/780/780 468/775/775 453/765/765
f 337/707/707 466/773/773 335/706/706
f 472/779/779 333/705/705 466/773/773
f 339/708/708 466/773/773 337/707/707
f 333/705/705 474/781/781 459/768/768
f 457/767/767 459/768/768 474/781/781
f 333/705/705 335/706/706 466/773/773
f 474/781/781 333/705/705 472/779/779
f 468/775/775 451/764/764 453/765/765
f 421/749/749 499/806/806 419/748/748
f 517/824/824 516/823/823 511/818/818 512/819/819
f 518/825/825 517/824/824 512/819/819 513/820/820
f 519/826/826 518/825/825 513/820/820 514/821/821
f 520/827/827 519/826/826 514/821/821 515/822/822
f 525/832/832 524/831/831 519/826/826 520/827/827
f 526/833/833 525/832/832 520/827/827 521/828/828
f 529/836/836 528/835/835 522/829/829 523/830/830
f 534/841/841 533/840/840 524/831/831 525/832/832
f 535/842/842 534/841/841 525/832/832 526/833/833
f 536/843/843 535/842/842 526/833/833 527/834/834
f 538/845/845 537/844/844 528/835/835 529/836/836
f 539/846/846 538/845/845 529/836/836 530/837/837
f 540/847/847 539/846/846 530/837/837 531/838/838
f 541/848/848 540/847/847 531/838/838 532/839/839
f 542/849/849 541/848/848 532/839/839 533/840/840
f 543/850/850 542/849/849 533/840/840 534/841/841
f 544/851/851 543/850/850 534/841/841 535/842/842
f 545/852/852 544/851/851 535/842/842 536/843/843
f 547/854/854 546/853/853 537/844/844 538/845/845
f 548/855/855 547/854/854 538/845/845 539/846/846
f 549/856/856 548/855/855 539/846/846 540/847/847
f 550/857/857 549/856/856 540/847/847 541/848/848
f 551/858/858 550/857/857 541/848/848 542/849/849
f 552/859/859 551/858/858 542/849/849 543/850/850
f 553/860/860 552/859/859 543/850/850 544/851/851
f 554/861/861 553/860/860 544/851/851 545/852/852
f 556/863/863 555/862/862 546/853/853 547/854/854
f 558/865/865 557/864/864 551/858/858 552/859/859
f 559/866/866 558/865/865 552/859/859 553/860/860
f 560/867/867 559/866/866 553/860/860 554/861/861
f 556/863/863 562/869/869 561/868/868
f 566/873/873 565/872/872 557/864/864 558/865/865
f 567/874/874 566/873/873 558/865/865 559/866/866
f 569/876/876 568/875/875 562/869/869 563/870/870
f 570/877/877 569/876/876 563/870/870 564/871/871
f 571/878/878 570/877/877 564/871/871 565/872/872
f 572/879/879 571/878/878 565/872/872 566/873/873
f 511/818/818 402/914/914 400/913/913
f 396/911/911 511/818/818 398/912/912
f 400/913/913 398/912/912 511/818/818
f 516/823/823 402/914/914 511/818/818
f 406/916/916 404/915/915 523/830/830
f 523/830/830 404/915/915 516/823/823
f 402/914/914 516/823/823 404/915/915
f 406/916/916 523/830/830 408/917/917
f 394/910/910 392/909/909 512/819/819
f 392/909/909 390/908/908 512/819/819
f 394/910/910 511/818/818 396/911/911
f 512/819/819 511/818/818 394/910/910
f 306/952/952 305/951/951 517/824/824
f 517/824/824 305/951/951 304/950/950
f 516/823/823 517/824/824 303/949/949
f 513/820/820 512/819/819 390/908/908
f 517/824/824 518/825/825 306/952/952
f 410/918/918 408/917/917 522/829/829
f 522/829/829 414/920/920 412/919/919
f 516/823/823 216/945/945 523/830/830
f 528/835/835 414/920/920 522/829/829
f 522/829/829 408/917/917 523/830/830
f 528/835/835 418/922/922 416/921/921
f 418/922/922 528/835/835 537/844/844
f 537/844/844 420/923/923 418/922/922
f 414/920/920 528/835/835 416/921/921
f 210/944/944 529/836/836 523/830/830
f 516/823/823 303/949/949 302/948/948
f 303/949/949 517/824/824 304/950/950
f 302/948/948 216/945/945 516/823/823
f 330/957/957 530/837/837 210/944/944
f 529/836/836 210/944/944 530/837/837
f 531/838/838 330/957/957 331/956/956
f 530/837/837 330/957/957 531/838/838
f 210/944/944 523/830/830 216/945/945
f 412/919/919 410/918/918 522/829/829
f 531/838/838 331/956/956 532/839/839
f 514/821/821 386/906/906 384/905/905
f 384/905/905 382/904/904 514/821/821
f 388/907/907 386/906/906 513/820/820
f 515/822/822 514/821/821 382/904/904
f 519/826/826 221/946/946 518/825/825
f 386/906/906 514/821/821 513/820/820
f 513/820/820 390/908/908 388/907/907
f 378/902/902 515/822/822 380/903/903
f 515/822/822 382/904/904 380/903/903
f 515/822/822 378/902/902 376/901/901
f 376/901/901 520/827/827 515/822/822
f 376/901/901 374/900/900 521/828/828
f 374/900/900 372/899/899 521/828/828
f 370/898/898 521/828/828 372/899/899
f 370/898/898 527/834/834 521/828/828
f 520/827/827 376/901/901 521/828/828
f 308/954/954 518/825/825 221/946/946
f 221/946/946 524/831/831 218/947/947
f 221/946/946 519/826/826 524/831/831
f 218/947/947 532/839/839 332/955/955
f 331/956/956 332/955/955 532/839/839
f 533/840/840 218/947/947 524/831/831
f 532/839/839 218/947/947 533/840/840
f 521/828/828 527/834/834 526/833/833
f 366/896/896 527/834/834 368/897/897
f 527/834/834 370/898/898 368/897/897
f 527/834/834 366/896/896 364/895/895
f 364/895/895 362/894/894 527/834/834
f 360/893/893 536/843/843 362/894/894
f 527/834/834 362/894/894 536/843/843
f 360/893/893 358/892/892 536/843/843
f 545/852/852 358/892/892 356/891/891
f 536/843/843 358/892/892 545/852/852
f 307/953/953 518/825/825 308/954/954
f 306/952/952 518/825/825 307/953/953
f 537/844/844 546/853/853 422/924/924
f 422/924/924 546/853/853 424/925/925
f 426/926/926 424/925/925 546/853/853
f 50/959/959 44/958/958 556/863/863
f 547/854/854 50/959/959 556/863/863
f 546/853/853 555/862/862 426/926/926
f 50/959/959 547/854/854 548/855/855
f 549/856/856 164/969/969 548/855/855
f 164/969/969 50/959/959 548/855/855
f 550/857/857 165/970/970 549/856/856
f 164/969/969 549/856/856 165/970/970
f 562/869/869 44/958/958 136/968/968
f 562/869/869 136/968/968 137/967/967
f 138/966/966 563/870/870 137/967/967
f 139/965/965 563/870/870 138/966/966
f 555/862/862 428/927/927 426/926/926
f 555/862/862 432/929/929 430/928/928
f 555/862/862 556/863/863 561/868/868
f 434/930/930 432/929/929 555/862/862
f 428/927/927 555/862/862 430/928/928
f 561/868/868 436/931/931 434/930/930
f 440/933/933 438/932/932 561/868/868
f 436/931/931 561/868/868 438/932/932
f 555/862/862 561/868/868 434/930/930
f 440/933/933 561/868/868 562/869/869
f 568/875/875 440/933/933 562/869/869
f 569/876/876 446/936/936 568/875/875
f 562/869/869 137/967/967 563/870/870
f 444/935/935 568/875/875 446/936/936
f 569/876/876 450/938/938 448/937/937
f 448/937/937 446/936/936 569/876/876
f 442/934/934 568/875/875 444/935/935
f 568/875/875 442/934/934 440/933/933
f 140/964/964 563/870/870 139/965/965
f 556/863/863 44/958/958 562/869/869
f 570/877/877 450/938/938 569/876/876
f 55/960/960 166/971/971 550/857/857
f 166/971/971 165/970/970 550/857/857
f 557/864/864 55/960/960 551/858/858
f 550/857/857 551/858/858 55/960/960
f 141/963/963 142/962/962 564/871/871
f 564/871/871 52/961/961 557/864/864
f 52/961/961 564/871/871 142/962/962
f 55/960/960 557/864/864 52/961/961
f 564/871/871 140/964/964 141/963/963
f 354/890/890 554/861/861 545/852/852
f 554/861/861 354/890/890 352/889/889
f 352/889/889 350/888/888 554/861/861
f 356/891/891 354/890/890 545/852/852
f 554/861/861 350/888/888 560/867/867
f 344/885/885 560/867/867 346/886/886
f 350/888/888 348/887/887 560/867/867
f 346/886/886 560/867/867 348/887/887
f 559/866/866 560/867/867 344/885/885
f 563/870/870 140/964/964 564/871/871
f 571/878/878 454/940/940 570/877/877
f 456/941/941 454/940/940 571/878/878
f 572/879/879 458/942/942 571/878/878
f 458/942/942 456/941/941 571/878/878
f 452/939/939 570/877/877 454/940/940
f 458/942/942 572/879/879 460/943/943
f 559/866/866 344/885/885 567/874/874
f 340/883/883 567/874/874 342/884/884
f 567/874/874 344/885/885 342/884/884
f 572/879/879 566/873/873 567/874/874
f 336/881/881 334/880/880 572/879/879
f 460/943/943 572/879/879 334/880/880
f 567/874/874 340/883/883 338/882/882
f 336/881/881 572/879/879 338/882/882
f 572/879/879 567/874/874 338/882/882
f 564/871/871 557/864/864 565/872/872
f 570/877/877 452/939/939 450/938/938
f 422/924/924 420/923/923 537/844/844
