# Rhino

mtllib psycheSolarPanel1-5_a.mtl
usemtl diffuse_0
v -0.64637243747711182 -0.11950980126857758 -182.64324951171875
v -0.64637243747711182 -1.0815005302429199 -182.64262390136719
v -0.27637591958045959 -1.451496958732605 -182.64237976074219
v 0.79798156023025513 -1.451496958732605 -182.64237976074219
v 0.64637243747711182 -0.63750475645065308 -182.64291381835938
v 0.64637243747711182 -0.11950980126857758 -182.64324951171875
v 0.60098952054977417 0.11841642111539841 -182.64341735839844
v 0.45705431699752808 0.33754444122314453 -182.6435546875
v 0.23792627453804016 0.48147958517074585 -182.64364624023438
v -2.8137492336099967E-12 0.5268625020980835 -182.6436767578125
v -0.23792627453804016 0.48147958517074585 -182.64364624023438
v -0.45705431699752808 0.33754444122314453 -182.6435546875
v -0.60098952054977417 0.11841642111539841 -182.64341735839844
v 0.065172776579856873 -0.46231719851493835 -182.64303588867188
v 0.79798156023025513 -0.63750475645065308 -182.64291381835938
v 0.065172776579856873 -0.96679884195327759 -182.6427001953125
v 0.065172776579856873 -0.71455800533294678 -182.64286804199219
v 0.4315771758556366 -0.96679884195327759 -182.6427001953125
v 0.4315771758556366 -0.46231719851493835 -182.64303588867188
v 0.4315771758556366 -0.71455800533294678 -182.64286804199219
v -0.64637243747711182 -0.1219308152794838 -186.34321594238281
v -0.64637243747711182 -1.0839215517044067 -186.34259033203125
v -0.27637591958045959 -1.4539178609848022 -186.34234619140625
v 0.79798233509063721 -1.4539178609848022 -186.34234619140625
v 0.64637243747711182 -0.63992577791213989 -186.34288024902344
v 0.64637243747711182 -0.1219308152794838 -186.34321594238281
v 0.60098952054977417 0.11599540710449219 -186.34336853027344
v 0.45705431699752808 0.33512341976165771 -186.34352111816406
v 0.23792627453804016 0.47905859351158142 -186.34361267089844
v -2.8137492336099967E-12 0.52444148063659668 -186.34364318847656
v -0.23792627453804016 0.47905859351158142 -186.34361267089844
v -0.45705431699752808 0.33512341976165771 -186.34352111816406
v -0.60098952054977417 0.11599540710449219 -186.34336853027344
v 0.065173164010047913 -0.46473821997642517 -186.34300231933594
v 0.79798233509063721 -0.63992577791213989 -186.34288024902344
v 0.065173164010047913 -0.9692198634147644 -186.34266662597656
v 0.065173164010047913 -0.71697902679443359 -186.34283447265625
v 0.43157774209976196 -0.9692198634147644 -186.34266662597656
v 0.43157774209976196 -0.46473821997642517 -186.34300231933594
v 0.43157774209976196 -0.71697902679443359 -186.34283447265625
v 0.59790956974029541 0.12524676322937012 -183.87673950195313
v 0.59790956974029541 0.12443976104259491 -185.11006164550781
v 0.45226910710334778 0.34147307276725769 -183.87687683105469
v 0.45226910710334778 0.34066605567932129 -185.11019897460938
v 0.23492373526096344 0.48185262084007263 -183.87696838378906
v 0.23492373526096344 0.48104560375213623 -185.11029052734375
v -2.8304175409693544E-12 0.52605551481246948 -183.87699890136719
v -2.8508564866441821E-12 0.52524846792221069 -185.11032104492188
v -0.24556362628936768 0.47759261727333069 -183.87696838378906
v -0.24556362628936768 0.47678560018539429 -185.11029052734375
v -0.46178996562957764 0.33195221424102783 -183.87687683105469
v -0.46178996562957764 0.33114519715309143 -185.11019897460938
v -0.60216951370239258 0.11460687965154648 -183.87672424316406
v -0.60216951370239258 0.11379987746477127 -185.11004638671875
v 0.59790956974029541 0.12565027177333832 -183.26007080078125
v 0.63485747575759888 0.0011462908005341887 -183.87666320800781
v 0.63485747575759888 0.0015497931744903326 -183.25999450683594
v 0.45226910710334778 0.3418765664100647 -183.26022338867188
v 0.5368269681930542 0.23970277607440948 -183.87681579589844
v 0.5368269681930542 0.24010626971721649 -183.26014709472656
v 0.23492373526096344 0.48225611448287964 -183.26031494140625
v 0.34951105713844299 0.42341035604476929 -183.87693786621094
v 0.34951105713844299 0.42381384968757629 -183.26026916503906
v -2.8201980681319405E-12 0.5264589786529541 -183.26034545898438
v 0.116106778383255 0.51554197072982788 -183.87699890136719
v 0.116106778383255 0.5159454345703125 -183.26033020019531
v -0.24556362628936768 0.4779961109161377 -183.26031494140625
v -0.1214631199836731 0.51454055309295654 -183.87699890136719
v -0.1214631199836731 0.51494407653808594 -183.26033020019531
v -0.46178996562957764 0.33235570788383484 -183.26020812988281
v -0.36001965403556824 0.41651001572608948 -183.87692260742188
v -0.36001965403556824 0.41691353917121887 -183.26026916503906
v -0.60216951370239258 0.11501038074493408 -183.26007080078125
v -0.54372727870941162 0.22919416427612305 -183.87680053710938
v -0.54372727870941162 0.22959767282009125 -183.26014709472656
v -0.63585889339447021 -0.0042100460268557072 -183.87664794921875
v -0.63585889339447021 -0.0038065437693148851 -183.25999450683594
v -0.60216951370239258 0.11339636892080307 -185.72671508789063
v -0.63585889339447021 -0.0050170510075986385 -185.10997009277344
v -0.63585889339447021 -0.0054205534979701042 -185.72663879394531
v -0.46178996562957764 0.33074170351028442 -185.72685241699219
v -0.54372727870941162 0.22838716208934784 -185.11012268066406
v -0.54372727870941162 0.22798365354537964 -185.72679138183594
v -0.24556362628936768 0.47638210654258728 -185.72694396972656
v -0.36001965403556824 0.41570302844047546 -185.11024475097656
v -0.36001965403556824 0.41529953479766846 -185.72691345214844
v -2.861075959481596E-12 0.52484500408172607 -185.72698974609375
v -0.1214631199836731 0.51373356580734253 -185.11032104492188
v -0.1214631199836731 0.51333004236221313 -185.72697448730469
v 0.23492373526096344 0.48064211010932922 -185.72695922851563
v 0.116106778383255 0.51473492383956909 -185.11032104492188
v 0.116106778383255 0.51433145999908447 -185.72697448730469
v 0.45226910710334778 0.34026256203651428 -185.72686767578125
v 0.34951105713844299 0.42260333895683289 -185.11026000976563
v 0.34951105713844299 0.42219984531402588 -185.72691345214844
v 0.59790956974029541 0.12403625994920731 -185.72671508789063
v 0.5368269681930542 0.23889577388763428 -185.11013793945313
v 0.5368269681930542 0.23849226534366608 -185.72679138183594
v 0.63485747575759888 0.00033928593620657921 -185.1099853515625
v 0.63485747575759888 -6.4216495957225561E-05 -185.72663879394531
v -0.64637243747711182 -0.11999399960041046 -183.38325500488281
v -0.64637243747711182 -0.12047820538282394 -184.12324523925781
v -0.64637243747711182 -0.12096240371465683 -184.86323547363281
v -0.64637243747711182 -0.12144660949707031 -185.60322570800781
v 0.64637243747711182 -0.12144660949707031 -185.60322570800781
v 0.64637243747711182 -0.12096240371465683 -184.86323547363281
v 0.64637243747711182 -0.12047820538282394 -184.12324523925781
v 0.64637243747711182 -0.11999399960041046 -183.38325500488281
v -0.64637243747711182 -1.0819846391677856 -183.38261413574219
v -0.64637243747711182 -1.0824688673019409 -184.12261962890625
v -0.64637243747711182 -1.0829530954360962 -184.86260986328125
v -0.64637243747711182 -1.0834373235702515 -185.60260009765625
v -0.27637591958045959 -1.4521021842956543 -183.5673828125
v -0.27637591958045959 -1.4527074098587036 -184.49237060546875
v -0.27637591958045959 -1.4533126354217529 -185.4173583984375
v 0.79798173904418945 -1.4521021842956543 -183.5673828125
v 0.79798197746276855 -1.4527074098587036 -184.49237060546875
v 0.79798215627670288 -1.4533126354217529 -185.4173583984375
v 0.64637243747711182 -0.63785064220428467 -183.17147827148438
v 0.64637243747711182 -0.63819652795791626 -183.70004272460938
v 0.64637243747711182 -0.63854235410690308 -184.22862243652344
v 0.64637243747711182 -0.63888823986053467 -184.75718688964844
v 0.64637243747711182 -0.63923406600952148 -185.28575134277344
v 0.64637243747711182 -0.63957995176315308 -185.81431579589844
v 0.79798221588134766 -0.63962316513061523 -185.88038635253906
v 0.79798215627670288 -0.63932055234909058 -185.41789245605469
v 0.79798203706741333 -0.63901793956756592 -184.95539855957031
v 0.79798197746276855 -0.63871526718139648 -184.49290466308594
v 0.797981858253479 -0.63841265439987183 -184.03041076660156
v 0.79798173904418945 -0.63811004161834717 -183.56790161132813
v 0.79798167943954468 -0.63780742883682251 -183.10540771484375
v -0.64637243747711182 0.11950980126857758 182.64324951171875
v -0.64637243747711182 -0.84248089790344238 182.64389038085938
v -0.27637591958045959 -1.2124773263931274 182.64413452148438
v 0.79790598154067993 -1.2124773263931274 182.64413452148438
v 0.64637243747711182 -0.39848518371582031 182.64360046386719
v 0.64637243747711182 0.11950980126857758 182.64324951171875
v 0.60098952054977417 0.35743603110313416 182.64309692382813
v 0.45705431699752808 0.57656401395797729 182.64295959472656
v 0.23792627453804016 0.72049921751022339 182.64286804199219
v 2.8705926524708048E-12 0.76588207483291626 182.64283752441406
v -0.23792627453804016 0.72049921751022339 182.64286804199219
v -0.45705431699752808 0.57656401395797729 182.64295959472656
v -0.60098952054977417 0.35743603110313416 182.64309692382813
v 0.065134979784488678 -0.2232976108789444 182.64347839355469
v 0.79790598154067993 -0.39848518371582031 182.64360046386719
v 0.065134979784488678 -0.72777926921844482 182.64381408691406
v 0.065134979784488678 -0.47553843259811401 182.64364624023438
v 0.43152046203613281 -0.72777926921844482 182.64381408691406
v 0.43152046203613281 -0.2232976108789444 182.64347839355469
v 0.43152046203613281 -0.47553843259811401 182.64364624023438
v -0.64637243747711182 0.1219308152794838 186.34321594238281
v -0.64637243747711182 -0.84005987644195557 186.34385681152344
v -0.27637591958045959 -1.2100563049316406 186.34408569335938
v 0.79790520668029785 -1.2100563049316406 186.34408569335938
v 0.64637243747711182 -0.3960641622543335 186.34355163574219
v 0.64637243747711182 0.1219308152794838 186.34321594238281
v 0.60098952054977417 0.35985702276229858 186.34306335449219
v 0.45705431699752808 0.57898503541946411 186.34292602539063
v 0.23792627453804016 0.72292017936706543 186.34283447265625
v 2.8705926524708048E-12 0.76830309629440308 186.34280395507813
v -0.23792627453804016 0.72292017936706543 186.34283447265625
v -0.45705431699752808 0.57898503541946411 186.34292602539063
v -0.60098952054977417 0.35985702276229858 186.34306335449219
v 0.065134599804878235 -0.22087658941745758 186.34344482421875
v 0.79790520668029785 -0.3960641622543335 186.34355163574219
v 0.065134599804878235 -0.72535824775695801 186.34378051757813
v 0.065134599804878235 -0.4731174111366272 186.34361267089844
v 0.43151989579200745 -0.72535824775695801 186.34378051757813
v 0.43151989579200745 -0.22087658941745758 186.34344482421875
v 0.43151989579200745 -0.4731174111366272 186.34361267089844
v 0.59790956974029541 0.36588037014007568 183.87641906738281
v 0.59790956974029541 0.36668738722801208 185.1097412109375
v 0.45226910710334778 0.58210664987564087 183.87628173828125
v 0.45226910710334778 0.58291369676589966 185.10960388183594
v 0.23492373526096344 0.72248619794845581 183.87619018554688
v 0.23492373526096344 0.7232932448387146 185.10951232910156
v 2.8872609598301624E-12 0.76668912172317505 183.87615966796875
v 2.9076999055049901E-12 0.76749610900878906 185.10948181152344
v -0.24556362628936768 0.71822619438171387 183.87619018554688
v -0.24556362628936768 0.71903324127197266 185.10951232910156
v -0.46178996562957764 0.5725858211517334 183.87628173828125
v -0.46178996562957764 0.57339280843734741 185.10960388183594
v -0.60216951370239258 0.35524049401283264 183.87641906738281
v -0.60216951370239258 0.35604748129844666 185.1097412109375
v 0.59790956974029541 0.36547687649726868 183.25975036621094
v 0.63485747575759888 0.24177989363670349 183.87649536132813
v 0.63485747575759888 0.24137639999389648 183.25984191894531
v 0.45226910710334778 0.58170318603515625 183.25961303710938
v 0.5368269681930542 0.48033636808395386 183.8763427734375
v 0.5368269681930542 0.47993287444114685 183.25967407226563
v 0.23492373526096344 0.72208273410797119 183.259521484375
v 0.34951105713844299 0.66404396295547485 183.876220703125
v 0.34951105713844299 0.66364043951034546 183.25956726074219
v 2.8770414869927485E-12 0.76628559827804565 183.25949096679688
v 0.116106778383255 0.75617557764053345 183.87615966796875
v 0.116106778383255 0.75577205419540405 183.25950622558594
v -0.24556362628936768 0.71782273054122925 183.259521484375
v -0.1214631199836731 0.75517416000366211 183.87615966796875
v -0.1214631199836731 0.75477063655853271 183.25950622558594
v -0.46178996562957764 0.572182297706604 183.25962829589844
v -0.36001965403556824 0.65714365243911743 183.876220703125
v -0.36001965403556824 0.65674012899398804 183.25956726074219
v -0.60216951370239258 0.35483697056770325 183.259765625
v -0.54372727870941162 0.46982777118682861 183.8763427734375
v -0.54372727870941162 0.46942427754402161 183.25968933105469
v -0.63585889339447021 0.23642356693744659 183.87649536132813
v -0.63585889339447021 0.23602005839347839 183.25984191894531
v -0.60216951370239258 0.35645100474357605 185.72640991210938
v -0.63585889339447021 0.2372305691242218 185.10981750488281
v -0.63585889339447021 0.23763406276702881 185.72648620605469
v -0.46178996562957764 0.57379633188247681 185.72625732421875
v -0.54372727870941162 0.47063478827476501 185.10966491699219
v -0.54372727870941162 0.47103828191757202 185.72633361816406
v -0.24556362628936768 0.71943670511245728 185.72616577148438
v -0.36001965403556824 0.65795063972473145 185.10954284667969
v -0.36001965403556824 0.65835416316986084 185.72621154785156
v 2.917919378342404E-12 0.76789957284927368 185.72613525390625
v -0.1214631199836731 0.75598114728927612 185.10948181152344
v -0.1214631199836731 0.75638467073440552 185.72615051269531
v 0.23492373526096344 0.72369670867919922 185.72616577148438
v 0.45226910710334778 0.58331716060638428 185.72625732421875
v 0.34951105713844299 0.66485095024108887 185.10954284667969
v 0.34951105713844299 0.66525447368621826 185.7261962890625
v 0.59790956974029541 0.36709088087081909 185.72639465332031
v 0.5368269681930542 0.48114338517189026 185.10966491699219
v 0.5368269681930542 0.48154687881469727 185.726318359375
v 0.63485747575759888 0.2425868958234787 185.10981750488281
v 0.63485747575759888 0.2429904043674469 185.72648620605469
v -0.64637243747711182 0.11999399960041046 183.38325500488281
v -0.64637243747711182 0.12047820538282394 184.12324523925781
v -0.64637243747711182 0.12096240371465683 184.86323547363281
v -0.64637243747711182 0.12144660949707031 185.60322570800781
v 0.64637243747711182 0.12144660949707031 185.60322570800781
v 0.64637243747711182 0.12096240371465683 184.86323547363281
v 0.64637243747711182 0.12047820538282394 184.12324523925781
v 0.64637243747711182 0.11999399960041046 183.38325500488281
v -0.64637243747711182 -0.84167391061782837 183.87721252441406
v -0.64637243747711182 -0.84086686372756958 185.11053466796875
v -0.27637591958045959 -1.2116702795028687 183.87744140625
v -0.27637591958045959 -1.2108633518218994 185.11076354980469
v 0.79790580272674561 -1.2118721008300781 183.56912231445313
v 0.7979055643081665 -1.2112667560577393 184.49411010742188
v 0.79790538549423218 -1.2106615304946899 185.41909790039063
v 0.64637243747711182 -0.39813932776451111 183.17216491699219
v 0.64637243747711182 -0.3977934718132019 183.70072937011719
v 0.64637243747711182 -0.3974476158618927 184.22929382324219
v 0.64637243747711182 -0.3971017599105835 184.75785827636719
v 0.64637243747711182 -0.39675590395927429 185.28642272949219
v 0.64637243747711182 -0.3964100182056427 185.81498718261719
v 0.7979053258895874 -0.39636680483818054 185.88105773925781
v 0.79790538549423218 -0.3966694176197052 185.41856384277344
v 0.79790550470352173 -0.39697206020355225 184.95606994628906
v 0.7979055643081665 -0.3972746729850769 184.49357604980469
v 0.79790568351745605 -0.39757731556892395 184.03108215332031
v 0.79790580272674561 -0.39787992835044861 183.56858825683594
v 0.79790586233139038 -0.39818257093429565 183.10609436035156
v 310.05014038085938 -1.6082111597061157 -195.962158203125
v 310.05014038085938 -0.49822187423706055 -195.962890625
v 0.79798430204391479 -1.6082111597061157 -195.962158203125
v 0.79798430204391479 -0.49822187423706055 -195.962890625
v 307.55618286132813 -1.6082111597061157 -195.962158203125
v 305.06222534179688 -1.6082111597061157 -195.962158203125
v 302.5682373046875 -1.6082111597061157 -195.962158203125
v 300.07427978515625 -1.6082111597061157 -195.962158203125
v 297.58029174804688 -1.6082111597061157 -195.962158203125
v 295.08633422851563 -1.6082111597061157 -195.962158203125
v 292.59237670898438 -1.6082111597061157 -195.962158203125
v 290.098388671875 -1.6082111597061157 -195.962158203125
v 287.60443115234375 -1.6082111597061157 -195.962158203125
v 285.1104736328125 -1.6082111597061157 -195.962158203125
v 282.61648559570313 -1.6082111597061157 -195.962158203125
v 280.12252807617188 -1.6082111597061157 -195.962158203125
v 277.6285400390625 -1.6082111597061157 -195.962158203125
v 275.13458251953125 -1.6082111597061157 -195.962158203125
v 272.640625 -1.6082111597061157 -195.962158203125
v 270.14663696289063 -1.6082111597061157 -195.962158203125
v 267.65267944335938 -1.6082111597061157 -195.962158203125
v 265.15872192382813 -1.6082111597061157 -195.962158203125
v 262.66473388671875 -1.6082111597061157 -195.962158203125
v 260.1707763671875 -1.6082111597061157 -195.962158203125
v 257.67678833007813 -1.6082111597061157 -195.962158203125
v 255.18283081054688 -1.6082111597061157 -195.962158203125
v 252.68885803222656 -1.6082111597061157 -195.962158203125
v 250.19488525390625 -1.6082111597061157 -195.962158203125
v 247.700927734375 -1.6082111597061157 -195.962158203125
v 245.20695495605469 -1.6082111597061157 -195.962158203125
v 242.71298217773438 -1.6082111597061157 -195.962158203125
v 240.21900939941406 -1.6082111597061157 -195.962158203125
v 237.72505187988281 -1.6082111597061157 -195.962158203125
v 235.2310791015625 -1.6082111597061157 -195.962158203125
v 232.73710632324219 -1.6082111597061157 -195.962158203125
v 230.24313354492188 -1.6082111597061157 -195.962158203125
v 227.74917602539063 -1.6082111597061157 -195.962158203125
v 225.25520324707031 -1.6082111597061157 -195.962158203125
v 222.76123046875 -1.6082111597061157 -195.962158203125
v 220.26725769042969 -1.6082111597061157 -195.962158203125
v 217.77330017089844 -1.6082111597061157 -195.962158203125
v 215.27932739257813 -1.6082111597061157 -195.962158203125
v 212.78535461425781 -1.6082111597061157 -195.962158203125
v 210.2913818359375 -1.6082111597061157 -195.962158203125
v 207.79742431640625 -1.6082111597061157 -195.962158203125
v 205.30345153808594 -1.6082111597061157 -195.962158203125
v 202.80947875976563 -1.6082111597061157 -195.962158203125
v 200.31550598144531 -1.6082111597061157 -195.962158203125
v 197.82154846191406 -1.6082111597061157 -195.962158203125
v 195.32757568359375 -1.6082111597061157 -195.962158203125
v 192.83360290527344 -1.6082111597061157 -195.962158203125
v 190.33963012695313 -1.6082111597061157 -195.962158203125
v 187.84567260742188 -1.6082111597061157 -195.962158203125
v 185.35169982910156 -1.6082111597061157 -195.962158203125
v 182.85772705078125 -1.6082111597061157 -195.962158203125
v 180.36375427246094 -1.6082111597061157 -195.962158203125
v 177.86979675292969 -1.6082111597061157 -195.962158203125
v 175.37582397460938 -1.6082111597061157 -195.962158203125
v 172.88185119628906 -1.6082111597061157 -195.962158203125
v 170.38787841796875 -1.6082111597061157 -195.962158203125
v 167.89390563964844 -1.6082111597061157 -195.962158203125
v 165.39994812011719 -1.6082111597061157 -195.962158203125
v 162.90597534179688 -1.6082111597061157 -195.962158203125
v 160.41200256347656 -1.6082111597061157 -195.962158203125
v 157.91802978515625 -1.6082111597061157 -195.962158203125
v 155.424072265625 -1.6082111597061157 -195.962158203125
v 152.93009948730469 -1.6082111597061157 -195.962158203125
v 150.43612670898438 -1.6082111597061157 -195.962158203125
v 147.94215393066406 -1.6082111597061157 -195.962158203125
v 145.44819641113281 -1.6082111597061157 -195.962158203125
v 142.9542236328125 -1.6082111597061157 -195.962158203125
v 140.46025085449219 -1.6082111597061157 -195.962158203125
v 137.96627807617188 -1.6082111597061157 -195.962158203125
v 135.47232055664063 -1.6082111597061157 -195.962158203125
v 132.97834777832031 -1.6082111597061157 -195.962158203125
v 130.484375 -1.6082111597061157 -195.962158203125
v 127.99040985107422 -1.6082111597061157 -195.962158203125
v 125.49643707275391 -1.6082111597061157 -195.962158203125
v 123.00247192382813 -1.6082111597061157 -195.962158203125
v 120.50849914550781 -1.6082111597061157 -195.962158203125
v 118.01453399658203 -1.6082111597061157 -195.962158203125
v 115.52056121826172 -1.6082111597061157 -195.962158203125
v 113.02659606933594 -1.6082111597061157 -195.962158203125
v 110.53262329101563 -1.6082111597061157 -195.962158203125
v 108.03865814208984 -1.6082111597061157 -195.962158203125
v 105.54468536376953 -1.6082111597061157 -195.962158203125
v 103.05072021484375 -1.6082111597061157 -195.962158203125
v 100.55674743652344 -1.6082111597061157 -195.962158203125
v 98.062782287597656 -1.6082111597061157 -195.962158203125
v 95.568809509277344 -1.6082111597061157 -195.962158203125
v 93.074836730957031 -1.6082111597061157 -195.962158203125
v 90.58087158203125 -1.6082111597061157 -195.962158203125
v 88.086898803710938 -1.6082111597061157 -195.962158203125
v 85.592933654785156 -1.6082111597061157 -195.962158203125
v 83.098960876464844 -1.6082111597061157 -195.962158203125
v 80.604995727539063 -1.6082111597061157 -195.962158203125
v 78.11102294921875 -1.6082111597061157 -195.962158203125
v 75.617057800292969 -1.6082111597061157 -195.962158203125
v 73.123085021972656 -1.6082111597061157 -195.962158203125
v 70.629119873046875 -1.6082111597061157 -195.962158203125
v 68.135147094726563 -1.6082111597061157 -195.962158203125
v 65.641181945800781 -1.6082111597061157 -195.962158203125
v 63.147212982177734 -1.6082111597061157 -195.962158203125
v 60.653244018554688 -1.6082111597061157 -195.962158203125
v 58.159275054931641 -1.6082111597061157 -195.962158203125
v 55.665306091308594 -1.6082111597061157 -195.962158203125
v 53.171333312988281 -1.6082111597061157 -195.962158203125
v 50.677364349365234 -1.6082111597061157 -195.962158203125
v 48.183395385742188 -1.6082111597061157 -195.962158203125
v 45.689426422119141 -1.6082111597061157 -195.962158203125
v 43.195457458496094 -1.6082111597061157 -195.962158203125
v 40.701488494873047 -1.6082111597061157 -195.962158203125
v 38.20751953125 -1.6082111597061157 -195.962158203125
v 35.713550567626953 -1.6082111597061157 -195.962158203125
v 33.219581604003906 -1.6082111597061157 -195.962158203125
v 30.725612640380859 -1.6082111597061157 -195.962158203125
v 28.231643676757813 -1.6082111597061157 -195.962158203125
v 25.737674713134766 -1.6082111597061157 -195.962158203125
v 23.243705749511719 -1.6082111597061157 -195.962158203125
v 20.749736785888672 -1.6082111597061157 -195.962158203125
v 18.255767822265625 -1.6082111597061157 -195.962158203125
v 15.761798858642578 -1.6082111597061157 -195.962158203125
v 13.267829895019531 -1.6082111597061157 -195.962158203125
v 10.773860931396484 -1.6082111597061157 -195.962158203125
v 8.2798919677734375 -1.6082111597061157 -195.962158203125
v 5.7859225273132324 -1.6082111597061157 -195.962158203125
v 3.2919533252716064 -1.6082111597061157 -195.962158203125
v 3.2720017433166504 -0.49822187423706055 -195.962890625
v 5.7460188865661621 -0.49822187423706055 -195.962890625
v 8.220036506652832 -0.49822187423706055 -195.962890625
v 10.694053649902344 -0.49822187423706055 -195.962890625
v 13.168070793151855 -0.49822187423706055 -195.962890625
v 15.642087936401367 -0.49822187423706055 -195.962890625
v 18.116106033325195 -0.49822187423706055 -195.962890625
v 20.590122222900391 -0.49822187423706055 -195.962890625
v 23.064140319824219 -0.49822187423706055 -195.962890625
v 25.538158416748047 -0.49822187423706055 -195.962890625
v 28.012174606323242 -0.49822187423706055 -195.962890625
v 30.48619270324707 -0.49822187423706055 -195.962890625
v 32.960208892822266 -0.49822187423706055 -195.962890625
v 35.434226989746094 -0.49822187423706055 -195.962890625
v 37.908245086669922 -0.49822187423706055 -195.962890625
v 40.38226318359375 -0.49822187423706055 -195.962890625
v 42.856277465820313 -0.49822187423706055 -195.962890625
v 45.330295562744141 -0.49822187423706055 -195.962890625
v 47.804313659667969 -0.49822187423706055 -195.962890625
v 50.278331756591797 -0.49822187423706055 -195.962890625
v 52.752349853515625 -0.49822187423706055 -195.962890625
v 55.226364135742188 -0.49822187423706055 -195.962890625
v 57.700382232666016 -0.49822187423706055 -195.962890625
v 60.174400329589844 -0.49822187423706055 -195.962890625
v 62.648418426513672 -0.49822187423706055 -195.962890625
v 65.1224365234375 -0.49822187423706055 -195.962890625
v 67.596450805664063 -0.49822187423706055 -195.962890625
v 70.070472717285156 -0.49822187423706055 -195.962890625
v 72.544486999511719 -0.49822187423706055 -195.962890625
v 75.018501281738281 -0.49822187423706055 -195.962890625
v 77.492523193359375 -0.49822187423706055 -195.962890625
v 79.966537475585938 -0.49822187423706055 -195.962890625
v 82.440559387207031 -0.49822187423706055 -195.962890625
v 84.914573669433594 -0.49822187423706055 -195.962890625
v 87.388587951660156 -0.49822187423706055 -195.962890625
v 89.86260986328125 -0.49822187423706055 -195.962890625
v 92.336624145507813 -0.49822187423706055 -195.962890625
v 94.810646057128906 -0.49822187423706055 -195.962890625
v 97.284660339355469 -0.49822187423706055 -195.962890625
v 99.758674621582031 -0.49822187423706055 -195.962890625
v 102.23269653320313 -0.49822187423706055 -195.962890625
v 104.70671081542969 -0.49822187423706055 -195.962890625
v 107.18073272705078 -0.49822187423706055 -195.962890625
v 109.65474700927734 -0.49822187423706055 -195.962890625
v 112.12876129150391 -0.49822187423706055 -195.962890625
v 114.602783203125 -0.49822187423706055 -195.962890625
v 117.07679748535156 -0.49822187423706055 -195.962890625
v 119.55081939697266 -0.49822187423706055 -195.962890625
v 122.02483367919922 -0.49822187423706055 -195.962890625
v 124.49884796142578 -0.49822187423706055 -195.962890625
v 126.97286987304688 -0.49822187423706055 -195.962890625
v 129.44688415527344 -0.49822187423706055 -195.962890625
v 131.9208984375 -0.49822187423706055 -195.962890625
v 134.39491271972656 -0.49822187423706055 -195.962890625
v 136.86894226074219 -0.49822187423706055 -195.962890625
v 139.34295654296875 -0.49822187423706055 -195.962890625
v 141.81697082519531 -0.49822187423706055 -195.962890625
v 144.29098510742188 -0.49822187423706055 -195.962890625
v 146.76499938964844 -0.49822187423706055 -195.962890625
v 149.23902893066406 -0.49822187423706055 -195.962890625
v 151.71304321289063 -0.49822187423706055 -195.962890625
v 154.18705749511719 -0.49822187423706055 -195.962890625
v 156.66107177734375 -0.49822187423706055 -195.962890625
v 159.13508605957031 -0.49822187423706055 -195.962890625
v 161.60911560058594 -0.49822187423706055 -195.962890625
v 164.0831298828125 -0.49822187423706055 -195.962890625
v 166.55714416503906 -0.49822187423706055 -195.962890625
v 169.03115844726563 -0.49822187423706055 -195.962890625
v 171.50517272949219 -0.49822187423706055 -195.962890625
v 173.97920227050781 -0.49822187423706055 -195.962890625
v 176.45321655273438 -0.49822187423706055 -195.962890625
v 178.92723083496094 -0.49822187423706055 -195.962890625
v 181.4012451171875 -0.49822187423706055 -195.962890625
v 183.87525939941406 -0.49822187423706055 -195.962890625
v 186.34928894042969 -0.49822187423706055 -195.962890625
v 188.82330322265625 -0.49822187423706055 -195.962890625
v 191.29731750488281 -0.49822187423706055 -195.962890625
v 193.77133178710938 -0.49822187423706055 -195.962890625
v 196.24534606933594 -0.49822187423706055 -195.962890625
v 198.71937561035156 -0.49822187423706055 -195.962890625
v 201.19338989257813 -0.49822187423706055 -195.962890625
v 203.66740417480469 -0.49822187423706055 -195.962890625
v 206.14141845703125 -0.49822187423706055 -195.962890625
v 208.61543273925781 -0.49822187423706055 -195.962890625
v 211.08946228027344 -0.49822187423706055 -195.962890625
v 213.5634765625 -0.49822187423706055 -195.962890625
v 216.03749084472656 -0.49822187423706055 -195.962890625
v 218.51150512695313 -0.49822187423706055 -195.962890625
v 220.98551940917969 -0.49822187423706055 -195.962890625
v 223.45954895019531 -0.49822187423706055 -195.962890625
v 225.93356323242188 -0.49822187423706055 -195.962890625
v 228.40757751464844 -0.49822187423706055 -195.962890625
v 230.881591796875 -0.49822187423706055 -195.962890625
v 233.35560607910156 -0.49822187423706055 -195.962890625
v 235.82963562011719 -0.49822187423706055 -195.962890625
v 238.30364990234375 -0.49822187423706055 -195.962890625
v 240.77766418457031 -0.49822187423706055 -195.962890625
v 243.25167846679688 -0.49822187423706055 -195.962890625
v 245.72569274902344 -0.49822187423706055 -195.962890625
v 248.19972229003906 -0.49822187423706055 -195.962890625
v 250.67373657226563 -0.49822187423706055 -195.962890625
v 253.14775085449219 -0.49822187423706055 -195.962890625
v 255.62176513671875 -0.49822187423706055 -195.962890625
v 258.09579467773438 -0.49822187423706055 -195.962890625
v 260.56979370117188 -0.49822187423706055 -195.962890625
v 263.0438232421875 -0.49822187423706055 -195.962890625
v 265.51785278320313 -0.49822187423706055 -195.962890625
v 267.99185180664063 -0.49822187423706055 -195.962890625
v 270.46588134765625 -0.49822187423706055 -195.962890625
v 272.93988037109375 -0.49822187423706055 -195.962890625
v 275.41390991210938 -0.49822187423706055 -195.962890625
v 277.887939453125 -0.49822187423706055 -195.962890625
v 280.3619384765625 -0.49822187423706055 -195.962890625
v 282.83596801757813 -0.49822187423706055 -195.962890625
v 285.30996704101563 -0.49822187423706055 -195.962890625
v 287.78399658203125 -0.49822187423706055 -195.962890625
v 290.25802612304688 -0.49822187423706055 -195.962890625
v 292.73202514648438 -0.49822187423706055 -195.962890625
v 295.2060546875 -0.49822187423706055 -195.962890625
v 297.6800537109375 -0.49822187423706055 -195.962890625
v 300.15408325195313 -0.49822187423706055 -195.962890625
v 302.62811279296875 -0.49822187423706055 -195.962890625
v 305.10211181640625 -0.49822187423706055 -195.962890625
v 307.57614135742188 -0.49822187423706055 -195.962890625
v 306.724853515625 -1.0532164573669434 -195.9625244140625
v 300.07427978515625 -1.0532164573669434 -195.9625244140625
v 296.74899291992188 -1.0532164573669434 -195.9625244140625
v 290.098388671875 -1.0532164573669434 -195.9625244140625
v 293.42367553710938 -1.0532164573669434 -195.9625244140625
v 286.77310180664063 -1.0532164573669434 -195.9625244140625
v 283.44781494140625 -1.0532164573669434 -195.9625244140625
v 276.7972412109375 -1.0532164573669434 -195.9625244140625
v 280.12252807617188 -1.0532164573669434 -195.9625244140625
v 270.14663696289063 -1.0532164573669434 -195.9625244140625
v 273.471923828125 -1.0532164573669434 -195.9625244140625
v 266.82135009765625 -1.0532164573669434 -195.9625244140625
v 263.49606323242188 -1.0532164573669434 -195.9625244140625
v 260.1707763671875 -1.0532164573669434 -195.9625244140625
v 256.84548950195313 -1.0532164573669434 -195.9625244140625
v 253.52018737792969 -1.0532164573669434 -195.9625244140625
v 250.19488525390625 -1.0532164573669434 -195.9625244140625
v 246.86959838867188 -1.0532164573669434 -195.9625244140625
v 240.21900939941406 -1.0532164573669434 -195.9625244140625
v 243.5443115234375 -1.0532164573669434 -195.9625244140625
v 236.89372253417969 -1.0532164573669434 -195.9625244140625
v 233.56843566894531 -1.0532164573669434 -195.9625244140625
v 230.24313354492188 -1.0532164573669434 -195.9625244140625
v 226.9178466796875 -1.0532164573669434 -195.9625244140625
v 223.59255981445313 -1.0532164573669434 -195.9625244140625
v 216.94197082519531 -1.0532164573669434 -195.9625244140625
v 220.26725769042969 -1.0532164573669434 -195.9625244140625
v 210.2913818359375 -1.0532164573669434 -195.9625244140625
v 213.61668395996094 -1.0532164573669434 -195.9625244140625
v 206.96609497070313 -1.0532164573669434 -195.9625244140625
v 203.64080810546875 -1.0532164573669434 -195.9625244140625
v 200.31550598144531 -1.0532164573669434 -195.9625244140625
v 196.99021911621094 -1.0532164573669434 -195.9625244140625
v 190.33963012695313 -1.0532164573669434 -195.9625244140625
v 193.66493225097656 -1.0532164573669434 -195.9625244140625
v 187.01434326171875 -1.0532164573669434 -195.9625244140625
v 183.68905639648438 -1.0532164573669434 -195.9625244140625
v 180.36375427246094 -1.0532164573669434 -195.9625244140625
v 177.03846740722656 -1.0532164573669434 -195.9625244140625
v 173.71318054199219 -1.0532164573669434 -195.9625244140625
v 167.06259155273438 -1.0532164573669434 -195.9625244140625
v 170.38787841796875 -1.0532164573669434 -195.9625244140625
v 160.41200256347656 -1.0532164573669434 -195.9625244140625
v 163.7373046875 -1.0532164573669434 -195.9625244140625
v 157.08671569824219 -1.0532164573669434 -195.9625244140625
v 153.76142883300781 -1.0532164573669434 -195.9625244140625
v 150.43612670898438 -1.0532164573669434 -195.9625244140625
v 147.11083984375 -1.0532164573669434 -195.9625244140625
v 143.78553771972656 -1.0532164573669434 -195.9625244140625
v 137.13496398925781 -1.0532164573669434 -195.9625244140625
v 140.46025085449219 -1.0532164573669434 -195.9625244140625
v 133.80966186523438 -1.0532164573669434 -195.9625244140625
v 130.484375 -1.0532164573669434 -195.9625244140625
v 127.15908813476563 -1.0532164573669434 -195.9625244140625
v 120.50849914550781 -1.0532164573669434 -195.9625244140625
v 123.83379364013672 -1.0532164573669434 -195.9625244140625
v 117.18320465087891 -1.0532164573669434 -195.9625244140625
v 113.85791778564453 -1.0532164573669434 -195.9625244140625
v 110.53262329101563 -1.0532164573669434 -195.9625244140625
v 107.20732879638672 -1.0532164573669434 -195.9625244140625
v 103.88204193115234 -1.0532164573669434 -195.9625244140625
v 97.231452941894531 -1.0532164573669434 -195.9625244140625
v 100.55674743652344 -1.0532164573669434 -195.9625244140625
v 93.906166076660156 -1.0532164573669434 -195.9625244140625
v 90.58087158203125 -1.0532164573669434 -195.9625244140625
v 87.255577087402344 -1.0532164573669434 -195.9625244140625
v 83.930290222167969 -1.0532164573669434 -195.9625244140625
v 77.279701232910156 -1.0532164573669434 -195.9625244140625
v 80.604995727539063 -1.0532164573669434 -195.9625244140625
v 73.954414367675781 -1.0532164573669434 -195.9625244140625
v 67.303825378417969 -1.0532164573669434 -195.9625244140625
v 70.629119873046875 -1.0532164573669434 -195.9625244140625
v 63.978534698486328 -1.0532164573669434 -195.9625244140625
v 60.653244018554688 -1.0532164573669434 -195.9625244140625
v 57.327949523925781 -1.0532164573669434 -195.9625244140625
v 54.002658843994141 -1.0532164573669434 -195.9625244140625
v 47.352073669433594 -1.0532164573669434 -195.9625244140625
v 50.677364349365234 -1.0532164573669434 -195.9625244140625
v 40.701488494873047 -1.0532164573669434 -195.9625244140625
v 44.026782989501953 -1.0532164573669434 -195.9625244140625
v 37.376197814941406 -1.0532164573669434 -195.9625244140625
v 34.050907135009766 -1.0532164573669434 -195.9625244140625
v 27.400321960449219 -1.0532164573669434 -195.9625244140625
v 30.725612640380859 -1.0532164573669434 -195.9625244140625
v 20.749736785888672 -1.0532164573669434 -195.9625244140625
v 24.075029373168945 -1.0532164573669434 -195.9625244140625
v 17.424444198608398 -1.0532164573669434 -195.9625244140625
v 14.099152565002441 -1.0532164573669434 -195.9625244140625
v 10.773860931396484 -1.0532164573669434 -195.9625244140625
v 7.4485683441162109 -1.0532164573669434 -195.9625244140625
v 4.1232762336730957 -1.0532164573669434 -195.9625244140625
v 310.07821655273438 -1.3517192602157593 195.96415710449219
v 310.07821655273438 -0.24172995984554291 195.96343994140625
v 0.79790323972702026 -1.3517192602157593 195.96409606933594
v 0.79790323972702026 -0.24173000454902649 195.96336364746094
v 305.16900634765625 -1.3517192602157593 195.96415710449219
v 300.25979614257813 -1.3517192602157593 195.96415710449219
v 295.35055541992188 -1.3517192602157593 195.96415710449219
v 290.44134521484375 -1.3517192602157593 195.96415710449219
v 285.53213500976563 -1.3517192602157593 195.96415710449219
v 280.6229248046875 -1.3517192602157593 195.96415710449219
v 275.71371459960938 -1.3517192602157593 195.96415710449219
v 270.80450439453125 -1.3517192602157593 195.96415710449219
v 265.89529418945313 -1.3517192602157593 195.96415710449219
v 260.986083984375 -1.3517192602157593 195.96415710449219
v 256.07687377929688 -1.3517192602157593 195.96415710449219
v 251.16766357421875 -1.3517192602157593 195.96415710449219
v 246.25845336914063 -1.3517192602157593 195.96414184570313
v 241.3492431640625 -1.3517192602157593 195.96414184570313
v 236.44003295898438 -1.3517192602157593 195.96414184570313
v 231.53082275390625 -1.3517192602157593 195.96414184570313
v 226.62161254882813 -1.3517192602157593 195.96414184570313
v 221.71240234375 -1.3517192602157593 195.96414184570313
v 216.80319213867188 -1.3517192602157593 195.96414184570313
v 211.89398193359375 -1.3517192602157593 195.96414184570313
v 206.98477172851563 -1.3517192602157593 195.96414184570313
v 202.0755615234375 -1.3517192602157593 195.96414184570313
v 197.16635131835938 -1.3517192602157593 195.96414184570313
v 192.25714111328125 -1.3517192602157593 195.96414184570313
v 187.34793090820313 -1.3517192602157593 195.96414184570313
v 182.438720703125 -1.3517192602157593 195.96414184570313
v 177.52951049804688 -1.3517192602157593 195.96412658691406
v 172.62028503417969 -1.3517192602157593 195.96412658691406
v 167.71107482910156 -1.3517192602157593 195.96412658691406
v 162.80186462402344 -1.3517192602157593 195.96412658691406
v 157.89265441894531 -1.3517192602157593 195.96412658691406
v 152.98344421386719 -1.3517192602157593 195.96412658691406
v 148.07423400878906 -1.3517192602157593 195.96412658691406
v 143.16502380371094 -1.3517192602157593 195.96412658691406
v 138.25581359863281 -1.3517192602157593 195.96412658691406
v 133.34660339355469 -1.3517192602157593 195.96412658691406
v 128.43739318847656 -1.3517192602157593 195.96412658691406
v 123.52818298339844 -1.3517192602157593 195.96412658691406
v 118.61897277832031 -1.3517192602157593 195.96412658691406
v 113.70976257324219 -1.3517192602157593 195.964111328125
v 108.80054473876953 -1.3517192602157593 195.964111328125
v 103.89133453369141 -1.3517192602157593 195.964111328125
v 98.982124328613281 -1.3517192602157593 195.964111328125
v 94.072914123535156 -1.3517192602157593 195.964111328125
v 89.163703918457031 -1.3517192602157593 195.964111328125
v 84.254493713378906 -1.3517192602157593 195.964111328125
v 79.345283508300781 -1.3517192602157593 195.964111328125
v 74.436073303222656 -1.3517192602157593 195.964111328125
v 69.52685546875 -1.3517192602157593 195.964111328125
v 64.617645263671875 -1.3517192602157593 195.964111328125
v 59.70843505859375 -1.3517192602157593 195.964111328125
v 54.799224853515625 -1.3517192602157593 195.964111328125
v 49.8900146484375 -1.3517192602157593 195.96409606933594
v 44.980804443359375 -1.3517192602157593 195.96409606933594
v 40.071590423583984 -1.3517192602157593 195.96409606933594
v 35.162380218505859 -1.3517192602157593 195.96409606933594
v 30.253170013427734 -1.3517192602157593 195.96409606933594
v 25.343957901000977 -1.3517192602157593 195.96409606933594
v 20.434747695922852 -1.3517192602157593 195.96409606933594
v 15.52553653717041 -1.3517192602157593 195.96409606933594
v 10.616325378417969 -1.3517192602157593 195.96409606933594
v 5.7071142196655273 -1.3517192602157593 195.96409606933594
v 5.7071142196655273 -0.24173000454902649 195.96336364746094
v 10.616325378417969 -0.24173000454902649 195.96336364746094
v 15.52553653717041 -0.24173000454902649 195.96336364746094
v 20.434747695922852 -0.24173000454902649 195.96336364746094
v 25.343957901000977 -0.24173000454902649 195.96336364746094
v 30.253170013427734 -0.24173000454902649 195.96337890625
v 35.162380218505859 -0.24173000454902649 195.96337890625
v 40.071590423583984 -0.24173000454902649 195.96337890625
v 44.980804443359375 -0.24173000454902649 195.96337890625
v 49.8900146484375 -0.24173000454902649 195.96337890625
v 54.799224853515625 -0.24173000454902649 195.96337890625
v 59.70843505859375 -0.2417299896478653 195.96337890625
v 64.617645263671875 -0.2417299896478653 195.96337890625
v 69.52685546875 -0.2417299896478653 195.96337890625
v 74.436073303222656 -0.2417299896478653 195.96337890625
v 79.345283508300781 -0.2417299896478653 195.96337890625
v 84.254493713378906 -0.2417299896478653 195.96337890625
v 89.163703918457031 -0.2417299896478653 195.96337890625
v 94.072914123535156 -0.2417299896478653 195.96339416503906
v 98.982124328613281 -0.2417299896478653 195.96339416503906
v 103.89133453369141 -0.2417299896478653 195.96339416503906
v 108.80054473876953 -0.2417299896478653 195.96339416503906
v 113.70976257324219 -0.2417299896478653 195.96339416503906
v 118.61897277832031 -0.2417299896478653 195.96339416503906
v 123.52818298339844 -0.2417299896478653 195.96339416503906
v 128.43739318847656 -0.2417299896478653 195.96339416503906
v 133.34660339355469 -0.2417299896478653 195.96339416503906
v 138.25581359863281 -0.2417299896478653 195.96339416503906
v 143.16502380371094 -0.2417299896478653 195.96339416503906
v 148.07423400878906 -0.2417299896478653 195.96339416503906
v 152.98344421386719 -0.2417299747467041 195.96339416503906
v 157.89265441894531 -0.2417299747467041 195.96340942382813
v 162.80186462402344 -0.2417299747467041 195.96340942382813
v 167.71107482910156 -0.2417299747467041 195.96340942382813
v 172.62028503417969 -0.2417299747467041 195.96340942382813
v 177.52951049804688 -0.2417299747467041 195.96340942382813
v 182.438720703125 -0.2417299747467041 195.96340942382813
v 187.34793090820313 -0.2417299747467041 195.96340942382813
v 192.25714111328125 -0.2417299747467041 195.96340942382813
v 197.16635131835938 -0.2417299747467041 195.96340942382813
v 202.0755615234375 -0.2417299747467041 195.96340942382813
v 206.98477172851563 -0.2417299747467041 195.96340942382813
v 211.89398193359375 -0.2417299747467041 195.96340942382813
v 216.80319213867188 -0.2417299747467041 195.96340942382813
v 221.71240234375 -0.2417299747467041 195.96342468261719
v 226.62161254882813 -0.2417299747467041 195.96342468261719
v 231.53082275390625 -0.2417299747467041 195.96342468261719
v 236.44003295898438 -0.2417299747467041 195.96342468261719
v 241.3492431640625 -0.2417299747467041 195.96342468261719
v 246.25845336914063 -0.2417299747467041 195.96342468261719
v 251.16766357421875 -0.24172995984554291 195.96342468261719
v 256.07687377929688 -0.24172995984554291 195.96342468261719
v 260.986083984375 -0.24172995984554291 195.96342468261719
v 265.89529418945313 -0.24172995984554291 195.96342468261719
v 270.80450439453125 -0.24172995984554291 195.96342468261719
v 275.71371459960938 -0.24172995984554291 195.96342468261719
v 280.6229248046875 -0.24172995984554291 195.96342468261719
v 285.53213500976563 -0.24172995984554291 195.96343994140625
v 290.44134521484375 -0.24172995984554291 195.96343994140625
v 295.35055541992188 -0.24172995984554291 195.96343994140625
v 300.25979614257813 -0.24172995984554291 195.96343994140625
v 305.16900634765625 -0.24172995984554291 195.96343994140625
v 310.05050659179688 -1.6049643754959106 -191.00106811523438
v 310.05087280273438 -1.6017177104949951 -186.03997802734375
v 310.05120849609375 -1.59847092628479 -181.07888793945313
v 310.05157470703125 -1.595224142074585 -176.11778259277344
v 310.05194091796875 -1.5919774770736694 -171.15669250488281
v 310.05227661132813 -1.5887306928634644 -166.19560241699219
v 310.05264282226563 -1.5854840278625488 -161.23451232910156
v 310.052978515625 -1.5822372436523438 -156.27342224121094
v 310.0533447265625 -1.5789905786514282 -151.31231689453125
v 310.0537109375 -1.5757437944412231 -146.35122680664063
v 310.05404663085938 -1.5724970102310181 -141.39013671875
v 310.05441284179688 -1.5692503452301025 -136.42904663085938
v 310.05477905273438 -1.5660035610198975 -131.46795654296875
v 310.05511474609375 -1.5627568960189819 -126.50685882568359
v 310.05548095703125 -1.5595101118087769 -121.54576873779297
v 310.05584716796875 -1.5562634468078613 -116.58467864990234
v 310.05618286132813 -1.5530166625976563 -111.62358093261719
v 310.05654907226563 -1.5497698783874512 -106.66249084472656
v 310.056884765625 -1.5465232133865356 -101.70140075683594
v 310.0572509765625 -1.5432764291763306 -96.740303039550781
v 310.0576171875 -1.540029764175415 -91.779212951660156
v 310.05795288085938 -1.53678297996521 -86.818122863769531
v 310.05831909179688 -1.5335363149642944 -81.857025146484375
v 310.05868530273438 -1.5302895307540894 -76.89593505859375
v 310.05902099609375 -1.5270427465438843 -71.934844970703125
v 310.05938720703125 -1.5237960815429688 -66.973747253417969
v 310.05975341796875 -1.5205492973327637 -62.012657165527344
v 310.06008911132813 -1.5173026323318481 -57.051563262939453
v 310.06045532226563 -1.5140558481216431 -52.090469360351563
v 310.060791015625 -1.5108091831207275 -47.129379272460938
v 310.0611572265625 -1.5075623989105225 -42.168285369873047
v 310.0615234375 -1.5043156147003174 -37.207191467285156
v 310.06185913085938 -1.5010689496994019 -32.246101379394531
v 310.06222534179688 -1.4978221654891968 -27.285007476806641
v 310.06259155273438 -1.4945755004882813 -22.32391357421875
v 310.06292724609375 -1.4913287162780762 -17.362821578979492
v 310.06329345703125 -1.4880820512771606 -12.401728630065918
v 310.06365966796875 -1.4848352670669556 -7.440636157989502
v 310.06399536132813 -1.4815884828567505 -2.4795434474945068
v 310.06436157226563 -1.478341817855835 2.4815492630004883
v 310.064697265625 -1.4750950336456299 7.4426422119140625
v 310.0650634765625 -1.4718483686447144 12.403735160827637
v 310.0654296875 -1.4686015844345093 17.364828109741211
v 310.06576538085938 -1.4653549194335938 22.325920104980469
v 310.06613159179688 -1.4621081352233887 27.287012100219727
v 310.06649780273438 -1.4588613510131836 32.248104095458984
v 310.06683349609375 -1.4556146860122681 37.209197998046875
v 310.06719970703125 -1.452367901802063 42.170291900634766
v 310.06756591796875 -1.4491212368011475 47.131381988525391
v 310.06790161132813 -1.4458744525909424 52.092475891113281
v 310.06826782226563 -1.4426277875900269 57.053569793701172
v 310.068603515625 -1.4393810033798218 62.014659881591797
v 310.0689697265625 -1.4361342191696167 66.975753784179688
v 310.0693359375 -1.4328875541687012 71.936843872070313
v 310.06967163085938 -1.4296407699584961 76.897941589355469
v 310.07003784179688 -1.4263941049575806 81.859031677246094
v 310.07040405273438 -1.4231473207473755 86.820121765136719
v 310.07073974609375 -1.41990065574646 91.781219482421875
v 310.07110595703125 -1.4166538715362549 96.7423095703125
v 310.07144165039063 -1.4134070873260498 101.70339965820313
v 310.07180786132813 -1.4101604223251343 106.66449737548828
v 310.07217407226563 -1.4069136381149292 111.62558746337891
v 310.072509765625 -1.4036669731140137 116.58668518066406
v 310.0728759765625 -1.4004201889038086 121.54777526855469
v 310.0732421875 -1.3971735239028931 126.50886535644531
v 310.07357788085938 -1.393926739692688 131.46995544433594
v 310.07394409179688 -1.3906799554824829 136.43104553222656
v 310.07431030273438 -1.3874332904815674 141.39215087890625
v 310.07464599609375 -1.3841865062713623 146.35324096679688
v 310.07501220703125 -1.3809398412704468 151.3143310546875
v 310.07534790039063 -1.3776930570602417 156.27542114257813
v 310.07571411132813 -1.3744463920593262 161.23651123046875
v 310.07608032226563 -1.3711996078491211 166.19760131835938
v 310.076416015625 -1.367952823638916 171.15870666503906
v 310.0767822265625 -1.3647061586380005 176.11979675292969
v 310.0771484375 -1.3614593744277954 181.08088684082031
v 310.07748413085938 -1.3582127094268799 186.04197692871094
v 310.07785034179688 -1.3549659252166748 191.00306701660156
v 310.07785034179688 -0.24497668445110321 191.00234985351563
v 310.07748413085938 -0.24822342395782471 186.041259765625
v 310.0771484375 -0.25147014856338501 181.08015441894531
v 310.0767822265625 -0.2547169029712677 176.11906433105469
v 310.076416015625 -0.257963627576828 171.15797424316406
v 310.07608032226563 -0.26121035218238831 166.19688415527344
v 310.07571411132813 -0.26445707678794861 161.23579406738281
v 310.07534790039063 -0.2677038311958313 156.27470397949219
v 310.07501220703125 -0.2709505558013916 151.3135986328125
v 310.07464599609375 -0.2741972804069519 146.35250854492188
v 310.07431030273438 -0.27744403481483459 141.39141845703125
v 310.07394409179688 -0.2806907594203949 136.43032836914063
v 310.07357788085938 -0.2839374840259552 131.46923828125
v 310.0732421875 -0.2871842086315155 126.50814056396484
v 310.0728759765625 -0.29043096303939819 121.54705047607422
v 310.072509765625 -0.2936776876449585 116.58595275878906
v 310.07217407226563 -0.2969244122505188 111.62486267089844
v 310.07180786132813 -0.30017116665840149 106.66377258300781
v 310.07144165039063 -0.30341789126396179 101.70267486572266
v 310.07110595703125 -0.30666461586952209 96.741584777832031
v 310.07073974609375 -0.3099113404750824 91.780494689941406
v 310.07040405273438 -0.31315809488296509 86.81939697265625
v 310.07003784179688 -0.31640481948852539 81.858306884765625
v 310.06967163085938 -0.31965154409408569 76.897216796875
v 310.0693359375 -0.32289829850196838 71.936119079589844
v 310.0689697265625 -0.32614502310752869 66.975028991699219
v 310.068603515625 -0.32939174771308899 62.013935089111328
v 310.06826782226563 -0.33263847231864929 57.052841186523438
v 310.06790161132813 -0.33588522672653198 52.091751098632813
v 310.06756591796875 -0.33913195133209229 47.130657196044922
v 310.06719970703125 -0.34237867593765259 42.169563293457031
v 310.06683349609375 -0.34562540054321289 37.208473205566406
v 310.06649780273438 -0.34887215495109558 32.247379302978516
v 310.06613159179688 -0.35211887955665588 27.286287307739258
v 310.06576538085938 -0.35536560416221619 22.325193405151367
v 310.0654296875 -0.35861235857009888 17.364101409912109
v 310.0650634765625 -0.36185908317565918 12.403008460998535
v 310.064697265625 -0.36510580778121948 7.4419155120849609
v 310.06436157226563 -0.36835253238677979 2.4808230400085449
v 310.06399536132813 -0.37159928679466248 -2.4802696704864502
v 310.06365966796875 -0.37484601140022278 -7.4413623809814453
v 310.06329345703125 -0.37809273600578308 -12.40245532989502
v 310.06292724609375 -0.38133949041366577 -17.363548278808594
v 310.06259155273438 -0.38458621501922607 -22.324640274047852
v 310.06222534179688 -0.38783293962478638 -27.285732269287109
v 310.06185913085938 -0.39107966423034668 -32.246826171875
v 310.0615234375 -0.39432641863822937 -37.207920074462891
v 310.0611572265625 -0.39757314324378967 -42.169010162353516
v 310.060791015625 -0.40081986784934998 -47.130104064941406
v 310.06045532226563 -0.40406662225723267 -52.091197967529297
v 310.06008911132813 -0.40731334686279297 -57.052288055419922
v 310.05975341796875 -0.41056007146835327 -62.013381958007813
v 310.05938720703125 -0.41380679607391357 -66.974472045898438
v 310.05902099609375 -0.41705355048179626 -71.935569763183594
v 310.05868530273438 -0.42030027508735657 -76.896659851074219
v 310.05831909179688 -0.42354699969291687 -81.857749938964844
v 310.05795288085938 -0.42679375410079956 -86.81884765625
v 310.0576171875 -0.43004047870635986 -91.779937744140625
v 310.0572509765625 -0.43328720331192017 -96.74102783203125
v 310.056884765625 -0.43653392791748047 -101.70212554931641
v 310.05654907226563 -0.43978068232536316 -106.66321563720703
v 310.05618286132813 -0.44302740693092346 -111.62430572509766
v 310.05584716796875 -0.44627413153648376 -116.58540344238281
v 310.05548095703125 -0.44952088594436646 -121.54649353027344
v 310.05511474609375 -0.45276761054992676 -126.50758361816406
v 310.05477905273438 -0.45601433515548706 -131.46867370605469
v 310.05441284179688 -0.45926105976104736 -136.42977905273438
v 310.05404663085938 -0.46250781416893005 -141.390869140625
v 310.0537109375 -0.46575453877449036 -146.35195922851563
v 310.0533447265625 -0.46900126338005066 -151.31304931640625
v 310.052978515625 -0.47224801778793335 -156.27413940429688
v 310.05264282226563 -0.47549474239349365 -161.2352294921875
v 310.05227661132813 -0.47874146699905396 -166.19633483886719
v 310.05194091796875 -0.48198819160461426 -171.15742492675781
v 310.05157470703125 -0.48523494601249695 -176.11851501464844
v 310.05120849609375 -0.48848167061805725 -181.07960510253906
v 310.05087280273438 -0.49172839522361755 -186.04069519042969
v 310.05050659179688 -0.49497514963150024 -191.00178527832031
v 0.7979046106338501 -0.80107367038726807 189.31831359863281
v 0.79790735244750977 -0.80977171659469604 176.02749633789063
v 0.79798024892807007 -1.0402696132659912 -176.17939758300781
v 0.79798299074172974 -1.048967719078064 -189.47021484375
v 0.79798364639282227 -1.0511422157287598 -192.79292297363281
v 0.79798299074172974 -1.3264650106430054 -189.47004699707031
v 0.79798364639282227 -1.3286395072937012 -192.79273986816406
v 0.79798299074172974 -0.77147036790847778 -189.47039794921875
v 0.79798364639282227 -0.77364486455917358 -192.79310607910156
v 0.7979046106338501 -0.52357631921768188 189.31813049316406
v 0.79790389537811279 -0.79889911413192749 192.64102172851563
v 0.79790389537811279 -0.52140182256698608 192.64083862304688
v 0.7979046106338501 -1.0785709619522095 189.31849670410156
v 0.79790389537811279 -1.0763964653015137 192.64120483398438
v 0.79790425300598145 -1.3549660444259644 191.00300598144531
v 0.79790526628494263 -1.3582127094268799 186.04190063476563
v 0.79790627956390381 -1.361459493637085 181.080810546875
v 0.79790735244750977 -1.3647061586380005 176.11972045898438
v 0.79790836572647095 -1.3679529428482056 171.15863037109375
v 0.79790937900543213 -1.3711996078491211 166.19754028320313
v 0.79791039228439331 -1.3744463920593262 161.2364501953125
v 0.79791140556335449 -1.3776931762695313 156.27536010742188
v 0.79791247844696045 -1.3809398412704468 151.31427001953125
v 0.79791349172592163 -1.3841866254806519 146.35317993164063
v 0.79791450500488281 -1.3874332904815674 141.39207458496094
v 0.79791551828384399 -1.3906800746917725 136.43098449707031
v 0.79791659116744995 -1.393926739692688 131.46989440917969
v 0.79791760444641113 -1.3971735239028931 126.50880432128906
v 0.79791861772537231 -1.4004201889038086 121.54771423339844
v 0.7979196310043335 -1.4036669731140137 116.58662414550781
v 0.79792064428329468 -1.4069137573242188 111.62553405761719
v 0.79792171716690063 -1.4101604223251343 106.66443634033203
v 0.79792273044586182 -1.4134072065353394 101.70334625244141
v 0.797923743724823 -1.4166538715362549 96.742256164550781
v 0.79792475700378418 -1.41990065574646 91.781166076660156
v 0.79792582988739014 -1.4231473207473755 86.820075988769531
v 0.79792684316635132 -1.4263941049575806 81.858978271484375
v 0.7979278564453125 -1.4296408891677856 76.89788818359375
v 0.79792886972427368 -1.4328875541687012 71.936798095703125
v 0.79792988300323486 -1.4361343383789063 66.9757080078125
v 0.79793095588684082 -1.4393810033798218 62.014614105224609
v 0.797931969165802 -1.4426277875900269 57.053520202636719
v 0.79793298244476318 -1.4458744525909424 52.092430114746094
v 0.79793399572372437 -1.4491212368011475 47.131336212158203
v 0.79793506860733032 -1.4523680210113525 42.170246124267578
v 0.7979360818862915 -1.4556146860122681 37.209156036376953
v 0.79793709516525269 -1.4588614702224731 32.248062133789063
v 0.79793810844421387 -1.4621081352233887 27.286970138549805
v 0.79793918132781982 -1.4653549194335938 22.32588005065918
v 0.79794019460678101 -1.4686015844345093 17.364788055419922
v 0.79794120788574219 -1.4718483686447144 12.403696060180664
v 0.79794222116470337 -1.4750950336456299 7.4426040649414063
v 0.79794323444366455 -1.478341817855835 2.4815120697021484
v 0.79794430732727051 -1.48158860206604 -2.4795796871185303
v 0.79794532060623169 -1.4848352670669556 -7.440671443939209
v 0.79794633388519287 -1.4880820512771606 -12.401762962341309
v 0.79794734716415405 -1.4913287162780762 -17.36285400390625
v 0.79794842004776001 -1.4945755004882813 -22.323945999145508
v 0.79794943332672119 -1.4978221654891968 -27.285037994384766
v 0.79795044660568237 -1.5010689496994019 -32.246131896972656
v 0.79795145988464355 -1.5043157339096069 -37.207221984863281
v 0.79795247316360474 -1.5075623989105225 -42.168312072753906
v 0.79795354604721069 -1.5108091831207275 -47.129405975341797
v 0.79795455932617188 -1.5140558481216431 -52.090496063232422
v 0.79795557260513306 -1.5173026323318481 -57.051589965820313
v 0.79795658588409424 -1.5205492973327637 -62.012680053710938
v 0.7979576587677002 -1.5237960815429688 -66.973770141601563
v 0.79795867204666138 -1.5270428657531738 -71.934867858886719
v 0.79795968532562256 -1.5302895307540894 -76.895957946777344
v 0.79796069860458374 -1.5335363149642944 -81.857048034667969
v 0.79796171188354492 -1.53678297996521 -86.818138122558594
v 0.79796278476715088 -1.540029764175415 -91.779228210449219
v 0.79796379804611206 -1.5432764291763306 -96.740325927734375
v 0.79796481132507324 -1.5465232133865356 -101.701416015625
v 0.79796582460403442 -1.5497699975967407 -106.66250610351563
v 0.79796689748764038 -1.5530166625976563 -111.62359619140625
v 0.79796791076660156 -1.5562634468078613 -116.58469390869141
v 0.79796892404556274 -1.5595101118087769 -121.54578399658203
v 0.79796993732452393 -1.5627568960189819 -126.50687408447266
v 0.79797101020812988 -1.5660035610198975 -131.46797180175781
v 0.79797202348709106 -1.5692503452301025 -136.42906188964844
v 0.79797303676605225 -1.5724970102310181 -141.39015197753906
v 0.79797405004501343 -1.5757437944412231 -146.35124206542969
v 0.79797506332397461 -1.5789905786514282 -151.31233215332031
v 0.79797613620758057 -1.5822372436523438 -156.27342224121094
v 0.79797714948654175 -1.5854840278625488 -161.23451232910156
v 0.79797816276550293 -1.5887306928634644 -166.19560241699219
v 0.79797917604446411 -1.5919774770736694 -171.15669250488281
v 0.79798024892807007 -1.595224142074585 -176.1177978515625
v 0.79798126220703125 -1.59847092628479 -181.07888793945313
v 0.79798227548599243 -1.6017177104949951 -186.03997802734375
v 0.79798328876495361 -1.6049643754959106 -191.00106811523438
v 0.79798328876495361 -0.49497514963150024 -191.00180053710938
v 0.79798227548599243 -0.49172839522361755 -186.04069519042969
v 0.79798126220703125 -0.48848167061805725 -181.07960510253906
v 0.79798024892807007 -0.48523494601249695 -176.11851501464844
v 0.79797917604446411 -0.48198819160461426 -171.15742492675781
v 0.79797816276550293 -0.47874146699905396 -166.19633483886719
v 0.79797714948654175 -0.47549474239349365 -161.23524475097656
v 0.79797613620758057 -0.47224801778793335 -156.27415466308594
v 0.79797506332397461 -0.46900126338005066 -151.31306457519531
v 0.79797405004501343 -0.46575453877449036 -146.35197448730469
v 0.79797303676605225 -0.46250781416893005 -141.390869140625
v 0.79797202348709106 -0.45926108956336975 -136.42977905273438
v 0.79797101020812988 -0.45601433515548706 -131.46868896484375
v 0.79796993732452393 -0.45276761054992676 -126.50759887695313
v 0.79796892404556274 -0.44952088594436646 -121.5465087890625
v 0.79796791076660156 -0.44627416133880615 -116.58541870117188
v 0.79796689748764038 -0.44302740693092346 -111.62432861328125
v 0.79796582460403442 -0.43978068232536316 -106.66323089599609
v 0.79796481132507324 -0.43653395771980286 -101.70214080810547
v 0.79796379804611206 -0.43328723311424255 -96.741050720214844
v 0.79796278476715088 -0.43004047870635986 -91.779960632324219
v 0.79796171188354492 -0.42679375410079956 -86.818862915039063
v 0.79796069860458374 -0.42354702949523926 -81.857772827148438
v 0.79795968532562256 -0.42030027508735657 -76.896682739257813
v 0.79795867204666138 -0.41705355048179626 -71.935592651367188
v 0.7979576587677002 -0.41380682587623596 -66.974502563476563
v 0.79795658588409424 -0.41056010127067566 -62.013408660888672
v 0.79795557260513306 -0.40731334686279297 -57.052314758300781
v 0.79795455932617188 -0.40406662225723267 -52.091224670410156
v 0.79795354604721069 -0.40081989765167236 -47.130130767822266
v 0.79795247316360474 -0.39757317304611206 -42.169040679931641
v 0.79795145988464355 -0.39432641863822937 -37.20794677734375
v 0.79795044660568237 -0.39107969403266907 -32.246856689453125
v 0.79794943332672119 -0.38783296942710876 -27.285764694213867
v 0.79794842004776001 -0.38458624482154846 -22.324672698974609
v 0.79794734716415405 -0.38133949041366577 -17.363580703735352
v 0.79794633388519287 -0.37809276580810547 -12.40248966217041
v 0.79794532060623169 -0.37484604120254517 -7.4413976669311523
v 0.79794430732727051 -0.37159931659698486 -2.4803059101104736
v 0.79794323444366455 -0.36835256218910217 2.4807858467102051
v 0.79794222116470337 -0.36510583758354187 7.4418773651123047
v 0.79794120788574219 -0.36185911297798157 12.402969360351563
v 0.79794019460678101 -0.35861238837242126 17.36406135559082
v 0.79793918132781982 -0.35536563396453857 22.325153350830078
v 0.79793810844421387 -0.35211890935897827 27.286245346069336
v 0.79793709516525269 -0.34887218475341797 32.247337341308594
v 0.7979360818862915 -0.34562543034553528 37.208427429199219
v 0.79793506860733032 -0.34237870573997498 42.169521331787109
v 0.79793399572372437 -0.33913198113441467 47.130611419677734
v 0.79793298244476318 -0.33588525652885437 52.091705322265625
v 0.797931969165802 -0.33263850212097168 57.05279541015625
v 0.79793095588684082 -0.32939177751541138 62.013885498046875
v 0.79792988300323486 -0.32614505290985107 66.9749755859375
v 0.79792886972427368 -0.32289832830429077 71.936073303222656
v 0.7979278564453125 -0.31965157389640808 76.897163391113281
v 0.79792684316635132 -0.31640484929084778 81.858253479003906
v 0.79792582988739014 -0.31315812468528748 86.819343566894531
v 0.79792475700378418 -0.30991140007972717 91.780441284179688
v 0.797923743724823 -0.30666464567184448 96.741531372070313
v 0.79792273044586182 -0.30341792106628418 101.70262145996094
v 0.79792171716690063 -0.30017119646072388 106.66371154785156
v 0.79792064428329468 -0.29692447185516357 111.62480163574219
v 0.7979196310043335 -0.29367771744728088 116.58589935302734
v 0.79791861772537231 -0.29043099284172058 121.54698944091797
v 0.79791760444641113 -0.28718426823616028 126.50807952880859
v 0.79791659116744995 -0.28393751382827759 131.46917724609375
v 0.79791551828384399 -0.28069078922271729 136.43026733398438
v 0.79791450500488281 -0.27744406461715698 141.391357421875
v 0.79791349172592163 -0.27419734001159668 146.35244750976563
v 0.79791247844696045 -0.27095058560371399 151.31353759765625
v 0.79791140556335449 -0.26770386099815369 156.27462768554688
v 0.79791039228439331 -0.26445713639259338 161.2357177734375
v 0.79790937900543213 -0.26121041178703308 166.19680786132813
v 0.79790836572647095 -0.25796365737915039 171.15791320800781
v 0.79790735244750977 -0.25471693277359009 176.11900329589844
v 0.79790627956390381 -0.25147020816802979 181.08009338378906
v 0.79790526628494263 -0.24822346866130829 186.04118347167969
v 0.79790425300598145 -0.24497674405574799 191.00227355957031
v 0.79790735244750977 -0.53227436542510986 176.02731323242188
v 0.79790663719177246 -0.80759716033935547 179.35018920898438
v 0.79790663719177246 -0.53009986877441406 179.35002136230469
v 0.79790735244750977 -1.0872689485549927 176.02766418457031
v 0.79790663719177246 -1.0850944519042969 179.35037231445313
v 0.7979046106338501 -0.38482767343521118 189.31803894042969
v 0.79790490865707397 -0.52466356754302979 187.65678405761719
v 0.79790490865707397 -0.38591492176055908 187.65669250488281
v 0.79790663719177246 -0.39135119318962097 179.34992980957031
v 0.79790633916854858 -0.52901262044906616 181.01136779785156
v 0.79790633916854858 -0.39026394486427307 181.01127624511719
v 0.7979809045791626 -1.042444109916687 -179.50210571289063
v 0.79798024892807007 -1.3177669048309326 -176.17921447753906
v 0.7979809045791626 -1.319941520690918 -179.50192260742188
v 0.79798024892807007 -0.7627723217010498 -176.17958068847656
v 0.7979809045791626 -0.76494681835174561 -179.50228881835938
v 0.7979809045791626 -0.6261981725692749 -179.50238037109375
v 0.79798126220703125 -0.76603406667709351 -181.16363525390625
v 0.79798126220703125 -0.6272854208946228 -181.16372680664063
v 0.79798299074172974 -0.63272172212600708 -189.47048950195313
v 0.79798263311386108 -0.77038311958312988 -187.80905151367188
v 0.79798263311386108 -0.63163447380065918 -187.80914306640625
v 0.79791009426116943 -0.81846970319747925 162.73666381835938
v 0.79791146516799927 -0.82281875610351563 156.09124755859375
v 0.7979128360748291 -0.82716774940490723 149.44583129882813
v 0.79791557788848877 -0.83586579561233521 136.15501403808594
v 0.79791420698165894 -0.8315168023109436 142.80043029785156
v 0.7979169487953186 -0.84021478891372681 129.50959777832031
v 0.79791831970214844 -0.84456384181976318 122.86418914794922
v 0.79791969060897827 -0.84891283512115479 116.21877288818359
v 0.79792112112045288 -0.85326188802719116 109.57335662841797
v 0.79792386293411255 -0.86195987462997437 96.28253173828125
v 0.79792249202728271 -0.85761088132858276 102.92794799804688
v 0.79792523384094238 -0.86630892753601074 89.637123107910156
v 0.79792797565460205 -0.87500697374343872 76.346298217773438
v 0.79792660474777222 -0.87065792083740234 82.991706848144531
v 0.79792934656143188 -0.87935596704483032 69.700881958007813
v 0.79793071746826172 -0.8837050199508667 63.055469512939453
v 0.79793345928192139 -0.8924030065536499 49.764644622802734
v 0.79793208837509155 -0.8880540132522583 56.410057067871094
v 0.79793620109558105 -0.90110105276107788 36.47381591796875
v 0.79793483018875122 -0.89675205945968628 43.119232177734375
v 0.79793757200241089 -0.90545010566711426 29.828405380249023
v 0.79794037342071533 -0.91414809226989746 16.537578582763672
v 0.7979390025138855 -0.90979909896850586 23.182991027832031
v 0.79794174432754517 -0.91849714517593384 9.8921661376953125
v 0.797943115234375 -0.92284613847732544 3.2467529773712158
v 0.79794448614120483 -0.92719519138336182 -3.3986599445343018
v 0.7979472279548645 -0.93589323759078979 -16.689485549926758
v 0.79794585704803467 -0.93154418468475342 -10.044073104858398
v 0.79794859886169434 -0.9402422308921814 -23.334897994995117
v 0.797951340675354 -0.94894027709960938 -36.625724792480469
v 0.79794996976852417 -0.944591224193573 -29.980312347412109
v 0.79795271158218384 -0.95328927040100098 -43.271137237548828
v 0.79795545339584351 -0.96198731660842896 -56.561962127685547
v 0.79795408248901367 -0.95763832330703735 -49.916549682617188
v 0.79795688390731812 -0.96633630990982056 -63.207374572753906
v 0.79795962572097778 -0.97503435611724854 -76.498199462890625
v 0.79795825481414795 -0.97068536281585693 -69.852790832519531
v 0.79796099662780762 -0.97938340902328491 -83.14361572265625
v 0.79796236753463745 -0.98373240232467651 -89.789024353027344
v 0.79796373844146729 -0.98808145523071289 -96.434440612792969
v 0.79796510934829712 -0.99243044853210449 -103.07985687255859
v 0.79796648025512695 -0.99677944183349609 -109.72526550292969
v 0.79796922206878662 -1.0054775476455688 -123.01609039306641
v 0.79796785116195679 -1.0011284351348877 -116.37068176269531
v 0.79797059297561646 -1.0098265409469604 -129.6614990234375
v 0.79797196388244629 -1.0141755342483521 -136.30691528320313
v 0.79797333478927612 -1.0185245275497437 -142.95233154296875
v 0.7979775071144104 -1.031571626663208 -162.88856506347656
v 0.79797613620758057 -1.0272226333618164 -156.2431640625
v 0.79797887802124023 -1.0359206199645996 -169.53398132324219
v 0.79797470569610596 -1.0228735208511353 -149.59774780273438
v 155.43804931640625 -1.4799652099609375 0.0010029880795627832
v 155.43803405761719 -1.5440881252288818 -97.980583190917969
v 78.117965698242188 -1.4799652099609375 0.0010076540056616068
v 78.117958068847656 -1.5440881252288818 -97.980575561523438
v 78.117958068847656 -1.576149582862854 -146.97137451171875
v 39.457923889160156 -1.5440881252288818 -97.980575561523438
v 39.457920074462891 -1.576149582862854 -146.97137451171875
v 39.457920074462891 -1.5921803712844849 -171.46676635742188
v 20.127901077270508 -1.576149582862854 -146.97137451171875
v 20.127899169921875 -1.5921803712844849 -171.46676635742188
v 20.127899169921875 -1.6001957654953003 -183.71446228027344
v 10.462890625 -1.5921803712844849 -171.46676635742188
v 10.462889671325684 -1.6001957654953003 -183.71446228027344
v 10.462889671325684 -1.604203462600708 -189.83830261230469
v 5.6303849220275879 -1.6001957654953003 -183.71446228027344
v 5.6303844451904297 -1.604203462600708 -189.83830261230469
v 20.127899169921875 -1.604203462600708 -189.83831787109375
v 15.295393943786621 -1.6001957654953003 -183.71446228027344
v 15.295393943786621 -1.604203462600708 -189.83831787109375
v 39.457916259765625 -1.6001957654953003 -183.71446228027344
v 29.792909622192383 -1.5921803712844849 -171.46676635742188
v 29.79290771484375 -1.6001957654953003 -183.71446228027344
v 78.117958068847656 -1.5921803712844849 -171.46676635742188
v 58.787937164306641 -1.576149582862854 -146.97137451171875
v 58.787937164306641 -1.5921803712844849 -171.46676635742188
v 155.43803405761719 -1.576149582862854 -146.97137451171875
v 116.77799987792969 -1.5440881252288818 -97.980583190917969
v 116.77799224853516 -1.576149582862854 -146.97137451171875
v 232.75811767578125 -1.4799652099609375 0.00099832215346395969
v 232.75811767578125 -1.5440881252288818 -97.9805908203125
v 29.79290771484375 -1.604203462600708 -189.83831787109375
v 24.960403442382813 -1.6001957654953003 -183.71446228027344
v 24.960403442382813 -1.604203462600708 -189.83831787109375
v 39.457916259765625 -1.604203462600708 -189.83831787109375
v 34.625411987304688 -1.6001957654953003 -183.71446228027344
v 34.625411987304688 -1.604203462600708 -189.83831787109375
v 58.787937164306641 -1.6001957654953003 -183.71446228027344
v 49.122928619384766 -1.5921803712844849 -171.46676635742188
v 49.122928619384766 -1.6001957654953003 -183.71446228027344
v 49.122928619384766 -1.604203462600708 -189.83831787109375
v 44.290424346923828 -1.6001957654953003 -183.71446228027344
v 44.290420532226563 -1.604203462600708 -189.83831787109375
v 58.787937164306641 -1.604203462600708 -189.83831787109375
v 53.955432891845703 -1.6001957654953003 -183.71446228027344
v 53.955432891845703 -1.604203462600708 -189.83831787109375
v 78.117958068847656 -1.6001957654953003 -183.71446228027344
v 68.452949523925781 -1.5921803712844849 -171.46676635742188
v 68.452949523925781 -1.6001957654953003 -183.71446228027344
v 116.77799224853516 -1.5921803712844849 -171.46676635742188
v 97.447975158691406 -1.576149582862854 -146.97137451171875
v 97.447975158691406 -1.5921803712844849 -171.46676635742188
v 68.45294189453125 -1.604203462600708 -189.83831787109375
v 63.620441436767578 -1.6001957654953003 -183.71446228027344
v 63.620441436767578 -1.604203462600708 -189.83831787109375
v 78.117958068847656 -1.604203462600708 -189.83831787109375
v 73.285453796386719 -1.6001957654953003 -183.71446228027344
v 73.285453796386719 -1.604203462600708 -189.83831787109375
v 97.447975158691406 -1.6001957654953003 -183.71446228027344
v 87.782966613769531 -1.5921803712844849 -171.46676635742188
v 87.782966613769531 -1.6001957654953003 -183.71446228027344
v 87.782966613769531 -1.604203462600708 -189.83831787109375
v 82.950462341308594 -1.6001957654953003 -183.71446228027344
v 82.950462341308594 -1.604203462600708 -189.83831787109375
v 97.447975158691406 -1.604203462600708 -189.83831787109375
v 92.615470886230469 -1.6001957654953003 -183.71446228027344
v 92.615470886230469 -1.604203462600708 -189.83831787109375
v 116.77799224853516 -1.6001957654953003 -183.71446228027344
v 107.11298370361328 -1.5921803712844849 -171.46676635742188
v 107.11298370361328 -1.6001957654953003 -183.71446228027344
v 155.43803405761719 -1.5921803712844849 -171.46676635742188
v 136.10801696777344 -1.576149582862854 -146.97137451171875
v 136.10801696777344 -1.5921803712844849 -171.46676635742188
v 232.75810241699219 -1.576149582862854 -146.97137451171875
v 194.09806823730469 -1.5440881252288818 -97.980583190917969
v 194.09806823730469 -1.576149582862854 -146.97137451171875
v 107.11298370361328 -1.604203462600708 -189.83831787109375
v 102.28047943115234 -1.6001957654953003 -183.71446228027344
v 102.28047943115234 -1.604203462600708 -189.83831787109375
v 116.77799224853516 -1.604203462600708 -189.83831787109375
v 111.94548797607422 -1.6001957654953003 -183.71446228027344
v 111.94548797607422 -1.604203462600708 -189.83831787109375
v 136.10801696777344 -1.6001957654953003 -183.71446228027344
v 126.44300079345703 -1.5921803712844849 -171.46676635742188
v 126.44300079345703 -1.6001957654953003 -183.71446228027344
v 126.44300079345703 -1.604203462600708 -189.83831787109375
v 121.61049652099609 -1.6001957654953003 -183.71446228027344
v 121.61049652099609 -1.604203462600708 -189.83831787109375
v 136.10801696777344 -1.604203462600708 -189.83831787109375
v 131.2755126953125 -1.6001957654953003 -183.71446228027344
v 131.2755126953125 -1.604203462600708 -189.83831787109375
v 155.43803405761719 -1.6001957654953003 -183.71446228027344
v 145.77302551269531 -1.5921803712844849 -171.46676635742188
v 145.77302551269531 -1.6001957654953003 -183.71446228027344
v 194.09806823730469 -1.5921803712844849 -171.46676635742188
v 174.76805114746094 -1.576149582862854 -146.97137451171875
v 174.76805114746094 -1.5921803712844849 -171.46676635742188
v 145.77302551269531 -1.604203462600708 -189.83831787109375
v 140.94052124023438 -1.6001957654953003 -183.71446228027344
v 140.94052124023438 -1.604203462600708 -189.83831787109375
v 155.43803405761719 -1.604203462600708 -189.83831787109375
v 150.60552978515625 -1.6001957654953003 -183.71446228027344
v 150.60552978515625 -1.604203462600708 -189.83831787109375
v 174.76805114746094 -1.6001957654953003 -183.7144775390625
v 165.10304260253906 -1.5921803712844849 -171.46676635742188
v 165.10304260253906 -1.6001957654953003 -183.7144775390625
v 165.10304260253906 -1.604203462600708 -189.83831787109375
v 160.27053833007813 -1.6001957654953003 -183.7144775390625
v 160.27053833007813 -1.604203462600708 -189.83831787109375
v 174.76805114746094 -1.604203462600708 -189.83831787109375
v 169.935546875 -1.6001957654953003 -183.7144775390625
v 169.935546875 -1.604203462600708 -189.83831787109375
v 194.09806823730469 -1.6001957654953003 -183.7144775390625
v 184.43305969238281 -1.5921803712844849 -171.46676635742188
v 184.43305969238281 -1.6001957654953003 -183.7144775390625
v 232.75810241699219 -1.5921803712844849 -171.46678161621094
v 213.42808532714844 -1.576149582862854 -146.97137451171875
v 213.42808532714844 -1.5921803712844849 -171.46678161621094
v 271.41815185546875 -1.5440881252288818 -97.9805908203125
v 271.41815185546875 -1.5761497020721436 -146.97138977050781
v 184.43305969238281 -1.604203462600708 -189.83831787109375
v 179.60055541992188 -1.6001957654953003 -183.7144775390625
v 179.60055541992188 -1.604203462600708 -189.83831787109375
v 194.09806823730469 -1.604203462600708 -189.83831787109375
v 189.26556396484375 -1.6001957654953003 -183.7144775390625
v 189.26556396484375 -1.604203462600708 -189.83831787109375
v 213.42808532714844 -1.6001957654953003 -183.7144775390625
v 203.76307678222656 -1.5921803712844849 -171.46678161621094
v 203.76307678222656 -1.6001957654953003 -183.7144775390625
v 203.76307678222656 -1.604203462600708 -189.83831787109375
v 198.93057250976563 -1.6001957654953003 -183.7144775390625
v 198.93057250976563 -1.604203462600708 -189.83831787109375
v 213.42808532714844 -1.604203462600708 -189.83831787109375
v 208.5955810546875 -1.6001957654953003 -183.7144775390625
v 208.5955810546875 -1.604203462600708 -189.83831787109375
v 232.75810241699219 -1.6001957654953003 -183.7144775390625
v 223.09309387207031 -1.5921803712844849 -171.46678161621094
v 223.09309387207031 -1.6001957654953003 -183.7144775390625
v 271.41815185546875 -1.5921803712844849 -171.46678161621094
v 252.08811950683594 -1.576149582862854 -146.97137451171875
v 252.08811950683594 -1.5921803712844849 -171.46678161621094
v 223.09309387207031 -1.604203462600708 -189.83831787109375
v 218.26058959960938 -1.6001957654953003 -183.7144775390625
v 218.26058959960938 -1.604203462600708 -189.83831787109375
v 232.75810241699219 -1.604203462600708 -189.83831787109375
v 227.92559814453125 -1.6001957654953003 -183.7144775390625
v 227.92559814453125 -1.604203462600708 -189.83831787109375
v 252.08811950683594 -1.6001957654953003 -183.7144775390625
v 242.42311096191406 -1.5921803712844849 -171.46678161621094
v 242.42311096191406 -1.6001957654953003 -183.7144775390625
v 242.42311096191406 -1.604203462600708 -189.83831787109375
v 237.59060668945313 -1.6001957654953003 -183.7144775390625
v 237.59060668945313 -1.604203462600708 -189.83831787109375
v 252.08811950683594 -1.604203462600708 -189.83831787109375
v 247.255615234375 -1.6001957654953003 -183.7144775390625
v 247.255615234375 -1.604203462600708 -189.83831787109375
v 271.41815185546875 -1.6001957654953003 -183.7144775390625
v 261.75314331054688 -1.5921803712844849 -171.46678161621094
v 261.75314331054688 -1.6001957654953003 -183.7144775390625
v 290.7481689453125 -1.5761497020721436 -146.97138977050781
v 290.7481689453125 -1.5921803712844849 -171.46678161621094
v 261.75314331054688 -1.604203462600708 -189.83831787109375
v 256.92062377929688 -1.6001957654953003 -183.7144775390625
v 256.92062377929688 -1.604203462600708 -189.83831787109375
v 271.41815185546875 -1.604203462600708 -189.83833312988281
v 266.58563232421875 -1.6001957654953003 -183.7144775390625
v 266.58563232421875 -1.604203462600708 -189.83833312988281
v 290.7481689453125 -1.6001957654953003 -183.7144775390625
v 281.08316040039063 -1.5921803712844849 -171.46678161621094
v 281.08316040039063 -1.6001957654953003 -183.7144775390625
v 281.08316040039063 -1.604203462600708 -189.83833312988281
v 276.25064086914063 -1.6001957654953003 -183.7144775390625
v 276.25064086914063 -1.604203462600708 -189.83833312988281
v 290.7481689453125 -1.604203462600708 -189.83833312988281
v 285.9156494140625 -1.6001957654953003 -183.7144775390625
v 285.9156494140625 -1.604203462600708 -189.83833312988281
v 300.41317749023438 -1.5921803712844849 -171.46678161621094
v 300.41317749023438 -1.6001957654953003 -183.7144775390625
v 300.41317749023438 -1.604203462600708 -189.83833312988281
v 295.58065795898438 -1.6001957654953003 -183.7144775390625
v 295.58065795898438 -1.604203462600708 -189.83833312988281
v 305.24566650390625 -1.6001957654953003 -183.7144775390625
v 305.24566650390625 -1.604203462600708 -189.83833312988281
v 155.43804931640625 -1.4158421754837036 97.982589721679688
v 232.75811767578125 -1.4158421754837036 97.982582092285156
v 232.75813293457031 -1.3837807178497314 146.97337341308594
v 271.41815185546875 -1.4158421754837036 97.982582092285156
v 271.41815185546875 -1.3837807178497314 146.97337341308594
v 271.41815185546875 -1.3677499294281006 171.46876525878906
v 290.7481689453125 -1.3837807178497314 146.97337341308594
v 290.7481689453125 -1.3677499294281006 171.46876525878906
v 290.74819946289063 -1.3597345352172852 183.71646118164063
v 300.4132080078125 -1.3677499294281006 171.46876525878906
v 300.4132080078125 -1.3597345352172852 183.71646118164063
v 271.41815185546875 -1.3597345352172852 183.71646118164063
v 281.08316040039063 -1.3677499294281006 171.46876525878906
v 281.08316040039063 -1.3597345352172852 183.71646118164063
v 232.75813293457031 -1.3677499294281006 171.46878051757813
v 252.08815002441406 -1.3837807178497314 146.97337341308594
v 252.08815002441406 -1.3677499294281006 171.46876525878906
v 155.43804931640625 -1.3837807178497314 146.973388671875
v 194.09808349609375 -1.4158421754837036 97.982589721679688
v 194.09808349609375 -1.3837807178497314 146.97337341308594
v 78.117973327636719 -1.4158421754837036 97.982589721679688
v 252.08815002441406 -1.3597345352172852 183.71647644042969
v 261.75314331054688 -1.3677499294281006 171.46876525878906
v 261.75314331054688 -1.3597345352172852 183.71647644042969
v 232.75813293457031 -1.3597345352172852 183.71647644042969
v 242.42314147949219 -1.3677499294281006 171.46876525878906
v 242.42314147949219 -1.3597345352172852 183.71647644042969
v 194.09808349609375 -1.3677499294281006 171.46878051757813
v 213.4281005859375 -1.3837807178497314 146.97337341308594
v 213.42811584472656 -1.3677499294281006 171.46878051757813
v 213.42811584472656 -1.3597345352172852 183.71647644042969
v 223.09312438964844 -1.3677499294281006 171.46878051757813
v 223.09312438964844 -1.3597345352172852 183.71647644042969
v 194.09808349609375 -1.3597345352172852 183.71647644042969
v 203.76309204101563 -1.3677499294281006 171.46878051757813
v 203.76310729980469 -1.3597345352172852 183.71647644042969
v 155.43804931640625 -1.3677499294281006 171.46878051757813
v 174.76806640625 -1.3837807178497314 146.97337341308594
v 174.76806640625 -1.3677499294281006 171.46878051757813
v 78.117973327636719 -1.3837807178497314 146.973388671875
v 116.77800750732422 -1.4158421754837036 97.982589721679688
v 116.77801513671875 -1.3837807178497314 146.973388671875
v 174.76806640625 -1.3597345352172852 183.71647644042969
v 184.43307495117188 -1.3677499294281006 171.46878051757813
v 184.43307495117188 -1.3597345352172852 183.71647644042969
v 155.43804931640625 -1.3597345352172852 183.71647644042969
v 165.10305786132813 -1.3677499294281006 171.46878051757813
v 165.10305786132813 -1.3597345352172852 183.71647644042969
v 116.77801513671875 -1.3677499294281006 171.46878051757813
v 136.1080322265625 -1.3837807178497314 146.973388671875
v 136.1080322265625 -1.3677499294281006 171.46878051757813
v 136.1080322265625 -1.3597345352172852 183.71647644042969
v 145.77304077148438 -1.3677499294281006 171.46878051757813
v 145.77304077148438 -1.3597345352172852 183.71647644042969
v 116.77801513671875 -1.3597345352172852 183.71647644042969
v 126.44302368164063 -1.3677499294281006 171.46878051757813
v 126.44302368164063 -1.3597345352172852 183.71647644042969
v 78.117973327636719 -1.3677499294281006 171.46878051757813
v 97.447990417480469 -1.3837807178497314 146.973388671875
v 97.447998046875 -1.3677499294281006 171.46878051757813
v 39.457935333251953 -1.4158421754837036 97.982597351074219
v 39.457939147949219 -1.3837807178497314 146.973388671875
v 97.447998046875 -1.3597345352172852 183.71647644042969
v 107.11300659179688 -1.3677499294281006 171.46878051757813
v 107.11300659179688 -1.3597345352172852 183.71647644042969
v 78.11798095703125 -1.3597345352172852 183.71647644042969
v 87.782989501953125 -1.3677499294281006 171.46878051757813
v 87.782989501953125 -1.3597345352172852 183.71647644042969
v 39.457939147949219 -1.3677499294281006 171.46878051757813
v 58.787956237792969 -1.3837807178497314 146.973388671875
v 58.787956237792969 -1.3677499294281006 171.46878051757813
v 58.787960052490234 -1.3597345352172852 183.71647644042969
v 68.452964782714844 -1.3677499294281006 171.46878051757813
v 68.452964782714844 -1.3597345352172852 183.71647644042969
v 39.457939147949219 -1.3597345352172852 183.71647644042969
v 49.122947692871094 -1.3677499294281006 171.46878051757813
v 49.122947692871094 -1.3597345352172852 183.71647644042969
v 20.127918243408203 -1.3837807178497314 146.973388671875
v 20.127920150756836 -1.3677499294281006 171.46878051757813
v 20.127922058105469 -1.3597345352172852 183.71647644042969
v 29.792930603027344 -1.3677499294281006 171.46878051757813
v 29.792930603027344 -1.3597345352172852 183.71647644042969
v 10.462911605834961 -1.3677499294281006 171.46878051757813
v 10.462911605834961 -1.3597345352172852 183.71649169921875
v 10.462909698486328 -1.3837807178497314 146.973388671875
v 20.127920150756836 -1.375765323638916 159.22108459472656
v 10.462910652160645 -1.375765323638916 159.22108459472656
v 20.12791633605957 -1.4158421754837036 97.982597351074219
v 39.457935333251953 -1.3998113870620728 122.47798919677734
v 20.127918243408203 -1.3998113870620728 122.47798919677734
v 39.457927703857422 -1.4799652099609375 0.0010099869687110186
v 78.117965698242188 -1.4479036331176758 48.991802215576172
v 39.457931518554688 -1.4479036331176758 48.991802215576172
v 10.462907791137695 -1.3998113870620728 122.47799682617188
v 20.127918243408203 -1.3917961120605469 134.72569274902344
v 10.462908744812012 -1.3917961120605469 134.72569274902344
v 10.462906837463379 -1.4158421754837036 97.982597351074219
v 20.12791633605957 -1.4078267812728882 110.23029327392578
v 10.462907791137695 -1.4078267812728882 110.23029327392578
v 20.127912521362305 -1.4479036331176758 48.991802215576172
v 39.457931518554688 -1.4318729639053345 73.487197875976563
v 20.127914428710938 -1.4318729639053345 73.487197875976563
v 10.462904930114746 -1.4318729639053345 73.487197875976563
v 20.127914428710938 -1.423857569694519 85.734901428222656
v 10.462905883789063 -1.423857569694519 85.734901428222656
v 10.46290397644043 -1.4479036331176758 48.991806030273438
v 20.127914428710938 -1.4398883581161499 61.239501953125
v 10.462904930114746 -1.4398882389068604 61.239501953125
v 20.127910614013672 -1.4799652099609375 0.0010111533338204026
v 39.457931518554688 -1.4639344215393066 24.496406555175781
v 20.127912521362305 -1.4639344215393066 24.496408462524414
v 78.117965698242188 -1.5120266675949097 -48.989784240722656
v 39.457927703857422 -1.5120266675949097 -48.989784240722656
v 10.462902069091797 -1.4639344215393066 24.496408462524414
v 20.127912521362305 -1.4559190273284912 36.744106292724609
v 10.462903022766113 -1.4559190273284912 36.744106292724609
v 10.46290111541748 -1.4799652099609375 0.0010117365745827556
v 20.127910614013672 -1.4719498157501221 12.248709678649902
v 10.46290111541748 -1.4719498157501221 12.248709678649902
v 20.127906799316406 -1.5120266675949097 -48.989780426025391
v 39.457927703857422 -1.4959958791732788 -24.494386672973633
v 20.127908706665039 -1.4959958791732788 -24.494384765625
v 10.462899208068848 -1.4959958791732788 -24.494384765625
v 20.127908706665039 -1.4879804849624634 -12.246686935424805
v 10.462900161743164 -1.4879804849624634 -12.246685981750488
v 10.462898254394531 -1.5120266675949097 -48.989780426025391
v 20.127908706665039 -1.5040112733840942 -36.742084503173828
v 10.462898254394531 -1.5040112733840942 -36.742084503173828
v 20.127904891967773 -1.5440881252288818 -97.980575561523438
v 39.457923889160156 -1.5280574560165405 -73.485176086425781
v 20.127904891967773 -1.5280574560165405 -73.485176086425781
v 10.462896347045898 -1.5280574560165405 -73.485176086425781
v 20.127906799316406 -1.5200420618057251 -61.237480163574219
v 10.462897300720215 -1.5200420618057251 -61.237480163574219
v 10.462894439697266 -1.5440881252288818 -97.980575561523438
v 20.127904891967773 -1.5360727310180664 -85.732879638671875
v 10.462895393371582 -1.5360727310180664 -85.732872009277344
v 39.457920074462891 -1.5601189136505127 -122.47597503662109
v 20.127902984619141 -1.5601189136505127 -122.47596740722656
v 10.462893486022949 -1.5601189136505127 -122.47596740722656
v 20.127902984619141 -1.5521035194396973 -110.228271484375
v 10.462894439697266 -1.5521035194396973 -110.228271484375
v 10.462891578674316 -1.576149582862854 -146.97135925292969
v 20.127902984619141 -1.5681343078613281 -134.72366333007813
v 10.462892532348633 -1.5681343078613281 -134.72366333007813
v 20.127901077270508 -1.5841649770736694 -159.21907043457031
v 10.462891578674316 -1.5841649770736694 -159.21907043457031
v 290.7481689453125 -1.5841649770736694 -159.21908569335938
v 300.41317749023438 -1.5761497020721436 -146.97138977050781
v 300.41317749023438 -1.5841649770736694 -159.21908569335938
v 271.41815185546875 -1.5601189136505127 -122.47598266601563
v 290.7481689453125 -1.5440881252288818 -97.9805908203125
v 290.7481689453125 -1.5601189136505127 -122.47599029541016
v 232.75811767578125 -1.5120266675949097 -48.989795684814453
v 271.41815185546875 -1.4799652099609375 0.00099598919041454792
v 271.41815185546875 -1.5120266675949097 -48.989795684814453
v 290.7481689453125 -1.5681343078613281 -134.72367858886719
v 300.41317749023438 -1.5601189136505127 -122.47599029541016
v 300.41317749023438 -1.5681343078613281 -134.72367858886719
v 290.7481689453125 -1.5521035194396973 -110.22828674316406
v 300.41317749023438 -1.5440881252288818 -97.9805908203125
v 300.41317749023438 -1.5521035194396973 -110.22828674316406
v 271.41815185546875 -1.5280574560165405 -73.485191345214844
v 290.7481689453125 -1.5120266675949097 -48.989799499511719
v 290.7481689453125 -1.5280574560165405 -73.485191345214844
v 290.7481689453125 -1.5360727310180664 -85.732894897460938
v 300.41317749023438 -1.5280574560165405 -73.485191345214844
v 300.41317749023438 -1.5360727310180664 -85.732894897460938
v 290.7481689453125 -1.5200420618057251 -61.237495422363281
v 300.41317749023438 -1.5120266675949097 -48.989799499511719
v 300.41317749023438 -1.5200420618057251 -61.237495422363281
v 271.41815185546875 -1.4959958791732788 -24.494400024414063
v 290.7481689453125 -1.4799652099609375 0.00099482270888984203
v 290.7481689453125 -1.4959958791732788 -24.494401931762695
v 232.75811767578125 -1.4479036331176758 48.991790771484375
v 271.41815185546875 -1.4479036331176758 48.991786956787109
v 290.7481689453125 -1.5040112733840942 -36.742099761962891
v 300.41317749023438 -1.4959958791732788 -24.494401931762695
v 300.41317749023438 -1.5040112733840942 -36.742099761962891
v 290.7481689453125 -1.4879806041717529 -12.246703147888184
v 300.41317749023438 -1.4799652099609375 0.00099423946812748909
v 300.41317749023438 -1.4879806041717529 -12.2467041015625
v 271.41815185546875 -1.4639344215393066 24.496393203735352
v 290.7481689453125 -1.4479036331176758 48.991786956787109
v 290.7481689453125 -1.4639344215393066 24.496391296386719
v 290.7481689453125 -1.4719498157501221 12.248693466186523
v 300.41317749023438 -1.4639344215393066 24.496391296386719
v 300.41317749023438 -1.4719498157501221 12.248692512512207
v 290.7481689453125 -1.4559190273284912 36.744091033935547
v 300.41317749023438 -1.4479036331176758 48.991786956787109
v 300.41317749023438 -1.4559190273284912 36.744087219238281
v 271.41815185546875 -1.4318729639053345 73.4871826171875
v 290.7481689453125 -1.4158421754837036 97.982582092285156
v 290.7481689453125 -1.4318729639053345 73.4871826171875
v 290.7481689453125 -1.4398883581161499 61.239486694335938
v 300.41317749023438 -1.4318729639053345 73.4871826171875
v 300.41317749023438 -1.4398883581161499 61.239486694335938
v 290.7481689453125 -1.423857569694519 85.734878540039063
v 300.41317749023438 -1.4158421754837036 97.982582092285156
v 300.41317749023438 -1.423857569694519 85.734878540039063
v 271.41815185546875 -1.3998113870620728 122.47798156738281
v 290.7481689453125 -1.3998113870620728 122.47797393798828
v 290.7481689453125 -1.4078267812728882 110.23027801513672
v 300.41317749023438 -1.3998115062713623 122.47797393798828
v 300.41317749023438 -1.4078267812728882 110.23027801513672
v 290.7481689453125 -1.3917961120605469 134.72567749023438
v 300.41317749023438 -1.3837807178497314 146.97337341308594
v 300.41317749023438 -1.3917961120605469 134.72567749023438
v 290.7481689453125 -1.375765323638916 159.2210693359375
v 300.41317749023438 -1.375765323638916 159.2210693359375
v 155.43804931640625 -0.36997592449188232 0.00027662570937536657
v 155.43803405761719 -0.43409889936447144 -97.981307983398438
v 78.117965698242188 -0.36997592449188232 0.00028129160637035966
v 78.117958068847656 -0.43409889936447144 -97.981300354003906
v 78.117958068847656 -0.46616038680076599 -146.97209167480469
v 39.457923889160156 -0.43409889936447144 -97.981300354003906
v 39.457920074462891 -0.46616038680076599 -146.97209167480469
v 39.457920074462891 -0.48219111561775208 -171.46748352050781
v 20.127901077270508 -0.46616038680076599 -146.97209167480469
v 20.127899169921875 -0.48219111561775208 -171.46748352050781
v 20.127899169921875 -0.4902065098285675 -183.71519470214844
v 10.462890625 -0.48219111561775208 -171.46748352050781
v 10.462889671325684 -0.4902065098285675 -183.71519470214844
v 10.462889671325684 -0.49421417713165283 -189.83903503417969
v 5.6303849220275879 -0.4902065098285675 -183.71517944335938
v 5.6303844451904297 -0.49421417713165283 -189.83903503417969
v 20.127899169921875 -0.49421417713165283 -189.83903503417969
v 15.295393943786621 -0.4902065098285675 -183.71519470214844
v 15.295393943786621 -0.49421417713165283 -189.83903503417969
v 39.457916259765625 -0.4902065098285675 -183.71519470214844
v 29.792909622192383 -0.48219111561775208 -171.46748352050781
v 29.79290771484375 -0.4902065098285675 -183.71519470214844
v 78.117958068847656 -0.48219111561775208 -171.46749877929688
v 58.787937164306641 -0.46616038680076599 -146.97209167480469
v 58.787937164306641 -0.48219111561775208 -171.46749877929688
v 155.43803405761719 -0.46616038680076599 -146.97210693359375
v 116.77799987792969 -0.43409889936447144 -97.981307983398438
v 116.77799224853516 -0.46616038680076599 -146.97209167480469
v 232.75811767578125 -0.36997592449188232 0.00027195978327654302
v 232.75811767578125 -0.43409889936447144 -97.981315612792969
v 29.79290771484375 -0.49421417713165283 -189.83903503417969
v 24.960403442382813 -0.4902065098285675 -183.71519470214844
v 24.960403442382813 -0.49421417713165283 -189.83903503417969
v 39.457916259765625 -0.49421417713165283 -189.83903503417969
v 34.625411987304688 -0.4902065098285675 -183.71519470214844
v 34.625411987304688 -0.49421417713165283 -189.83903503417969
v 58.787937164306641 -0.4902065098285675 -183.71519470214844
v 49.122928619384766 -0.48219111561775208 -171.46749877929688
v 49.122928619384766 -0.4902065098285675 -183.71519470214844
v 49.122928619384766 -0.49421417713165283 -189.83903503417969
v 44.290424346923828 -0.4902065098285675 -183.71519470214844
v 44.290420532226563 -0.49421417713165283 -189.83903503417969
v 58.787937164306641 -0.49421417713165283 -189.83903503417969
v 53.955432891845703 -0.4902065098285675 -183.71519470214844
v 53.955432891845703 -0.49421417713165283 -189.83903503417969
v 78.117958068847656 -0.4902065098285675 -183.71519470214844
v 68.452949523925781 -0.48219111561775208 -171.46749877929688
v 68.452949523925781 -0.4902065098285675 -183.71519470214844
v 116.77799224853516 -0.48219111561775208 -171.46749877929688
v 97.447975158691406 -0.46616038680076599 -146.97209167480469
v 97.447975158691406 -0.48219111561775208 -171.46749877929688
v 68.45294189453125 -0.49421417713165283 -189.83903503417969
v 63.620441436767578 -0.4902065098285675 -183.71519470214844
v 63.620441436767578 -0.49421417713165283 -189.83903503417969
v 78.117958068847656 -0.49421417713165283 -189.83903503417969
v 73.285453796386719 -0.4902065098285675 -183.71519470214844
v 73.285453796386719 -0.49421417713165283 -189.83903503417969
v 97.447975158691406 -0.4902065098285675 -183.71519470214844
v 87.782966613769531 -0.48219111561775208 -171.46749877929688
v 87.782966613769531 -0.4902065098285675 -183.71519470214844
v 87.782966613769531 -0.49421417713165283 -189.83903503417969
v 82.950462341308594 -0.4902065098285675 -183.71519470214844
v 82.950462341308594 -0.49421417713165283 -189.83903503417969
v 97.447975158691406 -0.49421417713165283 -189.83903503417969
v 92.615470886230469 -0.4902065098285675 -183.71519470214844
v 92.615470886230469 -0.49421417713165283 -189.83903503417969
v 116.77799224853516 -0.4902065098285675 -183.71519470214844
v 107.11298370361328 -0.48219111561775208 -171.46749877929688
v 107.11298370361328 -0.4902065098285675 -183.71519470214844
v 155.43803405761719 -0.48219111561775208 -171.46749877929688
v 136.10801696777344 -0.46616038680076599 -146.97210693359375
v 136.10801696777344 -0.48219111561775208 -171.46749877929688
v 232.75810241699219 -0.46616038680076599 -146.97210693359375
v 194.09806823730469 -0.43409889936447144 -97.981307983398438
v 194.09806823730469 -0.46616038680076599 -146.97210693359375
v 107.11298370361328 -0.49421417713165283 -189.83903503417969
v 102.28047943115234 -0.4902065098285675 -183.71519470214844
v 102.28047943115234 -0.49421417713165283 -189.83903503417969
v 116.77799224853516 -0.49421417713165283 -189.83905029296875
v 111.94548797607422 -0.4902065098285675 -183.71519470214844
v 111.94548797607422 -0.49421417713165283 -189.83903503417969
v 136.10801696777344 -0.4902065098285675 -183.71519470214844
v 126.44300079345703 -0.48219111561775208 -171.46749877929688
v 126.44300079345703 -0.4902065098285675 -183.71519470214844
v 126.44300079345703 -0.49421417713165283 -189.83905029296875
v 121.61049652099609 -0.4902065098285675 -183.71519470214844
v 121.61049652099609 -0.49421417713165283 -189.83905029296875
v 136.10801696777344 -0.49421417713165283 -189.83905029296875
v 131.2755126953125 -0.4902065098285675 -183.71519470214844
v 131.2755126953125 -0.49421417713165283 -189.83905029296875
v 155.43803405761719 -0.4902065098285675 -183.71519470214844
v 145.77302551269531 -0.48219111561775208 -171.46749877929688
v 145.77302551269531 -0.4902065098285675 -183.71519470214844
v 194.09806823730469 -0.48219114542007446 -171.46749877929688
v 174.76805114746094 -0.46616038680076599 -146.97210693359375
v 174.76805114746094 -0.48219111561775208 -171.46749877929688
v 145.77302551269531 -0.49421417713165283 -189.83905029296875
v 140.94052124023438 -0.4902065098285675 -183.71519470214844
v 140.94052124023438 -0.49421417713165283 -189.83905029296875
v 155.43803405761719 -0.49421417713165283 -189.83905029296875
v 150.60552978515625 -0.4902065098285675 -183.71519470214844
v 150.60552978515625 -0.49421417713165283 -189.83905029296875
v 174.76805114746094 -0.4902065098285675 -183.71519470214844
v 165.10304260253906 -0.48219111561775208 -171.46749877929688
v 165.10304260253906 -0.4902065098285675 -183.71519470214844
v 165.10304260253906 -0.49421417713165283 -189.83905029296875
v 160.27053833007813 -0.4902065098285675 -183.71519470214844
v 160.27053833007813 -0.49421417713165283 -189.83905029296875
v 174.76805114746094 -0.49421417713165283 -189.83905029296875
v 169.935546875 -0.4902065098285675 -183.71519470214844
v 169.935546875 -0.49421417713165283 -189.83905029296875
v 194.09806823730469 -0.4902065098285675 -183.71519470214844
v 184.43305969238281 -0.48219111561775208 -171.46749877929688
v 184.43305969238281 -0.4902065098285675 -183.71519470214844
v 232.75810241699219 -0.48219114542007446 -171.46749877929688
v 213.42808532714844 -0.46616038680076599 -146.97210693359375
v 213.42808532714844 -0.48219114542007446 -171.46749877929688
v 271.41815185546875 -0.43409889936447144 -97.981315612792969
v 271.41815185546875 -0.46616038680076599 -146.97210693359375
v 184.43305969238281 -0.49421417713165283 -189.83905029296875
v 179.60055541992188 -0.4902065098285675 -183.71519470214844
v 179.60055541992188 -0.49421417713165283 -189.83905029296875
v 194.09806823730469 -0.49421417713165283 -189.83905029296875
v 189.26556396484375 -0.4902065098285675 -183.71519470214844
v 189.26556396484375 -0.49421417713165283 -189.83905029296875
v 213.42808532714844 -0.4902065098285675 -183.71519470214844
v 203.76307678222656 -0.48219114542007446 -171.46749877929688
v 203.76307678222656 -0.4902065098285675 -183.71519470214844
v 203.76307678222656 -0.49421417713165283 -189.83905029296875
v 198.93057250976563 -0.4902065098285675 -183.71519470214844
v 198.93057250976563 -0.49421417713165283 -189.83905029296875
v 213.42808532714844 -0.49421417713165283 -189.83905029296875
v 208.5955810546875 -0.4902065098285675 -183.71519470214844
v 208.5955810546875 -0.49421417713165283 -189.83905029296875
v 232.75810241699219 -0.4902065098285675 -183.71519470214844
v 223.09309387207031 -0.48219114542007446 -171.46749877929688
v 223.09309387207031 -0.4902065098285675 -183.71519470214844
v 271.41815185546875 -0.48219114542007446 -171.46749877929688
v 252.08811950683594 -0.46616038680076599 -146.97210693359375
v 252.08811950683594 -0.48219114542007446 -171.46749877929688
v 223.09309387207031 -0.49421417713165283 -189.83905029296875
v 218.26058959960938 -0.4902065098285675 -183.71519470214844
v 218.26058959960938 -0.49421417713165283 -189.83905029296875
v 232.75810241699219 -0.49421417713165283 -189.83905029296875
v 227.92559814453125 -0.4902065098285675 -183.71519470214844
v 227.92559814453125 -0.49421417713165283 -189.83905029296875
v 252.08811950683594 -0.4902065098285675 -183.71519470214844
v 242.42311096191406 -0.48219114542007446 -171.46749877929688
v 242.42311096191406 -0.4902065098285675 -183.71519470214844
v 242.42311096191406 -0.49421417713165283 -189.83905029296875
v 237.59060668945313 -0.4902065098285675 -183.71519470214844
v 237.59060668945313 -0.49421417713165283 -189.83905029296875
v 252.08811950683594 -0.49421420693397522 -189.83905029296875
v 247.255615234375 -0.4902065098285675 -183.71519470214844
v 247.255615234375 -0.49421417713165283 -189.83905029296875
v 271.41815185546875 -0.4902065098285675 -183.7152099609375
v 261.75314331054688 -0.48219114542007446 -171.46749877929688
v 261.75314331054688 -0.4902065098285675 -183.7152099609375
v 290.7481689453125 -0.46616038680076599 -146.97210693359375
v 290.7481689453125 -0.48219114542007446 -171.46749877929688
v 261.75314331054688 -0.49421420693397522 -189.83905029296875
v 256.92062377929688 -0.4902065098285675 -183.71519470214844
v 256.92062377929688 -0.49421420693397522 -189.83905029296875
v 271.41815185546875 -0.49421420693397522 -189.83905029296875
v 266.58563232421875 -0.4902065098285675 -183.7152099609375
v 266.58563232421875 -0.49421420693397522 -189.83905029296875
v 290.7481689453125 -0.4902065098285675 -183.7152099609375
v 281.08316040039063 -0.48219114542007446 -171.46749877929688
v 281.08316040039063 -0.4902065098285675 -183.7152099609375
v 281.08316040039063 -0.49421420693397522 -189.83905029296875
v 276.25064086914063 -0.4902065098285675 -183.7152099609375
v 276.25064086914063 -0.49421420693397522 -189.83905029296875
v 290.7481689453125 -0.49421420693397522 -189.83905029296875
v 285.9156494140625 -0.4902065098285675 -183.7152099609375
v 285.9156494140625 -0.49421420693397522 -189.83905029296875
v 300.41317749023438 -0.48219114542007446 -171.46751403808594
v 300.41317749023438 -0.4902065098285675 -183.7152099609375
v 300.41317749023438 -0.49421420693397522 -189.83905029296875
v 295.58065795898438 -0.4902065098285675 -183.7152099609375
v 295.58065795898438 -0.49421420693397522 -189.83905029296875
v 305.24566650390625 -0.4902065098285675 -183.7152099609375
v 305.24566650390625 -0.49421420693397522 -189.83905029296875
v 155.43804931640625 -0.30585291981697083 97.981864929199219
v 232.75811767578125 -0.30585294961929321 97.981857299804688
v 232.75813293457031 -0.27379143238067627 146.97265625
v 271.41815185546875 -0.30585294961929321 97.981857299804688
v 271.41815185546875 -0.27379143238067627 146.97264099121094
v 271.41815185546875 -0.25776070356369019 171.46804809570313
v 290.7481689453125 -0.27379146218299866 146.97264099121094
v 290.7481689453125 -0.25776070356369019 171.46804809570313
v 290.74819946289063 -0.24974532425403595 183.71574401855469
v 300.4132080078125 -0.25776070356369019 171.46804809570313
v 300.4132080078125 -0.24974532425403595 183.71574401855469
v 271.41815185546875 -0.24974532425403595 183.71574401855469
v 281.08316040039063 -0.25776070356369019 171.46804809570313
v 281.08316040039063 -0.24974532425403595 183.71574401855469
v 232.75813293457031 -0.25776070356369019 171.46804809570313
v 252.08815002441406 -0.27379143238067627 146.97265625
v 252.08815002441406 -0.25776070356369019 171.46804809570313
v 155.43804931640625 -0.27379143238067627 146.97265625
v 194.09808349609375 -0.30585291981697083 97.981857299804688
v 194.09808349609375 -0.27379143238067627 146.97265625
v 78.117973327636719 -0.30585291981697083 97.981864929199219
v 252.08815002441406 -0.24974532425403595 183.71574401855469
v 261.75314331054688 -0.25776070356369019 171.46804809570313
v 261.75314331054688 -0.24974532425403595 183.71574401855469
v 232.75813293457031 -0.24974532425403595 183.71574401855469
v 242.42314147949219 -0.25776070356369019 171.46804809570313
v 242.42314147949219 -0.24974532425403595 183.71574401855469
v 194.09808349609375 -0.25776070356369019 171.46804809570313
v 213.4281005859375 -0.27379143238067627 146.97265625
v 213.42811584472656 -0.25776070356369019 171.46804809570313
v 213.42811584472656 -0.24974532425403595 183.71574401855469
v 223.09312438964844 -0.25776070356369019 171.46804809570313
v 223.09312438964844 -0.24974532425403595 183.71574401855469
v 194.09808349609375 -0.24974532425403595 183.71574401855469
v 203.76309204101563 -0.25776070356369019 171.46804809570313
v 203.76310729980469 -0.24974532425403595 183.71574401855469
v 155.43804931640625 -0.25776070356369019 171.46804809570313
v 174.76806640625 -0.27379143238067627 146.97265625
v 174.76806640625 -0.25776070356369019 171.46804809570313
v 78.117973327636719 -0.27379143238067627 146.97265625
v 116.77800750732422 -0.30585291981697083 97.981864929199219
v 116.77801513671875 -0.27379143238067627 146.97265625
v 174.76806640625 -0.24974532425403595 183.71574401855469
v 184.43307495117188 -0.25776070356369019 171.46804809570313
v 184.43307495117188 -0.24974532425403595 183.71574401855469
v 155.43804931640625 -0.24974532425403595 183.71574401855469
v 165.10305786132813 -0.25776070356369019 171.46804809570313
v 165.10305786132813 -0.24974532425403595 183.71574401855469
v 116.77801513671875 -0.25776070356369019 171.46804809570313
v 136.1080322265625 -0.27379143238067627 146.97265625
v 136.1080322265625 -0.25776070356369019 171.46804809570313
v 136.1080322265625 -0.24974532425403595 183.71574401855469
v 145.77304077148438 -0.25776070356369019 171.46804809570313
v 145.77304077148438 -0.24974532425403595 183.71574401855469
v 116.77801513671875 -0.24974532425403595 183.71575927734375
v 126.44302368164063 -0.25776070356369019 171.46804809570313
v 126.44302368164063 -0.24974532425403595 183.71574401855469
v 78.117973327636719 -0.25776070356369019 171.46806335449219
v 97.447990417480469 -0.27379143238067627 146.97265625
v 97.447998046875 -0.25776070356369019 171.46804809570313
v 39.457935333251953 -0.30585291981697083 97.98187255859375
v 39.457939147949219 -0.27379143238067627 146.97265625
v 97.447998046875 -0.24974532425403595 183.71575927734375
v 107.11300659179688 -0.25776070356369019 171.46804809570313
v 107.11300659179688 -0.24974532425403595 183.71575927734375
v 78.11798095703125 -0.24974532425403595 183.71575927734375
v 87.782989501953125 -0.25776070356369019 171.46804809570313
v 87.782989501953125 -0.24974532425403595 183.71575927734375
v 39.457939147949219 -0.25776070356369019 171.46806335449219
v 58.787956237792969 -0.27379143238067627 146.97265625
v 58.787956237792969 -0.25776070356369019 171.46806335449219
v 58.787960052490234 -0.24974532425403595 183.71575927734375
v 68.452964782714844 -0.25776070356369019 171.46806335449219
v 68.452964782714844 -0.24974532425403595 183.71575927734375
v 39.457939147949219 -0.24974532425403595 183.71575927734375
v 49.122947692871094 -0.25776070356369019 171.46806335449219
v 49.122947692871094 -0.24974532425403595 183.71575927734375
v 20.127918243408203 -0.27379143238067627 146.97265625
v 20.127920150756836 -0.25776070356369019 171.46806335449219
v 20.127922058105469 -0.24974532425403595 183.71575927734375
v 29.792930603027344 -0.25776070356369019 171.46806335449219
v 29.792930603027344 -0.24974532425403595 183.71575927734375
v 10.462911605834961 -0.25776070356369019 171.46806335449219
v 10.462911605834961 -0.24974532425403595 183.71575927734375
v 10.462909698486328 -0.27379143238067627 146.97265625
v 20.127920150756836 -0.26577606797218323 159.22036743164063
v 10.462910652160645 -0.26577606797218323 159.22036743164063
v 20.12791633605957 -0.30585291981697083 97.98187255859375
v 39.457935333251953 -0.28982219099998474 122.47726440429688
v 20.127918243408203 -0.28982219099998474 122.47726440429688
v 39.457927703857422 -0.36997589468955994 0.00028362454031594098
v 78.117965698242188 -0.33791440725326538 48.991073608398438
v 39.457931518554688 -0.33791440725326538 48.991077423095703
v 10.462907791137695 -0.28982219099998474 122.47726440429688
v 20.127918243408203 -0.28180679678916931 134.72496032714844
v 10.462908744812012 -0.28180679678916931 134.72496032714844
v 10.462906837463379 -0.30585291981697083 97.98187255859375
v 20.12791633605957 -0.29783755540847778 110.22956848144531
v 10.462907791137695 -0.29783755540847778 110.22956848144531
v 20.127912521362305 -0.33791440725326538 48.991077423095703
v 39.457931518554688 -0.3218836784362793 73.486473083496094
v 20.127914428710938 -0.3218836784362793 73.486473083496094
v 10.462904930114746 -0.3218836784362793 73.486473083496094
v 20.127914428710938 -0.31386831402778625 85.734169006347656
v 10.462905883789063 -0.31386831402778625 85.734169006347656
v 10.46290397644043 -0.33791440725326538 48.991077423095703
v 20.127914428710938 -0.32989904284477234 61.238777160644531
v 10.462904930114746 -0.32989904284477234 61.238777160644531
v 20.127910614013672 -0.36997589468955994 0.00028479102184064686
v 39.457931518554688 -0.35394516587257385 24.49567985534668
v 20.127912521362305 -0.35394516587257385 24.495681762695313
v 78.117965698242188 -0.40203741192817688 -48.990512847900391
v 39.457927703857422 -0.40203741192817688 -48.990509033203125
v 10.462902069091797 -0.35394516587257385 24.495681762695313
v 20.127912521362305 -0.34592980146408081 36.743377685546875
v 10.462903022766113 -0.34592980146408081 36.743381500244141
v 10.46290111541748 -0.36997589468955994 0.00028537426260299981
v 20.127910614013672 -0.36196053028106689 12.247982978820801
v 10.46290111541748 -0.36196053028106689 12.247983932495117
v 20.127906799316406 -0.40203741192817688 -48.990509033203125
v 39.457927703857422 -0.38600665330886841 -24.495113372802734
v 20.127908706665039 -0.38600665330886841 -24.495111465454102
v 10.462899208068848 -0.38600665330886841 -24.495111465454102
v 20.127908706665039 -0.37799128890037537 -12.247413635253906
v 10.462900161743164 -0.37799128890037537 -12.24741268157959
v 10.462898254394531 -0.40203741192817688 -48.990509033203125
v 20.127908706665039 -0.39402201771736145 -36.742809295654297
v 10.462898254394531 -0.39402201771736145 -36.742809295654297
v 20.127904891967773 -0.43409889936447144 -97.981300354003906
v 39.457923889160156 -0.41806814074516296 -73.485908508300781
v 20.127904891967773 -0.41806814074516296 -73.48590087890625
v 10.462896347045898 -0.41806814074516296 -73.48590087890625
v 20.127906799316406 -0.41005277633666992 -61.238204956054688
v 10.462897300720215 -0.41005277633666992 -61.238204956054688
v 10.462894439697266 -0.43409889936447144 -97.981300354003906
v 20.127904891967773 -0.42608350515365601 -85.733604431152344
v 10.462895393371582 -0.42608350515365601 -85.733604431152344
v 39.457920074462891 -0.45012962818145752 -122.47669982910156
v 20.127902984619141 -0.45012962818145752 -122.47669982910156
v 10.462893486022949 -0.45012962818145752 -122.47669982910156
v 20.127902984619141 -0.44211426377296448 -110.22899627685547
v 10.462894439697266 -0.44211426377296448 -110.22899627685547
v 10.462891578674316 -0.46616038680076599 -146.97209167480469
v 20.127902984619141 -0.45814499258995056 -134.72439575195313
v 10.462892532348633 -0.45814499258995056 -134.72439575195313
v 20.127901077270508 -0.47417575120925903 -159.21978759765625
v 10.462891578674316 -0.47417575120925903 -159.21978759765625
v 290.7481689453125 -0.47417575120925903 -159.21980285644531
v 300.41317749023438 -0.46616038680076599 -146.97210693359375
v 300.41317749023438 -0.47417575120925903 -159.21980285644531
v 271.41815185546875 -0.45012965798377991 -122.47671508789063
v 290.7481689453125 -0.43409889936447144 -97.981315612792969
v 290.7481689453125 -0.45012965798377991 -122.47671508789063
v 232.75811767578125 -0.40203741192817688 -48.990520477294922
v 271.41815185546875 -0.36997592449188232 0.0002696268493309617
v 271.41815185546875 -0.40203741192817688 -48.990524291992188
v 290.7481689453125 -0.45814502239227295 -134.72441101074219
v 300.41317749023438 -0.45012965798377991 -122.47671508789063
v 300.41317749023438 -0.45814502239227295 -134.72441101074219
v 290.7481689453125 -0.44211426377296448 -110.22901153564453
v 300.41317749023438 -0.43409889936447144 -97.981315612792969
v 300.41317749023438 -0.44211426377296448 -110.22901916503906
v 271.41815185546875 -0.41806814074516296 -73.485916137695313
v 290.7481689453125 -0.40203741192817688 -48.990524291992188
v 290.7481689453125 -0.41806814074516296 -73.485923767089844
v 290.7481689453125 -0.42608353495597839 -85.733619689941406
v 300.41317749023438 -0.41806814074516296 -73.485923767089844
v 300.41317749023438 -0.42608353495597839 -85.733619689941406
v 290.7481689453125 -0.41005277633666992 -61.238224029541016
v 300.41317749023438 -0.40203741192817688 -48.990524291992188
v 300.41317749023438 -0.41005277633666992 -61.238224029541016
v 271.41815185546875 -0.38600665330886841 -24.495126724243164
v 290.7481689453125 -0.36997592449188232 0.00026846036780625582
v 290.7481689453125 -0.38600665330886841 -24.495128631591797
v 232.75811767578125 -0.33791443705558777 48.991065979003906
v 271.41815185546875 -0.33791443705558777 48.991062164306641
v 290.7481689453125 -0.39402204751968384 -36.742824554443359
v 300.41317749023438 -0.38600665330886841 -24.495128631591797
v 300.41317749023438 -0.39402204751968384 -36.742828369140625
v 290.7481689453125 -0.37799128890037537 -12.247429847717285
v 300.41317749023438 -0.36997592449188232 0.00026787712704390287
v 300.41317749023438 -0.37799128890037537 -12.247429847717285
v 271.41815185546875 -0.35394516587257385 24.49566650390625
v 290.7481689453125 -0.33791443705558777 48.991062164306641
v 290.7481689453125 -0.35394516587257385 24.495664596557617
v 290.7481689453125 -0.36196056008338928 12.247966766357422
v 300.41317749023438 -0.35394516587257385 24.495664596557617
v 300.41317749023438 -0.36196056008338928 12.247965812683105
v 290.7481689453125 -0.34592980146408081 36.743362426757813
v 300.41317749023438 -0.33791443705558777 48.991062164306641
v 300.41317749023438 -0.34592980146408081 36.743362426757813
v 271.41815185546875 -0.3218836784362793 73.486457824707031
v 290.7481689453125 -0.30585294961929321 97.981857299804688
v 290.7481689453125 -0.3218836784362793 73.486457824707031
v 290.7481689453125 -0.32989904284477234 61.238758087158203
v 300.41317749023438 -0.3218836784362793 73.486457824707031
v 300.41317749023438 -0.32989904284477234 61.238758087158203
v 290.7481689453125 -0.31386831402778625 85.734153747558594
v 300.41317749023438 -0.30585294961929321 97.981849670410156
v 300.41317749023438 -0.31386831402778625 85.734153747558594
v 271.41815185546875 -0.28982219099998474 122.47724914550781
v 290.7481689453125 -0.28982219099998474 122.47724914550781
v 290.7481689453125 -0.29783755540847778 110.22955322265625
v 300.41317749023438 -0.28982219099998474 122.47724914550781
v 300.41317749023438 -0.29783755540847778 110.22955322265625
v 290.7481689453125 -0.2818068265914917 134.72494506835938
v 300.41317749023438 -0.27379146218299866 146.97264099121094
v 300.41317749023438 -0.2818068265914917 134.72494506835938
v 290.7481689453125 -0.26577606797218323 159.22035217285156
v 300.41317749023438 -0.26577606797218323 159.2203369140625
vt 0.60391855239868164 0.0042981049045920372
vt 0.60391855239868164 0.0058385706506669521
vt 0.60332608222961426 0.006431057583540678
vt 0.60160565376281738 0.006431057583540678
vt 0.60184842348098755 0.0051275868900120258
vt 0.60184842348098755 0.0042981049045920372
vt 0.60192114114761353 0.0039171064272522926
vt 0.60215163230895996 0.0035662099253386259
vt 0.60250252485275269 0.0033357220236212015
vt 0.60288351774215698 0.0032630490604788065
vt 0.60326451063156128 0.0033357220236212015
vt 0.603615403175354 0.0035662099253386259
vt 0.60384589433670044 0.0039171064272522926
vt 0.60277915000915527 0.0048470534384250641
vt 0.60160565376281738 0.0051275868900120258
vt 0.60277915000915527 0.0056548956781625748
vt 0.60277915000915527 0.0052509745582938194
vt 0.60219240188598633 0.0056548956781625748
vt 0.60219240188598633 0.0048470534384250641
vt 0.60219240188598633 0.0052509745582938194
vt 0.79837578535079956 0.0042981049045920372
vt 0.79837578535079956 0.0058385706506669521
vt 0.79778331518173218 0.006431057583540678
vt 0.7960628867149353 0.006431057583540678
vt 0.79630565643310547 0.0051275868900120258
vt 0.79630565643310547 0.0042981049045920372
vt 0.79637831449508667 0.0039171064272522926
vt 0.79660880565643311 0.0035662099253386259
vt 0.79695969820022583 0.0033357220236212015
vt 0.7973407506942749 0.0032630490604788065
vt 0.7977217435836792 0.0033357220236212015
vt 0.79807263612747192 0.0035662099253386259
vt 0.79830312728881836 0.0039171064272522926
vt 0.79723638296127319 0.0048470534384250641
vt 0.7960628867149353 0.0051275868900120258
vt 0.79723638296127319 0.0056548956781625748
vt 0.79723638296127319 0.0052509745582938194
vt 0.79664963483810425 0.0056548956781625748
vt 0.79664963483810425 0.0048470534384250641
vt 0.79664963483810425 0.0052509745582938194
vt 0.99822252988815308 0.320351243019104
vt 0.99624758958816528 0.3207707405090332
vt 0.99427264928817749 0.3207707405090332
vt 0.99624758958816528 0.32117441296577454
vt 0.99427264928817749 0.32117441296577454
vt 0.99624758958816528 0.32157579064369202
vt 0.99427264928817749 0.32157579064369202
vt 0.99624758958816528 0.32197713851928711
vt 0.99427264928817749 0.32197713851928711
vt 0.99624758958816528 0.32239663600921631
vt 0.99427264928817749 0.32239663600921631
vt 0.99624758958816528 0.32280030846595764
vt 0.99427264928817749 0.32280030846595764
vt 0.99624758958816528 0.32320168614387512
vt 0.99427264928817749 0.32320168614387512
vt 0.99822252988815308 0.32360303401947021
vt 0.99229764938354492 0.32360303401947021
vt 0.99822252988815308 0.32075771689414978
vt 0.99822252988815308 0.32116419076919556
vt 0.99822252988815308 0.32157066464424133
vt 0.99822252988815308 0.32197713851928711
vt 0.99822252988815308 0.32238361239433289
vt 0.99822252988815308 0.32279008626937866
vt 0.99822252988815308 0.32319656014442444
vt 0.99723505973815918 0.3207707405090332
vt 0.99624758958816528 0.3205609917640686
vt 0.99723505973815918 0.3205609917640686
vt 0.99723505973815918 0.32117441296577454
vt 0.99624758958816528 0.32097259163856506
vt 0.99723505973815918 0.32097259163856506
vt 0.99723505973815918 0.32157579064369202
vt 0.99624758958816528 0.32137510180473328
vt 0.99723505973815918 0.32137510180473328
vt 0.99723505973815918 0.32197713851928711
vt 0.99624758958816528 0.32177644968032837
vt 0.99723505973815918 0.32177644968032837
vt 0.99723505973815918 0.32239663600921631
vt 0.99624758958816528 0.32218688726425171
vt 0.99723505973815918 0.32218688726425171
vt 0.99723505973815918 0.32280030846595764
vt 0.99624758958816528 0.32259848713874817
vt 0.99723505973815918 0.32259848713874817
vt 0.99723505973815918 0.32320168614387512
vt 0.99624758958816528 0.32300099730491638
vt 0.99723505973815918 0.32300099730491638
vt 0.99624758958816528 0.32340237498283386
vt 0.99723505973815918 0.32340237498283386
vt 0.99229764938354492 0.32319656014442444
vt 0.99229764938354492 0.32279008626937866
vt 0.99229764938354492 0.32238361239433289
vt 0.99229764938354492 0.32197713851928711
vt 0.99229764938354492 0.32157066464424133
vt 0.99229764938354492 0.32116419076919556
vt 0.99229764938354492 0.32075771689414978
vt 0.99328517913818359 0.32320168614387512
vt 0.99427264928817749 0.32340237498283386
vt 0.99328517913818359 0.32340237498283386
vt 0.99328517913818359 0.32280030846595764
vt 0.99427264928817749 0.32300099730491638
vt 0.99328517913818359 0.32300099730491638
vt 0.99328517913818359 0.32239663600921631
vt 0.99427264928817749 0.32259848713874817
vt 0.99328517913818359 0.32259848713874817
vt 0.99328517913818359 0.32197713851928711
vt 0.99427264928817749 0.32218688726425171
vt 0.99328517913818359 0.32218688726425171
vt 0.99328517913818359 0.32157579064369202
vt 0.99427264928817749 0.32177644968032837
vt 0.99328517913818359 0.32177644968032837
vt 0.99328517913818359 0.32117441296577454
vt 0.99427264928817749 0.32137510180473328
vt 0.99328517913818359 0.32137510180473328
vt 0.99328517913818359 0.3207707405090332
vt 0.99427264928817749 0.32097259163856506
vt 0.99328517913818359 0.32097259163856506
vt 0.99427264928817749 0.3205609917640686
vt 0.99328517913818359 0.3205609917640686
vt 0.99703758955001831 0.32360303401947021
vt 0.99585258960723877 0.32360303401947021
vt 0.99466758966445923 0.32360303401947021
vt 0.99348264932632446 0.32360303401947021
vt 0.99229764938354492 0.320351243019104
vt 0.99348264932632446 0.320351243019104
vt 0.99466758966445923 0.320351243019104
vt 0.99585258960723877 0.320351243019104
vt 0.99703758955001831 0.320351243019104
vt 0.46498537063598633 0.0064627379179000854
vt 0.45906049013137817 0.0064627379179000854
vt 0.46498537063598633 0.0080032031983137131
vt 0.45906049013137817 0.0080032031983137131
vt 0.46024546027183533 0.0064627379179000854
vt 0.46143043041229248 0.0064627379179000854
vt 0.46261540055274963 0.0064627379179000854
vt 0.46380040049552917 0.0064627379179000854
vt 0.46380040049552917 0.0080032031983137131
vt 0.46261540055274963 0.0080032031983137131
vt 0.46143043041229248 0.0080032031983137131
vt 0.46024546027183533 0.0080032031983137131
vt 0.24710042774677277 0.0059248683974146843
vt 0.24793833494186401 0
vt 0.24710042774677277 0
vt 0.24793833494186401 0.0059248683974146843
vt 0.24710042774677277 0.0047398945316672325
vt 0.24710042774677277 0.003554921131581068
vt 0.24710042774677277 0.0023699472658336163
vt 0.24710042774677277 0.0011849736329168081
vt 0.24793833494186401 0.0014812170993536711
vt 0.24793833494186401 0.0029624341987073421
vt 0.24793833494186401 0.0044436510652303696
vt 0.45906049013137817 0
vt 0.45906049013137817 0.0059248683974146843
vt 0.46078088879585266 0
vt 0.46078088879585266 0.0059248683974146843
vt 0.45906049013137817 0.0044436510652303696
vt 0.45906049013137817 0.0029624341987073421
vt 0.45906049013137817 0.0014812170993536711
vt 0.46078088879585266 0.0014812170993536711
vt 0.46078088879585266 0.0029624341987073421
vt 0.46078088879585266 0.0044436510652303696
vt 0.020105374976992607 0.0059248683974146843
vt 0.02034815214574337 0
vt 0.02034815214574337 0.0008464098209515214
vt 0.02034815214574337 0.0016928196419030428
vt 0.02034815214574337 0.0025392293464392424
vt 0.02034815214574337 0.0033856392838060856
vt 0.02034815214574337 0.0042320489883422852
vt 0.02034815214574337 0.0050784586928784847
vt 0.020105374976992607 0.0051842597313225269
vt 0.020105374976992607 0.0044436510652303696
vt 0.020105374976992607 0.0037030426319688559
vt 0.020105374976992607 0.0029624341987073421
vt 0.020105374976992607 0.0022218255326151848
vt 0.020105374976992607 0.0014812170993536711
vt 0.020105376839637756 0.00074060854967683554
vt 0.020105376839637756 0
vt 0.02034815214574337 0.0059248683974146843
vt 0.040220882743597031 0
vt 0.040220882743597031 0.0059248683974146843
vt 0.041050363332033157 0
vt 0.041050363332033157 0.0059248683974146843
vt 0.041050363332033157 0.0011849736329168081
vt 0.041050363332033157 0.0023699472658336163
vt 0.041050363332033157 0.003554921131581068
vt 0.041050363332033157 0.0047398945316672325
vt 0.040220882743597031 0.0050784586928784847
vt 0.040220882743597031 0.0042320489883422852
vt 0.040220882743597031 0.0033856392838060856
vt 0.040220882743597031 0.0025392293464392424
vt 0.040220882743597031 0.0016928196419030428
vt 0.040220882743597031 0.0008464098209515214
vt 0.79837566614151001 0.0010667361784726381
vt 0.79837566614151001 0.0026072019245475531
vt 0.79778319597244263 0.0031996886245906353
vt 0.7960628867149353 0.0031996886245906353
vt 0.79630553722381592 0.0018962178146466613
vt 0.79630553722381592 0.0010667361784726381
vt 0.79637819528579712 0.00068573758471757174
vt 0.79660868644714355 0.0003348410245962441
vt 0.79695957899093628 0.00010435313743073493
vt 0.79734063148498535 3.1680086976848543E-05
vt 0.79772162437438965 0.00010435313743073493
vt 0.79807251691818237 0.0003348410245962441
vt 0.79830300807952881 0.00068573758471757174
vt 0.79723632335662842 0.0016156844794750214
vt 0.7960628867149353 0.0018962178146466613
vt 0.79723632335662842 0.002423526719212532
vt 0.79723632335662842 0.0020196055993437767
vt 0.79664957523345947 0.002423526719212532
vt 0.79664957523345947 0.0016156844794750214
vt 0.79664957523345947 0.0020196055993437767
vt 0.60391843318939209 0.0010667361784726381
vt 0.60391843318939209 0.0026072019245475531
vt 0.60332596302032471 0.0031996886245906353
vt 0.60160565376281738 0.0031996886245906353
vt 0.601848304271698 0.0018962178146466613
vt 0.601848304271698 0.0010667361784726381
vt 0.60192102193832397 0.00068573758471757174
vt 0.60215151309967041 0.0003348410245962441
vt 0.60250240564346313 0.00010435313743073493
vt 0.60288339853286743 3.1680086976848543E-05
vt 0.60326439142227173 0.00010435313743073493
vt 0.60361528396606445 0.0003348410245962441
vt 0.60384577512741089 0.00068573758471757174
vt 0.6027790904045105 0.0016156844794750214
vt 0.60160565376281738 0.0018962178146466613
vt 0.6027790904045105 0.002423526719212532
vt 0.6027790904045105 0.0020196055993437767
vt 0.60219240188598633 0.002423526719212532
vt 0.60219240188598633 0.0016156844794750214
vt 0.60219240188598633 0.0020196055993437767
vt 0.99822252988815308 0
vt 0.99624758958816528 0.00041949699516408145
vt 0.99427264928817749 0.00041949699516408145
vt 0.99624758958816528 0.00082317175110802054
vt 0.99427264928817749 0.00082317175110802054
vt 0.99624758958816528 0.0012245365651324391
vt 0.99427264928817749 0.0012245365651324391
vt 0.99624758958816528 0.001625901204533875
vt 0.99427264928817749 0.001625901204533875
vt 0.99624758958816528 0.0020453983452171087
vt 0.99427264928817749 0.0020453983452171087
vt 0.99624758958816528 0.0024490731302648783
vt 0.99427264928817749 0.0024490731302648783
vt 0.99624758958816528 0.0028504377696663141
vt 0.99427264928817749 0.0028504377696663141
vt 0.99822252988815308 0.00325180240906775
vt 0.99229764938354492 0.00325180240906775
vt 0.99822252988815308 0.00040647530113346875
vt 0.99822252988815308 0.00081295060226693749
vt 0.99822252988815308 0.0012194259325042367
vt 0.99822252988815308 0.001625901204533875
vt 0.99822252988815308 0.0020323765929788351
vt 0.99822252988815308 0.0024388518650084734
vt 0.99822252988815308 0.0028453271370381117
vt 0.99723505973815918 0.00041949699516408145
vt 0.99624758958816528 0.00020974849758204073
vt 0.99723505973815918 0.00020974849758204073
vt 0.99723505973815918 0.00082317175110802054
vt 0.99624758958816528 0.00062133435858413577
vt 0.99723505973815918 0.00062133435858413577
vt 0.99723505973815918 0.0012245365651324391
vt 0.99624758958816528 0.0010238541290163994
vt 0.99723505973815918 0.0010238541290163994
vt 0.99723505973815918 0.001625901204533875
vt 0.99624758958816528 0.0014252188848331571
vt 0.99723505973815918 0.0014252188848331571
vt 0.99723505973815918 0.0020453983452171087
vt 0.99624758958816528 0.0018356497166678309
vt 0.99723505973815918 0.0018356497166678309
vt 0.99723505973815918 0.0024490731302648783
vt 0.99624758958816528 0.0022472355049103498
vt 0.99723505973815918 0.0022472355049103498
vt 0.99723505973815918 0.0028504377696663141
vt 0.99624758958816528 0.0026497554499655962
vt 0.99723505973815918 0.0026497554499655962
vt 0.99624758958816528 0.0030511200893670321
vt 0.99723505973815918 0.0030511200893670321
vt 0.99229764938354492 0.0028453271370381117
vt 0.99229764938354492 0.0024388518650084734
vt 0.99229764938354492 0.0020323765929788351
vt 0.99229764938354492 0.001625901204533875
vt 0.99229764938354492 0.0012194259325042367
vt 0.99229764938354492 0.00081295060226693749
vt 0.99229764938354492 0.00040647530113346875
vt 0.99328517913818359 0.0028504377696663141
vt 0.99427264928817749 0.0030511200893670321
vt 0.99328517913818359 0.0030511200893670321
vt 0.99328517913818359 0.0024490731302648783
vt 0.99427264928817749 0.0026497554499655962
vt 0.99328517913818359 0.0026497554499655962
vt 0.99328517913818359 0.0020453983452171087
vt 0.99427264928817749 0.0022472355049103498
vt 0.99328517913818359 0.0022472355049103498
vt 0.99328517913818359 0.001625901204533875
vt 0.99427264928817749 0.0018356497166678309
vt 0.99328517913818359 0.0018356497166678309
vt 0.99328517913818359 0.0012245365651324391
vt 0.99328517913818359 0.00082317175110802054
vt 0.99427264928817749 0.0010238541290163994
vt 0.99328517913818359 0.0010238541290163994
vt 0.99328517913818359 0.00041949699516408145
vt 0.99427264928817749 0.00062133435858413577
vt 0.99328517913818359 0.00062133435858413577
vt 0.99427264928817749 0.00020974849758204073
vt 0.99328517913818359 0.00020974849758204073
vt 0.99703758955001831 0.00325180240906775
vt 0.99585258960723877 0.00325180240906775
vt 0.99466758966445923 0.00325180240906775
vt 0.99348264932632446 0.00325180240906775
vt 0.99229764938354492 0
vt 0.99348264932632446 0
vt 0.99466758966445923 0
vt 0.99585258960723877 0
vt 0.99703758955001831 0
vt 0.46498537063598633 0.0080032031983137131
vt 0.45906049013137817 0.0080032031983137131
vt 0.46498537063598633 0.0095436694100499153
vt 0.45906049013137817 0.0095436694100499153
vt 0.46024546027183533 0.0080032031983137131
vt 0.46143043041229248 0.0080032031983137131
vt 0.46261540055274963 0.0080032031983137131
vt 0.46380040049552917 0.0080032031983137131
vt 0.46301040053367615 0.0095436694100499153
vt 0.46103546023368835 0.0095436694100499153
vt 0.17767541110515594 0.0059248683974146843
vt 0.17851331830024719 0
vt 0.17767541110515594 0
vt 0.17851331830024719 0.0059248683974146843
vt 0.17767541110515594 0.0039499122649431229
vt 0.17767541110515594 0.0019749561324715614
vt 0.17851331830024719 0.0019749561324715614
vt 0.17851331830024719 0.0039499122649431229
vt 0.31652545928955078 0
vt 0.31652545928955078 0.0059248683974146843
vt 0.31824573874473572 0
vt 0.31824573874473572 0.0059248683974146843
vt 0.31652545928955078 0.0039499122649431229
vt 0.31652545928955078 0.0019749561324715614
vt 0.31824573874473572 0.0014812170993536711
vt 0.31824573874473572 0.0029624341987073421
vt 0.31824573874473572 0.0044436510652303696
vt 0 0
vt 0.00024265534011647105 0
vt 0.00024265534011647105 0.0008464098209515214
vt 0.00024265534011647105 0.0016928196419030428
vt 0.00024265534011647105 0.0025392293464392424
vt 0.00024265534011647105 0.0033856392838060856
vt 0.00024265534011647105 0.0042320489883422852
vt 0.00024265534011647105 0.0050784586928784847
vt 1.2262252324646283E-09 0.0059248683974146843
vt 1.072947064528762E-09 0.0051842597313225269
vt 9.1966889659289563E-10 0.0044436510652303696
vt 7.6639072865702929E-10 0.0037030426319688559
vt 6.1311256072116294E-10 0.0029624341987073421
vt 4.598344205408722E-10 0.0022218255326151848
vt 3.0655628036058147E-10 0.0014812170993536711
vt 1.5327814018029073E-10 0.00074060854967683554
vt 0.00024265534011647105 0.0059248683974146843
vt 0.10894814878702164 0
vt 0.10894814878702164 0.0059248683974146843
vt 0.10977762937545776 0
vt 0.10977762937545776 0.0059248683974146843
vt 0.10977762937545776 0.0011849736329168081
vt 0.10977762937545776 0.0023699472658336163
vt 0.10977762937545776 0.003554921131581068
vt 0.10977762937545776 0.0047398945316672325
vt 0.10894814878702164 0.0050784586928784847
vt 0.10894814878702164 0.0042320489883422852
vt 0.10894814878702164 0.0033856392838060856
vt 0.10894814878702164 0.0025392293464392424
vt 0.10894814878702164 0.0016928196419030428
vt 0.10894814878702164 0.0008464098209515214
vt 1 0
vt 0.99822252988815308 0
vt 1 0.49521505832672119
vt 0.99822252988815308 0.49521505832672119
vt 1 0.0039936695247888565
vt 1 0.007987339049577713
vt 1 0.01198100857436657
vt 1 0.015974678099155426
vt 1 0.019968347623944283
vt 1 0.023962017148733139
vt 1 0.027955688536167145
vt 1 0.031949356198310852
vt 1 0.035943027585744858
vt 1 0.039936695247888565
vt 1 0.043930366635322571
vt 1 0.047924034297466278
vt 1 0.051917705684900284
vt 1 0.05591137707233429
vt 1 0.059905044734477997
vt 1 0.063898712396621704
vt 1 0.067892387509346008
vt 1 0.071886055171489716
vt 1 0.07587973028421402
vt 1 0.07987339049577713
vt 1 0.083867065608501434
vt 1 0.087860733270645142
vt 1 0.091854408383369446
vt 1 0.095848068594932556
vt 1 0.09984174370765686
vt 1 0.10383541136980057
vt 1 0.10782908648252487
vt 1 0.11182275414466858
vt 1 0.11581642180681229
vt 1 0.11981008946895599
vt 1 0.1238037645816803
vt 1 0.12779742479324341
vt 1 0.13179111480712891
vt 1 0.13578477501869202
vt 1 0.13977843523025513
vt 1 0.14377211034297943
vt 1 0.14776578545570374
vt 1 0.15175946056842804
vt 1 0.15575312077999115
vt 1 0.15974678099155426
vt 1 0.16374047100543976
vt 1 0.16773413121700287
vt 1 0.17172780632972717
vt 1 0.17572146654129028
vt 1 0.17971514165401459
vt 1 0.18370881676673889
vt 1 0.187702476978302
vt 1 0.19169613718986511
vt 1 0.19568982720375061
vt 1 0.19968348741531372
vt 1 0.20367716252803802
vt 1 0.20767082273960114
vt 1 0.21166449785232544
vt 1 0.21565817296504974
vt 1 0.21965183317661285
vt 1 0.22364550828933716
vt 1 0.22763918340206146
vt 1 0.23163284361362457
vt 1 0.23562651872634888
vt 1 0.23962017893791199
vt 1 0.24361385405063629
vt 1 0.2476075291633606
vt 1 0.25160118937492371
vt 1 0.25559484958648682
vt 1 0.25958850979804993
vt 1 0.26358222961425781
vt 1 0.26757588982582092
vt 1 0.27156955003738403
vt 1 0.27556321024894714
vt 1 0.27955687046051025
vt 1 0.28355056047439575
vt 1 0.28754422068595886
vt 1 0.29153788089752197
vt 1 0.29553157091140747
vt 1 0.29952523112297058
vt 1 0.30351892113685608
vt 1 0.30751258134841919
vt 1 0.3115062415599823
vt 1 0.31549990177154541
vt 1 0.31949356198310852
vt 1 0.32348725199699402
vt 1 0.32748094201087952
vt 1 0.33147460222244263
vt 1 0.33546826243400574
vt 1 0.33946192264556885
vt 1 0.34345561265945435
vt 1 0.34744927287101746
vt 1 0.35144293308258057
vt 1 0.35543659329414368
vt 1 0.35943028330802917
vt 1 0.36342394351959229
vt 1 0.36741763353347778
vt 1 0.37141129374504089
vt 1 0.375404953956604
vt 1 0.37939861416816711
vt 1 0.38339227437973022
vt 1 0.38738599419593811
vt 1 0.39137965440750122
vt 1 0.39537331461906433
vt 1 0.39936697483062744
vt 1 0.40336063504219055
vt 1 0.40735432505607605
vt 1 0.41134798526763916
vt 1 0.41534164547920227
vt 1 0.41933533549308777
vt 1 0.42332899570465088
vt 1 0.42732268571853638
vt 1 0.43131634593009949
vt 1 0.4353100061416626
vt 1 0.43930366635322571
vt 1 0.44329732656478882
vt 1 0.44729101657867432
vt 1 0.45128470659255981
vt 1 0.45527836680412292
vt 1 0.45927202701568604
vt 1 0.46326568722724915
vt 1 0.46725934743881226
vt 1 0.47125303745269775
vt 1 0.47524669766426086
vt 1 0.47924035787582397
vt 1 0.48323404788970947
vt 1 0.48722770810127258
vt 1 0.49122139811515808
vt 0.99822252988815308 0.4912533164024353
vt 0.99822252988815308 0.48729163408279419
vt 0.99822252988815308 0.4833298921585083
vt 0.99822252988815308 0.4793681800365448
vt 0.99822252988815308 0.47540643811225891
vt 0.99822252988815308 0.4714447557926178
vt 0.99822252988815308 0.46748301386833191
vt 0.99822252988815308 0.46352127194404602
vt 0.99822252988815308 0.45955955982208252
vt 0.99822252988815308 0.45559784770011902
vt 0.99822252988815308 0.45163613557815552
vt 0.99822252988815308 0.44767439365386963
vt 0.99822252988815308 0.44371271133422852
vt 0.99822252988815308 0.43975096940994263
vt 0.99822252988815308 0.43578925728797913
vt 0.99822252988815308 0.43182751536369324
vt 0.99822252988815308 0.42786580324172974
vt 0.99822252988815308 0.42390409111976624
vt 0.99822252988815308 0.41994234919548035
vt 0.99822252988815308 0.41598063707351685
vt 0.99822252988815308 0.41201892495155334
vt 0.99822252988815308 0.40805721282958984
vt 0.99822252988815308 0.40409547090530396
vt 0.99822252988815308 0.40013378858566284
vt 0.99822252988815308 0.39617204666137695
vt 0.99822252988815308 0.39221033453941345
vt 0.99822252988815308 0.38824859261512756
vt 0.99822252988815308 0.38428688049316406
vt 0.99822252988815308 0.38032516837120056
vt 0.99822252988815308 0.37636342644691467
vt 0.99822252988815308 0.37240171432495117
vt 0.99822252988815308 0.36844000220298767
vt 0.99822252988815308 0.36447829008102417
vt 0.99822252988815308 0.36051654815673828
vt 0.99822252988815308 0.35655486583709717
vt 0.99822252988815308 0.35259312391281128
vt 0.99822252988815308 0.34863138198852539
vt 0.99822252988815308 0.34466966986656189
vt 0.99822252988815308 0.34070795774459839
vt 0.99822252988815308 0.33674624562263489
vt 0.99822252988815308 0.332784503698349
vt 0.99822252988815308 0.3288227915763855
vt 0.99822252988815308 0.324861079454422
vt 0.99822252988815308 0.3208993673324585
vt 0.99822252988815308 0.31693762540817261
vt 0.99822252988815308 0.31297594308853149
vt 0.99822252988815308 0.30901420116424561
vt 0.99822252988815308 0.30505245923995972
vt 0.99822252988815308 0.30109074711799622
vt 0.99822252988815308 0.29712903499603271
vt 0.99822252988815308 0.29316732287406921
vt 0.99822252988815308 0.28920558094978333
vt 0.99822252988815308 0.28524386882781982
vt 0.99822252988815308 0.28128215670585632
vt 0.99822252988815308 0.27732044458389282
vt 0.99822252988815308 0.27335870265960693
vt 0.99822252988815308 0.26939699053764343
vt 0.99822252988815308 0.26543527841567993
vt 0.99822252988815308 0.26147353649139404
vt 0.99822252988815308 0.25751182436943054
vt 0.99822252988815308 0.25355011224746704
vt 0.99822252988815308 0.24958838522434235
vt 0.99822252988815308 0.24562665820121765
vt 0.99822252988815308 0.24166494607925415
vt 0.99822252988815308 0.23770321905612946
vt 0.99822252988815308 0.23374150693416595
vt 0.99822252988815308 0.22977977991104126
vt 0.99822252988815308 0.22581806778907776
vt 0.99822252988815308 0.22185635566711426
vt 0.99822252988815308 0.21789462864398956
vt 0.99822252988815308 0.21393290162086487
vt 0.99822252988815308 0.20997117459774017
vt 0.99822252988815308 0.20600946247577667
vt 0.99822252988815308 0.20204773545265198
vt 0.99822252988815308 0.19808602333068848
vt 0.99822252988815308 0.19412429630756378
vt 0.99822252988815308 0.19016258418560028
vt 0.99822252988815308 0.18620085716247559
vt 0.99822252988815308 0.18223914504051208
vt 0.99822252988815308 0.17827743291854858
vt 0.99822252988815308 0.1743156909942627
vt 0.99822252988815308 0.17035397887229919
vt 0.99822252988815308 0.1663922518491745
vt 0.99822252988815308 0.162430539727211
vt 0.99822252988815308 0.1584688127040863
vt 0.99822252988815308 0.1545071005821228
vt 0.99822252988815308 0.15054537355899811
vt 0.99822252988815308 0.14658366143703461
vt 0.99822252988815308 0.14262193441390991
vt 0.99822252988815308 0.13866022229194641
vt 0.99822252988815308 0.13469849526882172
vt 0.99822252988815308 0.13073676824569702
vt 0.99822252988815308 0.12677505612373352
vt 0.99822252988815308 0.12281332910060883
vt 0.99822252988815308 0.11885160952806473
vt 0.99822252988815308 0.11488988995552063
vt 0.99822252988815308 0.11092817783355713
vt 0.99822252988815308 0.10696645081043243
vt 0.99822252988815308 0.10300473123788834
vt 0.99822252988815308 0.099043011665344238
vt 0.99822252988815308 0.09508129209280014
vt 0.99822252988815308 0.091119572520256042
vt 0.99822252988815308 0.087157845497131348
vt 0.99822252988815308 0.08319612592458725
vt 0.99822252988815308 0.079234406352043152
vt 0.99822252988815308 0.075272686779499054
vt 0.99822252988815308 0.071310967206954956
vt 0.99822252988815308 0.067349247634410858
vt 0.99822252988815308 0.06338752806186676
vt 0.99822252988815308 0.059425804764032364
vt 0.99822252988815308 0.055464088916778564
vt 0.99822252988815308 0.051502365618944168
vt 0.99822252988815308 0.04754064604640007
vt 0.99822252988815308 0.043578922748565674
vt 0.99822252988815308 0.039617203176021576
vt 0.99822252988815308 0.035655483603477478
vt 0.99822252988815308 0.03169376403093338
vt 0.99822252988815308 0.027732044458389282
vt 0.99822252988815308 0.023770323023200035
vt 0.99822252988815308 0.019808601588010788
vt 0.99822252988815308 0.01584688201546669
vt 0.99822252988815308 0.011885161511600018
vt 0.99822252988815308 0.007923441007733345
vt 0.99822252988815308 0.0039617205038666725
vt 0.99911129474639893 0.0053248931653797626
vt 0.99911129474639893 0.015974678099155426
vt 0.99911129474639893 0.021299572661519051
vt 0.99911129474639893 0.031949356198310852
vt 0.99911129474639893 0.026624465361237526
vt 0.99911129474639893 0.037274252623319626
vt 0.99911129474639893 0.042599145323038101
vt 0.99911129474639893 0.053248930722475052
vt 0.99911129474639893 0.047924034297466278
vt 0.99911129474639893 0.063898712396621704
vt 0.99911129474639893 0.058573823422193527
vt 0.99911129474639893 0.069223612546920776
vt 0.99911129474639893 0.074548505246639252
vt 0.99911129474639893 0.07987339049577713
vt 0.99911129474639893 0.085198290646076202
vt 0.99911129474639893 0.090523183345794678
vt 0.99911129474639893 0.095848068594932556
vt 0.99911129474639893 0.10117296874523163
vt 0.99911129474639893 0.11182275414466858
vt 0.99911129474639893 0.1064978614449501
vt 0.99911129474639893 0.11714764684438705
vt 0.99911129474639893 0.12247253954410553
vt 0.99911129474639893 0.12779742479324341
vt 0.99911129474639893 0.13312232494354248
vt 0.99911129474639893 0.13844722509384155
vt 0.99911129474639893 0.1490970104932785
vt 0.99911129474639893 0.14377211034297943
vt 0.99911129474639893 0.15974678099155426
vt 0.99911129474639893 0.15442189574241638
vt 0.99911129474639893 0.16507169604301453
vt 0.99911129474639893 0.1703965812921524
vt 0.99911129474639893 0.17572146654129028
vt 0.99911129474639893 0.18104636669158936
vt 0.99911129474639893 0.19169613718986511
vt 0.99911129474639893 0.18637125194072723
vt 0.99911129474639893 0.19702105224132538
vt 0.99911129474639893 0.20234593749046326
vt 0.99911129474639893 0.20767082273960114
vt 0.99911129474639893 0.21299572288990021
vt 0.99911129474639893 0.21832060813903809
vt 0.99911129474639893 0.22897040843963623
vt 0.99911129474639893 0.22364550828933716
vt 0.99911129474639893 0.23962017893791199
vt 0.99911129474639893 0.23429529368877411
vt 0.99911129474639893 0.24494507908821106
vt 0.99911129474639893 0.25026997923851013
vt 0.99911129474639893 0.25559484958648682
vt 0.99911129474639893 0.26091974973678589
vt 0.99911129474639893 0.26624464988708496
vt 0.99911129474639893 0.27689445018768311
vt 0.99911129474639893 0.27156955003738403
vt 0.99911129474639893 0.28221932053565979
vt 0.99911129474639893 0.28754422068595886
vt 0.99911129474639893 0.29286909103393555
vt 0.99911129474639893 0.30351892113685608
vt 0.99911129474639893 0.29819402098655701
vt 0.99911129474639893 0.30884379148483276
vt 0.99911129474639893 0.31416869163513184
vt 0.99911129474639893 0.31949356198310852
vt 0.99911129474639893 0.32481846213340759
vt 0.99911129474639893 0.33014339208602905
vt 0.99911129474639893 0.34079316258430481
vt 0.99911129474639893 0.33546826243400574
vt 0.99911129474639893 0.34611803293228149
vt 0.99911129474639893 0.35144293308258057
vt 0.99911129474639893 0.35676786303520203
vt 0.99911129474639893 0.36209273338317871
vt 0.99911129474639893 0.37274250388145447
vt 0.99911129474639893 0.36741763353347778
vt 0.99911129474639893 0.37806740403175354
vt 0.99911129474639893 0.38871720433235168
vt 0.99911129474639893 0.38339227437973022
vt 0.99911129474639893 0.39404210448265076
vt 0.99911129474639893 0.39936697483062744
vt 0.99911129474639893 0.40469187498092651
vt 0.99911129474639893 0.4100167453289032
vt 0.99911129474639893 0.42066657543182373
vt 0.99911129474639893 0.41534164547920227
vt 0.99911129474639893 0.43131634593009949
vt 0.99911129474639893 0.42599144577980042
vt 0.99911129474639893 0.43664121627807617
vt 0.99911129474639893 0.44196611642837524
vt 0.99911129474639893 0.45261591672897339
vt 0.99911129474639893 0.44729101657867432
vt 0.99911129474639893 0.46326568722724915
vt 0.99911129474639893 0.45794081687927246
vt 0.99911129474639893 0.46859058737754822
vt 0.99911129474639893 0.4739154577255249
vt 0.99911129474639893 0.47924035787582397
vt 0.99911129474639893 0.48456528782844543
vt 0.99911129474639893 0.48989015817642212
vt 0 0.0095436694100499153
vt 0 0.011321130208671093
vt 0.49526011943817139 0.0095436694100499153
vt 0.49526011943817139 0.011321130208671093
vt 0.007861272431910038 0.0095436694100499153
vt 0.015722544863820076 0.0095436694100499153
vt 0.02358381450176239 0.0095436694100499153
vt 0.031445089727640152 0.0095436694100499153
vt 0.039306357502937317 0.0095436694100499153
vt 0.04716762900352478 0.0095436694100499153
vt 0.055028900504112244 0.0095436694100499153
vt 0.062890179455280304 0.0095436694100499153
vt 0.07075144350528717 0.0095436694100499153
vt 0.078612715005874634 0.0095436694100499153
vt 0.086473986506462097 0.0095436694100499153
vt 0.094335258007049561 0.0095436694100499153
vt 0.10219652950763702 0.0095436694100499153
vt 0.11005780100822449 0.0095436694100499153
vt 0.11791907250881195 0.0095436694100499153
vt 0.12578035891056061 0.0095436694100499153
vt 0.13364161550998688 0.0095436694100499153
vt 0.14150288701057434 0.0095436694100499153
vt 0.1493641585111618 0.0095436694100499153
vt 0.15722543001174927 0.0095436694100499153
vt 0.16508670151233673 0.0095436694100499153
vt 0.17294797301292419 0.0095436694100499153
vt 0.18080924451351166 0.0095436694100499153
vt 0.18867051601409912 0.0095436694100499153
vt 0.19653178751468658 0.0095436694100499153
vt 0.20439305901527405 0.0095436694100499153
vt 0.21225433051586151 0.0095436694100499153
vt 0.22011560201644897 0.0095436694100499153
vt 0.22797687351703644 0.0095436694100499153
vt 0.2358381450176239 0.0095436694100499153
vt 0.24369941651821136 0.0095436694100499153
vt 0.25156071782112122 0.0095436694100499153
vt 0.25942197442054749 0.0095436694100499153
vt 0.26728323101997375 0.0095436694100499153
vt 0.27514451742172241 0.0095436694100499153
vt 0.28300577402114868 0.0095436694100499153
vt 0.29086706042289734 0.0095436694100499153
vt 0.29872831702232361 0.0095436694100499153
vt 0.30658960342407227 0.0095436694100499153
vt 0.31445086002349854 0.0095436694100499153
vt 0.32231214642524719 0.0095436694100499153
vt 0.33017340302467346 0.0095436694100499153
vt 0.33803468942642212 0.0095436694100499153
vt 0.34589594602584839 0.0095436694100499153
vt 0.35375723242759705 0.0095436694100499153
vt 0.36161848902702332 0.0095436694100499153
vt 0.36947977542877197 0.0095436694100499153
vt 0.37734103202819824 0.0095436694100499153
vt 0.3852023184299469 0.0095436694100499153
vt 0.39306357502937317 0.0095436694100499153
vt 0.40092486143112183 0.0095436694100499153
vt 0.4087861180305481 0.0095436694100499153
vt 0.41664740443229675 0.0095436694100499153
vt 0.42450866103172302 0.0095436694100499153
vt 0.43236994743347168 0.0095436694100499153
vt 0.44023120403289795 0.0095436694100499153
vt 0.44809249043464661 0.0095436694100499153
vt 0.45595374703407288 0.0095436694100499153
vt 0.46381503343582153 0.0095436694100499153
vt 0.4716762900352478 0.0095436694100499153
vt 0.47953757643699646 0.0095436694100499153
vt 0.48739883303642273 0.0095436694100499153
vt 0.48739883303642273 0.011321130208671093
vt 0.47953757643699646 0.011321130208671093
vt 0.4716762900352478 0.011321130208671093
vt 0.46381503343582153 0.011321130208671093
vt 0.45595374703407288 0.011321130208671093
vt 0.44809249043464661 0.011321130208671093
vt 0.44023120403289795 0.011321130208671093
vt 0.43236994743347168 0.011321130208671093
vt 0.42450866103172302 0.011321130208671093
vt 0.41664740443229675 0.011321130208671093
vt 0.4087861180305481 0.011321130208671093
vt 0.40092486143112183 0.011321130208671093
vt 0.39306357502937317 0.011321130208671093
vt 0.3852023184299469 0.011321130208671093
vt 0.37734103202819824 0.011321130208671093
vt 0.36947977542877197 0.011321130208671093
vt 0.36161848902702332 0.011321130208671093
vt 0.35375723242759705 0.011321130208671093
vt 0.34589594602584839 0.011321130208671093
vt 0.33803468942642212 0.011321130208671093
vt 0.33017340302467346 0.011321130208671093
vt 0.32231214642524719 0.011321130208671093
vt 0.31445086002349854 0.011321130208671093
vt 0.30658960342407227 0.011321130208671093
vt 0.29872831702232361 0.011321130208671093
vt 0.29086706042289734 0.011321130208671093
vt 0.28300577402114868 0.011321130208671093
vt 0.27514451742172241 0.011321130208671093
vt 0.26728323101997375 0.011321130208671093
vt 0.25942197442054749 0.011321130208671093
vt 0.25156071782112122 0.011321130208671093
vt 0.24369941651821136 0.011321130208671093
vt 0.2358381450176239 0.011321130208671093
vt 0.22797687351703644 0.011321130208671093
vt 0.22011560201644897 0.011321130208671093
vt 0.21225433051586151 0.011321130208671093
vt 0.20439305901527405 0.011321130208671093
vt 0.19653178751468658 0.011321130208671093
vt 0.18867051601409912 0.011321130208671093
vt 0.18080924451351166 0.011321130208671093
vt 0.17294797301292419 0.011321130208671093
vt 0.16508670151233673 0.011321130208671093
vt 0.15722543001174927 0.011321130208671093
vt 0.1493641585111618 0.011321130208671093
vt 0.14150288701057434 0.011321130208671093
vt 0.13364161550998688 0.011321130208671093
vt 0.12578035891056061 0.011321130208671093
vt 0.11791907250881195 0.011321130208671093
vt 0.11005780100822449 0.011321130208671093
vt 0.10219652950763702 0.011321130208671093
vt 0.094335258007049561 0.011321130208671093
vt 0.086473986506462097 0.011321130208671093
vt 0.078612715005874634 0.011321130208671093
vt 0.07075144350528717 0.011321130208671093
vt 0.062890179455280304 0.011321130208671093
vt 0.055028900504112244 0.011321130208671093
vt 0.04716762900352478 0.011321130208671093
vt 0.039306357502937317 0.011321130208671093
vt 0.031445089727640152 0.011321130208671093
vt 0.02358381450176239 0.011321130208671093
vt 0.015722544863820076 0.011321130208671093
vt 0.007861272431910038 0.011321130208671093
vt 0.99229764938354492 0.62868291139602661
vt 0.99052023887634277 0.62868291139602661
vt 0.99052023887634277 0.0010790311498567462
vt 0.99229764938354492 0.0010790309170261025
vt 0.99229764938354492 0.0090233832597732544
vt 0.99229764938354492 0.016967736184597015
vt 0.99229764938354492 0.024912089109420776
vt 0.99229764938354492 0.032856442034244537
vt 0.99229764938354492 0.040800794959068298
vt 0.99229764938354492 0.048745147883892059
vt 0.99229764938354492 0.05668950080871582
vt 0.99229764938354492 0.064633853733539581
vt 0.99229764938354492 0.072578206658363342
vt 0.99229764938354492 0.080522559583187103
vt 0.99229764938354492 0.088466912508010864
vt 0.99229764938354492 0.096411265432834625
vt 0.99229764938354492 0.10435561835765839
vt 0.99229764938354492 0.11229997128248215
vt 0.99229764938354492 0.12024432420730591
vt 0.99229764938354492 0.12818866968154907
vt 0.99229764938354492 0.13613303005695343
vt 0.99229764938354492 0.14407739043235779
vt 0.99229764938354492 0.15202173590660095
vt 0.99229764938354492 0.15996609628200531
vt 0.99229764938354492 0.16791042685508728
vt 0.99229764938354492 0.17585478723049164
vt 0.99229764938354492 0.183799147605896
vt 0.99229764938354492 0.19174349308013916
vt 0.99229764938354492 0.19968785345554352
vt 0.99229764938354492 0.20763221383094788
vt 0.99229764938354492 0.21557655930519104
vt 0.99229764938354492 0.2235209047794342
vt 0.99229764938354492 0.23146526515483856
vt 0.99229764938354492 0.23940961062908173
vt 0.99229764938354492 0.24735397100448608
vt 0.99229764938354492 0.25529831647872925
vt 0.99229764938354492 0.26324266195297241
vt 0.99229764938354492 0.27118703722953796
vt 0.99229764938354492 0.27913138270378113
vt 0.99229764938354492 0.28707572817802429
vt 0.99229764938354492 0.29502010345458984
vt 0.99229764938354492 0.30296441912651062
vt 0.99229764938354492 0.31090879440307617
vt 0.99229764938354492 0.31885313987731934
vt 0.99229764938354492 0.32679751515388489
vt 0.99229764938354492 0.33474186062812805
vt 0.99229764938354492 0.34268617630004883
vt 0.99229764938354492 0.35063058137893677
vt 0.99229764938354492 0.35857489705085754
vt 0.99229764938354492 0.36651924252510071
vt 0.99229764938354492 0.37446361780166626
vt 0.99229764938354492 0.38240796327590942
vt 0.99229764938354492 0.39035230875015259
vt 0.99229764938354492 0.39829668402671814
vt 0.99229764938354492 0.4062410295009613
vt 0.99229764938354492 0.41418537497520447
vt 0.99229764938354492 0.42212975025177002
vt 0.99229764938354492 0.43007409572601318
vt 0.99229764938354492 0.43801844120025635
vt 0.99229764938354492 0.4459628164768219
vt 0.99229764938354492 0.45390713214874268
vt 0.99229764938354492 0.46185147762298584
vt 0.99229764938354492 0.46979585289955139
vt 0.99229764938354492 0.47774019837379456
vt 0.99229764938354492 0.48568454384803772
vt 0.99229764938354492 0.49362888932228088
vt 0.99229764938354492 0.50157326459884644
vt 0.99229764938354492 0.5095176100730896
vt 0.99229764938354492 0.51746195554733276
vt 0.99229764938354492 0.52540630102157593
vt 0.99229764938354492 0.53335064649581909
vt 0.99229764938354492 0.54129499197006226
vt 0.99229764938354492 0.5492393970489502
vt 0.99229764938354492 0.55718374252319336
vt 0.99229764938354492 0.56512808799743652
vt 0.99229764938354492 0.57307243347167969
vt 0.99229764938354492 0.58101677894592285
vt 0.99229764938354492 0.58896112442016602
vt 0.99229764938354492 0.59690552949905396
vt 0.99229764938354492 0.60484981536865234
vt 0.99229764938354492 0.61279416084289551
vt 0.99229764938354492 0.62073856592178345
vt 0.99052023887634277 0.62073856592178345
vt 0.99052023887634277 0.61279416084289551
vt 0.99052023887634277 0.60484981536865234
vt 0.99052023887634277 0.59690552949905396
vt 0.99052023887634277 0.58896112442016602
vt 0.99052023887634277 0.58101677894592285
vt 0.99052023887634277 0.57307243347167969
vt 0.99052023887634277 0.56512808799743652
vt 0.99052023887634277 0.55718374252319336
vt 0.99052023887634277 0.5492393970489502
vt 0.99052023887634277 0.54129499197006226
vt 0.99052023887634277 0.53335064649581909
vt 0.99052023887634277 0.52540630102157593
vt 0.99052023887634277 0.51746195554733276
vt 0.99052023887634277 0.5095176100730896
vt 0.99052023887634277 0.50157326459884644
vt 0.99052023887634277 0.49362888932228088
vt 0.99052023887634277 0.48568454384803772
vt 0.99052023887634277 0.47774019837379456
vt 0.99052023887634277 0.46979585289955139
vt 0.99052023887634277 0.46185147762298584
vt 0.99052023887634277 0.45390713214874268
vt 0.99052023887634277 0.4459628164768219
vt 0.99052023887634277 0.43801844120025635
vt 0.99052023887634277 0.43007409572601318
vt 0.99052023887634277 0.42212975025177002
vt 0.99052023887634277 0.41418537497520447
vt 0.99052023887634277 0.4062410295009613
vt 0.99052023887634277 0.39829668402671814
vt 0.99052023887634277 0.39035230875015259
vt 0.99052023887634277 0.38240796327590942
vt 0.99052023887634277 0.37446361780166626
vt 0.99052023887634277 0.36651924252510071
vt 0.99052023887634277 0.35857489705085754
vt 0.99052023887634277 0.35063058137893677
vt 0.99052023887634277 0.34268617630004883
vt 0.99052023887634277 0.33474186062812805
vt 0.99052023887634277 0.32679751515388489
vt 0.99052023887634277 0.31885313987731934
vt 0.99052023887634277 0.31090879440307617
vt 0.99052023887634277 0.30296441912651062
vt 0.99052023887634277 0.29502010345458984
vt 0.99052023887634277 0.28707572817802429
vt 0.99052023887634277 0.27913138270378113
vt 0.99052023887634277 0.27118703722953796
vt 0.99052023887634277 0.26324266195297241
vt 0.99052023887634277 0.25529831647872925
vt 0.99052023887634277 0.24735397100448608
vt 0.99052023887634277 0.23940961062908173
vt 0.99052023887634277 0.23146526515483856
vt 0.99052023887634277 0.2235209047794342
vt 0.99052023887634277 0.21557655930519104
vt 0.99052023887634277 0.20763221383094788
vt 0.99052023887634277 0.19968785345554352
vt 0.99052023887634277 0.19174349308013916
vt 0.99052023887634277 0.183799147605896
vt 0.99052023887634277 0.17585478723049164
vt 0.99052023887634277 0.16791042685508728
vt 0.99052023887634277 0.15996609628200531
vt 0.99052023887634277 0.15202173590660095
vt 0.99052023887634277 0.14407739043235779
vt 0.99052023887634277 0.13613303005695343
vt 0.99052023887634277 0.12818866968154907
vt 0.99052023887634277 0.12024432420730591
vt 0.99052023887634277 0.11229997128248215
vt 0.99052023887634277 0.10435561835765839
vt 0.99052023887634277 0.096411265432834625
vt 0.99052023887634277 0.088466912508010864
vt 0.99052023887634277 0.080522559583187103
vt 0.99052023887634277 0.072578206658363342
vt 0.99052023887634277 0.064633853733539581
vt 0.99052023887634277 0.05668950080871582
vt 0.99052023887634277 0.048745147883892059
vt 0.99052023887634277 0.040800794959068298
vt 0.99052023887634277 0.032856442034244537
vt 0.99052023887634277 0.024912089109420776
vt 0.99052023887634277 0.016967736184597015
vt 0.99052023887634277 0.009023384191095829
vt 0 0.011321130208671093
vt 0 0.013098590075969696
vt 0.010641507804393768 0.012209859676659107
vt 0.031924519687891006 0.012209859676659107
vt 0.59592437744140625 0.012209859676659107
vt 0.61720740795135498 0.012209859676659107
vt 0.62760376930236816 0.011321130208671093
vt 0.62760376930236816 0.013098590075969696
vt 0.62252819538116455 0.012209859676659107
vt 0.61720740795135498 0.0117654949426651
vt 0.62252819538116455 0.0117654949426651
vt 0.61720740795135498 0.012654225341975689
vt 0.62252819538116455 0.012654225341975689
vt 0.010641507804393768 0.012654225341975689
vt 0.0053207539021968842 0.012209859676659107
vt 0.0053207539021968842 0.012654225341975689
vt 0.010641507804393768 0.0117654949426651
vt 0.0053207539021968842 0.0117654949426651
vt 0.0079443510621786118 0.011321130208671093
vt 0.015888702124357224 0.011321130208671093
vt 0.023833055049180984 0.011321130208671093
vt 0.031777404248714447 0.011321130208671093
vt 0.039721757173538208 0.011321130208671093
vt 0.047666110098361969 0.011321130208671093
vt 0.055610459297895432 0.011321130208671093
vt 0.063554808497428894 0.011321130208671093
vt 0.071499161422252655 0.011321130208671093
vt 0.079443514347076416 0.011321130208671093
vt 0.08738785982131958 0.011321130208671093
vt 0.095332220196723938 0.011321130208671093
vt 0.1032765656709671 0.011321130208671093
vt 0.11122091859579086 0.011321130208671093
vt 0.11916526407003403 0.011321130208671093
vt 0.12710961699485779 0.011321130208671093
vt 0.13505396246910095 0.011321130208671093
vt 0.14299832284450531 0.011321130208671093
vt 0.15094268321990967 0.011321130208671093
vt 0.15888702869415283 0.011321130208671093
vt 0.166831374168396 0.011321130208671093
vt 0.17477571964263916 0.011321130208671093
vt 0.18272008001804352 0.011321130208671093
vt 0.19066444039344788 0.011321130208671093
vt 0.19860877096652985 0.011321130208671093
vt 0.2065531313419342 0.011321130208671093
vt 0.21449749171733856 0.011321130208671093
vt 0.22244183719158173 0.011321130208671093
vt 0.23038619756698608 0.011321130208671093
vt 0.23833052814006805 0.011321130208671093
vt 0.24627488851547241 0.011321130208671093
vt 0.25421923398971558 0.011321130208671093
vt 0.26216360926628113 0.011321130208671093
vt 0.2701079249382019 0.011321130208671093
vt 0.27805230021476746 0.011321130208671093
vt 0.28599664568901062 0.011321130208671093
vt 0.29394099116325378 0.011321130208671093
vt 0.30188536643981934 0.011321130208671093
vt 0.30982968211174011 0.011321130208671093
vt 0.31777405738830566 0.011321130208671093
vt 0.32571837306022644 0.011321130208671093
vt 0.33366274833679199 0.011321130208671093
vt 0.34160709381103516 0.011321130208671093
vt 0.34955143928527832 0.011321130208671093
vt 0.35749581456184387 0.011321130208671093
vt 0.36544016003608704 0.011321130208671093
vt 0.3733845055103302 0.011321130208671093
vt 0.38132888078689575 0.011321130208671093
vt 0.38927322626113892 0.011321130208671093
vt 0.39721754193305969 0.011321130208671093
vt 0.40516191720962524 0.011321130208671093
vt 0.41310626268386841 0.011321130208671093
vt 0.42105060815811157 0.011321130208671093
vt 0.42899498343467712 0.011321130208671093
vt 0.43693932890892029 0.011321130208671093
vt 0.44488367438316345 0.011321130208671093
vt 0.452828049659729 0.011321130208671093
vt 0.46077239513397217 0.011321130208671093
vt 0.46871671080589294 0.011321130208671093
vt 0.47666105628013611 0.011321130208671093
vt 0.48460543155670166 0.011321130208671093
vt 0.49254977703094482 0.011321130208671093
vt 0.50049412250518799 0.011321130208671093
vt 0.50843846797943115 0.011321130208671093
vt 0.51638281345367432 0.011321130208671093
vt 0.52432721853256226 0.011321130208671093
vt 0.53227156400680542 0.011321130208671093
vt 0.54021584987640381 0.011321130208671093
vt 0.54816025495529175 0.011321130208671093
vt 0.55610460042953491 0.011321130208671093
vt 0.56404894590377808 0.011321130208671093
vt 0.57199329137802124 0.011321130208671093
vt 0.5799376368522644 0.011321130208671093
vt 0.58788198232650757 0.011321130208671093
vt 0.59582638740539551 0.011321130208671093
vt 0.60377073287963867 0.011321130208671093
vt 0.61171501874923706 0.011321130208671093
vt 0.61965936422348022 0.011321130208671093
vt 0.61965936422348022 0.013098590075969696
vt 0.61171501874923706 0.013098590075969696
vt 0.60377073287963867 0.013098590075969696
vt 0.59582638740539551 0.013098590075969696
vt 0.58788198232650757 0.013098590075969696
vt 0.5799376368522644 0.013098590075969696
vt 0.57199329137802124 0.013098590075969696
vt 0.56404894590377808 0.013098590075969696
vt 0.55610460042953491 0.013098590075969696
vt 0.54816025495529175 0.013098590075969696
vt 0.54021584987640381 0.013098590075969696
vt 0.53227156400680542 0.013098590075969696
vt 0.52432721853256226 0.013098590075969696
vt 0.51638281345367432 0.013098590075969696
vt 0.50843846797943115 0.013098590075969696
vt 0.50049412250518799 0.013098590075969696
vt 0.49254977703094482 0.013098590075969696
vt 0.48460543155670166 0.013098590075969696
vt 0.47666105628013611 0.013098590075969696
vt 0.46871671080589294 0.013098590075969696
vt 0.46077239513397217 0.013098590075969696
vt 0.452828049659729 0.013098590075969696
vt 0.44488367438316345 0.013098590075969696
vt 0.43693932890892029 0.013098590075969696
vt 0.42899498343467712 0.013098590075969696
vt 0.42105060815811157 0.013098590075969696
vt 0.41310626268386841 0.013098590075969696
vt 0.40516191720962524 0.013098590075969696
vt 0.39721754193305969 0.013098590075969696
vt 0.38927322626113892 0.013098590075969696
vt 0.38132888078689575 0.013098590075969696
vt 0.3733845055103302 0.013098590075969696
vt 0.36544016003608704 0.013098590075969696
vt 0.35749581456184387 0.013098590075969696
vt 0.34955143928527832 0.013098590075969696
vt 0.34160709381103516 0.013098590075969696
vt 0.33366274833679199 0.013098590075969696
vt 0.32571837306022644 0.013098590075969696
vt 0.31777405738830566 0.013098590075969696
vt 0.30982968211174011 0.013098590075969696
vt 0.30188536643981934 0.013098590075969696
vt 0.29394099116325378 0.013098590075969696
vt 0.28599664568901062 0.013098590075969696
vt 0.27805230021476746 0.013098590075969696
vt 0.2701079249382019 0.013098590075969696
vt 0.26216360926628113 0.013098590075969696
vt 0.25421923398971558 0.013098590075969696
vt 0.24627488851547241 0.013098590075969696
vt 0.23833052814006805 0.013098590075969696
vt 0.23038619756698608 0.013098590075969696
vt 0.22244183719158173 0.013098590075969696
vt 0.21449749171733856 0.013098590075969696
vt 0.2065531313419342 0.013098590075969696
vt 0.19860877096652985 0.013098590075969696
vt 0.19066444039344788 0.013098590075969696
vt 0.18272008001804352 0.013098590075969696
vt 0.17477571964263916 0.013098590075969696
vt 0.166831374168396 0.013098590075969696
vt 0.15888702869415283 0.013098590075969696
vt 0.15094268321990967 0.013098590075969696
vt 0.14299832284450531 0.013098590075969696
vt 0.13505396246910095 0.013098590075969696
vt 0.12710961699485779 0.013098590075969696
vt 0.11916526407003403 0.013098590075969696
vt 0.11122091859579086 0.013098590075969696
vt 0.1032765656709671 0.013098590075969696
vt 0.095332220196723938 0.013098590075969696
vt 0.08738785982131958 0.013098590075969696
vt 0.079443514347076416 0.013098590075969696
vt 0.071499161422252655 0.013098590075969696
vt 0.063554808497428894 0.013098590075969696
vt 0.055610459297895432 0.013098590075969696
vt 0.047666110098361969 0.013098590075969696
vt 0.039721757173538208 0.013098590075969696
vt 0.031777404248714447 0.013098590075969696
vt 0.023833055049180984 0.013098590075969696
vt 0.015888702124357224 0.013098590075969696
vt 0.0079443510621786118 0.013098590075969696
vt 0.021329520270228386 0.012861532159149647
vt 0.021329520270228386 0.011558061465620995
vt 0.031924519687891006 0.012654225341975689
vt 0.026603769510984421 0.012209859676659107
vt 0.026603769510984421 0.012654225341975689
vt 0.031924519687891006 0.0117654949426651
vt 0.026603769510984421 0.0117654949426651
vt 0.015404650010168552 0.01155806053429842
vt 0.015404650010168552 0.012861531227827072
vt 0.019848302006721497 0.011558061465620995
vt 0.018367085605859756 0.01155806053429842
vt 0.016885869204998016 0.01155806053429842
vt 0.016145259141921997 0.012861531227827072
vt 0.016885867342352867 0.012861531227827072
vt 0.017626477405428886 0.012861532159149647
vt 0.018367085605859756 0.012861532159149647
vt 0.019107693806290627 0.012861532159149647
vt 0.019848302006721497 0.012861532159149647
vt 0.020588910207152367 0.012861532159149647
vt 0.010641507804393768 0.01287640817463398
vt 0.01330188475549221 0.012654225341975689
vt 0.01330188475549221 0.01287640817463398
vt 0.026603769510984421 0.01287640817463398
vt 0.023943390697240829 0.012654225341975689
vt 0.023943390697240829 0.01287640817463398
vt 0.60627424716949463 0.011558122001588345
vt 0.60627424716949463 0.012861593626439571
vt 0.60124516487121582 0.012209859676659107
vt 0.59592437744140625 0.0117654949426651
vt 0.60124516487121582 0.0117654949426651
vt 0.59592437744140625 0.012654225341975689
vt 0.60124516487121582 0.012654225341975689
vt 0.61219906806945801 0.012861593626439571
vt 0.61219906806945801 0.011558122932910919
vt 0.61071789264678955 0.011558122932910919
vt 0.60923665761947632 0.011558122932910919
vt 0.60775542259216309 0.011558122001588345
vt 0.60701483488082886 0.012861593626439571
vt 0.60775542259216309 0.012861593626439571
vt 0.60849606990814209 0.012861593626439571
vt 0.60923665761947632 0.012861593626439571
vt 0.60997724533081055 0.012861593626439571
vt 0.61071789264678955 0.012861593626439571
vt 0.61145848035812378 0.012861593626439571
vt 0.60124516487121582 0.01287640817463398
vt 0.60390555858612061 0.012654225341975689
vt 0.60390555858612061 0.01287640817463398
vt 0.61720740795135498 0.01287640817463398
vt 0.61454707384109497 0.012654225341975689
vt 0.61454707384109497 0.01287640817463398
vt 0.053207539021968842 0.012209859676659107
vt 0.063849039375782013 0.012209859676659107
vt 0.074490547180175781 0.012209859676659107
vt 0.095773562788963318 0.012209859676659107
vt 0.085132062435150146 0.012209859676659107
vt 0.10641507804393768 0.012209859676659107
vt 0.11705657839775085 0.012209859676659107
vt 0.12769807875156403 0.012209859676659107
vt 0.13833959400653839 0.012209859676659107
vt 0.15962260961532593 0.012209859676659107
vt 0.14898109436035156 0.012209859676659107
vt 0.17026412487030029 0.012209859676659107
vt 0.19154712557792664 0.012209859676659107
vt 0.18090562522411346 0.012209859676659107
vt 0.20218865573406219 0.012209859676659107
vt 0.21283015608787537 0.012209859676659107
vt 0.23411315679550171 0.012209859676659107
vt 0.22347165644168854 0.012209859676659107
vt 0.25539615750312805 0.012209859676659107
vt 0.24475467205047607 0.012209859676659107
vt 0.2660377025604248 0.012209859676659107
vt 0.28732070326805115 0.012209859676659107
vt 0.27667918801307678 0.012209859676659107
vt 0.29796218872070313 0.012209859676659107
vt 0.30860370397567749 0.012209859676659107
vt 0.31924521923065186 0.012209859676659107
vt 0.34052824974060059 0.012209859676659107
vt 0.32988670468330383 0.012209859676659107
vt 0.35116976499557495 0.012209859676659107
vt 0.37245276570320129 0.012209859676659107
vt 0.36181125044822693 0.012209859676659107
vt 0.38309425115585327 0.012209859676659107
vt 0.40437731146812439 0.012209859676659107
vt 0.39373576641082764 0.012209859676659107
vt 0.41501879692077637 0.012209859676659107
vt 0.43630179762840271 0.012209859676659107
vt 0.42566031217575073 0.012209859676659107
vt 0.44694331288337708 0.012209859676659107
vt 0.45758482813835144 0.012209859676659107
vt 0.46822631359100342 0.012209859676659107
vt 0.47886785864830017 0.012209859676659107
vt 0.48950934410095215 0.012209859676659107
vt 0.5107923150062561 0.012209859676659107
vt 0.50015085935592651 0.012209859676659107
vt 0.52143388986587524 0.012209859676659107
vt 0.53207540512084961 0.012209859676659107
vt 0.5427168607711792 0.012209859676659107
vt 0.57464140653610229 0.012209859676659107
vt 0.56399989128112793 0.012209859676659107
vt 0.58528292179107666 0.012209859676659107
vt 0.55335837602615356 0.012209859676659107
vt 0.49526011943817139 0.013098590075969696
vt 0.98905521631240845 0.63923764228820801
vt 0.98507332801818848 0.63923764228820801
vt 0.98109149932861328 0.63923764228820801
vt 0.97710961103439331 0.63923764228820801
vt 0.97312778234481812 0.63923764228820801
vt 0.96914589405059814 0.63923764228820801
vt 0.96516406536102295 0.63923764228820801
vt 0.96118223667144775 0.63923764228820801
vt 0.95720034837722778 0.63923764228820801
vt 0.95321846008300781 0.63923764228820801
vt 0.94923663139343262 0.63923764228820801
vt 0.94525474309921265 0.63923764228820801
vt 0.94127291440963745 0.63923764228820801
vt 0.93729108572006226 0.63923764228820801
vt 0.93330919742584229 0.63923764228820801
vt 0.92932730913162231 0.63923764228820801
vt 0.92534548044204712 0.63923764228820801
vt 0.92136359214782715 0.63923764228820801
vt 0.91738176345825195 0.63923764228820801
vt 0.91339993476867676 0.63923764228820801
vt 0.90941804647445679 0.63923764228820801
vt 0.90543621778488159 0.63923764228820801
vt 0.90145432949066162 0.63923764228820801
vt 0.89747244119644165 0.63923764228820801
vt 0.89349061250686646 0.63923764228820801
vt 0.88950878381729126 0.63923764228820801
vt 0.88552689552307129 0.63923764228820801
vt 0.88154506683349609 0.63923764228820801
vt 0.87756317853927612 0.63923764228820801
vt 0.87358129024505615 0.63923764228820801
vt 0.86959946155548096 0.63923764228820801
vt 0.86561763286590576 0.63923764228820801
vt 0.86163574457168579 0.63923764228820801
vt 0.8576539158821106 0.63923764228820801
vt 0.85367202758789063 0.63923764228820801
vt 0.84969019889831543 0.63923764228820801
vt 0.84570831060409546 0.63923764228820801
vt 0.84172648191452026 0.63923764228820801
vt 0.83774459362030029 0.63923764228820801
vt 0.8337627649307251 0.63923764228820801
vt 0.82978087663650513 0.63923764228820801
vt 0.82579904794692993 0.63923764228820801
vt 0.82181715965270996 0.63923764228820801
vt 0.81783533096313477 0.63923764228820801
vt 0.81385344266891479 0.63923764228820801
vt 0.8098716139793396 0.63923764228820801
vt 0.8058897852897644 0.63923764228820801
vt 0.80190789699554443 0.63923764228820801
vt 0.79792600870132446 0.63923764228820801
vt 0.79394418001174927 0.63923764228820801
vt 0.7899622917175293 0.63923764228820801
vt 0.7859804630279541 0.63923764228820801
vt 0.78199863433837891 0.63923764228820801
vt 0.77801674604415894 0.63923764228820801
vt 0.77403491735458374 0.63923764228820801
vt 0.77005302906036377 0.63923764228820801
vt 0.7660711407661438 0.63923764228820801
vt 0.7620893120765686 0.63923764228820801
vt 0.75810748338699341 0.63923764228820801
vt 0.75412559509277344 0.63923764228820801
vt 0.75014376640319824 0.63923764228820801
vt 0.74616187810897827 0.63923764228820801
vt 0.7421799898147583 0.63923764228820801
vt 0.73819816112518311 0.63923764228820801
vt 0.73421633243560791 0.63923764228820801
vt 0.73023444414138794 0.63923764228820801
vt 0.72625261545181274 0.63923764228820801
vt 0.72227072715759277 0.63923764228820801
vt 0.71828889846801758 0.63923764228820801
vt 0.71430701017379761 0.63923764228820801
vt 0.71032518148422241 0.63923764228820801
vt 0.70634329319000244 0.63923764228820801
vt 0.70236146450042725 0.63923764228820801
vt 0.69837957620620728 0.63923764228820801
vt 0.69439774751663208 0.63923764228820801
vt 0.69041585922241211 0.63923764228820801
vt 0.68643403053283691 0.63923764228820801
vt 0.68245214223861694 0.63923764228820801
vt 0.67847031354904175 0.63923758268356323
vt 0.67448842525482178 0.63923758268356323
vt 0.67050659656524658 0.63923758268356323
vt 0.66652476787567139 0.63923758268356323
vt 0.66254287958145142 0.63923758268356323
vt 0.65856099128723145 0.63923758268356323
vt 0.65457916259765625 0.63923758268356323
vt 0.65059727430343628 0.63923758268356323
vt 0.64661544561386108 0.63923758268356323
vt 0.64263361692428589 0.63923758268356323
vt 0.63865172863006592 0.63923758268356323
vt 0.63466984033584595 0.63923758268356323
vt 0.63068801164627075 0.63923758268356323
vt 0.62670618295669556 0.63923758268356323
vt 0.62272429466247559 0.63923758268356323
vt 0.61874246597290039 0.63923758268356323
vt 0.61476057767868042 0.63923758268356323
vt 0.61077874898910522 0.63923758268356323
vt 0.60679686069488525 0.63923758268356323
vt 0.60281503200531006 0.63923758268356323
vt 0.59883314371109009 0.63923758268356323
vt 0.59485131502151489 0.63923758268356323
vt 0.59086942672729492 0.63923758268356323
vt 0.58688759803771973 0.63923758268356323
vt 0.58290570974349976 0.63923758268356323
vt 0.57892388105392456 0.63923758268356323
vt 0.57494199275970459 0.63923758268356323
vt 0.57096016407012939 0.63923758268356323
vt 0.56697827577590942 0.63923758268356323
vt 0.56299644708633423 0.63923758268356323
vt 0.55901455879211426 0.63923758268356323
vt 0.55503273010253906 0.63923758268356323
vt 0.55105084180831909 0.63923758268356323
vt 0.5470690131187439 0.63923758268356323
vt 0.54308712482452393 0.63923758268356323
vt 0.53910529613494873 0.63923758268356323
vt 0.53512340784072876 0.63923758268356323
vt 0.53114157915115356 0.63923758268356323
vt 0.52715969085693359 0.63923758268356323
vt 0.5231778621673584 0.63923758268356323
vt 0.51919597387313843 0.63923758268356323
vt 0.51521414518356323 0.63923758268356323
vt 0.51123231649398804 0.63923758268356323
vt 0.50725042819976807 0.63923758268356323
vt 0.50326859951019287 0.63923758268356323
vt 0.4992867112159729 0.63923758268356323
vt 0.49530485272407532 0.63923758268356323
vt 0.74215775728225708 0.32616811990737915
vt 0.74215775728225708 0.48270288109779358
vt 0.86560654640197754 0.32616811990737915
vt 0.86560654640197754 0.48270288109779358
vt 0.86560654640197754 0.5609702467918396
vt 0.92733097076416016 0.48270288109779358
vt 0.92733097076416016 0.5609702467918396
vt 0.92733097076416016 0.60010397434234619
vt 0.95819318294525146 0.5609702467918396
vt 0.95819318294525146 0.60010397434234619
vt 0.95819318294525146 0.6196708083152771
vt 0.97362428903579712 0.60010397434234619
vt 0.97362428903579712 0.6196708083152771
vt 0.97362428903579712 0.62945419549942017
vt 0.98133981227874756 0.6196708083152771
vt 0.98133981227874756 0.62945419549942017
vt 0.95819318294525146 0.62945419549942017
vt 0.9659087061882019 0.6196708083152771
vt 0.9659087061882019 0.62945419549942017
vt 0.92733097076416016 0.6196708083152771
vt 0.94276207685470581 0.60010397434234619
vt 0.94276207685470581 0.6196708083152771
vt 0.86560654640197754 0.60010397434234619
vt 0.89646875858306885 0.5609702467918396
vt 0.89646875858306885 0.60010397434234619
vt 0.74215775728225708 0.5609702467918396
vt 0.80388212203979492 0.48270288109779358
vt 0.80388212203979492 0.5609702467918396
vt 0.61870890855789185 0.32616811990737915
vt 0.61870890855789185 0.48270288109779358
vt 0.94276207685470581 0.62945419549942017
vt 0.95047760009765625 0.6196708083152771
vt 0.95047760009765625 0.62945419549942017
vt 0.92733097076416016 0.62945419549942017
vt 0.9350464940071106 0.6196708083152771
vt 0.9350464940071106 0.62945419549942017
vt 0.89646875858306885 0.6196708083152771
vt 0.9118998646736145 0.60010397434234619
vt 0.9118998646736145 0.6196708083152771
vt 0.9118998646736145 0.62945419549942017
vt 0.91961538791656494 0.6196708083152771
vt 0.91961538791656494 0.62945419549942017
vt 0.89646875858306885 0.62945419549942017
vt 0.90418428182601929 0.6196708083152771
vt 0.90418428182601929 0.62945419549942017
vt 0.86560654640197754 0.6196708083152771
vt 0.88103765249252319 0.60010397434234619
vt 0.88103765249252319 0.6196708083152771
vt 0.80388212203979492 0.60010397434234619
vt 0.83474433422088623 0.5609702467918396
vt 0.83474433422088623 0.60010397434234619
vt 0.88103765249252319 0.62945419549942017
vt 0.88875317573547363 0.6196708083152771
vt 0.88875317573547363 0.62945419549942017
vt 0.86560654640197754 0.62945419549942017
vt 0.87332212924957275 0.6196708083152771
vt 0.87332212924957275 0.62945419549942017
vt 0.83474433422088623 0.6196708083152771
vt 0.85017544031143188 0.60010397434234619
vt 0.85017544031143188 0.6196708083152771
vt 0.85017544031143188 0.62945419549942017
vt 0.8578910231590271 0.6196708083152771
vt 0.8578910231590271 0.62945419549942017
vt 0.83474433422088623 0.62945419549942017
vt 0.84245991706848145 0.6196708083152771
vt 0.84245991706848145 0.62945419549942017
vt 0.80388212203979492 0.6196708083152771
vt 0.81931322813034058 0.60010397434234619
vt 0.81931322813034058 0.6196708083152771
vt 0.74215775728225708 0.60010397434234619
vt 0.77301996946334839 0.5609702467918396
vt 0.77301996946334839 0.60010397434234619
vt 0.61870890855789185 0.5609702467918396
vt 0.68043333292007446 0.48270288109779358
vt 0.68043333292007446 0.5609702467918396
vt 0.81931322813034058 0.62945419549942017
vt 0.82702881097793579 0.6196708083152771
vt 0.82702881097793579 0.62945419549942017
vt 0.80388212203979492 0.62945419549942017
vt 0.81159770488739014 0.6196708083152771
vt 0.81159770488739014 0.62945419549942017
vt 0.77301996946334839 0.6196708083152771
vt 0.78845101594924927 0.60010397434234619
vt 0.78845101594924927 0.6196708083152771
vt 0.78845101594924927 0.62945419549942017
vt 0.79616659879684448 0.6196708083152771
vt 0.79616659879684448 0.62945419549942017
vt 0.77301996946334839 0.62945419549942017
vt 0.78073549270629883 0.6196708083152771
vt 0.78073549270629883 0.62945419549942017
vt 0.74215775728225708 0.6196708083152771
vt 0.75758886337280273 0.60010397434234619
vt 0.75758886337280273 0.6196708083152771
vt 0.68043333292007446 0.60010397434234619
vt 0.71129554510116577 0.5609702467918396
vt 0.71129554510116577 0.60010397434234619
vt 0.75758886337280273 0.62945419549942017
vt 0.76530438661575317 0.6196708083152771
vt 0.76530438661575317 0.62945419549942017
vt 0.74215775728225708 0.62945419549942017
vt 0.74987328052520752 0.6196708083152771
vt 0.74987328052520752 0.62945419549942017
vt 0.71129554510116577 0.6196708083152771
vt 0.72672665119171143 0.60010397434234619
vt 0.72672665119171143 0.6196708083152771
vt 0.72672665119171143 0.62945419549942017
vt 0.73444217443466187 0.6196708083152771
vt 0.73444217443466187 0.62945419549942017
vt 0.71129554510116577 0.62945419549942017
vt 0.71901106834411621 0.6196708083152771
vt 0.71901106834411621 0.62945419549942017
vt 0.68043333292007446 0.6196708083152771
vt 0.69586443901062012 0.60010397434234619
vt 0.69586443901062012 0.6196708083152771
vt 0.61870890855789185 0.60010397434234619
vt 0.64957112073898315 0.5609702467918396
vt 0.64957112073898315 0.60010397434234619
vt 0.55698448419570923 0.48270288109779358
vt 0.55698448419570923 0.5609702467918396
vt 0.69586443901062012 0.62945419549942017
vt 0.70357996225357056 0.6196708083152771
vt 0.70357996225357056 0.62945419549942017
vt 0.68043333292007446 0.62945419549942017
vt 0.6881488561630249 0.6196708083152771
vt 0.6881488561630249 0.62945419549942017
vt 0.64957112073898315 0.6196708083152771
vt 0.66500222682952881 0.60010397434234619
vt 0.66500222682952881 0.6196708083152771
vt 0.66500222682952881 0.62945419549942017
vt 0.67271775007247925 0.6196708083152771
vt 0.67271775007247925 0.62945419549942017
vt 0.64957112073898315 0.62945419549942017
vt 0.65728670358657837 0.6196708083152771
vt 0.65728670358657837 0.62945419549942017
vt 0.61870890855789185 0.6196708083152771
vt 0.6341400146484375 0.60010397434234619
vt 0.6341400146484375 0.6196708083152771
vt 0.55698448419570923 0.60010397434234619
vt 0.58784669637680054 0.5609702467918396
vt 0.58784669637680054 0.60010397434234619
vt 0.6341400146484375 0.62945419549942017
vt 0.64185559749603271 0.6196708083152771
vt 0.64185559749603271 0.62945419549942017
vt 0.61870890855789185 0.62945419549942017
vt 0.62642449140548706 0.6196708083152771
vt 0.62642449140548706 0.62945419549942017
vt 0.58784669637680054 0.6196708083152771
vt 0.60327780246734619 0.60010397434234619
vt 0.60327780246734619 0.6196708083152771
vt 0.60327780246734619 0.62945419549942017
vt 0.61099338531494141 0.6196708083152771
vt 0.61099338531494141 0.62945419549942017
vt 0.58784669637680054 0.62945419549942017
vt 0.59556227922439575 0.6196708083152771
vt 0.59556227922439575 0.62945419549942017
vt 0.55698448419570923 0.6196708083152771
vt 0.57241559028625488 0.60010397434234619
vt 0.57241559028625488 0.6196708083152771
vt 0.5261223316192627 0.5609702467918396
vt 0.5261223316192627 0.60010397434234619
vt 0.57241559028625488 0.62945419549942017
vt 0.5801311731338501 0.6196708083152771
vt 0.5801311731338501 0.62945419549942017
vt 0.55698448419570923 0.62945419549942017
vt 0.56470006704330444 0.6196708083152771
vt 0.56470006704330444 0.62945419549942017
vt 0.5261223316192627 0.6196708083152771
vt 0.54155343770980835 0.60010397434234619
vt 0.54155343770980835 0.6196708083152771
vt 0.54155343770980835 0.62945419549942017
vt 0.54926896095275879 0.6196708083152771
vt 0.54926896095275879 0.62945419549942017
vt 0.5261223316192627 0.62945419549942017
vt 0.53383785486221313 0.6196708083152771
vt 0.53383785486221313 0.62945419549942017
vt 0.51069122552871704 0.60010397434234619
vt 0.51069122552871704 0.6196708083152771
vt 0.51069122552871704 0.62945419549942017
vt 0.51840674877166748 0.6196708083152771
vt 0.51840674877166748 0.62945419549942017
vt 0.50297564268112183 0.6196708083152771
vt 0.50297564268112183 0.62945419549942017
vt 0.50309813022613525 0.013098590075969696
vt 0.51093614101409912 0.013098590075969696
vt 0.51877415180206299 0.013098590075969696
vt 0.52661216259002686 0.013098599389195442
vt 0.5344502329826355 0.013098602183163166
vt 0.54228824377059937 0.013098604045808315
vt 0.55012625455856323 0.013098606839776039
vt 0.5579642653465271 0.013098608702421188
vt 0.56580227613449097 0.013098611496388912
vt 0.57364028692245483 0.013098613359034061
vt 0.58147835731506348 0.013098616153001785
vt 0.58931636810302734 0.013098618015646935
vt 0.59715437889099121 0.013098620809614658
vt 0.60499238967895508 0.013098622672259808
vt 0.61283040046691895 0.013098625466227531
vt 0.62066841125488281 0.013098627328872681
vt 0.62850648164749146 0.013098630122840405
vt 0.63634449243545532 0.013098631985485554
vt 0.64418250322341919 0.013098634779453278
vt 0.65202051401138306 0.013098636642098427
vt 0.65985852479934692 0.013098639436066151
vt 0.66769653558731079 0.0130986412987113
vt 0.67553454637527466 0.013098644092679024
vt 0.6833726167678833 0.013098645955324173
vt 0.69121062755584717 0.013098648749291897
vt 0.69904863834381104 0.013098650611937046
vt 0.7068866491317749 0.01309865340590477
vt 0.71472465991973877 0.013098655268549919
vt 0.72256267070770264 0.013098658062517643
vt 0.7304006814956665 0.013098659925162792
vt 0.73823875188827515 0.013098662719130516
vt 0.74607676267623901 0.013098664581775665
vt 0.75391477346420288 0.013098667375743389
vt 0.76175278425216675 0.013098670169711113
vt 0.76959079504013062 0.013098672032356262
vt 0.77742886543273926 0.013098674826323986
vt 0.78526687622070313 0.013098676688969135
vt 0.79310488700866699 0.013098679482936859
vt 0.80094289779663086 0.013098681345582008
vt 0.80878090858459473 0.013098684139549732
vt 0.81661891937255859 0.013098686002194881
vt 0.82445693016052246 0.013098688796162605
vt 0.8322950005531311 0.013098690658807755
vt 0.84013301134109497 0.013098693452775478
vt 0.84797102212905884 0.013098695315420628
vt 0.85580903291702271 0.013098698109388351
vt 0.86364704370498657 0.013098699972033501
vt 0.87148505449295044 0.013098702766001225
vt 0.87932306528091431 0.013098704628646374
vt 0.88716113567352295 0.013098707422614098
vt 0.89499914646148682 0.013098709285259247
vt 0.90283715724945068 0.013098712079226971
vt 0.91067516803741455 0.01309871394187212
vt 0.91851317882537842 0.013098716735839844
vt 0.92635118961334229 0.013098718598484993
vt 0.93418920040130615 0.013098721392452717
vt 0.94202727079391479 0.013098723255097866
vt 0.94986528158187866 0.01309872604906559
vt 0.95770329236984253 0.013098727911710739
vt 0.9655413031578064 0.013098730705678463
vt 0.97337931394577026 0.013098732568323612
vt 0.98121732473373413 0.013098735362291336
vt 0.98905539512634277 0.013098737224936485
vt 0.74215775728225708 0.16963335871696472
vt 0.61870890855789185 0.16963335871696472
vt 0.61870890855789185 0.09136597067117691
vt 0.55698448419570923 0.16963335871696472
vt 0.55698448419570923 0.09136597067117691
vt 0.55698448419570923 0.052232280373573303
vt 0.5261223316192627 0.09136597067117691
vt 0.5261223316192627 0.052232280373573303
vt 0.5261223316192627 0.0326654352247715
vt 0.51069122552871704 0.052232280373573303
vt 0.51069122552871704 0.0326654352247715
vt 0.55698448419570923 0.0326654352247715
vt 0.54155343770980835 0.052232280373573303
vt 0.54155343770980835 0.0326654352247715
vt 0.61870890855789185 0.052232280373573303
vt 0.58784669637680054 0.09136597067117691
vt 0.58784669637680054 0.052232280373573303
vt 0.74215775728225708 0.09136597067117691
vt 0.68043333292007446 0.16963335871696472
vt 0.68043333292007446 0.09136597067117691
vt 0.86560654640197754 0.16963335871696472
vt 0.58784669637680054 0.0326654352247715
vt 0.57241559028625488 0.052232280373573303
vt 0.57241559028625488 0.0326654352247715
vt 0.61870890855789185 0.0326654352247715
vt 0.60327780246734619 0.052232280373573303
vt 0.60327780246734619 0.0326654352247715
vt 0.68043333292007446 0.052232280373573303
vt 0.64957112073898315 0.09136597067117691
vt 0.64957112073898315 0.052232280373573303
vt 0.64957112073898315 0.0326654352247715
vt 0.6341400146484375 0.052232280373573303
vt 0.6341400146484375 0.0326654352247715
vt 0.68043333292007446 0.0326654352247715
vt 0.66500222682952881 0.052232280373573303
vt 0.66500222682952881 0.0326654352247715
vt 0.74215775728225708 0.052232280373573303
vt 0.71129554510116577 0.09136597067117691
vt 0.71129554510116577 0.052232280373573303
vt 0.86560654640197754 0.09136597067117691
vt 0.80388212203979492 0.16963335871696472
vt 0.80388212203979492 0.09136597067117691
vt 0.71129554510116577 0.0326654352247715
vt 0.69586443901062012 0.052232280373573303
vt 0.69586443901062012 0.0326654352247715
vt 0.74215775728225708 0.0326654352247715
vt 0.72672665119171143 0.052232280373573303
vt 0.72672665119171143 0.0326654352247715
vt 0.80388212203979492 0.052232280373573303
vt 0.77301996946334839 0.09136597067117691
vt 0.77301996946334839 0.052232280373573303
vt 0.77301996946334839 0.0326654352247715
vt 0.75758886337280273 0.052232280373573303
vt 0.75758886337280273 0.0326654352247715
vt 0.80388212203979492 0.0326654352247715
vt 0.78845101594924927 0.052232280373573303
vt 0.78845101594924927 0.0326654352247715
vt 0.86560654640197754 0.052232280373573303
vt 0.83474433422088623 0.09136597067117691
vt 0.83474433422088623 0.052232280373573303
vt 0.92733097076416016 0.16963335871696472
vt 0.92733097076416016 0.09136597067117691
vt 0.83474433422088623 0.0326654352247715
vt 0.81931322813034058 0.052232280373573303
vt 0.81931322813034058 0.0326654352247715
vt 0.86560654640197754 0.0326654352247715
vt 0.85017544031143188 0.052232280373573303
vt 0.85017544031143188 0.0326654352247715
vt 0.92733097076416016 0.052232280373573303
vt 0.89646875858306885 0.09136597067117691
vt 0.89646875858306885 0.052232280373573303
vt 0.89646875858306885 0.0326654352247715
vt 0.88103765249252319 0.052232280373573303
vt 0.88103765249252319 0.0326654352247715
vt 0.92733097076416016 0.0326654352247715
vt 0.9118998646736145 0.052232280373573303
vt 0.9118998646736145 0.0326654352247715
vt 0.95819318294525146 0.09136597067117691
vt 0.95819318294525146 0.052232280373573303
vt 0.95819318294525146 0.0326654352247715
vt 0.94276207685470581 0.052232280373573303
vt 0.94276207685470581 0.0326654352247715
vt 0.97362428903579712 0.052232280373573303
vt 0.97362428903579712 0.0326654352247715
vt 0.98905539512634277 0.021024545654654503
vt 0.98905539512634277 0.02895035594701767
vt 0.98905539512634277 0.036876164376735687
vt 0.98905539512634277 0.044801972806453705
vt 0.98905539512634277 0.052727781236171722
vt 0.98905539512634277 0.060653593391180038
vt 0.989055335521698 0.068579398095607758
vt 0.989055335521698 0.076505206525325775
vt 0.989055335521698 0.084431014955043793
vt 0.989055335521698 0.092356830835342407
vt 0.989055335521698 0.10028263926506042
vt 0.989055335521698 0.10820844769477844
vt 0.989055335521698 0.11613425612449646
vt 0.989055335521698 0.12406006455421448
vt 0.989055335521698 0.1319858729839325
vt 0.989055335521698 0.13991168141365051
vt 0.989055335521698 0.14783748984336853
vt 0.989055335521698 0.15576329827308655
vt 0.989055335521698 0.16368910670280457
vt 0.989055335521698 0.17161491513252258
vt 0.989055335521698 0.1795407235622406
vt 0.989055335521698 0.18746653199195862
vt 0.989055335521698 0.19539234042167664
vt 0.989055335521698 0.20331814885139465
vt 0.989055335521698 0.21124397218227386
vt 0.989055335521698 0.21916976571083069
vt 0.989055335521698 0.2270955890417099
vt 0.989055335521698 0.23502138257026672
vt 0.989055335521698 0.24294720590114594
vt 0.989055335521698 0.25087299942970276
vt 0.989055335521698 0.25879880785942078
vt 0.989055335521698 0.26672461628913879
vt 0.989055335521698 0.27465042471885681
vt 0.989055335521698 0.28257623314857483
vt 0.98905527591705322 0.29050204157829285
vt 0.98905527591705322 0.29842787981033325
vt 0.98905527591705322 0.30635365843772888
vt 0.98905527591705322 0.31427949666976929
vt 0.98905527591705322 0.32220527529716492
vt 0.98905527591705322 0.33013111352920532
vt 0.98905527591705322 0.33805692195892334
vt 0.98905527591705322 0.34598270058631897
vt 0.98905527591705322 0.35390850901603699
vt 0.98905527591705322 0.36183434724807739
vt 0.98905527591705322 0.36976015567779541
vt 0.98905527591705322 0.37768593430519104
vt 0.98905527591705322 0.38561174273490906
vt 0.98905527591705322 0.39353758096694946
vt 0.98905527591705322 0.40146338939666748
vt 0.98905527591705322 0.4093891978263855
vt 0.98905527591705322 0.41731497645378113
vt 0.98905527591705322 0.42524078488349915
vt 0.98905527591705322 0.43316662311553955
vt 0.98905527591705322 0.44109243154525757
vt 0.98905527591705322 0.4490182101726532
vt 0.98905527591705322 0.45694401860237122
vt 0.98905527591705322 0.46486985683441162
vt 0.98905527591705322 0.47279566526412964
vt 0.98905527591705322 0.48072147369384766
vt 0.98905527591705322 0.48864725232124329
vt 0.98905527591705322 0.49657309055328369
vt 0.98905527591705322 0.50449889898300171
vt 0.98905521631240845 0.51242470741271973
vt 0.98905521631240845 0.52035051584243774
vt 0.98905521631240845 0.52827632427215576
vt 0.98905521631240845 0.53620213270187378
vt 0.98905521631240845 0.5441279411315918
vt 0.98905521631240845 0.55205374956130981
vt 0.98905521631240845 0.55997955799102783
vt 0.98905521631240845 0.56790536642074585
vt 0.98905521631240845 0.57583117485046387
vt 0.98905521631240845 0.58375698328018188
vt 0.98905521631240845 0.5916827917098999
vt 0.98905521631240845 0.59960860013961792
vt 0.98905521631240845 0.60753440856933594
vt 0.98905521631240845 0.61546021699905396
vt 0.98905521631240845 0.62338602542877197
vt 0.98905521631240845 0.63131183385848999
vt 0.97362428903579712 0.09136597067117691
vt 0.95819318294525146 0.071799129247665405
vt 0.97362428903579712 0.071799129247665405
vt 0.95819318294525146 0.16963335871696472
vt 0.92733097076416016 0.13049966096878052
vt 0.95819318294525146 0.13049966096878052
vt 0.92733097076416016 0.32616811990737915
vt 0.86560654640197754 0.24790073931217194
vt 0.92733097076416016 0.24790073931217194
vt 0.97362428903579712 0.13049966096878052
vt 0.95819318294525146 0.11093281954526901
vt 0.97362428903579712 0.11093281954526901
vt 0.97362428903579712 0.16963335871696472
vt 0.95819318294525146 0.15006650984287262
vt 0.97362428903579712 0.15006650984287262
vt 0.95819318294525146 0.24790073931217194
vt 0.92733097076416016 0.20876704156398773
vt 0.95819318294525146 0.20876704156398773
vt 0.97362428903579712 0.20876704156398773
vt 0.95819318294525146 0.18920019268989563
vt 0.97362428903579712 0.18920019268989563
vt 0.97362428903579712 0.24790073931217194
vt 0.95819318294525146 0.22833389043807983
vt 0.97362428903579712 0.22833389043807983
vt 0.95819318294525146 0.32616811990737915
vt 0.92733097076416016 0.28703442215919495
vt 0.95819318294525146 0.28703442215919495
vt 0.86560654640197754 0.40443551540374756
vt 0.92733097076416016 0.40443551540374756
vt 0.97362428903579712 0.28703442215919495
vt 0.95819318294525146 0.26746758818626404
vt 0.97362428903579712 0.26746758818626404
vt 0.97362428903579712 0.32616811990737915
vt 0.95819318294525146 0.30660128593444824
vt 0.97362428903579712 0.30660128593444824
vt 0.95819318294525146 0.40443551540374756
vt 0.92733097076416016 0.36530181765556335
vt 0.95819318294525146 0.36530181765556335
vt 0.97362428903579712 0.36530181765556335
vt 0.95819318294525146 0.34573495388031006
vt 0.97362428903579712 0.34573495388031006
vt 0.97362428903579712 0.40443551540374756
vt 0.95819318294525146 0.38486865162849426
vt 0.97362428903579712 0.38486865162849426
vt 0.95819318294525146 0.48270288109779358
vt 0.92733097076416016 0.44356918334960938
vt 0.95819318294525146 0.44356918334960938
vt 0.97362428903579712 0.44356918334960938
vt 0.95819318294525146 0.42400234937667847
vt 0.97362428903579712 0.42400234937667847
vt 0.97362428903579712 0.48270288109779358
vt 0.95819318294525146 0.46313604712486267
vt 0.97362428903579712 0.46313604712486267
vt 0.92733097076416016 0.52183657884597778
vt 0.95819318294525146 0.52183657884597778
vt 0.97362428903579712 0.52183657884597778
vt 0.95819318294525146 0.50226974487304688
vt 0.97362428903579712 0.50226974487304688
vt 0.97362428903579712 0.5609702467918396
vt 0.95819318294525146 0.54140341281890869
vt 0.97362428903579712 0.54140341281890869
vt 0.95819318294525146 0.58053708076477051
vt 0.97362428903579712 0.58053708076477051
vt 0.49530428647994995 0.63131177425384521
vt 0.49530372023582458 0.62338602542877197
vt 0.49530315399169922 0.61546021699905396
vt 0.49530258774757385 0.60753434896469116
vt 0.49530202150344849 0.59960854053497314
vt 0.49530145525932312 0.59168273210525513
vt 0.49530088901519775 0.58375698328018188
vt 0.49530032277107239 0.57583111524581909
vt 0.49529975652694702 0.56790530681610107
vt 0.49529919028282166 0.55997949838638306
vt 0.49529862403869629 0.55205368995666504
vt 0.49529805779457092 0.54412788152694702
vt 0.49529749155044556 0.536202073097229
vt 0.49529692530632019 0.52827626466751099
vt 0.49529635906219482 0.52035045623779297
vt 0.49529579281806946 0.51242464780807495
vt 0.49529522657394409 0.50449883937835693
vt 0.49529466032981873 0.49657303094863892
vt 0.49529409408569336 0.4886472225189209
vt 0.49529352784156799 0.48072141408920288
vt 0.49529296159744263 0.47279560565948486
vt 0.49529239535331726 0.46486976742744446
vt 0.49529182910919189 0.45694398880004883
vt 0.49529126286506653 0.44901818037033081
vt 0.49529069662094116 0.44109237194061279
vt 0.4952901303768158 0.43316653370857239
vt 0.49528956413269043 0.42524072527885437
vt 0.49528899788856506 0.41731491684913635
vt 0.4952884316444397 0.40938913822174072
vt 0.49528786540031433 0.40146329998970032
vt 0.49528729915618896 0.3935374915599823
vt 0.4952867329120636 0.38561168313026428
vt 0.49528616666793823 0.37768584489822388
vt 0.49528560042381287 0.36976006627082825
vt 0.4952850341796875 0.36183425784111023
vt 0.49528446793556213 0.35390844941139221
vt 0.49528390169143677 0.34598261117935181
vt 0.4952833354473114 0.33805680274963379
vt 0.49528276920318604 0.33013102412223816
vt 0.49528220295906067 0.32220518589019775
vt 0.4952816367149353 0.31427940726280212
vt 0.49528107047080994 0.30635356903076172
vt 0.49528050422668457 0.29842779040336609
vt 0.4952799379825592 0.29050195217132568
vt 0.49527937173843384 0.28257614374160767
vt 0.49527880549430847 0.27465033531188965
vt 0.49527823925018311 0.26672452688217163
vt 0.49527767300605774 0.25879871845245361
vt 0.49527710676193237 0.2508729100227356
vt 0.49527654051780701 0.24294708669185638
vt 0.49527597427368164 0.23502129316329956
vt 0.49527540802955627 0.22709546983242035
vt 0.49527484178543091 0.21916966140270233
vt 0.49527427554130554 0.21124385297298431
vt 0.49527370929718018 0.2033180445432663
vt 0.49527314305305481 0.19539222121238708
vt 0.49527257680892944 0.18746642768383026
vt 0.49527201056480408 0.17954060435295105
vt 0.49527144432067871 0.17161481082439423
vt 0.49527087807655334 0.16368898749351501
vt 0.49527031183242798 0.155763179063797
vt 0.49526974558830261 0.14783737063407898
vt 0.49526917934417725 0.13991156220436096
vt 0.49526861310005188 0.13198575377464294
vt 0.49526804685592651 0.12405993789434433
vt 0.49526748061180115 0.11613412201404572
vt 0.49526691436767578 0.1082083135843277
vt 0.49526634812355042 0.10028250515460968
vt 0.49526578187942505 0.092356696724891663
vt 0.49526521563529968 0.084430888295173645
vt 0.49526464939117432 0.076505072414875031
vt 0.49526408314704895 0.068579263985157013
vt 0.49526351690292358 0.060653451830148697
vt 0.49526295065879822 0.052727643400430679
vt 0.49526238441467285 0.044801831245422363
vt 0.49526181817054749 0.036876022815704346
vt 0.49526125192642212 0.02895021066069603
vt 0.49526068568229675 0.021024400368332863
vt 0.5261223316192627 0.58053708076477051
vt 0.51069122552871704 0.5609702467918396
vt 0.51069122552871704 0.58053708076477051
vt 0.55698448419570923 0.52183657884597778
vt 0.5261223316192627 0.48270288109779358
vt 0.5261223316192627 0.52183657884597778
vt 0.61870890855789185 0.40443551540374756
vt 0.55698448419570923 0.32616811990737915
vt 0.55698448419570923 0.40443551540374756
vt 0.5261223316192627 0.54140341281890869
vt 0.51069122552871704 0.52183657884597778
vt 0.51069122552871704 0.54140341281890869
vt 0.5261223316192627 0.50226974487304688
vt 0.51069122552871704 0.48270288109779358
vt 0.51069122552871704 0.50226974487304688
vt 0.55698448419570923 0.44356918334960938
vt 0.5261223316192627 0.40443551540374756
vt 0.5261223316192627 0.44356918334960938
vt 0.5261223316192627 0.46313604712486267
vt 0.51069122552871704 0.44356918334960938
vt 0.51069122552871704 0.46313604712486267
vt 0.5261223316192627 0.42400234937667847
vt 0.51069122552871704 0.40443551540374756
vt 0.51069122552871704 0.42400234937667847
vt 0.55698448419570923 0.36530181765556335
vt 0.5261223316192627 0.32616811990737915
vt 0.5261223316192627 0.36530181765556335
vt 0.61870890855789185 0.24790073931217194
vt 0.55698448419570923 0.24790073931217194
vt 0.5261223316192627 0.38486865162849426
vt 0.51069122552871704 0.36530181765556335
vt 0.51069122552871704 0.38486865162849426
vt 0.5261223316192627 0.34573495388031006
vt 0.51069122552871704 0.32616811990737915
vt 0.51069122552871704 0.34573495388031006
vt 0.55698448419570923 0.28703442215919495
vt 0.5261223316192627 0.24790073931217194
vt 0.5261223316192627 0.28703442215919495
vt 0.5261223316192627 0.30660128593444824
vt 0.51069122552871704 0.28703442215919495
vt 0.51069122552871704 0.30660128593444824
vt 0.5261223316192627 0.26746758818626404
vt 0.51069122552871704 0.24790073931217194
vt 0.51069122552871704 0.26746758818626404
vt 0.55698448419570923 0.20876704156398773
vt 0.5261223316192627 0.16963335871696472
vt 0.5261223316192627 0.20876704156398773
vt 0.5261223316192627 0.22833389043807983
vt 0.51069122552871704 0.20876704156398773
vt 0.51069122552871704 0.22833389043807983
vt 0.5261223316192627 0.18920019268989563
vt 0.51069122552871704 0.16963335871696472
vt 0.51069122552871704 0.18920019268989563
vt 0.55698448419570923 0.13049966096878052
vt 0.5261223316192627 0.13049966096878052
vt 0.5261223316192627 0.15006650984287262
vt 0.51069122552871704 0.13049966096878052
vt 0.51069122552871704 0.15006650984287262
vt 0.5261223316192627 0.11093281954526901
vt 0.51069122552871704 0.09136597067117691
vt 0.51069122552871704 0.11093281954526901
vt 0.5261223316192627 0.071799129247665405
vt 0.51069122552871704 0.071799129247665405
vt 0 0.013098590075969696
vt 0.49379509687423706 0.63923764228820801
vt 0.48984509706497192 0.63923764228820801
vt 0.4858950674533844 0.63923764228820801
vt 0.48194509744644165 0.63923764228820801
vt 0.47799506783485413 0.63923764228820801
vt 0.47404509782791138 0.63923764228820801
vt 0.47009506821632385 0.63923764228820801
vt 0.4661450982093811 0.63923764228820801
vt 0.46219506859779358 0.63923764228820801
vt 0.45824506878852844 0.63923764228820801
vt 0.45429506897926331 0.63923764228820801
vt 0.45034506916999817 0.63923764228820801
vt 0.44639506936073303 0.63923764228820801
vt 0.4424450695514679 0.63923764228820801
vt 0.43849503993988037 0.63923764228820801
vt 0.43454506993293762 0.63923764228820801
vt 0.4305950403213501 0.63923764228820801
vt 0.42664504051208496 0.63923764228820801
vt 0.42269504070281982 0.63923764228820801
vt 0.41874504089355469 0.63923764228820801
vt 0.41479504108428955 0.63923764228820801
vt 0.41084501147270203 0.63923764228820801
vt 0.40689504146575928 0.63923764228820801
vt 0.40294501185417175 0.63923764228820801
vt 0.398995041847229 0.63923764228820801
vt 0.39504501223564148 0.63923764228820801
vt 0.39109504222869873 0.63923764228820801
vt 0.38714501261711121 0.63923764228820801
vt 0.38319501280784607 0.63923764228820801
vt 0.37924501299858093 0.63923764228820801
vt 0.3752950131893158 0.63923764228820801
vt 0.37134501338005066 0.63923764228820801
vt 0.36739501357078552 0.63923764228820801
vt 0.363444983959198 0.63923764228820801
vt 0.35949501395225525 0.63923764228820801
vt 0.35554498434066772 0.63923764228820801
vt 0.35159501433372498 0.63923764228820801
vt 0.34764498472213745 0.63923764228820801
vt 0.3436950147151947 0.63923764228820801
vt 0.33974498510360718 0.63923764228820801
vt 0.33579498529434204 0.63923764228820801
vt 0.3318449854850769 0.63923764228820801
vt 0.32789498567581177 0.63923764228820801
vt 0.32394498586654663 0.63923764228820801
vt 0.31999495625495911 0.63923764228820801
vt 0.31604498624801636 0.63923764228820801
vt 0.31209495663642883 0.63923764228820801
vt 0.3081449568271637 0.63923764228820801
vt 0.30419495701789856 0.63923764228820801
vt 0.30024495720863342 0.63923764228820801
vt 0.29629495739936829 0.63923764228820801
vt 0.29234495759010315 0.63923764228820801
vt 0.28839492797851563 0.63923764228820801
vt 0.28444495797157288 0.63923764228820801
vt 0.28049492835998535 0.63923764228820801
vt 0.2765449583530426 0.63923764228820801
vt 0.27259492874145508 0.63923764228820801
vt 0.26864495873451233 0.63923764228820801
vt 0.2646949291229248 0.63923764228820801
vt 0.26074492931365967 0.63923764228820801
vt 0.25679492950439453 0.63923764228820801
vt 0.25284492969512939 0.63923764228820801
vt 0.24889491498470306 0.63923764228820801
vt 0.24494491517543793 0.63923764228820801
vt 0.24099491536617279 0.63923764228820801
vt 0.23704491555690765 0.63923764228820801
vt 0.23309491574764252 0.63923764228820801
vt 0.22914491593837738 0.63923764228820801
vt 0.22519490122795105 0.63923764228820801
vt 0.22124490141868591 0.63923764228820801
vt 0.21729490160942078 0.63923764228820801
vt 0.21334490180015564 0.63923764228820801
vt 0.2093949019908905 0.63923764228820801
vt 0.20544490218162537 0.63923764228820801
vt 0.20149488747119904 0.63923764228820801
vt 0.1975448876619339 0.63923764228820801
vt 0.19359488785266876 0.63923764228820801
vt 0.18964488804340363 0.63923764228820801
vt 0.18569488823413849 0.63923764228820801
vt 0.18174488842487335 0.63923758268356323
vt 0.17779487371444702 0.63923758268356323
vt 0.17384487390518188 0.63923758268356323
vt 0.16989487409591675 0.63923758268356323
vt 0.16594487428665161 0.63923758268356323
vt 0.16199485957622528 0.63923758268356323
vt 0.15804485976696014 0.63923758268356323
vt 0.15409484505653381 0.63923758268356323
vt 0.15014484524726868 0.63923758268356323
vt 0.14619484543800354 0.63923758268356323
vt 0.1422448456287384 0.63923758268356323
vt 0.13829484581947327 0.63923758268356323
vt 0.13434484601020813 0.63923758268356323
vt 0.13039484620094299 0.63923758268356323
vt 0.12644483149051666 0.63923758268356323
vt 0.12249483168125153 0.63923758268356323
vt 0.11854483187198639 0.63923758268356323
vt 0.11459483206272125 0.63923758268356323
vt 0.11064482480287552 0.63923758268356323
vt 0.10669482499361038 0.63923758268356323
vt 0.10274482518434525 0.63923758268356323
vt 0.098794817924499512 0.63923758268356323
vt 0.094844818115234375 0.63923758268356323
vt 0.090894818305969238 0.63923758268356323
vt 0.086944818496704102 0.63923758268356323
vt 0.082994803786277771 0.63923758268356323
vt 0.079044803977012634 0.63923758268356323
vt 0.075094804167747498 0.63923758268356323
vt 0.071144796907901764 0.63923758268356323
vt 0.067194797098636627 0.63923758268356323
vt 0.06324479728937149 0.63923758268356323
vt 0.059294793754816055 0.63923758268356323
vt 0.05534479022026062 0.63923758268356323
vt 0.051394786685705185 0.63923758268356323
vt 0.047444786876440048 0.63923758268356323
vt 0.043494779616594315 0.63923758268356323
vt 0.039544776082038879 0.63923758268356323
vt 0.035594776272773743 0.63923758268356323
vt 0.031644772738218307 0.63923758268356323
vt 0.027694771066308022 0.63923758268356323
vt 0.023744767531752586 0.63923758268356323
vt 0.019794763997197151 0.63923758268356323
vt 0.015844762325286865 0.63923758268356323
vt 0.011894759722054005 0.63923758268356323
vt 0.0079447561874985695 0.63923758268356323
vt 0.0039947545155882835 0.63923758268356323
vt 4.4751384848495945E-05 0.63923758268356323
vt 0.24689763784408569 0.32616811990737915
vt 0.24689763784408569 0.48270288109779358
vt 0.37034645676612854 0.32616811990737915
vt 0.37034645676612854 0.48270288109779358
vt 0.37034645676612854 0.5609702467918396
vt 0.43207085132598877 0.48270288109779358
vt 0.43207085132598877 0.5609702467918396
vt 0.43207085132598877 0.60010397434234619
vt 0.46293306350708008 0.5609702467918396
vt 0.46293306350708008 0.60010397434234619
vt 0.46293306350708008 0.6196708083152771
vt 0.47836416959762573 0.60010397434234619
vt 0.47836416959762573 0.6196708083152771
vt 0.47836416959762573 0.62945419549942017
vt 0.48607972264289856 0.6196708083152771
vt 0.48607972264289856 0.62945419549942017
vt 0.46293306350708008 0.62945419549942017
vt 0.47064861655235291 0.6196708083152771
vt 0.47064861655235291 0.62945419549942017
vt 0.43207085132598877 0.6196708083152771
vt 0.44750195741653442 0.60010397434234619
vt 0.44750195741653442 0.6196708083152771
vt 0.37034645676612854 0.60010397434234619
vt 0.40120863914489746 0.5609702467918396
vt 0.40120863914489746 0.60010397434234619
vt 0.24689763784408569 0.5609702467918396
vt 0.30862203240394592 0.48270288109779358
vt 0.30862203240394592 0.5609702467918396
vt 0.12344881892204285 0.32616811990737915
vt 0.12344881892204285 0.48270288109779358
vt 0.44750195741653442 0.62945419549942017
vt 0.45521751046180725 0.6196708083152771
vt 0.45521751046180725 0.62945419549942017
vt 0.43207085132598877 0.62945419549942017
vt 0.4397864043712616 0.6196708083152771
vt 0.4397864043712616 0.62945419549942017
vt 0.40120863914489746 0.6196708083152771
vt 0.41663974523544312 0.60010397434234619
vt 0.41663974523544312 0.6196708083152771
vt 0.41663974523544312 0.62945419549942017
vt 0.42435529828071594 0.6196708083152771
vt 0.42435529828071594 0.62945419549942017
vt 0.40120863914489746 0.62945419549942017
vt 0.40892419219017029 0.6196708083152771
vt 0.40892419219017029 0.62945419549942017
vt 0.37034645676612854 0.6196708083152771
vt 0.38577756285667419 0.60010397434234619
vt 0.38577756285667419 0.6196708083152771
vt 0.30862203240394592 0.60010397434234619
vt 0.33948424458503723 0.5609702467918396
vt 0.33948424458503723 0.60010397434234619
vt 0.38577756285667419 0.62945419549942017
vt 0.39349308609962463 0.6196708083152771
vt 0.39349308609962463 0.62945419549942017
vt 0.37034645676612854 0.62945419549942017
vt 0.37806200981140137 0.6196708083152771
vt 0.37806200981140137 0.62945419549942017
vt 0.33948424458503723 0.6196708083152771
vt 0.35491535067558289 0.60010397434234619
vt 0.35491535067558289 0.6196708083152771
vt 0.35491535067558289 0.62945419549942017
vt 0.36263090372085571 0.6196708083152771
vt 0.36263090372085571 0.62945419549942017
vt 0.33948424458503723 0.62945419549942017
vt 0.34719979763031006 0.6196708083152771
vt 0.34719979763031006 0.62945419549942017
vt 0.30862203240394592 0.6196708083152771
vt 0.32405313849449158 0.60010397434234619
vt 0.32405313849449158 0.6196708083152771
vt 0.24689763784408569 0.60010397434234619
vt 0.27775982022285461 0.5609702467918396
vt 0.27775982022285461 0.60010397434234619
vt 0.12344881892204285 0.5609702467918396
vt 0.18517322838306427 0.48270288109779358
vt 0.18517322838306427 0.5609702467918396
vt 0.32405313849449158 0.62945419549942017
vt 0.3317686915397644 0.6196708083152771
vt 0.3317686915397644 0.62945419549942017
vt 0.30862203240394592 0.62945419549942017
vt 0.31633758544921875 0.6196708083152771
vt 0.31633758544921875 0.62945419549942017
vt 0.27775982022285461 0.6196708083152771
vt 0.29319092631340027 0.60010397434234619
vt 0.29319092631340027 0.6196708083152771
vt 0.29319092631340027 0.62945419549942017
vt 0.3009064793586731 0.6196708083152771
vt 0.3009064793586731 0.62945419549942017
vt 0.27775982022285461 0.62945419549942017
vt 0.28547537326812744 0.6196708083152771
vt 0.28547537326812744 0.62945419549942017
vt 0.24689763784408569 0.6196708083152771
vt 0.26232874393463135 0.60010397434234619
vt 0.26232874393463135 0.6196708083152771
vt 0.18517322838306427 0.60010397434234619
vt 0.21603542566299438 0.5609702467918396
vt 0.21603542566299438 0.60010397434234619
vt 0.26232874393463135 0.62945419549942017
vt 0.27004429697990417 0.6196708083152771
vt 0.27004429697990417 0.62945419549942017
vt 0.24689763784408569 0.62945419549942017
vt 0.25461319088935852 0.6196708083152771
vt 0.25461319088935852 0.62945419549942017
vt 0.21603542566299438 0.6196708083152771
vt 0.23146653175354004 0.60010397434234619
vt 0.23146653175354004 0.6196708083152771
vt 0.23146653175354004 0.62945419549942017
vt 0.23918208479881287 0.6196708083152771
vt 0.23918208479881287 0.62945419549942017
vt 0.21603542566299438 0.62945419549942017
vt 0.22375097870826721 0.6196708083152771
vt 0.22375097870826721 0.62945419549942017
vt 0.18517322838306427 0.6196708083152771
vt 0.20060431957244873 0.60010397434234619
vt 0.20060431957244873 0.6196708083152771
vt 0.12344881892204285 0.60010397434234619
vt 0.15431101620197296 0.5609702467918396
vt 0.15431101620197296 0.60010397434234619
vt 0.061724409461021423 0.48270288109779358
vt 0.061724409461021423 0.5609702467918396
vt 0.20060431957244873 0.62945419549942017
vt 0.20831987261772156 0.6196708083152771
vt 0.20831987261772156 0.62945419549942017
vt 0.18517322838306427 0.62945419549942017
vt 0.1928887814283371 0.6196708083152771
vt 0.1928887814283371 0.62945419549942017
vt 0.15431101620197296 0.6196708083152771
vt 0.16974212229251862 0.60010397434234619
vt 0.16974212229251862 0.6196708083152771
vt 0.16974212229251862 0.62945419549942017
vt 0.17745767533779144 0.6196708083152771
vt 0.17745767533779144 0.62945419549942017
vt 0.15431101620197296 0.62945419549942017
vt 0.16202656924724579 0.6196708083152771
vt 0.16202656924724579 0.62945419549942017
vt 0.12344881892204285 0.6196708083152771
vt 0.13887991011142731 0.60010397434234619
vt 0.13887991011142731 0.6196708083152771
vt 0.061724409461021423 0.60010397434234619
vt 0.092586614191532135 0.5609702467918396
vt 0.092586614191532135 0.60010397434234619
vt 0.13887991011142731 0.62945419549942017
vt 0.14659546315670013 0.6196708083152771
vt 0.14659546315670013 0.62945419549942017
vt 0.12344881892204285 0.62945419549942017
vt 0.13116437196731567 0.6196708083152771
vt 0.13116437196731567 0.62945419549942017
vt 0.092586614191532135 0.6196708083152771
vt 0.10801771283149719 0.60010397434234619
vt 0.10801771283149719 0.6196708083152771
vt 0.10801771283149719 0.62945419549942017
vt 0.11573326587677002 0.6196708083152771
vt 0.11573326587677002 0.62945419549942017
vt 0.092586614191532135 0.62945419549942017
vt 0.10030215978622437 0.6196708083152771
vt 0.10030215978622437 0.62945419549942017
vt 0.061724409461021423 0.6196708083152771
vt 0.077155508100986481 0.60010397434234619
vt 0.077155508100986481 0.6196708083152771
vt 0.030862204730510712 0.5609702467918396
vt 0.030862204730510712 0.60010397434234619
vt 0.077155508100986481 0.62945419549942017
vt 0.084871061146259308 0.6196708083152771
vt 0.084871061146259308 0.62945419549942017
vt 0.061724409461021423 0.62945419549942017
vt 0.069439955055713654 0.6196708083152771
vt 0.069439955055713654 0.62945419549942017
vt 0.030862204730510712 0.6196708083152771
vt 0.046293307095766068 0.60010397434234619
vt 0.046293307095766068 0.6196708083152771
vt 0.046293307095766068 0.62945419549942017
vt 0.054008856415748596 0.6196708083152771
vt 0.054008856415748596 0.62945419549942017
vt 0.030862204730510712 0.62945419549942017
vt 0.03857775405049324 0.6196708083152771
vt 0.03857775405049324 0.62945419549942017
vt 0.015431102365255356 0.60010397434234619
vt 0.015431102365255356 0.6196708083152771
vt 0.015431102365255356 0.62945419549942017
vt 0.023146653547883034 0.6196708083152771
vt 0.023146653547883034 0.62945419549942017
vt 0.0077155511826276779 0.6196708083152771
vt 0.0077155511826276779 0.62945419549942017
vt 0.0078380201011896133 0.013098590075969696
vt 0.015676040202379227 0.013098590075969696
vt 0.02351406030356884 0.013098590075969696
vt 0.031352080404758453 0.013098599389195442
vt 0.039190102368593216 0.013098602183163166
vt 0.04702812060713768 0.013098604045808315
vt 0.054866138845682144 0.013098606839776039
vt 0.062704160809516907 0.013098608702421188
vt 0.070542186498641968 0.013098611496388912
vt 0.078380204737186432 0.013098613359034061
vt 0.086218222975730896 0.013098616153001785
vt 0.09405624121427536 0.013098618015646935
vt 0.10189425945281982 0.013098620809614658
vt 0.10973227769136429 0.013098622672259808
vt 0.11757030338048935 0.013098625466227531
vt 0.12540832161903381 0.013098627328872681
vt 0.13324634730815887 0.013098630122840405
vt 0.14108437299728394 0.013098631985485554
vt 0.1489223837852478 0.013098634779453278
vt 0.15676040947437286 0.013098636642098427
vt 0.16459842026233673 0.013098639436066151
vt 0.17243644595146179 0.0130986412987113
vt 0.18027447164058685 0.013098644092679024
vt 0.18811248242855072 0.013098645955324173
vt 0.19595050811767578 0.013098648749291897
vt 0.20378851890563965 0.013098650611937046
vt 0.21162654459476471 0.01309865340590477
vt 0.21946455538272858 0.013098655268549919
vt 0.22730258107185364 0.013098658062517643
vt 0.2351406067609787 0.013098659925162792
vt 0.24297861754894257 0.013098662719130516
vt 0.25081664323806763 0.013098664581775665
vt 0.25865468382835388 0.013098667375743389
vt 0.26649269461631775 0.013098670169711113
vt 0.27433070540428162 0.013098672032356262
vt 0.28216874599456787 0.013098674826323986
vt 0.29000675678253174 0.013098676688969135
vt 0.29784476757049561 0.013098679482936859
vt 0.30568277835845947 0.013098681345582008
vt 0.31352081894874573 0.013098684139549732
vt 0.32135882973670959 0.013098686002194881
vt 0.32919684052467346 0.013098688796162605
vt 0.33703488111495972 0.013098690658807755
vt 0.34487289190292358 0.013098693452775478
vt 0.35271090269088745 0.013098695315420628
vt 0.36054894328117371 0.013098698109388351
vt 0.36838695406913757 0.013098699972033501
vt 0.37622496485710144 0.013098702766001225
vt 0.38406297564506531 0.013098704628646374
vt 0.39190101623535156 0.013098707422614098
vt 0.39973902702331543 0.013098709285259247
vt 0.4075770378112793 0.013098712079226971
vt 0.41541507840156555 0.01309871394187212
vt 0.42325308918952942 0.013098716735839844
vt 0.43109109997749329 0.013098718598484993
vt 0.43892911076545715 0.013098721392452717
vt 0.44676715135574341 0.013098723255097866
vt 0.45460516214370728 0.01309872604906559
vt 0.46244317293167114 0.013098727911710739
vt 0.4702812135219574 0.013098730705678463
vt 0.47811922430992126 0.013098732568323612
vt 0.48595723509788513 0.013098735362291336
vt 0.49379527568817139 0.013098737224936485
vt 0.24689763784408569 0.16963335871696472
vt 0.12344881892204285 0.16963335871696472
vt 0.12344881892204285 0.09136597067117691
vt 0.061724409461021423 0.16963335871696472
vt 0.061724409461021423 0.09136597067117691
vt 0.061724409461021423 0.052232280373573303
vt 0.030862204730510712 0.09136597067117691
vt 0.030862204730510712 0.052232280373573303
vt 0.030862204730510712 0.0326654352247715
vt 0.015431102365255356 0.052232280373573303
vt 0.015431102365255356 0.0326654352247715
vt 0.061724409461021423 0.0326654352247715
vt 0.046293307095766068 0.052232280373573303
vt 0.046293307095766068 0.0326654352247715
vt 0.12344881892204285 0.052232280373573303
vt 0.092586614191532135 0.09136597067117691
vt 0.092586614191532135 0.052232280373573303
vt 0.24689763784408569 0.09136597067117691
vt 0.18517322838306427 0.16963335871696472
vt 0.18517322838306427 0.09136597067117691
vt 0.37034645676612854 0.16963335871696472
vt 0.092586614191532135 0.0326654352247715
vt 0.077155508100986481 0.052232280373573303
vt 0.077155508100986481 0.0326654352247715
vt 0.12344881892204285 0.0326654352247715
vt 0.10801771283149719 0.052232280373573303
vt 0.10801771283149719 0.0326654352247715
vt 0.18517322838306427 0.052232280373573303
vt 0.15431101620197296 0.09136597067117691
vt 0.15431101620197296 0.052232280373573303
vt 0.15431101620197296 0.0326654352247715
vt 0.13887991011142731 0.052232280373573303
vt 0.13887991011142731 0.0326654352247715
vt 0.18517322838306427 0.0326654352247715
vt 0.16974212229251862 0.052232280373573303
vt 0.16974212229251862 0.0326654352247715
vt 0.24689763784408569 0.052232280373573303
vt 0.21603542566299438 0.09136597067117691
vt 0.21603542566299438 0.052232280373573303
vt 0.37034645676612854 0.09136597067117691
vt 0.30862203240394592 0.16963335871696472
vt 0.30862203240394592 0.09136597067117691
vt 0.21603542566299438 0.0326654352247715
vt 0.20060431957244873 0.052232280373573303
vt 0.20060431957244873 0.0326654352247715
vt 0.24689763784408569 0.0326654352247715
vt 0.23146653175354004 0.052232280373573303
vt 0.23146653175354004 0.0326654352247715
vt 0.30862203240394592 0.052232280373573303
vt 0.27775982022285461 0.09136597067117691
vt 0.27775982022285461 0.052232280373573303
vt 0.27775982022285461 0.0326654352247715
vt 0.26232874393463135 0.052232280373573303
vt 0.26232874393463135 0.0326654352247715
vt 0.30862203240394592 0.0326654352247715
vt 0.29319092631340027 0.052232280373573303
vt 0.29319092631340027 0.0326654352247715
vt 0.37034645676612854 0.052232280373573303
vt 0.33948424458503723 0.09136597067117691
vt 0.33948424458503723 0.052232280373573303
vt 0.43207085132598877 0.16963335871696472
vt 0.43207085132598877 0.09136597067117691
vt 0.33948424458503723 0.0326654352247715
vt 0.32405313849449158 0.052232280373573303
vt 0.32405313849449158 0.0326654352247715
vt 0.37034645676612854 0.0326654352247715
vt 0.35491535067558289 0.052232280373573303
vt 0.35491535067558289 0.0326654352247715
vt 0.43207085132598877 0.052232280373573303
vt 0.40120863914489746 0.09136597067117691
vt 0.40120863914489746 0.052232280373573303
vt 0.40120863914489746 0.0326654352247715
vt 0.38577756285667419 0.052232280373573303
vt 0.38577756285667419 0.0326654352247715
vt 0.43207085132598877 0.0326654352247715
vt 0.41663974523544312 0.052232280373573303
vt 0.41663974523544312 0.0326654352247715
vt 0.46293306350708008 0.09136597067117691
vt 0.46293306350708008 0.052232280373573303
vt 0.46293306350708008 0.0326654352247715
vt 0.44750195741653442 0.052232280373573303
vt 0.44750195741653442 0.0326654352247715
vt 0.47836416959762573 0.052232280373573303
vt 0.47836416959762573 0.0326654352247715
vt 0.49379527568817139 0.021024545654654503
vt 0.49379527568817139 0.02895035594701767
vt 0.49379527568817139 0.036876164376735687
vt 0.49379527568817139 0.044801972806453705
vt 0.49379527568817139 0.052727781236171722
vt 0.49379527568817139 0.060653593391180038
vt 0.493795245885849 0.068579398095607758
vt 0.493795245885849 0.076505206525325775
vt 0.493795245885849 0.084431014955043793
vt 0.493795245885849 0.092356830835342407
vt 0.493795245885849 0.10028263926506042
vt 0.493795245885849 0.10820844769477844
vt 0.493795245885849 0.11613425612449646
vt 0.493795245885849 0.12406006455421448
vt 0.493795245885849 0.1319858729839325
vt 0.493795245885849 0.13991168141365051
vt 0.493795245885849 0.14783748984336853
vt 0.493795245885849 0.15576329827308655
vt 0.493795245885849 0.16368910670280457
vt 0.493795245885849 0.17161491513252258
vt 0.49379521608352661 0.1795407235622406
vt 0.49379521608352661 0.18746653199195862
vt 0.49379521608352661 0.19539234042167664
vt 0.49379521608352661 0.20331814885139465
vt 0.49379521608352661 0.21124397218227386
vt 0.49379521608352661 0.21916976571083069
vt 0.49379521608352661 0.2270955890417099
vt 0.49379521608352661 0.23502138257026672
vt 0.49379521608352661 0.24294720590114594
vt 0.49379521608352661 0.25087299942970276
vt 0.49379521608352661 0.25879880785942078
vt 0.49379521608352661 0.26672461628913879
vt 0.49379521608352661 0.27465042471885681
vt 0.49379521608352661 0.28257623314857483
vt 0.49379518628120422 0.29050204157829285
vt 0.49379518628120422 0.29842787981033325
vt 0.49379518628120422 0.30635365843772888
vt 0.49379518628120422 0.31427949666976929
vt 0.49379518628120422 0.32220527529716492
vt 0.49379518628120422 0.33013111352920532
vt 0.49379518628120422 0.33805692195892334
vt 0.49379518628120422 0.34598270058631897
vt 0.49379518628120422 0.35390850901603699
vt 0.49379518628120422 0.36183434724807739
vt 0.49379518628120422 0.36976015567779541
vt 0.49379518628120422 0.37768593430519104
vt 0.49379518628120422 0.38561174273490906
vt 0.49379518628120422 0.39353758096694946
vt 0.49379515647888184 0.40146338939666748
vt 0.49379515647888184 0.4093891978263855
vt 0.49379515647888184 0.41731497645378113
vt 0.49379515647888184 0.42524078488349915
vt 0.49379515647888184 0.43316662311553955
vt 0.49379515647888184 0.44109243154525757
vt 0.49379515647888184 0.4490182101726532
vt 0.49379515647888184 0.45694401860237122
vt 0.49379515647888184 0.46486985683441162
vt 0.49379515647888184 0.47279566526412964
vt 0.49379515647888184 0.48072147369384766
vt 0.49379515647888184 0.48864725232124329
vt 0.49379515647888184 0.49657309055328369
vt 0.49379515647888184 0.50449889898300171
vt 0.49379512667655945 0.51242470741271973
vt 0.49379512667655945 0.52035051584243774
vt 0.49379512667655945 0.52827632427215576
vt 0.49379512667655945 0.53620213270187378
vt 0.49379512667655945 0.5441279411315918
vt 0.49379512667655945 0.55205374956130981
vt 0.49379512667655945 0.55997955799102783
vt 0.49379512667655945 0.56790536642074585
vt 0.49379512667655945 0.57583117485046387
vt 0.49379512667655945 0.58375698328018188
vt 0.49379512667655945 0.5916827917098999
vt 0.49379512667655945 0.59960860013961792
vt 0.49379512667655945 0.60753440856933594
vt 0.49379512667655945 0.61546021699905396
vt 0.49379509687423706 0.62338602542877197
vt 0.49379509687423706 0.63131183385848999
vt 0.47836416959762573 0.09136597067117691
vt 0.46293306350708008 0.071799129247665405
vt 0.47836416959762573 0.071799129247665405
vt 0.46293306350708008 0.16963335871696472
vt 0.43207085132598877 0.13049966096878052
vt 0.46293306350708008 0.13049966096878052
vt 0.43207085132598877 0.32616811990737915
vt 0.37034645676612854 0.24790073931217194
vt 0.43207085132598877 0.24790073931217194
vt 0.47836416959762573 0.13049966096878052
vt 0.46293306350708008 0.11093281954526901
vt 0.47836416959762573 0.11093281954526901
vt 0.47836416959762573 0.16963335871696472
vt 0.46293306350708008 0.15006650984287262
vt 0.47836416959762573 0.15006650984287262
vt 0.46293306350708008 0.24790073931217194
vt 0.43207085132598877 0.20876704156398773
vt 0.46293306350708008 0.20876704156398773
vt 0.47836416959762573 0.20876704156398773
vt 0.46293306350708008 0.18920019268989563
vt 0.47836416959762573 0.18920019268989563
vt 0.47836416959762573 0.24790073931217194
vt 0.46293306350708008 0.22833389043807983
vt 0.47836416959762573 0.22833389043807983
vt 0.46293306350708008 0.32616811990737915
vt 0.43207085132598877 0.28703442215919495
vt 0.46293306350708008 0.28703442215919495
vt 0.37034645676612854 0.40443551540374756
vt 0.43207085132598877 0.40443551540374756
vt 0.47836416959762573 0.28703442215919495
vt 0.46293306350708008 0.26746758818626404
vt 0.47836416959762573 0.26746758818626404
vt 0.47836416959762573 0.32616811990737915
vt 0.46293306350708008 0.30660128593444824
vt 0.47836416959762573 0.30660128593444824
vt 0.46293306350708008 0.40443551540374756
vt 0.43207085132598877 0.36530181765556335
vt 0.46293306350708008 0.36530181765556335
vt 0.47836416959762573 0.36530181765556335
vt 0.46293306350708008 0.34573495388031006
vt 0.47836416959762573 0.34573495388031006
vt 0.47836416959762573 0.40443551540374756
vt 0.46293306350708008 0.38486865162849426
vt 0.47836416959762573 0.38486865162849426
vt 0.46293306350708008 0.48270288109779358
vt 0.43207085132598877 0.44356918334960938
vt 0.46293306350708008 0.44356918334960938
vt 0.47836416959762573 0.44356918334960938
vt 0.46293306350708008 0.42400234937667847
vt 0.47836416959762573 0.42400234937667847
vt 0.47836416959762573 0.48270288109779358
vt 0.46293306350708008 0.46313604712486267
vt 0.47836416959762573 0.46313604712486267
vt 0.43207085132598877 0.52183657884597778
vt 0.46293306350708008 0.52183657884597778
vt 0.47836416959762573 0.52183657884597778
vt 0.46293306350708008 0.50226974487304688
vt 0.47836416959762573 0.50226974487304688
vt 0.47836416959762573 0.5609702467918396
vt 0.46293306350708008 0.54140341281890869
vt 0.47836416959762573 0.54140341281890869
vt 0.46293306350708008 0.58053708076477051
vt 0.47836416959762573 0.58053708076477051
vt 4.4184907892486081E-05 0.63131177425384521
vt 4.361843821243383E-05 0.62338602542877197
vt 4.3051964894402772E-05 0.61546021699905396
vt 4.2485491576371714E-05 0.60753434896469116
vt 4.1919018258340657E-05 0.59960854053497314
vt 4.1352544940309599E-05 0.59168273210525513
vt 4.0786071622278541E-05 0.58375698328018188
vt 4.0219598304247484E-05 0.57583111524581909
vt 3.9653124986216426E-05 0.56790530681610107
vt 3.9086655306164175E-05 0.55997949838638306
vt 3.852017835015431E-05 0.55205368995666504
vt 3.7953705032123253E-05 0.54412788152694702
vt 3.7387231714092195E-05 0.536202073097229
vt 3.6820758396061137E-05 0.52827626466751099
vt 3.625428507803008E-05 0.52035045623779297
vt 3.5687811759999022E-05 0.51242464780807495
vt 3.5121342079946771E-05 0.50449883937835693
vt 3.4554865123936906E-05 0.49657303094863892
vt 3.3988395443884656E-05 0.4886472225189209
vt 3.3421918487874791E-05 0.48072141408920288
vt 3.285544880782254E-05 0.47279560565948486
vt 3.2288971851812676E-05 0.46486976742744446
vt 3.1722498533781618E-05 0.45694398880004883
vt 3.1156028853729367E-05 0.44901818037033081
vt 3.0589551897719502E-05 0.44109237194061279
vt 3.0023080398677848E-05 0.43316653370857239
vt 2.9456608899636194E-05 0.42524072527885437
vt 2.8890133762615733E-05 0.41731491684913635
vt 2.8323660444584675E-05 0.40938913822174072
vt 2.7757187126553617E-05 0.40146329998970032
vt 2.719071380852256E-05 0.3935374915599823
vt 2.6624240490491502E-05 0.38561168313026428
vt 2.6057767172460444E-05 0.37768584489822388
vt 2.549129567341879E-05 0.36976006627082825
vt 2.4924822355387732E-05 0.36183425784111023
vt 2.4358349037356675E-05 0.35390844941139221
vt 2.3791875719325617E-05 0.34598261117935181
vt 2.3225402401294559E-05 0.33805680274963379
vt 2.2658929083263502E-05 0.33013102412223816
vt 2.209245394624304E-05 0.32220518589019775
vt 2.1525982447201386E-05 0.31427940726280212
vt 2.0959509129170328E-05 0.30635356903076172
vt 2.0393035811139271E-05 0.29842779040336609
vt 1.9826562493108213E-05 0.29050195217132568
vt 1.9260089175077155E-05 0.28257614374160767
vt 1.8693615857046098E-05 0.27465033531188965
vt 1.812714253901504E-05 0.26672452688217163
vt 1.7560671039973386E-05 0.25879871845245361
vt 1.6994197721942328E-05 0.2508729100227356
vt 1.642772440391127E-05 0.24294708669185638
vt 1.5861249266890809E-05 0.23502129316329956
vt 1.5294775948859751E-05 0.22709546983242035
vt 1.4728304449818097E-05 0.21916966140270233
vt 1.4161830222292338E-05 0.21124385297298431
vt 1.359535690426128E-05 0.2033180445432663
vt 1.3028883586230222E-05 0.19539222121238708
vt 1.2462411177693866E-05 0.18746642768383026
vt 1.1895937859662808E-05 0.17954060435295105
vt 1.1329464541631751E-05 0.17161481082439423
vt 1.0762991223600693E-05 0.16368898749351501
vt 1.0196517905569635E-05 0.155763179063797
vt 9.6300445875385776E-06 0.14783737063407898
vt 9.0635712695075199E-06 0.13991156220436096
vt 8.497098860971164E-06 0.13198575377464294
vt 7.9306246334454045E-06 0.12405993789434433
vt 7.3641522249090485E-06 0.11613412201404572
vt 6.7976784521306399E-06 0.1082083135843277
vt 6.2312055888469331E-06 0.10028250515460968
vt 5.6647322708158754E-06 0.092356696724891663
vt 5.0982589527848177E-06 0.084430888295173645
vt 4.53178563475376E-06 0.076505072414875031
vt 3.9653123167227022E-06 0.068579263985157013
vt 3.39883922606532E-06 0.060653451830148697
vt 2.8323661354079377E-06 0.052727643400430679
vt 2.26589281737688E-06 0.044801831245422363
vt 1.69941961303266E-06 0.036876022815704346
vt 1.13294640868844E-06 0.02895021066069603
vt 5.6647320434421999E-07 0.021024400368332863
vt 0.030862204730510712 0.58053708076477051
vt 0.015431102365255356 0.5609702467918396
vt 0.015431102365255356 0.58053708076477051
vt 0.061724409461021423 0.52183657884597778
vt 0.030862204730510712 0.48270288109779358
vt 0.030862204730510712 0.52183657884597778
vt 0.12344881892204285 0.40443551540374756
vt 0.061724409461021423 0.32616811990737915
vt 0.061724409461021423 0.40443551540374756
vt 0.030862204730510712 0.54140341281890869
vt 0.015431102365255356 0.52183657884597778
vt 0.015431102365255356 0.54140341281890869
vt 0.030862204730510712 0.50226974487304688
vt 0.015431102365255356 0.48270288109779358
vt 0.015431102365255356 0.50226974487304688
vt 0.061724409461021423 0.44356918334960938
vt 0.030862204730510712 0.40443551540374756
vt 0.030862204730510712 0.44356918334960938
vt 0.030862204730510712 0.46313604712486267
vt 0.015431102365255356 0.44356918334960938
vt 0.015431102365255356 0.46313604712486267
vt 0.030862204730510712 0.42400234937667847
vt 0.015431102365255356 0.40443551540374756
vt 0.015431102365255356 0.42400234937667847
vt 0.061724409461021423 0.36530181765556335
vt 0.030862204730510712 0.32616811990737915
vt 0.030862204730510712 0.36530181765556335
vt 0.12344881892204285 0.24790073931217194
vt 0.061724409461021423 0.24790073931217194
vt 0.030862204730510712 0.38486865162849426
vt 0.015431102365255356 0.36530181765556335
vt 0.015431102365255356 0.38486865162849426
vt 0.030862204730510712 0.34573495388031006
vt 0.015431102365255356 0.32616811990737915
vt 0.015431102365255356 0.34573495388031006
vt 0.061724409461021423 0.28703442215919495
vt 0.030862204730510712 0.24790073931217194
vt 0.030862204730510712 0.28703442215919495
vt 0.030862204730510712 0.30660128593444824
vt 0.015431102365255356 0.28703442215919495
vt 0.015431102365255356 0.30660128593444824
vt 0.030862204730510712 0.26746758818626404
vt 0.015431102365255356 0.24790073931217194
vt 0.015431102365255356 0.26746758818626404
vt 0.061724409461021423 0.20876704156398773
vt 0.030862204730510712 0.16963335871696472
vt 0.030862204730510712 0.20876704156398773
vt 0.030862204730510712 0.22833389043807983
vt 0.015431102365255356 0.20876704156398773
vt 0.015431102365255356 0.22833389043807983
vt 0.030862204730510712 0.18920019268989563
vt 0.015431102365255356 0.16963335871696472
vt 0.015431102365255356 0.18920019268989563
vt 0.061724409461021423 0.13049966096878052
vt 0.030862204730510712 0.13049966096878052
vt 0.030862204730510712 0.15006650984287262
vt 0.015431102365255356 0.13049966096878052
vt 0.015431102365255356 0.15006650984287262
vt 0.030862204730510712 0.11093281954526901
vt 0.015431102365255356 0.09136597067117691
vt 0.015431102365255356 0.11093281954526901
vt 0.030862204730510712 0.071799129247665405
vt 0.015431102365255356 0.071799129247665405
vn 0 0.00065433443523943424 0.9999997615814209
vn 0 0.00065433443523943424 0.9999997615814209
vn 0 0.00065433443523943424 0.9999997615814209
vn 0 0.00065433443523943424 0.9999997615814209
vn 0 0.00065433443523943424 0.9999997615814209
vn 0 0.00065433443523943424 0.9999997615814209
vn 0 0.00065433443523943424 0.9999997615814209
vn 0 0.00065433443523943424 0.9999997615814209
vn 0 0.00065433443523943424 0.9999997615814209
vn 0 0.00065433443523943424 0.9999997615814209
vn 0 0.00065433443523943424 0.9999997615814209
vn 0 0.00065433443523943424 0.9999997615814209
vn 0 0.00065433443523943424 0.9999997615814209
vn 0 0.00065433443523943424 0.9999997615814209
vn 0 0.00065433443523943424 0.9999997615814209
vn 0 0.00065433443523943424 0.9999997615814209
vn 0 0.00065433443523943424 0.9999997615814209
vn 0 0.00065433443523943424 0.9999997615814209
vn 0 0.00065433443523943424 0.9999997615814209
vn 0 0.00065433443523943424 0.9999997615814209
vn 0 -0.00065433443523943424 -0.9999997615814209
vn 0 -0.00065433443523943424 -0.9999997615814209
vn 0 -0.00065433443523943424 -0.9999997615814209
vn 0 -0.00065433443523943424 -0.9999997615814209
vn 0 -0.00065433443523943424 -0.9999997615814209
vn 0 -0.00065433443523943424 -0.9999997615814209
vn 0 -0.00065433443523943424 -0.9999997615814209
vn 0 -0.00065433443523943424 -0.9999997615814209
vn 0 -0.00065433443523943424 -0.9999997615814209
vn 0 -0.00065433443523943424 -0.9999997615814209
vn 0 -0.00065433443523943424 -0.9999997615814209
vn 0 -0.00065433443523943424 -0.9999997615814209
vn 0 -0.00065433443523943424 -0.9999997615814209
vn 0 -0.00065433443523943424 -0.9999997615814209
vn 0 -0.00065433443523943424 -0.9999997615814209
vn 0 -0.00065433443523943424 -0.9999997615814209
vn 0 -0.00065433443523943424 -0.9999997615814209
vn 0 -0.00065433443523943424 -0.9999997615814209
vn 0 -0.00065433443523943424 -0.9999997615814209
vn 0 -0.00065433443523943424 -0.9999997615814209
vn 1 0 0
vn 0.92502325773239136 0.37991034984588623 -0.00024858847609721124
vn 0.92502325773239136 0.37991034984588623 -0.00024858847609721124
vn 0.69970357418060303 0.71443313360214233 -0.00046747829765081406
vn 0.69970357418060303 0.71443313360214233 -0.00046747829765081406
vn 0.36344948410987854 0.93161368370056152 -0.00060958706308156252
vn 0.36344948410987854 0.93161368370056152 -0.00060958706308156252
vn 0 0.9999997615814209 -0.00065433443523943424
vn 0 0.9999997615814209 -0.00065433443523943424
vn -0.37991040945053101 0.92502307891845703 -0.00060527457389980555
vn -0.37991040945053101 0.92502307891845703 -0.00060527457389980555
vn -0.71443325281143188 0.69970345497131348 -0.0004578401567414403
vn -0.71443325281143188 0.69970345497131348 -0.0004578401567414403
vn -0.93161392211914063 0.36344942450523376 -0.00023781752679497004
vn -0.93161392211914063 0.36344942450523376 -0.00023781752679497004
vn -1 0 0
vn -1 0 0
vn 0.92978829145431519 0.36809462308883667 -0.00024085704353637993
vn 0.70710676908493042 0.70710664987564087 -0.00046268431469798088
vn 0.36809471249580383 0.92978811264038086 -0.00060839252546429634
vn 0 0.9999997615814209 -0.00065433443523943424
vn -0.36809471249580383 0.92978811264038086 -0.00060839252546429634
vn -0.70710676908493042 0.70710664987564087 -0.00046268431469798088
vn -0.92978829145431519 0.36809462308883667 -0.00024085704353637993
vn 0.92502325773239136 0.37991034984588623 -0.00024858847609721124
vn 0.98218530416488647 0.18791502714157104 -0.00012295930355321616
vn 0.98218530416488647 0.18791502714157104 -0.00012295930355321616
vn 0.69970357418060303 0.71443313360214233 -0.00046747829765081406
vn 0.83052265644073486 0.55698472261428833 -0.00036445437581278384
vn 0.83052265644073486 0.55698472261428833 -0.00036445437581278384
vn 0.36344948410987854 0.93161368370056152 -0.00060958706308156252
vn 0.54072701930999756 0.84119796752929688 -0.00055042491294443607
vn 0.54072701930999756 0.84119796752929688 -0.00055042491294443607
vn 0 0.9999997615814209 -0.00065433443523943424
vn 0.17962829768657684 0.9837343692779541 -0.00064369139727205038
vn 0.17962829768657684 0.9837343692779541 -0.00064369139727205038
vn -0.37991040945053101 0.92502307891845703 -0.00060527457389980555
vn -0.18791507184505463 0.98218506574630737 -0.00064267765264958143
vn -0.18791507184505463 0.98218506574630737 -0.00064267765264958143
vn -0.71443325281143188 0.69970345497131348 -0.0004578401567414403
vn -0.55698484182357788 0.83052247762680054 -0.00054343958618119359
vn -0.55698484182357788 0.83052247762680054 -0.00054343958618119359
vn -0.93161392211914063 0.36344942450523376 -0.00023781752679497004
vn -0.8411981463432312 0.54072690010070801 -0.00035381631460040808
vn -0.8411981463432312 0.54072690010070801 -0.00035381631460040808
vn -0.98373454809188843 0.17962826788425446 -0.00011753698345273733
vn -0.98373454809188843 0.17962826788425446 -0.00011753698345273733
vn -0.92978829145431519 0.36809462308883667 -0.00024085704353637993
vn -0.70710676908493042 0.70710664987564087 -0.00046268431469798088
vn -0.36809471249580383 0.92978811264038086 -0.00060839252546429634
vn 0 0.9999997615814209 -0.00065433443523943424
vn 0.36809471249580383 0.92978811264038086 -0.00060839252546429634
vn 0.70710676908493042 0.70710664987564087 -0.00046268431469798088
vn 0.92978829145431519 0.36809462308883667 -0.00024085704353637993
vn -0.93161392211914063 0.36344942450523376 -0.00023781752679497004
vn -0.98373454809188843 0.17962826788425446 -0.00011753698345273733
vn -0.98373454809188843 0.17962826788425446 -0.00011753698345273733
vn -0.71443325281143188 0.69970345497131348 -0.0004578401567414403
vn -0.8411981463432312 0.54072690010070801 -0.00035381631460040808
vn -0.8411981463432312 0.54072690010070801 -0.00035381631460040808
vn -0.37991040945053101 0.92502307891845703 -0.00060527457389980555
vn -0.55698484182357788 0.83052247762680054 -0.00054343958618119359
vn -0.55698484182357788 0.83052247762680054 -0.00054343958618119359
vn 0 0.9999997615814209 -0.00065433443523943424
vn -0.18791507184505463 0.98218506574630737 -0.00064267765264958143
vn -0.18791507184505463 0.98218506574630737 -0.00064267765264958143
vn 0.36344948410987854 0.93161368370056152 -0.00060958706308156252
vn 0.17962829768657684 0.9837343692779541 -0.00064369139727205038
vn 0.17962829768657684 0.9837343692779541 -0.00064369139727205038
vn 0.69970357418060303 0.71443313360214233 -0.00046747829765081406
vn 0.54072701930999756 0.84119796752929688 -0.00055042491294443607
vn 0.54072701930999756 0.84119796752929688 -0.00055042491294443607
vn 0.92502325773239136 0.37991034984588623 -0.00024858847609721124
vn 0.83052265644073486 0.55698472261428833 -0.00036445437581278384
vn 0.83052265644073486 0.55698472261428833 -0.00036445437581278384
vn 0.98218530416488647 0.18791502714157104 -0.00012295930355321616
vn 0.98218530416488647 0.18791502714157104 -0.00012295930355321616
vn -1 0 0
vn -1 0 0
vn -1 0 0
vn -1 0 0
vn 1 0 0
vn 1 0 0
vn 1 0 0
vn 1 0 0
vn 1 0 0
vn -1 0 0
vn -1 0 0
vn -1 0 0
vn -1 0 0
vn -1 0 0
vn -1 0 0
vn -1 0 0
vn -1 0 0
vn -1 0 0
vn -1 0 0
vn -1 0 0
vn -1 0 0
vn -0.70710676908493042 -0.70710664987564087 0.00046268431469798088
vn -0.70710676908493042 -0.70710664987564087 0.00046268431469798088
vn -0.70710676908493042 -0.70710664987564087 0.00046268431469798088
vn -0.70710676908493042 -0.70710664987564087 0.00046268431469798088
vn -0.70710676908493042 -0.70710664987564087 0.00046268431469798088
vn -0.70710676908493042 -0.70710664987564087 0.00046268431469798088
vn -0.70710676908493042 -0.70710664987564087 0.00046268431469798088
vn -0.70710676908493042 -0.70710664987564087 0.00046268431469798088
vn -0.70710676908493042 -0.70710664987564087 0.00046268431469798088
vn -0.70710676908493042 -0.70710664987564087 0.00046268431469798088
vn -0.70710676908493042 -0.70710664987564087 0.00046268431469798088
vn 0 -0.9999997615814209 0.00065433443523943424
vn 0 -0.9999997615814209 0.00065433443523943424
vn 0 -0.9999997615814209 0.00065433443523943424
vn 0 -0.9999997615814209 0.00065433443523943424
vn 0 -0.9999997615814209 0.00065433443523943424
vn 0 -0.9999997615814209 0.00065433443523943424
vn 0 -0.9999997615814209 0.00065433443523943424
vn 0 -0.9999997615814209 0.00065433443523943424
vn 0 -0.9999997615814209 0.00065433443523943424
vn 0 -0.9999997615814209 0.00065433443523943424
vn 0 0.9999997615814209 -0.00065433443523943424
vn 0 0.9999997615814209 -0.00065433443523943424
vn 0 0.9999997615814209 -0.00065433443523943424
vn 0 0.9999997615814209 -0.00065433443523943424
vn 0 0.9999997615814209 -0.00065433443523943424
vn 0 0.9999997615814209 -0.00065433443523943424
vn 0 0.9999997615814209 -0.00065433443523943424
vn 0 0.9999997615814209 -0.00065433443523943424
vn 0 0.9999997615814209 -0.00065433443523943424
vn 0 0.9999997615814209 -0.00065433443523943424
vn 0 0.9999997615814209 -0.00065433443523943424
vn 0 0.9999997615814209 -0.00065433443523943424
vn 0 0.9999997615814209 -0.00065433443523943424
vn 0 0.9999997615814209 -0.00065433443523943424
vn 0 0.9999997615814209 -0.00065433443523943424
vn 0 0.9999997615814209 -0.00065433443523943424
vn 0 0.9999997615814209 -0.00065433443523943424
vn 1 0 0
vn 1 0 0
vn 1 0 0
vn 1 0 0
vn 1 0 0
vn 1 0 0
vn 1 0 0
vn 1 0 0
vn 1 0 0
vn 1 0 0
vn 1 0 0
vn 1 0 0
vn 1 0 0
vn 1 0 0
vn 0 -0.00065433443523943424 -0.9999997615814209
vn 0 -0.00065433443523943424 -0.9999997615814209
vn 0 -0.00065433443523943424 -0.9999997615814209
vn 0 -0.00065433443523943424 -0.9999997615814209
vn 0 -0.00065433443523943424 -0.9999997615814209
vn 0 -0.00065433443523943424 -0.9999997615814209
vn 0 -0.00065433443523943424 -0.9999997615814209
vn 0 -0.00065433443523943424 -0.9999997615814209
vn 0 -0.00065433443523943424 -0.9999997615814209
vn 0 -0.00065433443523943424 -0.9999997615814209
vn 0 -0.00065433443523943424 -0.9999997615814209
vn 0 -0.00065433443523943424 -0.9999997615814209
vn 0 -0.00065433443523943424 -0.9999997615814209
vn 0 -0.00065433443523943424 -0.9999997615814209
vn 0 -0.00065433443523943424 -0.9999997615814209
vn 0 -0.00065433443523943424 -0.9999997615814209
vn 0 -0.00065433443523943424 -0.9999997615814209
vn 0 -0.00065433443523943424 -0.9999997615814209
vn 0 -0.00065433443523943424 -0.9999997615814209
vn 0 -0.00065433443523943424 -0.9999997615814209
vn 0 0.00065433443523943424 0.9999997615814209
vn 0 0.00065433443523943424 0.9999997615814209
vn 0 0.00065433443523943424 0.9999997615814209
vn 0 0.00065433443523943424 0.9999997615814209
vn 0 0.00065433443523943424 0.9999997615814209
vn 0 0.00065433443523943424 0.9999997615814209
vn 0 0.00065433443523943424 0.9999997615814209
vn 0 0.00065433443523943424 0.9999997615814209
vn 0 0.00065433443523943424 0.9999997615814209
vn 0 0.00065433443523943424 0.9999997615814209
vn 0 0.00065433443523943424 0.9999997615814209
vn 0 0.00065433443523943424 0.9999997615814209
vn 0 0.00065433443523943424 0.9999997615814209
vn 0 0.00065433443523943424 0.9999997615814209
vn 0 0.00065433443523943424 0.9999997615814209
vn 0 0.00065433443523943424 0.9999997615814209
vn 0 0.00065433443523943424 0.9999997615814209
vn 0 0.00065433443523943424 0.9999997615814209
vn 0 0.00065433443523943424 0.9999997615814209
vn 0 0.00065433443523943424 0.9999997615814209
vn 1 0 0
vn 0.92502325773239136 0.37991034984588623 -0.00024858847609721124
vn 0.92502325773239136 0.37991034984588623 -0.00024858847609721124
vn 0.69970357418060303 0.71443313360214233 -0.00046747829765081406
vn 0.69970357418060303 0.71443313360214233 -0.00046747829765081406
vn 0.36344948410987854 0.93161368370056152 -0.00060958706308156252
vn 0.36344948410987854 0.93161368370056152 -0.00060958706308156252
vn 0 0.9999997615814209 -0.00065433443523943424
vn 0 0.9999997615814209 -0.00065433443523943424
vn -0.37991040945053101 0.92502307891845703 -0.00060527457389980555
vn -0.37991040945053101 0.92502307891845703 -0.00060527457389980555
vn -0.71443325281143188 0.69970345497131348 -0.0004578401567414403
vn -0.71443325281143188 0.69970345497131348 -0.0004578401567414403
vn -0.93161392211914063 0.36344942450523376 -0.00023781752679497004
vn -0.93161392211914063 0.36344942450523376 -0.00023781752679497004
vn -1 0 0
vn -1 0 0
vn 0.92978829145431519 0.36809462308883667 -0.00024085704353637993
vn 0.70710676908493042 0.70710664987564087 -0.00046268431469798088
vn 0.36809471249580383 0.92978811264038086 -0.00060839252546429634
vn 0 0.9999997615814209 -0.00065433443523943424
vn -0.36809471249580383 0.92978811264038086 -0.00060839252546429634
vn -0.70710676908493042 0.70710664987564087 -0.00046268431469798088
vn -0.92978829145431519 0.36809462308883667 -0.00024085704353637993
vn 0.92502325773239136 0.37991034984588623 -0.00024858847609721124
vn 0.98218530416488647 0.18791502714157104 -0.00012295930355321616
vn 0.98218530416488647 0.18791502714157104 -0.00012295930355321616
vn 0.69970357418060303 0.71443313360214233 -0.00046747829765081406
vn 0.83052265644073486 0.55698472261428833 -0.00036445437581278384
vn 0.83052265644073486 0.55698472261428833 -0.00036445437581278384
vn 0.36344948410987854 0.93161368370056152 -0.00060958706308156252
vn 0.54072701930999756 0.84119796752929688 -0.00055042491294443607
vn 0.54072701930999756 0.84119796752929688 -0.00055042491294443607
vn 0 0.9999997615814209 -0.00065433443523943424
vn 0.17962829768657684 0.9837343692779541 -0.00064369139727205038
vn 0.17962829768657684 0.9837343692779541 -0.00064369139727205038
vn -0.37991040945053101 0.92502307891845703 -0.00060527457389980555
vn -0.18791507184505463 0.98218506574630737 -0.00064267765264958143
vn -0.18791507184505463 0.98218506574630737 -0.00064267765264958143
vn -0.71443325281143188 0.69970345497131348 -0.0004578401567414403
vn -0.55698484182357788 0.83052247762680054 -0.00054343958618119359
vn -0.55698484182357788 0.83052247762680054 -0.00054343958618119359
vn -0.93161392211914063 0.36344942450523376 -0.00023781752679497004
vn -0.8411981463432312 0.54072690010070801 -0.00035381631460040808
vn -0.8411981463432312 0.54072690010070801 -0.00035381631460040808
vn -0.98373454809188843 0.17962826788425446 -0.00011753698345273733
vn -0.98373454809188843 0.17962826788425446 -0.00011753698345273733
vn -0.92978829145431519 0.36809462308883667 -0.00024085704353637993
vn -0.70710676908493042 0.70710664987564087 -0.00046268431469798088
vn -0.36809471249580383 0.92978811264038086 -0.00060839252546429634
vn 0 0.9999997615814209 -0.00065433443523943424
vn 0.36809471249580383 0.92978811264038086 -0.00060839252546429634
vn 0.70710676908493042 0.70710664987564087 -0.00046268431469798088
vn 0.92978829145431519 0.36809462308883667 -0.00024085704353637993
vn -0.93161392211914063 0.36344942450523376 -0.00023781752679497004
vn -0.98373454809188843 0.17962826788425446 -0.00011753698345273733
vn -0.98373454809188843 0.17962826788425446 -0.00011753698345273733
vn -0.71443325281143188 0.69970345497131348 -0.0004578401567414403
vn -0.8411981463432312 0.54072690010070801 -0.00035381631460040808
vn -0.8411981463432312 0.54072690010070801 -0.00035381631460040808
vn -0.37991040945053101 0.92502307891845703 -0.00060527457389980555
vn -0.55698484182357788 0.83052247762680054 -0.00054343958618119359
vn -0.55698484182357788 0.83052247762680054 -0.00054343958618119359
vn 0 0.9999997615814209 -0.00065433443523943424
vn -0.18791507184505463 0.98218506574630737 -0.00064267765264958143
vn -0.18791507184505463 0.98218506574630737 -0.00064267765264958143
vn 0.36344948410987854 0.93161368370056152 -0.00060958706308156252
vn 0.69970357418060303 0.71443313360214233 -0.00046747829765081406
vn 0.54072701930999756 0.84119796752929688 -0.00055042491294443607
vn 0.54072701930999756 0.84119796752929688 -0.00055042491294443607
vn 0.92502325773239136 0.37991034984588623 -0.00024858847609721124
vn 0.83052265644073486 0.55698472261428833 -0.00036445437581278384
vn 0.83052265644073486 0.55698472261428833 -0.00036445437581278384
vn 0.98218530416488647 0.18791502714157104 -0.00012295930355321616
vn 0.98218530416488647 0.18791502714157104 -0.00012295930355321616
vn -1 0 0
vn -1 0 0
vn -1 0 0
vn -1 0 0
vn 1 0 0
vn 1 0 0
vn 1 0 0
vn 1 0 0
vn 1 0 0
vn -1 0 0
vn -1 0 0
vn -1 0 0
vn -1 0 0
vn -1 0 0
vn -1 0 0
vn -1 0 0
vn -1 0 0
vn -1 0 0
vn -1 0 0
vn -0.70710676908493042 -0.70710664987564087 0.00046268431469798088
vn -0.70710676908493042 -0.70710664987564087 0.00046268431469798088
vn -0.70710676908493042 -0.70710664987564087 0.00046268431469798088
vn -0.70710676908493042 -0.70710664987564087 0.00046268431469798088
vn -0.70710676908493042 -0.70710664987564087 0.00046268431469798088
vn -0.70710676908493042 -0.70710664987564087 0.00046268431469798088
vn -0.70710676908493042 -0.70710664987564087 0.00046268431469798088
vn -0.70710676908493042 -0.70710664987564087 0.00046268431469798088
vn 0 -0.9999997615814209 0.00065433443523943424
vn 0 -0.9999997615814209 0.00065433443523943424
vn 0 -0.9999997615814209 0.00065433443523943424
vn 0 -0.9999997615814209 0.00065433443523943424
vn 0 -0.9999997615814209 0.00065433443523943424
vn 0 -0.9999997615814209 0.00065433443523943424
vn 0 -0.9999997615814209 0.00065433443523943424
vn 0 -0.9999997615814209 0.00065433443523943424
vn 0 -0.9999997615814209 0.00065433443523943424
vn 0 0.9999997615814209 -0.00065433443523943424
vn 0 0.9999997615814209 -0.00065433443523943424
vn 0 0.9999997615814209 -0.00065433443523943424
vn 0 0.9999997615814209 -0.00065433443523943424
vn 0 0.9999997615814209 -0.00065433443523943424
vn 0 0.9999997615814209 -0.00065433443523943424
vn 0 0.9999997615814209 -0.00065433443523943424
vn 0 0.9999997615814209 -0.00065433443523943424
vn 0 0.9999997615814209 -0.00065433443523943424
vn 0 0.9999997615814209 -0.00065433443523943424
vn 0 0.9999997615814209 -0.00065433443523943424
vn 0 0.9999997615814209 -0.00065433443523943424
vn 0 0.9999997615814209 -0.00065433443523943424
vn 0 0.9999997615814209 -0.00065433443523943424
vn 0 0.9999997615814209 -0.00065433443523943424
vn 0 0.9999997615814209 -0.00065433443523943424
vn 0 0.9999997615814209 -0.00065433443523943424
vn 1 0 0
vn 1 0 0
vn 1 0 0
vn 1 0 0
vn 1 0 0
vn 1 0 0
vn 1 0 0
vn 1 0 0
vn 1 0 0
vn 1 0 0
vn 1 0 0
vn 1 0 0
vn 1 0 0
vn 1 0 0
vn 0 -0.00065433443523943424 -0.9999997615814209
vn 0 -0.00065433443523943424 -0.9999997615814209
vn 0 -0.00065433443523943424 -0.9999997615814209
vn 0 -0.00065433443523943424 -0.9999997615814209
vn 0 -0.00065433443523943424 -0.9999997615814209
vn 0 -0.00065433443523943424 -0.9999997615814209
vn 0 -0.00065433443523943424 -0.9999997615814209
vn 0 -0.00065433443523943424 -0.9999997615814209
vn 0 -0.00065433443523943424 -0.9999997615814209
vn 0 -0.00065433443523943424 -0.9999997615814209
vn 0 -0.00065433443523943424 -0.9999997615814209
vn 0 -0.00065433443523943424 -0.9999997615814209
vn 0 -0.00065433443523943424 -0.9999997615814209
vn 0 -0.00065433443523943424 -0.9999997615814209
vn 0 -0.00065433443523943424 -0.9999997615814209
vn 0 -0.00065433443523943424 -0.9999997615814209
vn 0 -0.00065433443523943424 -0.9999997615814209
vn 0 -0.00065433443523943424 -0.9999997615814209
vn 0 -0.00065433443523943424 -0.9999997615814209
vn 0 -0.00065433443523943424 -0.9999997615814209
vn 0 -0.00065433443523943424 -0.9999997615814209
vn 0 -0.00065433443523943424 -0.9999997615814209
vn 0 -0.00065433443523943424 -0.9999997615814209
vn 0 -0.00065433443523943424 -0.9999997615814209
vn 0 -0.00065433443523943424 -0.9999997615814209
vn 0 -0.00065433443523943424 -0.9999997615814209
vn 0 -0.00065433443523943424 -0.9999997615814209
vn 0 -0.00065433443523943424 -0.9999997615814209
vn 0 -0.00065433443523943424 -0.9999997615814209
vn 0 -0.00065433443523943424 -0.9999997615814209
vn 0 -0.00065433443523943424 -0.9999997615814209
vn 0 -0.00065433443523943424 -0.9999997615814209
vn 0 -0.00065433443523943424 -0.9999997615814209
vn 0 -0.00065433443523943424 -0.9999997615814209
vn 0 -0.00065433443523943424 -0.9999997615814209
vn 0 -0.00065433443523943424 -0.9999997615814209
vn 0 -0.00065433443523943424 -0.9999997615814209
vn 0 -0.00065433443523943424 -0.9999997615814209
vn 0 -0.00065433443523943424 -0.9999997615814209
vn 0 -0.00065433443523943424 -0.9999997615814209
vn 0 -0.00065433443523943424 -0.9999997615814209
vn 0 -0.00065433443523943424 -0.9999997615814209
vn 0 -0.00065433443523943424 -0.9999997615814209
vn 0 -0.00065433443523943424 -0.9999997615814209
vn 0 -0.00065433443523943424 -0.9999997615814209
vn 0 -0.00065433443523943424 -0.9999997615814209
vn 0 -0.00065433443523943424 -0.9999997615814209
vn 0 -0.00065433443523943424 -0.9999997615814209
vn 0 -0.00065433443523943424 -0.9999997615814209
vn 0 -0.00065433443523943424 -0.9999997615814209
vn 0 -0.00065433443523943424 -0.9999997615814209
vn 0 -0.00065433443523943424 -0.9999997615814209
vn 0 -0.00065433443523943424 -0.9999997615814209
vn 0 -0.00065433443523943424 -0.9999997615814209
vn 0 -0.00065433443523943424 -0.9999997615814209
vn 0 -0.00065433443523943424 -0.9999997615814209
vn 0 -0.00065433443523943424 -0.9999997615814209
vn 0 -0.00065433443523943424 -0.9999997615814209
vn 0 -0.00065433443523943424 -0.9999997615814209
vn 0 -0.00065433443523943424 -0.9999997615814209
vn 0 -0.00065433443523943424 -0.9999997615814209
vn 0 -0.00065433443523943424 -0.9999997615814209
vn 0 -0.00065433443523943424 -0.9999997615814209
vn 0 -0.00065433443523943424 -0.9999997615814209
vn 0 -0.00065433443523943424 -0.9999997615814209
vn 0 -0.00065433443523943424 -0.9999997615814209
vn 0 -0.00065433443523943424 -0.9999997615814209
vn 0 -0.00065433443523943424 -0.9999997615814209
vn 0 -0.00065433443523943424 -0.9999997615814209
vn 0 -0.00065433443523943424 -0.9999997615814209
vn 0 -0.00065433443523943424 -0.9999997615814209
vn 0 -0.00065433443523943424 -0.9999997615814209
vn 0 -0.00065433443523943424 -0.9999997615814209
vn 0 -0.00065433443523943424 -0.9999997615814209
vn 0 -0.00065433443523943424 -0.9999997615814209
vn 0 -0.00065433443523943424 -0.9999997615814209
vn 0 -0.00065433443523943424 -0.9999997615814209
vn 0 -0.00065433443523943424 -0.9999997615814209
vn 0 -0.00065433443523943424 -0.9999997615814209
vn 0 -0.00065433443523943424 -0.9999997615814209
vn 0 -0.00065433443523943424 -0.9999997615814209
vn 0 -0.00065433443523943424 -0.9999997615814209
vn 0 -0.00065433443523943424 -0.9999997615814209
vn 0 -0.00065433443523943424 -0.9999997615814209
vn 0 -0.00065433443523943424 -0.9999997615814209
vn 0 -0.00065433443523943424 -0.9999997615814209
vn 0 -0.00065433443523943424 -0.9999997615814209
vn 0 -0.00065433443523943424 -0.9999997615814209
vn 0 -0.00065433443523943424 -0.9999997615814209
vn 0 -0.00065433443523943424 -0.9999997615814209
vn 0 -0.00065433443523943424 -0.9999997615814209
vn 0 -0.00065433443523943424 -0.9999997615814209
vn 0 -0.00065433443523943424 -0.9999997615814209
vn 0 -0.00065433443523943424 -0.9999997615814209
vn 0 -0.00065433443523943424 -0.9999997615814209
vn 0 -0.00065433443523943424 -0.9999997615814209
vn 0 -0.00065433443523943424 -0.9999997615814209
vn 0 -0.00065433443523943424 -0.9999997615814209
vn 0 -0.00065433443523943424 -0.9999997615814209
vn 0 -0.00065433443523943424 -0.9999997615814209
vn 0 -0.00065433443523943424 -0.9999997615814209
vn 0 -0.00065433443523943424 -0.9999997615814209
vn 0 -0.00065433443523943424 -0.9999997615814209
vn 0 -0.00065433443523943424 -0.9999997615814209
vn 0 -0.00065433443523943424 -0.9999997615814209
vn 0 -0.00065433443523943424 -0.9999997615814209
vn 0 -0.00065433443523943424 -0.9999997615814209
vn 0 -0.00065433443523943424 -0.9999997615814209
vn 0 -0.00065433443523943424 -0.9999997615814209
vn 0 -0.00065433443523943424 -0.9999997615814209
vn 0 -0.00065433443523943424 -0.9999997615814209
vn 0 -0.00065433443523943424 -0.9999997615814209
vn 0 -0.00065433443523943424 -0.9999997615814209
vn 0 -0.00065433443523943424 -0.9999997615814209
vn 0 -0.00065433443523943424 -0.9999997615814209
vn 0 -0.00065433443523943424 -0.9999997615814209
vn 0 -0.00065433443523943424 -0.9999997615814209
vn 0 -0.00065433443523943424 -0.9999997615814209
vn 0 -0.00065433443523943424 -0.9999997615814209
vn 0 -0.00065433443523943424 -0.9999997615814209
vn 0 -0.00065433443523943424 -0.9999997615814209
vn 0 -0.00065433443523943424 -0.9999997615814209
vn 0 -0.00065433443523943424 -0.9999997615814209
vn 0 -0.00065433443523943424 -0.9999997615814209
vn 0 -0.00065433443523943424 -0.9999997615814209
vn 0 -0.00065433443523943424 -0.9999997615814209
vn 0 -0.00065433443523943424 -0.9999997615814209
vn 0 -0.00065433443523943424 -0.9999997615814209
vn 0 -0.00065433443523943424 -0.9999997615814209
vn 0 -0.00065433443523943424 -0.9999997615814209
vn 0 -0.00065433443523943424 -0.9999997615814209
vn 0 -0.00065433443523943424 -0.9999997615814209
vn 0 -0.00065433443523943424 -0.9999997615814209
vn 0 -0.00065433443523943424 -0.9999997615814209
vn 0 -0.00065433443523943424 -0.9999997615814209
vn 0 -0.00065433443523943424 -0.9999997615814209
vn 0 -0.00065433443523943424 -0.9999997615814209
vn 0 -0.00065433443523943424 -0.9999997615814209
vn 0 -0.00065433443523943424 -0.9999997615814209
vn 0 -0.00065433443523943424 -0.9999997615814209
vn 0 -0.00065433443523943424 -0.9999997615814209
vn 0 -0.00065433443523943424 -0.9999997615814209
vn 0 -0.00065433443523943424 -0.9999997615814209
vn 0 -0.00065433443523943424 -0.9999997615814209
vn 0 -0.00065433443523943424 -0.9999997615814209
vn 0 -0.00065433443523943424 -0.9999997615814209
vn 0 -0.00065433443523943424 -0.9999997615814209
vn 0 -0.00065433443523943424 -0.9999997615814209
vn 0 -0.00065433443523943424 -0.9999997615814209
vn 0 -0.00065433443523943424 -0.9999997615814209
vn 0 -0.00065433443523943424 -0.9999997615814209
vn 0 -0.00065433443523943424 -0.9999997615814209
vn 0 -0.00065433443523943424 -0.9999997615814209
vn 0 -0.00065433443523943424 -0.9999997615814209
vn 0 -0.00065433443523943424 -0.9999997615814209
vn 0 -0.00065433443523943424 -0.9999997615814209
vn 0 -0.00065433443523943424 -0.9999997615814209
vn 0 -0.00065433443523943424 -0.9999997615814209
vn 0 -0.00065433443523943424 -0.9999997615814209
vn 0 -0.00065433443523943424 -0.9999997615814209
vn 0 -0.00065433443523943424 -0.9999997615814209
vn 0 -0.00065433443523943424 -0.9999997615814209
vn 0 -0.00065433443523943424 -0.9999997615814209
vn 0 -0.00065433443523943424 -0.9999997615814209
vn 0 -0.00065433443523943424 -0.9999997615814209
vn 0 -0.00065433443523943424 -0.9999997615814209
vn 0 -0.00065433443523943424 -0.9999997615814209
vn 0 -0.00065433443523943424 -0.9999997615814209
vn 0 -0.00065433443523943424 -0.9999997615814209
vn 0 -0.00065433443523943424 -0.9999997615814209
vn 0 -0.00065433443523943424 -0.9999997615814209
vn 0 -0.00065433443523943424 -0.9999997615814209
vn 0 -0.00065433443523943424 -0.9999997615814209
vn 0 -0.00065433443523943424 -0.9999997615814209
vn 0 -0.00065433443523943424 -0.9999997615814209
vn 0 -0.00065433443523943424 -0.9999997615814209
vn 0 -0.00065433443523943424 -0.9999997615814209
vn 0 -0.00065433443523943424 -0.9999997615814209
vn 0 -0.00065433443523943424 -0.9999997615814209
vn 0 -0.00065433443523943424 -0.9999997615814209
vn 0 -0.00065433443523943424 -0.9999997615814209
vn 0 -0.00065433443523943424 -0.9999997615814209
vn 0 -0.00065433443523943424 -0.9999997615814209
vn 0 -0.00065433443523943424 -0.9999997615814209
vn 0 -0.00065433443523943424 -0.9999997615814209
vn 0 -0.00065433443523943424 -0.9999997615814209
vn 0 -0.00065433443523943424 -0.9999997615814209
vn 0 -0.00065433443523943424 -0.9999997615814209
vn 0 -0.00065433443523943424 -0.9999997615814209
vn 0 -0.00065433443523943424 -0.9999997615814209
vn 0 -0.00065433443523943424 -0.9999997615814209
vn 0 -0.00065433443523943424 -0.9999997615814209
vn 0 -0.00065433443523943424 -0.9999997615814209
vn 0 -0.00065433443523943424 -0.9999997615814209
vn 0 -0.00065433443523943424 -0.9999997615814209
vn 0 -0.00065433443523943424 -0.9999997615814209
vn 0 -0.00065433443523943424 -0.9999997615814209
vn 0 -0.00065433443523943424 -0.9999997615814209
vn 0 -0.00065433443523943424 -0.9999997615814209
vn 0 -0.00065433443523943424 -0.9999997615814209
vn 0 -0.00065433443523943424 -0.9999997615814209
vn 0 -0.00065433443523943424 -0.9999997615814209
vn 0 -0.00065433443523943424 -0.9999997615814209
vn 0 -0.00065433443523943424 -0.9999997615814209
vn 0 -0.00065433443523943424 -0.9999997615814209
vn 0 -0.00065433443523943424 -0.9999997615814209
vn 0 -0.00065433443523943424 -0.9999997615814209
vn 0 -0.00065433443523943424 -0.9999997615814209
vn 0 -0.00065433443523943424 -0.9999997615814209
vn 0 -0.00065433443523943424 -0.9999997615814209
vn 0 -0.00065433443523943424 -0.9999997615814209
vn 0 -0.00065433443523943424 -0.9999997615814209
vn 0 -0.00065433443523943424 -0.9999997615814209
vn 0 -0.00065433443523943424 -0.9999997615814209
vn 0 -0.00065433443523943424 -0.9999997615814209
vn 0 -0.00065433443523943424 -0.9999997615814209
vn 0 -0.00065433443523943424 -0.9999997615814209
vn 0 -0.00065433443523943424 -0.9999997615814209
vn 0 -0.00065433443523943424 -0.9999997615814209
vn 0 -0.00065433443523943424 -0.9999997615814209
vn 0 -0.00065433443523943424 -0.9999997615814209
vn 0 -0.00065433443523943424 -0.9999997615814209
vn 0 -0.00065433443523943424 -0.9999997615814209
vn 0 -0.00065433443523943424 -0.9999997615814209
vn 0 -0.00065433443523943424 -0.9999997615814209
vn 0 -0.00065433443523943424 -0.9999997615814209
vn 0 -0.00065433443523943424 -0.9999997615814209
vn 0 -0.00065433443523943424 -0.9999997615814209
vn 0 -0.00065433443523943424 -0.9999997615814209
vn 0 -0.00065433443523943424 -0.9999997615814209
vn 0 -0.00065433443523943424 -0.9999997615814209
vn 0 -0.00065433443523943424 -0.9999997615814209
vn 0 -0.00065433443523943424 -0.9999997615814209
vn 0 -0.00065433443523943424 -0.9999997615814209
vn 0 -0.00065433443523943424 -0.9999997615814209
vn 0 -0.00065433443523943424 -0.9999997615814209
vn 0 -0.00065433443523943424 -0.9999997615814209
vn 0 -0.00065433443523943424 -0.9999997615814209
vn 0 -0.00065433443523943424 -0.9999997615814209
vn 0 -0.00065433443523943424 -0.9999997615814209
vn 0 -0.00065433443523943424 -0.9999997615814209
vn 0 -0.00065433443523943424 -0.9999997615814209
vn 0 -0.00065433443523943424 -0.9999997615814209
vn 0 -0.00065433443523943424 -0.9999997615814209
vn 0 -0.00065433443523943424 -0.9999997615814209
vn 0 -0.00065433443523943424 -0.9999997615814209
vn 0 -0.00065433443523943424 -0.9999997615814209
vn 0 -0.00065433443523943424 -0.9999997615814209
vn 0 -0.00065433443523943424 -0.9999997615814209
vn 0 -0.00065433443523943424 -0.9999997615814209
vn 0 -0.00065433443523943424 -0.9999997615814209
vn 0 -0.00065433443523943424 -0.9999997615814209
vn 0 -0.00065433443523943424 -0.9999997615814209
vn 0 -0.00065433443523943424 -0.9999997615814209
vn 0 -0.00065433443523943424 -0.9999997615814209
vn 0 -0.00065433443523943424 -0.9999997615814209
vn 0 -0.00065433443523943424 -0.9999997615814209
vn 0 -0.00065433443523943424 -0.9999997615814209
vn 0 -0.00065433443523943424 -0.9999997615814209
vn 0 -0.00065433443523943424 -0.9999997615814209
vn 0 -0.00065433443523943424 -0.9999997615814209
vn 0 -0.00065433443523943424 -0.9999997615814209
vn 0 -0.00065433443523943424 -0.9999997615814209
vn 0 -0.00065433443523943424 -0.9999997615814209
vn 0 -0.00065433443523943424 -0.9999997615814209
vn 0 -0.00065433443523943424 -0.9999997615814209
vn 0 -0.00065433443523943424 -0.9999997615814209
vn 0 -0.00065433443523943424 -0.9999997615814209
vn 0 -0.00065433443523943424 -0.9999997615814209
vn 0 -0.00065433443523943424 -0.9999997615814209
vn 0 -0.00065433443523943424 -0.9999997615814209
vn 0 -0.00065433443523943424 -0.9999997615814209
vn 0 -0.00065433443523943424 -0.9999997615814209
vn 0 -0.00065433443523943424 -0.9999997615814209
vn 0 -0.00065433443523943424 -0.9999997615814209
vn 0 -0.00065433443523943424 -0.9999997615814209
vn 0 -0.00065433443523943424 -0.9999997615814209
vn 0 -0.00065433443523943424 -0.9999997615814209
vn 0 -0.00065433443523943424 -0.9999997615814209
vn 0 -0.00065433443523943424 -0.9999997615814209
vn 0 -0.00065433443523943424 -0.9999997615814209
vn 0 -0.00065433443523943424 -0.9999997615814209
vn 0 -0.00065433443523943424 -0.9999997615814209
vn 0 -0.00065433443523943424 -0.9999997615814209
vn 0 -0.00065433443523943424 -0.9999997615814209
vn 0 -0.00065433443523943424 -0.9999997615814209
vn 0 -0.00065433443523943424 -0.9999997615814209
vn 0 -0.00065433443523943424 -0.9999997615814209
vn 0 -0.00065433443523943424 -0.9999997615814209
vn 0 -0.00065433443523943424 -0.9999997615814209
vn 0 -0.00065433443523943424 -0.9999997615814209
vn 0 -0.00065433443523943424 -0.9999997615814209
vn 0 -0.00065433443523943424 -0.9999997615814209
vn 0 -0.00065433443523943424 -0.9999997615814209
vn 0 -0.00065433443523943424 -0.9999997615814209
vn 0 -0.00065433443523943424 -0.9999997615814209
vn 0 -0.00065433443523943424 -0.9999997615814209
vn 0 -0.00065433443523943424 -0.9999997615814209
vn 0 -0.00065433443523943424 -0.9999997615814209
vn 0 -0.00065433443523943424 -0.9999997615814209
vn 0 -0.00065433443523943424 -0.9999997615814209
vn 0 -0.00065433443523943424 -0.9999997615814209
vn 0 -0.00065433443523943424 -0.9999997615814209
vn 0 -0.00065433443523943424 -0.9999997615814209
vn 0 -0.00065433443523943424 -0.9999997615814209
vn 0 -0.00065433443523943424 -0.9999997615814209
vn 0 -0.00065433443523943424 -0.9999997615814209
vn 0 -0.00065433443523943424 -0.9999997615814209
vn 0 -0.00065433443523943424 -0.9999997615814209
vn 0 -0.00065433443523943424 -0.9999997615814209
vn 0 -0.00065433443523943424 -0.9999997615814209
vn 0 -0.00065433443523943424 -0.9999997615814209
vn 0 -0.00065433443523943424 -0.9999997615814209
vn 0 -0.00065433443523943424 -0.9999997615814209
vn 0 -0.00065433443523943424 -0.9999997615814209
vn 0 -0.00065433443523943424 -0.9999997615814209
vn 0 -0.00065433443523943424 -0.9999997615814209
vn 0 -0.00065433443523943424 -0.9999997615814209
vn 0 -0.00065433443523943424 -0.9999997615814209
vn 0 -0.00065433443523943424 -0.9999997615814209
vn 0 -0.00065433443523943424 -0.9999997615814209
vn 0 -0.00065433443523943424 -0.9999997615814209
vn 0 -0.00065433443523943424 -0.9999997615814209
vn 0 -0.00065433443523943424 -0.9999997615814209
vn 0 -0.00065433443523943424 -0.9999997615814209
vn 0 -0.00065433443523943424 -0.9999997615814209
vn 0 -0.00065433443523943424 -0.9999997615814209
vn 0 -0.00065433443523943424 -0.9999997615814209
vn 0 -0.00065433443523943424 -0.9999997615814209
vn 0 -0.00065433443523943424 -0.9999997615814209
vn 0 -0.00065433443523943424 -0.9999997615814209
vn 0 -0.00065433443523943424 -0.9999997615814209
vn 0 -0.00065433443523943424 -0.9999997615814209
vn 0 -0.00065433443523943424 -0.9999997615814209
vn 0 -0.00065433443523943424 -0.9999997615814209
vn 0 -0.00065433443523943424 -0.9999997615814209
vn 0 -0.00065433443523943424 -0.9999997615814209
vn 0 -0.00065433443523943424 -0.9999997615814209
vn 0 -0.00065433443523943424 -0.9999997615814209
vn 0 -0.00065433443523943424 -0.9999997615814209
vn 0 -0.00065433443523943424 -0.9999997615814209
vn 0 -0.00065433443523943424 -0.9999997615814209
vn -2.374942482674669E-07 0.00065443897619843483 0.9999997615814209
vn -2.374942482674669E-07 0.00065443897619843483 0.9999997615814209
vn -2.374942482674669E-07 0.00065443897619843483 0.9999997615814209
vn -2.374942482674669E-07 0.00065443897619843483 0.9999997615814209
vn -2.374942482674669E-07 0.00065443897619843483 0.9999997615814209
vn -2.374942482674669E-07 0.00065443897619843483 0.9999997615814209
vn -2.374942482674669E-07 0.00065443897619843483 0.9999997615814209
vn -2.374942482674669E-07 0.00065443897619843483 0.9999997615814209
vn -2.374942482674669E-07 0.00065443897619843483 0.9999997615814209
vn -2.374942482674669E-07 0.00065443897619843483 0.9999997615814209
vn -2.374942482674669E-07 0.00065443897619843483 0.9999997615814209
vn -2.374942482674669E-07 0.00065443897619843483 0.9999997615814209
vn -2.374942482674669E-07 0.00065443897619843483 0.9999997615814209
vn -2.374942482674669E-07 0.00065443897619843483 0.9999997615814209
vn -2.374942482674669E-07 0.00065443897619843483 0.9999997615814209
vn -2.374942482674669E-07 0.00065443897619843483 0.9999997615814209
vn -2.374942482674669E-07 0.00065443897619843483 0.9999997615814209
vn -2.374942482674669E-07 0.00065443897619843483 0.9999997615814209
vn -2.374942482674669E-07 0.00065443897619843483 0.9999997615814209
vn -2.374942482674669E-07 0.00065443897619843483 0.9999997615814209
vn -2.374942482674669E-07 0.00065443897619843483 0.9999997615814209
vn -2.374942482674669E-07 0.00065443897619843483 0.9999997615814209
vn -2.374942482674669E-07 0.00065443897619843483 0.9999997615814209
vn -2.374942482674669E-07 0.00065443897619843483 0.9999997615814209
vn -2.374942482674669E-07 0.00065443897619843483 0.9999997615814209
vn -2.374942482674669E-07 0.00065443897619843483 0.9999997615814209
vn -2.374942482674669E-07 0.00065443897619843483 0.9999997615814209
vn -2.374942482674669E-07 0.00065443897619843483 0.9999997615814209
vn -2.374942482674669E-07 0.00065443897619843483 0.9999997615814209
vn -2.374942482674669E-07 0.00065443897619843483 0.9999997615814209
vn -2.374942482674669E-07 0.00065443897619843483 0.9999997615814209
vn -2.374942482674669E-07 0.00065443897619843483 0.9999997615814209
vn -2.374942482674669E-07 0.00065443897619843483 0.9999997615814209
vn -2.374942482674669E-07 0.00065443897619843483 0.9999997615814209
vn -2.374942482674669E-07 0.00065443897619843483 0.9999997615814209
vn -2.374942482674669E-07 0.00065443897619843483 0.9999997615814209
vn -2.374942482674669E-07 0.00065443897619843483 0.9999997615814209
vn -2.374942482674669E-07 0.00065443897619843483 0.9999997615814209
vn -2.374942482674669E-07 0.00065443897619843483 0.9999997615814209
vn -2.374942482674669E-07 0.00065443897619843483 0.9999997615814209
vn -2.374942482674669E-07 0.00065443897619843483 0.9999997615814209
vn -2.374942482674669E-07 0.00065443897619843483 0.9999997615814209
vn -2.374942482674669E-07 0.00065443897619843483 0.9999997615814209
vn -2.374942482674669E-07 0.00065443897619843483 0.9999997615814209
vn -2.374942482674669E-07 0.00065443897619843483 0.9999997615814209
vn -2.374942482674669E-07 0.00065443897619843483 0.9999997615814209
vn -2.374942482674669E-07 0.00065443897619843483 0.9999997615814209
vn -2.374942482674669E-07 0.00065443897619843483 0.9999997615814209
vn -2.374942482674669E-07 0.00065443897619843483 0.9999997615814209
vn -2.374942482674669E-07 0.00065443897619843483 0.9999997615814209
vn -2.374942482674669E-07 0.00065443897619843483 0.9999997615814209
vn -2.374942482674669E-07 0.00065443897619843483 0.9999997615814209
vn -2.374942482674669E-07 0.00065443897619843483 0.9999997615814209
vn -2.374942482674669E-07 0.00065443897619843483 0.9999997615814209
vn -2.374942482674669E-07 0.00065443897619843483 0.9999997615814209
vn -2.374942482674669E-07 0.00065443897619843483 0.9999997615814209
vn -2.374942482674669E-07 0.00065443897619843483 0.9999997615814209
vn -2.374942482674669E-07 0.00065443897619843483 0.9999997615814209
vn -2.374942482674669E-07 0.00065443897619843483 0.9999997615814209
vn -2.374942482674669E-07 0.00065443897619843483 0.9999997615814209
vn -2.374942482674669E-07 0.00065443897619843483 0.9999997615814209
vn -2.374942482674669E-07 0.00065443897619843483 0.9999997615814209
vn -2.374942482674669E-07 0.00065443897619843483 0.9999997615814209
vn -2.374942482674669E-07 0.00065443897619843483 0.9999997615814209
vn -2.374942482674669E-07 0.00065443897619843483 0.9999997615814209
vn -2.374942482674669E-07 0.00065443897619843483 0.9999997615814209
vn -2.374942482674669E-07 0.00065443897619843483 0.9999997615814209
vn -2.374942482674669E-07 0.00065443897619843483 0.9999997615814209
vn -2.374942482674669E-07 0.00065443897619843483 0.9999997615814209
vn -2.374942482674669E-07 0.00065443897619843483 0.9999997615814209
vn -2.374942482674669E-07 0.00065443897619843483 0.9999997615814209
vn -2.374942482674669E-07 0.00065443897619843483 0.9999997615814209
vn -2.374942482674669E-07 0.00065443897619843483 0.9999997615814209
vn -2.374942482674669E-07 0.00065443897619843483 0.9999997615814209
vn -2.374942482674669E-07 0.00065443897619843483 0.9999997615814209
vn -2.374942482674669E-07 0.00065443897619843483 0.9999997615814209
vn -2.374942482674669E-07 0.00065443897619843483 0.9999997615814209
vn -2.374942482674669E-07 0.00065443897619843483 0.9999997615814209
vn -2.374942482674669E-07 0.00065443897619843483 0.9999997615814209
vn -2.374942482674669E-07 0.00065443897619843483 0.9999997615814209
vn -2.374942482674669E-07 0.00065443897619843483 0.9999997615814209
vn -2.374942482674669E-07 0.00065443897619843483 0.9999997615814209
vn -2.374942482674669E-07 0.00065443897619843483 0.9999997615814209
vn -2.374942482674669E-07 0.00065443897619843483 0.9999997615814209
vn -2.374942482674669E-07 0.00065443897619843483 0.9999997615814209
vn -2.374942482674669E-07 0.00065443897619843483 0.9999997615814209
vn -2.374942482674669E-07 0.00065443897619843483 0.9999997615814209
vn -2.374942482674669E-07 0.00065443897619843483 0.9999997615814209
vn -2.374942482674669E-07 0.00065443897619843483 0.9999997615814209
vn -2.374942482674669E-07 0.00065443897619843483 0.9999997615814209
vn -2.374942482674669E-07 0.00065443897619843483 0.9999997615814209
vn -2.374942482674669E-07 0.00065443897619843483 0.9999997615814209
vn -2.374942482674669E-07 0.00065443897619843483 0.9999997615814209
vn -2.374942482674669E-07 0.00065443897619843483 0.9999997615814209
vn -2.374942482674669E-07 0.00065443897619843483 0.9999997615814209
vn -2.374942482674669E-07 0.00065443897619843483 0.9999997615814209
vn -2.374942482674669E-07 0.00065443897619843483 0.9999997615814209
vn -2.374942482674669E-07 0.00065443897619843483 0.9999997615814209
vn -2.374942482674669E-07 0.00065443897619843483 0.9999997615814209
vn -2.374942482674669E-07 0.00065443897619843483 0.9999997615814209
vn -2.374942482674669E-07 0.00065443897619843483 0.9999997615814209
vn -2.374942482674669E-07 0.00065443897619843483 0.9999997615814209
vn -2.374942482674669E-07 0.00065443897619843483 0.9999997615814209
vn -2.374942482674669E-07 0.00065443897619843483 0.9999997615814209
vn -2.374942482674669E-07 0.00065443897619843483 0.9999997615814209
vn -2.374942482674669E-07 0.00065443897619843483 0.9999997615814209
vn -2.374942482674669E-07 0.00065443897619843483 0.9999997615814209
vn -2.374942482674669E-07 0.00065443897619843483 0.9999997615814209
vn -2.374942482674669E-07 0.00065443897619843483 0.9999997615814209
vn -2.374942482674669E-07 0.00065443897619843483 0.9999997615814209
vn -2.374942482674669E-07 0.00065443897619843483 0.9999997615814209
vn -2.374942482674669E-07 0.00065443897619843483 0.9999997615814209
vn -2.374942482674669E-07 0.00065443897619843483 0.9999997615814209
vn -2.374942482674669E-07 0.00065443897619843483 0.9999997615814209
vn -2.374942482674669E-07 0.00065443897619843483 0.9999997615814209
vn -2.374942482674669E-07 0.00065443897619843483 0.9999997615814209
vn -2.374942482674669E-07 0.00065443897619843483 0.9999997615814209
vn -2.374942482674669E-07 0.00065443897619843483 0.9999997615814209
vn -2.374942482674669E-07 0.00065443897619843483 0.9999997615814209
vn -2.374942482674669E-07 0.00065443897619843483 0.9999997615814209
vn -2.374942482674669E-07 0.00065443897619843483 0.9999997615814209
vn -2.374942482674669E-07 0.00065443897619843483 0.9999997615814209
vn -2.374942482674669E-07 0.00065443897619843483 0.9999997615814209
vn -2.374942482674669E-07 0.00065443897619843483 0.9999997615814209
vn -2.374942482674669E-07 0.00065443897619843483 0.9999997615814209
vn -2.374942482674669E-07 0.00065443897619843483 0.9999997615814209
vn -2.374942482674669E-07 0.00065443897619843483 0.9999997615814209
vn -2.374942482674669E-07 0.00065443897619843483 0.9999997615814209
vn 1 -4.6842789203083157E-08 -7.1577000198885798E-05
vn 1 -4.6842789203083157E-08 -7.1577000198885798E-05
vn 1 -4.6842789203083157E-08 -7.1577000198885798E-05
vn 1 -4.6842789203083157E-08 -7.1577000198885798E-05
vn 1 -4.6842789203083157E-08 -7.1577000198885798E-05
vn 1 -4.6842789203083157E-08 -7.1577000198885798E-05
vn 1 -4.6842789203083157E-08 -7.1577000198885798E-05
vn 1 -4.6842789203083157E-08 -7.1577000198885798E-05
vn 1 -4.6842789203083157E-08 -7.1577000198885798E-05
vn 1 -4.6842789203083157E-08 -7.1577000198885798E-05
vn 1 -4.6842789203083157E-08 -7.1577000198885798E-05
vn 1 -4.6842789203083157E-08 -7.1577000198885798E-05
vn 1 -4.6842789203083157E-08 -7.1577000198885798E-05
vn 1 -4.6842789203083157E-08 -7.1577000198885798E-05
vn 1 -4.6842789203083157E-08 -7.1577000198885798E-05
vn 1 -4.6842789203083157E-08 -7.1577000198885798E-05
vn 1 -4.6842789203083157E-08 -7.1577000198885798E-05
vn 1 -4.6842789203083157E-08 -7.1577000198885798E-05
vn 1 -4.6842789203083157E-08 -7.1577000198885798E-05
vn 1 -4.6842789203083157E-08 -7.1577000198885798E-05
vn 1 -4.6842789203083157E-08 -7.1577000198885798E-05
vn 1 -4.6842789203083157E-08 -7.1577000198885798E-05
vn 1 -4.6842789203083157E-08 -7.1577000198885798E-05
vn 1 -4.6842789203083157E-08 -7.1577000198885798E-05
vn 1 -4.6842789203083157E-08 -7.1577000198885798E-05
vn 1 -4.6842789203083157E-08 -7.1577000198885798E-05
vn 1 -4.6842789203083157E-08 -7.1577000198885798E-05
vn 1 -4.6842789203083157E-08 -7.1577000198885798E-05
vn 1 -4.6842789203083157E-08 -7.1577000198885798E-05
vn 1 -4.6842789203083157E-08 -7.1577000198885798E-05
vn 1 -4.6842789203083157E-08 -7.1577000198885798E-05
vn 1 -4.6842789203083157E-08 -7.1577000198885798E-05
vn 1 -4.6842789203083157E-08 -7.1577000198885798E-05
vn 1 -4.6842789203083157E-08 -7.1577000198885798E-05
vn 1 -4.6842789203083157E-08 -7.1577000198885798E-05
vn 1 -4.6842789203083157E-08 -7.1577000198885798E-05
vn 1 -4.6842789203083157E-08 -7.1577000198885798E-05
vn 1 -4.6842789203083157E-08 -7.1577000198885798E-05
vn 1 -4.6842789203083157E-08 -7.1577000198885798E-05
vn 1 -4.6842789203083157E-08 -7.1577000198885798E-05
vn 1 -4.6842789203083157E-08 -7.1577000198885798E-05
vn 1 -4.6842789203083157E-08 -7.1577000198885798E-05
vn 1 -4.6842789203083157E-08 -7.1577000198885798E-05
vn 1 -4.6842789203083157E-08 -7.1577000198885798E-05
vn 1 -4.6842789203083157E-08 -7.1577000198885798E-05
vn 1 -4.6842789203083157E-08 -7.1577000198885798E-05
vn 1 -4.6842789203083157E-08 -7.1577000198885798E-05
vn 1 -4.6842789203083157E-08 -7.1577000198885798E-05
vn 1 -4.6842789203083157E-08 -7.1577000198885798E-05
vn 1 -4.6842789203083157E-08 -7.1577000198885798E-05
vn 1 -4.6842789203083157E-08 -7.1577000198885798E-05
vn 1 -4.6842789203083157E-08 -7.1577000198885798E-05
vn 1 -4.6842789203083157E-08 -7.1577000198885798E-05
vn 1 -4.6842789203083157E-08 -7.1577000198885798E-05
vn 1 -4.6842789203083157E-08 -7.1577000198885798E-05
vn 1 -4.6842789203083157E-08 -7.1577000198885798E-05
vn 1 -4.6842789203083157E-08 -7.1577000198885798E-05
vn 1 -4.6842789203083157E-08 -7.1577000198885798E-05
vn 1 -4.6842789203083157E-08 -7.1577000198885798E-05
vn 1 -4.6842789203083157E-08 -7.1577000198885798E-05
vn 1 -4.6842789203083157E-08 -7.1577000198885798E-05
vn 1 -4.6842789203083157E-08 -7.1577000198885798E-05
vn 1 -4.6842789203083157E-08 -7.1577000198885798E-05
vn 1 -4.6842789203083157E-08 -7.1577000198885798E-05
vn 1 -4.6842789203083157E-08 -7.1577000198885798E-05
vn 1 -4.6842789203083157E-08 -7.1577000198885798E-05
vn 1 -4.6842789203083157E-08 -7.1577000198885798E-05
vn 1 -4.6842789203083157E-08 -7.1577000198885798E-05
vn 1 -4.6842789203083157E-08 -7.1577000198885798E-05
vn 1 -4.6842789203083157E-08 -7.1577000198885798E-05
vn 1 -4.6842789203083157E-08 -7.1577000198885798E-05
vn 1 -4.6842789203083157E-08 -7.1577000198885798E-05
vn 1 -4.6842789203083157E-08 -7.1577000198885798E-05
vn 1 -4.6842789203083157E-08 -7.1577000198885798E-05
vn 1 -4.6842789203083157E-08 -7.1577000198885798E-05
vn 1 -4.6842789203083157E-08 -7.1577000198885798E-05
vn 1 -4.6842789203083157E-08 -7.1577000198885798E-05
vn 1 -4.6842789203083157E-08 -7.1577000198885798E-05
vn 1 -4.6842789203083157E-08 -7.1577000198885798E-05
vn 1 -4.6842789203083157E-08 -7.1577000198885798E-05
vn 1 -4.6842789203083157E-08 -7.1577000198885798E-05
vn 1 -4.6842789203083157E-08 -7.1577000198885798E-05
vn 1 -4.6842789203083157E-08 -7.1577000198885798E-05
vn 1 -4.6842789203083157E-08 -7.1577000198885798E-05
vn 1 -4.6842789203083157E-08 -7.1577000198885798E-05
vn 1 -4.6842789203083157E-08 -7.1577000198885798E-05
vn 1 -4.6842789203083157E-08 -7.1577000198885798E-05
vn 1 -4.6842789203083157E-08 -7.1577000198885798E-05
vn 1 -4.6842789203083157E-08 -7.1577000198885798E-05
vn 1 -4.6842789203083157E-08 -7.1577000198885798E-05
vn 1 -4.6842789203083157E-08 -7.1577000198885798E-05
vn 1 -4.6842789203083157E-08 -7.1577000198885798E-05
vn 1 -4.6842789203083157E-08 -7.1577000198885798E-05
vn 1 -4.6842789203083157E-08 -7.1577000198885798E-05
vn 1 -4.6842789203083157E-08 -7.1577000198885798E-05
vn 1 -4.6842789203083157E-08 -7.1577000198885798E-05
vn 1 -4.6842789203083157E-08 -7.1577000198885798E-05
vn 1 -4.6842789203083157E-08 -7.1577000198885798E-05
vn 1 -4.6842789203083157E-08 -7.1577000198885798E-05
vn 1 -4.6842789203083157E-08 -7.1577000198885798E-05
vn 1 -4.6842789203083157E-08 -7.1577000198885798E-05
vn 1 -4.6842789203083157E-08 -7.1577000198885798E-05
vn 1 -4.6842789203083157E-08 -7.1577000198885798E-05
vn 1 -4.6842789203083157E-08 -7.1577000198885798E-05
vn 1 -4.6842789203083157E-08 -7.1577000198885798E-05
vn 1 -4.6842789203083157E-08 -7.1577000198885798E-05
vn 1 -4.6842789203083157E-08 -7.1577000198885798E-05
vn 1 -4.6842789203083157E-08 -7.1577000198885798E-05
vn 1 -4.6842789203083157E-08 -7.1577000198885798E-05
vn 1 -4.6842789203083157E-08 -7.1577000198885798E-05
vn 1 -4.6842789203083157E-08 -7.1577000198885798E-05
vn 1 -4.6842789203083157E-08 -7.1577000198885798E-05
vn 1 -4.6842789203083157E-08 -7.1577000198885798E-05
vn 1 -4.6842789203083157E-08 -7.1577000198885798E-05
vn 1 -4.6842789203083157E-08 -7.1577000198885798E-05
vn 1 -4.6842789203083157E-08 -7.1577000198885798E-05
vn 1 -4.6842789203083157E-08 -7.1577000198885798E-05
vn 1 -4.6842789203083157E-08 -7.1577000198885798E-05
vn 1 -4.6842789203083157E-08 -7.1577000198885798E-05
vn 1 -4.6842789203083157E-08 -7.1577000198885798E-05
vn 1 -4.6842789203083157E-08 -7.1577000198885798E-05
vn 1 -4.6842789203083157E-08 -7.1577000198885798E-05
vn 1 -4.6842789203083157E-08 -7.1577000198885798E-05
vn 1 -4.6842789203083157E-08 -7.1577000198885798E-05
vn 1 -4.6842789203083157E-08 -7.1577000198885798E-05
vn 1 -4.6842789203083157E-08 -7.1577000198885798E-05
vn 1 -4.6842789203083157E-08 -7.1577000198885798E-05
vn 1 -4.6842789203083157E-08 -7.1577000198885798E-05
vn 1 -4.6842789203083157E-08 -7.1577000198885798E-05
vn 1 -4.6842789203083157E-08 -7.1577000198885798E-05
vn 1 -4.6842789203083157E-08 -7.1577000198885798E-05
vn 1 -4.6842789203083157E-08 -7.1577000198885798E-05
vn 1 -4.6842789203083157E-08 -7.1577000198885798E-05
vn 1 -4.6842789203083157E-08 -7.1577000198885798E-05
vn 1 -4.6842789203083157E-08 -7.1577000198885798E-05
vn 1 -4.6842789203083157E-08 -7.1577000198885798E-05
vn 1 -4.6842789203083157E-08 -7.1577000198885798E-05
vn 1 -4.6842789203083157E-08 -7.1577000198885798E-05
vn 1 -4.6842789203083157E-08 -7.1577000198885798E-05
vn 1 -4.6842789203083157E-08 -7.1577000198885798E-05
vn 1 -4.6842789203083157E-08 -7.1577000198885798E-05
vn 1 -4.6842789203083157E-08 -7.1577000198885798E-05
vn 1 -4.6842789203083157E-08 -7.1577000198885798E-05
vn 1 -4.6842789203083157E-08 -7.1577000198885798E-05
vn 1 -4.6842789203083157E-08 -7.1577000198885798E-05
vn 1 -4.6842789203083157E-08 -7.1577000198885798E-05
vn 1 -4.6842789203083157E-08 -7.1577000198885798E-05
vn 1 -4.6842789203083157E-08 -7.1577000198885798E-05
vn 1 -4.6842789203083157E-08 -7.1577000198885798E-05
vn 1 -4.6842789203083157E-08 -7.1577000198885798E-05
vn 1 -4.6842789203083157E-08 -7.1577000198885798E-05
vn 1 -4.6842789203083157E-08 -7.1577000198885798E-05
vn 1 -4.6842789203083157E-08 -7.1577000198885798E-05
vn 1 -4.6842789203083157E-08 -7.1577000198885798E-05
vn 1 -4.6842789203083157E-08 -7.1577000198885798E-05
vn 1 -4.6842789203083157E-08 -7.1577000198885798E-05
vn 1 -4.6842789203083157E-08 -7.1577000198885798E-05
vn 1 -4.6842789203083157E-08 -7.1577000198885798E-05
vn 1 -4.6842789203083157E-08 -7.1577000198885798E-05
vn 1 -4.6842789203083157E-08 -7.1577000198885798E-05
vn -1 -1.3544426691325384E-10 -2.0696238323125726E-07
vn -1 -1.3544426691325384E-10 -2.0696238323125726E-07
vn -1 -1.3544423915767823E-10 -2.0696238323125726E-07
vn -1 -1.3544432242440507E-10 -2.0696238323125726E-07
vn -1 -1.3544426691325384E-10 -2.0696238323125726E-07
vn -1 -1.3544426691325384E-10 -2.0696238323125726E-07
vn -1 -1.3544426691325384E-10 -2.0696238323125726E-07
vn -1 -1.3544426691325384E-10 -2.0696238323125726E-07
vn -1 -1.3544426691325384E-10 -2.0696238323125726E-07
vn -1 -1.3544426691325384E-10 -2.0696238323125726E-07
vn -1 -1.3544426691325384E-10 -2.0696238323125726E-07
vn -1 -1.3544426691325384E-10 -2.0696238323125726E-07
vn -1 -1.3544426691325384E-10 -2.0696238323125726E-07
vn -1 -1.3544426691325384E-10 -2.0696238323125726E-07
vn -1 -1.3544426691325384E-10 -2.0696238323125726E-07
vn -1 -1.3544426691325384E-10 -2.0696238323125726E-07
vn -1 -1.3544426691325384E-10 -2.0696238323125726E-07
vn -1 -1.3544426691325384E-10 -2.0696238323125726E-07
vn -1 -1.3544426691325384E-10 -2.0696238323125726E-07
vn -1 -1.3544426691325384E-10 -2.0696238323125726E-07
vn -1 -1.3544426691325384E-10 -2.0696238323125726E-07
vn -1 -1.3544426691325384E-10 -2.0696238323125726E-07
vn -1 -1.3544426691325384E-10 -2.0696238323125726E-07
vn -1 -1.3544426691325384E-10 -2.0696238323125726E-07
vn -1 -1.3544426691325384E-10 -2.0696238323125726E-07
vn -1 -1.3544426691325384E-10 -2.0696238323125726E-07
vn -1 -1.3544426691325384E-10 -2.0696238323125726E-07
vn -1 -1.3544426691325384E-10 -2.0696238323125726E-07
vn -1 -1.3544426691325384E-10 -2.0696238323125726E-07
vn -1 -1.3544426691325384E-10 -2.0696238323125726E-07
vn -1 -1.3544426691325384E-10 -2.0696238323125726E-07
vn -1 -1.3544426691325384E-10 -2.0696238323125726E-07
vn -1 -1.3544426691325384E-10 -2.0696238323125726E-07
vn -1 -1.3544426691325384E-10 -2.0696238323125726E-07
vn -1 -1.3544426691325384E-10 -2.0696238323125726E-07
vn -1 -1.3544426691325384E-10 -2.0696238323125726E-07
vn -1 -1.3544426691325384E-10 -2.0696238323125726E-07
vn -1 -1.3544426691325384E-10 -2.0696238323125726E-07
vn -1 -1.3544426691325384E-10 -2.0696238323125726E-07
vn -1 -1.3544426691325384E-10 -2.0696238323125726E-07
vn -1 -1.3544426691325384E-10 -2.0696238323125726E-07
vn -1 -1.3544426691325384E-10 -2.0696238323125726E-07
vn -1 -1.3544426691325384E-10 -2.0696238323125726E-07
vn -1 -1.3544426691325384E-10 -2.0696238323125726E-07
vn -1 -1.3544426691325384E-10 -2.0696238323125726E-07
vn -1 -1.3544426691325384E-10 -2.0696238323125726E-07
vn -1 -1.3544426691325384E-10 -2.0696238323125726E-07
vn -1 -1.3544426691325384E-10 -2.0696238323125726E-07
vn -1 -1.3544426691325384E-10 -2.0696238323125726E-07
vn -1 -1.3544426691325384E-10 -2.0696238323125726E-07
vn -1 -1.3544426691325384E-10 -2.0696238323125726E-07
vn -1 -1.3544426691325384E-10 -2.0696238323125726E-07
vn -1 -1.3544426691325384E-10 -2.0696238323125726E-07
vn -1 -1.3544426691325384E-10 -2.0696238323125726E-07
vn -1 -1.3544426691325384E-10 -2.0696238323125726E-07
vn -1 -1.3544426691325384E-10 -2.0696238323125726E-07
vn -1 -1.3544426691325384E-10 -2.0696238323125726E-07
vn -1 -1.3544426691325384E-10 -2.0696238323125726E-07
vn -1 -1.3544426691325384E-10 -2.0696238323125726E-07
vn -1 -1.3544426691325384E-10 -2.0696238323125726E-07
vn -1 -1.3544426691325384E-10 -2.0696238323125726E-07
vn -1 -1.3544426691325384E-10 -2.0696238323125726E-07
vn -1 -1.3544426691325384E-10 -2.0696238323125726E-07
vn -1 -1.3544426691325384E-10 -2.0696238323125726E-07
vn -1 -1.3544426691325384E-10 -2.0696238323125726E-07
vn -1 -1.3544426691325384E-10 -2.0696238323125726E-07
vn -1 -1.3544426691325384E-10 -2.0696238323125726E-07
vn -1 -1.3544426691325384E-10 -2.0696238323125726E-07
vn -1 -1.3544426691325384E-10 -2.0696238323125726E-07
vn -1 -1.3544426691325384E-10 -2.0696238323125726E-07
vn -1 -1.3544426691325384E-10 -2.0696238323125726E-07
vn -1 -1.3544426691325384E-10 -2.0696238323125726E-07
vn -1 -1.3544426691325384E-10 -2.0696238323125726E-07
vn -1 -1.3544426691325384E-10 -2.0696238323125726E-07
vn -1 -1.3544426691325384E-10 -2.0696238323125726E-07
vn -1 -1.3544426691325384E-10 -2.0696238323125726E-07
vn -1 -1.3544426691325384E-10 -2.0696238323125726E-07
vn -1 -1.3544426691325384E-10 -2.0696238323125726E-07
vn -1 -1.3544426691325384E-10 -2.0696238323125726E-07
vn -1 -1.3544426691325384E-10 -2.0696238323125726E-07
vn -1 -1.3544426691325384E-10 -2.0696238323125726E-07
vn -1 -1.3544426691325384E-10 -2.0696238323125726E-07
vn -1 -1.3544426691325384E-10 -2.0696238323125726E-07
vn -1 -1.3544426691325384E-10 -2.0696238323125726E-07
vn -1 -1.3544426691325384E-10 -2.0696238323125726E-07
vn -1 -1.3544426691325384E-10 -2.0696238323125726E-07
vn -1 -1.3544426691325384E-10 -2.0696238323125726E-07
vn -1 -1.3544426691325384E-10 -2.0696238323125726E-07
vn -1 -1.3544426691325384E-10 -2.0696238323125726E-07
vn -1 -1.3544426691325384E-10 -2.0696238323125726E-07
vn -1 -1.3544426691325384E-10 -2.0696238323125726E-07
vn -1 -1.3544426691325384E-10 -2.0696238323125726E-07
vn -1 -1.3544426691325384E-10 -2.0696238323125726E-07
vn -1 -1.3544426691325384E-10 -2.0696238323125726E-07
vn -1 -1.3544426691325384E-10 -2.0696238323125726E-07
vn -1 -1.3544426691325384E-10 -2.0696238323125726E-07
vn -1 -1.3544426691325384E-10 -2.0696238323125726E-07
vn -1 -1.3544426691325384E-10 -2.0696238323125726E-07
vn -1 -1.3544426691325384E-10 -2.0696238323125726E-07
vn -1 -1.3544426691325384E-10 -2.0696238323125726E-07
vn -1 -1.3544426691325384E-10 -2.0696238323125726E-07
vn -1 -1.3544426691325384E-10 -2.0696238323125726E-07
vn -1 -1.3544426691325384E-10 -2.0696238323125726E-07
vn -1 -1.3544426691325384E-10 -2.0696238323125726E-07
vn -1 -1.3544426691325384E-10 -2.0696238323125726E-07
vn -1 -1.3544426691325384E-10 -2.0696238323125726E-07
vn -1 -1.3544426691325384E-10 -2.0696238323125726E-07
vn -1 -1.3544426691325384E-10 -2.0696238323125726E-07
vn -1 -1.3544426691325384E-10 -2.0696238323125726E-07
vn -1 -1.3544426691325384E-10 -2.0696238323125726E-07
vn -1 -1.3544426691325384E-10 -2.0696238323125726E-07
vn -1 -1.3544426691325384E-10 -2.0696238323125726E-07
vn -1 -1.3544426691325384E-10 -2.0696238323125726E-07
vn -1 -1.3544426691325384E-10 -2.0696238323125726E-07
vn -1 -1.3544426691325384E-10 -2.0696238323125726E-07
vn -1 -1.3544426691325384E-10 -2.0696238323125726E-07
vn -1 -1.3544426691325384E-10 -2.0696238323125726E-07
vn -1 -1.3544426691325384E-10 -2.0696238323125726E-07
vn -1 -1.3544426691325384E-10 -2.0696238323125726E-07
vn -1 -1.3544426691325384E-10 -2.0696238323125726E-07
vn -1 -1.3544426691325384E-10 -2.0696238323125726E-07
vn -1 -1.3544426691325384E-10 -2.0696238323125726E-07
vn -1 -1.3544426691325384E-10 -2.0696238323125726E-07
vn -1 -1.3544426691325384E-10 -2.0696238323125726E-07
vn -1 -1.3544426691325384E-10 -2.0696238323125726E-07
vn -1 -1.3544426691325384E-10 -2.0696238323125726E-07
vn -1 -1.3544426691325384E-10 -2.0696238323125726E-07
vn -1 -1.3544426691325384E-10 -2.0696238323125726E-07
vn -1 -1.3544426691325384E-10 -2.0696238323125726E-07
vn -1 -1.3544426691325384E-10 -2.0696238323125726E-07
vn -1 -1.3544426691325384E-10 -2.0696238323125726E-07
vn -1 -1.3544426691325384E-10 -2.0696238323125726E-07
vn -1 -1.3544426691325384E-10 -2.0696238323125726E-07
vn -1 -1.3544426691325384E-10 -2.0696238323125726E-07
vn -1 -1.3544426691325384E-10 -2.0696238323125726E-07
vn -1 -1.3544426691325384E-10 -2.0696238323125726E-07
vn -1 -1.3544426691325384E-10 -2.0696238323125726E-07
vn -1 -1.3544426691325384E-10 -2.0696238323125726E-07
vn -1 -1.3544426691325384E-10 -2.0696238323125726E-07
vn -1 -1.3544426691325384E-10 -2.0696238323125726E-07
vn -1 -1.3544426691325384E-10 -2.0696238323125726E-07
vn -1 -1.3544426691325384E-10 -2.0696238323125726E-07
vn -1 -1.3544426691325384E-10 -2.0696238323125726E-07
vn -1 -1.3544426691325384E-10 -2.0696238323125726E-07
vn -1 -1.3544426691325384E-10 -2.0696238323125726E-07
vn -1 -1.3544426691325384E-10 -2.0696238323125726E-07
vn -1 -1.3544426691325384E-10 -2.0696238323125726E-07
vn -1 -1.3544426691325384E-10 -2.0696238323125726E-07
vn -1 -1.3544426691325384E-10 -2.0696238323125726E-07
vn -1 -1.3544426691325384E-10 -2.0696238323125726E-07
vn -1 -1.3544426691325384E-10 -2.0696238323125726E-07
vn -1 -1.3544426691325384E-10 -2.0696238323125726E-07
vn -1 -1.3544426691325384E-10 -2.0696238323125726E-07
vn -1 -1.3544426691325384E-10 -2.0696238323125726E-07
vn -1 -1.3544426691325384E-10 -2.0696238323125726E-07
vn -1 -1.3544426691325384E-10 -2.0696238323125726E-07
vn -1 -1.3544426691325384E-10 -2.0696238323125726E-07
vn -1 -1.3544426691325384E-10 -2.0696238323125726E-07
vn -1 -1.3544426691325384E-10 -2.0696238323125726E-07
vn -1 -1.3544426691325384E-10 -2.0696238323125726E-07
vn -1 -1.3544426691325384E-10 -2.0696238323125726E-07
vn -1 -1.3544426691325384E-10 -2.0696238323125726E-07
vn -1 -1.3544426691325384E-10 -2.0696238323125726E-07
vn -1 -1.3544426691325384E-10 -2.0696238323125726E-07
vn -1 -1.3544426691325384E-10 -2.0696238323125726E-07
vn -1 -1.3544426691325384E-10 -2.0696238323125726E-07
vn -1 -1.3544426691325384E-10 -2.0696238323125726E-07
vn -1 -1.3544426691325384E-10 -2.0696238323125726E-07
vn -1 -1.3544426691325384E-10 -2.0696238323125726E-07
vn -1 -1.3544426691325384E-10 -2.0696238323125726E-07
vn -1 -1.3544426691325384E-10 -2.0696238323125726E-07
vn -1 -1.3544426691325384E-10 -2.0696238323125726E-07
vn -1 -1.3544426691325384E-10 -2.0696238323125726E-07
vn -1 -1.3544426691325384E-10 -2.0696238323125726E-07
vn -1 -1.3544426691325384E-10 -2.0696238323125726E-07
vn -1 -1.3544426691325384E-10 -2.0696238323125726E-07
vn -1 -1.3544426691325384E-10 -2.0696238323125726E-07
vn -1 -1.3544426691325384E-10 -2.0696238323125726E-07
vn -1 -1.3544426691325384E-10 -2.0696238323125726E-07
vn -1 -1.3544426691325384E-10 -2.0696238323125726E-07
vn -1 -1.3544426691325384E-10 -2.0696238323125726E-07
vn -1 -1.3544426691325384E-10 -2.0696238323125726E-07
vn -1 -1.3544426691325384E-10 -2.0696238323125726E-07
vn -1 -1.3544426691325384E-10 -2.0696238323125726E-07
vn -1 -1.3544426691325384E-10 -2.0696238323125726E-07
vn -1 -1.3544426691325384E-10 -2.0696238323125726E-07
vn -1 -1.3544426691325384E-10 -2.0696238323125726E-07
vn -1 -1.3544426691325384E-10 -2.0696238323125726E-07
vn -1 -1.3544426691325384E-10 -2.0696238323125726E-07
vn -1 -1.3544426691325384E-10 -2.0696238323125726E-07
vn -1 -1.3544426691325384E-10 -2.0696238323125726E-07
vn -1 -1.3544426691325384E-10 -2.0696238323125726E-07
vn -1 -1.3544426691325384E-10 -2.0696238323125726E-07
vn -1 -1.3544426691325384E-10 -2.0696238323125726E-07
vn -1 -1.3544426691325384E-10 -2.0696238323125726E-07
vn -1 -1.3544426691325384E-10 -2.0696238323125726E-07
vn -1 -1.3544426691325384E-10 -2.0696238323125726E-07
vn -1 -1.3544426691325384E-10 -2.0696238323125726E-07
vn -1 -1.3544426691325384E-10 -2.0696238323125726E-07
vn -1 -1.3544426691325384E-10 -2.0696238323125726E-07
vn -1 -1.3544426691325384E-10 -2.0696238323125726E-07
vn -1 -1.3544426691325384E-10 -2.0696238323125726E-07
vn -1 -1.3544426691325384E-10 -2.0696238323125726E-07
vn -1 -1.3544426691325384E-10 -2.0696238323125726E-07
vn -1 -1.3544426691325384E-10 -2.0696238323125726E-07
vn -1 -1.3544426691325384E-10 -2.0696238323125726E-07
vn -1 -1.3544426691325384E-10 -2.0696238323125726E-07
vn -1 -1.3544426691325384E-10 -2.0696238323125726E-07
vn -1 -1.3544426691325384E-10 -2.0696238323125726E-07
vn -1 -1.3544426691325384E-10 -2.0696238323125726E-07
vn -1 -1.3544426691325384E-10 -2.0696238323125726E-07
vn -1 -1.3544426691325384E-10 -2.0696238323125726E-07
vn -1 -1.3544426691325384E-10 -2.0696238323125726E-07
vn -1 -1.3544426691325384E-10 -2.0696238323125726E-07
vn -1 -1.3544426691325384E-10 -2.0696238323125726E-07
vn -1 -1.3544426691325384E-10 -2.0696238323125726E-07
vn -1 -1.3544426691325384E-10 -2.0696238323125726E-07
vn -1 -1.3544426691325384E-10 -2.0696238323125726E-07
vn -1 -1.3544426691325384E-10 -2.0696238323125726E-07
vn -1 -1.3544426691325384E-10 -2.0696238323125726E-07
vn -1 -1.3544426691325384E-10 -2.0696238323125726E-07
vn -1 -1.3544426691325384E-10 -2.0696238323125726E-07
vn -1 -1.3544426691325384E-10 -2.0696238323125726E-07
vn -1 -1.3544426691325384E-10 -2.0696238323125726E-07
vn -1 -1.3544426691325384E-10 -2.0696238323125726E-07
vn -1 -1.3544426691325384E-10 -2.0696238323125726E-07
vn -1 -1.3544426691325384E-10 -2.0696238323125726E-07
vn -1 -1.3544426691325384E-10 -2.0696238323125726E-07
vn -1 -1.3544426691325384E-10 -2.0696238323125726E-07
vn -1 -1.3544426691325384E-10 -2.0696238323125726E-07
vn -1 -1.3544426691325384E-10 -2.0696238323125726E-07
vn -1 -1.3544426691325384E-10 -2.0696238323125726E-07
vn -1 -1.3544426691325384E-10 -2.0696238323125726E-07
vn -1 -1.3544426691325384E-10 -2.0696238323125726E-07
vn -1 -1.3544426691325384E-10 -2.0696238323125726E-07
vn -1 -1.3544426691325384E-10 -2.0696238323125726E-07
vn -1 -1.3544426691325384E-10 -2.0696238323125726E-07
vn -1 -1.3544426691325384E-10 -2.0696238323125726E-07
vn -1 -1.3544426691325384E-10 -2.0696238323125726E-07
vn -1 -1.3544426691325384E-10 -2.0696238323125726E-07
vn -1 -1.3544426691325384E-10 -2.0696238323125726E-07
vn -1 -1.3544426691325384E-10 -2.0696238323125726E-07
vn -1 -1.3544426691325384E-10 -2.0696238323125726E-07
vn -1 -1.3544426691325384E-10 -2.0696238323125726E-07
vn -1 -1.3544426691325384E-10 -2.0696238323125726E-07
vn -1 -1.3544426691325384E-10 -2.0696238323125726E-07
vn -1 -1.3544426691325384E-10 -2.0696238323125726E-07
vn -1 -1.3544426691325384E-10 -2.0696238323125726E-07
vn -1 -1.3544426691325384E-10 -2.0696238323125726E-07
vn -1 -1.3544426691325384E-10 -2.0696238323125726E-07
vn -1 -1.3544426691325384E-10 -2.0696238323125726E-07
vn -1 -1.3544426691325384E-10 -2.0696238323125726E-07
vn -1 -1.3544426691325384E-10 -2.0696238323125726E-07
vn -1 -1.3544426691325384E-10 -2.0696238323125726E-07
vn -1 -1.3544426691325384E-10 -2.0696238323125726E-07
vn -1 -1.3544426691325384E-10 -2.0696238323125726E-07
vn -1 -1.3544426691325384E-10 -2.0696238323125726E-07
vn -1 -1.3544426691325384E-10 -2.0696238323125726E-07
vn -1 -1.3544426691325384E-10 -2.0696238323125726E-07
vn -1 -1.3544426691325384E-10 -2.0696238323125726E-07
vn -1 -1.3544426691325384E-10 -2.0696238323125726E-07
vn -1 -1.3544426691325384E-10 -2.0696238323125726E-07
vn -1 -1.3544426691325384E-10 -2.0696238323125726E-07
vn -1 -1.3544426691325384E-10 -2.0696238323125726E-07
vn -1 -1.3544426691325384E-10 -2.0696238323125726E-07
vn -1 -1.3544426691325384E-10 -2.0696238323125726E-07
vn -1 -1.3544426691325384E-10 -2.0696238323125726E-07
vn -1 -1.3544426691325384E-10 -2.0696238323125726E-07
vn -1 -1.3544426691325384E-10 -2.0696238323125726E-07
vn -1 -1.3544426691325384E-10 -2.0696238323125726E-07
vn -1 -1.3544426691325384E-10 -2.0696238323125726E-07
vn -1 -1.3544426691325384E-10 -2.0696238323125726E-07
vn -1 -1.3544426691325384E-10 -2.0696238323125726E-07
vn -1 -1.3544426691325384E-10 -2.0696238323125726E-07
vn -1 -1.3544426691325384E-10 -2.0696238323125726E-07
vn 0 -0.9999997615814209 0.00065443897619843483
vn 0 -0.9999997615814209 0.00065443897619843483
vn 0 -0.9999997615814209 0.00065443897619843483
vn 0 -0.9999997615814209 0.00065443897619843483
vn 0 -0.9999997615814209 0.00065443897619843483
vn 0 -0.9999997615814209 0.00065443897619843483
vn 0 -0.9999997615814209 0.00065443897619843483
vn 0 -0.9999997615814209 0.00065443897619843483
vn 0 -0.9999997615814209 0.00065443897619843483
vn 0 -0.9999997615814209 0.00065443897619843483
vn 0 -0.9999997615814209 0.00065443897619843483
vn 0 -0.9999997615814209 0.00065443897619843483
vn 0 -0.9999997615814209 0.00065443897619843483
vn 0 -0.9999997615814209 0.00065443897619843483
vn 0 -0.9999997615814209 0.00065443897619843483
vn 0 -0.9999997615814209 0.00065443897619843483
vn 0 -0.9999997615814209 0.00065443897619843483
vn 0 -0.9999997615814209 0.00065443897619843483
vn 0 -0.9999997615814209 0.00065443897619843483
vn 0 -0.9999997615814209 0.00065443897619843483
vn 0 -0.9999997615814209 0.00065443897619843483
vn 0 -0.9999997615814209 0.00065443897619843483
vn 0 -0.9999997615814209 0.00065443897619843483
vn 0 -0.9999997615814209 0.00065443897619843483
vn 0 -0.9999997615814209 0.00065443897619843483
vn 0 -0.9999997615814209 0.00065443897619843483
vn 0 -0.9999997615814209 0.00065443897619843483
vn 0 -0.9999997615814209 0.00065443897619843483
vn 0 -0.9999997615814209 0.00065443897619843483
vn 0 -0.9999997615814209 0.00065443897619843483
vn 0 -0.9999997615814209 0.00065443897619843483
vn 0 -0.9999997615814209 0.00065443897619843483
vn 0 -0.9999997615814209 0.00065443897619843483
vn 0 -0.9999997615814209 0.00065443897619843483
vn 0 -0.9999997615814209 0.00065443897619843483
vn 0 -0.9999997615814209 0.00065443897619843483
vn 0 -0.9999997615814209 0.00065443897619843483
vn 0 -0.9999997615814209 0.00065443897619843483
vn 0 -0.9999997615814209 0.00065443897619843483
vn 0 -0.9999997615814209 0.00065443897619843483
vn 0 -0.9999997615814209 0.00065443897619843483
vn 0 -0.9999997615814209 0.00065443897619843483
vn 0 -0.9999997615814209 0.00065443897619843483
vn 0 -0.9999997615814209 0.00065443897619843483
vn 0 -0.9999997615814209 0.00065443897619843483
vn 0 -0.9999997615814209 0.00065443897619843483
vn 0 -0.9999997615814209 0.00065443897619843483
vn 0 -0.9999997615814209 0.00065443897619843483
vn 0 -0.9999997615814209 0.00065443897619843483
vn 0 -0.9999997615814209 0.00065443897619843483
vn 0 -0.9999997615814209 0.00065443897619843483
vn 0 -0.9999997615814209 0.00065443897619843483
vn 0 -0.9999997615814209 0.00065443897619843483
vn 0 -0.9999997615814209 0.00065443897619843483
vn 0 -0.9999997615814209 0.00065443897619843483
vn 0 -0.9999997615814209 0.00065443897619843483
vn 0 -0.9999997615814209 0.00065443897619843483
vn 0 -0.9999997615814209 0.00065443897619843483
vn 0 -0.9999997615814209 0.00065443897619843483
vn 0 -0.9999997615814209 0.00065443897619843483
vn 0 -0.9999997615814209 0.00065443897619843483
vn 0 -0.9999997615814209 0.00065443897619843483
vn 0 -0.9999997615814209 0.00065443897619843483
vn 0 -0.9999997615814209 0.00065443897619843483
vn 0 -0.9999997615814209 0.00065443897619843483
vn 0 -0.9999997615814209 0.00065443897619843483
vn 0 -0.9999997615814209 0.00065443897619843483
vn 0 -0.9999997615814209 0.00065443897619843483
vn 0 -0.9999997615814209 0.00065443897619843483
vn 0 -0.9999997615814209 0.00065443897619843483
vn 0 -0.9999997615814209 0.00065443897619843483
vn 0 -0.9999997615814209 0.00065443897619843483
vn 0 -0.9999997615814209 0.00065443897619843483
vn 0 -0.9999997615814209 0.00065443897619843483
vn 0 -0.9999997615814209 0.00065443897619843483
vn 0 -0.9999997615814209 0.00065443897619843483
vn 0 -0.9999997615814209 0.00065443897619843483
vn 0 -0.9999997615814209 0.00065443897619843483
vn 0 -0.9999997615814209 0.00065443897619843483
vn 0 -0.9999997615814209 0.00065443897619843483
vn 0 -0.9999997615814209 0.00065443897619843483
vn 0 -0.9999997615814209 0.00065443897619843483
vn 0 -0.9999997615814209 0.00065443897619843483
vn 0 -0.9999997615814209 0.00065443897619843483
vn 0 -0.9999997615814209 0.00065443897619843483
vn 0 -0.9999997615814209 0.00065443897619843483
vn 0 -0.9999997615814209 0.00065443897619843483
vn 0 -0.9999997615814209 0.00065443897619843483
vn 0 -0.9999997615814209 0.00065443897619843483
vn 0 -0.9999997615814209 0.00065443897619843483
vn 0 -0.9999997615814209 0.00065443897619843483
vn 0 -0.9999997615814209 0.00065443897619843483
vn 0 -0.9999997615814209 0.00065443897619843483
vn 0 -0.9999997615814209 0.00065443897619843483
vn 0 -0.9999997615814209 0.00065443897619843483
vn 0 -0.9999997615814209 0.00065443897619843483
vn 0 -0.9999997615814209 0.00065443897619843483
vn 0 -0.9999997615814209 0.00065443897619843483
vn 0 -0.9999997615814209 0.00065443897619843483
vn 0 -0.9999997615814209 0.00065443897619843483
vn 0 -0.9999997615814209 0.00065443897619843483
vn 0 -0.9999997615814209 0.00065443897619843483
vn 0 -0.9999997615814209 0.00065443897619843483
vn 0 -0.9999997615814209 0.00065443897619843483
vn 0 -0.9999997615814209 0.00065443897619843483
vn 0 -0.9999997615814209 0.00065443897619843483
vn 0 -0.9999997615814209 0.00065443897619843483
vn 0 -0.9999997615814209 0.00065443897619843483
vn 0 -0.9999997615814209 0.00065443897619843483
vn 0 -0.9999997615814209 0.00065443897619843483
vn 0 -0.9999997615814209 0.00065443897619843483
vn 0 -0.9999997615814209 0.00065443897619843483
vn 0 -0.9999997615814209 0.00065443897619843483
vn 0 -0.9999997615814209 0.00065443897619843483
vn 0 -0.9999997615814209 0.00065443897619843483
vn 0 -0.9999997615814209 0.00065443897619843483
vn 0 -0.9999997615814209 0.00065443897619843483
vn 0 -0.9999997615814209 0.00065443897619843483
vn 0 -0.9999997615814209 0.00065443897619843483
vn 0 -0.9999997615814209 0.00065443897619843483
vn 0 -0.9999997615814209 0.00065443897619843483
vn 0 -0.9999997615814209 0.00065443897619843483
vn 0 -0.9999997615814209 0.00065443897619843483
vn 0 -0.9999997615814209 0.00065443897619843483
vn 0 -0.9999997615814209 0.00065443897619843483
vn 0 -0.9999997615814209 0.00065443897619843483
vn 0 -0.9999997615814209 0.00065443897619843483
vn 0 -0.9999997615814209 0.00065443897619843483
vn 0 -0.9999997615814209 0.00065443897619843483
vn 0 -0.9999997615814209 0.00065443897619843483
vn 0 -0.9999997615814209 0.00065443897619843483
vn 0 -0.9999997615814209 0.00065443897619843483
vn 0 -0.9999997615814209 0.00065443897619843483
vn 0 -0.9999997615814209 0.00065443897619843483
vn 0 -0.9999997615814209 0.00065443897619843483
vn 0 -0.9999997615814209 0.00065443897619843483
vn 0 -0.9999997615814209 0.00065443897619843483
vn 0 -0.9999997615814209 0.00065443897619843483
vn 0 -0.9999997615814209 0.00065443897619843483
vn 0 -0.9999997615814209 0.00065443897619843483
vn 0 -0.9999997615814209 0.00065443897619843483
vn 0 -0.9999997615814209 0.00065443897619843483
vn 0 -0.9999997615814209 0.00065443897619843483
vn 0 -0.9999997615814209 0.00065443897619843483
vn 0 -0.9999997615814209 0.00065443897619843483
vn 0 -0.9999997615814209 0.00065443897619843483
vn 0 -0.9999997615814209 0.00065443897619843483
vn 0 -0.9999997615814209 0.00065443897619843483
vn 0 -0.9999997615814209 0.00065443897619843483
vn 0 -0.9999997615814209 0.00065443897619843483
vn 0 -0.9999997615814209 0.00065443897619843483
vn 0 -0.9999997615814209 0.00065443897619843483
vn 0 -0.9999997615814209 0.00065443897619843483
vn 0 -0.9999997615814209 0.00065443897619843483
vn 0 -0.9999997615814209 0.00065443897619843483
vn 0 -0.9999997615814209 0.00065443897619843483
vn 0 -0.9999997615814209 0.00065443897619843483
vn 0 -0.9999997615814209 0.00065443897619843483
vn 0 -0.9999997615814209 0.00065443897619843483
vn 0 -0.9999997615814209 0.00065443897619843483
vn 0 -0.9999997615814209 0.00065443897619843483
vn 0 -0.9999997615814209 0.00065443897619843483
vn 0 -0.9999997615814209 0.00065443897619843483
vn 0 -0.9999997615814209 0.00065443897619843483
vn 0 -0.9999997615814209 0.00065443897619843483
vn 0 -0.9999997615814209 0.00065443897619843483
vn 0 -0.9999997615814209 0.00065443897619843483
vn 0 -0.9999997615814209 0.00065443897619843483
vn 0 -0.9999997615814209 0.00065443897619843483
vn 0 -0.9999997615814209 0.00065443897619843483
vn 0 -0.9999997615814209 0.00065443897619843483
vn 0 -0.9999997615814209 0.00065443897619843483
vn 0 -0.9999997615814209 0.00065443897619843483
vn 0 -0.9999997615814209 0.00065443897619843483
vn 0 -0.9999997615814209 0.00065443897619843483
vn 0 -0.9999997615814209 0.00065443897619843483
vn 0 -0.9999997615814209 0.00065443897619843483
vn 0 -0.9999997615814209 0.00065443897619843483
vn 0 -0.9999997615814209 0.00065443897619843483
vn 0 -0.9999997615814209 0.00065443897619843483
vn 0 -0.9999997615814209 0.00065443897619843483
vn 0 -0.9999997615814209 0.00065443897619843483
vn 0 -0.9999997615814209 0.00065443897619843483
vn 0 -0.9999997615814209 0.00065443897619843483
vn 0 -0.9999997615814209 0.00065443897619843483
vn 0 -0.9999997615814209 0.00065443897619843483
vn 0 -0.9999997615814209 0.00065443897619843483
vn 0 -0.9999997615814209 0.00065443897619843483
vn 0 -0.9999997615814209 0.00065443897619843483
vn 0 -0.9999997615814209 0.00065443897619843483
vn 0 -0.9999997615814209 0.00065443897619843483
vn 0 -0.9999997615814209 0.00065443897619843483
vn 0 -0.9999997615814209 0.00065443897619843483
vn 0 -0.9999997615814209 0.00065443897619843483
vn 0 -0.9999997615814209 0.00065443897619843483
vn 0 -0.9999997615814209 0.00065443897619843483
vn 0 -0.9999997615814209 0.00065443897619843483
vn 0 -0.9999997615814209 0.00065443897619843483
vn 0 -0.9999997615814209 0.00065443897619843483
vn 0 -0.9999997615814209 0.00065443897619843483
vn 0 -0.9999997615814209 0.00065443897619843483
vn 0 -0.9999997615814209 0.00065443897619843483
vn 0 -0.9999997615814209 0.00065443897619843483
vn 0 -0.9999997615814209 0.00065443897619843483
vn 0 -0.9999997615814209 0.00065443897619843483
vn 0 -0.9999997615814209 0.00065443897619843483
vn 0 -0.9999997615814209 0.00065443897619843483
vn 0 -0.9999997615814209 0.00065443897619843483
vn 0 -0.9999997615814209 0.00065443897619843483
vn 0 -0.9999997615814209 0.00065443897619843483
vn 0 -0.9999997615814209 0.00065443897619843483
vn 0 -0.9999997615814209 0.00065443897619843483
vn 0 -0.9999997615814209 0.00065443897619843483
vn 0 -0.9999997615814209 0.00065443897619843483
vn 0 -0.9999997615814209 0.00065443897619843483
vn 0 -0.9999997615814209 0.00065443897619843483
vn 0 -0.9999997615814209 0.00065443897619843483
vn 0 -0.9999997615814209 0.00065443897619843483
vn 0 -0.9999997615814209 0.00065443897619843483
vn 0 -0.9999997615814209 0.00065443897619843483
vn 0 -0.9999997615814209 0.00065443897619843483
vn 0 -0.9999997615814209 0.00065443897619843483
vn 0 -0.9999997615814209 0.00065443897619843483
vn 0 -0.9999997615814209 0.00065443897619843483
vn 0 -0.9999997615814209 0.00065443897619843483
vn 0 -0.9999997615814209 0.00065443897619843483
vn 0 -0.9999997615814209 0.00065443897619843483
vn 0 -0.9999997615814209 0.00065443897619843483
vn 0 -0.9999997615814209 0.00065443897619843483
vn 0 -0.9999997615814209 0.00065443897619843483
vn 0 -0.9999997615814209 0.00065443897619843483
vn 0 -0.9999997615814209 0.00065443897619843483
vn 0 -0.9999997615814209 0.00065443897619843483
vn 0 -0.9999997615814209 0.00065443897619843483
vn 0 -0.9999997615814209 0.00065443897619843483
vn 0 -0.9999997615814209 0.00065443897619843483
vn 0 -0.9999997615814209 0.00065443897619843483
vn 0 -0.9999997615814209 0.00065443897619843483
vn 0 -0.9999997615814209 0.00065443897619843483
vn 0 -0.9999997615814209 0.00065443897619843483
vn 0 -0.9999997615814209 0.00065443897619843483
vn 0 -0.9999997615814209 0.00065443897619843483
vn 0 -0.9999997615814209 0.00065443897619843483
vn 0 -0.9999997615814209 0.00065443897619843483
vn 0 -0.9999997615814209 0.00065443897619843483
vn 0 -0.9999997615814209 0.00065443897619843483
vn 0 -0.9999997615814209 0.00065443897619843483
vn 0 -0.9999997615814209 0.00065443897619843483
vn 0 -0.9999997615814209 0.00065443897619843483
vn 0 -0.9999997615814209 0.00065443897619843483
vn 0 -0.9999997615814209 0.00065443897619843483
vn 0 -0.9999997615814209 0.00065443897619843483
vn 0 -0.9999997615814209 0.00065443897619843483
vn 0 -0.9999997615814209 0.00065443897619843483
vn 0 -0.9999997615814209 0.00065443897619843483
vn 0 -0.9999997615814209 0.00065443897619843483
vn 0 -0.9999997615814209 0.00065443897619843483
vn 0 -0.9999997615814209 0.00065443897619843483
vn 0 -0.9999997615814209 0.00065443897619843483
vn 0 -0.9999997615814209 0.00065443897619843483
vn 0 -0.9999997615814209 0.00065443897619843483
vn 0 -0.9999997615814209 0.00065443897619843483
vn 0 -0.9999997615814209 0.00065443897619843483
vn 0 -0.9999997615814209 0.00065443897619843483
vn 0 -0.9999997615814209 0.00065443897619843483
vn 0 -0.9999997615814209 0.00065443897619843483
vn 0 -0.9999997615814209 0.00065443897619843483
vn 0 -0.9999997615814209 0.00065443897619843483
vn 0 -0.9999997615814209 0.00065443897619843483
vn 0 -0.9999997615814209 0.00065443897619843483
vn 0 -0.9999997615814209 0.00065443897619843483
vn 0 -0.9999997615814209 0.00065443897619843483
vn 0 -0.9999997615814209 0.00065443897619843483
vn 0 -0.9999997615814209 0.00065443897619843483
vn 0 -0.9999997615814209 0.00065443897619843483
vn 0 -0.9999997615814209 0.00065443897619843483
vn 0 -0.9999997615814209 0.00065443897619843483
vn 0 -0.9999997615814209 0.00065443897619843483
vn 0 -0.9999997615814209 0.00065443897619843483
vn 0 -0.9999997615814209 0.00065443897619843483
vn 0 -0.9999997615814209 0.00065443897619843483
vn 0 -0.9999997615814209 0.00065443897619843483
vn 0 -0.9999997615814209 0.00065443897619843483
vn 0 -0.9999997615814209 0.00065443897619843483
vn 0 -0.9999997615814209 0.00065443897619843483
vn 0 -0.9999997615814209 0.00065443897619843483
vn 0 -0.9999997615814209 0.00065443897619843483
vn 0 -0.9999997615814209 0.00065443897619843483
vn 0 -0.9999997615814209 0.00065443897619843483
vn 0 -0.9999997615814209 0.00065443897619843483
vn 0 -0.9999997615814209 0.00065443897619843483
vn 0 -0.9999997615814209 0.00065443897619843483
vn 0 -0.9999997615814209 0.00065443897619843483
vn 0 -0.9999997615814209 0.00065443897619843483
vn 0 -0.9999997615814209 0.00065443897619843483
vn 0 -0.9999997615814209 0.00065443897619843483
vn 0 -0.9999997615814209 0.00065443897619843483
vn 0 -0.9999997615814209 0.00065443897619843483
vn 0 -0.9999997615814209 0.00065443897619843483
vn 0 -0.9999997615814209 0.00065443897619843483
vn 0 -0.9999997615814209 0.00065443897619843483
vn 0 -0.9999997615814209 0.00065443897619843483
vn 0 -0.9999997615814209 0.00065443897619843483
vn 0 -0.9999997615814209 0.00065443897619843483
vn 0 -0.9999997615814209 0.00065443897619843483
vn 0 -0.9999997615814209 0.00065443897619843483
vn 0 -0.9999997615814209 0.00065443897619843483
vn 0 -0.9999997615814209 0.00065443897619843483
vn 0 -0.9999997615814209 0.00065443897619843483
vn 0 -0.9999997615814209 0.00065443897619843483
vn 0 -0.9999997615814209 0.00065443897619843483
vn 0 -0.9999997615814209 0.00065443897619843483
vn 0 -0.9999997615814209 0.00065443897619843483
vn 0 -0.9999997615814209 0.00065443897619843483
vn 0 -0.9999997615814209 0.00065443897619843483
vn 0 -0.9999997615814209 0.00065443897619843483
vn 0 -0.9999997615814209 0.00065443897619843483
vn 0 -0.9999997615814209 0.00065443897619843483
vn 0 -0.9999997615814209 0.00065443897619843483
vn 0 -0.9999997615814209 0.00065443897619843483
vn 0 -0.9999997615814209 0.00065443897619843483
vn 0 -0.9999997615814209 0.00065443897619843483
vn 0 -0.9999997615814209 0.00065443897619843483
vn 0 -0.9999997615814209 0.00065443897619843483
vn 0 -0.9999997615814209 0.00065443897619843483
vn 0 -0.9999997615814209 0.00065443897619843483
vn 0 -0.9999997615814209 0.00065443897619843483
vn 0 -0.9999997615814209 0.00065443897619843483
vn 0 -0.9999997615814209 0.00065443897619843483
vn 0 -0.9999997615814209 0.00065443897619843483
vn 0 -0.9999997615814209 0.00065443897619843483
vn 0 -0.9999997615814209 0.00065443897619843483
vn 0 -0.9999997615814209 0.00065443897619843483
vn 0 -0.9999997615814209 0.00065443897619843483
vn 0 -0.9999997615814209 0.00065443897619843483
vn 0 -0.9999997615814209 0.00065443897619843483
vn 0 -0.9999997615814209 0.00065443897619843483
vn 0 -0.9999997615814209 0.00065443897619843483
vn 0 -0.9999997615814209 0.00065443897619843483
vn 0 -0.9999997615814209 0.00065443897619843483
vn 0 -0.9999997615814209 0.00065443897619843483
vn 0 -0.9999997615814209 0.00065443897619843483
vn 0 -0.9999997615814209 0.00065443897619843483
vn 0 -0.9999997615814209 0.00065443897619843483
vn 0 -0.9999997615814209 0.00065443897619843483
vn 0 -0.9999997615814209 0.00065443897619843483
vn 0 -0.9999997615814209 0.00065443897619843483
vn 0 -0.9999997615814209 0.00065443897619843483
vn 0 -0.9999997615814209 0.00065443897619843483
vn 0 -0.9999997615814209 0.00065443897619843483
vn 0 -0.9999997615814209 0.00065443897619843483
vn 0 -0.9999997615814209 0.00065443897619843483
vn 0 -0.9999997615814209 0.00065443897619843483
vn 0 -0.9999997615814209 0.00065443897619843483
vn 0 -0.9999997615814209 0.00065443897619843483
vn 0 -0.9999997615814209 0.00065443897619843483
vn 0 -0.9999997615814209 0.00065443897619843483
vn 0 -0.9999997615814209 0.00065443897619843483
vn 0 -0.9999997615814209 0.00065443897619843483
vn 0 -0.9999997615814209 0.00065443897619843483
vn 0 -0.9999997615814209 0.00065443897619843483
vn 0 -0.9999997615814209 0.00065443897619843483
vn 0 -0.9999997615814209 0.00065443897619843483
vn 0 -0.9999997615814209 0.00065443897619843483
vn 0 -0.9999997615814209 0.00065443897619843483
vn 0 -0.9999997615814209 0.00065443897619843483
vn 0 -0.9999997615814209 0.00065443897619843483
vn 0 -0.9999997615814209 0.00065443897619843483
vn 0 -0.9999997615814209 0.00065443897619843483
vn 0 -0.9999997615814209 0.00065443897619843483
vn 0 -0.9999997615814209 0.00065443897619843483
vn 0 -0.9999997615814209 0.00065443897619843483
vn 0 -0.9999997615814209 0.00065443897619843483
vn 0 -0.9999997615814209 0.00065443897619843483
vn 0 -0.9999997615814209 0.00065443897619843483
vn 0 -0.9999997615814209 0.00065443897619843483
vn 0 -0.9999997615814209 0.00065443897619843483
vn 0 -0.9999997615814209 0.00065443897619843483
vn 0 -0.9999997615814209 0.00065443897619843483
vn 0 -0.9999997615814209 0.00065443897619843483
vn 0 -0.9999997615814209 0.00065443897619843483
vn 0 -0.9999997615814209 0.00065443897619843483
vn 0 -0.9999997615814209 0.00065443897619843483
vn 0 -0.9999997615814209 0.00065443897619843483
vn 0 -0.9999997615814209 0.00065443897619843483
vn 0 -0.9999997615814209 0.00065443897619843483
vn 0 -0.9999997615814209 0.00065443897619843483
vn 0 -0.9999997615814209 0.00065443897619843483
vn 0 -0.9999997615814209 0.00065443897619843483
vn 0 -0.9999997615814209 0.00065443897619843483
vn 0 -0.9999997615814209 0.00065443897619843483
vn 0 -0.9999997615814209 0.00065443897619843483
vn 0 -0.9999997615814209 0.00065443897619843483
vn 0 -0.9999997615814209 0.00065443897619843483
vn 0 -0.9999997615814209 0.00065443897619843483
vn 0 -0.9999997615814209 0.00065443897619843483
vn 0 -0.9999997615814209 0.00065443897619843483
vn 0 -0.9999997615814209 0.00065443897619843483
vn 0 -0.9999997615814209 0.00065443897619843483
vn 0 -0.9999997615814209 0.00065443897619843483
vn 0 -0.9999997615814209 0.00065443897619843483
vn 0 -0.9999997615814209 0.00065443897619843483
vn 0 -0.9999997615814209 0.00065443897619843483
vn 0 -0.9999997615814209 0.00065443897619843483
vn 0 -0.9999997615814209 0.00065443897619843483
vn 0 -0.9999997615814209 0.00065443897619843483
vn 0 -0.9999997615814209 0.00065443897619843483
vn 0 -0.9999997615814209 0.00065443897619843483
vn 0 -0.9999997615814209 0.00065443897619843483
vn 0 -0.9999997615814209 0.00065443897619843483
vn 0 -0.9999997615814209 0.00065443897619843483
vn 0 -0.9999997615814209 0.00065443897619843483
vn 0 -0.9999997615814209 0.00065443897619843483
vn 0 -0.9999997615814209 0.00065443897619843483
vn 0 -0.9999997615814209 0.00065443897619843483
vn 0 -0.9999997615814209 0.00065443897619843483
vn 0 -0.9999997615814209 0.00065443897619843483
vn 0 -0.9999997615814209 0.00065443897619843483
vn 0 -0.9999997615814209 0.00065443897619843483
vn 0 -0.9999997615814209 0.00065443897619843483
vn 0 -0.9999997615814209 0.00065443897619843483
vn 0 -0.9999997615814209 0.00065443897619843483
vn 0 -0.9999997615814209 0.00065443897619843483
vn 0 -0.9999997615814209 0.00065443897619843483
vn 0 -0.9999997615814209 0.00065443897619843483
vn 0 -0.9999997615814209 0.00065443897619843483
vn 0 -0.9999997615814209 0.00065443897619843483
vn 0 -0.9999997615814209 0.00065443897619843483
vn 0 -0.9999997615814209 0.00065443897619843483
vn 0 -0.9999997615814209 0.00065443897619843483
vn 0 -0.9999997615814209 0.00065443897619843483
vn 0 -0.9999997615814209 0.00065443897619843483
vn 0 -0.9999997615814209 0.00065443897619843483
vn 0 -0.9999997615814209 0.00065443897619843483
vn 0 -0.9999997615814209 0.00065443897619843483
vn 0 -0.9999997615814209 0.00065443897619843483
vn 0 -0.9999997615814209 0.00065443897619843483
vn 0 -0.9999997615814209 0.00065443897619843483
vn 0 -0.9999997615814209 0.00065443897619843483
vn 0 -0.9999997615814209 0.00065443897619843483
vn 0 -0.9999997615814209 0.00065443897619843483
vn 0 -0.9999997615814209 0.00065443897619843483
vn 0 -0.9999997615814209 0.00065443897619843483
vn 0 -0.9999997615814209 0.00065443897619843483
vn 0 -0.9999997615814209 0.00065443897619843483
vn 0 -0.9999997615814209 0.00065443897619843483
vn 0 -0.9999997615814209 0.00065443897619843483
vn 0 -0.9999997615814209 0.00065443897619843483
vn 0 -0.9999997615814209 0.00065443897619843483
vn 0 -0.9999997615814209 0.00065443897619843483
vn 0 -0.9999997615814209 0.00065443897619843483
vn 0 -0.9999997615814209 0.00065443897619843483
vn 0 -0.9999997615814209 0.00065443897619843483
vn 0 -0.9999997615814209 0.00065443897619843483
vn 0 -0.9999997615814209 0.00065443897619843483
vn 0 -0.9999997615814209 0.00065443897619843483
vn 0 -0.9999997615814209 0.00065443897619843483
vn 0 -0.9999997615814209 0.00065443897619843483
vn 0 -0.9999997615814209 0.00065443897619843483
vn 0 -0.9999997615814209 0.00065443897619843483
vn 0 -0.9999997615814209 0.00065443897619843483
vn 0 -0.9999997615814209 0.00065443897619843483
vn 0 -0.9999997615814209 0.00065443897619843483
vn 0 -0.9999997615814209 0.00065443897619843483
vn 0 -0.9999997615814209 0.00065443897619843483
vn 0 -0.9999997615814209 0.00065443897619843483
vn 0 -0.9999997615814209 0.00065443897619843483
vn 0 -0.9999997615814209 0.00065443897619843483
vn 0 -0.9999997615814209 0.00065443897619843483
vn 0 -0.9999997615814209 0.00065443897619843483
vn 0 -0.9999997615814209 0.00065443897619843483
vn 0 -0.9999997615814209 0.00065443897619843483
vn 0 -0.9999997615814209 0.00065443897619843483
vn 0 -0.9999997615814209 0.00065443897619843483
vn 0 -0.9999997615814209 0.00065443897619843483
vn 0 -0.9999997615814209 0.00065443897619843483
vn 0 -0.9999997615814209 0.00065443897619843483
vn 0 -0.9999997615814209 0.00065443897619843483
vn 0 -0.9999997615814209 0.00065443897619843483
vn 0 -0.9999997615814209 0.00065443897619843483
vn 0 -0.9999997615814209 0.00065443897619843483
vn 0 -0.9999997615814209 0.00065443897619843483
vn 0 -0.9999997615814209 0.00065443897619843483
vn 0 -0.9999997615814209 0.00065443897619843483
vn 0 -0.9999997615814209 0.00065443897619843483
vn 0 -0.9999997615814209 0.00065443897619843483
vn 0 -0.9999997615814209 0.00065443897619843483
vn 0 -0.9999997615814209 0.00065443897619843483
vn 0 -0.9999997615814209 0.00065443897619843483
vn 0 -0.9999997615814209 0.00065443897619843483
vn 0 -0.9999997615814209 0.00065443897619843483
vn 0 -0.9999997615814209 0.00065443897619843483
vn 0 -0.9999997615814209 0.00065443897619843483
vn 0 -0.9999997615814209 0.00065443897619843483
vn 0 -0.9999997615814209 0.00065443897619843483
vn 0 -0.9999997615814209 0.00065443897619843483
vn 0 -0.9999997615814209 0.00065443897619843483
vn 0 -0.9999997615814209 0.00065443897619843483
vn 0 -0.9999997615814209 0.00065443897619843483
vn 0 -0.9999997615814209 0.00065443897619843483
vn 0 -0.9999997615814209 0.00065443897619843483
vn 0 -0.9999997615814209 0.00065443897619843483
vn 0 -0.9999997615814209 0.00065443897619843483
vn 0 -0.9999997615814209 0.00065443897619843483
vn 0 -0.9999997615814209 0.00065443897619843483
vn 0 -0.9999997615814209 0.00065443897619843483
vn 0 -0.9999997615814209 0.00065443897619843483
vn 0 -0.9999997615814209 0.00065443897619843483
vn 0 -0.9999997615814209 0.00065443897619843483
vn 0 -0.9999997615814209 0.00065443897619843483
vn 0 -0.9999997615814209 0.00065443897619843483
vn 0 -0.9999997615814209 0.00065443897619843483
vn 0 -0.9999997615814209 0.00065443897619843483
vn 0 -0.9999997615814209 0.00065443897619843483
vn 0 -0.9999997615814209 0.00065443897619843483
vn 0 -0.9999997615814209 0.00065443897619843483
vn 0 -0.9999997615814209 0.00065443897619843483
vn 0 -0.9999997615814209 0.00065443897619843483
vn 0 -0.9999997615814209 0.00065443897619843483
vn 0 -0.9999997615814209 0.00065443897619843483
vn 0 -0.9999997615814209 0.00065443897619843483
vn 0 -0.9999997615814209 0.00065443897619843483
vn 0 -0.9999997615814209 0.00065443897619843483
vn 0 -0.9999997615814209 0.00065443897619843483
vn 0 -0.9999997615814209 0.00065443897619843483
vn 0 -0.9999997615814209 0.00065443897619843483
vn 0 -0.9999997615814209 0.00065443897619843483
vn 0 -0.9999997615814209 0.00065443897619843483
vn 0 -0.9999997615814209 0.00065443897619843483
vn 0 -0.9999997615814209 0.00065443897619843483
vn 0 -0.9999997615814209 0.00065443897619843483
vn 0 -0.9999997615814209 0.00065443897619843483
vn 0 -0.9999997615814209 0.00065443897619843483
vn 0 -0.9999997615814209 0.00065443897619843483
vn 0 -0.9999997615814209 0.00065443897619843483
vn 0 -0.9999997615814209 0.00065443897619843483
vn 0 -0.9999997615814209 0.00065443897619843483
vn 0 -0.9999997615814209 0.00065443897619843483
vn 0 -0.9999997615814209 0.00065443897619843483
vn 0 -0.9999997615814209 0.00065443897619843483
vn 0 -0.9999997615814209 0.00065443897619843483
vn 0 -0.9999997615814209 0.00065443897619843483
vn 0 -0.9999997615814209 0.00065443897619843483
vn 0 -0.9999997615814209 0.00065443897619843483
vn 0 -0.9999997615814209 0.00065443897619843483
vn 0 -0.9999997615814209 0.00065443897619843483
vn 0 -0.9999997615814209 0.00065443897619843483
vn 0 -0.9999997615814209 0.00065443897619843483
vn 0 -0.9999997615814209 0.00065443897619843483
vn 0 -0.9999997615814209 0.00065443897619843483
vn 0 -0.9999997615814209 0.00065443897619843483
vn 0 -0.9999997615814209 0.00065443897619843483
vn 0 -0.9999997615814209 0.00065443897619843483
vn 0 -0.9999997615814209 0.00065443897619843483
vn 0 -0.9999997615814209 0.00065443897619843483
vn 0 -0.9999997615814209 0.00065443897619843483
vn 0 -0.9999997615814209 0.00065443897619843483
vn 0 -0.9999997615814209 0.00065443897619843483
vn 0 -0.9999997615814209 0.00065443897619843483
vn 0 -0.9999997615814209 0.00065443897619843483
vn 0 -0.9999997615814209 0.00065443897619843483
vn 0 -0.9999997615814209 0.00065443897619843483
vn 0 -0.9999997615814209 0.00065443897619843483
vn 0 -0.9999997615814209 0.00065443897619843483
vn 0 -0.9999997615814209 0.00065443897619843483
vn 0 -0.9999997615814209 0.00065443897619843483
vn 0 -0.9999997615814209 0.00065443897619843483
vn 0 -0.9999997615814209 0.00065443897619843483
vn 0 -0.9999997615814209 0.00065443897619843483
vn 0 -0.9999997615814209 0.00065443897619843483
vn 0 -0.9999997615814209 0.00065443897619843483
vn 0 -0.9999997615814209 0.00065443897619843483
vn 0 -0.9999997615814209 0.00065443897619843483
vn 0 -0.9999997615814209 0.00065443897619843483
vn 0 -0.9999997615814209 0.00065443897619843483
vn 0 -0.9999997615814209 0.00065443897619843483
vn 0 -0.9999997615814209 0.00065443897619843483
vn 0 -0.9999997615814209 0.00065443897619843483
vn 0 -0.9999997615814209 0.00065443897619843483
vn 0 -0.9999997615814209 0.00065443897619843483
vn 0 -0.9999997615814209 0.00065443897619843483
vn 0 -0.9999997615814209 0.00065443897619843483
vn 0 -0.9999997615814209 0.00065443897619843483
vn 0 -0.9999997615814209 0.00065443897619843483
vn 0 -0.9999997615814209 0.00065443897619843483
vn 0 -0.9999997615814209 0.00065443897619843483
vn 0 -0.9999997615814209 0.00065443897619843483
vn 0 -0.9999997615814209 0.00065443897619843483
vn 0 -0.9999997615814209 0.00065443897619843483
vn 0 -0.9999997615814209 0.00065443897619843483
vn 0 -0.9999997615814209 0.00065443897619843483
vn 0 -0.9999997615814209 0.00065443897619843483
vn 0 -0.9999997615814209 0.00065443897619843483
vn 0 -0.9999997615814209 0.00065443897619843483
vn 0 -0.9999997615814209 0.00065443897619843483
vn 0 -0.9999997615814209 0.00065443897619843483
vn 0 -0.9999997615814209 0.00065443897619843483
vn 0 -0.9999997615814209 0.00065443897619843483
vn 0 -0.9999997615814209 0.00065443897619843483
vn 0 -0.9999997615814209 0.00065443897619843483
vn 0 -0.9999997615814209 0.00065443897619843483
vn 0 -0.9999997615814209 0.00065443897619843483
vn 0 -0.9999997615814209 0.00065443897619843483
vn 0 -0.9999997615814209 0.00065443897619843483
vn 0 -0.9999997615814209 0.00065443897619843483
vn 0 -0.9999997615814209 0.00065443897619843483
vn 0 -0.9999997615814209 0.00065443897619843483
vn 0 -0.9999997615814209 0.00065443897619843483
vn 0 -0.9999997615814209 0.00065443897619843483
vn 0 -0.9999997615814209 0.00065443897619843483
vn 0 -0.9999997615814209 0.00065443897619843483
vn 0 -0.9999997615814209 0.00065443897619843483
vn 0 -0.9999997615814209 0.00065443897619843483
vn 0 -0.9999997615814209 0.00065443897619843483
vn 0 -0.9999997615814209 0.00065443897619843483
vn 0 -0.9999997615814209 0.00065443897619843483
vn 0 -0.9999997615814209 0.00065443897619843483
vn 0 -0.9999997615814209 0.00065443897619843483
vn 0 -0.9999997615814209 0.00065443897619843483
vn 0 -0.9999997615814209 0.00065443897619843483
vn 0 -0.9999997615814209 0.00065443897619843483
vn 0 -0.9999997615814209 0.00065443897619843483
vn 0 -0.9999997615814209 0.00065443897619843483
vn 0 -0.9999997615814209 0.00065443897619843483
vn 0 -0.9999997615814209 0.00065443897619843483
vn 0 -0.9999997615814209 0.00065443897619843483
vn 0 -0.9999997615814209 0.00065443897619843483
vn 0 -0.9999997615814209 0.00065443897619843483
vn 0 -0.9999997615814209 0.00065443897619843483
vn 0 -0.9999997615814209 0.00065443897619843483
vn 0 -0.9999997615814209 0.00065443897619843483
vn 0 -0.9999997615814209 0.00065443897619843483
vn 0 -0.9999997615814209 0.00065443897619843483
vn 0 -0.9999997615814209 0.00065443897619843483
vn 0 -0.9999997615814209 0.00065443897619843483
vn 0 -0.9999997615814209 0.00065443897619843483
vn 0 -0.9999997615814209 0.00065443897619843483
vn 0 -0.9999997615814209 0.00065443897619843483
vn 0 -0.9999997615814209 0.00065443897619843483
vn 0 -0.9999997615814209 0.00065443897619843483
vn 0 -0.9999997615814209 0.00065443897619843483
vn 0 -0.9999997615814209 0.00065443897619843483
vn 0 -0.9999997615814209 0.00065443897619843483
vn 0 -0.9999997615814209 0.00065443897619843483
vn 0 -0.9999997615814209 0.00065443897619843483
vn 0 -0.9999997615814209 0.00065443897619843483
vn 0 -0.9999997615814209 0.00065443897619843483
vn 0 -0.9999997615814209 0.00065443897619843483
vn 0 -0.9999997615814209 0.00065443897619843483
vn 0 -0.9999997615814209 0.00065443897619843483
vn 0 -0.9999997615814209 0.00065443897619843483
vn 0 -0.9999997615814209 0.00065443897619843483
vn 0 -0.9999997615814209 0.00065443897619843483
vn 0 -0.9999997615814209 0.00065443897619843483
vn 0 -0.9999997615814209 0.00065443897619843483
vn 0 -0.9999997615814209 0.00065443897619843483
vn 0 -0.9999997615814209 0.00065443897619843483
vn 0 -0.9999997615814209 0.00065443897619843483
vn 0 -0.9999997615814209 0.00065443897619843483
vn 0 -0.9999997615814209 0.00065443897619843483
vn 0 -0.9999997615814209 0.00065443897619843483
vn 0 -0.9999997615814209 0.00065443897619843483
vn 0 -0.9999997615814209 0.00065443897619843483
vn 0 -0.9999997615814209 0.00065443897619843483
vn 0 -0.9999997615814209 0.00065443897619843483
vn 0 -0.9999997615814209 0.00065443897619843483
vn 0 -0.9999997615814209 0.00065443897619843483
vn 0 -0.9999997615814209 0.00065443897619843483
vn 0 -0.9999997615814209 0.00065443897619843483
vn 0 -0.9999997615814209 0.00065443897619843483
vn 0 -0.9999997615814209 0.00065443897619843483
vn 0 -0.9999997615814209 0.00065443897619843483
vn 0 -0.9999997615814209 0.00065443897619843483
vn 0 -0.9999997615814209 0.00065443897619843483
vn 0 -0.9999997615814209 0.00065443897619843483
vn 0 -0.9999997615814209 0.00065443897619843483
vn 0 -0.9999997615814209 0.00065443897619843483
vn 0 -0.9999997615814209 0.00065443897619843483
vn 0 -0.9999997615814209 0.00065443897619843483
vn 0 -0.9999997615814209 0.00065443897619843483
vn 0 -0.9999997615814209 0.00065443897619843483
vn 0 -0.9999997615814209 0.00065443897619843483
vn 0 -0.9999997615814209 0.00065443897619843483
vn 0 -0.9999997615814209 0.00065443897619843483
vn 0 -0.9999997615814209 0.00065443897619843483
vn 0 -0.9999997615814209 0.00065443897619843483
vn 0 -0.9999997615814209 0.00065443897619843483
vn 0 -0.9999997615814209 0.00065443897619843483
vn 0 -0.9999997615814209 0.00065443897619843483
vn 0 -0.9999997615814209 0.00065443897619843483
vn 0 -0.9999997615814209 0.00065443897619843483
vn 0 -0.9999997615814209 0.00065443897619843483
vn 0 -0.9999997615814209 0.00065443897619843483
vn 0 -0.9999997615814209 0.00065443897619843483
vn 0 -0.9999997615814209 0.00065443897619843483
vn 0 -0.9999997615814209 0.00065443897619843483
vn 0 -0.9999997615814209 0.00065443897619843483
vn 0 -0.9999997615814209 0.00065443897619843483
vn 0 -0.9999997615814209 0.00065443897619843483
vn 0 -0.9999997615814209 0.00065443897619843483
vn 0 -0.9999997615814209 0.00065443897619843483
vn 0 -0.9999997615814209 0.00065443897619843483
vn 0 -0.9999997615814209 0.00065443897619843483
vn 0 -0.9999997615814209 0.00065443897619843483
vn 0 -0.9999997615814209 0.00065443897619843483
vn 0 -0.9999997615814209 0.00065443897619843483
vn 0 -0.9999997615814209 0.00065443897619843483
vn 0 -0.9999997615814209 0.00065443897619843483
vn 0 -0.9999997615814209 0.00065443897619843483
vn 0 -0.9999997615814209 0.00065443897619843483
vn 0 -0.9999997615814209 0.00065443897619843483
vn 0 -0.9999997615814209 0.00065443897619843483
vn 0 -0.9999997615814209 0.00065443897619843483
vn 0 -0.9999997615814209 0.00065443897619843483
vn 0 -0.9999997615814209 0.00065443897619843483
vn 0 -0.9999997615814209 0.00065443897619843483
vn 0 -0.9999997615814209 0.00065443897619843483
vn 0 -0.9999997615814209 0.00065443897619843483
vn 0 -0.9999997615814209 0.00065443897619843483
vn 0 -0.9999997615814209 0.00065443897619843483
vn 0 -0.9999997615814209 0.00065443897619843483
vn 0 -0.9999997615814209 0.00065443897619843483
vn 0 -0.9999997615814209 0.00065443897619843483
vn 0 -0.9999997615814209 0.00065443897619843483
vn 0 -0.9999997615814209 0.00065443897619843483
vn 0 -0.9999997615814209 0.00065443897619843483
vn 0 -0.9999997615814209 0.00065443897619843483
vn 0 -0.9999997615814209 0.00065443897619843483
vn 0 -0.9999997615814209 0.00065443897619843483
vn 0 -0.9999997615814209 0.00065443897619843483
vn 0 -0.9999997615814209 0.00065443897619843483
vn 0 -0.9999997615814209 0.00065443897619843483
vn 0 -0.9999997615814209 0.00065443897619843483
vn 0 -0.9999997615814209 0.00065443897619843483
vn 0 -0.9999997615814209 0.00065443897619843483
vn 0 -0.9999997615814209 0.00065443897619843483
vn 0 -0.9999997615814209 0.00065443897619843483
vn 0 0.9999997615814209 -0.00065443897619843483
vn 0 0.9999997615814209 -0.00065443897619843483
vn 0 0.9999997615814209 -0.00065443897619843483
vn 0 0.9999997615814209 -0.00065443897619843483
vn 0 0.9999997615814209 -0.00065443897619843483
vn 0 0.9999997615814209 -0.00065443897619843483
vn 0 0.9999997615814209 -0.00065443897619843483
vn 0 0.9999997615814209 -0.00065443897619843483
vn 0 0.9999997615814209 -0.00065443897619843483
vn 0 0.9999997615814209 -0.00065443897619843483
vn 0 0.9999997615814209 -0.00065443897619843483
vn 0 0.9999997615814209 -0.00065443897619843483
vn 0 0.9999997615814209 -0.00065443897619843483
vn 0 0.9999997615814209 -0.00065443897619843483
vn 0 0.9999997615814209 -0.00065443897619843483
vn 0 0.9999997615814209 -0.00065443897619843483
vn 0 0.9999997615814209 -0.00065443897619843483
vn 0 0.9999997615814209 -0.00065443897619843483
vn 0 0.9999997615814209 -0.00065443897619843483
vn 0 0.9999997615814209 -0.00065443897619843483
vn 0 0.9999997615814209 -0.00065443897619843483
vn 0 0.9999997615814209 -0.00065443897619843483
vn 0 0.9999997615814209 -0.00065443897619843483
vn 0 0.9999997615814209 -0.00065443897619843483
vn 0 0.9999997615814209 -0.00065443897619843483
vn 0 0.9999997615814209 -0.00065443897619843483
vn 0 0.9999997615814209 -0.00065443897619843483
vn 0 0.9999997615814209 -0.00065443897619843483
vn 0 0.9999997615814209 -0.00065443897619843483
vn 0 0.9999997615814209 -0.00065443897619843483
vn 0 0.9999997615814209 -0.00065443897619843483
vn 0 0.9999997615814209 -0.00065443897619843483
vn 0 0.9999997615814209 -0.00065443897619843483
vn 0 0.9999997615814209 -0.00065443897619843483
vn 0 0.9999997615814209 -0.00065443897619843483
vn 0 0.9999997615814209 -0.00065443897619843483
vn 0 0.9999997615814209 -0.00065443897619843483
vn 0 0.9999997615814209 -0.00065443897619843483
vn 0 0.9999997615814209 -0.00065443897619843483
vn 0 0.9999997615814209 -0.00065443897619843483
vn 0 0.9999997615814209 -0.00065443897619843483
vn 0 0.9999997615814209 -0.00065443897619843483
vn 0 0.9999997615814209 -0.00065443897619843483
vn 0 0.9999997615814209 -0.00065443897619843483
vn 0 0.9999997615814209 -0.00065443897619843483
vn 0 0.9999997615814209 -0.00065443897619843483
vn 0 0.9999997615814209 -0.00065443897619843483
vn 0 0.9999997615814209 -0.00065443897619843483
vn 0 0.9999997615814209 -0.00065443897619843483
vn 0 0.9999997615814209 -0.00065443897619843483
vn 0 0.9999997615814209 -0.00065443897619843483
vn 0 0.9999997615814209 -0.00065443897619843483
vn 0 0.9999997615814209 -0.00065443897619843483
vn 0 0.9999997615814209 -0.00065443897619843483
vn 0 0.9999997615814209 -0.00065443897619843483
vn 0 0.9999997615814209 -0.00065443897619843483
vn 0 0.9999997615814209 -0.00065443897619843483
vn 0 0.9999997615814209 -0.00065443897619843483
vn 0 0.9999997615814209 -0.00065443897619843483
vn 0 0.9999997615814209 -0.00065443897619843483
vn 0 0.9999997615814209 -0.00065443897619843483
vn 0 0.9999997615814209 -0.00065443897619843483
vn 0 0.9999997615814209 -0.00065443897619843483
vn 0 0.9999997615814209 -0.00065443897619843483
vn 0 0.9999997615814209 -0.00065443897619843483
vn 0 0.9999997615814209 -0.00065443897619843483
vn 0 0.9999997615814209 -0.00065443897619843483
vn 0 0.9999997615814209 -0.00065443897619843483
vn 0 0.9999997615814209 -0.00065443897619843483
vn 0 0.9999997615814209 -0.00065443897619843483
vn 0 0.9999997615814209 -0.00065443897619843483
vn 0 0.9999997615814209 -0.00065443897619843483
vn 0 0.9999997615814209 -0.00065443897619843483
vn 0 0.9999997615814209 -0.00065443897619843483
vn 0 0.9999997615814209 -0.00065443897619843483
vn 0 0.9999997615814209 -0.00065443897619843483
vn 0 0.9999997615814209 -0.00065443897619843483
vn 0 0.9999997615814209 -0.00065443897619843483
vn 0 0.9999997615814209 -0.00065443897619843483
vn 0 0.9999997615814209 -0.00065443897619843483
vn 0 0.9999997615814209 -0.00065443897619843483
vn 0 0.9999997615814209 -0.00065443897619843483
vn 0 0.9999997615814209 -0.00065443897619843483
vn 0 0.9999997615814209 -0.00065443897619843483
vn 0 0.9999997615814209 -0.00065443897619843483
vn 0 0.9999997615814209 -0.00065443897619843483
vn 0 0.9999997615814209 -0.00065443897619843483
vn 0 0.9999997615814209 -0.00065443897619843483
vn 0 0.9999997615814209 -0.00065443897619843483
vn 0 0.9999997615814209 -0.00065443897619843483
vn 0 0.9999997615814209 -0.00065443897619843483
vn 0 0.9999997615814209 -0.00065443897619843483
vn 0 0.9999997615814209 -0.00065443897619843483
vn 0 0.9999997615814209 -0.00065443897619843483
vn 0 0.9999997615814209 -0.00065443897619843483
vn 0 0.9999997615814209 -0.00065443897619843483
vn 0 0.9999997615814209 -0.00065443897619843483
vn 0 0.9999997615814209 -0.00065443897619843483
vn 0 0.9999997615814209 -0.00065443897619843483
vn 0 0.9999997615814209 -0.00065443897619843483
vn 0 0.9999997615814209 -0.00065443897619843483
vn 0 0.9999997615814209 -0.00065443897619843483
vn 0 0.9999997615814209 -0.00065443897619843483
vn 0 0.9999997615814209 -0.00065443897619843483
vn 0 0.9999997615814209 -0.00065443897619843483
vn 0 0.9999997615814209 -0.00065443897619843483
vn 0 0.9999997615814209 -0.00065443897619843483
vn 0 0.9999997615814209 -0.00065443897619843483
vn 0 0.9999997615814209 -0.00065443897619843483
vn 0 0.9999997615814209 -0.00065443897619843483
vn 0 0.9999997615814209 -0.00065443897619843483
vn 0 0.9999997615814209 -0.00065443897619843483
vn 0 0.9999997615814209 -0.00065443897619843483
vn 0 0.9999997615814209 -0.00065443897619843483
vn 0 0.9999997615814209 -0.00065443897619843483
vn 0 0.9999997615814209 -0.00065443897619843483
vn 0 0.9999997615814209 -0.00065443897619843483
vn 0 0.9999997615814209 -0.00065443897619843483
vn 0 0.9999997615814209 -0.00065443897619843483
vn 0 0.9999997615814209 -0.00065443897619843483
vn 0 0.9999997615814209 -0.00065443897619843483
vn 0 0.9999997615814209 -0.00065443897619843483
vn 0 0.9999997615814209 -0.00065443897619843483
vn 0 0.9999997615814209 -0.00065443897619843483
vn 0 0.9999997615814209 -0.00065443897619843483
vn 0 0.9999997615814209 -0.00065443897619843483
vn 0 0.9999997615814209 -0.00065443897619843483
vn 0 0.9999997615814209 -0.00065443897619843483
vn 0 0.9999997615814209 -0.00065443897619843483
vn 0 0.9999997615814209 -0.00065443897619843483
vn 0 0.9999997615814209 -0.00065443897619843483
vn 0 0.9999997615814209 -0.00065443897619843483
vn 0 0.9999997615814209 -0.00065443897619843483
vn 0 0.9999997615814209 -0.00065443897619843483
vn 0 0.9999997615814209 -0.00065443897619843483
vn 0 0.9999997615814209 -0.00065443897619843483
vn 0 0.9999997615814209 -0.00065443897619843483
vn 0 0.9999997615814209 -0.00065443897619843483
vn 0 0.9999997615814209 -0.00065443897619843483
vn 0 0.9999997615814209 -0.00065443897619843483
vn 0 0.9999997615814209 -0.00065443897619843483
vn 0 0.9999997615814209 -0.00065443897619843483
vn 0 0.9999997615814209 -0.00065443897619843483
vn 0 0.9999997615814209 -0.00065443897619843483
vn 0 0.9999997615814209 -0.00065443897619843483
vn 0 0.9999997615814209 -0.00065443897619843483
vn 0 0.9999997615814209 -0.00065443897619843483
vn 0 0.9999997615814209 -0.00065443897619843483
vn 0 0.9999997615814209 -0.00065443897619843483
vn 0 0.9999997615814209 -0.00065443897619843483
vn 0 0.9999997615814209 -0.00065443897619843483
vn 0 0.9999997615814209 -0.00065443897619843483
vn 0 0.9999997615814209 -0.00065443897619843483
vn 0 0.9999997615814209 -0.00065443897619843483
vn 0 0.9999997615814209 -0.00065443897619843483
vn 0 0.9999997615814209 -0.00065443897619843483
vn 0 0.9999997615814209 -0.00065443897619843483
vn 0 0.9999997615814209 -0.00065443897619843483
vn 0 0.9999997615814209 -0.00065443897619843483
vn 0 0.9999997615814209 -0.00065443897619843483
vn 0 0.9999997615814209 -0.00065443897619843483
vn 0 0.9999997615814209 -0.00065443897619843483
vn 0 0.9999997615814209 -0.00065443897619843483
vn 0 0.9999997615814209 -0.00065443897619843483
vn 0 0.9999997615814209 -0.00065443897619843483
vn 0 0.9999997615814209 -0.00065443897619843483
vn 0 0.9999997615814209 -0.00065443897619843483
vn 0 0.9999997615814209 -0.00065443897619843483
vn 0 0.9999997615814209 -0.00065443897619843483
vn 0 0.9999997615814209 -0.00065443897619843483
vn 0 0.9999997615814209 -0.00065443897619843483
vn 0 0.9999997615814209 -0.00065443897619843483
vn 0 0.9999997615814209 -0.00065443897619843483
vn 0 0.9999997615814209 -0.00065443897619843483
vn 0 0.9999997615814209 -0.00065443897619843483
vn 0 0.9999997615814209 -0.00065443897619843483
vn 0 0.9999997615814209 -0.00065443897619843483
vn 0 0.9999997615814209 -0.00065443897619843483
vn 0 0.9999997615814209 -0.00065443897619843483
vn 0 0.9999997615814209 -0.00065443897619843483
vn 0 0.9999997615814209 -0.00065443897619843483
vn 0 0.9999997615814209 -0.00065443897619843483
vn 0 0.9999997615814209 -0.00065443897619843483
vn 0 0.9999997615814209 -0.00065443897619843483
vn 0 0.9999997615814209 -0.00065443897619843483
vn 0 0.9999997615814209 -0.00065443897619843483
vn 0 0.9999997615814209 -0.00065443897619843483
vn 0 0.9999997615814209 -0.00065443897619843483
vn 0 0.9999997615814209 -0.00065443897619843483
vn 0 0.9999997615814209 -0.00065443897619843483
vn 0 0.9999997615814209 -0.00065443897619843483
vn 0 0.9999997615814209 -0.00065443897619843483
vn 0 0.9999997615814209 -0.00065443897619843483
vn 0 0.9999997615814209 -0.00065443897619843483
vn 0 0.9999997615814209 -0.00065443897619843483
vn 0 0.9999997615814209 -0.00065443897619843483
vn 0 0.9999997615814209 -0.00065443897619843483
vn 0 0.9999997615814209 -0.00065443897619843483
vn 0 0.9999997615814209 -0.00065443897619843483
vn 0 0.9999997615814209 -0.00065443897619843483
vn 0 0.9999997615814209 -0.00065443897619843483
vn 0 0.9999997615814209 -0.00065443897619843483
vn 0 0.9999997615814209 -0.00065443897619843483
vn 0 0.9999997615814209 -0.00065443897619843483
vn 0 0.9999997615814209 -0.00065443897619843483
vn 0 0.9999997615814209 -0.00065443897619843483
vn 0 0.9999997615814209 -0.00065443897619843483
vn 0 0.9999997615814209 -0.00065443897619843483
vn 0 0.9999997615814209 -0.00065443897619843483
vn 0 0.9999997615814209 -0.00065443897619843483
vn 0 0.9999997615814209 -0.00065443897619843483
vn 0 0.9999997615814209 -0.00065443897619843483
vn 0 0.9999997615814209 -0.00065443897619843483
vn 0 0.9999997615814209 -0.00065443897619843483
vn 0 0.9999997615814209 -0.00065443897619843483
vn 0 0.9999997615814209 -0.00065443897619843483
vn 0 0.9999997615814209 -0.00065443897619843483
vn 0 0.9999997615814209 -0.00065443897619843483
vn 0 0.9999997615814209 -0.00065443897619843483
vn 0 0.9999997615814209 -0.00065443897619843483
vn 0 0.9999997615814209 -0.00065443897619843483
vn 0 0.9999997615814209 -0.00065443897619843483
vn 0 0.9999997615814209 -0.00065443897619843483
vn 0 0.9999997615814209 -0.00065443897619843483
vn 0 0.9999997615814209 -0.00065443897619843483
vn 0 0.9999997615814209 -0.00065443897619843483
vn 0 0.9999997615814209 -0.00065443897619843483
vn 0 0.9999997615814209 -0.00065443897619843483
vn 0 0.9999997615814209 -0.00065443897619843483
vn 0 0.9999997615814209 -0.00065443897619843483
vn 0 0.9999997615814209 -0.00065443897619843483
vn 0 0.9999997615814209 -0.00065443897619843483
vn 0 0.9999997615814209 -0.00065443897619843483
vn 0 0.9999997615814209 -0.00065443897619843483
vn 0 0.9999997615814209 -0.00065443897619843483
vn 0 0.9999997615814209 -0.00065443897619843483
vn 0 0.9999997615814209 -0.00065443897619843483
vn 0 0.9999997615814209 -0.00065443897619843483
vn 0 0.9999997615814209 -0.00065443897619843483
vn 0 0.9999997615814209 -0.00065443897619843483
vn 0 0.9999997615814209 -0.00065443897619843483
vn 0 0.9999997615814209 -0.00065443897619843483
vn 0 0.9999997615814209 -0.00065443897619843483
vn 0 0.9999997615814209 -0.00065443897619843483
vn 0 0.9999997615814209 -0.00065443897619843483
vn 0 0.9999997615814209 -0.00065443897619843483
vn 0 0.9999997615814209 -0.00065443897619843483
vn 0 0.9999997615814209 -0.00065443897619843483
vn 0 0.9999997615814209 -0.00065443897619843483
vn 0 0.9999997615814209 -0.00065443897619843483
vn 0 0.9999997615814209 -0.00065443897619843483
vn 0 0.9999997615814209 -0.00065443897619843483
vn 0 0.9999997615814209 -0.00065443897619843483
vn 0 0.9999997615814209 -0.00065443897619843483
vn 0 0.9999997615814209 -0.00065443897619843483
vn 0 0.9999997615814209 -0.00065443897619843483
vn 0 0.9999997615814209 -0.00065443897619843483
vn 0 0.9999997615814209 -0.00065443897619843483
vn 0 0.9999997615814209 -0.00065443897619843483
vn 0 0.9999997615814209 -0.00065443897619843483
vn 0 0.9999997615814209 -0.00065443897619843483
vn 0 0.9999997615814209 -0.00065443897619843483
vn 0 0.9999997615814209 -0.00065443897619843483
vn 0 0.9999997615814209 -0.00065443897619843483
vn 0 0.9999997615814209 -0.00065443897619843483
vn 0 0.9999997615814209 -0.00065443897619843483
vn 0 0.9999997615814209 -0.00065443897619843483
vn 0 0.9999997615814209 -0.00065443897619843483
vn 0 0.9999997615814209 -0.00065443897619843483
vn 0 0.9999997615814209 -0.00065443897619843483
vn 0 0.9999997615814209 -0.00065443897619843483
vn 0 0.9999997615814209 -0.00065443897619843483
vn 0 0.9999997615814209 -0.00065443897619843483
vn 0 0.9999997615814209 -0.00065443897619843483
vn 0 0.9999997615814209 -0.00065443897619843483
vn 0 0.9999997615814209 -0.00065443897619843483
vn 0 0.9999997615814209 -0.00065443897619843483
vn 0 0.9999997615814209 -0.00065443897619843483
vn 0 0.9999997615814209 -0.00065443897619843483
vn 0 0.9999997615814209 -0.00065443897619843483
vn 0 0.9999997615814209 -0.00065443897619843483
vn 0 0.9999997615814209 -0.00065443897619843483
vn 0 0.9999997615814209 -0.00065443897619843483
vn 0 0.9999997615814209 -0.00065443897619843483
vn 0 0.9999997615814209 -0.00065443897619843483
vn 0 0.9999997615814209 -0.00065443897619843483
vn 0 0.9999997615814209 -0.00065443897619843483
vn 0 0.9999997615814209 -0.00065443897619843483
vn 0 0.9999997615814209 -0.00065443897619843483
vn 0 0.9999997615814209 -0.00065443897619843483
vn 0 0.9999997615814209 -0.00065443897619843483
vn 0 0.9999997615814209 -0.00065443897619843483
vn 0 0.9999997615814209 -0.00065443897619843483
vn 0 0.9999997615814209 -0.00065443897619843483
vn 0 0.9999997615814209 -0.00065443897619843483
vn 0 0.9999997615814209 -0.00065443897619843483
vn 0 0.9999997615814209 -0.00065443897619843483
vn 0 0.9999997615814209 -0.00065443897619843483
vn 0 0.9999997615814209 -0.00065443897619843483
vn 0 0.9999997615814209 -0.00065443897619843483
vn 0 0.9999997615814209 -0.00065443897619843483
vn 0 0.9999997615814209 -0.00065443897619843483
vn 0 0.9999997615814209 -0.00065443897619843483
vn 0 0.9999997615814209 -0.00065443897619843483
vn 0 0.9999997615814209 -0.00065443897619843483
vn 0 0.9999997615814209 -0.00065443897619843483
vn 0 0.9999997615814209 -0.00065443897619843483
vn 0 0.9999997615814209 -0.00065443897619843483
vn 0 0.9999997615814209 -0.00065443897619843483
vn 0 0.9999997615814209 -0.00065443897619843483
vn 0 0.9999997615814209 -0.00065443897619843483
vn 0 0.9999997615814209 -0.00065443897619843483
vn 0 0.9999997615814209 -0.00065443897619843483
vn 0 0.9999997615814209 -0.00065443897619843483
vn 0 0.9999997615814209 -0.00065443897619843483
vn 0 0.9999997615814209 -0.00065443897619843483
vn 0 0.9999997615814209 -0.00065443897619843483
vn 0 0.9999997615814209 -0.00065443897619843483
vn 0 0.9999997615814209 -0.00065443897619843483
vn 0 0.9999997615814209 -0.00065443897619843483
vn 0 0.9999997615814209 -0.00065443897619843483
vn 0 0.9999997615814209 -0.00065443897619843483
vn 0 0.9999997615814209 -0.00065443897619843483
vn 0 0.9999997615814209 -0.00065443897619843483
vn 0 0.9999997615814209 -0.00065443897619843483
vn 0 0.9999997615814209 -0.00065443897619843483
vn 0 0.9999997615814209 -0.00065443897619843483
vn 0 0.9999997615814209 -0.00065443897619843483
vn 0 0.9999997615814209 -0.00065443897619843483
vn 0 0.9999997615814209 -0.00065443897619843483
vn 0 0.9999997615814209 -0.00065443897619843483
vn 0 0.9999997615814209 -0.00065443897619843483
vn 0 0.9999997615814209 -0.00065443897619843483
vn 0 0.9999997615814209 -0.00065443897619843483
vn 0 0.9999997615814209 -0.00065443897619843483
vn 0 0.9999997615814209 -0.00065443897619843483
vn 0 0.9999997615814209 -0.00065443897619843483
vn 0 0.9999997615814209 -0.00065443897619843483
vn 0 0.9999997615814209 -0.00065443897619843483
vn 0 0.9999997615814209 -0.00065443897619843483
vn 0 0.9999997615814209 -0.00065443897619843483
vn 0 0.9999997615814209 -0.00065443897619843483
vn 0 0.9999997615814209 -0.00065443897619843483
vn 0 0.9999997615814209 -0.00065443897619843483
vn 0 0.9999997615814209 -0.00065443897619843483
vn 0 0.9999997615814209 -0.00065443897619843483
vn 0 0.9999997615814209 -0.00065443897619843483
vn 0 0.9999997615814209 -0.00065443897619843483
vn 0 0.9999997615814209 -0.00065443897619843483
vn 0 0.9999997615814209 -0.00065443897619843483
vn 0 0.9999997615814209 -0.00065443897619843483
vn 0 0.9999997615814209 -0.00065443897619843483
vn 0 0.9999997615814209 -0.00065443897619843483
vn 0 0.9999997615814209 -0.00065443897619843483
vn 0 0.9999997615814209 -0.00065443897619843483
vn 0 0.9999997615814209 -0.00065443897619843483
vn 0 0.9999997615814209 -0.00065443897619843483
vn 0 0.9999997615814209 -0.00065443897619843483
vn 0 0.9999997615814209 -0.00065443897619843483
vn 0 0.9999997615814209 -0.00065443897619843483
vn 0 0.9999997615814209 -0.00065443897619843483
vn 0 0.9999997615814209 -0.00065443897619843483
vn 0 0.9999997615814209 -0.00065443897619843483
vn 0 0.9999997615814209 -0.00065443897619843483
vn 0 0.9999997615814209 -0.00065443897619843483
vn 0 0.9999997615814209 -0.00065443897619843483
vn 0 0.9999997615814209 -0.00065443897619843483
vn 0 0.9999997615814209 -0.00065443897619843483
vn 0 0.9999997615814209 -0.00065443897619843483
vn 0 0.9999997615814209 -0.00065443897619843483
vn 0 0.9999997615814209 -0.00065443897619843483
vn 0 0.9999997615814209 -0.00065443897619843483
vn 0 0.9999997615814209 -0.00065443897619843483
vn 0 0.9999997615814209 -0.00065443897619843483
vn 0 0.9999997615814209 -0.00065443897619843483
vn 0 0.9999997615814209 -0.00065443897619843483
vn 0 0.9999997615814209 -0.00065443897619843483
vn 0 0.9999997615814209 -0.00065443897619843483
vn 0 0.9999997615814209 -0.00065443897619843483
vn 0 0.9999997615814209 -0.00065443897619843483
vn 0 0.9999997615814209 -0.00065443897619843483
vn 0 0.9999997615814209 -0.00065443897619843483
vn 0 0.9999997615814209 -0.00065443897619843483
vn 0 0.9999997615814209 -0.00065443897619843483
vn 0 0.9999997615814209 -0.00065443897619843483
vn 0 0.9999997615814209 -0.00065443897619843483
vn 0 0.9999997615814209 -0.00065443897619843483
vn 0 0.9999997615814209 -0.00065443897619843483
vn 0 0.9999997615814209 -0.00065443897619843483
vn 0 0.9999997615814209 -0.00065443897619843483
vn 0 0.9999997615814209 -0.00065443897619843483
vn 0 0.9999997615814209 -0.00065443897619843483
vn 0 0.9999997615814209 -0.00065443897619843483
vn 0 0.9999997615814209 -0.00065443897619843483
vn 0 0.9999997615814209 -0.00065443897619843483
vn 0 0.9999997615814209 -0.00065443897619843483
vn 0 0.9999997615814209 -0.00065443897619843483
vn 0 0.9999997615814209 -0.00065443897619843483
vn 0 0.9999997615814209 -0.00065443897619843483
vn 0 0.9999997615814209 -0.00065443897619843483
vn 0 0.9999997615814209 -0.00065443897619843483
vn 0 0.9999997615814209 -0.00065443897619843483
vn 0 0.9999997615814209 -0.00065443897619843483
vn 0 0.9999997615814209 -0.00065443897619843483
vn 0 0.9999997615814209 -0.00065443897619843483
vn 0 0.9999997615814209 -0.00065443897619843483
vn 0 0.9999997615814209 -0.00065443897619843483
vn 0 0.9999997615814209 -0.00065443897619843483
vn 0 0.9999997615814209 -0.00065443897619843483
vn 0 0.9999997615814209 -0.00065443897619843483
vn 0 0.9999997615814209 -0.00065443897619843483
vn 0 0.9999997615814209 -0.00065443897619843483
vn 0 0.9999997615814209 -0.00065443897619843483
vn 0 0.9999997615814209 -0.00065443897619843483
vn 0 0.9999997615814209 -0.00065443897619843483
vn 0 0.9999997615814209 -0.00065443897619843483
vn 0 0.9999997615814209 -0.00065443897619843483
vn 0 0.9999997615814209 -0.00065443897619843483
vn 0 0.9999997615814209 -0.00065443897619843483
vn 0 0.9999997615814209 -0.00065443897619843483
vn 0 0.9999997615814209 -0.00065443897619843483
vn 0 0.9999997615814209 -0.00065443897619843483
vn 0 0.9999997615814209 -0.00065443897619843483
vn 0 0.9999997615814209 -0.00065443897619843483
vn 0 0.9999997615814209 -0.00065443897619843483
vn 0 0.9999997615814209 -0.00065443897619843483
vn 0 0.9999997615814209 -0.00065443897619843483
vn 0 0.9999997615814209 -0.00065443897619843483
vn 0 0.9999997615814209 -0.00065443897619843483
vn 0 0.9999997615814209 -0.00065443897619843483
vn 0 0.9999997615814209 -0.00065443897619843483
vn 0 0.9999997615814209 -0.00065443897619843483
vn 0 0.9999997615814209 -0.00065443897619843483
vn 0 0.9999997615814209 -0.00065443897619843483
vn 0 0.9999997615814209 -0.00065443897619843483
vn 0 0.9999997615814209 -0.00065443897619843483
vn 0 0.9999997615814209 -0.00065443897619843483
vn 0 0.9999997615814209 -0.00065443897619843483
vn 0 0.9999997615814209 -0.00065443897619843483
vn 0 0.9999997615814209 -0.00065443897619843483
vn 0 0.9999997615814209 -0.00065443897619843483
vn 0 0.9999997615814209 -0.00065443897619843483
vn 0 0.9999997615814209 -0.00065443897619843483
vn 0 0.9999997615814209 -0.00065443897619843483
vn 0 0.9999997615814209 -0.00065443897619843483
vn 0 0.9999997615814209 -0.00065443897619843483
vn 0 0.9999997615814209 -0.00065443897619843483
vn 0 0.9999997615814209 -0.00065443897619843483
vn 0 0.9999997615814209 -0.00065443897619843483
vn 0 0.9999997615814209 -0.00065443897619843483
vn 0 0.9999997615814209 -0.00065443897619843483
vn 0 0.9999997615814209 -0.00065443897619843483
vn 0 0.9999997615814209 -0.00065443897619843483
vn 0 0.9999997615814209 -0.00065443897619843483
vn 0 0.9999997615814209 -0.00065443897619843483
vn 0 0.9999997615814209 -0.00065443897619843483
vn 0 0.9999997615814209 -0.00065443897619843483
vn 0 0.9999997615814209 -0.00065443897619843483
vn 0 0.9999997615814209 -0.00065443897619843483
vn 0 0.9999997615814209 -0.00065443897619843483
vn 0 0.9999997615814209 -0.00065443897619843483
vn 0 0.9999997615814209 -0.00065443897619843483
vn 0 0.9999997615814209 -0.00065443897619843483
vn 0 0.9999997615814209 -0.00065443897619843483
vn 0 0.9999997615814209 -0.00065443897619843483
vn 0 0.9999997615814209 -0.00065443897619843483
vn 0 0.9999997615814209 -0.00065443897619843483
vn 0 0.9999997615814209 -0.00065443897619843483
vn 0 0.9999997615814209 -0.00065443897619843483
vn 0 0.9999997615814209 -0.00065443897619843483
vn 0 0.9999997615814209 -0.00065443897619843483
vn 0 0.9999997615814209 -0.00065443897619843483
vn 0 0.9999997615814209 -0.00065443897619843483
vn 0 0.9999997615814209 -0.00065443897619843483
vn 0 0.9999997615814209 -0.00065443897619843483
vn 0 0.9999997615814209 -0.00065443897619843483
vn 0 0.9999997615814209 -0.00065443897619843483
vn 0 0.9999997615814209 -0.00065443897619843483
vn 0 0.9999997615814209 -0.00065443897619843483
vn 0 0.9999997615814209 -0.00065443897619843483
vn 0 0.9999997615814209 -0.00065443897619843483
vn 0 0.9999997615814209 -0.00065443897619843483
vn 0 0.9999997615814209 -0.00065443897619843483
vn 0 0.9999997615814209 -0.00065443897619843483
vn 0 0.9999997615814209 -0.00065443897619843483
vn 0 0.9999997615814209 -0.00065443897619843483
vn 0 0.9999997615814209 -0.00065443897619843483
vn 0 0.9999997615814209 -0.00065443897619843483
vn 0 0.9999997615814209 -0.00065443897619843483
vn 0 0.9999997615814209 -0.00065443897619843483
vn 0 0.9999997615814209 -0.00065443897619843483
vn 0 0.9999997615814209 -0.00065443897619843483
vn 0 0.9999997615814209 -0.00065443897619843483
vn 0 0.9999997615814209 -0.00065443897619843483
vn 0 0.9999997615814209 -0.00065443897619843483
vn 0 0.9999997615814209 -0.00065443897619843483
vn 0 0.9999997615814209 -0.00065443897619843483
vn 0 0.9999997615814209 -0.00065443897619843483
vn 0 0.9999997615814209 -0.00065443897619843483
vn 0 0.9999997615814209 -0.00065443897619843483
vn 0 0.9999997615814209 -0.00065443897619843483
vn 0 0.9999997615814209 -0.00065443897619843483
vn 0 0.9999997615814209 -0.00065443897619843483
vn 0 0.9999997615814209 -0.00065443897619843483
vn 0 0.9999997615814209 -0.00065443897619843483
vn 0 0.9999997615814209 -0.00065443897619843483
vn 0 0.9999997615814209 -0.00065443897619843483
vn 0 0.9999997615814209 -0.00065443897619843483
vn 0 0.9999997615814209 -0.00065443897619843483
vn 0 0.9999997615814209 -0.00065443897619843483
vn 0 0.9999997615814209 -0.00065443897619843483
vn 0 0.9999997615814209 -0.00065443897619843483
vn 0 0.9999997615814209 -0.00065443897619843483
vn 0 0.9999997615814209 -0.00065443897619843483
vn 0 0.9999997615814209 -0.00065443897619843483
vn 0 0.9999997615814209 -0.00065443897619843483
vn 0 0.9999997615814209 -0.00065443897619843483
vn 0 0.9999997615814209 -0.00065443897619843483
vn 0 0.9999997615814209 -0.00065443897619843483
vn 0 0.9999997615814209 -0.00065443897619843483
vn 0 0.9999997615814209 -0.00065443897619843483
vn 0 0.9999997615814209 -0.00065443897619843483
vn 0 0.9999997615814209 -0.00065443897619843483
vn 0 0.9999997615814209 -0.00065443897619843483
vn 0 0.9999997615814209 -0.00065443897619843483
vn 0 0.9999997615814209 -0.00065443897619843483
vn 0 0.9999997615814209 -0.00065443897619843483
vn 0 0.9999997615814209 -0.00065443897619843483
vn 0 0.9999997615814209 -0.00065443897619843483
vn 0 0.9999997615814209 -0.00065443897619843483
vn 0 0.9999997615814209 -0.00065443897619843483
vn 0 0.9999997615814209 -0.00065443897619843483
vn 0 0.9999997615814209 -0.00065443897619843483
vn 0 0.9999997615814209 -0.00065443897619843483
vn 0 0.9999997615814209 -0.00065443897619843483
vn 0 0.9999997615814209 -0.00065443897619843483
vn 0 0.9999997615814209 -0.00065443897619843483
vn 0 0.9999997615814209 -0.00065443897619843483
vn 0 0.9999997615814209 -0.00065443897619843483
vn 0 0.9999997615814209 -0.00065443897619843483
vn 0 0.9999997615814209 -0.00065443897619843483
vn 0 0.9999997615814209 -0.00065443897619843483
vn 0 0.9999997615814209 -0.00065443897619843483
vn 0 0.9999997615814209 -0.00065443897619843483
vn 0 0.9999997615814209 -0.00065443897619843483
vn 0 0.9999997615814209 -0.00065443897619843483
vn 0 0.9999997615814209 -0.00065443897619843483
vn 0 0.9999997615814209 -0.00065443897619843483
vn 0 0.9999997615814209 -0.00065443897619843483
vn 0 0.9999997615814209 -0.00065443897619843483
vn 0 0.9999997615814209 -0.00065443897619843483
vn 0 0.9999997615814209 -0.00065443897619843483
vn 0 0.9999997615814209 -0.00065443897619843483
vn 0 0.9999997615814209 -0.00065443897619843483
vn 0 0.9999997615814209 -0.00065443897619843483
vn 0 0.9999997615814209 -0.00065443897619843483
vn 0 0.9999997615814209 -0.00065443897619843483
vn 0 0.9999997615814209 -0.00065443897619843483
vn 0 0.9999997615814209 -0.00065443897619843483
vn 0 0.9999997615814209 -0.00065443897619843483
vn 0 0.9999997615814209 -0.00065443897619843483
vn 0 0.9999997615814209 -0.00065443897619843483
vn 0 0.9999997615814209 -0.00065443897619843483
vn 0 0.9999997615814209 -0.00065443897619843483
vn 0 0.9999997615814209 -0.00065443897619843483
vn 0 0.9999997615814209 -0.00065443897619843483
vn 0 0.9999997615814209 -0.00065443897619843483
vn 0 0.9999997615814209 -0.00065443897619843483
vn 0 0.9999997615814209 -0.00065443897619843483
vn 0 0.9999997615814209 -0.00065443897619843483
vn 0 0.9999997615814209 -0.00065443897619843483
vn 0 0.9999997615814209 -0.00065443897619843483
vn 0 0.9999997615814209 -0.00065443897619843483
vn 0 0.9999997615814209 -0.00065443897619843483
vn 0 0.9999997615814209 -0.00065443897619843483
vn 0 0.9999997615814209 -0.00065443897619843483
vn 0 0.9999997615814209 -0.00065443897619843483
vn 0 0.9999997615814209 -0.00065443897619843483
vn 0 0.9999997615814209 -0.00065443897619843483
vn 0 0.9999997615814209 -0.00065443897619843483
vn 0 0.9999997615814209 -0.00065443897619843483
vn 0 0.9999997615814209 -0.00065443897619843483
vn 0 0.9999997615814209 -0.00065443897619843483
vn 0 0.9999997615814209 -0.00065443897619843483
vn 0 0.9999997615814209 -0.00065443897619843483
vn 0 0.9999997615814209 -0.00065443897619843483
vn 0 0.9999997615814209 -0.00065443897619843483
vn 0 0.9999997615814209 -0.00065443897619843483
vn 0 0.9999997615814209 -0.00065443897619843483
vn 0 0.9999997615814209 -0.00065443897619843483
vn 0 0.9999997615814209 -0.00065443897619843483
vn 0 0.9999997615814209 -0.00065443897619843483
vn 0 0.9999997615814209 -0.00065443897619843483
vn 0 0.9999997615814209 -0.00065443897619843483
vn 0 0.9999997615814209 -0.00065443897619843483
vn 0 0.9999997615814209 -0.00065443897619843483
vn 0 0.9999997615814209 -0.00065443897619843483
vn 0 0.9999997615814209 -0.00065443897619843483
vn 0 0.9999997615814209 -0.00065443897619843483
vn 0 0.9999997615814209 -0.00065443897619843483
vn 0 0.9999997615814209 -0.00065443897619843483
vn 0 0.9999997615814209 -0.00065443897619843483
vn 0 0.9999997615814209 -0.00065443897619843483
vn 0 0.9999997615814209 -0.00065443897619843483
vn 0 0.9999997615814209 -0.00065443897619843483
vn 0 0.9999997615814209 -0.00065443897619843483
vn 0 0.9999997615814209 -0.00065443897619843483
vn 0 0.9999997615814209 -0.00065443897619843483
vn 0 0.9999997615814209 -0.00065443897619843483
vn 0 0.9999997615814209 -0.00065443897619843483
vn 0 0.9999997615814209 -0.00065443897619843483
vn 0 0.9999997615814209 -0.00065443897619843483
vn 0 0.9999997615814209 -0.00065443897619843483
vn 0 0.9999997615814209 -0.00065443897619843483
vn 0 0.9999997615814209 -0.00065443897619843483
vn 0 0.9999997615814209 -0.00065443897619843483
vn 0 0.9999997615814209 -0.00065443897619843483
vn 0 0.9999997615814209 -0.00065443897619843483
vn 0 0.9999997615814209 -0.00065443897619843483
vn 0 0.9999997615814209 -0.00065443897619843483
vn 0 0.9999997615814209 -0.00065443897619843483
vn 0 0.9999997615814209 -0.00065443897619843483
vn 0 0.9999997615814209 -0.00065443897619843483
vn 0 0.9999997615814209 -0.00065443897619843483
vn 0 0.9999997615814209 -0.00065443897619843483
vn 0 0.9999997615814209 -0.00065443897619843483
vn 0 0.9999997615814209 -0.00065443897619843483
vn 0 0.9999997615814209 -0.00065443897619843483
vn 0 0.9999997615814209 -0.00065443897619843483
vn 0 0.9999997615814209 -0.00065443897619843483
vn 0 0.9999997615814209 -0.00065443897619843483
vn 0 0.9999997615814209 -0.00065443897619843483
vn 0 0.9999997615814209 -0.00065443897619843483
vn 0 0.9999997615814209 -0.00065443897619843483
vn 0 0.9999997615814209 -0.00065443897619843483
vn 0 0.9999997615814209 -0.00065443897619843483
vn 0 0.9999997615814209 -0.00065443897619843483
vn 0 0.9999997615814209 -0.00065443897619843483
vn 0 0.9999997615814209 -0.00065443897619843483
vn 0 0.9999997615814209 -0.00065443897619843483
vn 0 0.9999997615814209 -0.00065443897619843483
vn 0 0.9999997615814209 -0.00065443897619843483
vn 0 0.9999997615814209 -0.00065443897619843483
vn 0 0.9999997615814209 -0.00065443897619843483
vn 0 0.9999997615814209 -0.00065443897619843483
vn 0 0.9999997615814209 -0.00065443897619843483
vn 0 0.9999997615814209 -0.00065443897619843483
vn 0 0.9999997615814209 -0.00065443897619843483
vn 0 0.9999997615814209 -0.00065443897619843483
vn 0 0.9999997615814209 -0.00065443897619843483
vn 0 0.9999997615814209 -0.00065443897619843483
vn 0 0.9999997615814209 -0.00065443897619843483
vn 0 0.9999997615814209 -0.00065443897619843483
vn 0 0.9999997615814209 -0.00065443897619843483
vn 0 0.9999997615814209 -0.00065443897619843483
vn 0 0.9999997615814209 -0.00065443897619843483
vn 0 0.9999997615814209 -0.00065443897619843483
vn 0 0.9999997615814209 -0.00065443897619843483
vn 0 0.9999997615814209 -0.00065443897619843483
vn 0 0.9999997615814209 -0.00065443897619843483
vn 0 0.9999997615814209 -0.00065443897619843483
vn 0 0.9999997615814209 -0.00065443897619843483
vn 0 0.9999997615814209 -0.00065443897619843483
vn 0 0.9999997615814209 -0.00065443897619843483
vn 0 0.9999997615814209 -0.00065443897619843483
vn 0 0.9999997615814209 -0.00065443897619843483
vn 0 0.9999997615814209 -0.00065443897619843483
vn 0 0.9999997615814209 -0.00065443897619843483
vn 0 0.9999997615814209 -0.00065443897619843483
vn 0 0.9999997615814209 -0.00065443897619843483
vn 0 0.9999997615814209 -0.00065443897619843483
vn 0 0.9999997615814209 -0.00065443897619843483
vn 0 0.9999997615814209 -0.00065443897619843483
vn 0 0.9999997615814209 -0.00065443897619843483
vn 0 0.9999997615814209 -0.00065443897619843483
vn 0 0.9999997615814209 -0.00065443897619843483
vn 0 0.9999997615814209 -0.00065443897619843483
vn 0 0.9999997615814209 -0.00065443897619843483
vn 0 0.9999997615814209 -0.00065443897619843483
vn 0 0.9999997615814209 -0.00065443897619843483
vn 0 0.9999997615814209 -0.00065443897619843483
vn 0 0.9999997615814209 -0.00065443897619843483
vn 0 0.9999997615814209 -0.00065443897619843483
vn 0 0.9999997615814209 -0.00065443897619843483
vn 0 0.9999997615814209 -0.00065443897619843483
vn 0 0.9999997615814209 -0.00065443897619843483
vn 0 0.9999997615814209 -0.00065443897619843483
vn 0 0.9999997615814209 -0.00065443897619843483
vn 0 0.9999997615814209 -0.00065443897619843483
vn 0 0.9999997615814209 -0.00065443897619843483
vn 0 0.9999997615814209 -0.00065443897619843483
vn 0 0.9999997615814209 -0.00065443897619843483
vn 0 0.9999997615814209 -0.00065443897619843483
vn 0 0.9999997615814209 -0.00065443897619843483
vn 0 0.9999997615814209 -0.00065443897619843483
vn 0 0.9999997615814209 -0.00065443897619843483
vn 0 0.9999997615814209 -0.00065443897619843483
vn 0 0.9999997615814209 -0.00065443897619843483
vn 0 0.9999997615814209 -0.00065443897619843483
vn 0 0.9999997615814209 -0.00065443897619843483
vn 0 0.9999997615814209 -0.00065443897619843483
vn 0 0.9999997615814209 -0.00065443897619843483
vn 0 0.9999997615814209 -0.00065443897619843483
vn 0 0.9999997615814209 -0.00065443897619843483
vn 0 0.9999997615814209 -0.00065443897619843483
vn 0 0.9999997615814209 -0.00065443897619843483
vn 0 0.9999997615814209 -0.00065443897619843483
vn 0 0.9999997615814209 -0.00065443897619843483
vn 0 0.9999997615814209 -0.00065443897619843483
vn 0 0.9999997615814209 -0.00065443897619843483
vn 0 0.9999997615814209 -0.00065443897619843483
vn 0 0.9999997615814209 -0.00065443897619843483
vn 0 0.9999997615814209 -0.00065443897619843483
vn 0 0.9999997615814209 -0.00065443897619843483
vn 0 0.9999997615814209 -0.00065443897619843483
vn 0 0.9999997615814209 -0.00065443897619843483
vn 0 0.9999997615814209 -0.00065443897619843483
vn 0 0.9999997615814209 -0.00065443897619843483
vn 0 0.9999997615814209 -0.00065443897619843483
vn 0 0.9999997615814209 -0.00065443897619843483
vn 0 0.9999997615814209 -0.00065443897619843483
vn 0 0.9999997615814209 -0.00065443897619843483
vn 0 0.9999997615814209 -0.00065443897619843483
vn 0 0.9999997615814209 -0.00065443897619843483
vn 0 0.9999997615814209 -0.00065443897619843483
vn 0 0.9999997615814209 -0.00065443897619843483
vn 0 0.9999997615814209 -0.00065443897619843483
vn 0 0.9999997615814209 -0.00065443897619843483
vn 0 0.9999997615814209 -0.00065443897619843483
vn 0 0.9999997615814209 -0.00065443897619843483
vn 0 0.9999997615814209 -0.00065443897619843483
vn 0 0.9999997615814209 -0.00065443897619843483
vn 0 0.9999997615814209 -0.00065443897619843483
vn 0 0.9999997615814209 -0.00065443897619843483
vn 0 0.9999997615814209 -0.00065443897619843483
vn 0 0.9999997615814209 -0.00065443897619843483
vn 0 0.9999997615814209 -0.00065443897619843483
vn 0 0.9999997615814209 -0.00065443897619843483
f 16/16/16 18/18/18 20/20/20 17/17/17
f 17/17/17 20/20/20 19/19/19 14/14/14
f 14/14/14 19/19/19 6/6/6
f 14/14/14 6/6/6 7/7/7
f 7/7/7 8/8/8 13/13/13
f 6/6/6 19/19/19 5/5/5
f 18/18/18 4/4/4 15/15/15
f 18/18/18 5/5/5 20/20/20
f 19/19/19 20/20/20 5/5/5
f 15/15/15 5/5/5 18/18/18
f 3/3/3 4/4/4 18/18/18
f 12/12/12 8/8/8 9/9/9
f 9/9/9 11/11/11 12/12/12
f 14/14/14 7/7/7 13/13/13
f 13/13/13 8/8/8 12/12/12
f 1/1/1 14/14/14 13/13/13
f 17/17/17 14/14/14 1/1/1
f 3/3/3 16/16/16 2/2/2
f 17/17/17 2/2/2 16/16/16
f 18/18/18 16/16/16 3/3/3
f 17/17/17 1/1/1 2/2/2
f 11/11/11 9/9/9 10/10/10
f 36/36/36 37/37/37 40/40/40 38/38/38
f 37/37/37 34/34/34 39/39/39 40/40/40
f 34/34/34 26/26/26 39/39/39
f 34/34/34 27/27/27 26/26/26
f 27/27/27 32/32/32 28/28/28
f 26/26/26 25/25/25 39/39/39
f 38/38/38 35/35/35 24/24/24
f 38/38/38 40/40/40 25/25/25
f 39/39/39 25/25/25 40/40/40
f 35/35/35 38/38/38 25/25/25
f 23/23/23 38/38/38 24/24/24
f 32/32/32 29/29/29 28/28/28
f 29/29/29 32/32/32 31/31/31
f 34/34/34 33/33/33 27/27/27
f 33/33/33 32/32/32 27/27/27
f 21/21/21 33/33/33 34/34/34
f 37/37/37 21/21/21 34/34/34
f 23/23/23 22/22/22 36/36/36
f 37/37/37 36/36/36 22/22/22
f 38/38/38 23/23/23 36/36/36
f 37/37/37 22/22/22 21/21/21
f 31/31/31 30/30/30 29/29/29
f 41/42/42 55/65/65 57/67/67 56/66/66
f 96/113/113 42/43/43 99/116/116 100/117/117
f 43/44/44 58/68/68 60/70/70 59/69/69
f 59/69/69 60/70/70 55/65/65 41/42/42
f 97/114/114 59/69/69 41/42/42 42/43/43
f 59/69/69 97/114/114 44/45/45 43/44/44
f 98/115/115 97/114/114 42/43/43 96/113/113
f 93/110/110 44/45/45 97/114/114 98/115/115
f 45/46/46 61/71/71 63/73/73 62/72/72
f 62/72/72 63/73/73 58/68/68 43/44/44
f 94/111/111 62/72/72 43/44/44 44/45/45
f 62/72/72 94/111/111 46/47/47 45/46/46
f 95/112/112 94/111/111 44/45/45 93/110/110
f 90/107/107 46/47/47 94/111/111 95/112/112
f 47/48/48 64/74/74 66/76/76 65/75/75
f 65/75/75 66/76/76 61/71/71 45/46/46
f 91/108/108 65/75/75 45/46/46 46/47/47
f 65/75/75 91/108/108 48/49/49 47/48/48
f 92/109/109 91/108/108 46/47/47 90/107/107
f 87/104/104 48/49/49 91/108/108 92/109/109
f 49/50/50 67/77/77 69/79/79 68/78/78
f 68/78/78 69/79/79 64/74/74 47/48/48
f 88/105/105 68/78/78 47/48/48 48/49/49
f 68/78/78 88/105/105 50/51/51 49/50/50
f 89/106/106 88/105/105 48/49/49 87/104/104
f 84/101/101 50/51/51 88/105/105 89/106/106
f 51/52/52 70/80/80 72/82/82 71/81/81
f 71/81/81 72/82/82 67/77/77 49/50/50
f 85/102/102 71/81/81 49/50/50 50/51/51
f 71/81/81 85/102/102 52/53/53 51/52/52
f 86/103/103 85/102/102 50/51/51 84/101/101
f 81/98/98 52/53/53 85/102/102 86/103/103
f 53/54/54 73/83/83 75/85/85 74/84/84
f 74/84/84 75/85/85 70/80/80 51/52/52
f 82/99/99 74/84/84 51/52/52 52/53/53
f 74/84/84 82/99/99 54/55/55 53/54/54
f 83/100/100 82/99/99 52/53/53 81/98/98
f 78/95/95 54/55/55 82/99/99 83/100/100
f 76/86/86 77/87/87 73/83/83 53/54/54
f 80/97/97 79/96/96 54/55/55 78/95/95
f 108/126/126 57/67/67 6/41/41
f 7/58/58 6/41/41 57/67/67
f 57/67/67 55/65/65 7/58/58
f 60/70/70 7/58/58 55/65/65
f 107/125/125 56/66/66 57/67/67 108/126/126
f 56/66/66 107/125/125 106/124/124 99/116/116
f 41/42/42 56/66/66 99/116/116 42/43/43
f 8/59/59 60/70/70 58/68/68
f 7/58/58 60/70/70 8/59/59
f 8/59/59 58/68/68 63/73/73 9/60/60
f 9/60/60 61/71/71 66/76/76 10/61/61
f 61/71/71 9/60/60 63/73/73
f 105/123/123 100/117/117 99/116/116 106/124/124
f 27/94/94 100/117/117 26/122/122
f 105/123/123 26/122/122 100/117/117
f 98/115/115 96/113/113 27/94/94
f 100/117/117 27/94/94 96/113/113
f 28/93/93 93/110/110 98/115/115
f 29/92/92 90/107/107 95/112/112
f 28/93/93 95/112/112 93/110/110
f 29/92/92 95/112/112 28/93/93
f 30/91/91 92/109/109 90/107/107 29/92/92
f 92/109/109 30/91/91 87/104/104
f 27/94/94 28/93/93 98/115/115
f 10/61/61 66/76/76 64/74/74
f 69/79/79 10/61/61 64/74/74
f 67/77/77 11/62/62 69/79/79
f 69/79/79 11/62/62 10/61/61
f 11/62/62 67/77/77 72/82/82 12/63/63
f 12/63/63 70/80/80 75/85/85
f 70/80/80 12/63/63 72/82/82
f 75/85/85 13/64/64 12/63/63
f 77/87/87 13/64/64 73/83/83
f 101/118/118 1/56/56 77/87/87
f 13/64/64 77/87/87 1/56/56
f 76/86/86 53/54/54 54/55/55 79/96/96
f 101/118/118 77/87/87 76/86/86 102/119/119
f 13/64/64 75/85/85 73/83/83
f 79/96/96 103/120/120 102/119/119 76/86/86
f 31/90/90 89/106/106 87/104/104 30/91/91
f 31/90/90 86/103/103 84/101/101
f 31/90/90 84/101/101 89/106/106
f 32/89/89 86/103/103 31/90/90
f 32/89/89 83/100/100 81/98/98
f 32/89/89 81/98/98 86/103/103
f 33/88/88 83/100/100 32/89/89
f 103/120/120 79/96/96 80/97/97 104/121/121
f 80/97/97 78/95/95 33/88/88
f 78/95/95 83/100/100 33/88/88
f 33/88/88 21/57/57 80/97/97
f 104/121/121 80/97/97 21/57/57
f 101/134/134 109/135/135 2/129/129 1/127/127
f 102/133/133 110/136/136 109/135/135 101/134/134
f 104/131/131 112/138/138 111/137/137 103/132/132
f 21/128/128 22/130/130 112/138/138 104/131/131
f 103/132/132 111/137/137 110/136/136 102/133/133
f 109/146/146 113/147/147 3/140/140 2/141/141
f 114/148/148 110/145/145 111/144/144
f 115/149/149 111/144/144 112/143/143
f 110/145/145 114/148/148 113/147/147 109/146/146
f 114/148/148 111/144/144 115/149/149
f 22/139/139 23/142/142 115/149/149 112/143/143
f 4/152/152 3/150/150 113/156/156
f 117/158/158 114/155/155 115/154/154
f 115/154/154 23/151/151 24/153/153 118/159/159
f 114/155/155 116/157/157 113/156/156
f 113/156/156 116/157/157 4/152/152
f 115/154/154 118/159/159 117/158/158
f 114/155/155 117/158/158 116/157/157
f 127/170/170 122/165/165 128/171/171
f 120/163/163 130/173/173 129/172/172
f 128/171/171 121/164/164 129/172/172
f 124/167/167 126/169/169 125/168/168
f 123/166/166 127/170/170 126/169/169
f 25/176/176 125/168/168 35/160/160
f 131/174/174 130/173/173 119/162/162
f 131/174/174 119/162/162 5/161/161
f 119/162/162 130/173/173 120/163/163
f 129/172/172 121/164/164 120/163/163
f 121/164/164 128/171/171 122/165/165
f 123/166/166 126/169/169 124/167/167
f 124/167/167 125/168/168 25/176/176
f 122/165/165 127/170/170 123/166/166
f 15/175/175 131/174/174 5/161/161
f 119/190/190 108/181/181 6/179/179 5/177/177
f 108/181/181 119/190/190 120/189/189
f 122/187/187 106/183/183 107/182/182 121/188/188
f 105/184/184 123/186/186 124/185/185
f 123/186/186 106/183/183 122/187/187
f 121/188/188 107/182/182 120/189/189
f 108/181/181 120/189/189 107/182/182
f 105/184/184 124/185/185 25/178/178 26/180/180
f 105/184/184 106/183/183 123/186/186
f 147/206/206 148/207/207 151/210/210 149/208/208
f 148/207/207 145/204/204 150/209/209 151/210/210
f 145/204/204 137/196/196 150/209/209
f 145/204/204 138/197/197 137/196/196
f 138/197/197 144/203/203 139/198/198
f 137/196/196 136/195/195 150/209/209
f 149/208/208 146/205/205 135/194/194
f 149/208/208 151/210/210 136/195/195
f 150/209/209 136/195/195 151/210/210
f 146/205/205 149/208/208 136/195/195
f 134/193/193 149/208/208 135/194/194
f 143/202/202 140/199/199 139/198/198
f 140/199/199 143/202/202 142/201/201
f 145/204/204 144/203/203 138/197/197
f 144/203/203 143/202/202 139/198/198
f 132/191/191 144/203/203 145/204/204
f 148/207/207 132/191/191 145/204/204
f 134/193/193 133/192/192 147/206/206
f 148/207/207 147/206/206 133/192/192
f 149/208/208 134/193/193 147/206/206
f 148/207/207 133/192/192 132/191/191
f 142/201/201 141/200/200 140/199/199
f 167/226/226 169/228/228 171/230/230 168/227/227
f 168/227/227 171/230/230 170/229/229 165/224/224
f 165/224/224 170/229/229 157/216/216
f 165/224/224 157/216/216 158/217/217
f 158/217/217 159/218/218 163/222/222
f 157/216/216 170/229/229 156/215/215
f 169/228/228 155/214/214 166/225/225
f 169/228/228 156/215/215 171/230/230
f 170/229/229 171/230/230 156/215/215
f 166/225/225 156/215/215 169/228/228
f 154/213/213 155/214/214 169/228/228
f 163/222/222 159/218/218 160/219/219
f 160/219/219 162/221/221 163/222/222
f 165/224/224 158/217/217 164/223/223
f 164/223/223 158/217/217 163/222/222
f 152/211/211 165/224/224 164/223/223
f 168/227/227 165/224/224 152/211/211
f 154/213/213 167/226/226 153/212/212
f 168/227/227 153/212/212 167/226/226
f 169/228/228 167/226/226 154/213/213
f 168/227/227 152/211/211 153/212/212
f 162/221/221 160/219/219 161/220/220
f 172/232/232 187/256/256 188/257/257 186/255/255
f 225/301/301 229/305/305 228/304/304 173/233/233
f 174/234/234 190/259/259 191/260/260 189/258/258
f 190/259/259 172/232/232 186/255/255 191/260/260
f 226/302/302 173/233/233 172/232/232 190/259/259
f 190/259/259 174/234/234 175/235/235 226/302/302
f 227/303/303 225/301/301 173/233/233 226/302/302
f 222/298/298 227/303/303 226/302/302 175/235/235
f 176/236/236 193/262/262 194/263/263 192/261/261
f 193/262/262 174/234/234 189/258/258 194/263/263
f 223/299/299 175/235/235 174/234/234 193/262/262
f 193/262/262 176/236/236 177/237/237 223/299/299
f 224/300/300 222/298/298 175/235/235 223/299/299
f 221/297/297 224/300/300 223/299/299 177/237/237
f 178/238/238 196/265/265 197/266/266 195/264/264
f 196/265/265 176/236/236 192/261/261 197/266/266
f 196/265/265 178/238/238 179/239/239
f 177/237/237 176/236/236 196/265/265
f 179/239/239 177/237/237 196/265/265
f 180/240/240 199/268/268 200/269/269 198/267/267
f 199/268/268 178/238/238 195/264/264 200/269/269
f 219/295/295 179/239/239 178/238/238 199/268/268
f 199/268/268 180/240/240 181/241/241 219/295/295
f 220/296/296 218/294/294 179/239/239 219/295/295
f 215/291/291 220/296/296 219/295/295 181/241/241
f 182/242/242 202/271/271 203/272/272 201/270/270
f 202/271/271 180/240/240 198/267/267 203/272/272
f 216/292/292 181/241/241 180/240/240 202/271/271
f 202/271/271 182/242/242 183/243/243 216/292/292
f 217/293/293 215/291/291 181/241/241 216/292/292
f 212/288/288 217/293/293 216/292/292 183/243/243
f 184/244/244 205/274/274 206/275/275 204/273/273
f 205/274/274 182/242/242 201/270/270 206/275/275
f 213/289/289 183/243/243 182/242/242 205/274/274
f 205/274/274 184/244/244 185/245/245 213/289/289
f 214/290/290 212/288/288 183/243/243 213/289/289
f 209/285/285 214/290/290 213/289/289 185/245/245
f 207/276/276 184/244/244 204/273/273 208/277/277
f 211/287/287 209/285/285 185/245/245 210/286/286
f 237/314/314 137/231/231 188/257/257
f 138/248/248 188/257/257 137/231/231
f 188/257/257 138/248/248 186/255/255
f 191/260/260 186/255/255 138/248/248
f 236/313/313 237/314/314 188/257/257 187/256/256
f 172/232/232 173/233/233 228/304/304 187/256/256
f 191/260/260 138/248/248 139/249/249
f 191/260/260 139/249/249 189/258/258
f 139/249/249 194/263/263 189/258/258
f 140/250/250 194/263/263 139/249/249
f 140/250/250 141/251/251 197/266/266 192/261/261
f 140/250/250 192/261/261 194/263/263
f 141/251/251 195/264/264 197/266/266
f 195/264/264 141/251/251 200/269/269
f 235/312/312 236/313/313 187/256/256 228/304/304
f 234/311/311 235/312/312 228/304/304 229/305/305
f 229/305/305 157/310/310 234/311/311
f 157/310/310 229/305/305 158/284/284
f 229/305/305 225/301/301 158/284/284
f 159/283/283 158/284/284 225/301/301 227/303/303
f 159/283/283 227/303/303 222/298/298
f 160/282/282 159/283/283 222/298/298 224/300/300
f 161/281/281 160/282/282 221/297/297 218/294/294
f 224/300/300 221/297/297 160/282/282
f 221/297/297 177/237/237 179/239/239 218/294/294
f 142/252/252 198/267/267 200/269/269
f 141/251/251 142/252/252 200/269/269
f 142/252/252 143/253/253 203/272/272 198/267/267
f 143/253/253 144/254/254 206/275/275 201/270/270
f 201/270/270 203/272/272 143/253/253
f 206/275/275 144/254/254 204/273/273
f 208/277/277 204/273/273 144/254/254
f 208/277/277 132/246/246 230/306/306
f 208/277/277 144/254/254 132/246/246
f 207/276/276 208/277/277 230/306/306 231/307/307
f 207/276/276 210/286/286 185/245/245 184/244/244
f 210/286/286 207/276/276 231/307/307 232/308/308
f 162/280/280 220/296/296 215/291/291
f 161/281/281 218/294/294 220/296/296
f 162/280/280 161/281/281 220/296/296
f 163/279/279 162/280/280 215/291/291 217/293/293
f 212/288/288 163/279/279 217/293/293
f 232/308/308 233/309/309 211/287/287 210/286/286
f 164/278/278 163/279/279 212/288/288 214/290/290
f 209/285/285 164/278/278 214/290/290
f 152/247/247 164/278/278 209/285/285 211/287/287
f 233/309/309 152/247/247 211/287/287
f 133/317/317 230/322/322 132/315/315
f 232/320/320 231/321/321 238/323/323 239/324/324
f 239/324/324 233/319/319 232/320/320
f 231/321/321 230/322/322 238/323/323
f 152/316/316 233/319/319 153/318/318
f 153/318/318 233/319/319 239/324/324
f 133/317/317 238/323/323 230/322/322
f 238/330/330 133/327/327 134/326/326 240/331/331
f 153/325/325 239/329/329 241/332/332 154/328/328
f 239/329/329 238/330/330 240/331/331 241/332/332
f 242/339/339 240/338/338 134/333/333
f 244/341/341 154/334/334 241/337/337
f 241/337/337 240/338/338 243/340/340
f 134/333/333 135/335/335 242/339/339
f 154/334/334 244/341/341 155/336/336
f 241/337/337 243/340/340 244/341/341
f 240/338/338 242/339/339 243/340/340
f 245/344/344 256/356/356 257/357/357
f 255/355/355 247/346/346 254/354/354
f 256/356/356 246/345/345 255/355/355
f 249/348/348 252/352/352 253/353/353
f 253/353/353 254/354/354 248/347/347
f 251/351/351 252/352/352 250/349/349
f 136/343/343 257/357/357 146/342/342
f 245/344/344 246/345/345 256/356/356
f 247/346/346 248/347/347 254/354/354
f 246/345/345 247/346/346 255/355/355
f 252/352/352 249/348/348 250/349/349
f 249/348/348 253/353/353 248/347/347
f 250/349/349 156/358/358 251/351/351
f 251/351/351 156/358/358 166/350/350
f 136/343/343 245/344/344 257/357/357
f 245/372/372 136/359/359 137/361/361 237/363/363
f 237/363/363 246/371/371 245/372/372
f 248/369/369 247/370/370 236/364/364 235/365/365
f 234/366/366 250/367/367 249/368/368
f 249/368/368 248/369/369 235/365/365
f 247/370/370 246/371/371 236/364/364
f 237/363/363 236/364/364 246/371/371
f 234/366/366 157/362/362 156/360/360 250/367/367
f 234/366/366 249/368/368 235/365/365
f 509/624/624 258/373/373 262/377/377
f 509/624/624 263/378/378 264/379/379
f 510/625/625 264/379/379 265/380/380
f 509/624/624 262/377/377 263/378/378
f 511/626/626 266/381/381 267/382/382
f 268/383/383 269/384/384 512/627/627 513/628/628
f 269/384/384 270/385/385 514/629/629 512/627/627
f 513/628/628 267/382/382 268/383/383
f 265/380/380 266/381/381 511/626/626 510/625/625
f 515/630/630 271/386/386 272/387/387
f 273/388/388 274/389/389 516/631/631 517/632/632
f 516/631/631 274/389/389 275/390/390
f 272/387/387 273/388/388 517/632/632 515/630/630
f 276/391/391 277/392/392 518/633/633 519/634/634
f 277/392/392 278/393/393 520/635/635 518/633/633
f 521/636/636 279/394/394 280/395/395
f 280/395/395 281/396/396 522/637/637 521/636/636
f 520/635/635 278/393/393 279/394/394
f 519/634/634 275/390/390 276/391/391
f 514/629/629 270/385/385 271/386/386
f 509/624/624 510/625/625 506/621/621 507/622/622
f 510/625/625 509/624/624 264/379/379
f 511/626/626 513/628/628 502/617/617 503/618/618
f 513/628/628 511/626/626 267/382/382
f 513/628/628 512/627/627 501/616/616 502/617/617
f 510/625/625 511/626/626 504/619/619 505/620/620
f 514/629/629 515/630/630 498/613/613 499/614/614
f 515/630/630 514/629/629 271/386/386
f 517/632/632 516/631/631 496/611/611 497/612/612
f 519/634/634 516/631/631 275/390/390
f 516/631/631 519/634/634 494/609/609 495/610/610
f 515/630/630 517/632/632 497/612/612 498/613/613
f 512/627/627 514/629/629 500/615/615 501/616/616
f 283/398/398 523/638/638 282/397/397
f 284/399/399 524/639/639 283/398/398
f 284/399/399 285/400/400 525/640/640 524/639/639
f 520/635/635 521/636/636 490/605/605 491/606/606
f 521/636/636 520/635/635 279/394/394
f 521/636/636 522/637/637 489/604/604 490/605/605
f 523/638/638 524/639/639 486/601/601 487/602/602
f 283/398/398 524/639/639 523/638/638
f 524/639/639 525/640/640 485/600/600 486/601/601
f 523/638/638 522/637/637 281/396/396 282/397/397
f 522/637/637 523/638/638 488/603/603 489/604/604
f 285/400/400 286/401/401 526/641/641 525/640/640
f 518/633/633 520/635/635 492/607/607 493/608/608
f 519/634/634 518/633/633 493/608/608 494/609/609
f 259/374/374 258/373/373 509/624/624
f 526/641/641 286/401/401 287/402/402
f 288/403/403 289/404/404 527/642/642 528/643/643
f 289/404/404 290/405/405 529/644/644 527/642/642
f 528/643/643 287/402/402 288/403/403
f 530/645/645 291/406/406 292/407/407
f 292/407/407 293/408/408 531/646/646 530/645/645
f 293/408/408 294/409/409 532/647/647 531/646/646
f 529/644/644 290/405/405 291/406/406
f 296/411/411 533/648/648 295/410/410
f 297/412/412 298/413/413 534/649/649 535/650/650
f 299/414/414 534/649/649 298/413/413
f 296/411/411 297/412/412 535/650/650 533/648/648
f 300/415/415 301/416/416 536/651/651 537/652/652
f 301/416/416 302/417/417 538/653/653 536/651/651
f 304/419/419 539/654/654 303/418/418
f 304/419/419 305/420/420 540/655/655 539/654/654
f 303/418/418 538/653/653 302/417/417
f 300/415/415 537/652/652 299/414/414
f 295/410/410 532/647/647 294/409/409
f 307/422/422 541/656/656 306/421/421
f 308/423/423 309/424/424 542/657/657 543/658/658
f 309/424/424 310/425/425 544/659/659 542/657/657
f 308/423/423 543/658/658 307/422/422
f 526/641/641 528/643/643 482/597/597 483/598/598
f 526/641/641 287/402/402 528/643/643
f 528/643/643 527/642/642 481/596/596 482/597/597
f 291/406/406 530/645/645 529/644/644
f 311/426/426 312/427/427 545/660/660
f 529/644/644 530/645/645 478/593/593 479/594/594
f 311/426/426 544/659/659 310/425/425
f 527/642/642 529/644/644 480/595/595 481/596/596
f 305/420/420 306/421/421 541/656/656 540/655/655
f 312/427/427 313/428/428 546/661/661 545/660/660
f 315/430/430 547/662/662 314/429/429
f 316/431/431 548/663/663 315/430/430
f 313/428/428 314/429/429 547/662/662 546/661/661
f 317/432/432 318/433/433 549/664/664 550/665/665
f 319/434/434 549/664/664 318/433/433
f 320/435/435 321/436/436 551/666/666 552/667/667
f 321/436/436 322/437/437 553/668/668 551/666/666
f 320/435/435 552/667/667 319/434/434
f 316/431/431 317/432/432 550/665/665 548/663/663
f 323/438/438 553/668/668 322/437/437
f 525/640/640 526/641/641 484/599/599 485/600/600
f 508/623/623 259/374/374 509/624/624
f 505/620/620 506/621/621 510/625/625
f 508/623/623 509/624/624 507/622/622
f 503/618/618 504/619/619 511/626/626
f 532/647/647 533/648/648 474/589/589 475/590/590
f 533/648/648 535/650/650 473/588/588 474/589/589
f 533/648/648 532/647/647 295/410/410
f 531/646/646 532/647/647 476/591/591 477/592/592
f 495/610/610 496/611/611 516/631/631
f 535/650/650 534/649/649 472/587/587 473/588/588
f 514/629/629 499/614/614 500/615/615
f 530/645/645 531/646/646 477/592/592 478/593/593
f 492/607/607 520/635/635 491/606/606
f 487/602/602 488/603/603 523/638/638
f 483/598/598 484/599/599 526/641/641
f 479/594/594 480/595/595 529/644/644
f 532/647/647 475/590/590 476/591/591
f 472/587/587 534/649/649 471/586/586
f 537/652/652 536/651/651 469/584/584 470/585/585
f 536/651/651 538/653/653 468/583/583 469/584/584
f 303/418/418 539/654/654 538/653/653
f 538/653/653 539/654/654 466/581/581 467/582/582
f 470/585/585 471/586/586 534/649/649 537/652/652
f 540/655/655 541/656/656 463/578/578 464/579/579
f 307/422/422 543/658/658 541/656/656
f 541/656/656 543/658/658 462/577/577 463/578/578
f 539/654/654 540/655/655 465/580/580 466/581/581
f 543/658/658 542/657/657 461/576/576 462/577/577
f 544/659/659 545/660/660 458/573/573 459/574/574
f 545/660/660 546/661/661 457/572/572 458/573/573
f 545/660/660 544/659/659 311/426/426
f 542/657/657 544/659/659 459/574/574 460/575/575
f 547/662/662 548/663/663 454/569/569 455/570/570
f 548/663/663 550/665/665 453/568/568 454/569/569
f 549/664/664 552/667/667 450/565/565 451/566/566
f 552/667/667 551/666/666 449/564/564 450/565/565
f 552/667/667 549/664/664 319/434/434
f 550/665/665 549/664/664 451/566/566 452/567/567
f 548/663/663 547/662/662 315/430/430
f 546/661/661 547/662/662 455/570/570 456/571/571
f 551/666/666 553/668/668 447/562/562 448/563/563
f 538/653/653 467/582/582 468/583/583
f 540/655/655 464/579/579 465/580/580
f 460/575/575 461/576/576 542/657/657
f 546/661/661 456/571/571 457/572/572
f 551/666/666 448/563/563 449/564/564
f 452/567/567 453/568/568 550/665/665
f 446/561/561 447/562/562 553/668/668 554/669/669
f 537/652/652 534/649/649 299/414/414
f 554/669/669 553/668/668 323/438/438
f 324/439/439 325/440/440 555/670/670 554/669/669
f 556/671/671 326/441/441 327/442/442
f 557/672/672 327/442/442 328/443/443
f 325/440/440 326/441/441 556/671/671 555/670/670
f 329/444/444 330/445/445 558/673/673 559/674/674
f 560/675/675 331/446/446 332/447/447
f 332/447/447 333/448/448 561/676/676 560/675/675
f 558/673/673 330/445/445 331/446/446
f 328/443/443 329/444/444 559/674/674 557/672/672
f 562/677/677 334/449/449 335/450/450
f 336/451/451 337/452/452 563/678/678 564/679/679
f 337/452/452 338/453/453 565/680/680 563/678/678
f 564/679/679 335/450/450 336/451/451
f 566/681/681 339/454/454 340/455/455
f 340/455/455 341/456/456 567/682/682 566/681/681
f 568/683/683 342/457/457 343/458/458
f 569/684/684 343/458/458 344/459/459
f 341/456/456 342/457/457 568/683/683 567/682/682
f 565/680/680 338/453/453 339/454/454
f 333/448/448 334/449/449 562/677/677 561/676/676
f 554/669/669 555/670/670 445/560/560 446/561/561
f 556/671/671 557/672/672 442/557/557 443/558/558
f 557/672/672 556/671/671 327/442/442
f 557/672/672 559/674/674 441/556/556 442/557/557
f 555/670/670 556/671/671 443/558/558 444/559/559
f 558/673/673 560/675/675 438/553/553 439/554/554
f 560/675/675 558/673/673 331/446/446
f 561/676/676 562/677/677 435/550/550 436/551/551
f 564/679/679 562/677/677 335/450/450
f 562/677/677 564/679/679 434/549/549 435/550/550
f 560/675/675 561/676/676 437/552/552 438/553/553
f 559/674/674 558/673/673 439/554/554 440/555/555
f 563/678/678 565/680/680 431/546/546 432/547/547
f 565/680/680 339/454/454 566/681/681
f 345/460/460 346/461/461 570/685/685 571/686/686
f 347/462/462 570/685/685 346/461/461
f 566/681/681 567/682/682 429/544/544 430/545/545
f 567/682/682 568/683/683 427/542/542 428/543/543
f 569/684/684 571/686/686 424/539/539 425/540/540
f 571/686/686 569/684/684 344/459/459 345/460/460
f 571/686/686 570/685/685 423/538/538 424/539/539
f 568/683/683 343/458/458 569/684/684
f 568/683/683 569/684/684 426/541/541 427/542/542
f 570/685/685 347/462/462 572/687/687
f 565/680/680 566/681/681 430/545/545 431/546/546
f 564/679/679 563/678/678 433/548/548 434/549/549
f 323/438/438 324/439/439 554/669/669
f 348/463/463 349/464/464 573/688/688 572/687/687
f 574/689/689 350/465/465 351/466/466
f 575/690/690 351/466/466 352/467/467
f 349/464/464 350/465/465 574/689/689 573/688/688
f 353/468/468 354/469/469 576/691/691 577/692/692
f 355/470/470 576/691/691 354/469/469
f 356/471/471 578/693/693 355/470/470
f 352/467/467 353/468/468 577/692/692 575/690/690
f 357/472/472 358/473/473 579/694/694 580/695/695
f 360/475/475 581/696/696 359/474/474
f 360/475/475 361/476/476 582/697/697 581/696/696
f 359/474/474 579/694/694 358/473/473
f 363/478/478 583/698/698 362/477/477
f 364/479/479 584/699/699 363/478/478
f 365/480/480 366/481/481 585/700/700 586/701/701
f 367/482/482 585/700/700 366/481/481
f 364/479/479 365/480/480 586/701/701 584/699/699
f 361/476/476 362/477/477 583/698/698 582/697/697
f 356/471/471 357/472/472 580/695/695 578/693/693
f 368/483/483 369/484/484 587/702/702 588/703/703
f 371/486/486 589/704/704 370/485/485
f 372/487/487 590/705/705 371/486/486
f 369/484/484 370/485/485 589/704/704 587/702/702
f 572/687/687 573/688/688 420/535/535 421/536/536
f 573/688/688 574/689/689 419/534/534 420/535/535
f 575/690/690 574/689/689 351/466/466
f 373/488/488 374/489/489 591/706/706 592/707/707
f 575/690/690 577/692/692 416/531/531 417/532/532
f 372/487/487 373/488/488 592/707/707 590/705/705
f 574/689/689 575/690/690 418/533/533 419/534/534
f 367/482/482 368/483/483 588/703/703
f 375/490/490 591/706/706 374/489/489
f 376/491/491 377/492/492 593/708/708 594/709/709
f 377/492/492 378/493/493 595/710/710 593/708/708
f 376/491/491 594/709/709 375/490/490
f 380/495/495 596/711/711 379/494/494
f 380/495/495 381/496/496 597/712/712 596/711/711
f 383/498/498 598/713/713 382/497/497
f 384/499/499 599/714/714 383/498/498
f 381/496/496 382/497/497 598/713/713 597/712/712
f 379/494/494 595/710/710 378/493/493
f 260/375/375 599/714/714 384/499/499
f 347/462/462 348/463/463 572/687/687
f 570/685/685 572/687/687 422/537/537 423/538/538
f 445/560/560 555/670/670 444/559/559
f 440/555/555 441/556/556 559/674/674
f 355/470/470 578/693/693 576/691/691
f 578/693/693 580/695/695 412/527/527 413/528/528
f 359/474/474 581/696/696 579/694/694
f 580/695/695 579/694/694 411/526/526 412/527/527
f 576/691/691 578/693/693 414/529/529 415/530/530
f 432/547/547 433/548/548 563/678/678
f 579/694/694 581/696/696 410/525/525 411/526/526
f 561/676/676 436/551/551 437/552/552
f 577/692/692 576/691/691 415/530/530 416/531/531
f 429/544/544 567/682/682 428/543/543
f 421/536/536 422/537/537 572/687/687
f 426/541/541 569/684/684 425/540/540
f 418/533/533 575/690/690 417/532/532
f 578/693/693 413/528/528 414/529/529
f 581/696/696 409/524/524 410/525/525
f 581/696/696 582/697/697 408/523/523 409/524/524
f 582/697/697 583/698/698 407/522/522 408/523/523
f 405/520/520 406/521/521 584/699/699
f 584/699/699 586/701/701 404/519/519 405/520/520
f 584/699/699 583/698/698 363/478/478
f 583/698/698 584/699/699 406/521/521 407/522/522
f 585/700/700 588/703/703 402/517/517 403/518/518
f 588/703/703 587/702/702 400/515/515 401/516/516
f 586/701/701 585/700/700 403/518/518 404/519/519
f 588/703/703 585/700/700 367/482/482
f 587/702/702 589/704/704 399/514/514 400/515/515
f 371/486/486 590/705/705 589/704/704
f 590/705/705 592/707/707 396/511/511 397/512/512
f 375/490/490 594/709/709 591/706/706
f 592/707/707 591/706/706 395/510/510 396/511/511
f 589/704/704 590/705/705 398/513/513 399/514/514
f 594/709/709 593/708/708 392/507/507 393/508/508
f 379/494/494 596/711/711 595/710/710
f 593/708/708 595/710/710 391/506/506 392/507/507
f 596/711/711 597/712/712 388/503/503 389/504/504
f 383/498/498 599/714/714 598/713/713
f 597/712/712 598/713/713 387/502/502 388/503/503
f 595/710/710 596/711/711 390/505/505 391/506/506
f 591/706/706 594/709/709 394/509/509 395/510/510
f 598/713/713 599/714/714 386/501/501 387/502/502
f 588/703/703 401/516/516 402/517/517
f 397/512/512 398/513/513 590/705/705
f 594/709/709 393/508/508 394/509/509
f 599/714/714 385/500/500 386/501/501
f 599/714/714 261/376/376 385/500/500
f 389/504/504 390/505/505 596/711/711
f 261/376/376 599/714/714 260/375/375
f 604/719/719 600/715/715 601/716/716 727/842/842
f 606/721/721 605/720/720 726/841/841 725/840/840
f 605/720/720 604/719/719 727/842/842 726/841/841
f 608/723/723 607/722/722 724/839/839 723/838/838
f 610/725/725 609/724/724 722/837/837 721/836/836
f 609/724/724 608/723/723 723/838/838 722/837/837
f 607/722/722 606/721/721 725/840/840 724/839/839
f 612/727/727 611/726/726 720/835/835 719/834/834
f 614/729/729 613/728/728 718/833/833 717/832/832
f 613/728/728 612/727/727 719/834/834 718/833/833
f 616/731/731 615/730/730 716/831/831 715/830/830
f 618/733/733 617/732/732 714/829/829 713/828/828
f 617/732/732 616/731/731 715/830/830 714/829/829
f 615/730/730 614/729/729 717/832/832 716/831/831
f 611/726/726 610/725/725 721/836/836 720/835/835
f 620/735/735 619/734/734 712/827/827 711/826/826
f 621/736/736 710/825/825 709/824/824 622/737/737
f 621/736/736 620/735/735 711/826/826 710/825/825
f 624/739/739 623/738/738 708/823/823 707/822/822
f 626/741/741 625/740/740 706/821/821 705/820/820
f 625/740/740 624/739/739 707/822/822 706/821/821
f 622/737/737 709/824/824 708/823/823 623/738/738
f 627/742/742 704/819/819 703/818/818 628/743/743
f 629/744/744 702/817/817 701/816/816 630/745/745
f 628/743/743 703/818/818 702/817/817 629/744/744
f 632/747/747 631/746/746 700/815/815 699/814/814
f 634/749/749 633/748/748 698/813/813 697/812/812
f 633/748/748 632/747/747 699/814/814 698/813/813
f 631/746/746 630/745/745 701/816/816 700/815/815
f 626/741/741 705/820/820 704/819/819 627/742/742
f 619/734/734 618/733/733 713/828/828 712/827/827
f 696/811/811 635/750/750 634/749/749 697/812/812
f 635/750/750 696/811/811 695/810/810 636/751/751
f 637/752/752 694/809/809 693/808/808 638/753/753
f 636/751/751 695/810/810 694/809/809 637/752/752
f 640/755/755 639/754/754 692/807/807 691/806/806
f 641/756/756 690/805/805 689/804/804 642/757/757
f 641/756/756 640/755/755 691/806/806 690/805/805
f 639/754/754 638/753/753 693/808/808 692/807/807
f 643/758/758 688/803/803 687/802/802 644/759/759
f 646/761/761 645/760/760 686/801/801 685/800/800
f 644/759/759 687/802/802 686/801/801 645/760/760
f 647/762/762 684/799/799 683/798/798 648/763/763
f 649/764/764 682/797/797 681/796/796 650/765/765
f 648/763/763 683/798/798 682/797/797 649/764/764
f 646/761/761 685/800/800 684/799/799 647/762/762
f 642/757/757 689/804/804 688/803/803 643/758/758
f 651/766/766 680/795/795 679/794/794 652/767/767
f 653/768/768 678/793/793 677/792/792 654/769/769
f 653/768/768 652/767/767 679/794/794 678/793/793
f 655/770/770 676/791/791 675/790/790 656/771/771
f 657/772/772 674/789/789 673/788/788 658/773/773
f 656/771/771 675/790/790 674/789/789 657/772/772
f 654/769/769 677/792/792 676/791/791 655/770/770
f 659/774/774 672/787/787 671/786/786 660/775/775
f 661/776/776 670/785/785 669/784/784 662/777/777
f 660/775/775 671/786/786 670/785/785 661/776/776
f 663/778/778 668/783/783 667/782/782 664/779/779
f 665/780/780 666/781/781 603/718/718 602/717/717
f 664/779/779 667/782/782 666/781/781 665/780/780
f 662/777/777 669/784/784 668/783/783 663/778/778
f 658/773/773 673/788/788 672/787/787 659/774/774
f 650/765/765 681/796/796 680/795/795 651/766/766
f 258/846/846 259/845/845 883/1002/1002 728/847/847
f 729/848/848 882/1001/1001 881/1000/1000 730/849/849
f 730/849/849 881/1000/1000 880/999/999 731/850/850
f 728/847/847 883/1002/1002 882/1001/1001 729/848/848
f 732/851/851 879/998/998 878/997/997 733/852/852
f 734/853/853 877/996/996 876/995/995 735/854/854
f 735/854/854 876/995/995 875/994/994 736/855/855
f 733/852/852 878/997/997 877/996/996 734/853/853
f 731/850/850 880/999/999 879/998/998 732/851/851
f 737/856/856 874/993/993 873/992/992 738/857/857
f 739/858/858 872/991/991 871/990/990 740/859/859
f 740/859/859 871/990/990 870/989/989 741/860/860
f 738/857/857 873/992/992 872/991/991 739/858/858
f 742/861/861 869/988/988 868/987/987 743/862/862
f 744/863/863 867/986/986 866/985/985 745/864/864
f 745/864/864 866/985/985 865/984/984 746/865/865
f 743/862/862 868/987/987 867/986/986 744/863/863
f 741/860/860 870/989/989 869/988/988 742/861/861
f 736/855/855 875/994/994 874/993/993 737/856/856
f 747/866/866 864/983/983 863/982/982 748/867/867
f 749/868/868 862/981/981 861/980/980 750/869/869
f 750/869/869 861/980/980 860/979/979 751/870/870
f 748/867/867 863/982/982 862/981/981 749/868/868
f 752/871/871 859/978/978 858/977/977 753/872/872
f 754/873/873 857/976/976 856/975/975 755/874/874
f 755/874/874 856/975/975 855/974/974 756/875/875
f 753/872/872 858/977/977 857/976/976 754/873/873
f 751/870/870 860/979/979 859/978/978 752/871/871
f 757/876/876 854/973/973 853/972/972 758/877/877
f 759/878/878 852/971/971 851/970/970 760/879/879
f 760/879/879 851/970/970 850/969/969 761/880/880
f 758/877/877 853/972/972 852/971/971 759/878/878
f 762/881/881 849/968/968 848/967/967 763/882/882
f 764/883/883 847/966/966 846/965/965 765/884/884
f 765/884/884 846/965/965 845/964/964 766/885/885
f 763/882/882 848/967/967 847/966/966 764/883/883
f 761/880/880 850/969/969 849/968/968 762/881/881
f 756/875/875 855/974/974 854/973/973 757/876/876
f 746/865/865 865/984/984 864/983/983 747/866/866
f 766/885/885 845/964/964 844/963/963 767/886/886
f 767/886/886 844/963/963 843/962/962 768/887/887
f 769/888/888 842/961/961 841/960/960 770/889/889
f 770/889/889 841/960/960 840/959/959 771/890/890
f 768/887/887 843/962/962 842/961/961 769/888/888
f 772/891/891 839/958/958 838/957/957 773/892/892
f 774/893/893 837/956/956 836/955/955 775/894/894
f 775/894/894 836/955/955 835/954/954 776/895/895
f 773/892/892 838/957/957 837/956/956 774/893/893
f 771/890/890 840/959/959 839/958/958 772/891/891
f 777/896/896 834/953/953 833/952/952 778/897/897
f 779/898/898 832/951/951 831/950/950 780/899/899
f 780/899/899 831/950/950 830/949/949 781/900/900
f 778/897/897 833/952/952 832/951/951 779/898/898
f 782/901/901 829/948/948 828/947/947 783/902/902
f 784/903/903 827/946/946 826/945/945 785/904/904
f 785/904/904 826/945/945 825/944/944 786/905/905
f 783/902/902 828/947/947 827/946/946 784/903/903
f 781/900/900 830/949/949 829/948/948 782/901/901
f 776/895/895 835/954/954 834/953/953 777/896/896
f 787/906/906 824/943/943 823/942/942 788/907/907
f 789/908/908 822/941/941 821/940/940 790/909/909
f 790/909/909 821/940/940 820/939/939 791/910/910
f 788/907/907 823/942/942 822/941/941 789/908/908
f 792/911/911 819/938/938 818/937/937 793/912/912
f 794/913/913 817/936/936 816/935/935 795/914/914
f 795/914/914 816/935/935 815/934/934 796/915/915
f 793/912/912 818/937/937 817/936/936 794/913/913
f 791/910/910 820/939/939 819/938/938 792/911/911
f 797/916/916 814/933/933 813/932/932 798/917/917
f 799/918/918 812/931/931 811/930/930 800/919/919
f 800/919/919 811/930/930 810/929/929 801/920/920
f 798/917/917 813/932/932 812/931/931 799/918/918
f 802/921/921 809/928/928 808/927/927 803/922/922
f 804/923/923 807/926/926 806/925/925 805/924/924
f 805/924/924 806/925/925 601/844/844 600/843/843
f 803/922/922 808/927/927 807/926/926 804/923/923
f 801/920/920 810/929/929 809/928/928 802/921/921
f 796/915/915 815/934/934 814/933/933 797/916/916
f 786/905/905 825/944/944 824/943/943 787/906/906
f 884/1005/1005 896/1019/1019 897/1020/1020 894/1017/1017
f 893/1016/1016 884/1005/1005 894/1017/1017 895/1018/1018
f 1061/1198/1198 1060/1197/1197 893/1016/1016 1059/1196/1196
f 885/1006/1006 1057/1182/1182 1058/1183/1183 1055/1180/1180
f 1062/1199/1199 1056/1181/1181 1063/1200/1200 1064/1201/1201
f 1054/1179/1179 885/1006/1006 1055/1180/1180 1056/1181/1181
f 1065/1204/1204 1067/1206/1206 1066/1205/1205 886/1007/1007
f 1072/1223/1223 1071/1222/1222 1069/1208/1208 1070/1221/1221
f 1069/1208/1208 1065/1204/1204 886/1007/1007 1068/1207/1207
f 1073/1224/1224 891/1014/1014 1074/1225/1225 1075/1226/1226
f 888/1011/1011 890/1013/1013 889/1012/1012 887/1008/1008
f 892/1015/1015 888/1011/1011 887/1008/1008 891/1014/1014
f 898/1021/1021 602/1003/1003 897/1020/1020
f 243/1187/1187 899/1022/1022 244/1188/1188
f 155/1184/1184 899/1022/1022 898/1021/1021
f 244/1188/1188 899/1022/1022 155/1184/1184
f 900/1023/1023 1058/1183/1183 1057/1182/1182 901/1024/1024
f 900/1023/1023 899/1022/1022 242/1186/1186
f 901/1024/1024 1057/1182/1182 902/1025/1025
f 155/1184/1184 898/1021/1021 896/1019/1019
f 903/1026/1026 902/1025/1025 1076/1227/1227
f 904/1027/1027 1076/1227/1227 1077/1228/1228 905/1028/1028
f 904/1027/1027 903/1026/1026 1076/1227/1227
f 907/1030/1030 906/1029/1029 1078/1229/1229
f 908/1031/1031 1080/1231/1231 1079/1230/1230 909/1032/1032
f 909/1032/1032 1079/1230/1230 1081/1232/1232 910/1033/1033
f 908/1031/1031 907/1030/1030 1080/1231/1231
f 905/1028/1028 1077/1228/1228 1078/1229/1229 906/1029/1029
f 911/1034/1034 910/1033/1033 1081/1232/1232
f 896/1019/1019 898/1021/1021 897/1020/1020
f 155/1184/1184 884/1005/1005 1060/1197/1197
f 899/1022/1022 243/1187/1187 242/1186/1186
f 242/1186/1186 135/1178/1178 900/1023/1023
f 1055/1180/1180 135/1178/1178 1063/1200/1200
f 135/1178/1178 1055/1180/1180 1058/1183/1183
f 884/1005/1005 155/1184/1184 896/1019/1019
f 135/1178/1178 1058/1183/1183 900/1023/1023
f 602/1003/1003 894/1017/1017 897/1020/1020
f 885/1006/1006 1049/1172/1172 1048/1171/1171 1076/1227/1227
f 902/1025/1025 1057/1182/1182 885/1006/1006
f 902/1025/1025 885/1006/1006 1076/1227/1227
f 1077/1228/1228 1046/1169/1169 1045/1168/1168 1078/1229/1229
f 1080/1231/1231 1043/1166/1166 1042/1165/1165 1079/1230/1230
f 907/1030/1030 1078/1229/1229 1080/1231/1231
f 1079/1230/1230 1042/1165/1165 1041/1164/1164 1081/1232/1232
f 1078/1229/1229 1044/1167/1167 1043/1166/1166 1080/1231/1231
f 1076/1227/1227 1047/1170/1170 1046/1169/1169 1077/1228/1228
f 1063/1200/1200 135/1178/1178 146/1177/1177
f 1082/1233/1233 912/1035/1035 911/1034/1034 1081/1232/1232
f 603/1004/1004 894/1017/1017 602/1003/1003
f 912/1035/1035 1082/1233/1233 1083/1234/1234 913/1036/1036
f 1084/1235/1235 915/1038/1038 914/1037/1037
f 913/1036/1036 1083/1234/1234 1084/1235/1235 914/1037/1037
f 916/1039/1039 1086/1237/1237 1085/1236/1236 917/1040/1040
f 1087/1238/1238 919/1042/1042 918/1041/1041
f 917/1040/1040 1085/1236/1236 1087/1238/1238 918/1041/1041
f 1086/1237/1237 916/1039/1039 915/1038/1038
f 920/1043/1043 1089/1240/1240 1088/1239/1239 921/1044/1044
f 1090/1241/1241 923/1046/1046 922/1045/1045
f 921/1044/1044 1088/1239/1239 1090/1241/1241 922/1045/1045
f 924/1047/1047 923/1046/1046 1091/1242/1242
f 925/1048/1048 1093/1244/1244 1092/1243/1243 926/1049/1049
f 927/1050/1050 926/1049/1049 1092/1243/1243
f 924/1047/1047 1091/1242/1242 1093/1244/1244 925/1048/1048
f 1091/1242/1242 923/1046/1046 1090/1241/1241
f 1089/1240/1240 920/1043/1043 919/1042/1042
f 1082/1233/1233 1039/1162/1162 1038/1161/1161 1083/1234/1234
f 1084/1235/1235 1036/1159/1159 1035/1158/1158 1086/1237/1237
f 1086/1237/1237 915/1038/1038 1084/1235/1235
f 1083/1234/1234 1038/1161/1161 1037/1160/1160 1084/1235/1235
f 1085/1236/1236 1034/1157/1157 1033/1156/1156 1087/1238/1238
f 1089/1240/1240 1031/1154/1154 1030/1153/1153 1088/1239/1239
f 1087/1238/1238 1089/1240/1240 919/1042/1042
f 1087/1238/1238 1032/1155/1155 1031/1154/1154 1089/1240/1240
f 1086/1237/1237 1035/1158/1158 1034/1157/1157 1085/1236/1236
f 928/1051/1051 1095/1246/1246 1094/1245/1245 929/1052/1052
f 931/1054/1054 930/1053/1053 1096/1247/1247
f 929/1052/1052 1094/1245/1245 1096/1247/1247 930/1053/1053
f 932/1055/1055 1098/1249/1249 1097/1248/1248 933/1056/1056
f 1098/1249/1249 932/1055/1055 931/1054/1054
f 934/1057/1057 933/1056/1056 1097/1248/1248
f 935/1058/1058 934/1057/1057 1099/1250/1250
f 935/1058/1058 1099/1250/1250 1100/1251/1251 936/1059/1059
f 1095/1246/1246 928/1051/1051 927/1050/1050
f 1088/1239/1239 1030/1153/1153 1029/1152/1152 1090/1241/1241
f 1081/1232/1232 1040/1163/1163 1039/1162/1162 1082/1233/1233
f 893/1016/1016 895/1018/1018 1059/1196/1196
f 166/1185/1185 155/1184/1184 1060/1197/1197
f 893/1016/1016 1060/1197/1197 884/1005/1005
f 1060/1197/1197 1061/1198/1198 166/1185/1185
f 1052/1175/1175 1061/1198/1198 1059/1196/1196
f 251/1189/1189 166/1185/1185 1052/1175/1175
f 1052/1175/1175 166/1185/1185 1061/1198/1198
f 251/1189/1189 1052/1175/1175 252/1190/1190
f 1053/1176/1176 1059/1196/1196 895/1018/1018
f 1063/1200/1200 146/1177/1177 1064/1201/1201
f 1063/1200/1200 1056/1181/1181 1055/1180/1180
f 255/1193/1193 254/1192/1192 1052/1175/1175
f 256/1194/1194 1051/1174/1174 257/1195/1195
f 256/1194/1194 255/1193/1193 1052/1175/1175
f 1052/1175/1175 254/1192/1192 253/1191/1191
f 1062/1199/1199 1054/1179/1179 1056/1181/1181
f 253/1191/1191 252/1190/1190 1052/1175/1175
f 146/1177/1177 257/1195/1195 1051/1174/1174
f 1053/1176/1176 895/1018/1018 603/1004/1004
f 1053/1176/1176 1052/1175/1175 1059/1196/1196
f 1064/1201/1201 146/1177/1177 1051/1174/1174
f 1062/1199/1199 1064/1201/1201 1051/1174/1174
f 1051/1174/1174 256/1194/1194 1052/1175/1175
f 1054/1179/1179 1062/1199/1199 1050/1173/1173
f 1050/1173/1173 1062/1199/1199 1051/1174/1174
f 1054/1179/1179 1050/1173/1173 1049/1172/1172
f 1049/1172/1172 885/1006/1006 1054/1179/1179
f 1048/1171/1171 1047/1170/1170 1076/1227/1227
f 1078/1229/1229 1045/1168/1168 1044/1167/1167
f 1041/1164/1164 1040/1163/1163 1081/1232/1232
f 894/1017/1017 603/1004/1004 895/1018/1018
f 1037/1160/1160 1036/1159/1159 1084/1235/1235
f 1033/1156/1156 1032/1155/1155 1087/1238/1238
f 1091/1242/1242 1027/1150/1150 1026/1149/1149 1093/1244/1244
f 1092/1243/1243 1024/1147/1147 1023/1146/1146 1095/1246/1246
f 1095/1246/1246 927/1050/1050 1092/1243/1243
f 1093/1244/1244 1026/1149/1149 1025/1148/1148 1092/1243/1243
f 1094/1245/1245 1022/1145/1145 1021/1144/1144 1096/1247/1247
f 931/1054/1054 1096/1247/1247 1098/1249/1249
f 1098/1249/1249 1019/1142/1142 1018/1141/1141 1097/1248/1248
f 934/1057/1057 1097/1248/1248 1099/1250/1250
f 1097/1248/1248 1018/1141/1141 1017/1140/1140 1099/1250/1250
f 1096/1247/1247 1020/1143/1143 1019/1142/1142 1098/1249/1249
f 1095/1246/1246 1023/1146/1146 1022/1145/1145 1094/1245/1245
f 1099/1250/1250 1016/1139/1139 1015/1138/1138 1100/1251/1251
f 1091/1242/1242 1028/1151/1151 1027/1150/1150
f 1092/1243/1243 1025/1148/1148 1024/1147/1147
f 1029/1152/1152 1028/1151/1151 1090/1241/1241
f 1096/1247/1247 1021/1144/1144 1020/1143/1143
f 1099/1250/1250 1017/1140/1140 1016/1139/1139
f 1014/1137/1137 1101/1252/1252 1100/1251/1251 1015/1138/1138
f 1028/1151/1151 1091/1242/1242 1090/1241/1241
f 936/1059/1059 1100/1251/1251 1101/1252/1252 937/1060/1060
f 1101/1252/1252 938/1061/1061 937/1060/1060
f 939/1062/1062 1103/1254/1254 1102/1253/1253 940/1063/1063
f 1103/1254/1254 939/1062/1062 938/1061/1061
f 1104/1255/1255 942/1065/1065 941/1064/1064
f 943/1066/1066 1106/1257/1257 1105/1256/1256 944/1067/1067
f 1106/1257/1257 943/1066/1066 942/1065/1065
f 940/1063/1063 1102/1253/1253 1104/1255/1255 941/1064/1064
f 1107/1258/1258 946/1069/1069 945/1068/1068
f 947/1070/1070 1109/1260/1260 1108/1259/1259 948/1071/1071
f 1109/1260/1260 947/1070/1070 946/1069/1069
f 1110/1261/1261 950/1073/1073 949/1072/1072
f 951/1074/1074 1112/1263/1263 1111/1262/1262 952/1075/1075
f 952/1075/1075 1111/1262/1262 1113/1264/1264 953/1076/1076
f 1112/1263/1263 951/1074/1074 950/1073/1073
f 948/1071/1071 1108/1259/1259 1110/1261/1261 949/1072/1072
f 944/1067/1067 1105/1256/1256 1107/1258/1258 945/1068/1068
f 1101/1252/1252 1014/1137/1137 1013/1136/1136 1103/1254/1254
f 1103/1254/1254 938/1061/1061 1101/1252/1252
f 1102/1253/1253 1011/1134/1134 1010/1133/1133 1104/1255/1255
f 1103/1254/1254 1012/1135/1135 1011/1134/1134 1102/1253/1253
f 1106/1257/1257 1008/1131/1131 1007/1130/1130 1105/1256/1256
f 1107/1258/1258 1006/1129/1129 1005/1128/1128 1109/1260/1260
f 1109/1260/1260 946/1069/1069 1107/1258/1258
f 1105/1256/1256 1007/1130/1130 1006/1129/1129 1107/1258/1258
f 1104/1255/1255 1106/1257/1257 942/1065/1065
f 1104/1255/1255 1010/1133/1133 1009/1132/1132 1106/1257/1257
f 1108/1259/1259 1003/1126/1126 1002/1125/1125 1110/1261/1261
f 1110/1261/1261 1112/1263/1263 950/1073/1073
f 955/1078/1078 954/1077/1077 1114/1265/1265
f 1112/1263/1263 1000/1123/1123 999/1122/1122 1111/1262/1262
f 1113/1264/1264 998/1121/1121 997/1120/1120 1114/1265/1265
f 1114/1265/1265 954/1077/1077 953/1076/1076 1113/1264/1264
f 1115/1266/1266 956/1079/1079 955/1078/1078 1114/1265/1265
f 1114/1265/1265 996/1119/1119 995/1118/1118 1115/1266/1266
f 1111/1262/1262 999/1122/1122 998/1121/1121 1113/1264/1264
f 1110/1261/1261 1002/1125/1125 1001/1124/1124 1112/1263/1263
f 1109/1260/1260 1004/1127/1127 1003/1126/1126 1108/1259/1259
f 1116/1267/1267 957/1080/1080 956/1079/1079 1115/1266/1266
f 1117/1268/1268 959/1082/1082 958/1081/1081
f 1116/1267/1267 958/1081/1081 957/1080/1080
f 960/1083/1083 1119/1270/1270 1118/1269/1269 961/1084/1084
f 1120/1271/1271 963/1086/1086 962/1085/1085
f 1118/1269/1269 962/1085/1085 961/1084/1084
f 959/1082/1082 1117/1268/1268 1119/1270/1270 960/1083/1083
f 963/1086/1086 1120/1271/1271 1121/1272/1272 964/1087/1087
f 966/1089/1089 965/1088/1088 1122/1273/1273
f 964/1087/1087 1121/1272/1272 1122/1273/1273 965/1088/1088
f 968/1091/1091 1124/1275/1275 1123/1274/1274 969/1092/1092
f 971/1094/1094 970/1093/1093 1125/1276/1276
f 1066/1205/1205 972/1095/1095 971/1094/1094
f 970/1093/1093 969/1092/1092 1123/1274/1274
f 967/1090/1090 966/1089/1089 1126/1277/1277
f 1066/1205/1205 971/1094/1094 1125/1276/1276
f 1067/1206/1206 973/1096/1096 972/1095/1095 1066/1205/1205
f 1067/1206/1206 4/1202/1202 973/1096/1096
f 116/1213/1213 973/1096/1096 4/1202/1202
f 967/1090/1090 1126/1277/1277 1124/1275/1275 968/1091/1091
f 4/1202/1202 1067/1206/1206 1065/1204/1204
f 1116/1267/1267 994/1117/1117 993/1116/1116 1117/1268/1268
f 1117/1268/1268 958/1081/1081 1116/1267/1267
f 1119/1270/1270 991/1114/1114 990/1113/1113 1118/1269/1269
f 1120/1271/1271 962/1085/1085 1118/1269/1269
f 1118/1269/1269 990/1113/1113 989/1112/1112 1120/1271/1271
f 1117/1268/1268 992/1115/1115 991/1114/1114 1119/1270/1270
f 974/1097/1097 116/1213/1213 117/1212/1212
f 973/1096/1096 116/1213/1213 974/1097/1097
f 975/1098/1098 974/1097/1097 24/1210/1210
f 260/1009/1009 975/1098/1098 890/1013/1013
f 118/1211/1211 974/1097/1097 117/1212/1212
f 24/1210/1210 889/1012/1012 975/1098/1098
f 890/1013/1013 975/1098/1098 889/1012/1012
f 889/1012/1012 24/1210/1210 887/1008/1008
f 24/1210/1210 1074/1225/1225 887/1008/1008
f 118/1211/1211 24/1210/1210 974/1097/1097
f 890/1013/1013 888/1011/1011 260/1009/1009
f 1115/1266/1266 995/1118/1118 994/1117/1117 1116/1267/1267
f 1013/1136/1136 1012/1135/1135 1103/1254/1254
f 1009/1132/1132 1008/1131/1131 1106/1257/1257
f 1000/1123/1123 1112/1263/1263 1001/1124/1124
f 966/1089/1089 1122/1273/1273 1126/1277/1277
f 1121/1272/1272 987/1110/1110 986/1109/1109 1122/1273/1273
f 1004/1127/1127 1109/1260/1260 1005/1128/1128
f 1122/1273/1273 986/1109/1109 985/1108/1108 1126/1277/1277
f 1120/1271/1271 988/1111/1111 987/1110/1110 1121/1272/1272
f 997/1120/1120 996/1119/1119 1114/1265/1265
f 1126/1277/1277 985/1108/1108 984/1107/1107
f 989/1112/1112 988/1111/1111 1120/1271/1271
f 993/1116/1116 992/1115/1115 1117/1268/1268
f 1126/1277/1277 984/1107/1107 983/1106/1106 1124/1275/1275
f 1124/1275/1275 983/1106/1106 982/1105/1105 1123/1274/1274
f 1068/1207/1207 886/1007/1007 1125/1276/1276
f 1066/1205/1205 1125/1276/1276 886/1007/1007
f 1125/1276/1276 970/1093/1093 1123/1274/1274
f 1123/1274/1274 981/1104/1104 980/1103/1103 1125/1276/1276
f 1065/1204/1204 1069/1208/1208 1071/1222/1222
f 4/1202/1202 1065/1204/1204 1071/1222/1222
f 1069/1208/1208 1068/1207/1207 1070/1221/1221
f 980/1103/1103 1068/1207/1207 1125/1276/1276
f 891/1014/1014 887/1008/1008 1074/1225/1225
f 131/1214/1214 15/1203/1203 978/1101/1101
f 1071/1222/1222 15/1203/1203 4/1202/1202
f 892/1015/1015 891/1014/1014 1073/1224/1224
f 978/1101/1101 130/1215/1215 131/1214/1214
f 130/1215/1215 977/1100/1100 129/1216/1216
f 892/1015/1015 261/1010/1010 888/1011/1011
f 24/1210/1210 35/1209/1209 1074/1225/1225
f 1072/1223/1223 15/1203/1203 1071/1222/1222
f 1070/1221/1221 1068/1207/1207 979/1102/1102
f 1072/1223/1223 1070/1221/1221 978/1101/1101
f 128/1217/1217 129/1216/1216 977/1100/1100
f 978/1101/1101 15/1203/1203 1072/1223/1223
f 981/1104/1104 1123/1274/1274 982/1105/1105
f 979/1102/1102 1068/1207/1207 980/1103/1103
f 1070/1221/1221 979/1102/1102 978/1101/1101
f 130/1215/1215 978/1101/1101 977/1100/1100
f 126/1219/1219 127/1218/1218 977/1100/1100
f 125/1220/1220 126/1219/1219 977/1100/1100
f 35/1209/1209 125/1220/1220 977/1100/1100
f 976/1099/1099 1073/1224/1224 1075/1226/1226 977/1100/1100
f 35/1209/1209 977/1100/1100 1075/1226/1226
f 1073/1224/1224 976/1099/1099 892/1015/1015
f 261/1010/1010 892/1015/1015 976/1099/1099
f 1075/1226/1226 1074/1225/1225 35/1209/1209
f 128/1217/1217 977/1100/1100 127/1218/1218
f 261/1010/1010 260/1009/1009 888/1011/1011
f 1142/1419/1419 1140/1417/1417 1139/1416/1416 1141/1418/1418
f 1145/1422/1422 1143/1420/1420 1137/1414/1414 1144/1421/1421
f 1140/1417/1417 1145/1422/1422 1144/1421/1421 1139/1416/1416
f 1144/1421/1421 1137/1414/1414 1136/1413/1413
f 1138/1415/1415 1139/1416/1416 1144/1421/1421
f 1136/1413/1413 1138/1415/1415 1144/1421/1421
f 1159/1436/1436 1157/1434/1434 1148/1425/1425 1158/1435/1435
f 1143/1420/1420 1159/1436/1436 1158/1435/1435 1137/1414/1414
f 1162/1439/1439 1160/1437/1437 1146/1423/1423 1161/1438/1438
f 1157/1434/1434 1162/1439/1439 1161/1438/1438 1148/1425/1425
f 1161/1438/1438 1146/1423/1423 1134/1411/1411
f 1147/1424/1424 1148/1425/1425 1161/1438/1438
f 1134/1411/1411 1147/1424/1424 1161/1438/1438
f 1158/1435/1435 1148/1425/1425 1147/1424/1424
f 1136/1413/1413 1137/1414/1414 1158/1435/1435
f 1147/1424/1424 1136/1413/1413 1158/1435/1435
f 1454/1872/1872 1136/1413/1413 1147/1424/1424
f 1147/1424/1424 1134/1411/1411 1133/1410/1410
f 1133/1410/1410 1135/1412/1412 1454/1872/1872
f 1454/1872/1872 1147/1424/1424 1133/1410/1410
f 1138/1415/1415 1136/1413/1413 1454/1872/1872 1455/1873/1873
f 1455/1873/1873 1454/1872/1872 1135/1412/1412 1451/1869/1869
f 1168/1445/1445 1166/1443/1443 1165/1442/1442 1167/1444/1444
f 1160/1437/1437 1168/1445/1445 1167/1444/1444 1146/1423/1423
f 1171/1448/1448 1169/1446/1446 1163/1440/1440 1170/1447/1447
f 1166/1443/1443 1171/1448/1448 1170/1447/1447 1165/1442/1442
f 1170/1447/1447 1163/1440/1440 1151/1428/1428
f 1164/1441/1441 1165/1442/1442 1170/1447/1447
f 1151/1428/1428 1164/1441/1441 1170/1447/1447
f 1167/1444/1444 1165/1442/1442 1164/1441/1441
f 1134/1411/1411 1146/1423/1423 1167/1444/1444
f 1164/1441/1441 1134/1411/1411 1167/1444/1444
f 1180/1457/1457 1178/1455/1455 1174/1451/1451 1179/1456/1456
f 1169/1446/1446 1180/1457/1457 1179/1456/1456 1163/1440/1440
f 1183/1460/1460 1181/1458/1458 1172/1449/1449 1182/1459/1459
f 1178/1455/1455 1183/1460/1460 1182/1459/1459 1174/1451/1451
f 1182/1459/1459 1172/1449/1449 1149/1426/1426
f 1173/1450/1450 1174/1451/1451 1182/1459/1459
f 1149/1426/1426 1173/1450/1450 1182/1459/1459
f 1179/1456/1456 1174/1451/1451 1173/1450/1450
f 1151/1428/1428 1163/1440/1440 1179/1456/1456
f 1173/1450/1450 1151/1428/1428 1179/1456/1456
f 1173/1450/1450 1149/1426/1426 1131/1408/1408
f 1150/1427/1427 1151/1428/1428 1173/1450/1450
f 1131/1408/1408 1150/1427/1427 1173/1450/1450
f 1164/1441/1441 1151/1428/1428 1150/1427/1427
f 1133/1410/1410 1134/1411/1411 1164/1441/1441
f 1150/1427/1427 1133/1410/1410 1164/1441/1441
f 1446/1864/1864 1133/1410/1410 1150/1427/1427
f 1150/1427/1427 1131/1408/1408 1130/1407/1407
f 1130/1407/1407 1132/1409/1409 1446/1864/1864
f 1446/1864/1864 1150/1427/1427 1130/1407/1407
f 1451/1869/1869 1135/1412/1412 1452/1870/1870 1453/1871/1871
f 1453/1871/1871 1452/1870/1870 1447/1865/1865 1448/1866/1866
f 1452/1870/1870 1135/1412/1412 1133/1410/1410
f 1446/1864/1864 1447/1865/1865 1452/1870/1870
f 1133/1410/1410 1446/1864/1864 1452/1870/1870
f 1449/1867/1867 1447/1865/1865 1446/1864/1864
f 1132/1409/1409 1437/1855/1855 1449/1867/1867
f 1446/1864/1864 1132/1409/1409 1449/1867/1867
f 1448/1866/1866 1447/1865/1865 1449/1867/1867 1450/1868/1868
f 1450/1868/1868 1449/1867/1867 1437/1855/1855 1443/1861/1861
f 1189/1466/1466 1187/1464/1464 1186/1463/1463 1188/1465/1465
f 1181/1458/1458 1189/1466/1466 1188/1465/1465 1172/1449/1449
f 1192/1469/1469 1190/1467/1467 1184/1461/1461 1191/1468/1468
f 1187/1464/1464 1192/1469/1469 1191/1468/1468 1186/1463/1463
f 1191/1468/1468 1184/1461/1461 1177/1454/1454
f 1185/1462/1462 1186/1463/1463 1191/1468/1468
f 1177/1454/1454 1185/1462/1462 1191/1468/1468
f 1188/1465/1465 1186/1463/1463 1185/1462/1462
f 1149/1426/1426 1172/1449/1449 1188/1465/1465
f 1185/1462/1462 1149/1426/1426 1188/1465/1465
f 1204/1481/1481 1202/1479/1479 1195/1472/1472 1203/1480/1480
f 1190/1467/1467 1204/1481/1481 1203/1480/1480 1184/1461/1461
f 1207/1484/1484 1205/1482/1482 1193/1470/1470 1206/1483/1483
f 1202/1479/1479 1207/1484/1484 1206/1483/1483 1195/1472/1472
f 1206/1483/1483 1193/1470/1470 1175/1452/1452
f 1194/1471/1471 1195/1472/1472 1206/1483/1483
f 1175/1452/1452 1194/1471/1471 1206/1483/1483
f 1203/1480/1480 1195/1472/1472 1194/1471/1471
f 1177/1454/1454 1184/1461/1461 1203/1480/1480
f 1194/1471/1471 1177/1454/1454 1203/1480/1480
f 1194/1471/1471 1175/1452/1452 1154/1431/1431
f 1176/1453/1453 1177/1454/1454 1194/1471/1471
f 1154/1431/1431 1176/1453/1453 1194/1471/1471
f 1185/1462/1462 1177/1454/1454 1176/1453/1453
f 1131/1408/1408 1149/1426/1426 1185/1462/1462
f 1176/1453/1453 1131/1408/1408 1185/1462/1462
f 1213/1490/1490 1211/1488/1488 1210/1487/1487 1212/1489/1489
f 1205/1482/1482 1213/1490/1490 1212/1489/1489 1193/1470/1470
f 1216/1493/1493 1214/1491/1491 1208/1485/1485 1215/1492/1492
f 1211/1488/1488 1216/1493/1493 1215/1492/1492 1210/1487/1487
f 1215/1492/1492 1208/1485/1485 1198/1475/1475
f 1209/1486/1486 1210/1487/1487 1215/1492/1492
f 1198/1475/1475 1209/1486/1486 1215/1492/1492
f 1212/1489/1489 1210/1487/1487 1209/1486/1486
f 1175/1452/1452 1193/1470/1470 1212/1489/1489
f 1209/1486/1486 1175/1452/1452 1212/1489/1489
f 1225/1502/1502 1223/1500/1500 1219/1496/1496 1224/1501/1501
f 1214/1491/1491 1225/1502/1502 1224/1501/1501 1208/1485/1485
f 1228/1505/1505 1226/1503/1503 1217/1494/1494 1227/1504/1504
f 1223/1500/1500 1228/1505/1505 1227/1504/1504 1219/1496/1496
f 1227/1504/1504 1217/1494/1494 1196/1473/1473
f 1218/1495/1495 1219/1496/1496 1227/1504/1504
f 1196/1473/1473 1218/1495/1495 1227/1504/1504
f 1224/1501/1501 1219/1496/1496 1218/1495/1495
f 1198/1475/1475 1208/1485/1485 1224/1501/1501
f 1218/1495/1495 1198/1475/1475 1224/1501/1501
f 1218/1495/1495 1196/1473/1473 1152/1429/1429
f 1197/1474/1474 1198/1475/1475 1218/1495/1495
f 1152/1429/1429 1197/1474/1474 1218/1495/1495
f 1209/1486/1486 1198/1475/1475 1197/1474/1474
f 1154/1431/1431 1175/1452/1452 1209/1486/1486
f 1197/1474/1474 1154/1431/1431 1209/1486/1486
f 1197/1474/1474 1152/1429/1429 1128/1405/1405
f 1153/1430/1430 1154/1431/1431 1197/1474/1474
f 1128/1405/1405 1153/1430/1430 1197/1474/1474
f 1176/1453/1453 1154/1431/1431 1153/1430/1430
f 1130/1407/1407 1131/1408/1408 1176/1453/1453
f 1153/1430/1430 1130/1407/1407 1176/1453/1453
f 1420/1838/1838 1130/1407/1407 1153/1430/1430
f 1153/1430/1430 1128/1405/1405 1127/1404/1404
f 1127/1404/1404 1129/1406/1406 1420/1838/1838
f 1420/1838/1838 1153/1430/1430 1127/1404/1404
f 1443/1861/1861 1437/1855/1855 1444/1862/1862 1445/1863/1863
f 1445/1863/1863 1444/1862/1862 1439/1857/1857 1440/1858/1858
f 1444/1862/1862 1437/1855/1855 1132/1409/1409
f 1438/1856/1856 1439/1857/1857 1444/1862/1862
f 1132/1409/1409 1438/1856/1856 1444/1862/1862
f 1441/1859/1859 1439/1857/1857 1438/1856/1856
f 1421/1839/1839 1428/1846/1846 1441/1859/1859
f 1438/1856/1856 1421/1839/1839 1441/1859/1859
f 1440/1858/1858 1439/1857/1857 1441/1859/1859 1442/1860/1860
f 1442/1860/1860 1441/1859/1859 1428/1846/1846 1434/1852/1852
f 1438/1856/1856 1132/1409/1409 1130/1407/1407
f 1420/1838/1838 1421/1839/1839 1438/1856/1856
f 1130/1407/1407 1420/1838/1838 1438/1856/1856
f 1429/1847/1847 1421/1839/1839 1420/1838/1838
f 1129/1406/1406 1399/1817/1817 1429/1847/1847
f 1420/1838/1838 1129/1406/1406 1429/1847/1847
f 1434/1852/1852 1428/1846/1846 1435/1853/1853 1436/1854/1854
f 1436/1854/1854 1435/1853/1853 1430/1848/1848 1431/1849/1849
f 1435/1853/1853 1428/1846/1846 1421/1839/1839
f 1429/1847/1847 1430/1848/1848 1435/1853/1853
f 1421/1839/1839 1429/1847/1847 1435/1853/1853
f 1432/1850/1850 1430/1848/1848 1429/1847/1847
f 1399/1817/1817 1417/1835/1835 1432/1850/1850
f 1429/1847/1847 1399/1817/1817 1432/1850/1850
f 1431/1849/1849 1430/1848/1848 1432/1850/1850 1433/1851/1851
f 1433/1851/1851 1432/1850/1850 1417/1835/1835 1425/1843/1843
f 1234/1511/1511 1232/1509/1509 1231/1508/1508 1233/1510/1510
f 1226/1503/1503 1234/1511/1511 1233/1510/1510 1217/1494/1494
f 1237/1514/1514 1235/1512/1512 1229/1506/1506 1236/1513/1513
f 1232/1509/1509 1237/1514/1514 1236/1513/1513 1231/1508/1508
f 1236/1513/1513 1229/1506/1506 1222/1499/1499
f 1230/1507/1507 1231/1508/1508 1236/1513/1513
f 1222/1499/1499 1230/1507/1507 1236/1513/1513
f 1233/1510/1510 1231/1508/1508 1230/1507/1507
f 1196/1473/1473 1217/1494/1494 1233/1510/1510
f 1230/1507/1507 1196/1473/1473 1233/1510/1510
f 1248/1525/1525 1246/1523/1523 1240/1517/1517 1247/1524/1524
f 1235/1512/1512 1248/1525/1525 1247/1524/1524 1229/1506/1506
f 1251/1528/1528 1249/1526/1526 1238/1515/1515 1250/1527/1527
f 1246/1523/1523 1251/1528/1528 1250/1527/1527 1240/1517/1517
f 1250/1527/1527 1238/1515/1515 1220/1497/1497
f 1239/1516/1516 1240/1517/1517 1250/1527/1527
f 1220/1497/1497 1239/1516/1516 1250/1527/1527
f 1247/1524/1524 1240/1517/1517 1239/1516/1516
f 1222/1499/1499 1229/1506/1506 1247/1524/1524
f 1239/1516/1516 1222/1499/1499 1247/1524/1524
f 1239/1516/1516 1220/1497/1497 1201/1478/1478
f 1221/1498/1498 1222/1499/1499 1239/1516/1516
f 1201/1478/1478 1221/1498/1498 1239/1516/1516
f 1230/1507/1507 1222/1499/1499 1221/1498/1498
f 1152/1429/1429 1196/1473/1473 1230/1507/1507
f 1221/1498/1498 1152/1429/1429 1230/1507/1507
f 1257/1534/1534 1255/1532/1532 1254/1531/1531 1256/1533/1533
f 1249/1526/1526 1257/1534/1534 1256/1533/1533 1238/1515/1515
f 1260/1537/1537 1258/1535/1535 1252/1529/1529 1259/1536/1536
f 1255/1532/1532 1260/1537/1537 1259/1536/1536 1254/1531/1531
f 1259/1536/1536 1252/1529/1529 1243/1520/1520
f 1253/1530/1530 1254/1531/1531 1259/1536/1536
f 1243/1520/1520 1253/1530/1530 1259/1536/1536
f 1256/1533/1533 1254/1531/1531 1253/1530/1530
f 1220/1497/1497 1238/1515/1515 1256/1533/1533
f 1253/1530/1530 1220/1497/1497 1256/1533/1533
f 1269/1546/1546 1267/1544/1544 1263/1540/1540 1268/1545/1545
f 1258/1535/1535 1269/1546/1546 1268/1545/1545 1252/1529/1529
f 1272/1549/1549 1270/1547/1547 1261/1538/1538 1271/1548/1548
f 1267/1544/1544 1272/1549/1549 1271/1548/1548 1263/1540/1540
f 1271/1548/1548 1261/1538/1538 1241/1518/1518
f 1262/1539/1539 1263/1540/1540 1271/1548/1548
f 1241/1518/1518 1262/1539/1539 1271/1548/1548
f 1268/1545/1545 1263/1540/1540 1262/1539/1539
f 1243/1520/1520 1252/1529/1529 1268/1545/1545
f 1262/1539/1539 1243/1520/1520 1268/1545/1545
f 1262/1539/1539 1241/1518/1518 1199/1476/1476
f 1242/1519/1519 1243/1520/1520 1262/1539/1539
f 1199/1476/1476 1242/1519/1519 1262/1539/1539
f 1253/1530/1530 1243/1520/1520 1242/1519/1519
f 1201/1478/1478 1220/1497/1497 1253/1530/1530
f 1242/1519/1519 1201/1478/1478 1253/1530/1530
f 1242/1519/1519 1199/1476/1476 1156/1433/1433
f 1200/1477/1477 1201/1478/1478 1242/1519/1519
f 1156/1433/1433 1200/1477/1477 1242/1519/1519
f 1221/1498/1498 1201/1478/1478 1200/1477/1477
f 1128/1405/1405 1152/1429/1429 1221/1498/1498
f 1200/1477/1477 1128/1405/1405 1221/1498/1498
f 1278/1555/1555 1276/1553/1553 1275/1552/1552 1277/1554/1554
f 1270/1547/1547 1278/1555/1555 1277/1554/1554 1261/1538/1538
f 1281/1558/1558 1279/1556/1556 1273/1550/1550 1280/1557/1557
f 1276/1553/1553 1281/1558/1558 1280/1557/1557 1275/1552/1552
f 1280/1557/1557 1273/1550/1550 1266/1543/1543
f 1274/1551/1551 1275/1552/1552 1280/1557/1557
f 1266/1543/1543 1274/1551/1551 1280/1557/1557
f 1277/1554/1554 1275/1552/1552 1274/1551/1551
f 1241/1518/1518 1261/1538/1538 1277/1554/1554
f 1274/1551/1551 1241/1518/1518 1277/1554/1554
f 1289/1566/1566 1287/1564/1564 1284/1561/1561 1288/1565/1565
f 1279/1556/1556 1289/1566/1566 1288/1565/1565 1273/1550/1550
f 1292/1569/1569 1290/1567/1567 1282/1559/1559 1291/1568/1568
f 1287/1564/1564 1292/1569/1569 1291/1568/1568 1284/1561/1561
f 1291/1568/1568 1282/1559/1559 1264/1541/1541
f 1283/1560/1560 1284/1561/1561 1291/1568/1568
f 1264/1541/1541 1283/1560/1560 1291/1568/1568
f 1288/1565/1565 1284/1561/1561 1283/1560/1560
f 1266/1543/1543 1273/1550/1550 1288/1565/1565
f 1283/1560/1560 1266/1543/1543 1288/1565/1565
f 1283/1560/1560 1264/1541/1541 1245/1522/1522
f 1265/1542/1542 1266/1543/1543 1283/1560/1560
f 1245/1522/1522 1265/1542/1542 1283/1560/1560
f 1274/1551/1551 1266/1543/1543 1265/1542/1542
f 1199/1476/1476 1241/1518/1518 1274/1551/1551
f 1265/1542/1542 1199/1476/1476 1274/1551/1551
f 1298/1575/1575 1296/1573/1573 1295/1572/1572 1297/1574/1574
f 1290/1567/1567 1298/1575/1575 1297/1574/1574 1282/1559/1559
f 1301/1578/1578 1299/1576/1576 1293/1570/1570 1300/1577/1577
f 1296/1573/1573 1301/1578/1578 1300/1577/1577 1295/1572/1572
f 1300/1577/1577 1293/1570/1570 1286/1563/1563
f 1294/1571/1571 1295/1572/1572 1300/1577/1577
f 1286/1563/1563 1294/1571/1571 1300/1577/1577
f 1297/1574/1574 1295/1572/1572 1294/1571/1571
f 1264/1541/1541 1282/1559/1559 1297/1574/1574
f 1294/1571/1571 1264/1541/1541 1297/1574/1574
f 1306/1583/1583 1304/1581/1581 1303/1580/1580 1305/1582/1582
f 1299/1576/1576 1306/1583/1583 1305/1582/1582 1293/1570/1570
f 1304/1581/1581 1308/1585/1585 1307/1584/1584 1303/1580/1580
f 1305/1582/1582 1303/1580/1580 1302/1579/1579
f 1286/1563/1563 1293/1570/1570 1305/1582/1582
f 1302/1579/1579 1286/1563/1563 1305/1582/1582
f 1286/1563/1563 1302/1579/1579 1458/1954/1954 1456/1952/1952
f 1456/1952/1952 1458/1954/1954 1457/1953/1953 1285/1562/1562
f 1294/1571/1571 1286/1563/1563 1456/1952/1952
f 1456/1952/1952 1285/1562/1562 1245/1522/1522
f 1245/1522/1522 1264/1541/1541 1294/1571/1571
f 1294/1571/1571 1456/1952/1952 1245/1522/1522
f 1465/1961/1961 1461/1957/1957 1459/1955/1955
f 1245/1522/1522 1285/1562/1562 1465/1961/1961
f 1459/1955/1955 1245/1522/1522 1465/1961/1961
f 1285/1562/1562 1457/1953/1953 1467/1963/1963 1465/1961/1961
f 1465/1961/1961 1467/1963/1963 1466/1962/1962 1461/1957/1957
f 1461/1957/1957 1466/1962/1962 1470/1966/1966 1468/1964/1964
f 1468/1964/1964 1470/1966/1966 1469/1965/1965 1460/1956/1956
f 1468/1964/1964 1460/1956/1956 1244/1521/1521
f 1459/1955/1955 1461/1957/1957 1468/1964/1964
f 1244/1521/1521 1459/1955/1955 1468/1964/1964
f 1265/1542/1542 1245/1522/1522 1459/1955/1955
f 1459/1955/1955 1244/1521/1521 1156/1433/1433
f 1156/1433/1433 1199/1476/1476 1265/1542/1542
f 1265/1542/1542 1459/1955/1955 1156/1433/1433
f 1471/1967/1967 1464/1960/1960 1462/1958/1958
f 1156/1433/1433 1244/1521/1521 1471/1967/1967
f 1462/1958/1958 1156/1433/1433 1471/1967/1967
f 1474/1970/1970 1473/1969/1969 1471/1967/1967
f 1244/1521/1521 1460/1956/1956 1474/1970/1970
f 1471/1967/1967 1244/1521/1521 1474/1970/1970
f 1460/1956/1956 1469/1965/1965 1476/1972/1972 1474/1970/1970
f 1474/1970/1970 1476/1972/1972 1475/1971/1971 1473/1969/1969
f 1473/1969/1969 1475/1971/1971 1479/1975/1975 1477/1973/1973
f 1477/1973/1973 1479/1975/1975 1478/1974/1974 1472/1968/1968
f 1477/1973/1973 1472/1968/1968 1464/1960/1960
f 1471/1967/1967 1473/1969/1969 1477/1973/1973
f 1464/1960/1960 1471/1967/1967 1477/1973/1973
f 1485/1981/1981 1482/1978/1978 1480/1976/1976
f 1464/1960/1960 1472/1968/1968 1485/1981/1981
f 1480/1976/1976 1464/1960/1960 1485/1981/1981
f 1472/1968/1968 1478/1974/1974 1487/1983/1983 1485/1981/1981
f 1485/1981/1981 1487/1983/1983 1486/1982/1982 1482/1978/1978
f 1482/1978/1978 1486/1982/1982 1490/1986/1986 1488/1984/1984
f 1488/1984/1984 1490/1986/1986 1489/1985/1985 1481/1977/1977
f 1488/1984/1984 1481/1977/1977 1463/1959/1959
f 1480/1976/1976 1482/1978/1978 1488/1984/1984
f 1463/1959/1959 1480/1976/1976 1488/1984/1984
f 1480/1976/1976 1463/1959/1959 1155/1432/1432
f 1462/1958/1958 1464/1960/1960 1480/1976/1976
f 1155/1432/1432 1462/1958/1958 1480/1976/1976
f 1200/1477/1477 1156/1433/1433 1462/1958/1958
f 1462/1958/1958 1155/1432/1432 1127/1404/1404
f 1127/1404/1404 1128/1405/1405 1200/1477/1477
f 1200/1477/1477 1462/1958/1958 1127/1404/1404
f 1483/1979/1979 1310/1650/1650 1327/1667/1667
f 1327/1667/1667 1309/1649/1649 1127/1404/1404
f 1127/1404/1404 1155/1432/1432 1483/1979/1979
f 1483/1979/1979 1327/1667/1667 1127/1404/1404
f 1491/1987/1987 1484/1980/1980 1483/1979/1979
f 1155/1432/1432 1463/1959/1959 1491/1987/1987
f 1483/1979/1979 1155/1432/1432 1491/1987/1987
f 1494/1990/1990 1493/1989/1989 1491/1987/1987
f 1463/1959/1959 1481/1977/1977 1494/1990/1990
f 1491/1987/1987 1463/1959/1959 1494/1990/1990
f 1481/1977/1977 1489/1985/1985 1496/1992/1992 1494/1990/1990
f 1494/1990/1990 1496/1992/1992 1495/1991/1991 1493/1989/1989
f 1493/1989/1989 1495/1991/1991 1499/1995/1995 1497/1993/1993
f 1497/1993/1993 1499/1995/1995 1498/1994/1994 1492/1988/1988
f 1497/1993/1993 1492/1988/1988 1484/1980/1980
f 1491/1987/1987 1493/1989/1989 1497/1993/1993
f 1484/1980/1980 1491/1987/1987 1497/1993/1993
f 1503/1999/1999 1502/1998/1998 1500/1996/1996
f 1484/1980/1980 1492/1988/1988 1503/1999/1999
f 1500/1996/1996 1484/1980/1980 1503/1999/1999
f 1492/1988/1988 1498/1994/1994 1505/2001/2001 1503/1999/1999
f 1503/1999/1999 1505/2001/2001 1504/2000/2000 1502/1998/1998
f 1502/1998/1998 1504/2000/2000 1508/2004/2004 1506/2002/2002
f 1506/2002/2002 1508/2004/2004 1507/2003/2003 1501/1997/1997
f 1506/2002/2002 1501/1997/1997 1312/1652/1652
f 1500/1996/1996 1502/1998/1998 1506/2002/2002
f 1312/1652/1652 1500/1996/1996 1506/2002/2002
f 1500/1996/1996 1312/1652/1652 1310/1650/1650
f 1483/1979/1979 1484/1980/1980 1500/1996/1996
f 1310/1650/1650 1483/1979/1979 1500/1996/1996
f 1509/2005/2005 1313/1653/1653 1324/1664/1664
f 1324/1664/1664 1311/1651/1651 1310/1650/1650
f 1310/1650/1650 1312/1652/1652 1509/2005/2005
f 1509/2005/2005 1324/1664/1664 1310/1650/1650
f 1511/2007/2007 1510/2006/2006 1509/2005/2005
f 1312/1652/1652 1501/1997/1997 1511/2007/2007
f 1509/2005/2005 1312/1652/1652 1511/2007/2007
f 1501/1997/1997 1507/2003/2003 1513/2009/2009 1511/2007/2007
f 1511/2007/2007 1513/2009/2009 1512/2008/2008 1510/2006/2006
f 1510/2006/2006 1512/2008/2008 1516/2012/2012 1514/2010/2010
f 1514/2010/2010 1516/2012/2012 1515/2011/2011 1315/1655/1655
f 1514/2010/2010 1315/1655/1655 1313/1653/1653
f 1509/2005/2005 1510/2006/2006 1514/2010/2010
f 1313/1653/1653 1509/2005/2005 1514/2010/2010
f 1517/2013/2013 1316/1656/1656 1321/1661/1661
f 1321/1661/1661 1314/1654/1654 1313/1653/1653
f 1313/1653/1653 1315/1655/1655 1517/2013/2013
f 1517/2013/2013 1321/1661/1661 1313/1653/1653
f 1315/1655/1655 1515/2011/2011 1518/2014/2014 1517/2013/2013
f 1517/2013/2013 1518/2014/2014 1318/1658/1658 1316/1656/1656
f 1316/1656/1656 1318/1658/1658 1319/1659/1659 1317/1657/1657
f 1314/1654/1654 1321/1661/1661 1322/1662/1662 1320/1660/1660
f 1321/1661/1661 1316/1656/1656 1317/1657/1657 1322/1662/1662
f 1334/1674/1674 1323/1663/1663 1311/1651/1651
f 1324/1664/1664 1325/1665/1665 1334/1674/1674
f 1311/1651/1651 1324/1664/1664 1334/1674/1674
f 1331/1671/1671 1325/1665/1665 1324/1664/1664
f 1313/1653/1653 1314/1654/1654 1331/1671/1671
f 1324/1664/1664 1313/1653/1653 1331/1671/1671
f 1325/1665/1665 1331/1671/1671 1332/1672/1672 1330/1670/1670
f 1331/1671/1671 1314/1654/1654 1320/1660/1660 1332/1672/1672
f 1323/1663/1663 1334/1674/1674 1335/1675/1675 1333/1673/1673
f 1334/1674/1674 1325/1665/1665 1330/1670/1670 1335/1675/1675
f 1346/1686/1686 1326/1666/1666 1309/1649/1649
f 1327/1667/1667 1328/1668/1668 1346/1686/1686
f 1309/1649/1649 1327/1667/1667 1346/1686/1686
f 1337/1677/1677 1328/1668/1668 1327/1667/1667
f 1310/1650/1650 1311/1651/1651 1337/1677/1677
f 1327/1667/1667 1310/1650/1650 1337/1677/1677
f 1343/1683/1683 1336/1676/1676 1328/1668/1668
f 1337/1677/1677 1338/1678/1678 1343/1683/1683
f 1328/1668/1668 1337/1677/1677 1343/1683/1683
f 1340/1680/1680 1338/1678/1678 1337/1677/1677
f 1311/1651/1651 1323/1663/1663 1340/1680/1680
f 1337/1677/1677 1311/1651/1651 1340/1680/1680
f 1338/1678/1678 1340/1680/1680 1341/1681/1681 1339/1679/1679
f 1340/1680/1680 1323/1663/1663 1333/1673/1673 1341/1681/1681
f 1336/1676/1676 1343/1683/1683 1344/1684/1684 1342/1682/1682
f 1343/1683/1683 1338/1678/1678 1339/1679/1679 1344/1684/1684
f 1355/1695/1695 1345/1685/1685 1326/1666/1666
f 1346/1686/1686 1347/1687/1687 1355/1695/1695
f 1326/1666/1666 1346/1686/1686 1355/1695/1695
f 1352/1692/1692 1347/1687/1687 1346/1686/1686
f 1328/1668/1668 1336/1676/1676 1352/1692/1692
f 1346/1686/1686 1328/1668/1668 1352/1692/1692
f 1347/1687/1687 1352/1692/1692 1353/1693/1693 1351/1691/1691
f 1352/1692/1692 1336/1676/1676 1342/1682/1682 1353/1693/1693
f 1345/1685/1685 1355/1695/1695 1356/1696/1696 1354/1694/1694
f 1355/1695/1695 1347/1687/1687 1351/1691/1691 1356/1696/1696
f 1425/1843/1843 1417/1835/1835 1426/1844/1844 1427/1845/1845
f 1427/1845/1845 1426/1844/1844 1419/1837/1837 1422/1840/1840
f 1426/1844/1844 1417/1835/1835 1399/1817/1817
f 1418/1836/1836 1419/1837/1837 1426/1844/1844
f 1399/1817/1817 1418/1836/1836 1426/1844/1844
f 1423/1841/1841 1419/1837/1837 1418/1836/1836
f 1401/1819/1819 1408/1826/1826 1423/1841/1841
f 1418/1836/1836 1401/1819/1819 1423/1841/1841
f 1422/1840/1840 1419/1837/1837 1423/1841/1841 1424/1842/1842
f 1424/1842/1842 1423/1841/1841 1408/1826/1826 1414/1832/1832
f 1418/1836/1836 1399/1817/1817 1129/1406/1406
f 1400/1818/1818 1401/1819/1819 1418/1836/1836
f 1129/1406/1406 1400/1818/1818 1418/1836/1836
f 1409/1827/1827 1401/1819/1819 1400/1818/1818
f 1329/1669/1669 1369/1709/1709 1409/1827/1827
f 1400/1818/1818 1329/1669/1669 1409/1827/1827
f 1414/1832/1832 1408/1826/1826 1415/1833/1833 1416/1834/1834
f 1416/1834/1834 1415/1833/1833 1410/1828/1828 1411/1829/1829
f 1415/1833/1833 1408/1826/1826 1401/1819/1819
f 1409/1827/1827 1410/1828/1828 1415/1833/1833
f 1401/1819/1819 1409/1827/1827 1415/1833/1833
f 1412/1830/1830 1410/1828/1828 1409/1827/1827
f 1369/1709/1709 1396/1814/1814 1412/1830/1830
f 1409/1827/1827 1369/1709/1709 1412/1830/1830
f 1411/1829/1829 1410/1828/1828 1412/1830/1830 1413/1831/1831
f 1413/1831/1831 1412/1830/1830 1396/1814/1814 1405/1823/1823
f 1349/1689/1689 1329/1669/1669 1400/1818/1818
f 1400/1818/1818 1129/1406/1406 1127/1404/1404
f 1127/1404/1404 1309/1649/1649 1349/1689/1689
f 1349/1689/1689 1400/1818/1818 1127/1404/1404
f 1367/1707/1707 1348/1688/1688 1329/1669/1669
f 1349/1689/1689 1350/1690/1690 1367/1707/1707
f 1329/1669/1669 1349/1689/1689 1367/1707/1707
f 1358/1698/1698 1350/1690/1690 1349/1689/1689
f 1309/1649/1649 1326/1666/1666 1358/1698/1698
f 1349/1689/1689 1309/1649/1649 1358/1698/1698
f 1364/1704/1704 1357/1697/1697 1350/1690/1690
f 1358/1698/1698 1359/1699/1699 1364/1704/1704
f 1350/1690/1690 1358/1698/1698 1364/1704/1704
f 1361/1701/1701 1359/1699/1699 1358/1698/1698
f 1326/1666/1666 1345/1685/1685 1361/1701/1701
f 1358/1698/1698 1326/1666/1666 1361/1701/1701
f 1359/1699/1699 1361/1701/1701 1362/1702/1702 1360/1700/1700
f 1361/1701/1701 1345/1685/1685 1354/1694/1694 1362/1702/1702
f 1357/1697/1697 1364/1704/1704 1365/1705/1705 1363/1703/1703
f 1364/1704/1704 1359/1699/1699 1360/1700/1700 1365/1705/1705
f 1375/1715/1715 1366/1706/1706 1348/1688/1688
f 1367/1707/1707 1368/1708/1708 1375/1715/1715
f 1348/1688/1688 1367/1707/1707 1375/1715/1715
f 1372/1712/1712 1368/1708/1708 1367/1707/1707
f 1350/1690/1690 1357/1697/1697 1372/1712/1712
f 1367/1707/1707 1350/1690/1690 1372/1712/1712
f 1368/1708/1708 1372/1712/1712 1373/1713/1713 1371/1711/1711
f 1372/1712/1712 1357/1697/1697 1363/1703/1703 1373/1713/1713
f 1366/1706/1706 1375/1715/1715 1376/1716/1716 1374/1714/1714
f 1375/1715/1715 1368/1708/1708 1371/1711/1711 1376/1716/1716
f 1405/1823/1823 1396/1814/1814 1406/1824/1824 1407/1825/1825
f 1407/1825/1825 1406/1824/1824 1398/1816/1816 1402/1820/1820
f 1406/1824/1824 1396/1814/1814 1369/1709/1709
f 1397/1815/1815 1398/1816/1816 1406/1824/1824
f 1369/1709/1709 1397/1815/1815 1406/1824/1824
f 1403/1821/1821 1398/1816/1816 1397/1815/1815
f 1370/1710/1710 1386/1726/1726 1403/1821/1821
f 1397/1815/1815 1370/1710/1710 1403/1821/1821
f 1402/1820/1820 1398/1816/1816 1403/1821/1821 1404/1822/1822
f 1404/1822/1822 1403/1821/1821 1386/1726/1726 1393/1811/1811
f 1378/1718/1718 1370/1710/1710 1397/1815/1815
f 1397/1815/1815 1369/1709/1709 1329/1669/1669
f 1329/1669/1669 1348/1688/1688 1378/1718/1718
f 1378/1718/1718 1397/1815/1815 1329/1669/1669
f 1384/1724/1724 1377/1717/1717 1370/1710/1710
f 1378/1718/1718 1379/1719/1719 1384/1724/1724
f 1370/1710/1710 1378/1718/1718 1384/1724/1724
f 1381/1721/1721 1379/1719/1719 1378/1718/1718
f 1348/1688/1688 1366/1706/1706 1381/1721/1721
f 1378/1718/1718 1348/1688/1688 1381/1721/1721
f 1379/1719/1719 1381/1721/1721 1382/1722/1722 1380/1720/1720
f 1381/1721/1721 1366/1706/1706 1374/1714/1714 1382/1722/1722
f 1377/1717/1717 1384/1724/1724 1385/1725/1725 1383/1723/1723
f 1384/1724/1724 1379/1719/1719 1380/1720/1720 1385/1725/1725
f 1393/1811/1811 1386/1726/1726 1394/1812/1812 1395/1813/1813
f 1395/1813/1813 1394/1812/1812 1387/1727/1727 1391/1731/1731
f 1389/1729/1729 1387/1727/1727 1394/1812/1812
f 1394/1812/1812 1386/1726/1726 1370/1710/1710
f 1370/1710/1710 1377/1717/1717 1389/1729/1729
f 1389/1729/1729 1394/1812/1812 1370/1710/1710
f 1387/1727/1727 1389/1729/1729 1390/1730/1730 1388/1728/1728
f 1389/1729/1729 1377/1717/1717 1383/1723/1723 1390/1730/1730
f 1391/1731/1731 1387/1727/1727 1388/1728/1728 1392/1732/1732
f 803/1949/1949 804/1950/1950 1319/1659/1659
f 804/1950/1950 805/1951/1951 1319/1659/1659
f 1318/1658/1658 801/1947/1947 802/1948/1948
f 1518/2014/2014 799/1945/1945 800/1946/1946
f 803/1949/1949 1319/1659/1659 802/1948/1948
f 801/1947/1947 1318/1658/1658 800/1946/1946
f 1518/2014/2014 797/1943/1943 798/1944/1944
f 1515/2011/2011 795/1941/1941 796/1942/1942
f 797/1943/1943 1515/2011/2011 796/1942/1942
f 794/1940/1940 795/1941/1941 1516/2012/2012
f 792/1938/1938 793/1939/1939 1516/2012/2012
f 793/1939/1939 794/1940/1940 1516/2012/2012
f 798/1944/1944 799/1945/1945 1518/2014/2014
f 604/1586/1586 805/1951/1951 600/1278/1278
f 791/1937/1937 1512/2008/2008 790/1936/1936
f 805/1951/1951 604/1586/1586 1319/1659/1659
f 789/1935/1935 790/1936/1936 1513/2009/2009
f 1515/2011/2011 797/1943/1943 1518/2014/2014
f 1319/1659/1659 1318/1658/1658 802/1948/1948
f 791/1937/1937 792/1938/1938 1512/2008/2008
f 1318/1658/1658 1518/2014/2014 800/1946/1946
f 1319/1659/1659 604/1586/1586 605/1587/1587
f 1513/2009/2009 788/1934/1934 789/1935/1935
f 1513/2009/2009 787/1933/1933 788/1934/1934
f 1507/2003/2003 785/1931/1931 786/1932/1932
f 787/1933/1933 1507/2003/2003 786/1932/1932
f 1508/2004/2004 784/1930/1930 785/1931/1931
f 782/1928/1928 1504/2000/2000 781/1927/1927
f 1504/2000/2000 782/1928/1928 783/1929/1929
f 784/1930/1930 1508/2004/2004 783/1929/1929
f 780/1926/1926 781/1927/1927 1504/2000/2000
f 779/1925/1925 780/1926/1926 1505/2001/2001
f 778/1924/1924 779/1925/1925 1505/2001/2001
f 778/1924/1924 1498/1994/1994 777/1923/1923
f 776/1922/1922 1498/1994/1994 775/1921/1921
f 774/1920/1920 775/1921/1921 1499/1995/1995
f 776/1922/1922 777/1923/1923 1498/1994/1994
f 1495/1991/1991 772/1918/1918 773/1919/1919
f 1495/1991/1991 770/1916/1916 771/1917/1917
f 1489/1985/1985 767/1913/1913 768/1914/1914
f 770/1916/1916 1496/1992/1992 769/1915/1915
f 1489/1985/1985 766/1912/1912 767/1913/1913
f 768/1914/1914 769/1915/1915 1496/1992/1992
f 771/1917/1917 772/1918/1918 1495/1991/1991
f 1499/1995/1995 773/1919/1919 774/1920/1920
f 1489/1985/1985 765/1911/1911 766/1912/1912
f 764/1910/1910 1490/1986/1986 763/1909/1909
f 763/1909/1909 1486/1982/1982 762/1908/1908
f 1486/1982/1982 760/1906/1906 761/1907/1907
f 1487/1983/1983 758/1904/1904 759/1905/1905
f 1486/1982/1982 761/1907/1907 762/1908/1908
f 1487/1983/1983 759/1905/1905 760/1906/1906
f 1478/1974/1974 756/1902/1902 757/1903/1903
f 1479/1975/1975 754/1900/1900 755/1901/1901
f 756/1902/1902 1478/1974/1974 755/1901/1901
f 1479/1975/1975 753/1899/1899 754/1900/1900
f 751/1897/1897 1475/1971/1971 750/1896/1896
f 1475/1971/1971 751/1897/1897 752/1898/1898
f 758/1904/1904 1478/1974/1974 757/1903/1903
f 752/1898/1898 753/1899/1899 1475/1971/1971
f 1490/1986/1986 764/1910/1910 765/1911/1911
f 795/1941/1941 1515/2011/2011 1516/2012/2012
f 1317/1657/1657 1319/1659/1659 605/1587/1587 606/1588/1588
f 607/1589/1589 1317/1657/1657 606/1588/1588
f 608/1590/1590 1322/1662/1662 1317/1657/1657
f 610/1592/1592 1322/1662/1662 609/1591/1591
f 1317/1657/1657 607/1589/1589 608/1590/1590
f 1322/1662/1662 608/1590/1590 609/1591/1591
f 612/1594/1594 1320/1660/1660 611/1593/1593
f 613/1595/1595 614/1596/1596 1332/1672/1672
f 1332/1672/1672 612/1594/1594 613/1595/1595
f 1320/1660/1660 610/1592/1592 611/1593/1593
f 615/1597/1597 1330/1670/1670 614/1596/1596
f 1335/1675/1675 616/1598/1598 617/1599/1599
f 1330/1670/1670 615/1597/1597 616/1598/1598
f 617/1599/1599 618/1600/1600 1335/1675/1675
f 620/1602/1602 1333/1673/1673 619/1601/1601
f 622/1604/1604 1341/1681/1681 621/1603/1603
f 1341/1681/1681 620/1602/1602 621/1603/1603
f 624/1606/1606 1339/1679/1679 623/1605/1605
f 625/1607/1607 1344/1684/1684 624/1606/1606
f 626/1608/1608 1344/1684/1684 625/1607/1607
f 623/1605/1605 1339/1679/1679 622/1604/1604
f 1342/1682/1682 626/1608/1608 627/1609/1609
f 1353/1693/1693 629/1611/1611 630/1612/1612
f 1353/1693/1693 628/1610/1610 629/1611/1611
f 632/1614/1614 1351/1691/1691 631/1613/1613
f 633/1615/1615 1356/1696/1696 632/1614/1614
f 630/1612/1612 631/1613/1613 1351/1691/1691
f 627/1609/1609 628/1610/1610 1342/1682/1682
f 619/1601/1601 1333/1673/1673 618/1600/1600
f 634/1616/1616 1356/1696/1696 633/1615/1615
f 792/1938/1938 1516/2012/2012 1512/2008/2008
f 787/1933/1933 1513/2009/2009 1507/2003/2003
f 790/1936/1936 1512/2008/2008 1513/2009/2009
f 783/1929/1929 1508/2004/2004 1504/2000/2000
f 778/1924/1924 1505/2001/2001 1498/1994/1994
f 780/1926/1926 1504/2000/2000 1505/2001/2001
f 785/1931/1931 1507/2003/2003 1508/2004/2004
f 773/1919/1919 1499/1995/1995 1495/1991/1991
f 768/1914/1914 1496/1992/1992 1489/1985/1985
f 770/1916/1916 1495/1991/1991 1496/1992/1992
f 763/1909/1909 1490/1986/1986 1486/1982/1982
f 758/1904/1904 1487/1983/1983 1478/1974/1974
f 760/1906/1906 1486/1982/1982 1487/1983/1983
f 765/1911/1911 1489/1985/1985 1490/1986/1986
f 775/1921/1921 1498/1994/1994 1499/1995/1995
f 610/1592/1592 1320/1660/1660 1322/1662/1662
f 614/1596/1596 1330/1670/1670 1332/1672/1672
f 1332/1672/1672 1320/1660/1660 612/1594/1594
f 618/1600/1600 1333/1673/1673 1335/1675/1675
f 622/1604/1604 1339/1679/1679 1341/1681/1681
f 1341/1681/1681 1333/1673/1673 620/1602/1602
f 1335/1675/1675 1330/1670/1670 616/1598/1598
f 626/1608/1608 1342/1682/1682 1344/1684/1684
f 753/1899/1899 1479/1975/1975 1475/1971/1971
f 630/1612/1612 1351/1691/1691 1353/1693/1693
f 634/1616/1616 1354/1694/1694 1356/1696/1696
f 1356/1696/1696 1351/1691/1691 632/1614/1614
f 1353/1693/1693 1342/1682/1682 628/1610/1610
f 1344/1684/1684 1339/1679/1679 624/1606/1606
f 755/1901/1901 1478/1974/1974 1479/1975/1975
f 1354/1694/1694 634/1616/1616 635/1617/1617
f 1476/1972/1972 750/1896/1896 1475/1971/1971
f 747/1893/1893 748/1894/1894 1469/1965/1965
f 1469/1965/1965 746/1892/1892 747/1893/1893
f 1470/1966/1966 744/1890/1890 745/1891/1891
f 744/1890/1890 1470/1966/1966 743/1889/1889
f 746/1892/1892 1470/1966/1966 745/1891/1891
f 749/1895/1895 1476/1972/1972 748/1894/1894
f 742/1888/1888 1466/1962/1962 741/1887/1887
f 739/1885/1885 1467/1963/1963 738/1884/1884
f 739/1885/1885 740/1886/1886 1467/1963/1963
f 738/1884/1884 1457/1953/1953 737/1883/1883
f 736/1882/1882 1458/1954/1954 735/1881/1881
f 1457/1953/1953 736/1882/1882 737/1883/1883
f 1467/1963/1963 740/1886/1886 741/1887/1887
f 1466/1962/1962 742/1888/1888 743/1889/1889
f 1469/1965/1965 1470/1966/1966 746/1892/1892
f 741/1887/1887 1466/1962/1962 1467/1963/1963
f 1466/1962/1962 743/1889/1889 1470/1966/1966
f 1476/1972/1972 1469/1965/1965 748/1894/1894
f 1467/1963/1963 1457/1953/1953 738/1884/1884
f 735/1881/1881 1458/1954/1954 734/1880/1880
f 1457/1953/1953 1458/1954/1954 736/1882/1882
f 733/1879/1879 734/1880/1880 1458/1954/1954
f 1302/1579/1579 731/1877/1877 732/1878/1878
f 1307/1584/1584 730/1876/1876 731/1877/1877
f 1302/1579/1579 732/1878/1878 733/1879/1879
f 1303/1580/1580 1307/1584/1584 1302/1579/1579
f 730/1876/1876 1307/1584/1584 729/1875/1875
f 729/1875/1875 1307/1584/1584 1308/1585/1585
f 1302/1579/1579 1307/1584/1584 731/1877/1877
f 1302/1579/1579 733/1879/1879 1458/1954/1954
f 1476/1972/1972 749/1895/1895 750/1896/1896
f 258/1403/1403 728/1874/1874 262/1402/1402
f 1308/1585/1585 262/1402/1402 728/1874/1874
f 263/1401/1401 262/1402/1402 1308/1585/1585
f 1306/1583/1583 266/1398/1398 1304/1581/1581
f 1304/1581/1581 264/1400/1400 1308/1585/1585
f 1308/1585/1585 728/1874/1874 729/1875/1875
f 1299/1576/1576 268/1396/1396 1306/1583/1583
f 264/1400/1400 263/1401/1401 1308/1585/1585
f 266/1398/1398 265/1399/1399 1304/1581/1581
f 1304/1581/1581 265/1399/1399 264/1400/1400
f 267/1397/1397 266/1398/1398 1306/1583/1583
f 1299/1576/1576 270/1394/1394 269/1395/1395
f 267/1397/1397 1306/1583/1583 268/1396/1396
f 1299/1576/1576 269/1395/1395 268/1396/1396
f 270/1394/1394 1299/1576/1576 1301/1578/1578
f 272/1392/1392 1301/1578/1578 1296/1573/1573
f 1301/1578/1578 272/1392/1392 271/1393/1393
f 273/1391/1391 272/1392/1392 1296/1573/1573
f 270/1394/1394 1301/1578/1578 271/1393/1393
f 1298/1575/1575 274/1390/1390 1296/1573/1573
f 1292/1569/1569 277/1387/1387 1290/1567/1567
f 1290/1567/1567 276/1388/1388 1298/1575/1575
f 1287/1564/1564 279/1385/1385 1292/1569/1569
f 274/1390/1390 273/1391/1391 1296/1573/1573
f 1298/1575/1575 275/1389/1389 274/1390/1390
f 276/1388/1388 275/1389/1389 1298/1575/1575
f 277/1387/1387 276/1388/1388 1290/1567/1567
f 277/1387/1387 1292/1569/1569 278/1386/1386
f 1292/1569/1569 279/1385/1385 278/1386/1386
f 1287/1564/1564 280/1384/1384 279/1385/1385
f 280/1384/1384 1287/1564/1564 281/1383/1383
f 282/1382/1382 281/1383/1383 1289/1566/1566
f 1287/1564/1564 1289/1566/1566 281/1383/1383
f 1289/1566/1566 283/1381/1381 282/1382/1382
f 1279/1556/1556 283/1381/1381 1289/1566/1566
f 1276/1553/1553 287/1377/1377 1281/1558/1558
f 1281/1558/1558 285/1379/1379 1279/1556/1556
f 1278/1555/1555 289/1375/1375 1276/1553/1553
f 284/1380/1380 283/1381/1381 1279/1556/1556
f 1279/1556/1556 285/1379/1379 284/1380/1380
f 1281/1558/1558 286/1378/1378 285/1379/1379
f 288/1376/1376 287/1377/1377 1276/1553/1553
f 1278/1555/1555 290/1374/1374 289/1375/1375
f 288/1376/1376 1276/1553/1553 289/1375/1375
f 287/1377/1377 286/1378/1378 1281/1558/1558
f 291/1373/1373 290/1374/1374 1278/1555/1555
f 1270/1547/1547 291/1373/1373 1278/1555/1555
f 1267/1544/1544 295/1369/1369 1272/1549/1549
f 1272/1549/1549 293/1371/1371 1270/1547/1547
f 1258/1535/1535 299/1365/1365 1269/1546/1546
f 1255/1532/1532 303/1361/1361 1260/1537/1537
f 1260/1537/1537 301/1363/1363 1258/1535/1535
f 1269/1546/1546 297/1367/1367 1267/1544/1544
f 1249/1526/1526 307/1357/1357 1257/1534/1534
f 1246/1523/1523 310/1354/1354 1251/1528/1528
f 1251/1528/1528 308/1356/1356 1249/1526/1526
f 1235/1512/1512 314/1350/1350 1248/1525/1525
f 1232/1509/1509 318/1346/1346 1237/1514/1514
f 1237/1514/1514 316/1348/1348 1235/1512/1512
f 1248/1525/1525 312/1352/1352 1246/1523/1523
f 1257/1534/1534 305/1359/1359 1255/1532/1532
f 1234/1511/1511 320/1344/1344 1232/1509/1509
f 1270/1547/1547 292/1372/1372 291/1373/1373
f 1270/1547/1547 293/1371/1371 292/1372/1372
f 293/1371/1371 1272/1549/1549 294/1370/1370
f 295/1369/1369 294/1370/1370 1272/1549/1549
f 298/1366/1366 297/1367/1367 1269/1546/1546
f 1267/1544/1544 296/1368/1368 295/1369/1369
f 1267/1544/1544 297/1367/1367 296/1368/1368
f 300/1364/1364 299/1365/1365 1258/1535/1535
f 301/1363/1363 300/1364/1364 1258/1535/1535
f 1260/1537/1537 302/1362/1362 301/1363/1363
f 303/1361/1361 302/1362/1362 1260/1537/1537
f 306/1358/1358 305/1359/1359 1257/1534/1534
f 304/1360/1360 1255/1532/1532 305/1359/1359
f 303/1361/1361 1255/1532/1532 304/1360/1360
f 1269/1546/1546 299/1365/1365 298/1366/1366
f 308/1356/1356 307/1357/1357 1249/1526/1526
f 309/1355/1355 308/1356/1356 1251/1528/1528
f 1251/1528/1528 310/1354/1354 309/1355/1355
f 312/1352/1352 311/1353/1353 1246/1523/1523
f 313/1351/1351 312/1352/1352 1248/1525/1525
f 311/1353/1353 310/1354/1354 1246/1523/1523
f 314/1350/1350 313/1351/1351 1248/1525/1525
f 315/1349/1349 314/1350/1350 1235/1512/1512
f 1237/1514/1514 317/1347/1347 316/1348/1348
f 315/1349/1349 1235/1512/1512 316/1348/1348
f 320/1344/1344 319/1345/1345 1232/1509/1509
f 1234/1511/1511 322/1342/1342 321/1343/1343
f 320/1344/1344 1234/1511/1511 321/1343/1343
f 1237/1514/1514 318/1346/1346 317/1347/1347
f 1257/1534/1534 307/1357/1357 306/1358/1358
f 319/1345/1345 318/1346/1346 1232/1509/1509
f 1226/1503/1503 322/1342/1342 1234/1511/1511
f 637/1619/1619 1362/1702/1702 636/1618/1618
f 636/1618/1618 1362/1702/1702 635/1617/1617
f 1360/1700/1700 1362/1702/1702 637/1619/1619
f 640/1622/1622 1365/1705/1705 639/1621/1621
f 639/1621/1621 1360/1700/1700 638/1620/1620
f 638/1620/1620 1360/1700/1700 637/1619/1619
f 642/1624/1624 1363/1703/1703 641/1623/1623
f 643/1625/1625 644/1626/1626 1373/1713/1713
f 1363/1703/1703 642/1624/1624 643/1625/1625
f 1365/1705/1705 640/1622/1622 641/1623/1623
f 646/1628/1628 1371/1711/1711 645/1627/1627
f 647/1629/1629 1371/1711/1711 646/1628/1628
f 1373/1713/1713 644/1626/1626 645/1627/1627
f 647/1629/1629 648/1630/1630 1376/1716/1716
f 1374/1714/1714 649/1631/1631 650/1632/1632
f 1374/1714/1714 650/1632/1632 651/1633/1633
f 1382/1722/1722 651/1633/1633 652/1634/1634
f 1382/1722/1722 652/1634/1634 653/1635/1635
f 1380/1720/1720 654/1636/1636 655/1637/1637
f 1385/1725/1725 655/1637/1637 656/1638/1638
f 648/1630/1630 649/1631/1631 1376/1716/1716
f 658/1640/1640 1383/1723/1723 657/1639/1639
f 659/1641/1641 1383/1723/1723 658/1640/1640
f 660/1642/1642 1390/1730/1730 659/1641/1641
f 1390/1730/1730 660/1642/1642 661/1643/1643
f 663/1645/1645 1388/1728/1728 662/1644/1644
f 662/1644/1644 1388/1728/1728 661/1643/1643
f 656/1638/1638 657/1639/1639 1385/1725/1725
f 653/1635/1635 654/1636/1636 1380/1720/1720
f 664/1646/1646 1392/1732/1732 663/1645/1645
f 639/1621/1621 1365/1705/1705 1360/1700/1700
f 641/1623/1623 1363/1703/1703 1365/1705/1705
f 645/1627/1627 1371/1711/1711 1373/1713/1713
f 649/1631/1631 1374/1714/1714 1376/1716/1716
f 1376/1716/1716 1371/1711/1711 647/1629/1629
f 1373/1713/1713 1363/1703/1703 643/1625/1625
f 653/1635/1635 1380/1720/1720 1382/1722/1722
f 657/1639/1639 1383/1723/1723 1385/1725/1725
f 1385/1725/1725 1380/1720/1720 655/1637/1637
f 661/1643/1643 1388/1728/1728 1390/1730/1730
f 901/1736/1736 1391/1731/1731 1392/1732/1732
f 1392/1732/1732 1388/1728/1728 663/1645/1645
f 1390/1730/1730 1383/1723/1723 659/1641/1641
f 1382/1722/1722 1374/1714/1714 651/1633/1633
f 906/1741/1741 1393/1811/1811 1395/1813/1813
f 911/1746/1746 1402/1820/1820 1404/1822/1822
f 1404/1822/1822 1393/1811/1811 908/1743/1743
f 916/1751/1751 1405/1823/1823 1407/1825/1825
f 920/1755/1755 1411/1829/1829 1413/1831/1831
f 1413/1831/1831 1405/1823/1823 918/1753/1753
f 1407/1825/1825 1402/1820/1820 913/1748/1748
f 925/1760/1760 1414/1832/1832 1416/1834/1834
f 930/1765/1765 1422/1840/1840 1424/1842/1842
f 1424/1842/1842 1414/1832/1832 928/1763/1763
f 935/1770/1770 1425/1843/1843 1427/1845/1845
f 940/1775/1775 1431/1849/1849 1433/1851/1851
f 1433/1851/1851 1425/1843/1843 938/1773/1773
f 1427/1845/1845 1422/1840/1840 933/1768/1768
f 1416/1834/1834 1411/1829/1829 923/1758/1758
f 1395/1813/1813 1391/1731/1731 903/1738/1738
f 1392/1732/1732 664/1646/1646 665/1647/1647
f 1405/1823/1823 917/1752/1752 918/1753/1753
f 917/1752/1752 1405/1823/1823 916/1751/1751
f 919/1754/1754 1413/1831/1831 918/1753/1753
f 913/1748/1748 914/1749/1749 1407/1825/1825
f 915/1750/1750 916/1751/1751 1407/1825/1825
f 914/1749/1749 915/1750/1750 1407/1825/1825
f 1402/1820/1820 912/1747/1747 913/1748/1748
f 1416/1834/1834 924/1759/1759 925/1760/1760
f 925/1760/1760 926/1761/1761 1414/1832/1832
f 1416/1834/1834 923/1758/1758 924/1759/1759
f 1413/1831/1831 919/1754/1754 920/1755/1755
f 921/1756/1756 922/1757/1757 1411/1829/1829
f 1411/1829/1829 922/1757/1757 923/1758/1758
f 920/1755/1755 921/1756/1756 1411/1829/1829
f 1414/1832/1832 926/1761/1761 927/1762/1762
f 903/1738/1738 1391/1731/1731 902/1737/1737
f 904/1739/1739 1395/1813/1813 903/1738/1738
f 904/1739/1739 905/1740/1740 1395/1813/1813
f 899/1734/1734 1392/1732/1732 898/1733/1733
f 900/1735/1735 901/1736/1736 1392/1732/1732
f 900/1735/1735 1392/1732/1732 899/1734/1734
f 898/1733/1733 665/1647/1647 602/1648/1648
f 911/1746/1746 1404/1822/1822 910/1745/1745
f 912/1747/1747 1402/1820/1820 911/1746/1746
f 1404/1822/1822 909/1744/1744 910/1745/1745
f 907/1742/1742 1393/1811/1811 906/1741/1741
f 908/1743/1743 909/1744/1744 1404/1822/1822
f 1395/1813/1813 905/1740/1740 906/1741/1741
f 908/1743/1743 1393/1811/1811 907/1742/1742
f 1391/1731/1731 901/1736/1736 902/1737/1737
f 946/1781/1781 947/1782/1782 1434/1852/1852
f 1434/1852/1852 947/1782/1782 948/1783/1783
f 945/1780/1780 1434/1852/1852 1436/1854/1854
f 1442/1860/1860 1434/1852/1852 948/1783/1783
f 1436/1854/1854 944/1779/1779 945/1780/1780
f 945/1780/1780 946/1781/1781 1434/1852/1852
f 944/1779/1779 1436/1854/1854 943/1778/1778
f 1436/1854/1854 1431/1849/1849 943/1778/1778
f 952/1787/1787 953/1788/1788 1440/1858/1858
f 954/1789/1789 1445/1863/1863 953/1788/1788
f 1440/1858/1858 953/1788/1788 1445/1863/1863
f 950/1785/1785 1440/1858/1858 1442/1860/1860
f 1440/1858/1858 950/1785/1785 951/1786/1786
f 1440/1858/1858 951/1786/1786 952/1787/1787
f 949/1784/1784 950/1785/1785 1442/1860/1860
f 949/1784/1784 1442/1860/1860 948/1783/1783
f 933/1768/1768 934/1769/1769 1427/1845/1845
f 935/1770/1770 1427/1845/1845 934/1769/1769
f 932/1767/1767 933/1768/1768 1422/1840/1840
f 929/1764/1764 930/1765/1765 1424/1842/1842
f 931/1766/1766 932/1767/1767 1422/1840/1840
f 929/1764/1764 1424/1842/1842 928/1763/1763
f 930/1765/1765 931/1766/1766 1422/1840/1840
f 941/1776/1776 942/1777/1777 1431/1849/1849
f 942/1777/1777 943/1778/1778 1431/1849/1849
f 941/1776/1776 1431/1849/1849 940/1775/1775
f 937/1772/1772 938/1773/1773 1425/1843/1843
f 940/1775/1775 1433/1851/1851 939/1774/1774
f 938/1773/1773 939/1774/1774 1433/1851/1851
f 937/1772/1772 1425/1843/1843 936/1771/1771
f 1425/1843/1843 935/1770/1770 936/1771/1771
f 1414/1832/1832 927/1762/1762 928/1763/1763
f 898/1733/1733 1392/1732/1732 665/1647/1647
f 324/1340/1340 323/1341/1341 1226/1503/1503
f 1226/1503/1503 1228/1505/1505 324/1340/1340
f 322/1342/1342 1226/1503/1503 323/1341/1341
f 1223/1500/1500 326/1338/1338 1228/1505/1505
f 1214/1491/1491 330/1334/1334 1225/1502/1502
f 1225/1502/1502 328/1336/1336 1223/1500/1500
f 1214/1491/1491 332/1332/1332 331/1333/1333
f 325/1339/1339 324/1340/1340 1228/1505/1505
f 327/1337/1337 326/1338/1338 1223/1500/1500
f 1228/1505/1505 326/1338/1338 325/1339/1339
f 329/1335/1335 328/1336/1336 1225/1502/1502
f 1214/1491/1491 331/1333/1333 330/1334/1334
f 329/1335/1335 1225/1502/1502 330/1334/1334
f 1223/1500/1500 328/1336/1336 327/1337/1337
f 1216/1493/1493 332/1332/1332 1214/1491/1491
f 1211/1488/1488 334/1330/1330 1216/1493/1493
f 1205/1482/1482 338/1326/1326 1213/1490/1490
f 1213/1490/1490 336/1328/1328 1211/1488/1488
f 1202/1479/1479 341/1323/1323 1207/1484/1484
f 1190/1467/1467 345/1319/1319 1204/1481/1481
f 1204/1481/1481 343/1321/1321 1202/1479/1479
f 1207/1484/1484 339/1325/1325 1205/1482/1482
f 1192/1469/1469 1187/1464/1464 350/1314/1314 349/1315/1315
f 1189/1466/1466 1181/1458/1458 354/1310/1310 353/1311/1311
f 1187/1464/1464 1189/1466/1466 352/1312/1312 351/1313/1313
f 1183/1460/1460 1178/1455/1455 357/1307/1307 356/1308/1308
f 1180/1457/1457 1169/1446/1446 361/1303/1303 360/1304/1304
f 1178/1455/1455 1180/1457/1457 359/1305/1305 358/1306/1306
f 1181/1458/1458 1183/1460/1460 355/1309/1309 354/1310/1310
f 1190/1467/1467 1192/1469/1469 348/1316/1316 347/1317/1317
f 1169/1446/1446 1171/1448/1448 363/1301/1301 362/1302/1302
f 333/1331/1331 332/1332/1332 1216/1493/1493
f 1216/1493/1493 334/1330/1330 333/1331/1331
f 1205/1482/1482 339/1325/1325 338/1326/1326
f 1211/1488/1488 336/1328/1328 335/1329/1329
f 337/1327/1327 336/1328/1328 1213/1490/1490
f 1213/1490/1490 338/1326/1326 337/1327/1327
f 1211/1488/1488 335/1329/1329 334/1330/1330
f 342/1322/1322 1202/1479/1479 343/1321/1321
f 1202/1479/1479 342/1322/1322 341/1323/1323
f 341/1323/1323 340/1324/1324 1207/1484/1484
f 1204/1481/1481 344/1320/1320 343/1321/1321
f 347/1317/1317 346/1318/1318 1190/1467/1467
f 346/1318/1318 345/1319/1319 1190/1467/1467
f 1207/1484/1484 340/1324/1324 339/1325/1325
f 344/1320/1320 1204/1481/1481 345/1319/1319
f 348/1316/1316 1192/1469/1469 349/1315/1315
f 352/1312/1312 1189/1466/1466 353/1311/1311
f 350/1314/1314 1187/1464/1464 351/1313/1313
f 356/1308/1308 355/1309/1309 1183/1460/1460
f 358/1306/1306 357/1307/1307 1178/1455/1455
f 360/1304/1304 359/1305/1305 1180/1457/1457
f 362/1302/1302 361/1303/1303 1169/1446/1446
f 363/1301/1301 1171/1448/1448 364/1300/1300
f 1450/1868/1868 960/1795/1795 1448/1866/1866
f 1448/1866/1866 962/1797/1797 1453/1871/1871
f 1451/1869/1869 967/1802/1802 1455/1873/1873
f 1138/1415/1415 1455/1873/1873 970/1805/1805
f 1455/1873/1873 969/1804/1804 970/1805/1805
f 1453/1871/1871 965/1800/1800 1451/1869/1869
f 957/1792/1792 1450/1868/1868 1443/1861/1861
f 1141/1418/1418 1139/1416/1416 1138/1415/1415
f 1141/1418/1418 1138/1415/1415 972/1807/1807
f 1138/1415/1415 971/1806/1806 972/1807/1807
f 1141/1418/1418 973/1808/1808 974/1809/1809
f 1141/1418/1418 972/1807/1807 973/1808/1808
f 971/1806/1806 1138/1415/1415 970/1805/1805
f 1141/1418/1418 974/1809/1809 1142/1419/1419
f 1171/1448/1448 1166/1443/1443 365/1299/1299 364/1300/1300
f 1450/1868/1868 959/1794/1794 960/1795/1795
f 1448/1866/1866 961/1796/1796 962/1797/1797
f 959/1794/1794 1450/1868/1868 958/1793/1793
f 1443/1861/1861 955/1790/1790 956/1791/1791
f 1450/1868/1868 957/1792/1792 958/1793/1793
f 957/1792/1792 1443/1861/1861 956/1791/1791
f 961/1796/1796 1448/1866/1866 960/1795/1795
f 966/1801/1801 967/1802/1802 1451/1869/1869
f 968/1803/1803 969/1804/1804 1455/1873/1873
f 967/1802/1802 968/1803/1803 1455/1873/1873
f 1453/1871/1871 963/1798/1798 964/1799/1799
f 964/1799/1799 965/1800/1800 1453/1871/1871
f 965/1800/1800 966/1801/1801 1451/1869/1869
f 1453/1871/1871 962/1797/1797 963/1798/1798
f 1445/1863/1863 955/1790/1790 1443/1861/1861
f 367/1297/1297 366/1298/1298 1166/1443/1443
f 365/1299/1299 1166/1443/1443 366/1298/1298
f 368/1296/1296 367/1297/1297 1168/1445/1445
f 1160/1437/1437 1162/1439/1439 371/1293/1293 370/1294/1294
f 1168/1445/1445 1160/1437/1437 369/1295/1295 368/1296/1296
f 1168/1445/1445 367/1297/1297 1166/1443/1443
f 1162/1439/1439 1157/1434/1434 373/1291/1291 372/1292/1292
f 370/1294/1294 369/1295/1295 1160/1437/1437
f 374/1290/1290 1159/1436/1436 375/1289/1289
f 374/1290/1290 373/1291/1291 1157/1434/1434
f 372/1292/1292 371/1293/1293 1162/1439/1439
f 1159/1436/1436 374/1290/1290 1157/1434/1434
f 1159/1436/1436 1143/1420/1420 377/1287/1287 376/1288/1288
f 378/1286/1286 377/1287/1287 1143/1420/1420
f 375/1289/1289 1159/1436/1436 376/1288/1288
f 1145/1422/1422 1140/1417/1417 381/1283/1283 380/1284/1284
f 1140/1417/1417 1142/1419/1419 383/1281/1281 382/1282/1282
f 974/1809/1809 975/1810/1810 1142/1419/1419
f 1143/1420/1420 1145/1422/1422 379/1285/1285 378/1286/1286
f 975/1810/1810 384/1280/1280 1142/1419/1419
f 380/1284/1284 379/1285/1285 1145/1422/1422
f 975/1810/1810 260/1279/1279 384/1280/1280
f 384/1280/1280 383/1281/1281 1142/1419/1419
f 382/1282/1282 381/1283/1283 1140/1417/1417
f 1445/1863/1863 954/1789/1789 955/1790/1790
f 635/1617/1617 1362/1702/1702 1354/1694/1694
f 1534/2157/2157 1533/2156/2156 1531/2154/2154 1532/2155/2155
f 1537/2160/2160 1536/2159/2159 1529/2152/2152 1535/2158/2158
f 1532/2155/2155 1531/2154/2154 1536/2159/2159 1537/2160/2160
f 1536/2159/2159 1528/2151/2151 1529/2152/2152
f 1530/2153/2153 1536/2159/2159 1531/2154/2154
f 1528/2151/2151 1536/2159/2159 1530/2153/2153
f 1551/2174/2174 1550/2173/2173 1540/2163/2163 1549/2172/2172
f 1535/2158/2158 1529/2152/2152 1550/2173/2173 1551/2174/2174
f 1554/2177/2177 1553/2176/2176 1538/2161/2161 1552/2175/2175
f 1549/2172/2172 1540/2163/2163 1553/2176/2176 1554/2177/2177
f 1553/2176/2176 1526/2149/2149 1538/2161/2161
f 1539/2162/2162 1553/2176/2176 1540/2163/2163
f 1526/2149/2149 1553/2176/2176 1539/2162/2162
f 1550/2173/2173 1539/2162/2162 1540/2163/2163
f 1528/2151/2151 1550/2173/2173 1529/2152/2152
f 1539/2162/2162 1550/2173/2173 1528/2151/2151
f 1846/2610/2610 1539/2162/2162 1528/2151/2151
f 1539/2162/2162 1525/2148/2148 1526/2149/2149
f 1525/2148/2148 1846/2610/2610 1527/2150/2150
f 1846/2610/2610 1525/2148/2148 1539/2162/2162
f 1530/2153/2153 1847/2611/2611 1846/2610/2610 1528/2151/2151
f 1847/2611/2611 1843/2607/2607 1527/2150/2150 1846/2610/2610
f 1560/2183/2183 1559/2182/2182 1557/2180/2180 1558/2181/2181
f 1552/2175/2175 1538/2161/2161 1559/2182/2182 1560/2183/2183
f 1563/2186/2186 1562/2185/2185 1555/2178/2178 1561/2184/2184
f 1558/2181/2181 1557/2180/2180 1562/2185/2185 1563/2186/2186
f 1562/2185/2185 1543/2166/2166 1555/2178/2178
f 1556/2179/2179 1562/2185/2185 1557/2180/2180
f 1543/2166/2166 1562/2185/2185 1556/2179/2179
f 1559/2182/2182 1556/2179/2179 1557/2180/2180
f 1526/2149/2149 1559/2182/2182 1538/2161/2161
f 1556/2179/2179 1559/2182/2182 1526/2149/2149
f 1572/2195/2195 1571/2194/2194 1566/2189/2189 1570/2193/2193
f 1561/2184/2184 1555/2178/2178 1571/2194/2194 1572/2195/2195
f 1575/2198/2198 1574/2197/2197 1564/2187/2187 1573/2196/2196
f 1570/2193/2193 1566/2189/2189 1574/2197/2197 1575/2198/2198
f 1574/2197/2197 1541/2164/2164 1564/2187/2187
f 1565/2188/2188 1574/2197/2197 1566/2189/2189
f 1541/2164/2164 1574/2197/2197 1565/2188/2188
f 1571/2194/2194 1565/2188/2188 1566/2189/2189
f 1543/2166/2166 1571/2194/2194 1555/2178/2178
f 1565/2188/2188 1571/2194/2194 1543/2166/2166
f 1565/2188/2188 1523/2146/2146 1541/2164/2164
f 1542/2165/2165 1565/2188/2188 1543/2166/2166
f 1523/2146/2146 1565/2188/2188 1542/2165/2165
f 1556/2179/2179 1542/2165/2165 1543/2166/2166
f 1525/2148/2148 1556/2179/2179 1526/2149/2149
f 1542/2165/2165 1556/2179/2179 1525/2148/2148
f 1838/2602/2602 1542/2165/2165 1525/2148/2148
f 1542/2165/2165 1522/2145/2145 1523/2146/2146
f 1522/2145/2145 1838/2602/2602 1524/2147/2147
f 1838/2602/2602 1522/2145/2145 1542/2165/2165
f 1843/2607/2607 1845/2609/2609 1844/2608/2608 1527/2150/2150
f 1845/2609/2609 1840/2604/2604 1839/2603/2603 1844/2608/2608
f 1844/2608/2608 1525/2148/2148 1527/2150/2150
f 1838/2602/2602 1844/2608/2608 1839/2603/2603
f 1525/2148/2148 1844/2608/2608 1838/2602/2602
f 1841/2605/2605 1838/2602/2602 1839/2603/2603
f 1524/2147/2147 1841/2605/2605 1829/2593/2593
f 1838/2602/2602 1841/2605/2605 1524/2147/2147
f 1840/2604/2604 1842/2606/2606 1841/2605/2605 1839/2603/2603
f 1842/2606/2606 1835/2599/2599 1829/2593/2593 1841/2605/2605
f 1581/2204/2204 1580/2203/2203 1578/2201/2201 1579/2202/2202
f 1573/2196/2196 1564/2187/2187 1580/2203/2203 1581/2204/2204
f 1584/2207/2207 1583/2206/2206 1576/2199/2199 1582/2205/2205
f 1579/2202/2202 1578/2201/2201 1583/2206/2206 1584/2207/2207
f 1583/2206/2206 1569/2192/2192 1576/2199/2199
f 1577/2200/2200 1583/2206/2206 1578/2201/2201
f 1569/2192/2192 1583/2206/2206 1577/2200/2200
f 1580/2203/2203 1577/2200/2200 1578/2201/2201
f 1541/2164/2164 1580/2203/2203 1564/2187/2187
f 1577/2200/2200 1580/2203/2203 1541/2164/2164
f 1596/2219/2219 1595/2218/2218 1587/2210/2210 1594/2217/2217
f 1582/2205/2205 1576/2199/2199 1595/2218/2218 1596/2219/2219
f 1599/2222/2222 1598/2221/2221 1585/2208/2208 1597/2220/2220
f 1594/2217/2217 1587/2210/2210 1598/2221/2221 1599/2222/2222
f 1598/2221/2221 1567/2190/2190 1585/2208/2208
f 1586/2209/2209 1598/2221/2221 1587/2210/2210
f 1567/2190/2190 1598/2221/2221 1586/2209/2209
f 1595/2218/2218 1586/2209/2209 1587/2210/2210
f 1569/2192/2192 1595/2218/2218 1576/2199/2199
f 1586/2209/2209 1595/2218/2218 1569/2192/2192
f 1586/2209/2209 1546/2169/2169 1567/2190/2190
f 1568/2191/2191 1586/2209/2209 1569/2192/2192
f 1546/2169/2169 1586/2209/2209 1568/2191/2191
f 1577/2200/2200 1568/2191/2191 1569/2192/2192
f 1523/2146/2146 1577/2200/2200 1541/2164/2164
f 1568/2191/2191 1577/2200/2200 1523/2146/2146
f 1605/2228/2228 1604/2227/2227 1602/2225/2225 1603/2226/2226
f 1597/2220/2220 1585/2208/2208 1604/2227/2227 1605/2228/2228
f 1608/2231/2231 1607/2230/2230 1600/2223/2223 1606/2229/2229
f 1603/2226/2226 1602/2225/2225 1607/2230/2230 1608/2231/2231
f 1607/2230/2230 1590/2213/2213 1600/2223/2223
f 1601/2224/2224 1607/2230/2230 1602/2225/2225
f 1590/2213/2213 1607/2230/2230 1601/2224/2224
f 1604/2227/2227 1601/2224/2224 1602/2225/2225
f 1567/2190/2190 1604/2227/2227 1585/2208/2208
f 1601/2224/2224 1604/2227/2227 1567/2190/2190
f 1617/2240/2240 1616/2239/2239 1611/2234/2234 1615/2238/2238
f 1606/2229/2229 1600/2223/2223 1616/2239/2239 1617/2240/2240
f 1620/2243/2243 1619/2242/2242 1609/2232/2232 1618/2241/2241
f 1615/2238/2238 1611/2234/2234 1619/2242/2242 1620/2243/2243
f 1619/2242/2242 1588/2211/2211 1609/2232/2232
f 1610/2233/2233 1619/2242/2242 1611/2234/2234
f 1588/2211/2211 1619/2242/2242 1610/2233/2233
f 1616/2239/2239 1610/2233/2233 1611/2234/2234
f 1590/2213/2213 1616/2239/2239 1600/2223/2223
f 1610/2233/2233 1616/2239/2239 1590/2213/2213
f 1610/2233/2233 1544/2167/2167 1588/2211/2211
f 1589/2212/2212 1610/2233/2233 1590/2213/2213
f 1544/2167/2167 1610/2233/2233 1589/2212/2212
f 1601/2224/2224 1589/2212/2212 1590/2213/2213
f 1546/2169/2169 1601/2224/2224 1567/2190/2190
f 1589/2212/2212 1601/2224/2224 1546/2169/2169
f 1589/2212/2212 1520/2143/2143 1544/2167/2167
f 1545/2168/2168 1589/2212/2212 1546/2169/2169
f 1520/2143/2143 1589/2212/2212 1545/2168/2168
f 1568/2191/2191 1545/2168/2168 1546/2169/2169
f 1522/2145/2145 1568/2191/2191 1523/2146/2146
f 1545/2168/2168 1568/2191/2191 1522/2145/2145
f 1812/2576/2576 1545/2168/2168 1522/2145/2145
f 1545/2168/2168 1519/2142/2142 1520/2143/2143
f 1519/2142/2142 1812/2576/2576 1521/2144/2144
f 1812/2576/2576 1519/2142/2142 1545/2168/2168
f 1835/2599/2599 1837/2601/2601 1836/2600/2600 1829/2593/2593
f 1837/2601/2601 1832/2596/2596 1831/2595/2595 1836/2600/2600
f 1836/2600/2600 1524/2147/2147 1829/2593/2593
f 1830/2594/2594 1836/2600/2600 1831/2595/2595
f 1524/2147/2147 1836/2600/2600 1830/2594/2594
f 1833/2597/2597 1830/2594/2594 1831/2595/2595
f 1813/2577/2577 1833/2597/2597 1820/2584/2584
f 1830/2594/2594 1833/2597/2597 1813/2577/2577
f 1832/2596/2596 1834/2598/2598 1833/2597/2597 1831/2595/2595
f 1834/2598/2598 1826/2590/2590 1820/2584/2584 1833/2597/2597
f 1830/2594/2594 1522/2145/2145 1524/2147/2147
f 1812/2576/2576 1830/2594/2594 1813/2577/2577
f 1522/2145/2145 1830/2594/2594 1812/2576/2576
f 1821/2585/2585 1812/2576/2576 1813/2577/2577
f 1521/2144/2144 1821/2585/2585 1791/2555/2555
f 1812/2576/2576 1821/2585/2585 1521/2144/2144
f 1826/2590/2590 1828/2592/2592 1827/2591/2591 1820/2584/2584
f 1828/2592/2592 1823/2587/2587 1822/2586/2586 1827/2591/2591
f 1827/2591/2591 1813/2577/2577 1820/2584/2584
f 1821/2585/2585 1827/2591/2591 1822/2586/2586
f 1813/2577/2577 1827/2591/2591 1821/2585/2585
f 1824/2588/2588 1821/2585/2585 1822/2586/2586
f 1791/2555/2555 1824/2588/2588 1809/2573/2573
f 1821/2585/2585 1824/2588/2588 1791/2555/2555
f 1823/2587/2587 1825/2589/2589 1824/2588/2588 1822/2586/2586
f 1825/2589/2589 1817/2581/2581 1809/2573/2573 1824/2588/2588
f 1626/2249/2249 1625/2248/2248 1623/2246/2246 1624/2247/2247
f 1618/2241/2241 1609/2232/2232 1625/2248/2248 1626/2249/2249
f 1629/2252/2252 1628/2251/2251 1621/2244/2244 1627/2250/2250
f 1624/2247/2247 1623/2246/2246 1628/2251/2251 1629/2252/2252
f 1628/2251/2251 1614/2237/2237 1621/2244/2244
f 1622/2245/2245 1628/2251/2251 1623/2246/2246
f 1614/2237/2237 1628/2251/2251 1622/2245/2245
f 1625/2248/2248 1622/2245/2245 1623/2246/2246
f 1588/2211/2211 1625/2248/2248 1609/2232/2232
f 1622/2245/2245 1625/2248/2248 1588/2211/2211
f 1640/2263/2263 1639/2262/2262 1632/2255/2255 1638/2261/2261
f 1627/2250/2250 1621/2244/2244 1639/2262/2262 1640/2263/2263
f 1643/2266/2266 1642/2265/2265 1630/2253/2253 1641/2264/2264
f 1638/2261/2261 1632/2255/2255 1642/2265/2265 1643/2266/2266
f 1642/2265/2265 1612/2235/2235 1630/2253/2253
f 1631/2254/2254 1642/2265/2265 1632/2255/2255
f 1612/2235/2235 1642/2265/2265 1631/2254/2254
f 1639/2262/2262 1631/2254/2254 1632/2255/2255
f 1614/2237/2237 1639/2262/2262 1621/2244/2244
f 1631/2254/2254 1639/2262/2262 1614/2237/2237
f 1631/2254/2254 1593/2216/2216 1612/2235/2235
f 1613/2236/2236 1631/2254/2254 1614/2237/2237
f 1593/2216/2216 1631/2254/2254 1613/2236/2236
f 1622/2245/2245 1613/2236/2236 1614/2237/2237
f 1544/2167/2167 1622/2245/2245 1588/2211/2211
f 1613/2236/2236 1622/2245/2245 1544/2167/2167
f 1649/2272/2272 1648/2271/2271 1646/2269/2269 1647/2270/2270
f 1641/2264/2264 1630/2253/2253 1648/2271/2271 1649/2272/2272
f 1652/2275/2275 1651/2274/2274 1644/2267/2267 1650/2273/2273
f 1647/2270/2270 1646/2269/2269 1651/2274/2274 1652/2275/2275
f 1651/2274/2274 1635/2258/2258 1644/2267/2267
f 1645/2268/2268 1651/2274/2274 1646/2269/2269
f 1635/2258/2258 1651/2274/2274 1645/2268/2268
f 1648/2271/2271 1645/2268/2268 1646/2269/2269
f 1612/2235/2235 1648/2271/2271 1630/2253/2253
f 1645/2268/2268 1648/2271/2271 1612/2235/2235
f 1661/2284/2284 1660/2283/2283 1655/2278/2278 1659/2282/2282
f 1650/2273/2273 1644/2267/2267 1660/2283/2283 1661/2284/2284
f 1664/2287/2287 1663/2286/2286 1653/2276/2276 1662/2285/2285
f 1659/2282/2282 1655/2278/2278 1663/2286/2286 1664/2287/2287
f 1663/2286/2286 1633/2256/2256 1653/2276/2276
f 1654/2277/2277 1663/2286/2286 1655/2278/2278
f 1633/2256/2256 1663/2286/2286 1654/2277/2277
f 1660/2283/2283 1654/2277/2277 1655/2278/2278
f 1635/2258/2258 1660/2283/2283 1644/2267/2267
f 1654/2277/2277 1660/2283/2283 1635/2258/2258
f 1654/2277/2277 1591/2214/2214 1633/2256/2256
f 1634/2257/2257 1654/2277/2277 1635/2258/2258
f 1591/2214/2214 1654/2277/2277 1634/2257/2257
f 1645/2268/2268 1634/2257/2257 1635/2258/2258
f 1593/2216/2216 1645/2268/2268 1612/2235/2235
f 1634/2257/2257 1645/2268/2268 1593/2216/2216
f 1634/2257/2257 1548/2171/2171 1591/2214/2214
f 1592/2215/2215 1634/2257/2257 1593/2216/2216
f 1548/2171/2171 1634/2257/2257 1592/2215/2215
f 1613/2236/2236 1592/2215/2215 1593/2216/2216
f 1520/2143/2143 1613/2236/2236 1544/2167/2167
f 1592/2215/2215 1613/2236/2236 1520/2143/2143
f 1670/2293/2293 1669/2292/2292 1667/2290/2290 1668/2291/2291
f 1662/2285/2285 1653/2276/2276 1669/2292/2292 1670/2293/2293
f 1673/2296/2296 1672/2295/2295 1665/2288/2288 1671/2294/2294
f 1668/2291/2291 1667/2290/2290 1672/2295/2295 1673/2296/2296
f 1672/2295/2295 1658/2281/2281 1665/2288/2288
f 1666/2289/2289 1672/2295/2295 1667/2290/2290
f 1658/2281/2281 1672/2295/2295 1666/2289/2289
f 1669/2292/2292 1666/2289/2289 1667/2290/2290
f 1633/2256/2256 1669/2292/2292 1653/2276/2276
f 1666/2289/2289 1669/2292/2292 1633/2256/2256
f 1681/2304/2304 1680/2303/2303 1676/2299/2299 1679/2302/2302
f 1671/2294/2294 1665/2288/2288 1680/2303/2303 1681/2304/2304
f 1684/2307/2307 1683/2306/2306 1674/2297/2297 1682/2305/2305
f 1679/2302/2302 1676/2299/2299 1683/2306/2306 1684/2307/2307
f 1683/2306/2306 1656/2279/2279 1674/2297/2297
f 1675/2298/2298 1683/2306/2306 1676/2299/2299
f 1656/2279/2279 1683/2306/2306 1675/2298/2298
f 1680/2303/2303 1675/2298/2298 1676/2299/2299
f 1658/2281/2281 1680/2303/2303 1665/2288/2288
f 1675/2298/2298 1680/2303/2303 1658/2281/2281
f 1675/2298/2298 1637/2260/2260 1656/2279/2279
f 1657/2280/2280 1675/2298/2298 1658/2281/2281
f 1637/2260/2260 1675/2298/2298 1657/2280/2280
f 1666/2289/2289 1657/2280/2280 1658/2281/2281
f 1591/2214/2214 1666/2289/2289 1633/2256/2256
f 1657/2280/2280 1666/2289/2289 1591/2214/2214
f 1690/2313/2313 1689/2312/2312 1687/2310/2310 1688/2311/2311
f 1682/2305/2305 1674/2297/2297 1689/2312/2312 1690/2313/2313
f 1693/2316/2316 1692/2315/2315 1685/2308/2308 1691/2314/2314
f 1688/2311/2311 1687/2310/2310 1692/2315/2315 1693/2316/2316
f 1692/2315/2315 1678/2301/2301 1685/2308/2308
f 1686/2309/2309 1692/2315/2315 1687/2310/2310
f 1678/2301/2301 1692/2315/2315 1686/2309/2309
f 1689/2312/2312 1686/2309/2309 1687/2310/2310
f 1656/2279/2279 1689/2312/2312 1674/2297/2297
f 1686/2309/2309 1689/2312/2312 1656/2279/2279
f 1698/2321/2321 1697/2320/2320 1695/2318/2318 1696/2319/2319
f 1691/2314/2314 1685/2308/2308 1697/2320/2320 1698/2321/2321
f 1696/2319/2319 1695/2318/2318 1699/2322/2322 1700/2323/2323
f 1697/2320/2320 1694/2317/2317 1695/2318/2318
f 1678/2301/2301 1697/2320/2320 1685/2308/2308
f 1694/2317/2317 1697/2320/2320 1678/2301/2301
f 1678/2301/2301 1848/2690/2690 1850/2692/2692 1694/2317/2317
f 1848/2690/2690 1677/2300/2300 1849/2691/2691 1850/2692/2692
f 1686/2309/2309 1848/2690/2690 1678/2301/2301
f 1848/2690/2690 1637/2260/2260 1677/2300/2300
f 1637/2260/2260 1686/2309/2309 1656/2279/2279
f 1686/2309/2309 1637/2260/2260 1848/2690/2690
f 1857/2699/2699 1851/2693/2693 1853/2695/2695
f 1637/2260/2260 1857/2699/2699 1677/2300/2300
f 1851/2693/2693 1857/2699/2699 1637/2260/2260
f 1677/2300/2300 1857/2699/2699 1859/2701/2701 1849/2691/2691
f 1857/2699/2699 1853/2695/2695 1858/2700/2700 1859/2701/2701
f 1853/2695/2695 1860/2702/2702 1862/2704/2704 1858/2700/2700
f 1860/2702/2702 1852/2694/2694 1861/2703/2703 1862/2704/2704
f 1860/2702/2702 1636/2259/2259 1852/2694/2694
f 1851/2693/2693 1860/2702/2702 1853/2695/2695
f 1636/2259/2259 1860/2702/2702 1851/2693/2693
f 1657/2280/2280 1851/2693/2693 1637/2260/2260
f 1851/2693/2693 1548/2171/2171 1636/2259/2259
f 1548/2171/2171 1657/2280/2280 1591/2214/2214
f 1657/2280/2280 1548/2171/2171 1851/2693/2693
f 1863/2705/2705 1854/2696/2696 1856/2698/2698
f 1548/2171/2171 1863/2705/2705 1636/2259/2259
f 1854/2696/2696 1863/2705/2705 1548/2171/2171
f 1866/2708/2708 1863/2705/2705 1865/2707/2707
f 1636/2259/2259 1866/2708/2708 1852/2694/2694
f 1863/2705/2705 1866/2708/2708 1636/2259/2259
f 1852/2694/2694 1866/2708/2708 1868/2710/2710 1861/2703/2703
f 1866/2708/2708 1865/2707/2707 1867/2709/2709 1868/2710/2710
f 1865/2707/2707 1869/2711/2711 1871/2713/2713 1867/2709/2709
f 1869/2711/2711 1864/2706/2706 1870/2712/2712 1871/2713/2713
f 1869/2711/2711 1856/2698/2698 1864/2706/2706
f 1863/2705/2705 1869/2711/2711 1865/2707/2707
f 1856/2698/2698 1869/2711/2711 1863/2705/2705
f 1877/2719/2719 1872/2714/2714 1874/2716/2716
f 1856/2698/2698 1877/2719/2719 1864/2706/2706
f 1872/2714/2714 1877/2719/2719 1856/2698/2698
f 1864/2706/2706 1877/2719/2719 1879/2721/2721 1870/2712/2712
f 1877/2719/2719 1874/2716/2716 1878/2720/2720 1879/2721/2721
f 1874/2716/2716 1880/2722/2722 1882/2724/2724 1878/2720/2720
f 1880/2722/2722 1873/2715/2715 1881/2723/2723 1882/2724/2724
f 1880/2722/2722 1855/2697/2697 1873/2715/2715
f 1872/2714/2714 1880/2722/2722 1874/2716/2716
f 1855/2697/2697 1880/2722/2722 1872/2714/2714
f 1872/2714/2714 1547/2170/2170 1855/2697/2697
f 1854/2696/2696 1872/2714/2714 1856/2698/2698
f 1547/2170/2170 1872/2714/2714 1854/2696/2696
f 1592/2215/2215 1854/2696/2696 1548/2171/2171
f 1854/2696/2696 1519/2142/2142 1547/2170/2170
f 1519/2142/2142 1592/2215/2215 1520/2143/2143
f 1592/2215/2215 1519/2142/2142 1854/2696/2696
f 1875/2717/2717 1719/2405/2405 1702/2388/2388
f 1719/2405/2405 1519/2142/2142 1701/2387/2387
f 1519/2142/2142 1875/2717/2717 1547/2170/2170
f 1875/2717/2717 1519/2142/2142 1719/2405/2405
f 1883/2725/2725 1875/2717/2717 1876/2718/2718
f 1547/2170/2170 1883/2725/2725 1855/2697/2697
f 1875/2717/2717 1883/2725/2725 1547/2170/2170
f 1886/2728/2728 1883/2725/2725 1885/2727/2727
f 1855/2697/2697 1886/2728/2728 1873/2715/2715
f 1883/2725/2725 1886/2728/2728 1855/2697/2697
f 1873/2715/2715 1886/2728/2728 1888/2730/2730 1881/2723/2723
f 1886/2728/2728 1885/2727/2727 1887/2729/2729 1888/2730/2730
f 1885/2727/2727 1889/2731/2731 1891/2733/2733 1887/2729/2729
f 1889/2731/2731 1884/2726/2726 1890/2732/2732 1891/2733/2733
f 1889/2731/2731 1876/2718/2718 1884/2726/2726
f 1883/2725/2725 1889/2731/2731 1885/2727/2727
f 1876/2718/2718 1889/2731/2731 1883/2725/2725
f 1895/2737/2737 1892/2734/2734 1894/2736/2736
f 1876/2718/2718 1895/2737/2737 1884/2726/2726
f 1892/2734/2734 1895/2737/2737 1876/2718/2718
f 1884/2726/2726 1895/2737/2737 1897/2739/2739 1890/2732/2732
f 1895/2737/2737 1894/2736/2736 1896/2738/2738 1897/2739/2739
f 1894/2736/2736 1898/2740/2740 1900/2742/2742 1896/2738/2738
f 1898/2740/2740 1893/2735/2735 1899/2741/2741 1900/2742/2742
f 1898/2740/2740 1704/2390/2390 1893/2735/2735
f 1892/2734/2734 1898/2740/2740 1894/2736/2736
f 1704/2390/2390 1898/2740/2740 1892/2734/2734
f 1892/2734/2734 1702/2388/2388 1704/2390/2390
f 1875/2717/2717 1892/2734/2734 1876/2718/2718
f 1702/2388/2388 1892/2734/2734 1875/2717/2717
f 1901/2743/2743 1716/2402/2402 1705/2391/2391
f 1716/2402/2402 1702/2388/2388 1703/2389/2389
f 1702/2388/2388 1901/2743/2743 1704/2390/2390
f 1901/2743/2743 1702/2388/2388 1716/2402/2402
f 1903/2745/2745 1901/2743/2743 1902/2744/2744
f 1704/2390/2390 1903/2745/2745 1893/2735/2735
f 1901/2743/2743 1903/2745/2745 1704/2390/2390
f 1893/2735/2735 1903/2745/2745 1905/2747/2747 1899/2741/2741
f 1903/2745/2745 1902/2744/2744 1904/2746/2746 1905/2747/2747
f 1902/2744/2744 1906/2748/2748 1908/2750/2750 1904/2746/2746
f 1906/2748/2748 1707/2393/2393 1907/2749/2749 1908/2750/2750
f 1906/2748/2748 1705/2391/2391 1707/2393/2393
f 1901/2743/2743 1906/2748/2748 1902/2744/2744
f 1705/2391/2391 1906/2748/2748 1901/2743/2743
f 1909/2751/2751 1713/2399/2399 1708/2394/2394
f 1713/2399/2399 1705/2391/2391 1706/2392/2392
f 1705/2391/2391 1909/2751/2751 1707/2393/2393
f 1909/2751/2751 1705/2391/2391 1713/2399/2399
f 1707/2393/2393 1909/2751/2751 1910/2752/2752 1907/2749/2749
f 1909/2751/2751 1708/2394/2394 1710/2396/2396 1910/2752/2752
f 1708/2394/2394 1709/2395/2395 1711/2397/2397 1710/2396/2396
f 1706/2392/2392 1712/2398/2398 1714/2400/2400 1713/2399/2399
f 1713/2399/2399 1714/2400/2400 1709/2395/2395 1708/2394/2394
f 1726/2412/2412 1703/2389/2389 1715/2401/2401
f 1716/2402/2402 1726/2412/2412 1717/2403/2403
f 1703/2389/2389 1726/2412/2412 1716/2402/2402
f 1723/2409/2409 1716/2402/2402 1717/2403/2403
f 1705/2391/2391 1723/2409/2409 1706/2392/2392
f 1716/2402/2402 1723/2409/2409 1705/2391/2391
f 1717/2403/2403 1722/2408/2408 1724/2410/2410 1723/2409/2409
f 1723/2409/2409 1724/2410/2410 1712/2398/2398 1706/2392/2392
f 1715/2401/2401 1725/2411/2411 1727/2413/2413 1726/2412/2412
f 1726/2412/2412 1727/2413/2413 1722/2408/2408 1717/2403/2403
f 1738/2424/2424 1701/2387/2387 1718/2404/2404
f 1719/2405/2405 1738/2424/2424 1720/2406/2406
f 1701/2387/2387 1738/2424/2424 1719/2405/2405
f 1729/2415/2415 1719/2405/2405 1720/2406/2406
f 1702/2388/2388 1729/2415/2415 1703/2389/2389
f 1719/2405/2405 1729/2415/2415 1702/2388/2388
f 1735/2421/2421 1720/2406/2406 1728/2414/2414
f 1729/2415/2415 1735/2421/2421 1730/2416/2416
f 1720/2406/2406 1735/2421/2421 1729/2415/2415
f 1732/2418/2418 1729/2415/2415 1730/2416/2416
f 1703/2389/2389 1732/2418/2418 1715/2401/2401
f 1729/2415/2415 1732/2418/2418 1703/2389/2389
f 1730/2416/2416 1731/2417/2417 1733/2419/2419 1732/2418/2418
f 1732/2418/2418 1733/2419/2419 1725/2411/2411 1715/2401/2401
f 1728/2414/2414 1734/2420/2420 1736/2422/2422 1735/2421/2421
f 1735/2421/2421 1736/2422/2422 1731/2417/2417 1730/2416/2416
f 1747/2433/2433 1718/2404/2404 1737/2423/2423
f 1738/2424/2424 1747/2433/2433 1739/2425/2425
f 1718/2404/2404 1747/2433/2433 1738/2424/2424
f 1744/2430/2430 1738/2424/2424 1739/2425/2425
f 1720/2406/2406 1744/2430/2430 1728/2414/2414
f 1738/2424/2424 1744/2430/2430 1720/2406/2406
f 1739/2425/2425 1743/2429/2429 1745/2431/2431 1744/2430/2430
f 1744/2430/2430 1745/2431/2431 1734/2420/2420 1728/2414/2414
f 1737/2423/2423 1746/2432/2432 1748/2434/2434 1747/2433/2433
f 1747/2433/2433 1748/2434/2434 1743/2429/2429 1739/2425/2425
f 1817/2581/2581 1819/2583/2583 1818/2582/2582 1809/2573/2573
f 1819/2583/2583 1814/2578/2578 1811/2575/2575 1818/2582/2582
f 1818/2582/2582 1791/2555/2555 1809/2573/2573
f 1810/2574/2574 1818/2582/2582 1811/2575/2575
f 1791/2555/2555 1818/2582/2582 1810/2574/2574
f 1815/2579/2579 1810/2574/2574 1811/2575/2575
f 1793/2557/2557 1815/2579/2579 1800/2564/2564
f 1810/2574/2574 1815/2579/2579 1793/2557/2557
f 1814/2578/2578 1816/2580/2580 1815/2579/2579 1811/2575/2575
f 1816/2580/2580 1806/2570/2570 1800/2564/2564 1815/2579/2579
f 1810/2574/2574 1521/2144/2144 1791/2555/2555
f 1792/2556/2556 1810/2574/2574 1793/2557/2557
f 1521/2144/2144 1810/2574/2574 1792/2556/2556
f 1801/2565/2565 1792/2556/2556 1793/2557/2557
f 1721/2407/2407 1801/2565/2565 1761/2447/2447
f 1792/2556/2556 1801/2565/2565 1721/2407/2407
f 1806/2570/2570 1808/2572/2572 1807/2571/2571 1800/2564/2564
f 1808/2572/2572 1803/2567/2567 1802/2566/2566 1807/2571/2571
f 1807/2571/2571 1793/2557/2557 1800/2564/2564
f 1801/2565/2565 1807/2571/2571 1802/2566/2566
f 1793/2557/2557 1807/2571/2571 1801/2565/2565
f 1804/2568/2568 1801/2565/2565 1802/2566/2566
f 1761/2447/2447 1804/2568/2568 1788/2552/2552
f 1801/2565/2565 1804/2568/2568 1761/2447/2447
f 1803/2567/2567 1805/2569/2569 1804/2568/2568 1802/2566/2566
f 1805/2569/2569 1797/2561/2561 1788/2552/2552 1804/2568/2568
f 1741/2427/2427 1792/2556/2556 1721/2407/2407
f 1792/2556/2556 1519/2142/2142 1521/2144/2144
f 1519/2142/2142 1741/2427/2427 1701/2387/2387
f 1741/2427/2427 1519/2142/2142 1792/2556/2556
f 1759/2445/2445 1721/2407/2407 1740/2426/2426
f 1741/2427/2427 1759/2445/2445 1742/2428/2428
f 1721/2407/2407 1759/2445/2445 1741/2427/2427
f 1750/2436/2436 1741/2427/2427 1742/2428/2428
f 1701/2387/2387 1750/2436/2436 1718/2404/2404
f 1741/2427/2427 1750/2436/2436 1701/2387/2387
f 1756/2442/2442 1742/2428/2428 1749/2435/2435
f 1750/2436/2436 1756/2442/2442 1751/2437/2437
f 1742/2428/2428 1756/2442/2442 1750/2436/2436
f 1753/2439/2439 1750/2436/2436 1751/2437/2437
f 1718/2404/2404 1753/2439/2439 1737/2423/2423
f 1750/2436/2436 1753/2439/2439 1718/2404/2404
f 1751/2437/2437 1752/2438/2438 1754/2440/2440 1753/2439/2439
f 1753/2439/2439 1754/2440/2440 1746/2432/2432 1737/2423/2423
f 1749/2435/2435 1755/2441/2441 1757/2443/2443 1756/2442/2442
f 1756/2442/2442 1757/2443/2443 1752/2438/2438 1751/2437/2437
f 1767/2453/2453 1740/2426/2426 1758/2444/2444
f 1759/2445/2445 1767/2453/2453 1760/2446/2446
f 1740/2426/2426 1767/2453/2453 1759/2445/2445
f 1764/2450/2450 1759/2445/2445 1760/2446/2446
f 1742/2428/2428 1764/2450/2450 1749/2435/2435
f 1759/2445/2445 1764/2450/2450 1742/2428/2428
f 1760/2446/2446 1763/2449/2449 1765/2451/2451 1764/2450/2450
f 1764/2450/2450 1765/2451/2451 1755/2441/2441 1749/2435/2435
f 1758/2444/2444 1766/2452/2452 1768/2454/2454 1767/2453/2453
f 1767/2453/2453 1768/2454/2454 1763/2449/2449 1760/2446/2446
f 1797/2561/2561 1799/2563/2563 1798/2562/2562 1788/2552/2552
f 1799/2563/2563 1794/2558/2558 1790/2554/2554 1798/2562/2562
f 1798/2562/2562 1761/2447/2447 1788/2552/2552
f 1789/2553/2553 1798/2562/2562 1790/2554/2554
f 1761/2447/2447 1798/2562/2562 1789/2553/2553
f 1795/2559/2559 1789/2553/2553 1790/2554/2554
f 1762/2448/2448 1795/2559/2559 1778/2464/2464
f 1789/2553/2553 1795/2559/2559 1762/2448/2448
f 1794/2558/2558 1796/2560/2560 1795/2559/2559 1790/2554/2554
f 1796/2560/2560 1785/2549/2549 1778/2464/2464 1795/2559/2559
f 1770/2456/2456 1789/2553/2553 1762/2448/2448
f 1789/2553/2553 1721/2407/2407 1761/2447/2447
f 1721/2407/2407 1770/2456/2456 1740/2426/2426
f 1770/2456/2456 1721/2407/2407 1789/2553/2553
f 1776/2462/2462 1762/2448/2448 1769/2455/2455
f 1770/2456/2456 1776/2462/2462 1771/2457/2457
f 1762/2448/2448 1776/2462/2462 1770/2456/2456
f 1773/2459/2459 1770/2456/2456 1771/2457/2457
f 1740/2426/2426 1773/2459/2459 1758/2444/2444
f 1770/2456/2456 1773/2459/2459 1740/2426/2426
f 1771/2457/2457 1772/2458/2458 1774/2460/2460 1773/2459/2459
f 1773/2459/2459 1774/2460/2460 1766/2452/2452 1758/2444/2444
f 1769/2455/2455 1775/2461/2461 1777/2463/2463 1776/2462/2462
f 1776/2462/2462 1777/2463/2463 1772/2458/2458 1771/2457/2457
f 1785/2549/2549 1787/2551/2551 1786/2550/2550 1778/2464/2464
f 1787/2551/2551 1783/2469/2469 1779/2465/2465 1786/2550/2550
f 1781/2467/2467 1786/2550/2550 1779/2465/2465
f 1786/2550/2550 1762/2448/2448 1778/2464/2464
f 1762/2448/2448 1781/2467/2467 1769/2455/2455
f 1781/2467/2467 1762/2448/2448 1786/2550/2550
f 1779/2465/2465 1780/2466/2466 1782/2468/2468 1781/2467/2467
f 1781/2467/2467 1782/2468/2468 1775/2461/2461 1769/2455/2455
f 1783/2469/2469 1784/2470/2470 1780/2466/2466 1779/2465/2465
f 807/2688/2688 1711/2397/2397 806/2689/2689
f 601/2015/2015 806/2689/2689 727/2324/2324
f 1710/2396/2396 809/2686/2686 810/2685/2685
f 811/2684/2684 812/2683/2683 1910/2752/2752
f 808/2687/2687 809/2686/2686 1711/2397/2397
f 810/2685/2685 811/2684/2684 1710/2396/2396
f 812/2683/2683 813/2682/2682 1910/2752/2752
f 814/2681/2681 815/2680/2680 1907/2749/2749
f 1907/2749/2749 815/2680/2680 816/2679/2679
f 817/2678/2678 1908/2750/2750 816/2679/2679
f 818/2677/2677 819/2676/2676 1908/2750/2750
f 1908/2750/2750 817/2678/2678 818/2677/2677
f 814/2681/2681 1910/2752/2752 813/2682/2682
f 807/2688/2688 808/2687/2687 1711/2397/2397
f 820/2675/2675 821/2674/2674 1904/2746/2746
f 806/2689/2689 1711/2397/2397 727/2324/2324
f 822/2673/2673 1905/2747/2747 821/2674/2674
f 1907/2749/2749 1910/2752/2752 814/2681/2681
f 1711/2397/2397 809/2686/2686 1710/2396/2396
f 820/2675/2675 1904/2746/2746 819/2676/2676
f 1710/2396/2396 811/2684/2684 1910/2752/2752
f 1711/2397/2397 726/2325/2325 727/2324/2324
f 1905/2747/2747 822/2673/2673 823/2672/2672
f 823/2672/2672 824/2671/2671 1905/2747/2747
f 824/2671/2671 825/2670/2670 1899/2741/2741
f 826/2669/2669 1899/2741/2741 825/2670/2670
f 1900/2742/2742 827/2668/2668 828/2667/2667
f 829/2666/2666 830/2665/2665 1896/2738/2738
f 1900/2742/2742 826/2669/2669 827/2668/2668
f 828/2667/2667 829/2666/2666 1896/2738/2738
f 831/2664/2664 1896/2738/2738 830/2665/2665
f 831/2664/2664 832/2663/2663 1897/2739/2739
f 1897/2739/2739 832/2663/2663 833/2662/2662
f 833/2662/2662 834/2661/2661 1890/2732/2732
f 1891/2733/2733 836/2659/2659 837/2658/2658
f 836/2659/2659 1890/2732/2732 835/2660/2660
f 1890/2732/2732 834/2661/2661 835/2660/2660
f 1887/2729/2729 838/2657/2657 839/2656/2656
f 1887/2729/2729 839/2656/2656 840/2655/2655
f 840/2655/2655 841/2654/2654 1887/2729/2729
f 845/2650/2650 1881/2723/2723 844/2651/2651
f 843/2652/2652 844/2651/2651 1881/2723/2723
f 842/2653/2653 843/2652/2652 1888/2730/2730
f 1888/2730/2730 841/2654/2654 842/2653/2653
f 1891/2733/2733 837/2658/2658 838/2657/2657
f 1882/2724/2724 846/2649/2649 847/2648/2648
f 1878/2720/2720 848/2647/2647 849/2646/2646
f 848/2647/2647 1882/2724/2724 847/2648/2648
f 849/2646/2646 850/2645/2645 1878/2720/2720
f 1879/2721/2721 852/2643/2643 853/2642/2642
f 850/2645/2645 851/2644/2644 1878/2720/2720
f 852/2643/2643 1879/2721/2721 851/2644/2644
f 853/2642/2642 854/2641/2641 1870/2712/2712
f 855/2640/2640 856/2639/2639 1870/2712/2712
f 856/2639/2639 857/2638/2638 1871/2713/2713
f 1871/2713/2713 857/2638/2638 858/2637/2637
f 860/2635/2635 861/2634/2634 1867/2709/2709
f 858/2637/2637 859/2636/2636 1867/2709/2709
f 854/2641/2641 855/2640/2640 1870/2712/2712
f 1881/2723/2723 845/2650/2650 846/2649/2649
f 859/2636/2636 860/2635/2635 1867/2709/2709
f 816/2679/2679 1908/2750/2750 1907/2749/2749
f 1709/2395/2395 725/2326/2326 726/2325/2325 1711/2397/2397
f 724/2327/2327 725/2326/2326 1709/2395/2395
f 723/2328/2328 1709/2395/2395 1714/2400/2400
f 721/2330/2330 722/2329/2329 1714/2400/2400
f 1709/2395/2395 723/2328/2328 724/2327/2327
f 1714/2400/2400 722/2329/2329 723/2328/2328
f 719/2332/2332 720/2331/2331 1712/2398/2398
f 718/2333/2333 1724/2410/2410 717/2334/2334
f 1724/2410/2410 718/2333/2333 719/2332/2332
f 1712/2398/2398 720/2331/2331 721/2330/2330
f 716/2335/2335 717/2334/2334 1722/2408/2408
f 1727/2413/2413 714/2337/2337 715/2336/2336
f 1722/2408/2408 715/2336/2336 716/2335/2335
f 714/2337/2337 1727/2413/2413 713/2338/2338
f 711/2340/2340 712/2339/2339 1725/2411/2411
f 709/2342/2342 710/2341/2341 1733/2419/2419
f 1733/2419/2419 710/2341/2341 711/2340/2340
f 707/2344/2344 708/2343/2343 1731/2417/2417
f 1736/2422/2422 706/2345/2345 707/2344/2344
f 706/2345/2345 1736/2422/2422 705/2346/2346
f 708/2343/2343 709/2342/2342 1731/2417/2417
f 1734/2420/2420 704/2347/2347 705/2346/2346
f 1745/2431/2431 701/2350/2350 702/2349/2349
f 1745/2431/2431 702/2349/2349 703/2348/2348
f 699/2352/2352 700/2351/2351 1743/2429/2429
f 698/2353/2353 699/2352/2352 1748/2434/2434
f 701/2350/2350 1743/2429/2429 700/2351/2351
f 704/2347/2347 1734/2420/2420 703/2348/2348
f 712/2339/2339 713/2338/2338 1725/2411/2411
f 697/2354/2354 698/2353/2353 1748/2434/2434
f 819/2676/2676 1904/2746/2746 1908/2750/2750
f 824/2671/2671 1899/2741/2741 1905/2747/2747
f 821/2674/2674 1905/2747/2747 1904/2746/2746
f 828/2667/2667 1896/2738/2738 1900/2742/2742
f 833/2662/2662 1890/2732/2732 1897/2739/2739
f 831/2664/2664 1897/2739/2739 1896/2738/2738
f 826/2669/2669 1900/2742/2742 1899/2741/2741
f 838/2657/2657 1887/2729/2729 1891/2733/2733
f 843/2652/2652 1881/2723/2723 1888/2730/2730
f 841/2654/2654 1888/2730/2730 1887/2729/2729
f 848/2647/2647 1878/2720/2720 1882/2724/2724
f 853/2642/2642 1870/2712/2712 1879/2721/2721
f 851/2644/2644 1879/2721/2721 1878/2720/2720
f 846/2649/2649 1882/2724/2724 1881/2723/2723
f 836/2659/2659 1891/2733/2733 1890/2732/2732
f 721/2330/2330 1714/2400/2400 1712/2398/2398
f 717/2334/2334 1724/2410/2410 1722/2408/2408
f 1724/2410/2410 719/2332/2332 1712/2398/2398
f 713/2338/2338 1727/2413/2413 1725/2411/2411
f 709/2342/2342 1733/2419/2419 1731/2417/2417
f 1733/2419/2419 711/2340/2340 1725/2411/2411
f 1727/2413/2413 715/2336/2336 1722/2408/2408
f 705/2346/2346 1736/2422/2422 1734/2420/2420
f 858/2637/2637 1867/2709/2709 1871/2713/2713
f 701/2350/2350 1745/2431/2431 1743/2429/2429
f 697/2354/2354 1748/2434/2434 1746/2432/2432
f 1748/2434/2434 699/2352/2352 1743/2429/2429
f 1745/2431/2431 703/2348/2348 1734/2420/2420
f 1736/2422/2422 707/2344/2344 1731/2417/2417
f 856/2639/2639 1871/2713/2713 1870/2712/2712
f 1746/2432/2432 696/2355/2355 697/2354/2354
f 1868/2710/2710 1867/2709/2709 861/2634/2634
f 1868/2710/2710 862/2633/2633 863/2632/2632
f 1861/2703/2703 864/2631/2631 865/2630/2630
f 866/2629/2629 867/2628/2628 1862/2704/2704
f 869/2626/2626 1858/2700/2700 868/2627/2627
f 867/2628/2628 868/2627/2627 1862/2704/2704
f 1861/2703/2703 863/2632/2632 864/2631/2631
f 1859/2701/2701 870/2625/2625 871/2624/2624
f 871/2624/2624 872/2623/2623 1859/2701/2701
f 870/2625/2625 1858/2700/2700 869/2626/2626
f 1849/2691/2691 874/2621/2621 875/2620/2620
f 1850/2692/2692 875/2620/2620 876/2619/2619
f 873/2622/2622 874/2621/2621 1849/2691/2691
f 872/2623/2623 873/2622/2622 1859/2701/2701
f 865/2630/2630 866/2629/2629 1862/2704/2704
f 1861/2703/2703 865/2630/2630 1862/2704/2704
f 870/2625/2625 1859/2701/2701 1858/2700/2700
f 1858/2700/2700 1862/2704/2704 868/2627/2627
f 1868/2710/2710 863/2632/2632 1861/2703/2703
f 1859/2701/2701 873/2622/2622 1849/2691/2691
f 876/2619/2619 877/2618/2618 1850/2692/2692
f 1849/2691/2691 875/2620/2620 1850/2692/2692
f 878/2617/2617 1850/2692/2692 877/2618/2618
f 879/2616/2616 880/2615/2615 1694/2317/2317
f 880/2615/2615 881/2614/2614 1699/2322/2322
f 1694/2317/2317 878/2617/2617 879/2616/2616
f 1695/2318/2318 1694/2317/2317 1699/2322/2322
f 881/2614/2614 882/2613/2613 1699/2322/2322
f 882/2613/2613 1700/2323/2323 1699/2322/2322
f 1694/2317/2317 880/2615/2615 1699/2322/2322
f 1694/2317/2317 1850/2692/2692 878/2617/2617
f 1868/2710/2710 861/2634/2634 862/2633/2633
f 508/2140/2140 1700/2323/2323 883/2612/2612
f 882/2613/2613 883/2612/2612 1700/2323/2323
f 883/2612/2612 259/2141/2141 508/2140/2140
f 507/2139/2139 1700/2323/2323 508/2140/2140
f 1696/2319/2319 1700/2323/2323 506/2138/2138
f 1691/2314/2314 1698/2321/2321 502/2134/2134
f 1698/2321/2321 1696/2319/2319 504/2136/2136
f 1693/2316/2316 1691/2314/2314 500/2132/2132
f 1700/2323/2323 507/2139/2139 506/2138/2138
f 1696/2319/2319 505/2137/2137 504/2136/2136
f 505/2137/2137 1696/2319/2319 506/2138/2138
f 1698/2321/2321 504/2136/2136 503/2135/2135
f 1691/2314/2314 502/2134/2134 501/2133/2133
f 501/2133/2133 500/2132/2132 1691/2314/2314
f 502/2134/2134 1698/2321/2321 503/2135/2135
f 500/2132/2132 499/2131/2131 1693/2316/2316
f 499/2131/2131 498/2130/2130 1693/2316/2316
f 1688/2311/2311 1693/2316/2316 498/2130/2130
f 1688/2311/2311 498/2130/2130 497/2129/2129
f 496/2128/2128 1688/2311/2311 497/2129/2129
f 1690/2313/2313 1688/2311/2311 496/2128/2128
f 1684/2307/2307 1682/2305/2305 492/2124/2124
f 1682/2305/2305 1690/2313/2313 494/2126/2126
f 1679/2302/2302 1684/2307/2307 490/2122/2122
f 495/2127/2127 1690/2313/2313 496/2128/2128
f 494/2126/2126 1690/2313/2313 495/2127/2127
f 494/2126/2126 493/2125/2125 1682/2305/2305
f 1682/2305/2305 493/2125/2125 492/2124/2124
f 1684/2307/2307 491/2123/2123 490/2122/2122
f 490/2122/2122 489/2121/2121 1679/2302/2302
f 492/2124/2124 491/2123/2123 1684/2307/2307
f 489/2121/2121 1681/2304/2304 1679/2302/2302
f 487/2119/2119 1681/2304/2304 488/2120/2120
f 489/2121/2121 488/2120/2120 1681/2304/2304
f 1671/2294/2294 1681/2304/2304 487/2119/2119
f 486/2118/2118 1671/2294/2294 487/2119/2119
f 1668/2291/2291 1673/2296/2296 483/2115/2115
f 1673/2296/2296 1671/2294/2294 485/2117/2117
f 1670/2293/2293 1668/2291/2291 481/2113/2113
f 1671/2294/2294 486/2118/2118 485/2117/2117
f 1673/2296/2296 485/2117/2117 484/2116/2116
f 484/2116/2116 483/2115/2115 1673/2296/2296
f 481/2113/2113 1668/2291/2291 482/2114/2114
f 1670/2293/2293 480/2112/2112 479/2111/2111
f 482/2114/2114 1668/2291/2291 483/2115/2115
f 1670/2293/2293 481/2113/2113 480/2112/2112
f 479/2111/2111 1662/2285/2285 1670/2293/2293
f 478/2110/2110 1662/2285/2285 479/2111/2111
f 1659/2282/2282 1664/2287/2287 475/2107/2107
f 1664/2287/2287 1662/2285/2285 477/2109/2109
f 1650/2273/2273 1661/2284/2284 471/2103/2103
f 1647/2270/2270 1652/2275/2275 467/2099/2099
f 1652/2275/2275 1650/2273/2273 469/2101/2101
f 1661/2284/2284 1659/2282/2282 473/2105/2105
f 1641/2264/2264 1649/2272/2272 463/2095/2095
f 1638/2261/2261 1643/2266/2266 459/2091/2091
f 1643/2266/2266 1641/2264/2264 461/2093/2093
f 1627/2250/2250 1640/2263/2263 455/2087/2087
f 1624/2247/2247 1629/2252/2252 451/2083/2083
f 1629/2252/2252 1627/2250/2250 453/2085/2085
f 1640/2263/2263 1638/2261/2261 457/2089/2089
f 1649/2272/2272 1647/2270/2270 465/2097/2097
f 1626/2249/2249 1624/2247/2247 449/2081/2081
f 476/2108/2108 475/2107/2107 1664/2287/2287
f 1664/2287/2287 477/2109/2109 476/2108/2108
f 477/2109/2109 1662/2285/2285 478/2110/2110
f 475/2107/2107 474/2106/2106 1659/2282/2282
f 1661/2284/2284 473/2105/2105 472/2104/2104
f 1661/2284/2284 472/2104/2104 471/2103/2103
f 474/2106/2106 473/2105/2105 1659/2282/2282
f 469/2101/2101 1650/2273/2273 470/2102/2102
f 1652/2275/2275 469/2101/2101 468/2100/2100
f 470/2102/2102 1650/2273/2273 471/2103/2103
f 465/2097/2097 1647/2270/2270 466/2098/2098
f 1649/2272/2272 464/2096/2096 463/2095/2095
f 464/2096/2096 1649/2272/2272 465/2097/2097
f 467/2099/2099 466/2098/2098 1647/2270/2270
f 1652/2275/2275 468/2100/2100 467/2099/2099
f 1641/2264/2264 463/2095/2095 462/2094/2094
f 459/2091/2091 1643/2266/2266 460/2092/2092
f 461/2093/2093 460/2092/2092 1643/2266/2266
f 1638/2261/2261 459/2091/2091 458/2090/2090
f 1640/2263/2263 457/2089/2089 456/2088/2088
f 457/2089/2089 1638/2261/2261 458/2090/2090
f 1640/2263/2263 456/2088/2088 455/2087/2087
f 453/2085/2085 1627/2250/2250 454/2086/2086
f 1629/2252/2252 453/2085/2085 452/2084/2084
f 455/2087/2087 454/2086/2086 1627/2250/2250
f 449/2081/2081 1624/2247/2247 450/2082/2082
f 1626/2249/2249 448/2080/2080 447/2079/2079
f 450/2082/2082 1624/2247/2247 451/2083/2083
f 452/2084/2084 451/2083/2083 1629/2252/2252
f 448/2080/2080 1626/2249/2249 449/2081/2081
f 461/2093/2093 1641/2264/2264 462/2094/2094
f 1618/2241/2241 1626/2249/2249 447/2079/2079
f 694/2357/2357 695/2356/2356 1754/2440/2440
f 695/2356/2356 696/2355/2355 1754/2440/2440
f 1752/2438/2438 694/2357/2357 1754/2440/2440
f 691/2360/2360 692/2359/2359 1757/2443/2443
f 692/2359/2359 693/2358/2358 1752/2438/2438
f 693/2358/2358 694/2357/2357 1752/2438/2438
f 689/2362/2362 690/2361/2361 1755/2441/2441
f 688/2363/2363 1765/2451/2451 687/2364/2364
f 1755/2441/2441 688/2363/2363 689/2362/2362
f 1757/2443/2443 690/2361/2361 691/2360/2360
f 685/2366/2366 686/2365/2365 1763/2449/2449
f 1763/2449/2449 684/2367/2367 685/2366/2366
f 687/2364/2364 1765/2451/2451 686/2365/2365
f 684/2367/2367 1768/2454/2454 683/2368/2368
f 1766/2452/2452 681/2370/2370 682/2369/2369
f 1766/2452/2452 680/2371/2371 681/2370/2370
f 1774/2460/2460 679/2372/2372 680/2371/2371
f 1774/2460/2460 678/2373/2373 679/2372/2372
f 1772/2458/2458 676/2375/2375 677/2374/2374
f 1777/2463/2463 675/2376/2376 676/2375/2375
f 683/2368/2368 1768/2454/2454 682/2369/2369
f 673/2378/2378 674/2377/2377 1775/2461/2461
f 672/2379/2379 673/2378/2378 1775/2461/2461
f 671/2380/2380 672/2379/2379 1782/2468/2468
f 1782/2468/2468 670/2381/2381 671/2380/2380
f 668/2383/2383 669/2382/2382 1780/2466/2466
f 669/2382/2382 670/2381/2381 1780/2466/2466
f 675/2376/2376 1777/2463/2463 674/2377/2377
f 678/2373/2373 1772/2458/2458 677/2374/2374
f 667/2384/2384 668/2383/2383 1784/2470/2470
f 692/2359/2359 1752/2438/2438 1757/2443/2443
f 690/2361/2361 1757/2443/2443 1755/2441/2441
f 686/2365/2365 1765/2451/2451 1763/2449/2449
f 682/2369/2369 1768/2454/2454 1766/2452/2452
f 1768/2454/2454 684/2367/2367 1763/2449/2449
f 1765/2451/2451 688/2363/2363 1755/2441/2441
f 678/2373/2373 1774/2460/2460 1772/2458/2458
f 674/2377/2377 1777/2463/2463 1775/2461/2461
f 1777/2463/2463 676/2375/2375 1772/2458/2458
f 670/2381/2381 1782/2468/2468 1780/2466/2466
f 1050/2474/2474 1784/2470/2470 1783/2469/2469
f 1784/2470/2470 668/2383/2383 1780/2466/2466
f 1782/2468/2468 672/2379/2379 1775/2461/2461
f 1774/2460/2460 680/2371/2371 1766/2452/2452
f 1045/2479/2479 1787/2551/2551 1785/2549/2549
f 1040/2484/2484 1796/2560/2560 1794/2558/2558
f 1796/2560/2560 1043/2481/2481 1785/2549/2549
f 1035/2489/2489 1799/2563/2563 1797/2561/2561
f 1031/2493/2493 1805/2569/2569 1803/2567/2567
f 1805/2569/2569 1033/2491/2491 1797/2561/2561
f 1799/2563/2563 1038/2486/2486 1794/2558/2558
f 1026/2498/2498 1808/2572/2572 1806/2570/2570
f 1021/2503/2503 1816/2580/2580 1814/2578/2578
f 1816/2580/2580 1023/2501/2501 1806/2570/2570
f 1016/2508/2508 1819/2583/2583 1817/2581/2581
f 1011/2513/2513 1825/2589/2589 1823/2587/2587
f 1825/2589/2589 1013/2511/2511 1817/2581/2581
f 1819/2583/2583 1018/2506/2506 1814/2578/2578
f 1808/2572/2572 1028/2496/2496 1803/2567/2567
f 1787/2551/2551 1048/2476/2476 1783/2469/2469
f 1784/2470/2470 666/2385/2385 667/2384/2384
f 1797/2561/2561 1033/2491/2491 1034/2490/2490
f 1034/2490/2490 1035/2489/2489 1797/2561/2561
f 1032/2492/2492 1033/2491/2491 1805/2569/2569
f 1037/2487/2487 1799/2563/2563 1036/2488/2488
f 1036/2488/2488 1799/2563/2563 1035/2489/2489
f 1037/2487/2487 1038/2486/2486 1799/2563/2563
f 1794/2558/2558 1038/2486/2486 1039/2485/2485
f 1027/2497/2497 1808/2572/2572 1026/2498/2498
f 1026/2498/2498 1806/2570/2570 1025/2499/2499
f 1028/2496/2496 1808/2572/2572 1027/2497/2497
f 1031/2493/2493 1803/2567/2567 1030/2494/2494
f 1030/2494/2494 1803/2567/2567 1029/2495/2495
f 1032/2492/2492 1805/2569/2569 1031/2493/2493
f 1029/2495/2495 1803/2567/2567 1028/2496/2496
f 1806/2570/2570 1024/2500/2500 1025/2499/2499
f 1049/2475/2475 1050/2474/2474 1783/2469/2469
f 1047/2477/2477 1787/2551/2551 1046/2478/2478
f 1048/2476/2476 1049/2475/2475 1783/2469/2469
f 1052/2472/2472 1053/2471/2471 1784/2470/2470
f 1051/2473/2473 1784/2470/2470 1050/2474/2474
f 1051/2473/2473 1052/2472/2472 1784/2470/2470
f 603/2386/2386 666/2385/2385 1053/2471/2471
f 1041/2483/2483 1796/2560/2560 1040/2484/2484
f 1040/2484/2484 1794/2558/2558 1039/2485/2485
f 1796/2560/2560 1041/2483/2483 1042/2482/2482
f 1044/2480/2480 1045/2479/2479 1785/2549/2549
f 1043/2481/2481 1796/2560/2560 1042/2482/2482
f 1787/2551/2551 1045/2479/2479 1046/2478/2478
f 1044/2480/2480 1785/2549/2549 1043/2481/2481
f 1048/2476/2476 1787/2551/2551 1047/2477/2477
f 1005/2519/2519 1826/2590/2590 1004/2520/2520
f 1826/2590/2590 1003/2521/2521 1004/2520/2520
f 1006/2518/2518 1828/2592/2592 1826/2590/2590
f 1834/2598/2598 1003/2521/2521 1826/2590/2590
f 1828/2592/2592 1007/2517/2517 1008/2516/2516
f 1006/2518/2518 1826/2590/2590 1005/2519/2519
f 1007/2517/2517 1828/2592/2592 1006/2518/2518
f 1828/2592/2592 1008/2516/2516 1823/2587/2587
f 999/2525/2525 1832/2596/2596 998/2526/2526
f 997/2527/2527 998/2526/2526 1837/2601/2601
f 1832/2596/2596 1837/2601/2601 998/2526/2526
f 1001/2523/2523 1834/2598/2598 1832/2596/2596
f 1834/2598/2598 1001/2523/2523 1002/2522/2522
f 1000/2524/2524 1832/2596/2596 999/2525/2525
f 1001/2523/2523 1832/2596/2596 1000/2524/2524
f 1002/2522/2522 1003/2521/2521 1834/2598/2598
f 1018/2506/2506 1019/2505/2505 1814/2578/2578
f 1016/2508/2508 1817/2581/2581 1015/2509/2509
f 1017/2507/2507 1018/2506/2506 1819/2583/2583
f 1023/2501/2501 1816/2580/2580 1022/2502/2502
f 1020/2504/2504 1814/2578/2578 1019/2505/2505
f 1020/2504/2504 1021/2503/2503 1814/2578/2578
f 1017/2507/2507 1819/2583/2583 1016/2508/2508
f 1009/2515/2515 1010/2514/2514 1823/2587/2587
f 1008/2516/2516 1009/2515/2515 1823/2587/2587
f 1823/2587/2587 1010/2514/2514 1011/2513/2513
f 1014/2510/2510 1015/2509/2509 1817/2581/2581
f 1012/2512/2512 1013/2511/2511 1825/2589/2589
f 1011/2513/2513 1012/2512/2512 1825/2589/2589
f 1014/2510/2510 1817/2581/2581 1013/2511/2511
f 1021/2503/2503 1022/2502/2502 1816/2580/2580
f 1806/2570/2570 1023/2501/2501 1024/2500/2500
f 1053/2471/2471 666/2385/2385 1784/2470/2470
f 446/2078/2078 1620/2243/2243 1618/2241/2241
f 1620/2243/2243 446/2078/2078 445/2077/2077
f 447/2079/2079 446/2078/2078 1618/2241/2241
f 1615/2238/2238 1620/2243/2243 444/2076/2076
f 1606/2229/2229 1617/2240/2240 440/2072/2072
f 1617/2240/2240 1615/2238/2238 442/2074/2074
f 1608/2231/2231 1606/2229/2229 438/2070/2070
f 1620/2243/2243 445/2077/2077 444/2076/2076
f 442/2074/2074 1615/2238/2238 443/2075/2075
f 443/2075/2075 1615/2238/2238 444/2076/2076
f 440/2072/2072 1617/2240/2240 441/2073/2073
f 1606/2229/2229 439/2071/2071 438/2070/2070
f 441/2073/2073 1617/2240/2240 442/2074/2074
f 439/2071/2071 1606/2229/2229 440/2072/2072
f 437/2069/2069 1608/2231/2231 438/2070/2070
f 1603/2226/2226 1608/2231/2231 436/2068/2068
f 1597/2220/2220 1605/2228/2228 432/2064/2064
f 1605/2228/2228 1603/2226/2226 434/2066/2066
f 1594/2217/2217 1599/2222/2222 428/2060/2060
f 1582/2205/2205 1596/2219/2219 424/2056/2056
f 1596/2219/2219 1594/2217/2217 426/2058/2058
f 1599/2222/2222 1597/2220/2220 430/2062/2062
f 1584/2207/2207 421/2053/2053 420/2052/2052 1579/2202/2202
f 1581/2204/2204 417/2049/2049 416/2048/2048 1573/2196/2196
f 1579/2202/2202 419/2051/2051 418/2050/2050 1581/2204/2204
f 1575/2198/2198 413/2045/2045 412/2044/2044 1570/2193/2193
f 1572/2195/2195 409/2041/2041 408/2040/2040 1561/2184/2184
f 1570/2193/2193 411/2043/2043 410/2042/2042 1572/2195/2195
f 1573/2196/2196 415/2047/2047 414/2046/2046 1575/2198/2198
f 1582/2205/2205 423/2055/2055 422/2054/2054 1584/2207/2207
f 1561/2184/2184 407/2039/2039 406/2038/2038 1563/2186/2186
f 436/2068/2068 1608/2231/2231 437/2069/2069
f 1603/2226/2226 435/2067/2067 434/2066/2066
f 435/2067/2067 1603/2226/2226 436/2068/2068
f 432/2064/2064 1605/2228/2228 433/2065/2065
f 1597/2220/2220 432/2064/2064 431/2063/2063
f 430/2062/2062 1597/2220/2220 431/2063/2063
f 433/2065/2065 1605/2228/2228 434/2066/2066
f 1599/2222/2222 430/2062/2062 429/2061/2061
f 1594/2217/2217 427/2059/2059 426/2058/2058
f 427/2059/2059 1594/2217/2217 428/2060/2060
f 426/2058/2058 425/2057/2057 1596/2219/2219
f 1582/2205/2205 424/2056/2056 423/2055/2055
f 425/2057/2057 424/2056/2056 1596/2219/2219
f 1599/2222/2222 429/2061/2061 428/2060/2060
f 421/2053/2053 1584/2207/2207 422/2054/2054
f 419/2051/2051 1579/2202/2202 420/2052/2052
f 417/2049/2049 1581/2204/2204 418/2050/2050
f 415/2047/2047 1573/2196/2196 416/2048/2048
f 413/2045/2045 1575/2198/2198 414/2046/2046
f 411/2043/2043 1570/2193/2193 412/2044/2044
f 409/2041/2041 1572/2195/2195 410/2042/2042
f 407/2039/2039 1561/2184/2184 408/2040/2040
f 406/2038/2038 405/2037/2037 1563/2186/2186
f 1842/2606/2606 1840/2604/2604 991/2533/2533
f 1840/2604/2604 1845/2609/2609 989/2535/2535
f 1843/2607/2607 1847/2611/2611 984/2540/2540
f 1530/2153/2153 981/2543/2543 1847/2611/2611
f 1847/2611/2611 981/2543/2543 982/2542/2542
f 1845/2609/2609 1843/2607/2607 986/2538/2538
f 994/2530/2530 1835/2599/2599 1842/2606/2606
f 1533/2156/2156 1530/2153/2153 1531/2154/2154
f 1533/2156/2156 979/2545/2545 1530/2153/2153
f 1530/2153/2153 979/2545/2545 980/2544/2544
f 978/2546/2546 1533/2156/2156 977/2547/2547
f 979/2545/2545 1533/2156/2156 978/2546/2546
f 980/2544/2544 981/2543/2543 1530/2153/2153
f 1533/2156/2156 1534/2157/2157 977/2547/2547
f 1563/2186/2186 405/2037/2037 404/2036/2036 1558/2181/2181
f 993/2531/2531 1842/2606/2606 992/2532/2532
f 991/2533/2533 1840/2604/2604 990/2534/2534
f 992/2532/2532 1842/2606/2606 991/2533/2533
f 1835/2599/2599 995/2529/2529 996/2528/2528
f 1842/2606/2606 993/2531/2531 994/2530/2530
f 996/2528/2528 1837/2601/2601 1835/2599/2599
f 989/2535/2535 990/2534/2534 1840/2604/2604
f 985/2539/2539 1843/2607/2607 984/2540/2540
f 983/2541/2541 1847/2611/2611 982/2542/2542
f 984/2540/2540 1847/2611/2611 983/2541/2541
f 1845/2609/2609 987/2537/2537 988/2536/2536
f 1843/2607/2607 985/2539/2539 986/2538/2538
f 988/2536/2536 989/2535/2535 1845/2609/2609
f 1845/2609/2609 986/2538/2538 987/2537/2537
f 994/2530/2530 995/2529/2529 1835/2599/2599
f 1560/2183/2183 403/2035/2035 402/2034/2034
f 404/2036/2036 403/2035/2035 1558/2181/2181
f 401/2033/2033 1560/2183/2183 402/2034/2034
f 1552/2175/2175 399/2031/2031 398/2030/2030 1554/2177/2177
f 1560/2183/2183 401/2033/2033 400/2032/2032 1552/2175/2175
f 1558/2181/2181 403/2035/2035 1560/2183/2183
f 1554/2177/2177 397/2029/2029 396/2028/2028 1549/2172/2172
f 399/2031/2031 1552/2175/2175 400/2032/2032
f 395/2027/2027 394/2026/2026 1551/2174/2174
f 395/2027/2027 1549/2172/2172 396/2028/2028
f 397/2029/2029 1554/2177/2177 398/2030/2030
f 1551/2174/2174 1549/2172/2172 395/2027/2027
f 1551/2174/2174 393/2025/2025 392/2024/2024 1535/2158/2158
f 391/2023/2023 1535/2158/2158 392/2024/2024
f 394/2026/2026 393/2025/2025 1551/2174/2174
f 1537/2160/2160 389/2021/2021 388/2020/2020 1532/2155/2155
f 1532/2155/2155 387/2019/2019 386/2018/2018 1534/2157/2157
f 977/2547/2547 1534/2157/2157 976/2548/2548
f 1535/2158/2158 391/2023/2023 390/2022/2022 1537/2160/2160
f 976/2548/2548 1534/2157/2157 385/2017/2017
f 389/2021/2021 1537/2160/2160 390/2022/2022
f 976/2548/2548 385/2017/2017 261/2016/2016
f 385/2017/2017 1534/2157/2157 386/2018/2018
f 387/2019/2019 1532/2155/2155 388/2020/2020
f 1837/2601/2601 996/2528/2528 997/2527/2527
f 696/2355/2355 1746/2432/2432 1754/2440/2440
