# Rhino

mtllib psycheSolarPanel1-3_a.mtl
usemtl diffuse_0
v -150.04571533203125 0.065232269465923309 0.43353363871574402
v -150.04571533203125 0.80558663606643677 0.43304920196533203
v -150.04571533203125 1.5459409952163696 0.43256476521492004
v -150.04571533203125 0.064992085099220276 0.066462971270084381
v -150.04571533203125 0.80534642934799194 0.065978534519672394
v -150.04571533203125 1.5457007884979248 0.065494097769260406
v -150.04571533203125 0.064751893281936646 -0.30060771107673645
v -150.04571533203125 0.80510628223419189 -0.30109214782714844
v -150.04571533203125 1.54546058177948 -0.30157658457756042
v -150.04571533203125 0.00042294373270124197 0.64637231826782227
v -150.04571533203125 -0.24696521461009979 0.59733200073242188
v -150.04571533203125 -0.45675516128540039 0.45735329389572144
v -150.04571533203125 -0.59700828790664673 0.24774672091007233
v -150.04571533203125 -0.64637231826782227 0.00042294373270124197
v -150.04571533203125 -0.59733200073242188 -0.24696521461009979
v -150.04571533203125 -0.45735329389572144 -0.45675516128540039
v -150.04571533203125 -0.24774672091007233 -0.59700828790664673
v -150.04571533203125 -0.00042294373270124197 -0.64637231826782227
v -150.04571533203125 0.47132247686386108 -0.64668095111846924
v -150.04571533203125 0.94306790828704834 -0.64698964357376099
v -150.04571533203125 1.4148133993148804 -0.64729833602905273
v -150.04571533203125 1.8865587711334229 -0.64760702848434448
v -150.04571533203125 2.2567973136901855 -0.27785268425941467
v -150.04571533203125 2.2571496963500977 0.26065865159034729
v -150.04571533203125 2.2575020790100098 0.79917001724243164
v -150.04571533203125 1.4434089660644531 0.6454281210899353
v -150.04571533203125 1.0826624631881714 0.64566415548324585
v -150.04571533203125 0.72191596031188965 0.6459001898765564
v -150.04571533203125 0.36116945743560791 0.64613622426986694
v -150.04571533203125 1.8505059480667114 0.79943627119064331
v -150.04571533203125 1.4435099363327026 0.79970252513885498
v -150.04571533203125 1.1757638454437256 0.43280699849128723
v -146.34574890136719 0.065232269465923309 0.43353411555290222
v -146.34574890136719 0.80558663606643677 0.43304967880249023
v -146.34574890136719 1.5459409952163696 0.43256524205207825
v -146.34574890136719 0.064992085099220276 0.066463030874729156
v -146.34574890136719 0.80534642934799194 0.065978594124317169
v -146.34574890136719 1.5457007884979248 0.065494149923324585
v -146.34574890136719 0.064751893281936646 -0.30060803890228271
v -146.34574890136719 0.80510628223419189 -0.30109250545501709
v -146.34574890136719 1.54546058177948 -0.30157694220542908
v -146.34574890136719 0.00042294323793612421 0.64637154340744019
v -146.34574890136719 -0.24696521461009979 0.59733122587203979
v -146.34574890136719 -0.45675516128540039 0.45735251903533936
v -146.34574890136719 -0.59700828790664673 0.24774594604969025
v -146.34574890136719 -0.64637231826782227 0.00042217798181809485
v -146.34574890136719 -0.59733200073242188 -0.24696598947048187
v -146.34574890136719 -0.45735329389572144 -0.45675593614578247
v -146.34574890136719 -0.24774672091007233 -0.59700906276702881
v -146.34574890136719 -0.00042294425657019019 -0.64637303352355957
v -146.34574890136719 0.47132247686386108 -0.64668172597885132
v -146.34574890136719 0.94306790828704834 -0.64699041843414307
v -146.34574890136719 1.4148133993148804 -0.64729911088943481
v -146.34574890136719 1.8865587711334229 -0.64760780334472656
v -146.34574890136719 2.2567973136901855 -0.27785345911979675
v -146.34574890136719 2.2571496963500977 0.26065871119499207
v -146.34574890136719 2.2575020790100098 0.7991708517074585
v -146.34574890136719 1.4434089660644531 0.64542734622955322
v -146.34574890136719 0.96241360902786255 0.64574205875396729
v -146.34574890136719 0.48141828179359436 0.64605677127838135
v -146.34574890136719 1.8505059480667114 0.79943716526031494
v -146.34574890136719 1.4435099363327026 0.79970341920852661
v -146.34574890136719 1.1757638454437256 0.43280744552612305
v -148.81239318847656 -0.24517233669757843 0.59806984663009644
v -147.57907104492188 -0.24517233669757843 0.59806960821151733
v -148.81239318847656 -0.46149393916130066 0.45257091522216797
v -147.57907104492188 -0.46149393916130066 0.45257067680358887
v -148.81239318847656 -0.60201567411422729 0.23531745374202728
v -147.57907104492188 -0.60201567411422729 0.23531718552112579
v -148.81239318847656 -0.64637231826782227 0.00042268849210813642
v -147.57907104492188 -0.64637231826782227 0.00042243325151503086
v -148.81239318847656 -0.59807008504867554 -0.24517259001731873
v -147.57907104492188 -0.59807008504867554 -0.24517284333705902
v -148.81239318847656 -0.45257118344306946 -0.46149417757987976
v -147.57907104492188 -0.45257118344306946 -0.46149444580078125
v -148.81239318847656 -0.23531770706176758 -0.60201597213745117
v -147.57907104492188 -0.23531770706176758 -0.60201621055603027
v -149.42906188964844 -0.24517233669757843 0.59806996583938599
v -148.81239318847656 -0.12104768306016922 0.63493657112121582
v -149.42906188964844 -0.12104768306016922 0.63493669033050537
v -149.42906188964844 -0.46149393916130066 0.45257103443145752
v -148.81239318847656 -0.3596683144569397 0.53706216812133789
v -149.42906188964844 -0.3596683144569397 0.53706228733062744
v -149.42906188964844 -0.60201567411422729 0.23531757295131683
v -148.81239318847656 -0.5434984564781189 0.34986650943756104
v -149.42906188964844 -0.5434984564781189 0.34986662864685059
v -149.42906188964844 -0.59807008504867554 -0.24517245590686798
v -148.81239318847656 -0.63493680953979492 -0.12104793637990952
v -149.42906188964844 -0.64637231826782227 0.00042281611240468919
v -149.42906188964844 -0.63493680953979492 -0.12104780972003937
v -148.81239318847656 -0.63578277826309204 0.11652256548404694
v -149.42906188964844 -0.63578277826309204 0.11652269214391708
v -149.42906188964844 -0.45257118344306946 -0.46149405837059021
v -148.81239318847656 -0.53706240653991699 -0.3596685528755188
v -149.42906188964844 -0.53706240653991699 -0.35966843366622925
v -149.42906188964844 -0.23531770706176758 -0.60201585292816162
v -148.81239318847656 -0.34986674785614014 -0.543498694896698
v -149.42906188964844 -0.34986674785614014 -0.54349857568740845
v -148.81239318847656 -0.11652281880378723 -0.63578301668167114
v -149.42906188964844 -0.11652281880378723 -0.63578289747238159
v -146.96241760253906 -0.23531770706176758 -0.60201632976531982
v -147.57907104492188 -0.11652281880378723 -0.63578331470489502
v -146.96241760253906 -0.11652281880378723 -0.63578343391418457
v -146.96241760253906 -0.45257118344306946 -0.4614945650100708
v -147.57907104492188 -0.34986674785614014 -0.54349899291992188
v -146.96241760253906 -0.34986674785614014 -0.54349911212921143
v -146.96241760253906 -0.59807008504867554 -0.24517297744750977
v -147.57907104492188 -0.53706240653991699 -0.35966882109642029
v -146.96241760253906 -0.53706240653991699 -0.35966894030570984
v -146.96241760253906 -0.64637231826782227 0.00042230560211464763
v -146.96241760253906 -0.60201567411422729 0.23531706631183624
v -147.57907104492188 -0.63578277826309204 0.11652231216430664
v -146.96241760253906 -0.63578277826309204 0.11652218550443649
v -147.57907104492188 -0.63493680953979492 -0.12104819715023041
v -146.96241760253906 -0.63493680953979492 -0.12104832381010056
v -146.96241760253906 -0.46149393916130066 0.45257052779197693
v -147.57907104492188 -0.5434984564781189 0.34986624121665955
v -146.96241760253906 -0.5434984564781189 0.34986612200737
v -146.96241760253906 -0.24517233669757843 0.59806948900222778
v -147.57907104492188 -0.3596683144569397 0.53706187009811401
v -146.96241760253906 -0.3596683144569397 0.53706175088882446
v -147.57907104492188 -0.12104768306016922 0.63493633270263672
v -146.96241760253906 -0.12104768306016922 0.63493621349334717
v -149.1207275390625 -0.00042294387822039425 -0.64637249708175659
v -148.19573974609375 -0.00042294399463571608 -0.64637267589569092
v -147.270751953125 -0.00042294411105103791 -0.64637285470962524
v -147.270751953125 0.00042294335435144603 0.64637172222137451
v -148.19573974609375 0.00042294349987059832 0.64637190103530884
v -149.1207275390625 0.00042294361628592014 0.64637207984924316
v -149.1207275390625 1.8865587711334229 -0.64760720729827881
v -148.19573974609375 1.8865587711334229 -0.64760738611221313
v -147.270751953125 1.8865587711334229 -0.64760756492614746
v -149.1207275390625 2.2567973136901855 -0.27785289287567139
v -148.19573974609375 2.2567973136901855 -0.27785307168960571
v -147.270751953125 2.2567973136901855 -0.27785328030586243
v -148.19573974609375 2.2575020790100098 0.79917043447494507
v -149.42906188964844 1.4434089660644531 0.64542794227600098
v -148.81239318847656 1.4434089660644531 0.64542782306671143
v -148.19573974609375 1.4434089660644531 0.64542770385742188
v -147.57907104492188 1.4434089660644531 0.64542758464813232
v -146.96241760253906 1.4434089660644531 0.64542746543884277
v -146.96241760253906 1.4435099363327026 0.79970324039459229
v -147.57907104492188 1.4435099363327026 0.79970312118530273
v -148.19573974609375 1.4435099363327026 0.79970300197601318
v -148.81239318847656 1.4435099363327026 0.79970282316207886
v -149.42906188964844 1.4435099363327026 0.79970270395278931
v -148.19573974609375 0.72191596031188965 0.64589983224868774
v -149.1207275390625 0.72191596031188965 0.64590001106262207
v -148.19573974609375 1.0826624631881714 0.64566373825073242
v -149.1207275390625 1.0826624631881714 0.64566397666931152
v -148.19573974609375 0.36116945743560791 0.64613586664199829
v -149.1207275390625 0.36116945743560791 0.64613604545593262
v 155.45449829101563 0.065232306718826294 0.43358805775642395
v 155.45449829101563 0.80558669567108154 0.43310362100601196
v 155.45449829101563 1.5459409952163696 0.43261918425559998
v 155.45449829101563 0.064992107450962067 0.066499248147010803
v 155.45449829101563 0.80534648895263672 0.066014811396598816
v 155.45449829101563 1.5457007884979248 0.065530374646186829
v 155.45449829101563 0.064751908183097839 -0.30058956146240234
v 155.45449829101563 0.80510628223419189 -0.30107399821281433
v 155.45449829101563 1.54546058177948 -0.30155843496322632
v 155.45449829101563 0.00042294373270124197 0.64637231826782227
v 155.45449829101563 -0.24696521461009979 0.59733200073242188
v 155.45449829101563 -0.45675516128540039 0.45735329389572144
v 155.45449829101563 -0.59700828790664673 0.24774672091007233
v 155.45449829101563 -0.64637231826782227 0.00042294373270124197
v 155.45449829101563 -0.59733200073242188 -0.24696521461009979
v 155.45449829101563 -0.45735329389572144 -0.45675516128540039
v 155.45449829101563 -0.24774672091007233 -0.59700828790664673
v 155.45449829101563 -0.00042294373270124197 -0.64637231826782227
v 155.45449829101563 0.47132247686386108 -0.64668095111846924
v 155.45449829101563 0.94306790828704834 -0.64698964357376099
v 155.45449829101563 1.4148133993148804 -0.64729833602905273
v 155.45449829101563 1.8865587711334229 -0.64760702848434448
v 155.45449829101563 2.2567973136901855 -0.27785268425941467
v 155.45449829101563 2.2571496963500977 0.26069492101669312
v 155.45449829101563 2.2575020790100098 0.79924255609512329
v 155.45449829101563 1.4434089660644531 0.6454281210899353
v 155.45449829101563 1.0826624631881714 0.64566415548324585
v 155.45449829101563 0.72191596031188965 0.6459001898765564
v 155.45449829101563 0.36116945743560791 0.64613622426986694
v 155.45449829101563 1.850506067276001 0.79950881004333496
v 155.45449829101563 1.4435099363327026 0.79977506399154663
v 155.45449829101563 1.1757638454437256 0.43286141753196716
v 151.75453186035156 0.065232306718826294 0.43358722329139709
v 151.75453186035156 0.80558669567108154 0.43310278654098511
v 151.75453186035156 1.5459409952163696 0.43261831998825073
v 151.75453186035156 0.064992107450962067 0.066498428583145142
v 151.75453186035156 0.80534648895263672 0.066013991832733154
v 151.75453186035156 1.5457007884979248 0.06552954763174057
v 151.75453186035156 0.064751908183097839 -0.30059036612510681
v 151.75453186035156 0.80510628223419189 -0.3010748028755188
v 151.75453186035156 1.54546058177948 -0.30155923962593079
v 151.75453186035156 0.00042294323793612421 0.64637154340744019
v 151.75453186035156 -0.24696521461009979 0.59733122587203979
v 151.75453186035156 -0.45675516128540039 0.45735251903533936
v 151.75453186035156 -0.59700828790664673 0.24774594604969025
v 151.75453186035156 -0.64637231826782227 0.00042217798181809485
v 151.75453186035156 -0.59733200073242188 -0.24696598947048187
v 151.75453186035156 -0.45735329389572144 -0.45675593614578247
v 151.75453186035156 -0.24774672091007233 -0.59700906276702881
v 151.75453186035156 -0.00042294425657019019 -0.64637303352355957
v 151.75453186035156 0.47132247686386108 -0.64668172597885132
v 151.75453186035156 0.94306790828704834 -0.64699041843414307
v 151.75453186035156 1.4148133993148804 -0.64729911088943481
v 151.75453186035156 1.8865587711334229 -0.64760780334472656
v 151.75453186035156 2.2567973136901855 -0.27785345911979675
v 151.75453186035156 2.2571496963500977 0.26069411635398865
v 151.75453186035156 2.2575020790100098 0.79924166202545166
v 151.75453186035156 1.4434089660644531 0.64542734622955322
v 151.75453186035156 0.96241360902786255 0.64574205875396729
v 151.75453186035156 0.48141828179359436 0.64605677127838135
v 151.75453186035156 1.850506067276001 0.79950791597366333
v 151.75453186035156 1.4435099363327026 0.79977422952651978
v 151.75453186035156 1.1757638454437256 0.43286055326461792
v 154.22117614746094 -0.24517233669757843 0.59806984663009644
v 152.98785400390625 -0.24517233669757843 0.59806960821151733
v 154.22117614746094 -0.46149393916130066 0.45257091522216797
v 152.98785400390625 -0.46149393916130066 0.45257067680358887
v 154.22117614746094 -0.60201567411422729 0.23531745374202728
v 152.98785400390625 -0.60201567411422729 0.23531718552112579
v 154.22117614746094 -0.64637231826782227 0.00042268849210813642
v 152.98785400390625 -0.64637231826782227 0.00042243325151503086
v 154.22117614746094 -0.59807008504867554 -0.24517259001731873
v 152.98785400390625 -0.59807008504867554 -0.24517284333705902
v 154.22117614746094 -0.45257118344306946 -0.46149417757987976
v 152.98785400390625 -0.45257118344306946 -0.46149444580078125
v 154.22117614746094 -0.23531770706176758 -0.60201597213745117
v 152.98785400390625 -0.23531770706176758 -0.60201621055603027
v 154.83782958984375 -0.24517233669757843 0.59806996583938599
v 154.22117614746094 -0.12104768306016922 0.63493657112121582
v 154.83782958984375 -0.12104768306016922 0.63493669033050537
v 154.83782958984375 -0.46149393916130066 0.45257103443145752
v 154.22117614746094 -0.3596683144569397 0.53706216812133789
v 154.83782958984375 -0.3596683144569397 0.53706228733062744
v 154.83782958984375 -0.60201567411422729 0.23531757295131683
v 154.22117614746094 -0.5434984564781189 0.34986650943756104
v 154.83782958984375 -0.5434984564781189 0.34986662864685059
v 154.83782958984375 -0.64637231826782227 0.00042281611240468919
v 154.22117614746094 -0.63578277826309204 0.11652256548404694
v 154.83782958984375 -0.63578277826309204 0.11652269214391708
v 154.83782958984375 -0.59807008504867554 -0.24517245590686798
v 154.22117614746094 -0.63493680953979492 -0.12104793637990952
v 154.83782958984375 -0.63493680953979492 -0.12104780972003937
v 154.83782958984375 -0.45257118344306946 -0.46149405837059021
v 154.22117614746094 -0.53706240653991699 -0.3596685528755188
v 154.83782958984375 -0.53706240653991699 -0.35966843366622925
v 154.83782958984375 -0.23531770706176758 -0.60201585292816162
v 154.22117614746094 -0.34986674785614014 -0.543498694896698
v 154.83782958984375 -0.34986674785614014 -0.54349857568740845
v 154.22117614746094 -0.11652281880378723 -0.63578301668167114
v 154.83782958984375 -0.11652281880378723 -0.63578289747238159
v 152.37118530273438 -0.23531770706176758 -0.60201632976531982
v 152.98785400390625 -0.11652281880378723 -0.63578331470489502
v 152.37118530273438 -0.11652281880378723 -0.63578343391418457
v 152.37118530273438 -0.45257118344306946 -0.4614945650100708
v 152.98785400390625 -0.34986674785614014 -0.54349899291992188
v 152.37118530273438 -0.34986674785614014 -0.54349911212921143
v 152.37118530273438 -0.59807008504867554 -0.24517297744750977
v 152.98785400390625 -0.53706240653991699 -0.35966882109642029
v 152.37118530273438 -0.53706240653991699 -0.35966894030570984
v 152.37118530273438 -0.64637231826782227 0.00042230560211464763
v 152.37118530273438 -0.60201567411422729 0.23531706631183624
v 152.98785400390625 -0.63578277826309204 0.11652231216430664
v 152.37118530273438 -0.63578277826309204 0.11652218550443649
v 152.98785400390625 -0.63493680953979492 -0.12104819715023041
v 152.37118530273438 -0.63493680953979492 -0.12104832381010056
v 152.37118530273438 -0.46149393916130066 0.45257052779197693
v 152.98785400390625 -0.5434984564781189 0.34986624121665955
v 152.37118530273438 -0.5434984564781189 0.34986612200737
v 152.37118530273438 -0.24517233669757843 0.59806948900222778
v 152.98785400390625 -0.3596683144569397 0.53706187009811401
v 152.37118530273438 -0.3596683144569397 0.53706175088882446
v 152.98785400390625 -0.12104768306016922 0.63493633270263672
v 152.37118530273438 -0.12104768306016922 0.63493621349334717
v 154.52949523925781 -0.00042294387822039425 -0.64637249708175659
v 153.60450744628906 -0.00042294399463571608 -0.64637267589569092
v 152.67951965332031 -0.00042294411105103791 -0.64637285470962524
v 152.67951965332031 0.00042294335435144603 0.64637172222137451
v 153.60450744628906 0.00042294349987059832 0.64637190103530884
v 154.52949523925781 0.00042294361628592014 0.64637207984924316
v 154.22117614746094 1.8865587711334229 -0.64760726690292358
v 152.98785400390625 1.8865587711334229 -0.64760750532150269
v 154.22117614746094 2.2567973136901855 -0.27785295248031616
v 152.98785400390625 2.2567973136901855 -0.27785319089889526
v 154.22117614746094 2.2575020790100098 0.79924225807189941
v 152.98785400390625 2.2575020790100098 0.79924196004867554
v 154.83782958984375 1.4434089660644531 0.64542794227600098
v 154.22117614746094 1.4434089660644531 0.64542782306671143
v 153.60450744628906 1.4434089660644531 0.64542770385742188
v 152.98785400390625 1.4434089660644531 0.64542758464813232
v 152.37118530273438 1.4434089660644531 0.64542746543884277
v 152.37118530273438 1.4435099363327026 0.79977434873580933
v 152.98785400390625 1.4435099363327026 0.79977452754974365
v 153.60450744628906 1.4435099363327026 0.7997746467590332
v 154.22117614746094 1.4435099363327026 0.79977482557296753
v 154.83782958984375 1.4435099363327026 0.79977494478225708
v 153.60450744628906 0.72191596031188965 0.64589983224868774
v 153.60450744628906 1.0826624631881714 0.64566373825073242
v 154.52949523925781 1.0826624631881714 0.64566397666931152
v 153.60450744628906 1.263035774230957 0.64554572105407715
v 154.52949523925781 1.263035774230957 0.64554589986801147
v 153.60450744628906 0.36116945743560791 0.64613586664199829
v 154.52949523925781 0.36116945743560791 0.64613604545593262
v 153.60450744628906 0.54154270887374878 0.64601784944534302
v 154.52949523925781 0.72191596031188965 0.64590001106262207
v 154.52949523925781 0.54154270887374878 0.64601802825927734
v 153.60450744628906 0.18079619109630585 0.64625388383865356
v 154.52949523925781 0.18079619109630585 0.64625406265258789
v -151.92036437988281 1.5519622564315796 392.72613525390625
v -151.92036437988281 2.6619515419006348 392.72540283203125
v 157.33180236816406 1.5519622564315796 392.72613525390625
v 157.33180236816406 2.6619515419006348 392.72540283203125
v -147.0115966796875 1.5519622564315796 392.72613525390625
v -142.10282897949219 1.5519622564315796 392.72613525390625
v -137.19406127929688 1.5519622564315796 392.72613525390625
v -132.28530883789063 1.5519622564315796 392.72613525390625
v -127.37654113769531 1.5519622564315796 392.72613525390625
v -122.4677734375 1.5519622564315796 392.72613525390625
v -117.55900573730469 1.5519622564315796 392.72613525390625
v -112.65024566650391 1.5519622564315796 392.72613525390625
v -107.74147796630859 1.5519622564315796 392.72613525390625
v -102.83271789550781 1.5519622564315796 392.72613525390625
v -97.9239501953125 1.5519622564315796 392.72613525390625
v -93.015182495117188 1.5519622564315796 392.72613525390625
v -88.106422424316406 1.5519622564315796 392.72613525390625
v -83.197654724121094 1.5519622564315796 392.72613525390625
v -78.288894653320313 1.5519622564315796 392.72613525390625
v -73.380126953125 1.5519622564315796 392.72613525390625
v -68.471359252929688 1.5519622564315796 392.72613525390625
v -63.562599182128906 1.5519622564315796 392.72613525390625
v -58.653835296630859 1.5519622564315796 392.72613525390625
v -53.745067596435547 1.5519622564315796 392.72613525390625
v -48.8363037109375 1.5519622564315796 392.72613525390625
v -43.927539825439453 1.5519622564315796 392.72613525390625
v -39.018775939941406 1.5519622564315796 392.72613525390625
v -34.110012054443359 1.5519622564315796 392.72613525390625
v -29.20124626159668 1.5519622564315796 392.72613525390625
v -24.292482376098633 1.5519622564315796 392.72613525390625
v -19.383718490600586 1.5519622564315796 392.72613525390625
v -14.474952697753906 1.5519622564315796 392.72613525390625
v -9.5661888122558594 1.5519622564315796 392.72613525390625
v -4.6574239730834961 1.5519622564315796 392.72613525390625
v 0.25134062767028809 1.5519622564315796 392.72613525390625
v 5.1601052284240723 1.5519622564315796 392.72613525390625
v 10.068869590759277 1.5519622564315796 392.72613525390625
v 14.977634429931641 1.5519622564315796 392.72613525390625
v 19.886398315429688 1.5519622564315796 392.72613525390625
v 24.795164108276367 1.5519622564315796 392.72613525390625
v 29.703927993774414 1.5519622564315796 392.72613525390625
v 34.612693786621094 1.5519622564315796 392.72613525390625
v 39.521457672119141 1.5519622564315796 392.72613525390625
v 44.430221557617188 1.5519622564315796 392.72613525390625
v 49.338985443115234 1.5519622564315796 392.72613525390625
v 54.247749328613281 1.5519622564315796 392.72613525390625
v 59.156517028808594 1.5519622564315796 392.72613525390625
v 64.065277099609375 1.5519622564315796 392.72613525390625
v 68.974044799804688 1.5519622564315796 392.72613525390625
v 73.8828125 1.5519622564315796 392.72613525390625
v 78.791572570800781 1.5519622564315796 392.72613525390625
v 83.700340270996094 1.5519622564315796 392.72613525390625
v 88.609100341796875 1.5519622564315796 392.72613525390625
v 93.517868041992188 1.5519622564315796 392.72613525390625
v 98.426628112792969 1.5519622564315796 392.72613525390625
v 103.33539581298828 1.5519622564315796 392.72613525390625
v 108.24416351318359 1.5519622564315796 392.72613525390625
v 113.15292358398438 1.5519622564315796 392.72613525390625
v 118.06169128417969 1.5519622564315796 392.72613525390625
v 122.97045135498047 1.5519622564315796 392.72613525390625
v 127.87921905517578 1.5519622564315796 392.72613525390625
v 132.78797912597656 1.5519622564315796 392.72613525390625
v 137.69674682617188 1.5519622564315796 392.72613525390625
v 142.60551452636719 1.5519622564315796 392.72613525390625
v 147.5142822265625 1.5519622564315796 392.72613525390625
v 152.42303466796875 1.5519622564315796 392.72613525390625
v 152.42303466796875 2.6619515419006348 392.72540283203125
v 147.5142822265625 2.6619515419006348 392.72540283203125
v 142.60551452636719 2.6619515419006348 392.72540283203125
v 137.69674682617188 2.6619515419006348 392.72540283203125
v 132.78797912597656 2.6619515419006348 392.72540283203125
v 127.87921905517578 2.6619515419006348 392.72540283203125
v 122.97045135498047 2.6619515419006348 392.72540283203125
v 118.06169128417969 2.6619515419006348 392.72540283203125
v 113.15292358398438 2.6619515419006348 392.72540283203125
v 108.24416351318359 2.6619515419006348 392.72540283203125
v 103.33539581298828 2.6619515419006348 392.72540283203125
v 98.426628112792969 2.6619515419006348 392.72540283203125
v 93.517868041992188 2.6619515419006348 392.72540283203125
v 88.609100341796875 2.6619515419006348 392.72540283203125
v 83.700340270996094 2.6619515419006348 392.72540283203125
v 78.791572570800781 2.6619515419006348 392.72540283203125
v 73.8828125 2.6619515419006348 392.72540283203125
v 68.974044799804688 2.6619515419006348 392.72540283203125
v 64.065277099609375 2.6619515419006348 392.72540283203125
v 59.156517028808594 2.6619515419006348 392.72540283203125
v 54.247749328613281 2.6619515419006348 392.72540283203125
v 49.338985443115234 2.6619515419006348 392.72540283203125
v 44.430221557617188 2.6619515419006348 392.72540283203125
v 39.521457672119141 2.6619515419006348 392.72540283203125
v 34.612693786621094 2.6619515419006348 392.72540283203125
v 29.703927993774414 2.6619515419006348 392.72540283203125
v 24.795164108276367 2.6619515419006348 392.72540283203125
v 19.886398315429688 2.6619515419006348 392.72540283203125
v 14.977634429931641 2.6619515419006348 392.72540283203125
v 10.068869590759277 2.6619515419006348 392.72540283203125
v 5.1601052284240723 2.6619515419006348 392.72540283203125
v 0.25134062767028809 2.6619515419006348 392.72540283203125
v -4.6574239730834961 2.6619515419006348 392.72540283203125
v -9.5661888122558594 2.6619515419006348 392.72540283203125
v -14.474952697753906 2.6619515419006348 392.72540283203125
v -19.383718490600586 2.6619515419006348 392.72540283203125
v -24.292482376098633 2.6619515419006348 392.72540283203125
v -29.20124626159668 2.6619515419006348 392.72540283203125
v -34.110012054443359 2.6619515419006348 392.72540283203125
v -39.018775939941406 2.6619515419006348 392.72540283203125
v -43.927539825439453 2.6619515419006348 392.72540283203125
v -48.8363037109375 2.6619515419006348 392.72540283203125
v -53.745067596435547 2.6619515419006348 392.72540283203125
v -58.653835296630859 2.6619515419006348 392.72540283203125
v -63.562599182128906 2.6619515419006348 392.72540283203125
v -68.471359252929688 2.6619515419006348 392.72540283203125
v -73.380126953125 2.6619515419006348 392.72540283203125
v -78.288894653320313 2.6619515419006348 392.72540283203125
v -83.197654724121094 2.6619515419006348 392.72540283203125
v -88.106422424316406 2.6619515419006348 392.72540283203125
v -93.015182495117188 2.6619515419006348 392.72540283203125
v -97.9239501953125 2.6619515419006348 392.72540283203125
v -102.83271789550781 2.6619515419006348 392.72540283203125
v -107.74147796630859 2.6619515419006348 392.72540283203125
v -112.65024566650391 2.6619515419006348 392.72540283203125
v -117.55900573730469 2.6619515419006348 392.72540283203125
v -122.4677734375 2.6619515419006348 392.72540283203125
v -127.37654113769531 2.6619515419006348 392.72540283203125
v -132.28530883789063 2.6619515419006348 392.72540283203125
v -137.19406127929688 2.6619515419006348 392.72540283203125
v -142.10282897949219 2.6619515419006348 392.72540283203125
v -147.0115966796875 2.6619515419006348 392.72540283203125
v -151.94841003417969 1.2955523729324341 0.79979890584945679
v -151.94841003417969 2.4055416584014893 0.79907268285751343
v 157.33189392089844 1.2955523729324341 0.79987233877182007
v 157.33189392089844 2.4055416584014893 0.79914617538452148
v -149.47416687011719 1.2955523729324341 0.79979944229125977
v -146.99992370605469 1.2955523729324341 0.79980003833770752
v -144.52568054199219 1.2955523729324341 0.79980063438415527
v -142.05143737792969 1.2955523729324341 0.79980123043060303
v -139.57719421386719 1.2955523729324341 0.79980182647705078
v -137.10296630859375 1.2955523729324341 0.79980242252349854
v -134.62872314453125 1.2955523729324341 0.79980301856994629
v -132.15447998046875 1.2955523729324341 0.79980355501174927
v -129.68023681640625 1.2955523729324341 0.79980415105819702
v -127.20598602294922 1.2955523729324341 0.79980474710464478
v -124.73175048828125 1.2955523729324341 0.79980534315109253
v -122.25750732421875 1.2955523729324341 0.79980593919754028
v -119.78326416015625 1.2955523729324341 0.79980653524398804
v -117.30902099609375 1.2955523729324341 0.79980713129043579
v -114.83477783203125 1.2955523729324341 0.79980766773223877
v -112.36053466796875 1.2955523729324341 0.79980826377868652
v -109.88629150390625 1.2955523729324341 0.79980885982513428
v -107.41204833984375 1.2955523729324341 0.79980945587158203
v -104.93780517578125 1.2955523729324341 0.79981005191802979
v -102.46356201171875 1.2955523729324341 0.79981064796447754
v -99.989326477050781 1.2955523729324341 0.79981124401092529
v -97.515083312988281 1.2955523729324341 0.79981178045272827
v -95.040840148925781 1.2955523729324341 0.79981237649917603
v -92.566596984863281 1.2955523729324341 0.79981297254562378
v -90.092353820800781 1.2955523729324341 0.79981356859207153
v -87.618110656738281 1.2955523729324341 0.79981416463851929
v -85.143867492675781 1.2955523729324341 0.79981476068496704
v -82.669624328613281 1.2955523729324341 0.79981535673141479
v -80.195381164550781 1.2955523729324341 0.79981595277786255
v -77.721138000488281 1.2955523729324341 0.79981648921966553
v -75.246902465820313 1.2955523729324341 0.79981708526611328
v -72.772659301757813 1.2955523729324341 0.79981768131256104
v -70.298416137695313 1.2955523729324341 0.79981827735900879
v -67.824172973632813 1.2955523729324341 0.79981887340545654
v -65.349929809570313 1.2955523729324341 0.7998194694519043
v -62.875686645507813 1.2955523729324341 0.79982006549835205
v -60.401443481445313 1.2955523729324341 0.79982060194015503
v -57.927200317382813 1.2955523729324341 0.79982119798660278
v -55.452960968017578 1.2955523729324341 0.79982179403305054
v -52.978717803955078 1.2955523729324341 0.79982239007949829
v -50.504474639892578 1.2955523729324341 0.79982298612594604
v -48.030231475830078 1.2955523729324341 0.7998235821723938
v -45.555988311767578 1.2955523729324341 0.79982417821884155
v -43.081748962402344 1.2955523729324341 0.79982471466064453
v -40.607505798339844 1.2955523729324341 0.79982531070709229
v -38.133262634277344 1.2955523729324341 0.79982590675354004
v -35.659019470214844 1.2955523729324341 0.79982650279998779
v -33.184776306152344 1.2955523729324341 0.79982709884643555
v -30.710535049438477 1.2955523729324341 0.7998276948928833
v -28.236293792724609 1.2955523729324341 0.79982829093933105
v -25.762050628662109 1.2955523729324341 0.79982882738113403
v -23.287807464599609 1.2955523729324341 0.79982942342758179
v -20.813566207885742 1.2955523729324341 0.79983001947402954
v -18.339323043823242 1.2955523729324341 0.79983061552047729
v -15.865080833435059 1.2955523729324341 0.79983121156692505
v -13.390838623046875 1.2955523729324341 0.7998318076133728
v -10.916596412658691 1.2955523729324341 0.79983240365982056
v -8.4423542022705078 1.2955523729324341 0.79983294010162354
v -5.968111515045166 1.2955523729324341 0.79983353614807129
v -3.4938690662384033 1.2955523729324341 0.79983413219451904
v -1.0196266174316406 1.2955523729324341 0.7998347282409668
v 1.4546158313751221 1.2955523729324341 0.79983532428741455
v 3.9288582801818848 1.2955523729324341 0.7998359203338623
v 6.4031004905700684 1.2955523729324341 0.79983651638031006
v 8.8773431777954102 1.2955523729324341 0.79983705282211304
v 11.351585388183594 1.2955523729324341 0.79983764886856079
v 13.825827598571777 1.2955523729324341 0.79983824491500854
v 16.300069808959961 1.2955523729324341 0.7998388409614563
v 18.774312973022461 1.2955523729324341 0.79983943700790405
v 21.248554229736328 1.2955523729324341 0.79984003305435181
v 23.722797393798828 1.2955523729324341 0.79984062910079956
v 26.197040557861328 1.2955523729324341 0.79984116554260254
v 28.671281814575195 1.2955523729324341 0.79984176158905029
v 31.145524978637695 1.2955523729324341 0.79984235763549805
v 33.619766235351563 1.2955523729324341 0.7998429536819458
v 36.094009399414063 1.2955523729324341 0.79984354972839355
v 38.568252563476563 1.2955523729324341 0.79984414577484131
v 41.042495727539063 1.2955523729324341 0.79984474182128906
v 43.516735076904297 1.2955523729324341 0.79984527826309204
v 45.990978240966797 1.2955523729324341 0.79984587430953979
v 48.465221405029297 1.2955523729324341 0.79984647035598755
v 50.939464569091797 1.2955523729324341 0.7998470664024353
v 53.413707733154297 1.2955523729324341 0.79984766244888306
v 55.887947082519531 1.2955523729324341 0.79984825849533081
v 58.362190246582031 1.2955523729324341 0.79984885454177856
v 60.836433410644531 1.2955523729324341 0.79984939098358154
v 63.310676574707031 1.2955523729324341 0.7998499870300293
v 65.784919738769531 1.2955523729324341 0.79985058307647705
v 68.259162902832031 1.2955523729324341 0.7998511791229248
v 70.733406066894531 1.2955523729324341 0.79985177516937256
v 73.207649230957031 1.2955523729324341 0.79985237121582031
v 75.681884765625 1.2955523729324341 0.79985296726226807
v 78.1561279296875 1.2955523729324341 0.79985350370407104
v 80.63037109375 1.2955523729324341 0.7998540997505188
v 83.1046142578125 1.2955523729324341 0.79985469579696655
v 85.578857421875 1.2955523729324341 0.79985529184341431
v 88.0531005859375 1.2955523729324341 0.79985588788986206
v 90.52734375 1.2955523729324341 0.79985648393630981
v 93.0015869140625 1.2955523729324341 0.79985707998275757
v 95.475830078125 1.2955523729324341 0.79985761642456055
v 97.9500732421875 1.2955523729324341 0.7998582124710083
v 100.42430877685547 1.2955523729324341 0.79985880851745605
v 102.89855194091797 1.2955523729324341 0.79985940456390381
v 105.37279510498047 1.2955523729324341 0.79986000061035156
v 107.84703826904297 1.2955523729324341 0.79986059665679932
v 110.32128143310547 1.2955523729324341 0.79986119270324707
v 112.79552459716797 1.2955523729324341 0.79986172914505005
v 115.26976776123047 1.2955523729324341 0.7998623251914978
v 117.74401092529297 1.2955523729324341 0.79986292123794556
v 120.21825408935547 1.2955523729324341 0.79986351728439331
v 122.69249725341797 1.2955523729324341 0.79986411333084106
v 125.16673278808594 1.2955523729324341 0.79986470937728882
v 127.64097595214844 1.2955523729324341 0.79986530542373657
v 130.11521911621094 1.2955523729324341 0.79986584186553955
v 132.58946228027344 1.2955523729324341 0.7998664379119873
v 135.06370544433594 1.2955523729324341 0.79986703395843506
v 137.53794860839844 1.2955523729324341 0.79986763000488281
v 140.01219177246094 1.2955523729324341 0.79986822605133057
v 142.48643493652344 1.2955523729324341 0.79986882209777832
v 144.96067810058594 1.2955523729324341 0.79986941814422607
v 147.43492126464844 1.2955523729324341 0.79986995458602905
v 149.90916442871094 1.2955523729324341 0.79987055063247681
v 152.38340759277344 1.2955523729324341 0.79987114667892456
v 154.85765075683594 1.2955523729324341 0.79987174272537231
v 154.85765075683594 2.4055416584014893 0.79914557933807373
v 152.38340759277344 2.4055416584014893 0.79914498329162598
v 149.90916442871094 2.4055416584014893 0.79914438724517822
v 147.43492126464844 2.4055416584014893 0.79914379119873047
v 144.96067810058594 2.4055416584014893 0.79914319515228271
v 142.48643493652344 2.4055416584014893 0.79914259910583496
v 140.01219177246094 2.4055416584014893 0.79914206266403198
v 137.53794860839844 2.4055416584014893 0.79914146661758423
v 135.06370544433594 2.4055416584014893 0.79914087057113647
v 132.58946228027344 2.4055416584014893 0.79914027452468872
v 130.11521911621094 2.4055416584014893 0.79913967847824097
v 127.64097595214844 2.4055416584014893 0.79913908243179321
v 125.16673278808594 2.4055416584014893 0.79913848638534546
v 122.69249725341797 2.4055416584014893 0.79913789033889771
v 120.21825408935547 2.4055416584014893 0.79913735389709473
v 117.74401092529297 2.4055416584014893 0.79913675785064697
v 115.26976776123047 2.4055416584014893 0.79913616180419922
v 112.79552459716797 2.4055416584014893 0.79913556575775146
v 110.32128143310547 2.4055416584014893 0.79913496971130371
v 107.84703826904297 2.4055416584014893 0.79913437366485596
v 105.37279510498047 2.4055416584014893 0.7991337776184082
v 102.89855194091797 2.4055416584014893 0.79913324117660522
v 100.42430877685547 2.4055416584014893 0.79913264513015747
v 97.9500732421875 2.4055416584014893 0.79913204908370972
v 95.475830078125 2.4055416584014893 0.79913145303726196
v 93.0015869140625 2.4055416584014893 0.79913085699081421
v 90.52734375 2.4055416584014893 0.79913026094436646
v 88.0531005859375 2.4055416584014893 0.7991296648979187
v 85.578857421875 2.4055416584014893 0.79912912845611572
v 83.1046142578125 2.4055416584014893 0.79912853240966797
v 80.63037109375 2.4055416584014893 0.79912793636322021
v 78.1561279296875 2.4055416584014893 0.79912734031677246
v 75.681884765625 2.4055416584014893 0.79912674427032471
v 73.207649230957031 2.4055416584014893 0.79912614822387695
v 70.733406066894531 2.4055416584014893 0.7991255521774292
v 68.259162902832031 2.4055416584014893 0.79912501573562622
v 65.784919738769531 2.4055416584014893 0.79912441968917847
v 63.310676574707031 2.4055416584014893 0.79912382364273071
v 60.836433410644531 2.4055416584014893 0.79912322759628296
v 58.362190246582031 2.4055416584014893 0.79912263154983521
v 55.887947082519531 2.4055416584014893 0.79912203550338745
v 53.413707733154297 2.4055416584014893 0.7991214394569397
v 50.939464569091797 2.4055416584014893 0.79912090301513672
v 48.465221405029297 2.4055416584014893 0.79912030696868896
v 45.990978240966797 2.4055416584014893 0.79911971092224121
v 43.516735076904297 2.4055416584014893 0.79911911487579346
v 41.042495727539063 2.4055416584014893 0.7991185188293457
v 38.568252563476563 2.4055416584014893 0.79911792278289795
v 36.094009399414063 2.4055416584014893 0.7991173267364502
v 33.619766235351563 2.4055416584014893 0.79911679029464722
v 31.145524978637695 2.4055416584014893 0.79911619424819946
v 28.671281814575195 2.4055416584014893 0.79911559820175171
v 26.197040557861328 2.4055416584014893 0.79911500215530396
v 23.722797393798828 2.4055416584014893 0.7991144061088562
v 21.248554229736328 2.4055416584014893 0.79911381006240845
v 18.774312973022461 2.4055416584014893 0.79911321401596069
v 16.300069808959961 2.4055416584014893 0.79911267757415771
v 13.825827598571777 2.4055416584014893 0.79911208152770996
v 11.351585388183594 2.4055416584014893 0.79911148548126221
v 8.8773431777954102 2.4055416584014893 0.79911088943481445
v 6.4031004905700684 2.4055416584014893 0.7991102933883667
v 3.9288582801818848 2.4055416584014893 0.79910969734191895
v 1.4546158313751221 2.4055416584014893 0.79910910129547119
v -1.0196266174316406 2.4055416584014893 0.79910856485366821
v -3.4938690662384033 2.4055416584014893 0.79910796880722046
v -5.968111515045166 2.4055416584014893 0.79910737276077271
v -8.4423542022705078 2.4055416584014893 0.79910677671432495
v -10.916596412658691 2.4055416584014893 0.7991061806678772
v -13.390838623046875 2.4055416584014893 0.79910558462142944
v -15.865080833435059 2.4055416584014893 0.79910498857498169
v -18.339323043823242 2.4055416584014893 0.79910445213317871
v -20.813566207885742 2.4055416584014893 0.79910385608673096
v -23.287807464599609 2.4055416584014893 0.7991032600402832
v -25.762050628662109 2.4055416584014893 0.79910266399383545
v -28.236293792724609 2.4055416584014893 0.7991020679473877
v -30.710535049438477 2.4055416584014893 0.79910147190093994
v -33.184776306152344 2.4055416584014893 0.79910087585449219
v -35.659019470214844 2.4055416584014893 0.79910033941268921
v -38.133262634277344 2.4055416584014893 0.79909974336624146
v -40.607505798339844 2.4055416584014893 0.7990991473197937
v -43.081748962402344 2.4055416584014893 0.79909855127334595
v -45.555988311767578 2.4055416584014893 0.79909795522689819
v -48.030231475830078 2.4055416584014893 0.79909735918045044
v -50.504474639892578 2.4055416584014893 0.79909676313400269
v -52.978717803955078 2.4055416584014893 0.79909622669219971
v -55.452960968017578 2.4055416584014893 0.79909563064575195
v -57.927200317382813 2.4055416584014893 0.7990950345993042
v -60.401443481445313 2.4055416584014893 0.79909443855285645
v -62.875686645507813 2.4055416584014893 0.79909384250640869
v -65.349929809570313 2.4055416584014893 0.79909324645996094
v -67.824172973632813 2.4055416584014893 0.79909265041351318
v -70.298416137695313 2.4055416584014893 0.79909211397171021
v -72.772659301757813 2.4055416584014893 0.79909151792526245
v -75.246902465820313 2.4055416584014893 0.7990909218788147
v -77.721138000488281 2.4055416584014893 0.79909032583236694
v -80.195381164550781 2.4055416584014893 0.79908972978591919
v -82.669624328613281 2.4055416584014893 0.79908913373947144
v -85.143867492675781 2.4055416584014893 0.79908853769302368
v -87.618110656738281 2.4055416584014893 0.7990880012512207
v -90.092353820800781 2.4055416584014893 0.79908740520477295
v -92.566596984863281 2.4055416584014893 0.7990868091583252
v -95.040840148925781 2.4055416584014893 0.79908621311187744
v -97.515083312988281 2.4055416584014893 0.79908561706542969
v -99.989326477050781 2.4055416584014893 0.79908502101898193
v -102.46356201171875 2.4055416584014893 0.79908442497253418
v -104.93780517578125 2.4055416584014893 0.79908382892608643
v -107.41204833984375 2.4055416584014893 0.79908329248428345
v -109.88629150390625 2.4055416584014893 0.79908269643783569
v -112.36053466796875 2.4055416584014893 0.79908210039138794
v -114.83477783203125 2.4055416584014893 0.79908150434494019
v -117.30902099609375 2.4055416584014893 0.79908090829849243
v -119.78326416015625 2.4055416584014893 0.79908031225204468
v -122.25750732421875 2.4055416584014893 0.79907971620559692
v -124.73175048828125 2.4055416584014893 0.79907917976379395
v -127.20598602294922 2.4055416584014893 0.79907858371734619
v -129.68023681640625 2.4055416584014893 0.79907798767089844
v -132.15447998046875 2.4055416584014893 0.79907739162445068
v -134.62872314453125 2.4055416584014893 0.79907679557800293
v -137.10296630859375 2.4055416584014893 0.79907619953155518
v -139.57719421386719 2.4055416584014893 0.79907560348510742
v -142.05143737792969 2.4055416584014893 0.79907506704330444
v -144.52568054199219 2.4055416584014893 0.79907447099685669
v -146.99992370605469 2.4055416584014893 0.79907387495040894
v -149.47416687011719 2.4055416584014893 0.79907327890396118
v -141.97163391113281 1.8505469560623169 0.79943817853927612
v -135.3204345703125 1.8505469560623169 0.79943972826004028
v -128.66925048828125 1.8505469560623169 0.79944133758544922
v -131.99484252929688 1.8505469560623169 0.79944050312042236
v -122.01805877685547 1.8505469560623169 0.79944288730621338
v -125.34365844726563 1.8505469560623169 0.7994421124458313
v -118.69246673583984 1.8505469560623169 0.79944366216659546
v -115.36687469482422 1.8505469560623169 0.79944449663162231
v -108.71568298339844 1.8505469560623169 0.79944604635238647
v -112.04127502441406 1.8505469560623169 0.79944527149200439
v -102.06449127197266 1.8505469560623169 0.79944765567779541
v -105.39009094238281 1.8505469560623169 0.79944682121276855
v -98.738899230957031 1.8505469560623169 0.79944843053817749
v -95.413307189941406 1.8505469560623169 0.79944920539855957
v -92.08770751953125 1.8505469560623169 0.79944998025894165
v -88.762115478515625 1.8505469560623169 0.79945081472396851
v -85.4365234375 1.8505469560623169 0.79945158958435059
v -82.110923767089844 1.8505469560623169 0.79945236444473267
v -78.785331726074219 1.8505469560623169 0.79945313930511475
v -75.459739685058594 1.8505469560623169 0.7994539737701416
v -72.134140014648438 1.8505469560623169 0.79945474863052368
v -68.808547973632813 1.8505469560623169 0.79945552349090576
v -65.482955932617188 1.8505469560623169 0.79945629835128784
v -62.157360076904297 1.8505469560623169 0.7994571328163147
v -58.831764221191406 1.8505469560623169 0.79945790767669678
v -52.180572509765625 1.8505469560623169 0.79945945739746094
v -55.506168365478516 1.8505469560623169 0.79945868253707886
v -45.529384613037109 1.8505469560623169 0.79946106672286987
v -48.85498046875 1.8505469560623169 0.79946029186248779
v -42.203788757324219 1.8505469560623169 0.79946184158325195
v -38.878196716308594 1.8505469560623169 0.79946261644363403
v -32.227005004882813 1.8505469560623169 0.79946422576904297
v -35.552600860595703 1.8505469560623169 0.79946345090866089
v -25.575817108154297 1.8505469560623169 0.79946577548980713
v -28.901411056518555 1.8505469560623169 0.79946500062942505
v -22.250223159790039 1.8505469560623169 0.79946660995483398
v -15.599033355712891 1.8505469560623169 0.79946815967559814
v -18.924627304077148 1.8505469560623169 0.79946738481521606
v -12.273438453674316 1.8505469560623169 0.79946893453598022
v -8.9478445053100586 1.8505469560623169 0.79946976900100708
v -5.6222496032714844 1.8505469560623169 0.79947054386138916
v -2.2966549396514893 1.8505469560623169 0.79947131872177124
v 1.0289397239685059 1.8505469560623169 0.79947209358215332
v 4.3545341491699219 1.8505469560623169 0.79947292804718018
v 7.6801290512084961 1.8505469560623169 0.79947370290756226
v 14.331317901611328 1.8505469560623169 0.79947525262832642
v 11.00572395324707 1.8505469560623169 0.79947447776794434
v 20.982507705688477 1.8505469560623169 0.79947686195373535
v 17.656913757324219 1.8505469560623169 0.79947608709335327
v 24.308101654052734 1.8505469560623169 0.79947763681411743
v 27.633697509765625 1.8505469560623169 0.79947841167449951
v 30.959291458129883 1.8505469560623169 0.79947924613952637
v 34.284885406494141 1.8505469560623169 0.79948002099990845
v 40.936077117919922 1.8505469560623169 0.79948157072067261
v 37.610481262207031 1.8505469560623169 0.79948079586029053
v 44.261669158935547 1.8505469560623169 0.79948240518569946
v 47.587265014648438 1.8505469560623169 0.79948318004608154
v 50.912860870361328 1.8505469560623169 0.79948395490646362
v 54.238452911376953 1.8505469560623169 0.7994847297668457
v 57.564048767089844 1.8505469560623169 0.79948556423187256
v 64.215240478515625 1.8505469560623169 0.79948711395263672
v 60.889644622802734 1.8505469560623169 0.79948633909225464
v 67.54083251953125 1.8505469560623169 0.7994878888130188
v 70.866424560546875 1.8505469560623169 0.79948872327804565
v 74.192024230957031 1.8505469560623169 0.79948949813842773
v 77.517616271972656 1.8505469560623169 0.79949027299880981
v 84.168807983398438 1.8505469560623169 0.79949188232421875
v 80.843208312988281 1.8505469560623169 0.79949104785919189
v 90.819992065429688 1.8505469560623169 0.79949343204498291
v 87.494400024414063 1.8505469560623169 0.79949265718460083
v 94.145591735839844 1.8505469560623169 0.79949420690536499
v 97.471183776855469 1.8505469560623169 0.79949504137039185
v 100.79677581787109 1.8505469560623169 0.79949581623077393
v 104.12237548828125 1.8505469560623169 0.79949659109115601
v 107.44796752929688 1.8505469560623169 0.79949736595153809
v 110.7735595703125 1.8505469560623169 0.79949820041656494
v 114.09915924072266 1.8505469560623169 0.79949897527694702
v 120.75034332275391 1.8505469560623169 0.79950052499771118
v 117.42475128173828 1.8505469560623169 0.7994997501373291
v 127.40153503417969 1.8505469560623169 0.79950213432312012
v 124.07594299316406 1.8505469560623169 0.79950135946273804
v 130.72712707519531 1.8505469560623169 0.7995029091835022
v 134.05271911621094 1.8505469560623169 0.79950368404388428
v 140.70391845703125 1.8505469560623169 0.79950529336929321
v 137.37832641601563 1.8505469560623169 0.79950451850891113
v 147.3551025390625 1.8505469560623169 0.79950684309005737
v 144.02951049804688 1.8505469560623169 0.79950606822967529
v -151.9205322265625 1.5503394603729248 390.24557495117188
v -151.92071533203125 1.5487165451049805 387.7650146484375
v -151.9208984375 1.5470937490463257 385.28448486328125
v -151.92106628417969 1.5454709529876709 382.80392456054688
v -151.92124938964844 1.5438480377197266 380.32339477539063
v -151.92143249511719 1.5422252416610718 377.84283447265625
v -151.92160034179688 1.5406023263931274 375.3623046875
v -151.92178344726563 1.5389795303344727 372.88174438476563
v -151.92195129394531 1.5373566150665283 370.40121459960938
v -151.92213439941406 1.5357338190078735 367.920654296875
v -151.92231750488281 1.5341110229492188 365.44012451171875
v -151.9224853515625 1.5324881076812744 362.95956420898438
v -151.92266845703125 1.5308653116226196 360.47903442382813
v -151.9228515625 1.5292423963546753 357.99847412109375
v -151.92301940917969 1.5276196002960205 355.51791381835938
v -151.92320251464844 1.5259966850280762 353.03738403320313
v -151.92338562011719 1.5243738889694214 350.55682373046875
v -151.92355346679688 1.5227510929107666 348.0762939453125
v -151.92373657226563 1.5211281776428223 345.59573364257813
v -151.92390441894531 1.5195053815841675 343.11520385742188
v -151.92408752441406 1.5178824663162231 340.6346435546875
v -151.92427062988281 1.5162596702575684 338.15411376953125
v -151.9244384765625 1.514636754989624 335.67355346679688
v -151.92462158203125 1.5130139589309692 333.19302368164063
v -151.9248046875 1.5113910436630249 330.71246337890625
v -151.92497253417969 1.5097682476043701 328.23190307617188
v -151.92515563964844 1.5081454515457153 325.75137329101563
v -151.92533874511719 1.506522536277771 323.27081298828125
v -151.92550659179688 1.5048997402191162 320.790283203125
v -151.92568969726563 1.5032768249511719 318.30972290039063
v -151.92585754394531 1.5016540288925171 315.82919311523438
v -151.92604064941406 1.5000311136245728 313.3486328125
v -151.92622375488281 1.498408317565918 310.86810302734375
v -151.9263916015625 1.4967855215072632 308.38754272460938
v -151.92657470703125 1.4951626062393188 305.90701293945313
v -151.9267578125 1.4935398101806641 303.42645263671875
v -151.92692565917969 1.4919168949127197 300.94589233398438
v -151.92710876464844 1.4902940988540649 298.46536254882813
v -151.92729187011719 1.4886711835861206 295.98480224609375
v -151.92745971679688 1.4870483875274658 293.5042724609375
v -151.92764282226563 1.485425591468811 291.02371215820313
v -151.92781066894531 1.4838026762008667 288.54318237304688
v -151.92799377441406 1.4821798801422119 286.0626220703125
v -151.92817687988281 1.4805569648742676 283.58209228515625
v -151.9283447265625 1.4789341688156128 281.10153198242188
v -151.92852783203125 1.4773112535476685 278.62100219726563
v -151.9287109375 1.4756884574890137 276.14044189453125
v -151.92887878417969 1.4740655422210693 273.659912109375
v -151.92906188964844 1.4724427461624146 271.17935180664063
v -151.92924499511719 1.4708199501037598 268.69879150390625
v -151.92941284179688 1.4691970348358154 266.21826171875
v -151.92959594726563 1.4675742387771606 263.73770141601563
v -151.92976379394531 1.4659513235092163 261.25717163085938
v -151.92994689941406 1.4643285274505615 258.776611328125
v -151.93013000488281 1.4627056121826172 256.29608154296875
v -151.9302978515625 1.4610828161239624 253.81552124023438
v -151.93048095703125 1.4594600200653076 251.33497619628906
v -151.9306640625 1.4578371047973633 248.85443115234375
v -151.93083190917969 1.4562143087387085 246.37388610839844
v -151.93101501464844 1.4545913934707642 243.89334106445313
v -151.93119812011719 1.4529685974121094 241.41279602050781
v -151.93136596679688 1.451345682144165 238.9322509765625
v -151.93154907226563 1.4497228860855103 236.45170593261719
v -151.93171691894531 1.4480999708175659 233.97116088867188
v -151.93190002441406 1.4464771747589111 231.49061584472656
v -151.93208312988281 1.4448543787002563 229.01005554199219
v -151.9322509765625 1.443231463432312 226.52951049804688
v -151.93243408203125 1.4416086673736572 224.04896545410156
v -151.9326171875 1.4399857521057129 221.56842041015625
v -151.93278503417969 1.4383629560470581 219.08787536621094
v -151.93296813964844 1.4367400407791138 216.60733032226563
v -151.93315124511719 1.435117244720459 214.12678527832031
v -151.93331909179688 1.4334944486618042 211.646240234375
v -151.93350219726563 1.4318715333938599 209.16569519042969
v -151.93367004394531 1.4302487373352051 206.68515014648438
v -151.93385314941406 1.4286258220672607 204.20460510253906
v -151.93403625488281 1.427003026008606 201.72406005859375
v -151.9342041015625 1.4253801107406616 199.24349975585938
v -151.93438720703125 1.4237573146820068 196.76295471191406
v -151.9345703125 1.4221345186233521 194.28240966796875
v -151.93473815917969 1.4205116033554077 191.80186462402344
v -151.93492126464844 1.4188888072967529 189.32131958007813
v -151.93510437011719 1.4172658920288086 186.84077453613281
v -151.93527221679688 1.4156430959701538 184.3602294921875
v -151.93545532226563 1.4140201807022095 181.87968444824219
v -151.93562316894531 1.4123973846435547 179.39913940429688
v -151.93580627441406 1.4107744693756104 176.91859436035156
v -151.93598937988281 1.4091516733169556 174.43804931640625
v -151.9361572265625 1.4075288772583008 171.95750427246094
v -151.93634033203125 1.4059059619903564 169.47694396972656
v -151.9365234375 1.4042831659317017 166.99639892578125
v -151.93669128417969 1.4026602506637573 164.51585388183594
v -151.93687438964844 1.4010374546051025 162.03530883789063
v -151.93705749511719 1.3994145393371582 159.55476379394531
v -151.93722534179688 1.3977917432785034 157.07421875
v -151.93740844726563 1.3961689472198486 154.59367370605469
v -151.93757629394531 1.3945460319519043 152.11312866210938
v -151.93775939941406 1.3929232358932495 149.63258361816406
v -151.93794250488281 1.3913003206253052 147.15203857421875
v -151.9381103515625 1.3896775245666504 144.67149353027344
v -151.93829345703125 1.3880546092987061 142.19093322753906
v -151.9384765625 1.3864318132400513 139.71038818359375
v -151.93864440917969 1.3848088979721069 137.22984313964844
v -151.93882751464844 1.3831861019134521 134.74929809570313
v -151.93901062011719 1.3815633058547974 132.26875305175781
v -151.93917846679688 1.379940390586853 129.7882080078125
v -151.93936157226563 1.3783175945281982 127.30766296386719
v -151.93952941894531 1.3766946792602539 124.82711791992188
v -151.93971252441406 1.3750718832015991 122.34657287597656
v -151.93989562988281 1.3734489679336548 119.86602020263672
v -151.9400634765625 1.371826171875 117.38547515869141
v -151.94024658203125 1.3702033758163452 114.90493011474609
v -151.9404296875 1.3685804605484009 112.42438507080078
v -151.94059753417969 1.3669576644897461 109.94384002685547
v -151.94078063964844 1.3653347492218018 107.46329498291016
v -151.94096374511719 1.363711953163147 104.98274230957031
v -151.94113159179688 1.3620890378952026 102.502197265625
v -151.94131469726563 1.3604662418365479 100.02165222167969
v -151.94148254394531 1.3588434457778931 97.541107177734375
v -151.94166564941406 1.3572205305099487 95.060562133789063
v -151.94184875488281 1.3555977344512939 92.58001708984375
v -151.9420166015625 1.3539748191833496 90.099464416503906
v -151.94219970703125 1.3523520231246948 87.618919372558594
v -151.9423828125 1.3507291078567505 85.138374328613281
v -151.94255065917969 1.3491063117980957 82.657829284667969
v -151.94273376464844 1.3474833965301514 80.177284240722656
v -151.94291687011719 1.3458606004714966 77.696739196777344
v -151.94308471679688 1.3442378044128418 75.2161865234375
v -151.94326782226563 1.3426148891448975 72.735641479492188
v -151.94343566894531 1.3409920930862427 70.255096435546875
v -151.94361877441406 1.3393691778182983 67.774551391601563
v -151.94380187988281 1.3377463817596436 65.29400634765625
v -151.9439697265625 1.3361234664916992 62.813457489013672
v -151.94415283203125 1.3345006704330444 60.332912445068359
v -151.9443359375 1.3328778743743896 57.852363586425781
v -151.94450378417969 1.3312549591064453 55.371818542480469
v -151.94468688964844 1.3296321630477905 52.891273498535156
v -151.94485473632813 1.3280092477798462 50.410724639892578
v -151.94503784179688 1.3263864517211914 47.930179595947266
v -151.94522094726563 1.3247635364532471 45.449634552001953
v -151.94538879394531 1.3231407403945923 42.969085693359375
v -151.94557189941406 1.3215179443359375 40.488540649414063
v -151.94575500488281 1.3198950290679932 38.00799560546875
v -151.9459228515625 1.3182722330093384 35.527446746826172
v -151.94610595703125 1.316649317741394 33.046901702880859
v -151.9462890625 1.3150265216827393 30.566354751586914
v -151.94645690917969 1.3134036064147949 28.085807800292969
v -151.94664001464844 1.3117808103561401 25.605262756347656
v -151.94680786132813 1.3101578950881958 23.124715805053711
v -151.94699096679688 1.308535099029541 20.644168853759766
v -151.94717407226563 1.3069123029708862 18.163623809814453
v -151.94734191894531 1.3052893877029419 15.683076858520508
v -151.94752502441406 1.3036665916442871 13.202530860900879
v -151.94770812988281 1.3020436763763428 10.721983909606934
v -151.9478759765625 1.300420880317688 8.2414379119873047
v -151.94805908203125 1.2987979650497437 5.7608914375305176
v -151.9482421875 1.2971751689910889 3.2803452014923096
v -151.9482421875 2.4071643352508545 3.2796189785003662
v -151.94805908203125 2.4087872505187988 5.7601652145385742
v -151.9478759765625 2.4104101657867432 8.2407121658325195
v -151.94770812988281 2.4120330810546875 10.721258163452148
v -151.94752502441406 2.4136557579040527 13.201804161071777
v -151.94734191894531 2.4152786731719971 15.682351112365723
v -151.94717407226563 2.4169015884399414 18.162897109985352
v -151.94699096679688 2.4185242652893066 20.643444061279297
v -151.94680786132813 2.420147180557251 23.123989105224609
v -151.94664001464844 2.4217700958251953 25.604536056518555
v -151.94645690917969 2.4233930110931396 28.0850830078125
v -151.9462890625 2.4250156879425049 30.565628051757813
v -151.94610595703125 2.4266386032104492 33.046176910400391
v -151.9459228515625 2.4282615184783936 35.526721954345703
v -151.94575500488281 2.4298841953277588 38.007266998291016
v -151.94557189941406 2.4315071105957031 40.487815856933594
v -151.94538879394531 2.4331300258636475 42.968360900878906
v -151.94522094726563 2.4347529411315918 45.448905944824219
v -151.94503784179688 2.436375617980957 47.929454803466797
v -151.94485473632813 2.4379985332489014 50.409999847412109
v -151.94468688964844 2.4396214485168457 52.890544891357422
v -151.94450378417969 2.4412441253662109 55.37109375
v -151.9443359375 2.4428670406341553 57.851638793945313
v -151.94415283203125 2.4444899559020996 60.332183837890625
v -151.9439697265625 2.4461128711700439 62.812732696533203
v -151.94380187988281 2.4477355480194092 65.293281555175781
v -151.94361877441406 2.4493584632873535 67.773826599121094
v -151.94343566894531 2.4509813785552979 70.254371643066406
v -151.94326782226563 2.4526040554046631 72.734916687011719
v -151.94308471679688 2.4542269706726074 75.215461730957031
v -151.94291687011719 2.4558498859405518 77.696006774902344
v -151.94273376464844 2.4574728012084961 80.176559448242188
v -151.94255065917969 2.4590954780578613 82.6571044921875
v -151.9423828125 2.4607183933258057 85.137649536132813
v -151.94219970703125 2.46234130859375 87.618194580078125
v -151.9420166015625 2.4639639854431152 90.098739624023438
v -151.94184875488281 2.4655869007110596 92.57928466796875
v -151.94166564941406 2.4672098159790039 95.059837341308594
v -151.94148254394531 2.4688327312469482 97.540382385253906
v -151.94131469726563 2.4704554080963135 100.02092742919922
v -151.94113159179688 2.4720783233642578 102.50147247314453
v -151.94096374511719 2.4737012386322021 104.98201751708984
v -151.94078063964844 2.4753241539001465 107.46256256103516
v -151.94059753417969 2.4769468307495117 109.943115234375
v -151.9404296875 2.4785697460174561 112.42366027832031
v -151.94024658203125 2.4801926612854004 114.90420532226563
v -151.9400634765625 2.4818153381347656 117.38475036621094
v -151.93989562988281 2.48343825340271 119.86529541015625
v -151.93971252441406 2.4850611686706543 122.34584045410156
v -151.93952941894531 2.4866840839385986 124.82639312744141
v -151.93936157226563 2.4883067607879639 127.30693817138672
v -151.93917846679688 2.4899296760559082 129.7874755859375
v -151.93901062011719 2.4915525913238525 132.26803588867188
v -151.93882751464844 2.4931752681732178 134.74858093261719
v -151.93864440917969 2.4947981834411621 137.2291259765625
v -151.9384765625 2.4964210987091064 139.70967102050781
v -151.93829345703125 2.4980440139770508 142.19021606445313
v -151.9381103515625 2.499666690826416 144.67076110839844
v -151.93794250488281 2.5012896060943604 147.15130615234375
v -151.93775939941406 2.5029125213623047 149.63185119628906
v -151.93757629394531 2.5045351982116699 152.11239624023438
v -151.93740844726563 2.5061581134796143 154.59294128417969
v -151.93722534179688 2.5077810287475586 157.073486328125
v -151.93705749511719 2.5094039440155029 159.55404663085938
v -151.93687438964844 2.5110266208648682 162.03459167480469
v -151.93669128417969 2.5126495361328125 164.51513671875
v -151.9365234375 2.5142724514007568 166.99568176269531
v -151.93634033203125 2.5158951282501221 169.47622680664063
v -151.9361572265625 2.5175180435180664 171.95677185058594
v -151.93598937988281 2.5191409587860107 174.43731689453125
v -151.93580627441406 2.5207638740539551 176.91786193847656
v -151.93562316894531 2.5223865509033203 179.39840698242188
v -151.93545532226563 2.5240094661712646 181.87895202636719
v -151.93527221679688 2.525632381439209 184.3594970703125
v -151.93510437011719 2.5272550582885742 186.84004211425781
v -151.93492126464844 2.5288779735565186 189.32060241699219
v -151.93473815917969 2.5305008888244629 191.8011474609375
v -151.9345703125 2.5321238040924072 194.28169250488281
v -151.93438720703125 2.5337464809417725 196.76223754882813
v -151.9342041015625 2.5353693962097168 199.24278259277344
v -151.93403625488281 2.5369923114776611 201.72332763671875
v -151.93385314941406 2.5386149883270264 204.20387268066406
v -151.93367004394531 2.5402379035949707 206.68441772460938
v -151.93350219726563 2.541860818862915 209.16496276855469
v -151.93331909179688 2.5434837341308594 211.6455078125
v -151.93315124511719 2.5451064109802246 214.12605285644531
v -151.93296813964844 2.5467293262481689 216.60659790039063
v -151.93278503417969 2.5483522415161133 219.087158203125
v -151.9326171875 2.5499751567840576 221.56770324707031
v -151.93243408203125 2.5515978336334229 224.04824829101563
v -151.9322509765625 2.5532207489013672 226.52879333496094
v -151.93208312988281 2.5548436641693115 229.00933837890625
v -151.93190002441406 2.5564663410186768 231.48988342285156
v -151.93171691894531 2.5580892562866211 233.97042846679688
v -151.93154907226563 2.5597121715545654 236.45097351074219
v -151.93136596679688 2.5613350868225098 238.9315185546875
v -151.93119812011719 2.562957763671875 241.41206359863281
v -151.93101501464844 2.5645806789398193 243.89260864257813
v -151.93083190917969 2.5662035942077637 246.37315368652344
v -151.9306640625 2.5678262710571289 248.85371398925781
v -151.93048095703125 2.5694491863250732 251.33425903320313
v -151.9302978515625 2.5710721015930176 253.81480407714844
v -151.93013000488281 2.5726950168609619 256.29534912109375
v -151.92994689941406 2.5743176937103271 258.77587890625
v -151.92976379394531 2.5759406089782715 261.25643920898438
v -151.92959594726563 2.5775635242462158 263.73699951171875
v -151.92941284179688 2.5791862010955811 266.217529296875
v -151.92924499511719 2.5808091163635254 268.69808959960938
v -151.92906188964844 2.5824320316314697 271.17861938476563
v -151.92887878417969 2.5840549468994141 273.6591796875
v -151.9287109375 2.5856776237487793 276.13970947265625
v -151.92852783203125 2.5873005390167236 278.62026977539063
v -151.9283447265625 2.588923454284668 281.10079956054688
v -151.92817687988281 2.5905461311340332 283.58135986328125
v -151.92799377441406 2.5921690464019775 286.0618896484375
v -151.92781066894531 2.5937919616699219 288.54244995117188
v -151.92764282226563 2.5954148769378662 291.02301025390625
v -151.92745971679688 2.5970375537872314 293.5035400390625
v -151.92729187011719 2.5986604690551758 295.98410034179688
v -151.92710876464844 2.6002833843231201 298.46463012695313
v -151.92692565917969 2.6019060611724854 300.9451904296875
v -151.9267578125 2.6035289764404297 303.42572021484375
v -151.92657470703125 2.605151891708374 305.90628051757813
v -151.9263916015625 2.6067748069763184 308.38681030273438
v -151.92622375488281 2.6083974838256836 310.86737060546875
v -151.92604064941406 2.6100203990936279 313.347900390625
v -151.92585754394531 2.6116433143615723 315.82846069335938
v -151.92568969726563 2.6132662296295166 318.30899047851563
v -151.92550659179688 2.6148889064788818 320.78955078125
v -151.92533874511719 2.6165118217468262 323.27011108398438
v -151.92515563964844 2.6181347370147705 325.75064086914063
v -151.92497253417969 2.6197574138641357 328.231201171875
v -151.9248046875 2.6213803291320801 330.71173095703125
v -151.92462158203125 2.6230032444000244 333.19229125976563
v -151.9244384765625 2.6246261596679688 335.67282104492188
v -151.92427062988281 2.626248836517334 338.15338134765625
v -151.92408752441406 2.6278717517852783 340.6339111328125
v -151.92390441894531 2.6294946670532227 343.11447143554688
v -151.92373657226563 2.6311173439025879 345.59500122070313
v -151.92355346679688 2.6327402591705322 348.0755615234375
v -151.92338562011719 2.6343631744384766 350.55612182617188
v -151.92320251464844 2.6359860897064209 353.03665161132813
v -151.92301940917969 2.6376087665557861 355.5172119140625
v -151.9228515625 2.6392316818237305 357.99774169921875
v -151.92266845703125 2.6408545970916748 360.47830200195313
v -151.9224853515625 2.64247727394104 362.95883178710938
v -151.92231750488281 2.6441001892089844 365.43939208984375
v -151.92213439941406 2.6457231044769287 367.919921875
v -151.92195129394531 2.647346019744873 370.40048217773438
v -151.92178344726563 2.6489686965942383 372.88101196289063
v -151.92160034179688 2.6505916118621826 375.361572265625
v -151.92143249511719 2.652214527130127 377.84213256835938
v -151.92124938964844 2.6538372039794922 380.32266235351563
v -151.92106628417969 2.6554601192474365 382.80322265625
v -151.9208984375 2.6570830345153809 385.28375244140625
v -151.92071533203125 2.6587059497833252 387.76431274414063
v -151.9205322265625 2.6603286266326904 390.24484252929688
v -151.92054748535156 2.1052210330963135 390.07247924804688
v -151.9210205078125 2.100867748260498 383.41824340820313
v -151.9212646484375 2.0986909866333008 380.09112548828125
v -151.9215087890625 2.0965142250061035 376.76400756835938
v -151.92173767089844 2.0943374633789063 373.43685913085938
v -151.92221069335938 2.0899841785430908 366.78262329101563
v -151.92198181152344 2.0921609401702881 370.1097412109375
v -151.92245483398438 2.0878074169158936 363.45550537109375
v -151.92292785644531 2.0834541320800781 356.80126953125
v -151.92269897460938 2.0856306552886963 360.12838745117188
v -151.92340087890625 2.0791006088256836 350.14703369140625
v -151.92317199707031 2.0812773704528809 353.47415161132813
v -151.92364501953125 2.0769238471984863 346.81991577148438
v -151.92411804199219 2.0725705623626709 340.16567993164063
v -151.92388916015625 2.0747473239898682 343.4927978515625
v -151.92460632324219 2.0682170391082764 333.51144409179688
v -151.92436218261719 2.0703938007354736 336.83856201171875
v -151.92483520507813 2.0660405158996582 330.184326171875
v -151.92530822753906 2.0616869926452637 323.53005981445313
v -151.92507934570313 2.0638637542724609 326.85720825195313
v -151.92555236816406 2.0595102310180664 320.20294189453125
v -151.92579650878906 2.0573337078094482 316.87582397460938
v -151.926025390625 2.055156946182251 313.5487060546875
v -151.92626953125 2.0529801845550537 310.22158813476563
v -151.92674255371094 2.0486268997192383 303.56735229492188
v -151.92649841308594 2.0508034229278564 306.89447021484375
v -151.92698669433594 2.046450138092041 300.240234375
v -151.92721557617188 2.0442733764648438 296.91311645507813
v -151.92745971679688 2.0420966148376465 293.58599853515625
v -151.92768859863281 2.0399200916290283 290.25888061523438
v -151.92793273925781 2.0377433300018311 286.9317626953125
v -151.92840576171875 2.0333898067474365 280.27752685546875
v -151.92817687988281 2.0355665683746338 283.60464477539063
v -151.92887878417969 2.0290365219116211 273.62326049804688
v -151.92864990234375 2.0312132835388184 276.95037841796875
v -151.92912292480469 2.0268597602844238 270.296142578125
v -151.92959594726563 2.0225064754486084 263.64190673828125
v -151.92936706542969 2.0246829986572266 266.96902465820313
v -151.92984008789063 2.0203297138214111 260.31478881835938
v -151.93006896972656 2.0181529521942139 256.9876708984375
v -151.93055725097656 2.0137996673583984 250.33343505859375
v -151.93031311035156 2.0159761905670166 253.66055297851563
v -151.9307861328125 2.0116229057312012 247.00631713867188
v -151.9310302734375 2.0094461441040039 243.67919921875
v -151.9312744140625 2.0072693824768066 240.35208129882813
v -151.93150329589844 2.0050928592681885 237.02494812011719
v -151.93197631835938 2.0007393360137939 230.37071228027344
v -151.93174743652344 2.0029160976409912 233.69783020019531
v -151.93222045898438 1.9985626935958862 227.04359436035156
v -151.93269348144531 1.9942092895507813 220.38935852050781
v -151.93246459960938 1.996385931968689 223.71647644042969
v -151.93293762207031 1.992032527923584 217.06224060058594
v -151.93341064453125 1.987679123878479 210.40798950195313
v -151.93316650390625 1.9898558855056763 213.735107421875
v -151.93388366699219 1.983325719833374 203.75375366210938
v -151.93365478515625 1.9855024814605713 207.08087158203125
v -151.93412780761719 1.9811490774154663 200.4266357421875
v -151.93435668945313 1.978972315788269 197.09951782226563
v -151.93460083007813 1.9767956733703613 193.77239990234375
v -151.93484497070313 1.9746189117431641 190.44526672363281
v -151.93531799316406 1.9702655076980591 183.79103088378906
v -151.93507385253906 1.9724422693252563 187.11814880371094
v -151.935791015625 1.9659121036529541 177.13679504394531
v -151.935546875 1.9680888652801514 180.46391296386719
v -151.93603515625 1.9637354612350464 173.80967712402344
v -151.93626403808594 1.9615586996078491 170.48255920410156
v -151.93673706054688 1.9572052955627441 163.82830810546875
v -151.93650817871094 1.9593820571899414 167.15544128417969
v -151.93698120117188 1.9550286531448364 160.50119018554688
v -151.93722534179688 1.9528518915176392 157.174072265625
v -151.93745422363281 1.9506752490997314 153.84695434570313
v -151.93794250488281 1.9463218450546265 147.19271850585938
v -151.93769836425781 1.9484984874725342 150.51983642578125
v -151.93817138671875 1.9441450834274292 143.8656005859375
v -151.93841552734375 1.9419684410095215 140.53846740722656
v -151.93888854980469 1.9376150369644165 133.88423156738281
v -151.93864440917969 1.9397916793823242 137.21134948730469
v -151.93913269042969 1.9354382753372192 130.55711364746094
v -151.93960571289063 1.9310848712921143 123.90287780761719
v -151.93936157226563 1.9332616329193115 127.22999572753906
v -151.93983459472656 1.9289082288742065 120.57575225830078
v -151.94007873535156 1.9267314672470093 117.24863433837891
v -151.94032287597656 1.9245548248291016 113.92151641845703
v -151.9407958984375 1.9202014207839966 107.26727294921875
v -151.9405517578125 1.9223780632019043 110.59439849853516
v -151.94102478027344 1.9180246591567993 103.94015502929688
v -151.94126892089844 1.9158480167388916 100.613037109375
v -151.94151306152344 1.9136712551116943 97.285911560058594
v -151.94174194335938 1.9114946126937866 93.958793640136719
v -151.94198608398438 1.9093178510665894 90.631675720214844
v -151.94245910644531 1.9049644470214844 83.977432250976563
v -151.94221496582031 1.9071412086486816 87.304557800292969
v -151.94293212890625 1.9006110429763794 77.323196411132813
v -151.94270324707031 1.9027878046035767 80.650314331054688
v -151.94317626953125 1.8984344005584717 73.996078491210938
v -151.94364929199219 1.8940809965133667 67.341835021972656
v -151.94340515136719 1.8962576389312744 70.668952941894531
v -151.94412231445313 1.8897275924682617 60.687595367431641
v -151.94389343261719 1.8919042348861694 64.014717102050781
v -151.94436645507813 1.8875508308410645 57.3604736328125
v -151.94483947753906 1.8831974267959595 50.706233978271484
v -151.94461059570313 1.8853741884231567 54.033355712890625
v -151.94508361816406 1.8810207843780518 47.379116058349609
v -151.9453125 1.8788440227508545 44.051994323730469
v -151.945556640625 1.8766673803329468 40.724876403808594
v -151.94580078125 1.8744906187057495 37.397754669189453
v -151.94602966308594 1.8723139762878418 34.070636749267578
v -151.94627380371094 1.8701372146606445 30.743515014648438
v -151.94650268554688 1.8679605722427368 27.41639518737793
v -151.94699096679688 1.8636071681976318 20.762155532836914
v -151.94674682617188 1.8657838106155396 24.089275360107422
v -151.94721984863281 1.8614304065704346 17.435035705566406
v -151.94746398925781 1.8592537641525269 14.107915878295898
v -151.94793701171875 1.8549003601074219 7.4536757469177246
v -151.94769287109375 1.8570770025253296 10.780796051025391
v -151.94818115234375 1.8527235984802246 4.1265559196472168
v 157.33189392089844 1.2971751689910889 3.2804181575775146
v 157.33187866210938 1.2987980842590332 5.7609639167785645
v 157.33187866210938 1.300420880317688 8.2415103912353516
v 157.33187866210938 1.3020437955856323 10.722055435180664
v 157.33187866210938 1.3036665916442871 13.202601432800293
v 157.33187866210938 1.3052895069122314 15.683147430419922
v 157.33187866210938 1.3069123029708862 18.163694381713867
v 157.33187866210938 1.308535099029541 20.64423942565918
v 157.33187866210938 1.3101580142974854 23.124784469604492
v 157.33187866210938 1.3117808103561401 25.605331420898438
v 157.33187866210938 1.3134037256240845 28.08587646484375
v 157.33187866210938 1.3150265216827393 30.566423416137695
v 157.33187866210938 1.3166494369506836 33.046970367431641
v 157.33187866210938 1.3182722330093384 35.527515411376953
v 157.33187866210938 1.3198950290679932 38.008060455322266
v 157.33187866210938 1.3215179443359375 40.488605499267578
v 157.33187866210938 1.3231407403945923 42.969150543212891
v 157.33187866210938 1.3247636556625366 45.449699401855469
v 157.33187866210938 1.3263864517211914 47.930244445800781
v 157.33187866210938 1.3280093669891357 50.410789489746094
v 157.33187866210938 1.3296321630477905 52.891334533691406
v 157.33187866210938 1.3312549591064453 55.371883392333984
v 157.33187866210938 1.3328778743743896 57.852428436279297
v 157.33187866210938 1.3345006704330444 60.332973480224609
v 157.33187866210938 1.3361235857009888 62.813518524169922
v 157.33187866210938 1.3377463817596436 65.2940673828125
v 157.33187866210938 1.3393692970275879 67.774612426757813
v 157.33187866210938 1.3409920930862427 70.255157470703125
v 157.33187866210938 1.342615008354187 72.735702514648438
v 157.33187866210938 1.3442378044128418 75.21624755859375
v 157.33187866210938 1.3458606004714966 77.696792602539063
v 157.33186340332031 1.3474835157394409 80.177337646484375
v 157.33186340332031 1.3491063117980957 82.657890319824219
v 157.33186340332031 1.35072922706604 85.138435363769531
v 157.33186340332031 1.3523520231246948 87.618980407714844
v 157.33186340332031 1.3539749383926392 90.099525451660156
v 157.33186340332031 1.3555977344512939 92.580070495605469
v 157.33186340332031 1.3572205305099487 95.060615539550781
v 157.33186340332031 1.3588434457778931 97.541160583496094
v 157.33186340332031 1.3604662418365479 100.02170562744141
v 157.33186340332031 1.3620891571044922 102.50225067138672
v 157.33186340332031 1.363711953163147 104.98279571533203
v 157.33186340332031 1.3653348684310913 107.46334838867188
v 157.33186340332031 1.3669576644897461 109.94389343261719
v 157.33186340332031 1.3685804605484009 112.4244384765625
v 157.33186340332031 1.3702033758163452 114.90498352050781
v 157.33186340332031 1.371826171875 117.38552856445313
v 157.33186340332031 1.3734490871429443 119.86607360839844
v 157.33186340332031 1.3750718832015991 122.34661865234375
v 157.33186340332031 1.3766947984695435 124.82716369628906
v 157.33186340332031 1.3783175945281982 127.30770874023438
v 157.33186340332031 1.379940390586853 129.78825378417969
v 157.33186340332031 1.3815633058547974 132.268798828125
v 157.33186340332031 1.3831861019134521 134.74934387207031
v 157.33186340332031 1.3848090171813965 137.22988891601563
v 157.33186340332031 1.3864318132400513 139.71044921875
v 157.33186340332031 1.3880547285079956 142.19099426269531
v 157.33186340332031 1.3896775245666504 144.67153930664063
v 157.33186340332031 1.3913003206253052 147.15208435058594
v 157.33186340332031 1.3929232358932495 149.63262939453125
v 157.33186340332031 1.3945460319519043 152.11317443847656
v 157.33184814453125 1.3961689472198486 154.59371948242188
v 157.33184814453125 1.3977917432785034 157.07426452636719
v 157.33184814453125 1.3994146585464478 159.5548095703125
v 157.33184814453125 1.4010374546051025 162.03535461425781
v 157.33184814453125 1.4026603698730469 164.51589965820313
v 157.33184814453125 1.4042831659317017 166.99644470214844
v 157.33184814453125 1.4059059619903564 169.47698974609375
v 157.33184814453125 1.4075288772583008 171.95753479003906
v 157.33184814453125 1.4091516733169556 174.43807983398438
v 157.33184814453125 1.4107745885848999 176.91862487792969
v 157.33184814453125 1.4123973846435547 179.399169921875
v 157.33184814453125 1.414020299911499 181.87971496582031
v 157.33184814453125 1.4156430959701538 184.36027526855469
v 157.33184814453125 1.4172658920288086 186.8408203125
v 157.33184814453125 1.4188888072967529 189.32136535644531
v 157.33184814453125 1.4205116033554077 191.80191040039063
v 157.33184814453125 1.4221345186233521 194.28245544433594
v 157.33184814453125 1.4237573146820068 196.76300048828125
v 157.33184814453125 1.4253802299499512 199.24354553222656
v 157.33184814453125 1.427003026008606 201.72409057617188
v 157.33184814453125 1.4286258220672607 204.20463562011719
v 157.33184814453125 1.4302487373352051 206.6851806640625
v 157.33184814453125 1.4318715333938599 209.16572570800781
v 157.33184814453125 1.4334944486618042 211.64627075195313
v 157.33184814453125 1.435117244720459 214.12681579589844
v 157.33184814453125 1.4367401599884033 216.60736083984375
v 157.33184814453125 1.4383629560470581 219.08790588378906
v 157.33184814453125 1.4399857521057129 221.56845092773438
v 157.33184814453125 1.4416086673736572 224.04899597167969
v 157.33184814453125 1.443231463432312 226.529541015625
v 157.33183288574219 1.4448543787002563 229.01010131835938
v 157.33183288574219 1.4464771747589111 231.49064636230469
v 157.33183288574219 1.4481000900268555 233.97119140625
v 157.33183288574219 1.4497228860855103 236.45173645019531
v 157.33183288574219 1.4513458013534546 238.93228149414063
v 157.33183288574219 1.4529685974121094 241.41282653808594
v 157.33183288574219 1.4545913934707642 243.89337158203125
v 157.33183288574219 1.4562143087387085 246.37391662597656
v 157.33183288574219 1.4578371047973633 248.85446166992188
v 157.33183288574219 1.4594600200653076 251.33500671386719
v 157.33183288574219 1.4610828161239624 253.8155517578125
v 157.33183288574219 1.4627057313919067 256.29611206054688
v 157.33183288574219 1.4643285274505615 258.77664184570313
v 157.33183288574219 1.4659513235092163 261.2572021484375
v 157.33183288574219 1.4675742387771606 263.73773193359375
v 157.33183288574219 1.4691970348358154 266.21829223632813
v 157.33183288574219 1.4708199501037598 268.69882202148438
v 157.33183288574219 1.4724427461624146 271.17938232421875
v 157.33183288574219 1.4740656614303589 273.659912109375
v 157.33183288574219 1.4756884574890137 276.14047241210938
v 157.33183288574219 1.4773112535476685 278.62100219726563
v 157.33183288574219 1.4789341688156128 281.1015625
v 157.33183288574219 1.4805569648742676 283.58209228515625
v 157.33183288574219 1.4821798801422119 286.06265258789063
v 157.33183288574219 1.4838026762008667 288.54318237304688
v 157.33183288574219 1.485425591468811 291.02374267578125
v 157.33183288574219 1.4870483875274658 293.5042724609375
v 157.33183288574219 1.4886711835861206 295.98483276367188
v 157.33183288574219 1.4902940988540649 298.46539306640625
v 157.33181762695313 1.4919168949127197 300.9459228515625
v 157.33181762695313 1.4935398101806641 303.42648315429688
v 157.33181762695313 1.4951626062393188 305.90701293945313
v 157.33181762695313 1.4967855215072632 308.3875732421875
v 157.33181762695313 1.498408317565918 310.86810302734375
v 157.33181762695313 1.5000312328338623 313.34866333007813
v 157.33181762695313 1.5016540288925171 315.82919311523438
v 157.33181762695313 1.5032768249511719 318.30975341796875
v 157.33181762695313 1.5048997402191162 320.790283203125
v 157.33181762695313 1.506522536277771 323.27084350585938
v 157.33181762695313 1.5081454515457153 325.75137329101563
v 157.33181762695313 1.5097682476043701 328.23193359375
v 157.33181762695313 1.5113911628723145 330.71246337890625
v 157.33181762695313 1.5130139589309692 333.19302368164063
v 157.33181762695313 1.514636754989624 335.67355346679688
v 157.33181762695313 1.5162596702575684 338.15411376953125
v 157.33181762695313 1.5178824663162231 340.6346435546875
v 157.33181762695313 1.5195053815841675 343.11520385742188
v 157.33181762695313 1.5211281776428223 345.59576416015625
v 157.33181762695313 1.5227510929107666 348.0762939453125
v 157.33181762695313 1.5243738889694214 350.55685424804688
v 157.33181762695313 1.5259966850280762 353.03738403320313
v 157.33181762695313 1.5276196002960205 355.5179443359375
v 157.33181762695313 1.5292423963546753 357.99847412109375
v 157.33181762695313 1.5308653116226196 360.47903442382813
v 157.33181762695313 1.5324881076812744 362.95956420898438
v 157.33181762695313 1.5341110229492188 365.44012451171875
v 157.33181762695313 1.5357338190078735 367.920654296875
v 157.33181762695313 1.5373566150665283 370.40121459960938
v 157.33181762695313 1.5389795303344727 372.88174438476563
v 157.33180236816406 1.5406023263931274 375.3623046875
v 157.33180236816406 1.5422252416610718 377.84283447265625
v 157.33180236816406 1.5438480377197266 380.32339477539063
v 157.33180236816406 1.5454709529876709 382.80392456054688
v 157.33180236816406 1.5470937490463257 385.28448486328125
v 157.33180236816406 1.5487165451049805 387.76504516601563
v 157.33180236816406 1.5503394603729248 390.24557495117188
v 157.33180236816406 2.6603286266326904 390.24484252929688
v 157.33180236816406 2.6587059497833252 387.76431274414063
v 157.33180236816406 2.6570830345153809 385.28375244140625
v 157.33180236816406 2.6554601192474365 382.80322265625
v 157.33180236816406 2.6538372039794922 380.32266235351563
v 157.33180236816406 2.652214527130127 377.84213256835938
v 157.33180236816406 2.6505916118621826 375.361572265625
v 157.33181762695313 2.6489686965942383 372.88104248046875
v 157.33181762695313 2.647346019744873 370.40048217773438
v 157.33181762695313 2.6457231044769287 367.919921875
v 157.33181762695313 2.6441001892089844 365.43939208984375
v 157.33181762695313 2.64247727394104 362.95883178710938
v 157.33181762695313 2.6408545970916748 360.47830200195313
v 157.33181762695313 2.6392316818237305 357.99774169921875
v 157.33181762695313 2.6376087665557861 355.5172119140625
v 157.33181762695313 2.6359860897064209 353.03665161132813
v 157.33181762695313 2.6343631744384766 350.55612182617188
v 157.33181762695313 2.6327402591705322 348.0755615234375
v 157.33181762695313 2.6311173439025879 345.59503173828125
v 157.33181762695313 2.6294946670532227 343.11447143554688
v 157.33181762695313 2.6278717517852783 340.63394165039063
v 157.33181762695313 2.626248836517334 338.15338134765625
v 157.33181762695313 2.6246261596679688 335.6728515625
v 157.33181762695313 2.6230032444000244 333.19229125976563
v 157.33181762695313 2.6213803291320801 330.71176147460938
v 157.33181762695313 2.6197574138641357 328.231201171875
v 157.33181762695313 2.6181347370147705 325.75067138671875
v 157.33181762695313 2.6165118217468262 323.27011108398438
v 157.33181762695313 2.6148889064788818 320.78955078125
v 157.33181762695313 2.6132662296295166 318.30902099609375
v 157.33181762695313 2.6116433143615723 315.82846069335938
v 157.33181762695313 2.6100203990936279 313.34793090820313
v 157.33181762695313 2.6083974838256836 310.86737060546875
v 157.33181762695313 2.6067748069763184 308.3868408203125
v 157.33181762695313 2.605151891708374 305.90628051757813
v 157.33181762695313 2.6035289764404297 303.42575073242188
v 157.33181762695313 2.6019062995910645 300.9451904296875
v 157.33183288574219 2.6002833843231201 298.46466064453125
v 157.33183288574219 2.5986604690551758 295.98410034179688
v 157.33183288574219 2.5970375537872314 293.50357055664063
v 157.33183288574219 2.5954148769378662 291.02301025390625
v 157.33183288574219 2.5937919616699219 288.54248046875
v 157.33183288574219 2.5921690464019775 286.06192016601563
v 157.33183288574219 2.5905463695526123 283.58139038085938
v 157.33183288574219 2.588923454284668 281.100830078125
v 157.33183288574219 2.5873005390167236 278.62030029296875
v 157.33183288574219 2.5856776237487793 276.13973999023438
v 157.33183288574219 2.5840549468994141 273.6591796875
v 157.33183288574219 2.5824320316314697 271.17864990234375
v 157.33183288574219 2.5808091163635254 268.69808959960938
v 157.33183288574219 2.5791864395141602 266.21755981445313
v 157.33183288574219 2.5775635242462158 263.73699951171875
v 157.33183288574219 2.5759406089782715 261.2564697265625
v 157.33183288574219 2.5743176937103271 258.77590942382813
v 157.33183288574219 2.5726950168609619 256.29537963867188
v 157.33183288574219 2.5710721015930176 253.8148193359375
v 157.33183288574219 2.5694491863250732 251.33427429199219
v 157.33183288574219 2.5678262710571289 248.85372924804688
v 157.33183288574219 2.5662035942077637 246.37318420410156
v 157.33183288574219 2.5645806789398193 243.89263916015625
v 157.33183288574219 2.562957763671875 241.41209411621094
v 157.33183288574219 2.5613350868225098 238.93154907226563
v 157.33183288574219 2.5597121715545654 236.45100402832031
v 157.33183288574219 2.5580892562866211 233.970458984375
v 157.33183288574219 2.5564663410186768 231.48991394042969
v 157.33183288574219 2.5548436641693115 229.00936889648438
v 157.33184814453125 2.5532207489013672 226.52882385253906
v 157.33184814453125 2.5515978336334229 224.04827880859375
v 157.33184814453125 2.5499751567840576 221.56773376464844
v 157.33184814453125 2.5483522415161133 219.08718872070313
v 157.33184814453125 2.5467293262481689 216.60664367675781
v 157.33184814453125 2.5451064109802246 214.1260986328125
v 157.33184814453125 2.5434837341308594 211.64555358886719
v 157.33184814453125 2.541860818862915 209.16499328613281
v 157.33184814453125 2.5402379035949707 206.6844482421875
v 157.33184814453125 2.5386152267456055 204.20390319824219
v 157.33184814453125 2.5369923114776611 201.72335815429688
v 157.33184814453125 2.5353693962097168 199.24281311035156
v 157.33184814453125 2.5337464809417725 196.76226806640625
v 157.33184814453125 2.5321238040924072 194.28172302246094
v 157.33184814453125 2.5305008888244629 191.80117797851563
v 157.33184814453125 2.5288779735565186 189.32063293457031
v 157.33184814453125 2.5272552967071533 186.840087890625
v 157.33184814453125 2.525632381439209 184.35954284667969
v 157.33184814453125 2.5240094661712646 181.87899780273438
v 157.33184814453125 2.5223865509033203 179.39845275878906
v 157.33184814453125 2.5207638740539551 176.91790771484375
v 157.33184814453125 2.5191409587860107 174.43736267089844
v 157.33184814453125 2.5175180435180664 171.95681762695313
v 157.33184814453125 2.5158953666687012 169.47627258300781
v 157.33184814453125 2.5142724514007568 166.9957275390625
v 157.33184814453125 2.5126495361328125 164.51516723632813
v 157.33184814453125 2.5110266208648682 162.03462219238281
v 157.33184814453125 2.5094039440155029 159.5540771484375
v 157.33184814453125 2.5077810287475586 157.07353210449219
v 157.33184814453125 2.5061581134796143 154.59298706054688
v 157.33186340332031 2.504535436630249 152.11244201660156
v 157.33186340332031 2.5029125213623047 149.63189697265625
v 157.33186340332031 2.5012896060943604 147.15135192871094
v 157.33186340332031 2.499666690826416 144.67080688476563
v 157.33186340332031 2.4980440139770508 142.19026184082031
v 157.33186340332031 2.4964210987091064 139.709716796875
v 157.33186340332031 2.4947981834411621 137.22917175292969
v 157.33186340332031 2.4931755065917969 134.74862670898438
v 157.33186340332031 2.4915525913238525 132.26808166503906
v 157.33186340332031 2.4899296760559082 129.78753662109375
v 157.33186340332031 2.4883067607879639 127.30698394775391
v 157.33186340332031 2.4866840839385986 124.82643890380859
v 157.33186340332031 2.4850611686706543 122.34589385986328
v 157.33186340332031 2.48343825340271 119.86534881591797
v 157.33186340332031 2.4818155765533447 117.38480377197266
v 157.33186340332031 2.4801926612854004 114.90425872802734
v 157.33186340332031 2.4785697460174561 112.42371368408203
v 157.33186340332031 2.4769468307495117 109.94316864013672
v 157.33186340332031 2.4753241539001465 107.46261596679688
v 157.33186340332031 2.4737012386322021 104.98207092285156
v 157.33186340332031 2.4720783233642578 102.50152587890625
v 157.33186340332031 2.4704556465148926 100.02098083496094
v 157.33186340332031 2.4688327312469482 97.540435791015625
v 157.33186340332031 2.4672098159790039 95.059890747070313
v 157.33186340332031 2.4655869007110596 92.579345703125
v 157.33186340332031 2.4639642238616943 90.098800659179688
v 157.33186340332031 2.46234130859375 87.618255615234375
v 157.33186340332031 2.4607183933258057 85.137702941894531
v 157.33186340332031 2.4590954780578613 82.657157897949219
v 157.33186340332031 2.4574728012084961 80.176612854003906
v 157.33187866210938 2.4558498859405518 77.696067810058594
v 157.33187866210938 2.4542269706726074 75.215522766113281
v 157.33187866210938 2.4526042938232422 72.734977722167969
v 157.33187866210938 2.4509813785552979 70.254432678222656
v 157.33187866210938 2.4493584632873535 67.773887634277344
v 157.33187866210938 2.4477355480194092 65.293342590332031
v 157.33187866210938 2.4461128711700439 62.812793731689453
v 157.33187866210938 2.4444899559020996 60.332248687744141
v 157.33187866210938 2.4428670406341553 57.851699829101563
v 157.33187866210938 2.44124436378479 55.37115478515625
v 157.33187866210938 2.4396214485168457 52.890609741210938
v 157.33187866210938 2.4379985332489014 50.410064697265625
v 157.33187866210938 2.436375617980957 47.929519653320313
v 157.33187866210938 2.4347529411315918 45.448970794677734
v 157.33187866210938 2.4331300258636475 42.968425750732422
v 157.33187866210938 2.4315071105957031 40.487880706787109
v 157.33187866210938 2.4298844337463379 38.007335662841797
v 157.33187866210938 2.4282615184783936 35.526786804199219
v 157.33187866210938 2.4266386032104492 33.046241760253906
v 157.33187866210938 2.4250156879425049 30.565696716308594
v 157.33187866210938 2.4233930110931396 28.085151672363281
v 157.33187866210938 2.4217700958251953 25.604604721069336
v 157.33187866210938 2.420147180557251 23.124059677124023
v 157.33187866210938 2.4185245037078857 20.643512725830078
v 157.33187866210938 2.4169015884399414 18.162967681884766
v 157.33187866210938 2.4152786731719971 15.682421684265137
v 157.33187866210938 2.4136557579040527 13.201875686645508
v 157.33187866210938 2.4120330810546875 10.721329689025879
v 157.33187866210938 2.4104101657867432 8.24078369140625
v 157.33187866210938 2.4087872505187988 5.7602376937866211
v 157.33189392089844 2.4071645736694336 3.2796919345855713
v 157.33189392089844 1.8527208566665649 4.122215747833252
v 157.33187866210938 1.8570684194564819 10.76762866973877
v 157.33187866210938 1.8592422008514404 14.090334892272949
v 157.33187866210938 1.8614161014556885 17.413042068481445
v 157.33187866210938 1.863589882850647 20.735748291015625
v 157.33187866210938 1.8657636642456055 24.058454513549805
v 157.33187866210938 1.870111346244812 30.703866958618164
v 157.33187866210938 1.8679375648498535 27.381160736083984
v 157.33187866210938 1.8722851276397705 34.026573181152344
v 157.33187866210938 1.874458909034729 37.349281311035156
v 157.33187866210938 1.8788065910339355 43.994693756103516
v 157.33187866210938 1.8766328096389771 40.671985626220703
v 157.33187866210938 1.880980372428894 47.317398071289063
v 157.33187866210938 1.8853280544281006 53.962814331054688
v 157.33187866210938 1.8831541538238525 50.640106201171875
v 157.33187866210938 1.8896756172180176 60.608226776123047
v 157.33187866210938 1.8875018358230591 57.285518646240234
v 157.33187866210938 1.8918495178222656 63.930931091308594
v 157.33187866210938 1.8961970806121826 70.576347351074219
v 157.33187866210938 1.8940232992172241 67.253639221191406
v 157.33187866210938 1.8983708620071411 73.8990478515625
v 157.33187866210938 1.9005447626113892 77.221755981445313
v 157.33186340332031 1.9027185440063477 80.544464111328125
v 157.33186340332031 1.9048923254013062 83.867172241210938
v 157.33186340332031 1.9092400074005127 90.512580871582031
v 157.33186340332031 1.9070662260055542 87.18988037109375
v 157.33186340332031 1.9135875701904297 97.157997131347656
v 157.33186340332031 1.9114137887954712 93.835289001464844
v 157.33186340332031 1.9157614707946777 100.48070526123047
v 157.33186340332031 1.9201090335845947 107.12611389160156
v 157.33186340332031 1.9179352521896362 103.80341339111328
v 157.33186340332031 1.9222828149795532 110.44882202148438
v 157.33186340332031 1.9244567155838013 113.77153015136719
v 157.33186340332031 1.9288042783737183 120.41693878173828
v 157.33186340332031 1.9266304969787598 117.09423828125
v 157.33186340332031 1.9309781789779663 123.73964691162109
v 157.33186340332031 1.9353257417678833 130.38505554199219
v 157.33186340332031 1.9331519603729248 127.06235504150391
v 157.33186340332031 1.9396734237670898 137.03047180175781
v 157.33186340332031 1.9374995231628418 133.707763671875
v 157.33186340332031 1.9418472051620483 140.35317993164063
v 157.33186340332031 1.9461948871612549 146.99859619140625
v 157.33186340332031 1.9440209865570068 143.67588806152344
v 157.33186340332031 1.9483686685562134 150.32130432128906
v 157.33184814453125 1.9505424499511719 153.64401245117188
v 157.33184814453125 1.9527162313461304 156.96672058105469
v 157.33184814453125 1.9548901319503784 160.28941345214844
v 157.33184814453125 1.9570639133453369 163.61212158203125
v 157.33184814453125 1.9592376947402954 166.93482971191406
v 157.33184814453125 1.9614114761352539 170.25753784179688
v 157.33184814453125 1.9657591581344604 176.9029541015625
v 157.33184814453125 1.963585376739502 173.58024597167969
v 157.33184814453125 1.9679329395294189 180.22566223144531
v 157.33184814453125 1.970106840133667 183.54837036132813
v 157.33184814453125 1.974454402923584 190.19377136230469
v 157.33184814453125 1.9722806215286255 186.87107849121094
v 157.33184814453125 1.9766281843185425 193.5164794921875
v 157.33184814453125 1.9788020849227905 196.83918762207031
v 157.33184814453125 1.980975866317749 200.16189575195313
v 157.33184814453125 1.9831496477127075 203.48460388183594
v 157.33184814453125 1.9874973297119141 210.13002014160156
v 157.33184814453125 1.9853235483169556 206.80731201171875
v 157.33184814453125 1.9918448925018311 216.77543640136719
v 157.33184814453125 1.9896711111068726 213.45272827148438
v 157.33184814453125 1.9940187931060791 220.09812927246094
v 157.33184814453125 1.9961925745010376 223.42083740234375
v 157.33183288574219 2.0005402565002441 230.06625366210938
v 157.33184814453125 1.9983663558959961 226.74354553222656
v 157.33183288574219 2.0027139186859131 233.38896179199219
v 157.33183288574219 2.0048878192901611 236.711669921875
v 157.33183288574219 2.0070617198944092 240.03437805175781
v 157.33183288574219 2.0114092826843262 246.67979431152344
v 157.33183288574219 2.0092353820800781 243.35708618164063
v 157.33183288574219 2.0135831832885742 250.00248718261719
v 157.33183288574219 2.0157568454742432 253.3251953125
v 157.33183288574219 2.0201044082641602 259.97061157226563
v 157.33183288574219 2.0179307460784912 256.64791870117188
v 157.33183288574219 2.0222783088684082 263.2933349609375
v 157.33183288574219 2.0266258716583252 269.938720703125
v 157.33183288574219 2.0244522094726563 266.61602783203125
v 157.33183288574219 2.0287997722625732 273.26144409179688
v 157.33183288574219 2.0309736728668213 276.58413696289063
v 157.33183288574219 2.0353212356567383 283.22955322265625
v 157.33183288574219 2.0331473350524902 279.9068603515625
v 157.33183288574219 2.0374951362609863 286.55227661132813
v 157.33183288574219 2.0396687984466553 289.87496948242188
v 157.33183288574219 2.0418426990509033 293.19769287109375
v 157.33183288574219 2.0440163612365723 296.5203857421875
v 157.33183288574219 2.0461902618408203 299.84307861328125
v 157.33181762695313 2.0505378246307373 306.48849487304688
v 157.33181762695313 2.0483641624450684 303.16580200195313
v 157.33181762695313 2.0548856258392334 313.1339111328125
v 157.33181762695313 2.0527117252349854 309.81121826171875
v 157.33181762695313 2.0570592880249023 316.45663452148438
v 157.33181762695313 2.0614070892333984 323.10205078125
v 157.33181762695313 2.0592331886291504 319.77932739257813
v 157.33181762695313 2.0635807514190674 326.42474365234375
v 157.33181762695313 2.0657546520233154 329.7474365234375
v 157.33181762695313 2.0701022148132324 336.39285278320313
v 157.33181762695313 2.0679285526275635 333.07015991210938
v 157.33181762695313 2.0722761154174805 339.715576171875
v 157.33181762695313 2.0744497776031494 343.03826904296875
v 157.33181762695313 2.0766236782073975 346.36099243164063
v 157.33181762695313 2.0787975788116455 349.68368530273438
v 157.33181762695313 2.0831451416015625 356.3291015625
v 157.33181762695313 2.0809712409973145 353.00640869140625
v 157.33181762695313 2.0853190422058105 359.65179443359375
v 157.33181762695313 2.0874927043914795 362.97451782226563
v 157.33181762695313 2.0896666049957275 366.29721069335938
v 157.33181762695313 2.0940141677856445 372.942626953125
v 157.33181762695313 2.0918405055999756 369.61993408203125
v 157.33180236816406 2.0961880683898926 376.26535034179688
v 157.33180236816406 2.0983617305755615 379.58804321289063
v 157.33180236816406 2.1027095317840576 386.23345947265625
v 157.33180236816406 2.1005356311798096 382.9107666015625
v 157.33180236816406 2.1048831939697266 389.55615234375
v 2.6917488574981689 1.4237573146820068 196.76295471191406
v 2.6917548179626465 1.487859845161438 294.74453735351563
v 80.011825561523438 1.4237573146820068 196.76295471191406
v 80.011833190917969 1.487859845161438 294.74453735351563
v 80.011833190917969 1.5199110507965088 343.73532104492188
v 118.67186737060547 1.487859845161438 294.74453735351563
v 118.67186737060547 1.5199110507965088 343.73532104492188
v 118.671875 1.535936713218689 368.23074340820313
v 138.00189208984375 1.5199110507965088 343.73532104492188
v 138.00189208984375 1.535936713218689 368.230712890625
v 138.00189208984375 1.5439494848251343 380.47842407226563
v 147.66690063476563 1.535936713218689 368.230712890625
v 147.66690063476563 1.5439494848251343 380.47842407226563
v 118.671875 1.5439494848251343 380.47842407226563
v 128.33688354492188 1.535936713218689 368.230712890625
v 128.33688354492188 1.5439494848251343 380.47842407226563
v 80.011833190917969 1.535936713218689 368.23074340820313
v 99.341850280761719 1.5199110507965088 343.73532104492188
v 99.341850280761719 1.535936713218689 368.23074340820313
v 2.6917576789855957 1.5199110507965088 343.7353515625
v 41.351791381835938 1.487859845161438 294.74453735351563
v 41.351795196533203 1.5199110507965088 343.7353515625
v -74.628326416015625 1.4237573146820068 196.76296997070313
v -74.628318786621094 1.487859845161438 294.74453735351563
v 99.341850280761719 1.5439494848251343 380.47842407226563
v 109.00685882568359 1.535936713218689 368.23074340820313
v 109.00686645507813 1.5439494848251343 380.47842407226563
v 80.011833190917969 1.5439494848251343 380.47842407226563
v 89.676841735839844 1.535936713218689 368.23074340820313
v 89.676841735839844 1.5439494848251343 380.47842407226563
v 41.351795196533203 1.535936713218689 368.23074340820313
v 60.681812286376953 1.5199110507965088 343.73532104492188
v 60.681816101074219 1.535936713218689 368.23074340820313
v 60.681816101074219 1.5439494848251343 380.47842407226563
v 70.346824645996094 1.535936713218689 368.23074340820313
v 70.346824645996094 1.5439494848251343 380.47842407226563
v 41.351799011230469 1.5439494848251343 380.47842407226563
v 51.016807556152344 1.535936713218689 368.23074340820313
v 51.016807556152344 1.5439494848251343 380.47842407226563
v 2.6917591094970703 1.535936713218689 368.23074340820313
v 22.02177619934082 1.5199110507965088 343.7353515625
v 22.021778106689453 1.535936713218689 368.23074340820313
v -74.628318786621094 1.5199110507965088 343.7353515625
v -35.968284606933594 1.487859845161438 294.74453735351563
v -35.968280792236328 1.5199110507965088 343.7353515625
v 22.021778106689453 1.5439494848251343 380.47842407226563
v 31.686786651611328 1.535936713218689 368.23074340820313
v 31.686788558959961 1.5439494848251343 380.47842407226563
v 2.6917598247528076 1.5439494848251343 380.47842407226563
v 12.356768608093262 1.535936713218689 368.23074340820313
v 12.356769561767578 1.5439494848251343 380.47842407226563
v -35.968276977539063 1.535936713218689 368.23074340820313
v -16.638261795043945 1.5199110507965088 343.7353515625
v -16.638259887695313 1.535936713218689 368.23074340820313
v -16.63825798034668 1.5439494848251343 380.47842407226563
v -6.9732503890991211 1.535936713218689 368.23074340820313
v -6.9732494354248047 1.5439494848251343 380.47842407226563
v -35.968276977539063 1.5439494848251343 380.47842407226563
v -26.303268432617188 1.535936713218689 368.23074340820313
v -26.303268432617188 1.5439494848251343 380.47842407226563
v -74.628318786621094 1.535936713218689 368.23074340820313
v -55.298297882080078 1.5199110507965088 343.7353515625
v -55.298297882080078 1.535936713218689 368.23074340820313
v -113.28836059570313 1.487859845161438 294.74456787109375
v -113.28835296630859 1.5199110507965088 343.7353515625
v -55.298297882080078 1.5439494848251343 380.47842407226563
v -45.633289337158203 1.535936713218689 368.23074340820313
v -45.633285522460938 1.5439494848251343 380.47842407226563
v -74.628318786621094 1.5439494848251343 380.47842407226563
v -64.963310241699219 1.535936713218689 368.23074340820313
v -64.963302612304688 1.5439494848251343 380.47842407226563
v -113.28835296630859 1.535936713218689 368.23074340820313
v -93.958335876464844 1.5199110507965088 343.7353515625
v -93.958335876464844 1.535936713218689 368.23074340820313
v -93.958335876464844 1.5439494848251343 380.47842407226563
v -84.293327331542969 1.535936713218689 368.23074340820313
v -84.293327331542969 1.5439494848251343 380.47842407226563
v -113.28835296630859 1.5439494848251343 380.47845458984375
v -103.62334442138672 1.535936713218689 368.23074340820313
v -103.62334442138672 1.5439494848251343 380.47845458984375
v -132.61837768554688 1.5199110507965088 343.7353515625
v -132.61837768554688 1.535936713218689 368.23074340820313
v -132.61837768554688 1.5439494848251343 380.47845458984375
v -122.95336151123047 1.535936713218689 368.23074340820313
v -122.95336151123047 1.5439494848251343 380.47845458984375
v -142.28338623046875 1.535936713218689 368.23074340820313
v -142.28338623046875 1.5439494848251343 380.47845458984375
v 2.6917428970336914 1.3596547842025757 98.7813720703125
v -74.628334045410156 1.3596547842025757 98.781379699707031
v -74.628334045410156 1.3276035785675049 49.79058837890625
v -113.28836822509766 1.3596547842025757 98.781379699707031
v -113.28837585449219 1.3276035785675049 49.79058837890625
v -113.28837585449219 1.3115779161453247 25.295192718505859
v -132.61839294433594 1.3276035785675049 49.790592193603516
v -132.61839294433594 1.3115779161453247 25.295194625854492
v -132.61839294433594 1.3035651445388794 13.04749584197998
v -142.28340148925781 1.3115779161453247 25.295194625854492
v -142.28340148925781 1.3035651445388794 13.047496795654297
v -142.28340148925781 1.2995587587356567 6.923647403717041
v -147.11590576171875 1.3035651445388794 13.047496795654297
v -147.11590576171875 1.2995587587356567 6.9236478805541992
v -132.61839294433594 1.2995587587356567 6.9236469268798828
v -137.45089721679688 1.3035651445388794 13.04749584197998
v -137.45089721679688 1.2995587587356567 6.9236469268798828
v -113.28837585449219 1.3035651445388794 13.047494888305664
v -122.95338439941406 1.3115779161453247 25.295192718505859
v -122.95338439941406 1.3035651445388794 13.047494888305664
v -74.628334045410156 1.3115779161453247 25.295190811157227
v -93.958351135253906 1.3276035785675049 49.79058837890625
v -93.958358764648438 1.3115779161453247 25.295190811157227
v 2.6917400360107422 1.3276035785675049 49.790580749511719
v -35.968296051025391 1.3596547842025757 98.781379699707031
v -35.968296051025391 1.3276035785675049 49.790584564208984
v 80.011817932128906 1.3596547842025757 98.7813720703125
v -122.95338439941406 1.2995587587356567 6.9236464500427246
v -127.785888671875 1.3035651445388794 13.04749584197998
v -127.785888671875 1.2995587587356567 6.9236464500427246
v -113.28837585449219 1.2995587587356567 6.9236454963684082
v -118.12088012695313 1.3035651445388794 13.047494888305664
v -118.12088012695313 1.2995587587356567 6.9236459732055664
v -93.958358764648438 1.3035651445388794 13.047493934631348
v -103.62336730957031 1.3115779161453247 25.295192718505859
v -103.62336730957031 1.3035651445388794 13.047493934631348
v -103.62336730957031 1.2995587587356567 6.92364501953125
v -108.45587158203125 1.3035651445388794 13.047494888305664
v -108.45587158203125 1.2995587587356567 6.9236454963684082
v -93.958358764648438 1.2995587587356567 6.9236445426940918
v -98.790863037109375 1.3035651445388794 13.047493934631348
v -98.790863037109375 1.2995587587356567 6.9236445426940918
v -74.628334045410156 1.3035651445388794 13.047492027282715
v -84.293342590332031 1.3115779161453247 25.295190811157227
v -84.293350219726563 1.3035651445388794 13.047492980957031
v -35.968299865722656 1.3115779161453247 25.295188903808594
v -55.298316955566406 1.3276035785675049 49.790584564208984
v -55.298316955566406 1.3115779161453247 25.295188903808594
v -84.293350219726563 1.2995587587356567 6.9236440658569336
v -89.1258544921875 1.3035651445388794 13.047492980957031
v -89.1258544921875 1.2995587587356567 6.9236440658569336
v -74.628334045410156 1.2995587587356567 6.9236431121826172
v -79.460838317871094 1.3035651445388794 13.047492980957031
v -79.460845947265625 1.2995587587356567 6.9236435890197754
v -55.298316955566406 1.3035651445388794 13.047491073608398
v -64.963325500488281 1.3115779161453247 25.295190811157227
v -64.963325500488281 1.3035651445388794 13.047492027282715
v -64.963325500488281 1.2995587587356567 6.923642635345459
v -69.795829772949219 1.3035651445388794 13.047492027282715
v -69.795829772949219 1.2995587587356567 6.9236431121826172
v -55.298320770263672 1.2995587587356567 6.9236421585083008
v -60.130825042724609 1.3035651445388794 13.047491073608398
v -60.130825042724609 1.2995587587356567 6.923642635345459
v -35.968299865722656 1.3035651445388794 13.047490119934082
v -45.633308410644531 1.3115779161453247 25.295188903808594
v -45.633308410644531 1.3035651445388794 13.047491073608398
v 2.6917383670806885 1.3115779161453247 25.295185089111328
v -16.638278961181641 1.3276035785675049 49.790584564208984
v -16.638280868530273 1.3115779161453247 25.295186996459961
v 80.011817932128906 1.3276035785675049 49.790576934814453
v 41.351779937744141 1.3596547842025757 98.7813720703125
v 41.351776123046875 1.3276035785675049 49.790580749511719
v -45.633308410644531 1.2995587587356567 6.9236416816711426
v -50.465812683105469 1.3035651445388794 13.047491073608398
v -50.465812683105469 1.2995587587356567 6.9236416816711426
v -35.968299865722656 1.2995587587356567 6.9236412048339844
v -40.800804138183594 1.3035651445388794 13.047490119934082
v -40.800804138183594 1.2995587587356567 6.9236412048339844
v -16.638280868530273 1.3035651445388794 13.047489166259766
v -26.303289413452148 1.3115779161453247 25.295186996459961
v -26.303291320800781 1.3035651445388794 13.047489166259766
v -26.303291320800781 1.2995587587356567 6.923640251159668
v -31.135795593261719 1.3035651445388794 13.047490119934082
v -31.135795593261719 1.2995587587356567 6.9236407279968262
v -16.638280868530273 1.2995587587356567 6.9236397743225098
v -21.470785140991211 1.3035651445388794 13.047489166259766
v -21.470787048339844 1.2995587587356567 6.923640251159668
v 2.6917376518249512 1.3035651445388794 13.047488212585449
v -6.9732708930969238 1.3115779161453247 25.295186996459961
v -6.9732718467712402 1.3035651445388794 13.047488212585449
v 41.351776123046875 1.3115779161453247 25.295183181762695
v 22.021759033203125 1.3276035785675049 49.790580749511719
v 22.021757125854492 1.3115779161453247 25.295185089111328
v -6.9732718467712402 1.2995587587356567 6.9236392974853516
v -11.805776596069336 1.3035651445388794 13.047488212585449
v -11.805776596069336 1.2995587587356567 6.9236392974853516
v 2.6917374134063721 1.2995587587356567 6.9236388206481934
v -2.1407668590545654 1.3035651445388794 13.047488212585449
v -2.1407673358917236 1.2995587587356567 6.9236388206481934
v 22.021757125854492 1.3035651445388794 13.047486305236816
v 12.356747627258301 1.3115779161453247 25.295185089111328
v 12.356746673583984 1.3035651445388794 13.047487258911133
v 12.356746673583984 1.2995587587356567 6.923637866973877
v 7.5242424011230469 1.3035651445388794 13.047487258911133
v 7.5242419242858887 1.2995587587356567 6.9236383438110352
v 22.021755218505859 1.2995587587356567 6.9236373901367188
v 17.189250946044922 1.3035651445388794 13.047487258911133
v 17.189250946044922 1.2995587587356567 6.923637866973877
v 41.351776123046875 1.3035651445388794 13.0474853515625
v 31.686767578125 1.3115779161453247 25.295185089111328
v 31.686765670776367 1.3035651445388794 13.047486305236816
v 80.011810302734375 1.3115779161453247 25.295181274414063
v 60.681797027587891 1.3276035785675049 49.790576934814453
v 60.681793212890625 1.3115779161453247 25.295183181762695
v 118.67185211181641 1.3596547842025757 98.781364440917969
v 118.67185211181641 1.3276035785675049 49.790576934814453
v 31.686765670776367 1.2995587587356567 6.9236369132995605
v 26.85426139831543 1.3035651445388794 13.047486305236816
v 26.85426139831543 1.2995587587356567 6.9236373901367188
v 41.351776123046875 1.2995587587356567 6.9236364364624023
v 36.519271850585938 1.3035651445388794 13.0474853515625
v 36.519271850585938 1.2995587587356567 6.9236364364624023
v 60.681793212890625 1.3035651445388794 13.047484397888184
v 51.01678466796875 1.3115779161453247 25.295183181762695
v 51.01678466796875 1.3035651445388794 13.047484397888184
v 51.01678466796875 1.2995587587356567 6.9236359596252441
v 46.184280395507813 1.3035651445388794 13.0474853515625
v 46.184280395507813 1.2995587587356567 6.9236359596252441
v 60.681793212890625 1.2995587587356567 6.9236350059509277
v 55.849288940429688 1.3035651445388794 13.047484397888184
v 55.849288940429688 1.2995587587356567 6.9236354827880859
v 80.011810302734375 1.3035651445388794 13.047483444213867
v 70.3468017578125 1.3115779161453247 25.295181274414063
v 70.3468017578125 1.3035651445388794 13.047483444213867
v 118.67185211181641 1.3115779161453247 25.29517936706543
v 99.341835021972656 1.3276035785675049 49.790576934814453
v 99.341835021972656 1.3115779161453247 25.29517936706543
v 70.3468017578125 1.2995587587356567 6.9236345291137695
v 65.514297485351563 1.3035651445388794 13.047484397888184
v 65.514297485351563 1.2995587587356567 6.9236350059509277
v 80.011810302734375 1.2995587587356567 6.9236340522766113
v 75.179306030273438 1.3035651445388794 13.047483444213867
v 75.179306030273438 1.2995587587356567 6.9236340522766113
v 99.341835021972656 1.3035651445388794 13.047481536865234
v 89.676826477050781 1.3115779161453247 25.295181274414063
v 89.67681884765625 1.3035651445388794 13.047482490539551
v 89.67681884765625 1.2995587587356567 6.9236335754394531
v 84.844314575195313 1.3035651445388794 13.047482490539551
v 84.844314575195313 1.2995587587356567 6.9236335754394531
v 99.341835021972656 1.2995587587356567 6.9236326217651367
v 94.509330749511719 1.3035651445388794 13.047482490539551
v 94.509323120117188 1.2995587587356567 6.9236330986022949
v 118.67185211181641 1.3035651445388794 13.047480583190918
v 109.00684356689453 1.3115779161453247 25.29517936706543
v 109.00684356689453 1.3035651445388794 13.047481536865234
v 138.00187683105469 1.3276035785675049 49.790573120117188
v 138.00187683105469 1.3115779161453247 25.295177459716797
v 109.00684356689453 1.2995587587356567 6.9236321449279785
v 104.17433929443359 1.3035651445388794 13.047481536865234
v 104.17433929443359 1.2995587587356567 6.9236326217651367
v 118.67185211181641 1.2995587587356567 6.9236316680908203
v 113.83934783935547 1.3035651445388794 13.047480583190918
v 113.83934783935547 1.2995587587356567 6.9236321449279785
v 138.00187683105469 1.3035651445388794 13.047479629516602
v 128.33685302734375 1.3115779161453247 25.295177459716797
v 128.33685302734375 1.3035651445388794 13.047480583190918
v 128.33685302734375 1.2995587587356567 6.9236311912536621
v 123.50435638427734 1.3035651445388794 13.047480583190918
v 123.50435638427734 1.2995587587356567 6.9236311912536621
v 138.00186157226563 1.2995587587356567 6.9236307144165039
v 133.16935729980469 1.3035651445388794 13.047479629516602
v 133.16935729980469 1.2995587587356567 6.9236307144165039
v 147.66688537597656 1.3115779161453247 25.295177459716797
v 147.66688537597656 1.3035651445388794 13.047478675842285
v 147.66688537597656 1.2995587587356567 6.9236297607421875
v 142.83438110351563 1.3035651445388794 13.047479629516602
v 142.83438110351563 1.2995587587356567 6.9236302375793457
v 152.4993896484375 1.3035651445388794 13.047478675842285
v 152.4993896484375 1.2995587587356567 6.9236297607421875
v 152.4993896484375 1.3115779161453247 25.295177459716797
v 147.66688537597656 1.3075715303421021 19.171327590942383
v 152.4993896484375 1.3075715303421021 19.171327590942383
v 147.66688537597656 1.3276035785675049 49.790573120117188
v 138.00187683105469 1.31959068775177 37.542877197265625
v 147.66688537597656 1.31959068775177 37.542877197265625
v 138.00187683105469 1.3596547842025757 98.781364440917969
v 118.67185211181641 1.3436292409896851 74.285972595214844
v 138.00187683105469 1.3436291217803955 74.285972595214844
v 118.67185974121094 1.4237573146820068 196.76295471191406
v 80.011817932128906 1.391706109046936 147.77215576171875
v 118.67185974121094 1.391706109046936 147.77215576171875
v 152.4993896484375 1.31959068775177 37.542873382568359
v 147.66688537597656 1.3155843019485474 31.419025421142578
v 152.4993896484375 1.3155843019485474 31.419025421142578
v 152.4993896484375 1.3276035785675049 49.790573120117188
v 147.66688537597656 1.3235971927642822 43.666725158691406
v 152.4993896484375 1.3235971927642822 43.666725158691406
v 147.66688537597656 1.3436291217803955 74.285972595214844
v 138.00187683105469 1.3356163501739502 62.038272857666016
v 147.66688537597656 1.3356163501739502 62.038272857666016
v 152.4993896484375 1.3356163501739502 62.038272857666016
v 147.66688537597656 1.3316099643707275 55.914421081542969
v 152.4993896484375 1.3316099643707275 55.914421081542969
v 152.4993896484375 1.3436291217803955 74.285972595214844
v 147.66688537597656 1.3396227359771729 68.162124633789063
v 152.4993896484375 1.3396227359771729 68.162117004394531
v 147.66688537597656 1.3596547842025757 98.781364440917969
v 138.00187683105469 1.3516420125961304 86.533668518066406
v 147.66688537597656 1.3516420125961304 86.533668518066406
v 138.00187683105469 1.391706109046936 147.77215576171875
v 118.67185974121094 1.3756804466247559 123.27676391601563
v 138.00187683105469 1.3756804466247559 123.27676391601563
v 152.4993896484375 1.3516420125961304 86.533668518066406
v 147.66688537597656 1.3476356267929077 80.409820556640625
v 152.4993896484375 1.3476356267929077 80.409820556640625
v 152.4993896484375 1.3596547842025757 98.781364440917969
v 147.66688537597656 1.355648398399353 92.657516479492188
v 152.4993896484375 1.355648398399353 92.657516479492188
v 147.66688537597656 1.3756804466247559 123.27676391601563
v 138.00187683105469 1.3676676750183105 111.02906799316406
v 147.66688537597656 1.3676676750183105 111.02906799316406
v 152.4993896484375 1.3676676750183105 111.02906799316406
v 147.66688537597656 1.3636611700057983 104.90521240234375
v 152.4993896484375 1.3636611700057983 104.90521240234375
v 152.4993896484375 1.3756804466247559 123.27676391601563
v 147.66688537597656 1.3716740608215332 117.15291595458984
v 152.4993896484375 1.3716740608215332 117.15291595458984
v 147.66688537597656 1.391706109046936 147.77215576171875
v 138.00187683105469 1.3836932182312012 135.52445983886719
v 147.66688537597656 1.3836932182312012 135.52445983886719
v 138.00187683105469 1.4237573146820068 196.76295471191406
v 118.67185974121094 1.4077316522598267 172.26756286621094
v 138.00187683105469 1.4077316522598267 172.26756286621094
v 80.011825561523438 1.4558085203170776 245.75375366210938
v 118.67186737060547 1.4558085203170776 245.75375366210938
v 152.4993896484375 1.3836932182312012 135.52445983886719
v 147.66688537597656 1.3796868324279785 129.40060424804688
v 152.4993896484375 1.3796868324279785 129.40060424804688
v 152.4993896484375 1.391706109046936 147.77215576171875
v 147.66688537597656 1.3876996040344238 141.6483154296875
v 152.4993896484375 1.3876996040344238 141.6483154296875
v 147.66688537597656 1.4077316522598267 172.26756286621094
v 138.00187683105469 1.3997188806533813 160.01985168457031
v 147.66688537597656 1.3997188806533813 160.01985168457031
v 152.4993896484375 1.3997188806533813 160.01985168457031
v 147.66688537597656 1.3957124948501587 153.89601135253906
v 152.4993896484375 1.3957124948501587 153.89601135253906
v 152.4993896484375 1.4077316522598267 172.26754760742188
v 147.66688537597656 1.403725266456604 166.14370727539063
v 152.4993896484375 1.403725266456604 166.14370727539063
v 147.66688537597656 1.4237573146820068 196.76295471191406
v 138.00187683105469 1.4157445430755615 184.5152587890625
v 147.66688537597656 1.4157445430755615 184.5152587890625
v 138.00187683105469 1.4558085203170776 245.75373840332031
v 118.67185974121094 1.439782977104187 221.25834655761719
v 138.00187683105469 1.439782977104187 221.25834655761719
v 152.4993896484375 1.4157445430755615 184.5152587890625
v 147.66688537597656 1.4117380380630493 178.39140319824219
v 152.4993896484375 1.4117380380630493 178.39140319824219
v 152.4993896484375 1.4237573146820068 196.76295471191406
v 147.66688537597656 1.4197509288787842 190.63909912109375
v 152.4993896484375 1.4197509288787842 190.63909912109375
v 147.66688537597656 1.439782977104187 221.25834655761719
v 138.00187683105469 1.4317700862884521 209.01065063476563
v 147.66688537597656 1.4317700862884521 209.01065063476563
v 152.4993896484375 1.4317700862884521 209.01065063476563
v 147.66688537597656 1.4277637004852295 202.88679504394531
v 152.4993896484375 1.4277637004852295 202.88679504394531
v 152.4993896484375 1.439782977104187 221.25834655761719
v 147.66688537597656 1.4357764720916748 215.13450622558594
v 152.4993896484375 1.4357764720916748 215.13450622558594
v 147.66688537597656 1.4558085203170776 245.75373840332031
v 138.00187683105469 1.4477957487106323 233.50604248046875
v 147.66688537597656 1.4477957487106323 233.50604248046875
v 138.00189208984375 1.487859845161438 294.74453735351563
v 118.67186737060547 1.4718341827392578 270.2491455078125
v 138.00189208984375 1.4718341827392578 270.2491455078125
v 152.4993896484375 1.4477957487106323 233.50604248046875
v 147.66688537597656 1.4437893629074097 227.3822021484375
v 152.4993896484375 1.4437893629074097 227.3822021484375
v 152.49940490722656 1.4558085203170776 245.75373840332031
v 147.66688537597656 1.451802134513855 239.62989807128906
v 152.4993896484375 1.451802134513855 239.62989807128906
v 147.66690063476563 1.4718341827392578 270.2491455078125
v 138.00187683105469 1.4638214111328125 258.00143432617188
v 147.66690063476563 1.4638214111328125 258.00143432617188
v 152.49940490722656 1.4638214111328125 258.00143432617188
v 147.66690063476563 1.4598149061203003 251.87759399414063
v 152.49940490722656 1.4598149061203003 251.87759399414063
v 152.49940490722656 1.4718341827392578 270.2491455078125
v 147.66690063476563 1.4678277969360352 264.12530517578125
v 152.49940490722656 1.4678277969360352 264.12530517578125
v 147.66690063476563 1.487859845161438 294.74453735351563
v 138.00189208984375 1.4798469543457031 282.496826171875
v 147.66690063476563 1.4798469543457031 282.496826171875
v 118.67186737060547 1.5038853883743286 319.23992919921875
v 138.00189208984375 1.5038853883743286 319.23992919921875
v 152.49940490722656 1.4798469543457031 282.496826171875
v 147.66690063476563 1.4758405685424805 276.37298583984375
v 152.49940490722656 1.4758405685424805 276.37298583984375
v 152.49940490722656 1.487859845161438 294.74453735351563
v 147.66690063476563 1.4838533401489258 288.62069702148438
v 152.49940490722656 1.4838533401489258 288.62069702148438
v 147.66690063476563 1.5038853883743286 319.23992919921875
v 138.00189208984375 1.4958726167678833 306.99224853515625
v 147.66690063476563 1.4958726167678833 306.99224853515625
v 152.49940490722656 1.4958726167678833 306.99224853515625
v 147.66690063476563 1.4918662309646606 300.86837768554688
v 152.49940490722656 1.4918662309646606 300.86837768554688
v 152.49940490722656 1.5038853883743286 319.23992919921875
v 147.66690063476563 1.499879002571106 313.1160888671875
v 152.49940490722656 1.499879002571106 313.1160888671875
v 147.66690063476563 1.5199110507965088 343.73532104492188
v 138.00189208984375 1.5118982791900635 331.48764038085938
v 147.66690063476563 1.5118982791900635 331.48764038085938
v 152.49940490722656 1.5118982791900635 331.48764038085938
v 147.66690063476563 1.5078917741775513 325.36376953125
v 152.49940490722656 1.5078917741775513 325.36376953125
v 152.49940490722656 1.5199110507965088 343.73532104492188
v 147.66690063476563 1.5159046649932861 337.61148071289063
v 152.49940490722656 1.5159046649932861 337.61148071289063
v 138.00189208984375 1.5279238224029541 355.9830322265625
v 147.66690063476563 1.5279238224029541 355.9830322265625
v 152.49940490722656 1.5279238224029541 355.9830322265625
v 147.66690063476563 1.5239174365997314 349.85919189453125
v 152.49940490722656 1.5239174365997314 349.85919189453125
v 152.49940490722656 1.535936713218689 368.230712890625
v 147.66690063476563 1.5319303274154663 362.10687255859375
v 152.49940490722656 1.5319303274154663 362.10687255859375
v 152.49940490722656 1.5439494848251343 380.47842407226563
v 147.66690063476563 1.5399430990219116 374.35458374023438
v 152.49940490722656 1.5399430990219116 374.35458374023438
v 147.66690063476563 1.5479558706283569 386.60226440429688
v 152.49940490722656 1.5479558706283569 386.60226440429688
v -142.28338623046875 1.5479558706283569 386.602294921875
v -147.11589050292969 1.5439494848251343 380.47845458984375
v -147.11589050292969 1.5479558706283569 386.602294921875
v -142.28338623046875 1.5399430990219116 374.35458374023438
v -147.11589050292969 1.535936713218689 368.23074340820313
v -147.11589050292969 1.5399430990219116 374.35458374023438
v -132.61837768554688 1.5279238224029541 355.9830322265625
v -142.28338623046875 1.5199110507965088 343.7353515625
v -142.28338623046875 1.5279238224029541 355.9830322265625
v -113.28835296630859 1.5038853883743286 319.23995971679688
v -132.61837768554688 1.487859845161438 294.74456787109375
v -132.61837768554688 1.5038853883743286 319.23995971679688
v -74.628326416015625 1.4558085203170776 245.75375366210938
v -113.28836059570313 1.4237573146820068 196.76296997070313
v -113.28836059570313 1.4558085203170776 245.75375366210938
v -142.28338623046875 1.5319303274154663 362.10690307617188
v -147.11589050292969 1.5279238224029541 355.9830322265625
v -147.11589050292969 1.5319303274154663 362.10690307617188
v -142.28338623046875 1.5239174365997314 349.85919189453125
v -147.11589050292969 1.5199110507965088 343.7353515625
v -147.11589050292969 1.5239174365997314 349.85919189453125
v -132.61837768554688 1.5118982791900635 331.48764038085938
v -142.28338623046875 1.5038853883743286 319.23995971679688
v -142.28338623046875 1.5118982791900635 331.48764038085938
v -142.28338623046875 1.5159046649932861 337.61151123046875
v -147.11589050292969 1.5118982791900635 331.48764038085938
v -147.11589050292969 1.5159046649932861 337.61151123046875
v -142.28338623046875 1.5078918933868408 325.36380004882813
v -147.11589050292969 1.5038853883743286 319.23995971679688
v -147.11589050292969 1.5078918933868408 325.36380004882813
v -132.61837768554688 1.4958726167678833 306.99224853515625
v -142.28338623046875 1.487859845161438 294.74456787109375
v -142.28338623046875 1.4958726167678833 306.99224853515625
v -113.28836059570313 1.4718341827392578 270.2491455078125
v -132.61837768554688 1.4558085203170776 245.75376892089844
v -132.61837768554688 1.4718341827392578 270.2491455078125
v -142.28338623046875 1.499879002571106 313.1160888671875
v -147.11589050292969 1.4958726167678833 306.99224853515625
v -147.11589050292969 1.499879002571106 313.1160888671875
v -142.28338623046875 1.4918662309646606 300.868408203125
v -147.11589050292969 1.487859845161438 294.74456787109375
v -147.11589050292969 1.4918662309646606 300.868408203125
v -132.61837768554688 1.4798469543457031 282.49685668945313
v -142.28338623046875 1.4718341827392578 270.2491455078125
v -142.28338623046875 1.4798469543457031 282.49685668945313
v -142.28338623046875 1.4838534593582153 288.62069702148438
v -147.11589050292969 1.4798469543457031 282.49685668945313
v -147.11589050292969 1.4838534593582153 288.62069702148438
v -142.28338623046875 1.4758405685424805 276.37301635742188
v -147.11589050292969 1.4718341827392578 270.2491455078125
v -147.11589050292969 1.4758405685424805 276.37301635742188
v -132.61837768554688 1.4638214111328125 258.00146484375
v -142.28338623046875 1.4558085203170776 245.75376892089844
v -142.28338623046875 1.4638214111328125 258.00146484375
v -113.28836059570313 1.439782977104187 221.25836181640625
v -132.61837768554688 1.4237573146820068 196.76296997070313
v -132.61837768554688 1.439782977104187 221.25836181640625
v -74.628326416015625 1.391706109046936 147.77217102050781
v -113.28836822509766 1.391706109046936 147.77217102050781
v -142.28338623046875 1.4678277969360352 264.12530517578125
v -147.11589050292969 1.4638214111328125 258.00146484375
v -147.11589050292969 1.4678277969360352 264.12530517578125
v -142.28338623046875 1.4598150253295898 251.87760925292969
v -147.11589050292969 1.4558085203170776 245.75376892089844
v -147.11589050292969 1.4598150253295898 251.87760925292969
v -132.61837768554688 1.4477957487106323 233.50605773925781
v -142.28338623046875 1.439782977104187 221.25836181640625
v -142.28338623046875 1.4477957487106323 233.50605773925781
v -142.28338623046875 1.451802134513855 239.62991333007813
v -147.11589050292969 1.4477957487106323 233.50605773925781
v -147.11589050292969 1.451802134513855 239.62991333007813
v -142.28338623046875 1.4437893629074097 227.38221740722656
v -147.11589050292969 1.439782977104187 221.25836181640625
v -147.11589050292969 1.4437893629074097 227.38221740722656
v -132.61837768554688 1.4317700862884521 209.01066589355469
v -142.28338623046875 1.4237573146820068 196.76296997070313
v -142.28338623046875 1.4317700862884521 209.01066589355469
v -113.28836822509766 1.4077316522598267 172.267578125
v -132.61839294433594 1.391706109046936 147.77217102050781
v -132.61837768554688 1.4077316522598267 172.267578125
v -142.28338623046875 1.4357765913009644 215.134521484375
v -147.11589050292969 1.4317700862884521 209.01066589355469
v -147.11589050292969 1.4357765913009644 215.134521484375
v -142.28338623046875 1.4277637004852295 202.88682556152344
v -147.11589050292969 1.4237573146820068 196.76296997070313
v -147.11589050292969 1.4277637004852295 202.88682556152344
v -132.61837768554688 1.4157445430755615 184.51527404785156
v -142.28338623046875 1.4077316522598267 172.267578125
v -142.28338623046875 1.4157445430755615 184.51527404785156
v -142.28338623046875 1.4197509288787842 190.63911437988281
v -147.11589050292969 1.4157445430755615 184.51527404785156
v -147.11589050292969 1.4197509288787842 190.63911437988281
v -142.28338623046875 1.4117380380630493 178.39141845703125
v -147.11590576171875 1.4077316522598267 172.267578125
v -147.11589050292969 1.4117380380630493 178.39141845703125
v -132.61837768554688 1.3997188806533813 160.01986694335938
v -142.28340148925781 1.391706109046936 147.77217102050781
v -142.28340148925781 1.3997188806533813 160.01988220214844
v -113.28836822509766 1.3756804466247559 123.27677917480469
v -132.61839294433594 1.3596547842025757 98.781379699707031
v -132.61839294433594 1.3756804466247559 123.27677917480469
v -142.28340148925781 1.403725266456604 166.14372253417969
v -147.11590576171875 1.3997188806533813 160.01988220214844
v -147.11590576171875 1.403725266456604 166.14372253417969
v -142.28340148925781 1.3957124948501587 153.89602661132813
v -147.11590576171875 1.391706109046936 147.77217102050781
v -147.11590576171875 1.3957124948501587 153.89602661132813
v -132.61839294433594 1.3836932182312012 135.52447509765625
v -142.28340148925781 1.3756804466247559 123.27677917480469
v -142.28340148925781 1.3836932182312012 135.52447509765625
v -142.28340148925781 1.3876996040344238 141.64833068847656
v -147.11590576171875 1.3836932182312012 135.52447509765625
v -147.11590576171875 1.3876996040344238 141.64833068847656
v -142.28340148925781 1.3796868324279785 129.400634765625
v -147.11590576171875 1.3756804466247559 123.27677917480469
v -147.11590576171875 1.3796868324279785 129.400634765625
v -132.61839294433594 1.3676676750183105 111.02908325195313
v -142.28340148925781 1.3596547842025757 98.781387329101563
v -142.28340148925781 1.3676676750183105 111.02908325195313
v -113.28836822509766 1.3436292409896851 74.285987854003906
v -132.61839294433594 1.3436292409896851 74.285987854003906
v -142.28340148925781 1.3716740608215332 117.15293121337891
v -147.11590576171875 1.3676676750183105 111.02908325195313
v -147.11590576171875 1.3716740608215332 117.15293121337891
v -142.28340148925781 1.3636611700057983 104.90523529052734
v -147.11590576171875 1.3596547842025757 98.781387329101563
v -147.11590576171875 1.3636611700057983 104.90523529052734
v -132.61839294433594 1.3516420125961304 86.533683776855469
v -142.28340148925781 1.3436292409896851 74.285987854003906
v -142.28340148925781 1.3516420125961304 86.533683776855469
v -142.28340148925781 1.355648398399353 92.65753173828125
v -147.11590576171875 1.3516420125961304 86.533683776855469
v -147.11590576171875 1.355648398399353 92.65753173828125
v -142.28340148925781 1.3476356267929077 80.409835815429688
v -147.11590576171875 1.3436292409896851 74.285987854003906
v -147.11590576171875 1.3476356267929077 80.409835815429688
v -132.61839294433594 1.3356163501739502 62.038288116455078
v -142.28340148925781 1.3276035785675049 49.790592193603516
v -142.28340148925781 1.3356163501739502 62.038288116455078
v -142.28340148925781 1.3396227359771729 68.162139892578125
v -147.11590576171875 1.3356163501739502 62.038288116455078
v -147.11590576171875 1.3396227359771729 68.162139892578125
v -142.28340148925781 1.3316099643707275 55.914440155029297
v -147.11590576171875 1.3276035785675049 49.790592193603516
v -147.11590576171875 1.3316099643707275 55.914440155029297
v -132.61839294433594 1.3195908069610596 37.542892456054688
v -142.28340148925781 1.3195908069610596 37.542892456054688
v -142.28340148925781 1.3235971927642822 43.666740417480469
v -147.11590576171875 1.3195908069610596 37.542892456054688
v -147.11590576171875 1.3235971927642822 43.666740417480469
v -142.28340148925781 1.3155843019485474 31.419044494628906
v -147.11590576171875 1.3115779161453247 25.295194625854492
v -147.11590576171875 1.3155843019485474 31.419044494628906
v -142.28340148925781 1.3075715303421021 19.171344757080078
v -147.11590576171875 1.3075715303421021 19.171346664428711
v 2.6917488574981689 2.5337464809417725 196.76223754882813
v 2.6917548179626465 2.5978491306304932 294.74380493164063
v 2.6917576789855957 2.6299002170562744 343.734619140625
v 80.011833190917969 2.5978491306304932 294.74380493164063
v 80.011833190917969 2.6299002170562744 343.734619140625
v 80.011833190917969 2.6459259986877441 368.23001098632813
v 118.67186737060547 2.6299002170562744 343.734619140625
v 118.671875 2.6459259986877441 368.23001098632813
v 118.671875 2.6539387702941895 380.47769165039063
v 138.00189208984375 2.6459259986877441 368.23001098632813
v 138.00189208984375 2.6539387702941895 380.47769165039063
v 138.00189208984375 2.6579451560974121 386.6015625
v 147.66690063476563 2.6539387702941895 380.47769165039063
v 147.66690063476563 2.6579451560974121 386.6015625
v 118.671875 2.6579451560974121 386.6015625
v 128.33688354492188 2.6539387702941895 380.47769165039063
v 128.33688354492188 2.6579451560974121 386.6015625
v 80.011833190917969 2.6539387702941895 380.47769165039063
v 99.341850280761719 2.6459259986877441 368.23001098632813
v 99.341850280761719 2.6539387702941895 380.47769165039063
v 2.6917591094970703 2.6459259986877441 368.23001098632813
v 41.351795196533203 2.6299002170562744 343.734619140625
v 41.351795196533203 2.6459259986877441 368.23001098632813
v -74.628318786621094 2.5978491306304932 294.74383544921875
v -74.628318786621094 2.6299002170562744 343.734619140625
v 99.34185791015625 2.6579451560974121 386.6015625
v 109.00686645507813 2.6539387702941895 380.47769165039063
v 109.00686645507813 2.6579451560974121 386.6015625
v 80.011833190917969 2.6579451560974121 386.6015625
v 89.676841735839844 2.6539387702941895 380.47769165039063
v 89.676841735839844 2.6579451560974121 386.6015625
v 41.351799011230469 2.6539387702941895 380.47769165039063
v 60.681816101074219 2.6459259986877441 368.23001098632813
v 60.681816101074219 2.6539387702941895 380.47769165039063
v 60.681816101074219 2.6579451560974121 386.6015625
v 70.346824645996094 2.6539387702941895 380.47769165039063
v 70.346824645996094 2.6579451560974121 386.6015625
v 41.351799011230469 2.6579451560974121 386.6015625
v 51.016807556152344 2.6539387702941895 380.47769165039063
v 51.016807556152344 2.6579451560974121 386.6015625
v 2.6917598247528076 2.6539387702941895 380.47772216796875
v 22.021778106689453 2.6459259986877441 368.23001098632813
v 22.021778106689453 2.6539387702941895 380.47769165039063
v -74.628318786621094 2.6459259986877441 368.23001098632813
v -35.968280792236328 2.6299002170562744 343.734619140625
v -35.968276977539063 2.6459259986877441 368.23001098632813
v 22.021780014038086 2.6579451560974121 386.6015625
v 31.686788558959961 2.6539387702941895 380.47769165039063
v 31.686788558959961 2.6579451560974121 386.6015625
v 2.6917603015899658 2.6579451560974121 386.6015625
v 12.356769561767578 2.6539387702941895 380.47769165039063
v 12.356769561767578 2.6579451560974121 386.6015625
v -35.968276977539063 2.6539387702941895 380.47772216796875
v -16.638259887695313 2.6459259986877441 368.23001098632813
v -16.63825798034668 2.6539387702941895 380.47772216796875
v -16.63825798034668 2.6579451560974121 386.6015625
v -6.9732494354248047 2.6539387702941895 380.47772216796875
v -6.9732489585876465 2.6579451560974121 386.6015625
v -35.968276977539063 2.6579451560974121 386.6015625
v -26.303268432617188 2.6539387702941895 380.47772216796875
v -26.303268432617188 2.6579451560974121 386.6015625
v -74.628318786621094 2.6539387702941895 380.47772216796875
v -55.298297882080078 2.6459259986877441 368.23001098632813
v -55.298297882080078 2.6539387702941895 380.47772216796875
v -113.28835296630859 2.6299002170562744 343.734619140625
v -113.28835296630859 2.6459259986877441 368.23001098632813
v -55.298297882080078 2.6579451560974121 386.6015625
v -45.633285522460938 2.6539387702941895 380.47772216796875
v -45.633285522460938 2.6579451560974121 386.6015625
v -74.628311157226563 2.6579451560974121 386.6015625
v -64.963302612304688 2.6539387702941895 380.47772216796875
v -64.963302612304688 2.6579451560974121 386.6015625
v -113.28835296630859 2.6539387702941895 380.47772216796875
v -93.958335876464844 2.6459259986877441 368.23001098632813
v -93.958335876464844 2.6539387702941895 380.47772216796875
v -93.958335876464844 2.6579451560974121 386.6015625
v -84.293327331542969 2.6539387702941895 380.47772216796875
v -84.293327331542969 2.6579451560974121 386.6015625
v -113.28835296630859 2.6579451560974121 386.6015625
v -103.62334442138672 2.6539387702941895 380.47772216796875
v -103.62334442138672 2.6579451560974121 386.6015625
v -132.61837768554688 2.6459259986877441 368.23001098632813
v -132.61837768554688 2.6539387702941895 380.47772216796875
v -132.61837768554688 2.6579451560974121 386.6015625
v -122.95336151123047 2.6539387702941895 380.47772216796875
v -122.95336151123047 2.6579451560974121 386.6015625
v -142.28338623046875 2.6539387702941895 380.47772216796875
v -142.28338623046875 2.6579451560974121 386.6015625
v 2.6917428970336914 2.4696440696716309 98.780647277832031
v 2.6917400360107422 2.4375927448272705 49.78985595703125
v -74.628334045410156 2.4696440696716309 98.780654907226563
v -74.628334045410156 2.4375927448272705 49.789859771728516
v -74.628334045410156 2.4215672016143799 25.294464111328125
v -113.28837585449219 2.4375927448272705 49.789863586425781
v -113.28837585449219 2.4215672016143799 25.294466018676758
v -113.28837585449219 2.4135544300079346 13.046768188476563
v -132.61839294433594 2.4215672016143799 25.294467926025391
v -132.61839294433594 2.4135544300079346 13.046770095825195
v -132.61839294433594 2.4095480442047119 6.9229207038879395
v -142.28340148925781 2.4135544300079346 13.046770095825195
v -142.28340148925781 2.4095480442047119 6.9229211807250977
v -142.28340148925781 2.4075448513031006 3.8609967231750488
v -147.11590576171875 2.4095480442047119 6.9229216575622559
v -147.11590576171875 2.4075448513031006 3.8609969615936279
v -132.61839294433594 2.4075448513031006 3.8609960079193115
v -137.45089721679688 2.4095480442047119 6.9229207038879395
v -137.45089721679688 2.4075448513031006 3.8609962463378906
v -113.28837585449219 2.4095480442047119 6.9229192733764648
v -122.95338439941406 2.4135544300079346 13.046769142150879
v -122.95338439941406 2.4095480442047119 6.9229202270507813
v -74.628334045410156 2.4135544300079346 13.04676628112793
v -93.958358764648438 2.4215672016143799 25.294466018676758
v -93.958358764648438 2.4135544300079346 13.046767234802246
v 2.6917383670806885 2.4215672016143799 25.294460296630859
v -35.968296051025391 2.4375927448272705 49.789859771728516
v -35.968299865722656 2.4215672016143799 25.294462203979492
v 80.011817932128906 2.4696440696716309 98.780647277832031
v 80.011817932128906 2.4375927448272705 49.789852142333984
v -122.95338439941406 2.4075448513031006 3.8609955310821533
v -127.785888671875 2.4095480442047119 6.9229202270507813
v -127.785888671875 2.4075448513031006 3.8609957695007324
v -113.28837585449219 2.4075448513031006 3.860994815826416
v -118.12088012695313 2.4095480442047119 6.922919750213623
v -118.12088012695313 2.4075448513031006 3.8609952926635742
v -93.958358764648438 2.4095480442047119 6.9229183197021484
v -103.62336730957031 2.4135544300079346 13.046768188476563
v -103.62336730957031 2.4095480442047119 6.9229187965393066
v -103.62336730957031 2.4075448513031006 3.8609943389892578
v -108.45587158203125 2.4095480442047119 6.9229192733764648
v -108.45587158203125 2.4075448513031006 3.8609945774078369
v -93.958358764648438 2.4075448513031006 3.8609936237335205
v -98.790863037109375 2.4095480442047119 6.9229187965393066
v -98.790863037109375 2.4075448513031006 3.8609941005706787
v -74.628334045410156 2.4095480442047119 6.9229168891906738
v -84.293350219726563 2.4135544300079346 13.046767234802246
v -84.293350219726563 2.4095480442047119 6.9229178428649902
v -35.968299865722656 2.4135544300079346 13.04676342010498
v -55.298316955566406 2.4215672016143799 25.294464111328125
v -55.298316955566406 2.4135544300079346 13.046765327453613
v -84.293350219726563 2.4075448513031006 3.8609931468963623
v -89.1258544921875 2.4095480442047119 6.9229178428649902
v -89.1258544921875 2.4075448513031006 3.8609933853149414
v -74.628341674804688 2.4075448513031006 3.8609926700592041
v -79.460845947265625 2.4095480442047119 6.922917366027832
v -79.460845947265625 2.4075448513031006 3.8609929084777832
v -55.298320770263672 2.4095480442047119 6.9229159355163574
v -64.963325500488281 2.4135544300079346 13.046765327453613
v -64.963325500488281 2.4095480442047119 6.9229164123535156
v -64.963325500488281 2.4075448513031006 3.8609919548034668
v -69.795829772949219 2.4095480442047119 6.9229168891906738
v -69.795829772949219 2.4075448513031006 3.8609921932220459
v -55.298320770263672 2.4075448513031006 3.8609914779663086
v -60.130825042724609 2.4095480442047119 6.9229164123535156
v -60.130825042724609 2.4075448513031006 3.8609917163848877
v -35.968299865722656 2.4095480442047119 6.922914981842041
v -45.633308410644531 2.4135544300079346 13.046764373779297
v -45.633308410644531 2.4095480442047119 6.9229154586791992
v 2.6917376518249512 2.4135544300079346 13.046761512756348
v -16.638280868530273 2.4215672016143799 25.294460296630859
v -16.638280868530273 2.4135544300079346 13.046762466430664
v 80.011810302734375 2.4215672016143799 25.294454574584961
v 41.351776123046875 2.4375927448272705 49.789852142333984
v 41.351776123046875 2.4215672016143799 25.294456481933594
v -45.633308410644531 2.4075448513031006 3.8609907627105713
v -50.465812683105469 2.4095480442047119 6.9229154586791992
v -50.465812683105469 2.4075448513031006 3.8609910011291504
v -35.968299865722656 2.4075448513031006 3.8609902858734131
v -40.800804138183594 2.4095480442047119 6.922914981842041
v -40.800804138183594 2.4075448513031006 3.8609905242919922
v -16.638280868530273 2.4095480442047119 6.9229135513305664
v -26.303291320800781 2.4135544300079346 13.04676342010498
v -26.303291320800781 2.4095480442047119 6.9229140281677246
v -26.303291320800781 2.4075448513031006 3.8609895706176758
v -31.135795593261719 2.4095480442047119 6.9229145050048828
v -31.135795593261719 2.4075448513031006 3.860990047454834
v -16.638280868530273 2.4075448513031006 3.8609890937805176
v -21.470787048339844 2.4095480442047119 6.9229140281677246
v -21.470787048339844 2.4075448513031006 3.8609893321990967
v 2.6917374134063721 2.4095480442047119 6.92291259765625
v -6.9732718467712402 2.4135544300079346 13.046762466430664
v -6.9732718467712402 2.4095480442047119 6.9229130744934082
v 41.351776123046875 2.4135544300079346 13.046759605407715
v 22.021757125854492 2.4215672016143799 25.294458389282227
v 22.021757125854492 2.4135544300079346 13.046760559082031
v -6.9732723236083984 2.4075448513031006 3.8609883785247803
v -11.805776596069336 2.4095480442047119 6.9229135513305664
v -11.805776596069336 2.4075448513031006 3.8609888553619385
v 2.691737174987793 2.4075448513031006 3.8609879016876221
v -2.1407673358917236 2.4095480442047119 6.92291259765625
v -2.1407675743103027 2.4075448513031006 3.8609881401062012
v 22.021755218505859 2.4095480442047119 6.9229111671447754
v 12.356746673583984 2.4135544300079346 13.046760559082031
v 12.356746673583984 2.4095480442047119 6.9229116439819336
v 12.356746673583984 2.4075448513031006 3.8609874248504639
v 7.5242419242858887 2.4095480442047119 6.9229121208190918
v 7.5242419242858887 2.4075448513031006 3.860987663269043
v 22.021755218505859 2.4075448513031006 3.8609867095947266
v 17.189250946044922 2.4095480442047119 6.9229116439819336
v 17.189250946044922 2.4075448513031006 3.8609869480133057
v 41.351776123046875 2.4095480442047119 6.922910213470459
v 31.686765670776367 2.4135544300079346 13.046759605407715
v 31.686765670776367 2.4095480442047119 6.9229106903076172
v 80.011810302734375 2.4135544300079346 13.046756744384766
v 60.681793212890625 2.4215672016143799 25.294456481933594
v 60.681793212890625 2.4135544300079346 13.046757698059082
v 118.67185211181641 2.4375927448272705 49.789848327636719
v 118.67185211181641 2.4215672016143799 25.294452667236328
v 31.686765670776367 2.4075448513031006 3.8609862327575684
v 26.85426139831543 2.4095480442047119 6.9229111671447754
v 26.85426139831543 2.4075448513031006 3.8609864711761475
v 41.351776123046875 2.4075448513031006 3.8609855175018311
v 36.519271850585938 2.4095480442047119 6.922910213470459
v 36.519271850585938 2.4075448513031006 3.8609857559204102
v 60.681793212890625 2.4095480442047119 6.9229087829589844
v 51.01678466796875 2.4135544300079346 13.046758651733398
v 51.01678466796875 2.4095480442047119 6.9229097366333008
v 51.01678466796875 2.4075448513031006 3.8609850406646729
v 46.184280395507813 2.4095480442047119 6.9229097366333008
v 46.184280395507813 2.4075448513031006 3.860985279083252
v 60.681793212890625 2.4075448513031006 3.8609843254089355
v 55.849288940429688 2.4095480442047119 6.9229092597961426
v 55.849288940429688 2.4075448513031006 3.8609848022460938
v 80.011810302734375 2.4095480442047119 6.922907829284668
v 70.3468017578125 2.4135544300079346 13.046757698059082
v 70.3468017578125 2.4095480442047119 6.9229083061218262
v 118.67185211181641 2.4135544300079346 13.046754837036133
v 99.341835021972656 2.4215672016143799 25.294454574584961
v 99.341835021972656 2.4135544300079346 13.046755790710449
v 70.3468017578125 2.4075448513031006 3.8609838485717773
v 65.514297485351563 2.4095480442047119 6.9229087829589844
v 65.514297485351563 2.4075448513031006 3.8609840869903564
v 80.011810302734375 2.4075448513031006 3.86098313331604
v 75.179306030273438 2.4095480442047119 6.9229083061218262
v 75.179306030273438 2.4075448513031006 3.8609836101531982
v 99.341835021972656 2.4095480442047119 6.9229063987731934
v 89.67681884765625 2.4135544300079346 13.046756744384766
v 89.67681884765625 2.4095480442047119 6.9229073524475098
v 89.67681884765625 2.4075448513031006 3.8609826564788818
v 84.844314575195313 2.4095480442047119 6.9229073524475098
v 84.844314575195313 2.4075448513031006 3.8609828948974609
v 99.341827392578125 2.4075448513031006 3.8609821796417236
v 94.509323120117188 2.4095480442047119 6.9229068756103516
v 94.509323120117188 2.4075448513031006 3.8609824180603027
v 118.67185211181641 2.4095480442047119 6.922905445098877
v 109.00684356689453 2.4135544300079346 13.046754837036133
v 109.00684356689453 2.4095480442047119 6.9229059219360352
v 138.00187683105469 2.4215672016143799 25.294450759887695
v 138.00187683105469 2.4135544300079346 13.0467529296875
v 109.00684356689453 2.4075448513031006 3.8609814643859863
v 104.17433929443359 2.4095480442047119 6.9229063987731934
v 104.17433929443359 2.4075448513031006 3.8609817028045654
v 118.67185211181641 2.4075448513031006 3.8609809875488281
v 113.83934783935547 2.4095480442047119 6.9229059219360352
v 113.83934783935547 2.4075448513031006 3.8609812259674072
v 138.00186157226563 2.4095480442047119 6.9229044914245605
v 128.33685302734375 2.4135544300079346 13.046753883361816
v 128.33685302734375 2.4095480442047119 6.9229049682617188
v 128.33685302734375 2.4075448513031006 3.8609802722930908
v 123.50435638427734 2.4095480442047119 6.9229049682617188
v 123.50435638427734 2.4075448513031006 3.8609805107116699
v 138.00186157226563 2.4075448513031006 3.8609797954559326
v 133.16935729980469 2.4095480442047119 6.9229044914245605
v 133.16935729980469 2.4075448513031006 3.8609800338745117
v 147.66688537597656 2.4135544300079346 13.0467529296875
v 147.66688537597656 2.4095480442047119 6.9229035377502441
v 147.66688537597656 2.4075448513031006 3.8609790802001953
v 142.83438110351563 2.4095480442047119 6.9229040145874023
v 142.83436584472656 2.4075448513031006 3.8609795570373535
v 152.4993896484375 2.4095480442047119 6.9229035377502441
v 152.4993896484375 2.4075448513031006 3.8609788417816162
v 152.4993896484375 2.4135544300079346 13.0467529296875
v 147.66688537597656 2.4115512371063232 9.984827995300293
v 152.4993896484375 2.4115512371063232 9.984827995300293
v 147.66688537597656 2.4215672016143799 25.294450759887695
v 138.00187683105469 2.4175608158111572 19.170602798461914
v 147.66688537597656 2.4175608158111572 19.170602798461914
v 138.00187683105469 2.4375927448272705 49.789848327636719
v 118.67185211181641 2.4295799732208252 37.542152404785156
v 138.00187683105469 2.4295799732208252 37.542148590087891
v 118.67185211181641 2.4696440696716309 98.7806396484375
v 80.011817932128906 2.4536185264587402 74.285247802734375
v 118.67185211181641 2.4536185264587402 74.285247802734375
v 80.011825561523438 2.5337464809417725 196.76222229003906
v 2.6917457580566406 2.5016953945159912 147.77143859863281
v 80.011817932128906 2.5016953945159912 147.77143859863281
v 152.4993896484375 2.4175608158111572 19.170600891113281
v 147.66688537597656 2.4155576229095459 16.108676910400391
v 152.4993896484375 2.4155576229095459 16.108676910400391
v 152.4993896484375 2.4215672016143799 25.294450759887695
v 147.66688537597656 2.4195640087127686 22.232526779174805
v 152.4993896484375 2.4195640087127686 22.232526779174805
v 147.66688537597656 2.4295799732208252 37.542148590087891
v 138.00187683105469 2.4255735874176025 31.418300628662109
v 147.66688537597656 2.4255735874176025 31.418300628662109
v 152.4993896484375 2.4255735874176025 31.418300628662109
v 147.66688537597656 2.4235703945159912 28.356374740600586
v 152.4993896484375 2.4235703945159912 28.356374740600586
v 152.4993896484375 2.4295799732208252 37.542148590087891
v 147.66688537597656 2.4275767803192139 34.480224609375
v 152.4993896484375 2.4275767803192139 34.480224609375
v 147.66688537597656 2.4375927448272705 49.789848327636719
v 138.00187683105469 2.4335863590240479 43.666000366210938
v 147.66688537597656 2.4335863590240479 43.665996551513672
v 138.00187683105469 2.4536185264587402 74.285247802734375
v 118.67185211181641 2.4456055164337158 62.037548065185547
v 138.00187683105469 2.4456055164337158 62.037544250488281
v 152.4993896484375 2.4335863590240479 43.665996551513672
v 147.66688537597656 2.4315831661224365 40.604072570800781
v 152.4993896484375 2.4315831661224365 40.604072570800781
v 152.4993896484375 2.4375927448272705 49.789848327636719
v 147.66688537597656 2.4355895519256592 46.727924346923828
v 152.4993896484375 2.4355895519256592 46.727924346923828
v 147.66688537597656 2.4456055164337158 62.037544250488281
v 138.00187683105469 2.4415991306304932 55.9136962890625
v 147.66688537597656 2.4415991306304932 55.9136962890625
v 152.4993896484375 2.4415991306304932 55.9136962890625
v 147.66688537597656 2.4395959377288818 52.851772308349609
v 152.4993896484375 2.4395959377288818 52.851772308349609
v 152.4993896484375 2.4456055164337158 62.037544250488281
v 147.66688537597656 2.4436023235321045 58.975620269775391
v 152.4993896484375 2.4436023235321045 58.975620269775391
v 147.66688537597656 2.4536185264587402 74.285240173339844
v 138.00187683105469 2.4496121406555176 68.161392211914063
v 147.66688537597656 2.4496121406555176 68.161392211914063
v 138.00187683105469 2.4696440696716309 98.7806396484375
v 118.67185211181641 2.4616312980651855 86.532943725585938
v 138.00187683105469 2.4616312980651855 86.532943725585938
v 118.67185974121094 2.5016953945159912 147.77143859863281
v 80.011817932128906 2.4856696128845215 123.27603912353516
v 118.67185974121094 2.4856696128845215 123.27603912353516
v 152.4993896484375 2.4496121406555176 68.161392211914063
v 147.66688537597656 2.4476087093353271 65.099472045898438
v 152.4993896484375 2.4476087093353271 65.099472045898438
v 152.4993896484375 2.4536185264587402 74.285240173339844
v 147.66688537597656 2.4516153335571289 71.223320007324219
v 152.4993896484375 2.4516153335571289 71.223320007324219
v 147.66688537597656 2.4616312980651855 86.532943725585938
v 138.00187683105469 2.4576249122619629 80.409095764160156
v 147.66688537597656 2.4576249122619629 80.409095764160156
v 152.4993896484375 2.4576249122619629 80.409095764160156
v 147.66688537597656 2.4556217193603516 77.34716796875
v 152.4993896484375 2.4556217193603516 77.34716796875
v 152.4993896484375 2.4616312980651855 86.532943725585938
v 147.66688537597656 2.4596281051635742 83.471015930175781
v 152.4993896484375 2.4596281051635742 83.471015930175781
v 147.66688537597656 2.4696440696716309 98.7806396484375
v 138.00187683105469 2.4656376838684082 92.656791687011719
v 147.66688537597656 2.4656376838684082 92.656791687011719
v 138.00187683105469 2.4856696128845215 123.27603912353516
v 118.67185974121094 2.4776568412780762 111.02834320068359
v 138.00187683105469 2.4776568412780762 111.02833557128906
v 152.4993896484375 2.4656376838684082 92.656791687011719
v 147.66688537597656 2.4636344909667969 89.594863891601563
v 152.4993896484375 2.4636344909667969 89.594863891601563
v 152.4993896484375 2.4696440696716309 98.7806396484375
v 147.66688537597656 2.4676408767700195 95.718711853027344
v 152.4993896484375 2.4676408767700195 95.718711853027344
v 147.66688537597656 2.4776568412780762 111.02833557128906
v 138.00187683105469 2.4736504554748535 104.90448760986328
v 147.66688537597656 2.4736504554748535 104.90448760986328
v 152.4993896484375 2.4736504554748535 104.90448760986328
v 147.66688537597656 2.4716472625732422 101.84256744384766
v 152.4993896484375 2.4716472625732422 101.84256744384766
v 152.4993896484375 2.4776568412780762 111.02833557128906
v 147.66688537597656 2.4756536483764648 107.96641540527344
v 152.4993896484375 2.4756536483764648 107.96641540527344
v 147.66688537597656 2.4856696128845215 123.27603912353516
v 138.00187683105469 2.4816632270812988 117.15219116210938
v 147.66688537597656 2.4816632270812988 117.15219116210938
v 138.00187683105469 2.5016953945159912 147.77143859863281
v 118.67185974121094 2.4936823844909668 135.52374267578125
v 138.00187683105469 2.4936823844909668 135.52374267578125
v 118.67185974121094 2.5337464809417725 196.76222229003906
v 80.011825561523438 2.5177209377288818 172.26683044433594
v 118.67185974121094 2.5177209377288818 172.26683044433594
v 2.6917517185211182 2.5657978057861328 245.75302124023438
v 80.011825561523438 2.5657978057861328 245.75302124023438
v 152.4993896484375 2.4816632270812988 117.15218353271484
v 147.66688537597656 2.4796600341796875 114.09026336669922
v 152.4993896484375 2.4796600341796875 114.09026336669922
v 152.4993896484375 2.4856696128845215 123.27603912353516
v 147.66688537597656 2.4836664199829102 120.214111328125
v 152.4993896484375 2.4836664199829102 120.214111328125
v 147.66688537597656 2.4936823844909668 135.52372741699219
v 138.00187683105469 2.4896759986877441 129.39988708496094
v 147.66688537597656 2.4896759986877441 129.39988708496094
v 152.4993896484375 2.4896759986877441 129.39988708496094
v 147.66688537597656 2.4876728057861328 126.33795928955078
v 152.4993896484375 2.4876728057861328 126.33795928955078
v 152.4993896484375 2.4936823844909668 135.52372741699219
v 147.66688537597656 2.4916791915893555 132.46180725097656
v 152.4993896484375 2.4916791915893555 132.46180725097656
v 147.66688537597656 2.5016953945159912 147.77143859863281
v 138.00187683105469 2.4976890087127686 141.6475830078125
v 147.66688537597656 2.4976890087127686 141.6475830078125
v 138.00187683105469 2.5177209377288818 172.26683044433594
v 118.67185974121094 2.5097081661224365 160.01913452148438
v 138.00187683105469 2.5097081661224365 160.01913452148438
v 152.4993896484375 2.4976890087127686 141.6475830078125
v 147.66688537597656 2.4956858158111572 138.58566284179688
v 152.4993896484375 2.4956858158111572 138.58566284179688
v 152.4993896484375 2.5016953945159912 147.77143859863281
v 147.66688537597656 2.4996922016143799 144.70950317382813
v 152.4993896484375 2.4996922016143799 144.70950317382813
v 147.66688537597656 2.5097081661224365 160.01913452148438
v 138.00187683105469 2.5057017803192139 153.89527893066406
v 147.66688537597656 2.5057017803192139 153.89527893066406
v 152.4993896484375 2.5057017803192139 153.89527893066406
v 147.66688537597656 2.5036985874176025 150.83335876464844
v 152.4993896484375 2.5036985874176025 150.83335876464844
v 152.4993896484375 2.5097081661224365 160.01913452148438
v 147.66688537597656 2.5077049732208252 156.95719909667969
v 152.4993896484375 2.5077049732208252 156.95719909667969
v 147.66688537597656 2.5177209377288818 172.26683044433594
v 138.00187683105469 2.5137145519256592 166.14297485351563
v 147.66688537597656 2.5137145519256592 166.14297485351563
v 138.00187683105469 2.5337464809417725 196.76222229003906
v 118.67185974121094 2.5257337093353271 184.5145263671875
v 138.00187683105469 2.5257337093353271 184.5145263671875
v 118.67186737060547 2.5657978057861328 245.75302124023438
v 80.011825561523438 2.5497722625732422 221.25762939453125
v 118.67185974121094 2.5497722625732422 221.25762939453125
v 152.4993896484375 2.5137145519256592 166.14297485351563
v 147.66688537597656 2.5117113590240479 163.0810546875
v 152.4993896484375 2.5117113590240479 163.0810546875
v 152.4993896484375 2.5177209377288818 172.26683044433594
v 147.66688537597656 2.5157177448272705 169.20491027832031
v 152.4993896484375 2.5157177448272705 169.20491027832031
v 147.66688537597656 2.5257337093353271 184.5145263671875
v 138.00187683105469 2.5217273235321045 178.39068603515625
v 147.66688537597656 2.5217273235321045 178.39067077636719
v 152.4993896484375 2.5217273235321045 178.39067077636719
v 147.66688537597656 2.5197241306304932 175.32875061035156
v 152.4993896484375 2.5197241306304932 175.32875061035156
v 152.4993896484375 2.5257337093353271 184.5145263671875
v 147.66688537597656 2.5237305164337158 181.45260620117188
v 152.4993896484375 2.5237305164337158 181.45260620117188
v 147.66688537597656 2.5337464809417725 196.76222229003906
v 138.00187683105469 2.5297400951385498 190.63838195800781
v 147.66688537597656 2.5297400951385498 190.63838195800781
v 138.00187683105469 2.5497722625732422 221.25762939453125
v 118.67185974121094 2.5417592525482178 209.00991821289063
v 138.00187683105469 2.5417592525482178 209.00991821289063
v 152.4993896484375 2.5297400951385498 190.63838195800781
v 147.66688537597656 2.5277369022369385 187.57644653320313
v 152.4993896484375 2.5277369022369385 187.57644653320313
v 152.4993896484375 2.5337464809417725 196.76222229003906
v 147.66688537597656 2.5317432880401611 193.70030212402344
v 152.4993896484375 2.5317432880401611 193.70030212402344
v 147.66688537597656 2.5417592525482178 209.00991821289063
v 138.00187683105469 2.5377528667449951 202.88607788085938
v 147.66688537597656 2.5377528667449951 202.88607788085938
v 152.4993896484375 2.5377528667449951 202.88607788085938
v 147.66688537597656 2.5357496738433838 199.82415771484375
v 152.4993896484375 2.5357496738433838 199.82414245605469
v 152.4993896484375 2.5417592525482178 209.00991821289063
v 147.66688537597656 2.5397560596466064 205.947998046875
v 152.4993896484375 2.5397560596466064 205.947998046875
v 147.66688537597656 2.5497722625732422 221.25762939453125
v 138.00187683105469 2.5457658767700195 215.13377380371094
v 147.66688537597656 2.5457658767700195 215.13377380371094
v 138.00187683105469 2.5657978057861328 245.75302124023438
v 118.67186737060547 2.5577850341796875 233.50532531738281
v 138.00187683105469 2.5577850341796875 233.50532531738281
v 118.67186737060547 2.5978491306304932 294.74380493164063
v 80.011825561523438 2.5818233489990234 270.2484130859375
v 118.67186737060547 2.5818233489990234 270.2484130859375
v 152.4993896484375 2.5457658767700195 215.13377380371094
v 147.66688537597656 2.5437626838684082 212.07185363769531
v 152.4993896484375 2.5437626838684082 212.07185363769531
v 152.4993896484375 2.5497722625732422 221.25761413574219
v 147.66688537597656 2.5477690696716309 218.19569396972656
v 152.4993896484375 2.5477690696716309 218.19569396972656
v 147.66688537597656 2.5577850341796875 233.50532531738281
v 138.00187683105469 2.5537786483764648 227.3814697265625
v 147.66688537597656 2.5537786483764648 227.3814697265625
v 152.4993896484375 2.5537786483764648 227.3814697265625
v 147.66688537597656 2.5517754554748535 224.31954956054688
v 152.4993896484375 2.5517754554748535 224.31954956054688
v 152.4993896484375 2.5577850341796875 233.50532531738281
v 147.66688537597656 2.5557818412780762 230.44338989257813
v 152.4993896484375 2.5557818412780762 230.44338989257813
v 147.66688537597656 2.5657978057861328 245.75302124023438
v 138.00187683105469 2.5617914199829102 239.62916564941406
v 147.66688537597656 2.5617914199829102 239.62916564941406
v 138.00189208984375 2.5818233489990234 270.2484130859375
v 118.67186737060547 2.5738105773925781 258.000732421875
v 138.00187683105469 2.5738105773925781 258.00070190429688
v 152.4993896484375 2.5617914199829102 239.62916564941406
v 147.66688537597656 2.5597882270812988 236.56724548339844
v 152.4993896484375 2.5597882270812988 236.56724548339844
v 152.49940490722656 2.5657978057861328 245.75302124023438
v 147.66688537597656 2.5637946128845215 242.69110107421875
v 152.4993896484375 2.5637946128845215 242.69110107421875
v 147.66690063476563 2.5738105773925781 258.00070190429688
v 138.00187683105469 2.5698041915893555 251.87686157226563
v 147.66690063476563 2.5698041915893555 251.87686157226563
v 152.49940490722656 2.5698041915893555 251.87686157226563
v 147.66688537597656 2.5678009986877441 248.81494140625
v 152.49940490722656 2.5678009986877441 248.81494140625
v 152.49940490722656 2.5738105773925781 258.00070190429688
v 147.66690063476563 2.5718073844909668 254.93879699707031
v 152.49940490722656 2.5718073844909668 254.93879699707031
v 147.66690063476563 2.5818233489990234 270.2484130859375
v 138.00187683105469 2.5778169631958008 264.12457275390625
v 147.66690063476563 2.5778169631958008 264.12457275390625
v 138.00189208984375 2.5978491306304932 294.74380493164063
v 118.67186737060547 2.5898363590240479 282.49612426757813
v 138.00189208984375 2.5898363590240479 282.49612426757813
v 80.011833190917969 2.6138746738433838 319.23919677734375
v 118.67186737060547 2.6138746738433838 319.23919677734375
v 152.49940490722656 2.5778169631958008 264.12457275390625
v 147.66690063476563 2.5758137702941895 261.06265258789063
v 152.49940490722656 2.5758137702941895 261.06265258789063
v 152.49940490722656 2.5818233489990234 270.2484130859375
v 147.66690063476563 2.5798201560974121 267.18649291992188
v 152.49940490722656 2.5798201560974121 267.18649291992188
v 147.66690063476563 2.5898363590240479 282.49612426757813
v 138.00189208984375 2.5858297348022461 276.37225341796875
v 147.66690063476563 2.5858297348022461 276.37225341796875
v 152.49940490722656 2.5858297348022461 276.37225341796875
v 147.66690063476563 2.5838265419006348 273.31033325195313
v 152.49940490722656 2.5838265419006348 273.31033325195313
v 152.49940490722656 2.5898363590240479 282.49612426757813
v 147.66690063476563 2.5878329277038574 279.43417358398438
v 152.49940490722656 2.5878329277038574 279.43417358398438
v 147.66690063476563 2.5978491306304932 294.74380493164063
v 138.00189208984375 2.5938427448272705 288.61996459960938
v 147.66690063476563 2.5938427448272705 288.61996459960938
v 138.00189208984375 2.6138746738433838 319.23919677734375
v 118.67186737060547 2.6058619022369385 306.99151611328125
v 138.00189208984375 2.6058619022369385 306.99151611328125
v 152.49940490722656 2.5938427448272705 288.61996459960938
v 147.66690063476563 2.5918395519256592 285.55804443359375
v 152.49940490722656 2.5918395519256592 285.55804443359375
v 152.49940490722656 2.5978491306304932 294.74380493164063
v 147.66690063476563 2.5958459377288818 291.681884765625
v 152.49940490722656 2.5958459377288818 291.681884765625
v 147.66690063476563 2.6058619022369385 306.99151611328125
v 138.00189208984375 2.6018555164337158 300.86767578125
v 147.66690063476563 2.6018555164337158 300.86764526367188
v 152.49940490722656 2.6018555164337158 300.86764526367188
v 147.66690063476563 2.5998523235321045 297.80572509765625
v 152.49940490722656 2.5998523235321045 297.80572509765625
v 152.49940490722656 2.6058619022369385 306.99151611328125
v 147.66690063476563 2.6038587093353271 303.92959594726563
v 152.49940490722656 2.6038587093353271 303.92959594726563
v 147.66690063476563 2.6138746738433838 319.23919677734375
v 138.00189208984375 2.6098682880401611 313.1153564453125
v 147.66690063476563 2.6098682880401611 313.1153564453125
v 138.00189208984375 2.6299002170562744 343.734619140625
v 118.67186737060547 2.6218874454498291 331.48690795898438
v 138.00189208984375 2.6218874454498291 331.48690795898438
v 152.49940490722656 2.6098682880401611 313.1153564453125
v 147.66690063476563 2.6078650951385498 310.05343627929688
v 152.49940490722656 2.6078650951385498 310.05343627929688
v 152.49940490722656 2.6138746738433838 319.23919677734375
v 147.66690063476563 2.6118714809417725 316.17727661132813
v 152.49940490722656 2.6118714809417725 316.17727661132813
v 147.66690063476563 2.6218874454498291 331.48690795898438
v 138.00189208984375 2.6178810596466064 325.36306762695313
v 147.66690063476563 2.6178810596466064 325.36306762695313
v 152.49940490722656 2.6178810596466064 325.36306762695313
v 147.66690063476563 2.6158778667449951 322.30111694335938
v 152.49940490722656 2.6158778667449951 322.30111694335938
v 152.49940490722656 2.6218874454498291 331.48690795898438
v 147.66690063476563 2.6198842525482178 328.42498779296875
v 152.49940490722656 2.6198842525482178 328.42498779296875
v 147.66690063476563 2.6299002170562744 343.73458862304688
v 138.00189208984375 2.6258938312530518 337.61074829101563
v 147.66690063476563 2.6258938312530518 337.61074829101563
v 118.67186737060547 2.6379132270812988 355.9822998046875
v 138.00189208984375 2.6379132270812988 355.9822998046875
v 152.49940490722656 2.6258938312530518 337.61074829101563
v 147.66690063476563 2.6238906383514404 334.548828125
v 152.49940490722656 2.6238906383514404 334.548828125
v 152.49940490722656 2.6299002170562744 343.73458862304688
v 147.66690063476563 2.6278970241546631 340.67266845703125
v 152.49940490722656 2.6278970241546631 340.67266845703125
v 147.66690063476563 2.6379132270812988 355.9822998046875
v 138.00189208984375 2.6339066028594971 349.85845947265625
v 147.66690063476563 2.6339066028594971 349.85845947265625
v 152.49940490722656 2.6339066028594971 349.85845947265625
v 147.66690063476563 2.6319034099578857 346.79653930664063
v 152.49940490722656 2.6319034099578857 346.79653930664063
v 152.49940490722656 2.6379132270812988 355.9822998046875
v 147.66690063476563 2.6359097957611084 352.92037963867188
v 152.49940490722656 2.6359097957611084 352.92037963867188
v 147.66690063476563 2.6459259986877441 368.23001098632813
v 138.00189208984375 2.6419196128845215 362.10614013671875
v 147.66690063476563 2.6419196128845215 362.10614013671875
v 152.49940490722656 2.6419196128845215 362.10614013671875
v 147.66690063476563 2.6399164199829102 359.04421997070313
v 152.49940490722656 2.6399164199829102 359.04421997070313
v 152.49940490722656 2.6459259986877441 368.23001098632813
v 147.66690063476563 2.6439228057861328 365.1680908203125
v 152.49940490722656 2.6439228057861328 365.16806030273438
v 138.00189208984375 2.6499323844909668 374.35385131835938
v 147.66690063476563 2.6499323844909668 374.35385131835938
v 152.49940490722656 2.6499323844909668 374.35385131835938
v 147.66690063476563 2.6479291915893555 371.29193115234375
v 152.49940490722656 2.6479291915893555 371.29193115234375
v 152.49940490722656 2.6539387702941895 380.47769165039063
v 147.66690063476563 2.6519355773925781 377.415771484375
v 152.49940490722656 2.6519355773925781 377.415771484375
v 152.49940490722656 2.6579451560974121 386.60153198242188
v 147.66690063476563 2.6559419631958008 383.53961181640625
v 152.49940490722656 2.6559419631958008 383.53961181640625
v 147.66690063476563 2.6599483489990234 389.66348266601563
v 152.49940490722656 2.6599483489990234 389.66348266601563
v -142.28338623046875 2.6599483489990234 389.66348266601563
v -147.11589050292969 2.6579451560974121 386.6015625
v -147.11589050292969 2.6599483489990234 389.66348266601563
v -142.28338623046875 2.6559419631958008 383.53964233398438
v -147.11589050292969 2.6539387702941895 380.47772216796875
v -147.11589050292969 2.6559419631958008 383.53964233398438
v -132.61837768554688 2.6499323844909668 374.35385131835938
v -142.28338623046875 2.6459259986877441 368.23001098632813
v -142.28338623046875 2.6499323844909668 374.3538818359375
v -113.28835296630859 2.6379132270812988 355.98233032226563
v -132.61837768554688 2.6299002170562744 343.734619140625
v -132.61837768554688 2.6379132270812988 355.98233032226563
v -74.628318786621094 2.6138746738433838 319.23922729492188
v -113.28836059570313 2.5978491306304932 294.74383544921875
v -113.28835296630859 2.6138746738433838 319.23922729492188
v -74.628326416015625 2.5337464809417725 196.76223754882813
v -74.628326416015625 2.5657978057861328 245.75303649902344
v -142.28338623046875 2.6519355773925781 377.41580200195313
v -147.11589050292969 2.6499323844909668 374.3538818359375
v -147.11589050292969 2.6519355773925781 377.41580200195313
v -142.28338623046875 2.6479291915893555 371.29193115234375
v -147.11589050292969 2.6459259986877441 368.23001098632813
v -147.11589050292969 2.6479291915893555 371.29193115234375
v -132.61837768554688 2.6419196128845215 362.10617065429688
v -142.28338623046875 2.6379132270812988 355.98233032226563
v -142.28338623046875 2.6419196128845215 362.10617065429688
v -142.28338623046875 2.6439228057861328 365.1680908203125
v -147.11589050292969 2.6419196128845215 362.10617065429688
v -147.11589050292969 2.6439228057861328 365.1680908203125
v -142.28338623046875 2.6399164199829102 359.04425048828125
v -147.11589050292969 2.6379132270812988 355.98233032226563
v -147.11589050292969 2.6399164199829102 359.04425048828125
v -132.61837768554688 2.6339068412780762 349.85845947265625
v -142.28338623046875 2.6299002170562744 343.734619140625
v -142.28338623046875 2.6339068412780762 349.85845947265625
v -113.28835296630859 2.6218874454498291 331.48690795898438
v -132.61837768554688 2.6138746738433838 319.23922729492188
v -132.61837768554688 2.6218874454498291 331.48690795898438
v -142.28338623046875 2.6359100341796875 352.92037963867188
v -147.11589050292969 2.6339068412780762 349.85845947265625
v -147.11589050292969 2.6359100341796875 352.92041015625
v -142.28338623046875 2.6319034099578857 346.79653930664063
v -147.11589050292969 2.6299002170562744 343.734619140625
v -147.11589050292969 2.6319034099578857 346.79653930664063
v -132.61837768554688 2.6258938312530518 337.61077880859375
v -142.28338623046875 2.6218874454498291 331.48690795898438
v -142.28338623046875 2.6258938312530518 337.61077880859375
v -142.28338623046875 2.6278970241546631 340.67269897460938
v -147.11589050292969 2.6258938312530518 337.61077880859375
v -147.11589050292969 2.6278970241546631 340.67269897460938
v -142.28338623046875 2.6238906383514404 334.54885864257813
v -147.11589050292969 2.6218874454498291 331.4869384765625
v -147.11589050292969 2.6238906383514404 334.54885864257813
v -132.61837768554688 2.6178810596466064 325.36306762695313
v -142.28338623046875 2.6138746738433838 319.23922729492188
v -142.28338623046875 2.6178810596466064 325.36306762695313
v -113.28836059570313 2.6058619022369385 306.99151611328125
v -132.61837768554688 2.5978491306304932 294.74383544921875
v -132.61837768554688 2.6058619022369385 306.99151611328125
v -74.628318786621094 2.5818233489990234 270.2484130859375
v -113.28836059570313 2.5657978057861328 245.75303649902344
v -113.28836059570313 2.5818233489990234 270.24844360351563
v -142.28338623046875 2.6198842525482178 328.42498779296875
v -147.11589050292969 2.6178810596466064 325.36306762695313
v -147.11589050292969 2.6198842525482178 328.42498779296875
v -142.28338623046875 2.6158778667449951 322.3011474609375
v -147.11589050292969 2.6138746738433838 319.23922729492188
v -147.11589050292969 2.6158778667449951 322.3011474609375
v -132.61837768554688 2.6098682880401611 313.11538696289063
v -142.28338623046875 2.6058619022369385 306.99151611328125
v -142.28338623046875 2.6098682880401611 313.11538696289063
v -142.28338623046875 2.6118714809417725 316.17730712890625
v -147.11589050292969 2.6098682880401611 313.11538696289063
v -147.11589050292969 2.6118714809417725 316.17730712890625
v -142.28338623046875 2.6078650951385498 310.05343627929688
v -147.11589050292969 2.6058619022369385 306.99151611328125
v -147.11589050292969 2.6078650951385498 310.05343627929688
v -132.61837768554688 2.6018555164337158 300.86767578125
v -142.28338623046875 2.5978491306304932 294.74383544921875
v -142.28338623046875 2.6018555164337158 300.86767578125
v -113.28836059570313 2.5898363590240479 282.49612426757813
v -132.61837768554688 2.5818233489990234 270.24844360351563
v -132.61837768554688 2.5898363590240479 282.49612426757813
v -142.28338623046875 2.6038587093353271 303.92959594726563
v -147.11589050292969 2.6018555164337158 300.86767578125
v -147.11589050292969 2.6038587093353271 303.92959594726563
v -142.28338623046875 2.5998523235321045 297.80575561523438
v -147.11589050292969 2.5978491306304932 294.74383544921875
v -147.11589050292969 2.5998523235321045 297.80575561523438
v -132.61837768554688 2.5938427448272705 288.61996459960938
v -142.28338623046875 2.5898363590240479 282.49612426757813
v -142.28338623046875 2.5938427448272705 288.61996459960938
v -142.28338623046875 2.5958459377288818 291.68191528320313
v -147.11589050292969 2.5938427448272705 288.61996459960938
v -147.11589050292969 2.5958459377288818 291.68191528320313
v -142.28338623046875 2.5918395519256592 285.55804443359375
v -147.11589050292969 2.5898363590240479 282.49612426757813
v -147.11589050292969 2.5918395519256592 285.55804443359375
v -132.61837768554688 2.5858297348022461 276.37228393554688
v -142.28338623046875 2.5818233489990234 270.24844360351563
v -142.28338623046875 2.5858297348022461 276.37228393554688
v -113.28836059570313 2.5738105773925781 258.000732421875
v -132.61837768554688 2.5657978057861328 245.75303649902344
v -132.61837768554688 2.5738105773925781 258.000732421875
v -74.628326416015625 2.5497722625732422 221.25762939453125
v -113.28836059570313 2.5337464809417725 196.76223754882813
v -113.28836059570313 2.5497722625732422 221.25764465332031
v -74.628326416015625 2.5016953945159912 147.77145385742188
v -142.28338623046875 2.5878331661224365 279.4342041015625
v -147.11589050292969 2.5858297348022461 276.37228393554688
v -147.11589050292969 2.5878331661224365 279.4342041015625
v -142.28338623046875 2.5838265419006348 273.31036376953125
v -147.11589050292969 2.5818233489990234 270.24844360351563
v -147.11589050292969 2.5838265419006348 273.31036376953125
v -132.61837768554688 2.5778169631958008 264.12457275390625
v -142.28338623046875 2.5738105773925781 258.000732421875
v -142.28338623046875 2.5778169631958008 264.12457275390625
v -142.28338623046875 2.5798201560974121 267.18649291992188
v -147.11589050292969 2.5778169631958008 264.12457275390625
v -147.11589050292969 2.5798201560974121 267.18649291992188
v -142.28338623046875 2.5758137702941895 261.06265258789063
v -147.11589050292969 2.5738105773925781 258.000732421875
v -147.11589050292969 2.5758137702941895 261.06265258789063
v -132.61837768554688 2.5698041915893555 251.87687683105469
v -142.28338623046875 2.5657978057861328 245.75303649902344
v -142.28338623046875 2.5698041915893555 251.87689208984375
v -113.28836059570313 2.5577850341796875 233.50534057617188
v -132.61837768554688 2.5497722625732422 221.25764465332031
v -132.61837768554688 2.5577850341796875 233.50534057617188
v -142.28338623046875 2.5718073844909668 254.93881225585938
v -147.11589050292969 2.5698041915893555 251.87689208984375
v -147.11589050292969 2.5718073844909668 254.93881225585938
v -142.28338623046875 2.5678009986877441 248.81495666503906
v -147.11589050292969 2.5657978057861328 245.75303649902344
v -147.11589050292969 2.5678009986877441 248.81495666503906
v -132.61837768554688 2.5617914199829102 239.62918090820313
v -142.28338623046875 2.5577850341796875 233.50534057617188
v -142.28338623046875 2.5617914199829102 239.62918090820313
v -142.28338623046875 2.5637946128845215 242.69111633300781
v -147.11589050292969 2.5617914199829102 239.62918090820313
v -147.11589050292969 2.5637946128845215 242.69111633300781
v -142.28338623046875 2.5597882270812988 236.5672607421875
v -147.11589050292969 2.5577850341796875 233.50534057617188
v -147.11589050292969 2.5597882270812988 236.5672607421875
v -132.61837768554688 2.5537786483764648 227.38148498535156
v -142.28338623046875 2.5497722625732422 221.25764465332031
v -142.28338623046875 2.5537786483764648 227.38148498535156
v -113.28836059570313 2.5417594909667969 209.00993347167969
v -132.61837768554688 2.5337464809417725 196.76223754882813
v -132.61837768554688 2.5417594909667969 209.00993347167969
v -74.628326416015625 2.5177209377288818 172.266845703125
v -113.28836822509766 2.5016953945159912 147.77145385742188
v -113.28836822509766 2.5177209377288818 172.266845703125
v -142.28338623046875 2.5557818412780762 230.44342041015625
v -147.11589050292969 2.5537786483764648 227.38148498535156
v -147.11589050292969 2.5557818412780762 230.44342041015625
v -142.28338623046875 2.5517754554748535 224.31956481933594
v -147.11589050292969 2.5497722625732422 221.25764465332031
v -147.11589050292969 2.5517754554748535 224.31956481933594
v -132.61837768554688 2.5457658767700195 215.1337890625
v -142.28338623046875 2.5417594909667969 209.00994873046875
v -142.28338623046875 2.5457658767700195 215.1337890625
v -142.28338623046875 2.5477690696716309 218.19570922851563
v -147.11589050292969 2.5457658767700195 215.1337890625
v -147.11589050292969 2.5477690696716309 218.19570922851563
v -142.28338623046875 2.5437626838684082 212.07186889648438
v -147.11589050292969 2.5417594909667969 209.00994873046875
v -147.11589050292969 2.5437626838684082 212.07186889648438
v -132.61837768554688 2.5377528667449951 202.88609313964844
v -142.28338623046875 2.5337464809417725 196.76223754882813
v -142.28338623046875 2.5377528667449951 202.88609313964844
v -113.28836822509766 2.5257337093353271 184.51454162597656
v -132.61837768554688 2.5177209377288818 172.266845703125
v -132.61837768554688 2.5257337093353271 184.51454162597656
v -142.28338623046875 2.5397560596466064 205.94801330566406
v -147.11589050292969 2.5377528667449951 202.88609313964844
v -147.11589050292969 2.5397560596466064 205.94801330566406
v -142.28338623046875 2.5357496738433838 199.82417297363281
v -147.11589050292969 2.5337464809417725 196.76223754882813
v -147.11589050292969 2.5357496738433838 199.82417297363281
v -132.61837768554688 2.5297400951385498 190.63839721679688
v -142.28338623046875 2.5257337093353271 184.51454162597656
v -142.28338623046875 2.5297400951385498 190.63839721679688
v -142.28338623046875 2.5317432880401611 193.7003173828125
v -147.11589050292969 2.5297400951385498 190.63839721679688
v -147.11589050292969 2.5317432880401611 193.7003173828125
v -142.28338623046875 2.5277369022369385 187.57646179199219
v -147.11589050292969 2.5257337093353271 184.51454162597656
v -147.11589050292969 2.5277369022369385 187.57647705078125
v -132.61837768554688 2.5217273235321045 178.39070129394531
v -142.28338623046875 2.5177209377288818 172.266845703125
v -142.28338623046875 2.5217273235321045 178.39070129394531
v -113.28836822509766 2.5097081661224365 160.01914978027344
v -132.61839294433594 2.5016953945159912 147.77145385742188
v -132.61837768554688 2.5097081661224365 160.01914978027344
v -74.628334045410156 2.4856696128845215 123.27604675292969
v -113.28836822509766 2.4696440696716309 98.780654907226563
v -113.28836822509766 2.4856696128845215 123.27605438232422
v -142.28338623046875 2.5237305164337158 181.45262145996094
v -147.11589050292969 2.5217273235321045 178.39070129394531
v -147.11589050292969 2.5237305164337158 181.45262145996094
v -142.28338623046875 2.5197241306304932 175.32876586914063
v -147.11590576171875 2.5177209377288818 172.266845703125
v -147.11589050292969 2.5197241306304932 175.32876586914063
v -132.61837768554688 2.5137145519256592 166.14299011230469
v -142.28340148925781 2.5097081661224365 160.01914978027344
v -142.28340148925781 2.5137145519256592 166.14299011230469
v -142.28338623046875 2.5157177448272705 169.20492553710938
v -147.11590576171875 2.5137145519256592 166.14300537109375
v -147.11590576171875 2.5157177448272705 169.20492553710938
v -142.28340148925781 2.5117113590240479 163.08106994628906
v -147.11590576171875 2.5097081661224365 160.01914978027344
v -147.11590576171875 2.5117113590240479 163.08106994628906
v -132.61837768554688 2.5057017803192139 153.89529418945313
v -142.28340148925781 2.5016953945159912 147.77145385742188
v -142.28340148925781 2.5057017803192139 153.89529418945313
v -113.28836822509766 2.4936826229095459 135.52375793457031
v -132.61839294433594 2.4856696128845215 123.27605438232422
v -132.61839294433594 2.4936826229095459 135.52375793457031
v -142.28340148925781 2.5077049732208252 156.95722961425781
v -147.11590576171875 2.5057017803192139 153.89529418945313
v -147.11590576171875 2.5077049732208252 156.95722961425781
v -142.28340148925781 2.5036985874176025 150.8333740234375
v -147.11590576171875 2.5016953945159912 147.77145385742188
v -147.11590576171875 2.5036985874176025 150.8333740234375
v -132.61839294433594 2.4976890087127686 141.64759826660156
v -142.28340148925781 2.4936826229095459 135.52375793457031
v -142.28340148925781 2.4976890087127686 141.64759826660156
v -142.28340148925781 2.4996922016143799 144.70951843261719
v -147.11590576171875 2.4976890087127686 141.64759826660156
v -147.11590576171875 2.4996922016143799 144.70951843261719
v -142.28340148925781 2.4956858158111572 138.58567810058594
v -147.11590576171875 2.4936826229095459 135.52375793457031
v -147.11590576171875 2.4956858158111572 138.58567810058594
v -132.61839294433594 2.4896759986877441 129.39990234375
v -142.28340148925781 2.4856696128845215 123.27605438232422
v -142.28340148925781 2.4896759986877441 129.39990234375
v -113.28836822509766 2.4776568412780762 111.02835083007813
v -132.61839294433594 2.4696440696716309 98.780654907226563
v -132.61839294433594 2.4776568412780762 111.02835845947266
v -74.628334045410156 2.4536185264587402 74.285255432128906
v -113.28836822509766 2.4536185264587402 74.285263061523438
v -142.28340148925781 2.4916791915893555 132.46182250976563
v -147.11590576171875 2.4896759986877441 129.39990234375
v -147.11590576171875 2.4916791915893555 132.46182250976563
v -142.28340148925781 2.4876728057861328 126.33798217773438
v -147.11590576171875 2.4856696128845215 123.27605438232422
v -147.11590576171875 2.4876728057861328 126.33798217773438
v -132.61839294433594 2.4816632270812988 117.15220642089844
v -142.28340148925781 2.4776568412780762 111.02835845947266
v -142.28340148925781 2.4816632270812988 117.15220642089844
v -142.28340148925781 2.4836664199829102 120.21412658691406
v -147.11590576171875 2.4816632270812988 117.15220642089844
v -147.11590576171875 2.4836664199829102 120.21412658691406
v -142.28340148925781 2.4796600341796875 114.09027862548828
v -147.11590576171875 2.4776568412780762 111.02835845947266
v -147.11590576171875 2.4796600341796875 114.09027862548828
v -132.61839294433594 2.4736504554748535 104.90450286865234
v -142.28340148925781 2.4696440696716309 98.780654907226563
v -142.28340148925781 2.4736504554748535 104.90450286865234
v -113.28836822509766 2.4616312980651855 86.532958984375
v -132.61839294433594 2.4536185264587402 74.285263061523438
v -132.61839294433594 2.4616312980651855 86.532958984375
v -142.28340148925781 2.4756536483764648 107.9664306640625
v -147.11590576171875 2.4736504554748535 104.90451049804688
v -147.11590576171875 2.4756536483764648 107.9664306640625
v -142.28340148925781 2.4716472625732422 101.84258270263672
v -147.11590576171875 2.4696440696716309 98.780654907226563
v -147.11590576171875 2.4716472625732422 101.84258270263672
v -132.61839294433594 2.4656376838684082 92.656806945800781
v -142.28340148925781 2.4616312980651855 86.532958984375
v -142.28340148925781 2.4656376838684082 92.656806945800781
v -142.28340148925781 2.4676408767700195 95.718734741210938
v -147.11590576171875 2.4656376838684082 92.656806945800781
v -147.11590576171875 2.4676408767700195 95.718734741210938
v -142.28340148925781 2.4636344909667969 89.594886779785156
v -147.11590576171875 2.4616312980651855 86.532958984375
v -147.11590576171875 2.4636344909667969 89.594886779785156
v -132.61839294433594 2.4576249122619629 80.409111022949219
v -142.28340148925781 2.4536185264587402 74.285263061523438
v -142.28340148925781 2.4576249122619629 80.409111022949219
v -113.28836822509766 2.4456055164337158 62.037559509277344
v -132.61839294433594 2.4375927448272705 49.789863586425781
v -132.61839294433594 2.4456055164337158 62.037563323974609
v -142.28340148925781 2.4596281051635742 83.471031188964844
v -147.11590576171875 2.4576249122619629 80.409111022949219
v -147.11590576171875 2.4596281051635742 83.471038818359375
v -142.28340148925781 2.4556217193603516 77.347183227539063
v -147.11590576171875 2.4536185264587402 74.285263061523438
v -147.11590576171875 2.4556217193603516 77.347183227539063
v -132.61839294433594 2.4496121406555176 68.161415100097656
v -142.28340148925781 2.4456055164337158 62.037563323974609
v -142.28340148925781 2.4496121406555176 68.161415100097656
v -142.28340148925781 2.4516153335571289 71.223335266113281
v -147.11590576171875 2.4496121406555176 68.161415100097656
v -147.11590576171875 2.4516153335571289 71.223335266113281
v -142.28340148925781 2.4476089477539063 65.0994873046875
v -147.11590576171875 2.4456055164337158 62.037563323974609
v -147.11590576171875 2.4476089477539063 65.0994873046875
v -132.61839294433594 2.4415991306304932 55.913711547851563
v -142.28340148925781 2.4375927448272705 49.789863586425781
v -142.28340148925781 2.4415991306304932 55.913715362548828
v -113.28837585449219 2.4295799732208252 37.542163848876953
v -132.61839294433594 2.4295799732208252 37.542167663574219
v -142.28340148925781 2.4436023235321045 58.975639343261719
v -147.11590576171875 2.4415991306304932 55.913715362548828
v -147.11590576171875 2.4436023235321045 58.975639343261719
v -142.28340148925781 2.4395959377288818 52.851787567138672
v -147.11590576171875 2.4375927448272705 49.789863586425781
v -147.11590576171875 2.4395959377288818 52.851791381835938
v -132.61839294433594 2.4335863590240479 43.666015625
v -142.28340148925781 2.4295799732208252 37.542167663574219
v -142.28340148925781 2.4335863590240479 43.666015625
v -142.28340148925781 2.4355895519256592 46.727939605712891
v -147.11590576171875 2.4335863590240479 43.666015625
v -147.11590576171875 2.4355895519256592 46.727939605712891
v -142.28340148925781 2.4315831661224365 40.604091644287109
v -147.11590576171875 2.4295799732208252 37.542167663574219
v -147.11590576171875 2.4315831661224365 40.604091644287109
v -132.61839294433594 2.4255735874176025 31.418317794799805
v -142.28340148925781 2.4215672016143799 25.294467926025391
v -142.28340148925781 2.4255735874176025 31.418317794799805
v -142.28340148925781 2.4275767803192139 34.480243682861328
v -147.11590576171875 2.4255735874176025 31.418317794799805
v -147.11590576171875 2.4275767803192139 34.480243682861328
v -142.28340148925781 2.4235703945159912 28.356393814086914
v -147.11590576171875 2.4215672016143799 25.294467926025391
v -147.11590576171875 2.4235703945159912 28.356393814086914
v -132.61839294433594 2.4175608158111572 19.170618057250977
v -142.28340148925781 2.4175608158111572 19.170619964599609
v -142.28340148925781 2.4195640087127686 22.2325439453125
v -147.11590576171875 2.4175608158111572 19.170619964599609
v -147.11590576171875 2.4195640087127686 22.2325439453125
v -142.28340148925781 2.4155576229095459 16.108694076538086
v -147.11590576171875 2.4135544300079346 13.046771049499512
v -147.11590576171875 2.4155576229095459 16.108695983886719
v -142.28340148925781 2.4115512371063232 9.9848461151123047
v -147.11590576171875 2.4115512371063232 9.9848461151123047
vt 0.58423537015914917 0.006512670312076807
vt 0.58304983377456665 0.006512670312076807
vt 0.58186429738998413 0.006512670312076807
vt 0.58423537015914917 0.0071004722267389297
vt 0.58304983377456665 0.0071004722267389297
vt 0.58186429738998413 0.0071004722267389297
vt 0.58423537015914917 0.0076882741414010525
vt 0.58304983377456665 0.0076882741414010525
vt 0.58186429738998413 0.0076882741414010525
vt 0.58433938026428223 0.0061719133518636227
vt 0.58473551273345947 0.0062507023103535175
vt 0.58507126569747925 0.0064750742167234421
vt 0.58529567718505859 0.0068108704872429371
vt 0.58537441492080688 0.007206969428807497
vt 0.58529567718505859 0.007603068370372057
vt 0.58507126569747925 0.007938864640891552
vt 0.58473551273345947 0.0081632370129227638
vt 0.58433938026428223 0.0082420259714126587
vt 0.58358395099639893 0.0082420259714126587
vt 0.58282852172851563 0.0082420259714126587
vt 0.5820731520652771 0.0082420259714126587
vt 0.5813177227973938 0.0082420259714126587
vt 0.58072519302368164 0.0076495390385389328
vt 0.58072519302368164 0.0067872037179768085
vt 0.58072519302368164 0.0059248688630759716
vt 0.58202868700027466 0.0061719133518636227
vt 0.58260637521743774 0.0061719133518636227
vt 0.58318406343460083 0.0061719133518636227
vt 0.58376169204711914 0.0061719133518636227
vt 0.58137696981430054 0.0059248688630759716
vt 0.58202868700027466 0.0059248688630759716
vt 0.58245706558227539 0.006512670312076807
vt 0.4186260998249054 0.0071104210801422596
vt 0.4186260998249054 0.0082959737628698349
vt 0.4186260998249054 0.0094815269112586975
vt 0.41921389102935791 0.0071104210801422596
vt 0.41921389102935791 0.0082959737628698349
vt 0.41921389102935791 0.0094815269112586975
vt 0.41980168223381042 0.0071104210801422596
vt 0.41980168223381042 0.0082959737628698349
vt 0.41980168223381042 0.0094815269112586975
vt 0.41828534007072449 0.007006417028605938
vt 0.41836413741111755 0.006610318087041378
vt 0.41858848929405212 0.006274521816521883
vt 0.41892430186271667 0.0060501499101519585
vt 0.41932040452957153 0.0059713609516620636
vt 0.419716477394104 0.0060501499101519585
vt 0.42005228996276855 0.006274521816521883
vt 0.42027667164802551 0.006610318087041378
vt 0.42035543918609619 0.007006417028605938
vt 0.42035543918609619 0.0077618379145860672
vt 0.42035543918609619 0.0085172588005661964
vt 0.42035543918609619 0.0092726787552237511
vt 0.42035543918609619 0.01002809964120388
vt 0.41976296901702881 0.010620586574077606
vt 0.41890063881874084 0.010620586574077606
vt 0.41803827881813049 0.010620586574077606
vt 0.41828534007072449 0.009317115880548954
vt 0.41828534007072449 0.0085468832403421402
vt 0.41828534007072449 0.0077766501344740391
vt 0.41803827881813049 0.0099688516929745674
vt 0.41803827881813049 0.009317115880548954
vt 0.4186260998249054 0.0088887503370642662
vt 0.41803827881813049 0
vt 0.41845777630805969 0.0019749563653022051
vt 0.41845777630805969 0.0039499127306044102
vt 0.41886144876480103 0.0019749563653022051
vt 0.41886144876480103 0.0039499127306044102
vt 0.41926282644271851 0.0019749563653022051
vt 0.41926282644271851 0.0039499127306044102
vt 0.41966420412063599 0.0019749563653022051
vt 0.41966420412063599 0.0039499127306044102
vt 0.42008370161056519 0.0019749563653022051
vt 0.42008370161056519 0.0039499127306044102
vt 0.42048737406730652 0.0019749563653022051
vt 0.42048737406730652 0.0039499127306044102
vt 0.42088872194290161 0.0019749563653022051
vt 0.42088872194290161 0.0039499127306044102
vt 0.42129009962081909 0.0059248688630759716
vt 0.41846084594726563 0
vt 0.41885122656822205 0
vt 0.41924163699150085 1.3203980964160422E-10
vt 0.41966420412063599 2.1421775464602888E-10
vt 0.42008674144744873 2.9639579679496819E-10
vt 0.42047715187072754 3.6569264283414782E-10
vt 0.42086753249168396 4.1148484619668579E-10
vt 0.42129009962081909 4.2843548153648214E-10
vt 0.41845777630805969 0.00098747818265110254
vt 0.41824802756309509 0.0019749563653022051
vt 0.41824802756309509 0.00098747818265110254
vt 0.41886144876480103 0.00098747818265110254
vt 0.41865962743759155 0.0019749563653022051
vt 0.41865962743759155 0.00098747818265110254
vt 0.41926282644271851 0.00098747818265110254
vt 0.41906213760375977 0.0019749563653022051
vt 0.41906213760375977 0.00098747818265110254
vt 0.42008370161056519 0.00098747818265110254
vt 0.41987395286560059 0.0019749563653022051
vt 0.41966420412063599 0.00098747818265110254
vt 0.41987395286560059 0.00098747818265110254
vt 0.41946351528167725 0.0019749563653022051
vt 0.41946351528167725 0.00098747818265110254
vt 0.42048737406730652 0.00098747818265110254
vt 0.42028552293777466 0.0019749563653022051
vt 0.42028552293777466 0.00098747818265110254
vt 0.42088872194290161 0.00098747818265110254
vt 0.42068803310394287 0.0019749563653022051
vt 0.42068803310394287 0.00098747818265110254
vt 0.42108941078186035 0.0019749563653022051
vt 0.42108941078186035 0.00098747818265110254
vt 0.42086753249168396 0.0059248688630759716
vt 0.42047715187072754 0.0059248688630759716
vt 0.42008674144744873 0.0059248688630759716
vt 0.41966420412063599 0.0059248683974146843
vt 0.41924163699150085 0.0059248683974146843
vt 0.41885122656822205 0.0059248683974146843
vt 0.41846084594726563 0.0059248683974146843
vt 0.41803827881813049 0.0059248683974146843
vt 0.42088872194290161 0.0049373903311789036
vt 0.42108941078186035 0.0039499127306044102
vt 0.42108941078186035 0.0049373903311789036
vt 0.42048737406730652 0.0049373903311789036
vt 0.42068803310394287 0.0039499127306044102
vt 0.42068803310394287 0.0049373903311789036
vt 0.42008370161056519 0.0049373903311789036
vt 0.42028552293777466 0.0039499127306044102
vt 0.42028552293777466 0.0049373903311789036
vt 0.41966420412063599 0.0049373903311789036
vt 0.41926282644271851 0.0049373903311789036
vt 0.41946351528167725 0.0039499127306044102
vt 0.41946351528167725 0.0049373903311789036
vt 0.41987395286560059 0.0039499127306044102
vt 0.41987395286560059 0.0049373903311789036
vt 0.41886144876480103 0.0049373903311789036
vt 0.41906213760375977 0.0039499127306044102
vt 0.41906213760375977 0.0049373903311789036
vt 0.41845777630805969 0.0049373903311789036
vt 0.41865962743759155 0.0039499127306044102
vt 0.41865962743759155 0.0049373903311789036
vt 0.41824802756309509 0.0039499127306044102
vt 0.41824802756309509 0.0049373903311789036
vt 0.42129009962081909 0.0014812175650149584
vt 0.42129009962081909 0.0029624346643686295
vt 0.42129009962081909 0.0044436515308916569
vt 0.41803827881813049 0.0044436510652303696
vt 0.41803827881813049 0.0029624341987073421
vt 0.41803827881813049 0.0014812170993536711
vt 0 0.0031432909891009331
vt 0.003021682845428586 0.0090681593865156174
vt 0.0007554207113571465 0.0031432909891009331
vt 0.001510841422714293 0.0031432909891009331
vt 0.0022662621922791004 0.0031432909891009331
vt 0.0022662621922791004 0.0090681593865156174
vt 0.001510841422714293 0.0090681593865156174
vt 0.0007554207113571465 0.0090681593865156174
vt 0 0.0090681593865156174
vt 0 0.0075869420543313026
vt 0 0.0061057251878082752
vt 0 0.0046245083212852478
vt 0.003021682845428586 0.0031432909891009331
vt 0.003021682845428586 0.0046245083212852478
vt 0.003021682845428586 0.0061057251878082752
vt 0.003021682845428586 0.0075869420543313026
vt 0 0.00071586598642170429
vt 0.0059248683974146843 0.0015537688741460443
vt 0 0.0015537688741460443
vt 0.0059248683974146843 0.00071586598642170429
vt 0.0014812170993536711 0.00071586598642170429
vt 0.0029624341987073421 0.00071586598642170429
vt 0.0044436510652303696 0.00071586598642170429
vt 0.0044436515308916569 0.0015537688741460443
vt 0.0029624341987073421 0.0015537688741460443
vt 0.0014812170993536711 0.0015537688741460443
vt 0.58067870140075684 0.0082760760560631752
vt 0.58660358190536499 0.0082760760560631752
vt 0.58660358190536499 0.0091384109109640121
vt 0.58660358190536499 0.010000745765864849
vt 0.58067870140075684 0.010000748559832573
vt 0.58067870140075684 0.0091384118422865868
vt 0.58215993642807007 0.0082760760560631752
vt 0.5836411714553833 0.0082760760560631752
vt 0.58512240648269653 0.0082760760560631752
vt 0.5836411714553833 0.010000746697187424
vt 0 0.00024704710813239217
vt 0.0059248683974146843 0.00024704710813239217
vt 0.0049373903311789036 0.00024704710813239217
vt 0.0039499122649431229 0.00024704710813239217
vt 0.0029624341987073421 0.00024704710813239217
vt 0.0019749558996409178 0.00024704710813239217
vt 0.00098747818265110254 0.00024704710813239217
vt 0 0
vt 0.00098747818265110254 4.3889122891549448E-10
vt 0.0019749558996409178 8.7778245783098896E-10
vt 0.0029624341987073421 1.3166737700132103E-09
vt 0.0039499122649431229 1.7555649156619779E-09
vt 0.0049373903311789036 2.194456172333048E-09
vt 0.0059248683974146843 2.6333475400264206E-09
vt 0.99822252988815308 0.48356378078460693
vt 0.99229764938354492 0.4858744740486145
vt 0.99822252988815308 0.48414143919944763
vt 0.99822252988815308 0.48471912741661072
vt 0.99822252988815308 0.48529678583145142
vt 0.99526011943817139 0.48471912741661072
vt 0.99674129486083984 0.48471912741661072
vt 0.99526011943817139 0.48414143919944763
vt 0.99674129486083984 0.48414143919944763
vt 0.99526011943817139 0.48529678583145142
vt 0.99674129486083984 0.48529678583145142
vt 0.99229764938354492 0.48510423302650452
vt 0.99229764938354492 0.48433402180671692
vt 0.99822252988815308 0.4858744740486145
vt 0.99674129486083984 0.4858744740486145
vt 0.99526011943817139 0.4858744740486145
vt 0.99377888441085815 0.4858744740486145
vt 0.99229764938354492 0.48356378078460693
vt 0.99328517913818359 0.48356378078460693
vt 0.99427264928817749 0.48356378078460693
vt 0.99526011943817139 0.48356378078460693
vt 0.99624758958816528 0.48356378078460693
vt 0.99723505973815918 0.48356378078460693
vt 0.99585431814193726 0.16270941495895386
vt 0.99466878175735474 0.16270941495895386
vt 0.99348324537277222 0.16270941495895386
vt 0.99585431814193726 0.16329725086688995
vt 0.99466878175735474 0.16329725086688995
vt 0.99348324537277222 0.16329725086688995
vt 0.99585431814193726 0.16388508677482605
vt 0.99466878175735474 0.16388508677482605
vt 0.99348324537277222 0.16388508677482605
vt 0.99595832824707031 0.16236875951290131
vt 0.99635446071624756 0.16244754195213318
vt 0.99669021368026733 0.16267190873622894
vt 0.99691462516784668 0.1630077064037323
vt 0.99699336290359497 0.16340380907058716
vt 0.99691462516784668 0.16379991173744202
vt 0.99669021368026733 0.16413570940494537
vt 0.99635446071624756 0.16436007618904114
vt 0.99595832824707031 0.16443885862827301
vt 0.99520289897918701 0.16443885862827301
vt 0.99444746971130371 0.16443885862827301
vt 0.99369210004806519 0.16443885862827301
vt 0.99293667078018188 0.16443885862827301
vt 0.99234414100646973 0.16384637355804443
vt 0.99234414100646973 0.16298398375511169
vt 0.99234414100646973 0.16212159395217896
vt 0.99364763498306274 0.16236875951290131
vt 0.99422532320022583 0.16236875951290131
vt 0.99480301141738892 0.16236875951290131
vt 0.99538064002990723 0.16236875951290131
vt 0.99299591779708862 0.16212159395217896
vt 0.99364763498306274 0.16212159395217896
vt 0.99407601356506348 0.16270941495895386
vt 0.99585431814193726 0.00058783072745427489
vt 0.99466878175735474 0.00058783072745427489
vt 0.99348324537277222 0.00058783072745427489
vt 0.99585431814193726 0.0011756614549085498
vt 0.99466878175735474 0.0011756614549085498
vt 0.99348324537277222 0.0011756614549085498
vt 0.99585431814193726 0.0017634922405704856
vt 0.99466878175735474 0.0017634922405704856
vt 0.99348324537277222 0.0017634922405704856
vt 0.99595832824707031 0.00024716061307117343
vt 0.99635446071624756 0.0003259495715610683
vt 0.99669021368026733 0.00055032153613865376
vt 0.99691462516784668 0.00088611792307347059
vt 0.99699336290359497 0.0012822167482227087
vt 0.99691462516784668 0.0016783156897872686
vt 0.99669021368026733 0.0020141119603067636
vt 0.99635446071624756 0.0022384840995073318
vt 0.99595832824707031 0.0023172728251665831
vt 0.99520289897918701 0.0023172728251665831
vt 0.99444746971130371 0.0023172728251665831
vt 0.99369210004806519 0.0023172728251665831
vt 0.99293667078018188 0.0023172728251665831
vt 0.99234414100646973 0.0017247861251235008
vt 0.99234414100646973 0.00086239306256175041
vt 0.99234414100646973 0
vt 0.99364763498306274 0.00024716061307117343
vt 0.99441784620285034 0.00024716061307117343
vt 0.99518811702728271 0.00024716061307117343
vt 0.99299591779708862 6.8120509233438042E-11
vt 0.99364763498306274 1.3624101846687608E-10
vt 0.99407601356506348 0.00058783072745427489
vt 0.70427924394607544 0
vt 0.70469874143600464 0.0019749563653022051
vt 0.70469874143600464 0.0039499127306044102
vt 0.70510244369506836 0.0019749563653022051
vt 0.70510244369506836 0.0039499127306044102
vt 0.70550376176834106 0.0019749563653022051
vt 0.70550376176834106 0.0039499127306044102
vt 0.70590513944625854 0.0019749563653022051
vt 0.70590513944625854 0.0039499127306044102
vt 0.70632463693618774 0.0019749563653022051
vt 0.70632463693618774 0.0039499127306044102
vt 0.70672833919525146 0.0019749563653022051
vt 0.70672833919525146 0.0039499127306044102
vt 0.70712971687316895 0.0019749563653022051
vt 0.70712971687316895 0.0039499127306044102
vt 0.70753103494644165 0.0059248688630759716
vt 0.70470178127288818 0
vt 0.70509219169616699 0
vt 0.7054826021194458 1.3203980964160422E-10
vt 0.70590513944625854 2.1421775464602888E-10
vt 0.70632773637771606 2.9639579679496819E-10
vt 0.7067180871963501 3.6569264283414782E-10
vt 0.70710849761962891 4.1148484619668579E-10
vt 0.70753103494644165 4.2843548153648214E-10
vt 0.70469874143600464 0.00098747818265110254
vt 0.70448899269104004 0.0019749563653022051
vt 0.70448899269104004 0.00098747818265110254
vt 0.70510244369506836 0.00098747818265110254
vt 0.70490056276321411 0.0019749563653022051
vt 0.70490056276321411 0.00098747818265110254
vt 0.70550376176834106 0.00098747818265110254
vt 0.7053031325340271 0.0019749563653022051
vt 0.7053031325340271 0.00098747818265110254
vt 0.70590513944625854 0.00098747818265110254
vt 0.7057044506072998 0.0019749563653022051
vt 0.7057044506072998 0.00098747818265110254
vt 0.70632463693618774 0.00098747818265110254
vt 0.70611488819122314 0.0019749563653022051
vt 0.70611488819122314 0.00098747818265110254
vt 0.70672833919525146 0.00098747818265110254
vt 0.70652645826339722 0.0019749563653022051
vt 0.70652645826339722 0.00098747818265110254
vt 0.70712971687316895 0.00098747818265110254
vt 0.70692902803421021 0.0019749563653022051
vt 0.70692902803421021 0.00098747818265110254
vt 0.70733034610748291 0.0019749563653022051
vt 0.70733034610748291 0.00098747818265110254
vt 0.70710849761962891 0.0059248688630759716
vt 0.7067180871963501 0.0059248688630759716
vt 0.70632773637771606 0.0059248688630759716
vt 0.70590513944625854 0.0059248683974146843
vt 0.7054826021194458 0.0059248683974146843
vt 0.70509219169616699 0.0059248683974146843
vt 0.70470178127288818 0.0059248683974146843
vt 0.70427924394607544 0.0059248683974146843
vt 0.70712971687316895 0.0049373903311789036
vt 0.70733034610748291 0.0039499127306044102
vt 0.70733034610748291 0.0049373903311789036
vt 0.70672833919525146 0.0049373903311789036
vt 0.70692902803421021 0.0039499127306044102
vt 0.70692902803421021 0.0049373903311789036
vt 0.70632463693618774 0.0049373903311789036
vt 0.70652645826339722 0.0039499127306044102
vt 0.70652645826339722 0.0049373903311789036
vt 0.70590513944625854 0.0049373903311789036
vt 0.70550376176834106 0.0049373903311789036
vt 0.7057044506072998 0.0039499127306044102
vt 0.7057044506072998 0.0049373903311789036
vt 0.70611488819122314 0.0039499127306044102
vt 0.70611488819122314 0.0049373903311789036
vt 0.70510244369506836 0.0049373903311789036
vt 0.7053031325340271 0.0039499127306044102
vt 0.7053031325340271 0.0049373903311789036
vt 0.70469874143600464 0.0049373903311789036
vt 0.70490056276321411 0.0039499127306044102
vt 0.70490056276321411 0.0049373903311789036
vt 0.70448899269104004 0.0039499127306044102
vt 0.70448899269104004 0.0049373903311789036
vt 0.70753103494644165 0.0014812175650149584
vt 0.70753103494644165 0.0029624346643686295
vt 0.70753103494644165 0.0044436515308916569
vt 0.70427924394607544 0.0044436510652303696
vt 0.70427924394607544 0.0029624341987073421
vt 0.70427924394607544 0.0014812170993536711
vt 0.20901913940906525 0.0031432909891009331
vt 0.21204082667827606 0.0090681593865156174
vt 0.20977456867694855 0.0031432909891009331
vt 0.21052998304367065 0.0031432909891009331
vt 0.21128541231155396 0.0031432909891009331
vt 0.21128541231155396 0.0090681593865156174
vt 0.21052998304367065 0.0090681593865156174
vt 0.20977456867694855 0.0090681593865156174
vt 0.20901913940906525 0.0090681593865156174
vt 0.20901913940906525 0.0075869420543313026
vt 0.20901913940906525 0.0061057251878082752
vt 0.20901913940906525 0.0046245083212852478
vt 0.21204082667827606 0.0031432909891009331
vt 0.21204082667827606 0.0051182471215724945
vt 0.21204082667827606 0.0070932032540440559
vt 0 0.0019295784877613187
vt 0.0059248683974146843 0.0027674813754856586
vt 0 0.0027674813754856586
vt 0.0059248683974146843 0.0019295784877613187
vt 0.0019749558996409178 0.0019295784877613187
vt 0.0039499122649431229 0.0019295784877613187
vt 0.0039499122649431229 0.0027674813754856586
vt 0.0019749563653022051 0.0027674813754856586
vt 0.58067870140075684 0.010000748559832573
vt 0.58660358190536499 0.011725534684956074
vt 0.58660358190536499 0.010000748559832573
vt 0.58660358190536499 0.010863141156733036
vt 0.58067870140075684 0.011725534684956074
vt 0.58067870140075684 0.010863141156733036
vt 0.5826537013053894 0.010000748559832573
vt 0.5846286416053772 0.010000748559832573
vt 0.5846286416053772 0.011725534684956074
vt 0.5826537013053894 0.011725534684956074
vt 0.0059248683974146843 0.00035785074578598142
vt 0 0.00060501141706481576
vt 0.0059248683974146843 0.00060501141706481576
vt 0.0049373903311789036 0.00060501141706481576
vt 0.0039499122649431229 0.00060501141706481576
vt 0.0029624341987073421 0.00060501141706481576
vt 0.0019749558996409178 0.00060501141706481576
vt 0.00098747818265110254 0.00060501141706481576
vt 0 0.00035785092040896416
vt 0.00098747818265110254 0.0003578508913051337
vt 0.0019749558996409178 0.00035785086220130324
vt 0.0029624341987073421 0.00035785083309747279
vt 0.0039499122649431229 0.00035785080399364233
vt 0.0049373903311789036 0.00035785077488981187
vt 0.99822252988815308 0.32424318790435791
vt 0.99229764938354492 0.32655388116836548
vt 0.99822252988815308 0.324820876121521
vt 0.99822252988815308 0.32539853453636169
vt 0.99822252988815308 0.32597622275352478
vt 0.99526011943817139 0.32539853453636169
vt 0.99526011943817139 0.324820876121521
vt 0.99674129486083984 0.324820876121521
vt 0.99526011943817139 0.32453203201293945
vt 0.99674129486083984 0.32453203201293945
vt 0.99526011943817139 0.32597622275352478
vt 0.99674129486083984 0.32597622275352478
vt 0.99526011943817139 0.32568737864494324
vt 0.99674129486083984 0.32539853453636169
vt 0.99674129486083984 0.32568737864494324
vt 0.99526011943817139 0.32626506686210632
vt 0.99674129486083984 0.32626506686210632
vt 0.99229764938354492 0.32578366994857788
vt 0.99229764938354492 0.3250134289264679
vt 0.99822252988815308 0.32655388116836548
vt 0.99674129486083984 0.32655388116836548
vt 0.99526011943817139 0.32655388116836548
vt 0.99377888441085815 0.32655388116836548
vt 0.99229764938354492 0.32424318790435791
vt 0.99328517913818359 0.32424318790435791
vt 0.99427264928817749 0.32424318790435791
vt 0.99526011943817139 0.32424318790435791
vt 0.99624758958816528 0.32424318790435791
vt 0.99723505973815918 0.32424318790435791
vt 1 0
vt 0.99822252988815308 0
vt 1 0.49521505832672119
vt 0.99822252988815308 0.49521505832672119
vt 1 0.0078605571761727333
vt 1 0.015721114352345467
vt 1 0.023581668734550476
vt 1 0.031442228704690933
vt 1 0.039302784949541092
vt 1 0.047163337469100952
vt 1 0.055023893713951111
vt 1 0.062884457409381866
vt 1 0.070745013654232025
vt 1 0.078605569899082184
vt 1 0.086466126143932343
vt 1 0.094326674938201904
vt 1 0.10218723118305206
vt 1 0.11004778742790222
vt 1 0.11790834367275238
vt 1 0.12576891481876373
vt 1 0.13362947106361389
vt 1 0.14149002730846405
vt 1 0.14935058355331421
vt 1 0.15721113979816437
vt 1 0.16507169604301453
vt 1 0.17293225228786469
vt 1 0.18079280853271484
vt 1 0.18865334987640381
vt 1 0.19651390612125397
vt 1 0.20437446236610413
vt 1 0.21223501861095428
vt 1 0.22009557485580444
vt 1 0.2279561311006546
vt 1 0.23581668734550476
vt 1 0.24367724359035492
vt 1 0.25153782963752747
vt 1 0.25939837098121643
vt 1 0.26725894212722778
vt 1 0.27511948347091675
vt 1 0.2829800546169281
vt 1 0.29084059596061707
vt 1 0.29870116710662842
vt 1 0.30656170845031738
vt 1 0.31442227959632874
vt 1 0.3222828209400177
vt 1 0.33014339208602905
vt 1 0.33800393342971802
vt 1 0.34586450457572937
vt 1 0.35372504591941833
vt 1 0.36158561706542969
vt 1 0.36944615840911865
vt 1 0.37730669975280762
vt 1 0.38516727089881897
vt 1 0.39302781224250793
vt 1 0.40088838338851929
vt 1 0.40874892473220825
vt 1 0.4166094958782196
vt 1 0.42447003722190857
vt 1 0.43233060836791992
vt 1 0.44019114971160889
vt 1 0.44805172085762024
vt 1 0.4559122622013092
vt 1 0.46377283334732056
vt 1 0.47163337469100952
vt 1 0.47949394583702087
vt 1 0.48735448718070984
vt 0.99822252988815308 0.48735448718070984
vt 0.99822252988815308 0.47949394583702087
vt 0.99822252988815308 0.47163337469100952
vt 0.99822252988815308 0.46377283334732056
vt 0.99822252988815308 0.4559122622013092
vt 0.99822252988815308 0.44805172085762024
vt 0.99822252988815308 0.44019114971160889
vt 0.99822252988815308 0.43233060836791992
vt 0.99822252988815308 0.42447003722190857
vt 0.99822252988815308 0.4166094958782196
vt 0.99822252988815308 0.40874892473220825
vt 0.99822252988815308 0.40088838338851929
vt 0.99822252988815308 0.39302781224250793
vt 0.99822252988815308 0.38516727089881897
vt 0.99822252988815308 0.37730669975280762
vt 0.99822252988815308 0.36944615840911865
vt 0.99822252988815308 0.36158561706542969
vt 0.99822252988815308 0.35372504591941833
vt 0.99822252988815308 0.34586450457572937
vt 0.99822252988815308 0.33800393342971802
vt 0.99822252988815308 0.33014339208602905
vt 0.99822252988815308 0.3222828209400177
vt 0.99822252988815308 0.31442227959632874
vt 0.99822252988815308 0.30656170845031738
vt 0.99822252988815308 0.29870116710662842
vt 0.99822252988815308 0.29084059596061707
vt 0.99822252988815308 0.2829800546169281
vt 0.99822252988815308 0.27511948347091675
vt 0.99822252988815308 0.26725894212722778
vt 0.99822252988815308 0.25939837098121643
vt 0.99822252988815308 0.25153782963752747
vt 0.99822252988815308 0.24367724359035492
vt 0.99822252988815308 0.23581668734550476
vt 0.99822252988815308 0.2279561311006546
vt 0.99822252988815308 0.22009557485580444
vt 0.99822252988815308 0.21223501861095428
vt 0.99822252988815308 0.20437446236610413
vt 0.99822252988815308 0.19651390612125397
vt 0.99822252988815308 0.18865334987640381
vt 0.99822252988815308 0.18079280853271484
vt 0.99822252988815308 0.17293225228786469
vt 0.99822252988815308 0.16507169604301453
vt 0.99822252988815308 0.15721113979816437
vt 0.99822252988815308 0.14935058355331421
vt 0.99822252988815308 0.14149002730846405
vt 0.99822252988815308 0.13362947106361389
vt 0.99822252988815308 0.12576891481876373
vt 0.99822252988815308 0.11790834367275238
vt 0.99822252988815308 0.11004778742790222
vt 0.99822252988815308 0.10218723118305206
vt 0.99822252988815308 0.094326674938201904
vt 0.99822252988815308 0.086466126143932343
vt 0.99822252988815308 0.078605569899082184
vt 0.99822252988815308 0.070745013654232025
vt 0.99822252988815308 0.062884457409381866
vt 0.99822252988815308 0.055023893713951111
vt 0.99822252988815308 0.047163337469100952
vt 0.99822252988815308 0.039302784949541092
vt 0.99822252988815308 0.031442228704690933
vt 0.99822252988815308 0.023581668734550476
vt 0.99822252988815308 0.015721114352345467
vt 0.99822252988815308 0.0078605571761727333
vt 0 0.011725534684956074
vt 0 0.013502995483577251
vt 0.49526011943817139 0.011725534684956074
vt 0.49526011943817139 0.013502995483577251
vt 0.0039620809257030487 0.011725534684956074
vt 0.0079241618514060974 0.011725534684956074
vt 0.011886242777109146 0.011725534684956074
vt 0.015848323702812195 0.011725534684956074
vt 0.019810404628515244 0.011725534684956074
vt 0.023772485554218292 0.011725534684956074
vt 0.027734566479921341 0.011725534684956074
vt 0.03169664740562439 0.011725534684956074
vt 0.03565872460603714 0.011725534684956074
vt 0.039620809257030487 0.011725534684956074
vt 0.043582890182733536 0.011725534684956074
vt 0.047544971108436584 0.011725534684956074
vt 0.051507052034139633 0.011725534684956074
vt 0.055469132959842682 0.011725534684956074
vt 0.059431210160255432 0.011725534684956074
vt 0.063393294811248779 0.011725534684956074
vt 0.067355379462242126 0.011725534684956074
vt 0.07131744921207428 0.011725534684956074
vt 0.075279533863067627 0.011725534684956074
vt 0.079241618514060974 0.011725534684956074
vt 0.083203695714473724 0.011725534684956074
vt 0.087165780365467072 0.011725534684956074
vt 0.091127857565879822 0.011725534684956074
vt 0.095089942216873169 0.011725534684956074
vt 0.099052019417285919 0.011725534684956074
vt 0.10301410406827927 0.011725534684956074
vt 0.10697618871927261 0.011725534684956074
vt 0.11093826591968536 0.011725534684956074
vt 0.11490034312009811 0.011725534684956074
vt 0.11886242032051086 0.011725534684956074
vt 0.12282450497150421 0.011725534684956074
vt 0.12678658962249756 0.011725534684956074
vt 0.13074867427349091 0.011725534684956074
vt 0.13471075892448425 0.011725534684956074
vt 0.13867282867431641 0.011725534684956074
vt 0.14263489842414856 0.011725534684956074
vt 0.1465969979763031 0.011725534684956074
vt 0.15055906772613525 0.011725534684956074
vt 0.1545211523771286 0.011725534684956074
vt 0.15848323702812195 0.011725534684956074
vt 0.1624453216791153 0.011725534684956074
vt 0.16640739142894745 0.011725534684956074
vt 0.1703694760799408 0.011725534684956074
vt 0.17433156073093414 0.011725534684956074
vt 0.17829364538192749 0.011725534684956074
vt 0.18225571513175964 0.011725534684956074
vt 0.18621779978275299 0.011725534684956074
vt 0.19017988443374634 0.011725534684956074
vt 0.19414195418357849 0.011725534684956074
vt 0.19810403883457184 0.011725534684956074
vt 0.20206612348556519 0.011725534684956074
vt 0.20602820813655853 0.011725534684956074
vt 0.20999027788639069 0.011725534684956074
vt 0.21395237743854523 0.011725534684956074
vt 0.21791444718837738 0.011725534684956074
vt 0.22187653183937073 0.011725534684956074
vt 0.22583860158920288 0.011725534684956074
vt 0.22980068624019623 0.011725534684956074
vt 0.23376277089118958 0.011725534684956074
vt 0.23772484064102173 0.011725534684956074
vt 0.24168694019317627 0.011725534684956074
vt 0.24564900994300842 0.011725534684956074
vt 0.24961109459400177 0.011725534684956074
vt 0.25357317924499512 0.011725534684956074
vt 0.25753524899482727 0.011725534684956074
vt 0.26149734854698181 0.011725534684956074
vt 0.26545941829681396 0.011725534684956074
vt 0.26942151784896851 0.011725534684956074
vt 0.27338355779647827 0.011725534684956074
vt 0.27734565734863281 0.011725534684956074
vt 0.28130775690078735 0.011725534684956074
vt 0.28526979684829712 0.011725534684956074
vt 0.28923189640045166 0.011725534684956074
vt 0.2931939959526062 0.011725534684956074
vt 0.29715606570243835 0.011725534684956074
vt 0.30111813545227051 0.011725534684956074
vt 0.30508023500442505 0.011725534684956074
vt 0.3090423047542572 0.011725534684956074
vt 0.31300440430641174 0.011725534684956074
vt 0.3169664740562439 0.011725534684956074
vt 0.32092854380607605 0.011725534684956074
vt 0.32489064335823059 0.011725534684956074
vt 0.32885268330574036 0.011725534684956074
vt 0.3328147828578949 0.011725534684956074
vt 0.33677688241004944 0.011725534684956074
vt 0.34073895215988159 0.011725534684956074
vt 0.34470102190971375 0.011725534684956074
vt 0.34866312146186829 0.011725534684956074
vt 0.35262519121170044 0.011725534684956074
vt 0.35658729076385498 0.011725534684956074
vt 0.36054936051368713 0.011725534684956074
vt 0.36451143026351929 0.011725534684956074
vt 0.36847352981567383 0.011725534684956074
vt 0.37243559956550598 0.011725534684956074
vt 0.37639766931533813 0.011725534684956074
vt 0.38035976886749268 0.011725534684956074
vt 0.38432183861732483 0.011725534684956074
vt 0.38828390836715698 0.011725534684956074
vt 0.39224600791931152 0.011725534684956074
vt 0.39620807766914368 0.011725534684956074
vt 0.40017017722129822 0.011725534684956074
vt 0.40413224697113037 0.011725534684956074
vt 0.40809431672096252 0.011725534684956074
vt 0.41205641627311707 0.011725534684956074
vt 0.41601848602294922 0.011725534684956074
vt 0.41998055577278137 0.011725534684956074
vt 0.42394265532493591 0.011725534684956074
vt 0.42790475487709045 0.011725534684956074
vt 0.43186679482460022 0.011725534684956074
vt 0.43582889437675476 0.011725534684956074
vt 0.4397909939289093 0.011725534684956074
vt 0.44375306367874146 0.011725534684956074
vt 0.44771513342857361 0.011725534684956074
vt 0.45167720317840576 0.011725534684956074
vt 0.4556393027305603 0.011725534684956074
vt 0.45960137248039246 0.011725534684956074
vt 0.46356344223022461 0.011725534684956074
vt 0.46752554178237915 0.011725534684956074
vt 0.47148764133453369 0.011725534684956074
vt 0.47544968128204346 0.011725534684956074
vt 0.479411780834198 0.011725534684956074
vt 0.48337388038635254 0.011725534684956074
vt 0.48733595013618469 0.011725534684956074
vt 0.49129801988601685 0.011725534684956074
vt 0.49129801988601685 0.013502995483577251
vt 0.48733595013618469 0.013502995483577251
vt 0.48337388038635254 0.013502995483577251
vt 0.479411780834198 0.013502995483577251
vt 0.47544968128204346 0.013502995483577251
vt 0.47148764133453369 0.013502995483577251
vt 0.46752554178237915 0.013502995483577251
vt 0.46356344223022461 0.013502995483577251
vt 0.45960137248039246 0.013502995483577251
vt 0.4556393027305603 0.013502995483577251
vt 0.45167720317840576 0.013502995483577251
vt 0.44771513342857361 0.013502995483577251
vt 0.44375306367874146 0.013502995483577251
vt 0.4397909939289093 0.013502995483577251
vt 0.43582889437675476 0.013502995483577251
vt 0.43186679482460022 0.013502995483577251
vt 0.42790475487709045 0.013502995483577251
vt 0.42394265532493591 0.013502995483577251
vt 0.41998055577278137 0.013502995483577251
vt 0.41601848602294922 0.013502995483577251
vt 0.41205641627311707 0.013502995483577251
vt 0.40809431672096252 0.013502995483577251
vt 0.40413224697113037 0.013502995483577251
vt 0.40017017722129822 0.013502995483577251
vt 0.39620807766914368 0.013502995483577251
vt 0.39224600791931152 0.013502995483577251
vt 0.38828390836715698 0.013502995483577251
vt 0.38432183861732483 0.013502995483577251
vt 0.38035976886749268 0.013502995483577251
vt 0.37639766931533813 0.013502995483577251
vt 0.37243559956550598 0.013502995483577251
vt 0.36847352981567383 0.013502995483577251
vt 0.36451143026351929 0.013502995483577251
vt 0.36054936051368713 0.013502995483577251
vt 0.35658729076385498 0.013502995483577251
vt 0.35262519121170044 0.013502995483577251
vt 0.34866312146186829 0.013502995483577251
vt 0.34470102190971375 0.013502995483577251
vt 0.34073895215988159 0.013502995483577251
vt 0.33677688241004944 0.013502995483577251
vt 0.3328147828578949 0.013502995483577251
vt 0.32885268330574036 0.013502995483577251
vt 0.32489064335823059 0.013502995483577251
vt 0.32092854380607605 0.013502995483577251
vt 0.3169664740562439 0.013502995483577251
vt 0.31300440430641174 0.013502995483577251
vt 0.3090423047542572 0.013502995483577251
vt 0.30508023500442505 0.013502995483577251
vt 0.30111813545227051 0.013502995483577251
vt 0.29715606570243835 0.013502995483577251
vt 0.2931939959526062 0.013502995483577251
vt 0.28923189640045166 0.013502995483577251
vt 0.28526979684829712 0.013502995483577251
vt 0.28130775690078735 0.013502995483577251
vt 0.27734565734863281 0.013502995483577251
vt 0.27338355779647827 0.013502995483577251
vt 0.26942151784896851 0.013502995483577251
vt 0.26545941829681396 0.013502995483577251
vt 0.26149734854698181 0.013502995483577251
vt 0.25753524899482727 0.013502995483577251
vt 0.25357317924499512 0.013502995483577251
vt 0.24961109459400177 0.013502995483577251
vt 0.24564900994300842 0.013502995483577251
vt 0.24168694019317627 0.013502995483577251
vt 0.23772484064102173 0.013502995483577251
vt 0.23376277089118958 0.013502995483577251
vt 0.22980068624019623 0.013502995483577251
vt 0.22583860158920288 0.013502995483577251
vt 0.22187653183937073 0.013502995483577251
vt 0.21791444718837738 0.013502995483577251
vt 0.21395237743854523 0.013502995483577251
vt 0.20999027788639069 0.013502995483577251
vt 0.20602820813655853 0.013502995483577251
vt 0.20206612348556519 0.013502995483577251
vt 0.19810403883457184 0.013502995483577251
vt 0.19414195418357849 0.013502995483577251
vt 0.19017988443374634 0.013502995483577251
vt 0.18621779978275299 0.013502995483577251
vt 0.18225571513175964 0.013502995483577251
vt 0.17829364538192749 0.013502995483577251
vt 0.17433156073093414 0.013502995483577251
vt 0.1703694760799408 0.013502995483577251
vt 0.16640739142894745 0.013502995483577251
vt 0.1624453216791153 0.013502995483577251
vt 0.15848323702812195 0.013502995483577251
vt 0.1545211523771286 0.013502995483577251
vt 0.15055906772613525 0.013502995483577251
vt 0.1465969979763031 0.013502995483577251
vt 0.14263489842414856 0.013502995483577251
vt 0.13867282867431641 0.013502995483577251
vt 0.13471075892448425 0.013502995483577251
vt 0.13074867427349091 0.013502995483577251
vt 0.12678658962249756 0.013502995483577251
vt 0.12282450497150421 0.013502995483577251
vt 0.11886242032051086 0.013502995483577251
vt 0.11490034312009811 0.013502995483577251
vt 0.11093826591968536 0.013502995483577251
vt 0.10697618871927261 0.013502995483577251
vt 0.10301410406827927 0.013502995483577251
vt 0.099052019417285919 0.013502995483577251
vt 0.095089942216873169 0.013502995483577251
vt 0.091127857565879822 0.013502995483577251
vt 0.087165780365467072 0.013502995483577251
vt 0.083203695714473724 0.013502995483577251
vt 0.079241618514060974 0.013502995483577251
vt 0.075279533863067627 0.013502995483577251
vt 0.07131744921207428 0.013502995483577251
vt 0.067355379462242126 0.013502995483577251
vt 0.063393294811248779 0.013502995483577251
vt 0.059431210160255432 0.013502995483577251
vt 0.055469132959842682 0.013502995483577251
vt 0.051507052034139633 0.013502995483577251
vt 0.047544971108436584 0.013502995483577251
vt 0.043582890182733536 0.013502995483577251
vt 0.039620809257030487 0.013502995483577251
vt 0.03565872460603714 0.013502995483577251
vt 0.03169664740562439 0.013502995483577251
vt 0.027734566479921341 0.013502995483577251
vt 0.023772485554218292 0.013502995483577251
vt 0.019810404628515244 0.013502995483577251
vt 0.015848323702812195 0.013502995483577251
vt 0.011886242777109146 0.013502995483577251
vt 0.0079241618514060974 0.013502995483577251
vt 0.0039620809257030487 0.013502995483577251
vt 0.49225378036499023 0.013265934772789478
vt 0.49225378036499023 0.012614198960363865
vt 0.49225378036499023 0.011962464079260826
vt 0.48632892966270447 0.011962464079260826
vt 0.48632892966270447 0.012614198960363865
vt 0.48632892966270447 0.013265934772789478
vt 0.48830384016036987 0.013265934772789478
vt 0.49027881026268005 0.013265934772789478
vt 0.49126628041267395 0.011962464079260826
vt 0.49027881026268005 0.011962464079260826
vt 0.48929134011268616 0.011962464079260826
vt 0.48830384016036987 0.011962464079260826
vt 0.48731639981269836 0.011962464079260826
vt 0.0030468436889350414 0.011962464079260826
vt 0.0030468436889350414 0.012614198960363865
vt 0.0030468436889350414 0.013265934772789478
vt 0.0089717116206884384 0.013265934772789478
vt 0.0089717116206884384 0.012614198960363865
vt 0.0089717116206884384 0.011962464079260826
vt 0.0060092778876423836 0.013265934772789478
vt 0.007984234020113945 0.011962464079260826
vt 0.0069967559538781643 0.011962464079260826
vt 0.0060092778876423836 0.011962464079260826
vt 0.0050217998214066029 0.011962464079260826
vt 0.0040343217551708221 0.011962464079260826
vt 0.015976132825016975 0.012614265084266663
vt 0.026626888662576675 0.012614265084266663
vt 0.037277642637491226 0.012614265084266663
vt 0.031952265650033951 0.012614265084266663
vt 0.047928396612405777 0.012614265084266663
vt 0.042603019624948502 0.012614265084266663
vt 0.053253777325153351 0.012614265084266663
vt 0.058579150587320328 0.012614265084266663
vt 0.069229908287525177 0.012614265084266663
vt 0.063904531300067902 0.012614265084266663
vt 0.079880662262439728 0.012614265084266663
vt 0.074555285274982452 0.012614265084266663
vt 0.085206039249897003 0.012614265084266663
vt 0.090531416237354279 0.012614265084266663
vt 0.095856793224811554 0.012614265084266663
vt 0.10118217021226883 0.012614265084266663
vt 0.1065075546503067 0.012614265084266663
vt 0.11183292418718338 0.012614265084266663
vt 0.11715830117464066 0.012614265084266663
vt 0.12248368561267853 0.012614265084266663
vt 0.1278090626001358 0.012614265084266663
vt 0.13313443958759308 0.012614265084266663
vt 0.13845981657505035 0.012614265084266663
vt 0.14378519356250763 0.012614265084266663
vt 0.1491105705499649 0.012614265084266663
vt 0.15976132452487946 0.012614265084266663
vt 0.15443594753742218 0.012614265084266663
vt 0.17041207849979401 0.012614265084266663
vt 0.16508670151233673 0.012614265084266663
vt 0.17573745548725128 0.012614265084266663
vt 0.18106283247470856 0.012614265084266663
vt 0.19171358644962311 0.012614265084266663
vt 0.18638820946216583 0.012614265084266663
vt 0.20236434042453766 0.012614265084266663
vt 0.19703896343708038 0.012614265084266663
vt 0.20768971741199493 0.012614265084266663
vt 0.21834047138690948 0.012614265084266663
vt 0.2130151093006134 0.012614265084266663
vt 0.22366584837436676 0.012614265084266663
vt 0.22899124026298523 0.012614265084266663
vt 0.23431660234928131 0.012614265084266663
vt 0.23964197933673859 0.012614265084266663
vt 0.24496737122535706 0.012614265084266663
vt 0.25029274821281433 0.012614265084266663
vt 0.25561812520027161 0.012614265084266663
vt 0.26626887917518616 0.012614265084266663
vt 0.26094347238540649 0.012614265084266663
vt 0.27691963315010071 0.012614265084266663
vt 0.27159425616264343 0.012614265084266663
vt 0.28224501013755798 0.012614265084266663
vt 0.28757038712501526 0.012614265084266663
vt 0.29289573431015015 0.012614265084266663
vt 0.29822114109992981 0.012614265084266663
vt 0.30887189507484436 0.012614265084266663
vt 0.30354651808738708 0.012614265084266663
vt 0.31419727206230164 0.012614265084266663
vt 0.31952264904975891 0.012614265084266663
vt 0.32484802603721619 0.012614265084266663
vt 0.33017340302467346 0.012614265084266663
vt 0.33549878001213074 0.012614265084266663
vt 0.34614953398704529 0.012614265084266663
vt 0.34082415699958801 0.012614265084266663
vt 0.35147491097450256 0.012614265084266663
vt 0.35680031776428223 0.012614265084266663
vt 0.36212566494941711 0.012614265084266663
vt 0.36745104193687439 0.012614265084266663
vt 0.37810179591178894 0.012614265084266663
vt 0.37277641892433167 0.012614265084266663
vt 0.38875257968902588 0.012614265084266663
vt 0.38342717289924622 0.012614265084266663
vt 0.39407792687416077 0.012614265084266663
vt 0.39940330386161804 0.012614265084266663
vt 0.40472868084907532 0.012614265084266663
vt 0.41005405783653259 0.012614265084266663
vt 0.41537943482398987 0.012614265084266663
vt 0.42070484161376953 0.012614265084266663
vt 0.42603021860122681 0.012614265084266663
vt 0.43668094277381897 0.012614265084266663
vt 0.43135556578636169 0.012614265084266663
vt 0.44733169674873352 0.012614265084266663
vt 0.44200631976127625 0.012614265084266663
vt 0.45265710353851318 0.012614265084266663
vt 0.45798248052597046 0.012614265084266663
vt 0.46863320469856262 0.012614265084266663
vt 0.46330782771110535 0.012614265084266663
vt 0.47928395867347717 0.012614265084266663
vt 0.4739585816860199 0.012614265084266663
vt 0.99229764938354492 0.62868291139602661
vt 0.99052023887634277 0.62868291139602661
vt 0.99052023887634277 0.0010790311498567462
vt 0.99229764938354492 0.0010790309170261025
vt 0.99229764938354492 0.0050512072630226612
vt 0.99229764938354492 0.0090233832597732544
vt 0.99229764938354492 0.012995559722185135
vt 0.99229764938354492 0.016967736184597015
vt 0.99229764938354492 0.020939912647008896
vt 0.99229764938354492 0.024912089109420776
vt 0.99229764938354492 0.028884267434477806
vt 0.99229764938354492 0.032856442034244537
vt 0.99229764938354492 0.036828618496656418
vt 0.99229764938354492 0.040800794959068298
vt 0.99229764938354492 0.044772971421480179
vt 0.99229764938354492 0.048745147883892059
vt 0.99229764938354492 0.05271732434630394
vt 0.99229764938354492 0.05668950080871582
vt 0.99229764938354492 0.060661677271127701
vt 0.99229764938354492 0.064633853733539581
vt 0.99229764938354492 0.06860603392124176
vt 0.99229764938354492 0.072578206658363342
vt 0.99229764938354492 0.076550379395484924
vt 0.99229764938354492 0.080522559583187103
vt 0.99229764938354492 0.084494732320308685
vt 0.99229764938354492 0.088466912508010864
vt 0.99229764938354492 0.092439085245132446
vt 0.99229764938354492 0.096411265432834625
vt 0.99229764938354492 0.1003834456205368
vt 0.99229764938354492 0.10435561835765839
vt 0.99229764938354492 0.10832779854536057
vt 0.99229764938354492 0.11229997128248215
vt 0.99229764938354492 0.11627214401960373
vt 0.99229764938354492 0.12024432420730591
vt 0.99229764938354492 0.12421649694442749
vt 0.99229764938354492 0.12818866968154907
vt 0.99229764938354492 0.13216085731983185
vt 0.99229764938354492 0.13613303005695343
vt 0.99229764938354492 0.14010520279407501
vt 0.99229764938354492 0.14407739043235779
vt 0.99229764938354492 0.14804954826831818
vt 0.99229764938354492 0.15202173590660095
vt 0.99229764938354492 0.15599390864372253
vt 0.99229764938354492 0.15996609628200531
vt 0.99229764938354492 0.16393826901912689
vt 0.99229764938354492 0.16791042685508728
vt 0.99229764938354492 0.17188262939453125
vt 0.99229764938354492 0.17585478723049164
vt 0.99229764938354492 0.17982695996761322
vt 0.99229764938354492 0.183799147605896
vt 0.99229764938354492 0.18777132034301758
vt 0.99229764938354492 0.19174349308013916
vt 0.99229764938354492 0.19571568071842194
vt 0.99229764938354492 0.19968785345554352
vt 0.99229764938354492 0.2036600261926651
vt 0.99229764938354492 0.20763221383094788
vt 0.99229764938354492 0.21160438656806946
vt 0.99229764938354492 0.21557655930519104
vt 0.99229764938354492 0.21954874694347382
vt 0.99229764938354492 0.2235209047794342
vt 0.99229764938354492 0.22749307751655579
vt 0.99229764938354492 0.23146526515483856
vt 0.99229764938354492 0.23543743789196014
vt 0.99229764938354492 0.23940961062908173
vt 0.99229764938354492 0.24338178336620331
vt 0.99229764938354492 0.24735397100448608
vt 0.99229764938354492 0.25132614374160767
vt 0.99229764938354492 0.25529831647872925
vt 0.99229764938354492 0.25927048921585083
vt 0.99229764938354492 0.26324266195297241
vt 0.99229764938354492 0.26721483469009399
vt 0.99229764938354492 0.27118703722953796
vt 0.99229764938354492 0.27515920996665955
vt 0.99229764938354492 0.27913138270378113
vt 0.99229764938354492 0.28310355544090271
vt 0.99229764938354492 0.28707572817802429
vt 0.99229764938354492 0.29104790091514587
vt 0.99229764938354492 0.29502010345458984
vt 0.99229764938354492 0.29899224638938904
vt 0.99229764938354492 0.30296441912651062
vt 0.99229764938354492 0.30693662166595459
vt 0.99229764938354492 0.31090879440307617
vt 0.99229764938354492 0.31488096714019775
vt 0.99229764938354492 0.31885313987731934
vt 0.99229764938354492 0.32282531261444092
vt 0.99229764938354492 0.32679751515388489
vt 0.99229764938354492 0.33076965808868408
vt 0.99229764938354492 0.33474186062812805
vt 0.99229764938354492 0.33871403336524963
vt 0.99229764938354492 0.34268617630004883
vt 0.99229764938354492 0.3466583788394928
vt 0.99229764938354492 0.35063058137893677
vt 0.99229764938354492 0.35460272431373596
vt 0.99229764938354492 0.35857489705085754
vt 0.99229764938354492 0.36254709959030151
vt 0.99229764938354492 0.36651924252510071
vt 0.99229764938354492 0.37049144506454468
vt 0.99229764938354492 0.37446361780166626
vt 0.99229764938354492 0.37843579053878784
vt 0.99229764938354492 0.38240796327590942
vt 0.99229764938354492 0.38638016581535339
vt 0.99229764938354492 0.39035230875015259
vt 0.99229764938354492 0.39432451128959656
vt 0.99229764938354492 0.39829668402671814
vt 0.99229764938354492 0.40226882696151733
vt 0.99229764938354492 0.4062410295009613
vt 0.99229764938354492 0.41021320223808289
vt 0.99229764938354492 0.41418537497520447
vt 0.99229764938354492 0.41815754771232605
vt 0.99229764938354492 0.42212975025177002
vt 0.99229764938354492 0.42610189318656921
vt 0.99229764938354492 0.43007409572601318
vt 0.99229764938354492 0.43404626846313477
vt 0.99229764938354492 0.43801844120025635
vt 0.99229764938354492 0.44199061393737793
vt 0.99229764938354492 0.4459628164768219
vt 0.99229764938354492 0.44993495941162109
vt 0.99229764938354492 0.45390713214874268
vt 0.99229764938354492 0.45787933468818665
vt 0.99229764938354492 0.46185147762298584
vt 0.99229764938354492 0.46582368016242981
vt 0.99229764938354492 0.46979585289955139
vt 0.99229764938354492 0.47376802563667297
vt 0.99229764938354492 0.47774019837379456
vt 0.99229764938354492 0.48171237111091614
vt 0.99229764938354492 0.48568454384803772
vt 0.99229764938354492 0.48965674638748169
vt 0.99229764938354492 0.49362888932228088
vt 0.99229764938354492 0.49760106205940247
vt 0.99229764938354492 0.50157326459884644
vt 0.99229764938354492 0.50554543733596802
vt 0.99229764938354492 0.5095176100730896
vt 0.99229764938354492 0.51348978281021118
vt 0.99229764938354492 0.51746195554733276
vt 0.99229764938354492 0.52143412828445435
vt 0.99229764938354492 0.52540630102157593
vt 0.99229764938354492 0.52937847375869751
vt 0.99229764938354492 0.53335064649581909
vt 0.99229764938354492 0.53732287883758545
vt 0.99229764938354492 0.54129499197006226
vt 0.99229764938354492 0.54526722431182861
vt 0.99229764938354492 0.5492393970489502
vt 0.99229764938354492 0.553211510181427
vt 0.99229764938354492 0.55718374252319336
vt 0.99229764938354492 0.56115591526031494
vt 0.99229764938354492 0.56512808799743652
vt 0.99229764938354492 0.56910026073455811
vt 0.99229764938354492 0.57307243347167969
vt 0.99229764938354492 0.57704460620880127
vt 0.99229764938354492 0.58101677894592285
vt 0.99229764938354492 0.58498895168304443
vt 0.99229764938354492 0.58896112442016602
vt 0.99229764938354492 0.5929332971572876
vt 0.99229764938354492 0.59690552949905396
vt 0.99229764938354492 0.60087764263153076
vt 0.99229764938354492 0.60484981536865234
vt 0.99229764938354492 0.6088220477104187
vt 0.99229764938354492 0.61279416084289551
vt 0.99229764938354492 0.61676639318466187
vt 0.99229764938354492 0.62073856592178345
vt 0.99229764938354492 0.62471073865890503
vt 0.99052023887634277 0.62471073865890503
vt 0.99052023887634277 0.62073856592178345
vt 0.99052023887634277 0.61676639318466187
vt 0.99052023887634277 0.61279416084289551
vt 0.99052023887634277 0.6088220477104187
vt 0.99052023887634277 0.60484981536865234
vt 0.99052023887634277 0.60087764263153076
vt 0.99052023887634277 0.59690552949905396
vt 0.99052023887634277 0.5929332971572876
vt 0.99052023887634277 0.58896112442016602
vt 0.99052023887634277 0.58498895168304443
vt 0.99052023887634277 0.58101677894592285
vt 0.99052023887634277 0.57704460620880127
vt 0.99052023887634277 0.57307243347167969
vt 0.99052023887634277 0.56910026073455811
vt 0.99052023887634277 0.56512808799743652
vt 0.99052023887634277 0.56115591526031494
vt 0.99052023887634277 0.55718374252319336
vt 0.99052023887634277 0.553211510181427
vt 0.99052023887634277 0.5492393970489502
vt 0.99052023887634277 0.54526722431182861
vt 0.99052023887634277 0.54129499197006226
vt 0.99052023887634277 0.53732287883758545
vt 0.99052023887634277 0.53335064649581909
vt 0.99052023887634277 0.52937847375869751
vt 0.99052023887634277 0.52540630102157593
vt 0.99052023887634277 0.52143412828445435
vt 0.99052023887634277 0.51746195554733276
vt 0.99052023887634277 0.51348978281021118
vt 0.99052023887634277 0.5095176100730896
vt 0.99052023887634277 0.50554543733596802
vt 0.99052023887634277 0.50157326459884644
vt 0.99052023887634277 0.49760106205940247
vt 0.99052023887634277 0.49362888932228088
vt 0.99052023887634277 0.48965674638748169
vt 0.99052023887634277 0.48568454384803772
vt 0.99052023887634277 0.48171237111091614
vt 0.99052023887634277 0.47774019837379456
vt 0.99052023887634277 0.47376802563667297
vt 0.99052023887634277 0.46979585289955139
vt 0.99052023887634277 0.46582368016242981
vt 0.99052023887634277 0.46185147762298584
vt 0.99052023887634277 0.45787933468818665
vt 0.99052023887634277 0.45390713214874268
vt 0.99052023887634277 0.44993495941162109
vt 0.99052023887634277 0.4459628164768219
vt 0.99052023887634277 0.44199061393737793
vt 0.99052023887634277 0.43801844120025635
vt 0.99052023887634277 0.43404626846313477
vt 0.99052023887634277 0.43007409572601318
vt 0.99052023887634277 0.42610189318656921
vt 0.99052023887634277 0.42212975025177002
vt 0.99052023887634277 0.41815754771232605
vt 0.99052023887634277 0.41418537497520447
vt 0.99052023887634277 0.41021320223808289
vt 0.99052023887634277 0.4062410295009613
vt 0.99052023887634277 0.40226882696151733
vt 0.99052023887634277 0.39829668402671814
vt 0.99052023887634277 0.39432451128959656
vt 0.99052023887634277 0.39035230875015259
vt 0.99052023887634277 0.38638016581535339
vt 0.99052023887634277 0.38240796327590942
vt 0.99052023887634277 0.37843579053878784
vt 0.99052023887634277 0.37446361780166626
vt 0.99052023887634277 0.37049144506454468
vt 0.99052023887634277 0.36651924252510071
vt 0.99052023887634277 0.36254709959030151
vt 0.99052023887634277 0.35857489705085754
vt 0.99052023887634277 0.35460272431373596
vt 0.99052023887634277 0.35063058137893677
vt 0.99052023887634277 0.3466583788394928
vt 0.99052023887634277 0.34268617630004883
vt 0.99052023887634277 0.33871403336524963
vt 0.99052023887634277 0.33474186062812805
vt 0.99052023887634277 0.33076965808868408
vt 0.99052023887634277 0.32679751515388489
vt 0.99052023887634277 0.32282531261444092
vt 0.99052023887634277 0.31885313987731934
vt 0.99052023887634277 0.31488096714019775
vt 0.99052023887634277 0.31090879440307617
vt 0.99052023887634277 0.30693662166595459
vt 0.99052023887634277 0.30296441912651062
vt 0.99052023887634277 0.29899224638938904
vt 0.99052023887634277 0.29502010345458984
vt 0.99052023887634277 0.29104790091514587
vt 0.99052023887634277 0.28707572817802429
vt 0.99052023887634277 0.28310355544090271
vt 0.99052023887634277 0.27913138270378113
vt 0.99052023887634277 0.27515920996665955
vt 0.99052023887634277 0.27118703722953796
vt 0.99052023887634277 0.26721483469009399
vt 0.99052023887634277 0.26324266195297241
vt 0.99052023887634277 0.25927048921585083
vt 0.99052023887634277 0.25529831647872925
vt 0.99052023887634277 0.25132614374160767
vt 0.99052023887634277 0.24735397100448608
vt 0.99052023887634277 0.24338178336620331
vt 0.99052023887634277 0.23940961062908173
vt 0.99052023887634277 0.23543743789196014
vt 0.99052023887634277 0.23146526515483856
vt 0.99052023887634277 0.22749307751655579
vt 0.99052023887634277 0.2235209047794342
vt 0.99052023887634277 0.21954874694347382
vt 0.99052023887634277 0.21557655930519104
vt 0.99052023887634277 0.21160438656806946
vt 0.99052023887634277 0.20763221383094788
vt 0.99052023887634277 0.2036600261926651
vt 0.99052023887634277 0.19968785345554352
vt 0.99052023887634277 0.19571568071842194
vt 0.99052023887634277 0.19174349308013916
vt 0.99052023887634277 0.18777132034301758
vt 0.99052023887634277 0.183799147605896
vt 0.99052023887634277 0.17982695996761322
vt 0.99052023887634277 0.17585478723049164
vt 0.99052023887634277 0.17188262939453125
vt 0.99052023887634277 0.16791042685508728
vt 0.99052023887634277 0.16393826901912689
vt 0.99052023887634277 0.15996609628200531
vt 0.99052023887634277 0.15599390864372253
vt 0.99052023887634277 0.15202173590660095
vt 0.99052023887634277 0.14804954826831818
vt 0.99052023887634277 0.14407739043235779
vt 0.99052023887634277 0.14010520279407501
vt 0.99052023887634277 0.13613303005695343
vt 0.99052023887634277 0.13216085731983185
vt 0.99052023887634277 0.12818866968154907
vt 0.99052023887634277 0.12421649694442749
vt 0.99052023887634277 0.12024432420730591
vt 0.99052023887634277 0.11627214401960373
vt 0.99052023887634277 0.11229997128248215
vt 0.99052023887634277 0.10832779854536057
vt 0.99052023887634277 0.10435561835765839
vt 0.99052023887634277 0.1003834456205368
vt 0.99052023887634277 0.096411265432834625
vt 0.99052023887634277 0.092439085245132446
vt 0.99052023887634277 0.088466912508010864
vt 0.99052023887634277 0.084494732320308685
vt 0.99052023887634277 0.080522559583187103
vt 0.99052023887634277 0.076550379395484924
vt 0.99052023887634277 0.072578206658363342
vt 0.99052023887634277 0.06860603392124176
vt 0.99052023887634277 0.064633853733539581
vt 0.99052023887634277 0.060661677271127701
vt 0.99052023887634277 0.05668950080871582
vt 0.99052023887634277 0.05271732434630394
vt 0.99052023887634277 0.048745147883892059
vt 0.99052023887634277 0.044772971421480179
vt 0.99052023887634277 0.040800794959068298
vt 0.99052023887634277 0.036828618496656418
vt 0.99052023887634277 0.032856442034244537
vt 0.99052023887634277 0.028884267434477806
vt 0.99052023887634277 0.024912089109420776
vt 0.99052023887634277 0.020939912647008896
vt 0.99052023887634277 0.016967736184597015
vt 0.99052023887634277 0.012995559722185135
vt 0.99052023887634277 0.009023384191095829
vt 0.99052023887634277 0.0050512072630226612
vt 0.99140894412994385 0.0053278212435543537
vt 0.99140894412994385 0.015983462333679199
vt 0.99140894412994385 0.021311284974217415
vt 0.99140894412994385 0.02663910761475563
vt 0.99140894412994385 0.031966924667358398
vt 0.99140894412994385 0.04262256994843483
vt 0.99140894412994385 0.037294749170541763
vt 0.99140894412994385 0.047950390726327896
vt 0.99140894412994385 0.058606032282114029
vt 0.99140894412994385 0.053278215229511261
vt 0.99140894412994385 0.06926167756319046
vt 0.99140894412994385 0.063933849334716797
vt 0.99140894412994385 0.074589498341083527
vt 0.99140894412994385 0.085245139896869659
vt 0.99140894412994385 0.079917319118976593
vt 0.99140894412994385 0.095900781452655792
vt 0.99140894412994385 0.090572960674762726
vt 0.99140894412994385 0.10122860968112946
vt 0.99140894412994385 0.11188424378633499
vt 0.99140894412994385 0.10655643045902252
vt 0.99140894412994385 0.11721206456422806
vt 0.99140894412994385 0.12253988534212112
vt 0.99140894412994385 0.12786769866943359
vt 0.99140894412994385 0.13319553434848785
vt 0.99140894412994385 0.14385117590427399
vt 0.99140894412994385 0.13852335512638092
vt 0.99140894412994385 0.14917899668216705
vt 0.99140894412994385 0.15450681746006012
vt 0.99140894412994385 0.15983463823795319
vt 0.99140894412994385 0.16516244411468506
vt 0.99140894412994385 0.17049027979373932
vt 0.99140894412994385 0.18114592134952545
vt 0.99140894412994385 0.17581810057163239
vt 0.99140894412994385 0.19180156290531158
vt 0.99140894412994385 0.18647374212741852
vt 0.99140894412994385 0.19712938368320465
vt 0.99140894412994385 0.20778502523899078
vt 0.99140894412994385 0.20245721936225891
vt 0.99140894412994385 0.21311286091804504
vt 0.99140894412994385 0.21844066679477692
vt 0.99140894412994385 0.22909632325172424
vt 0.99140894412994385 0.22376848757266998
vt 0.99140894412994385 0.23442412912845612
vt 0.99140894412994385 0.23975196480751038
vt 0.99140894412994385 0.24507977068424225
vt 0.99140894412994385 0.25040760636329651
vt 0.99140894412994385 0.26106324791908264
vt 0.99140894412994385 0.25573539733886719
vt 0.99140894412994385 0.26639106869697571
vt 0.99140894412994385 0.27704671025276184
vt 0.99140894412994385 0.27171888947486877
vt 0.99140894412994385 0.28237450122833252
vt 0.99140894412994385 0.29303017258644104
vt 0.99140894412994385 0.28770235180854797
vt 0.99140894412994385 0.30368581414222717
vt 0.99140894412994385 0.29835799336433411
vt 0.99140894412994385 0.30901363492012024
vt 0.99140894412994385 0.31434145569801331
vt 0.99140894412994385 0.31966927647590637
vt 0.99140894412994385 0.32499709725379944
vt 0.99140894412994385 0.33565273880958557
vt 0.99140894412994385 0.33032488822937012
vt 0.99140894412994385 0.3463083803653717
vt 0.99140894412994385 0.34098055958747864
vt 0.99140894412994385 0.35163620114326477
vt 0.99140894412994385 0.35696402192115784
vt 0.99140894412994385 0.36761966347694397
vt 0.99140894412994385 0.3622918426990509
vt 0.99140894412994385 0.37294748425483704
vt 0.99140894412994385 0.37827533483505249
vt 0.99140894412994385 0.38360312581062317
vt 0.99140894412994385 0.3942587673664093
vt 0.99140894412994385 0.38893094658851624
vt 0.99140894412994385 0.39958658814430237
vt 0.99140894412994385 0.40491443872451782
vt 0.99140894412994385 0.41557005047798157
vt 0.99140894412994385 0.4102422297000885
vt 0.99140894412994385 0.42089787125587463
vt 0.99140894412994385 0.43155354261398315
vt 0.99140894412994385 0.42622572183609009
vt 0.99140894412994385 0.43688133358955383
vt 0.99140894412994385 0.4422091543674469
vt 0.99140894412994385 0.44753697514533997
vt 0.99140894412994385 0.45819264650344849
vt 0.99140894412994385 0.45286482572555542
vt 0.99140894412994385 0.46352043747901917
vt 0.99140894412994385 0.46884825825691223
vt 0.99140894412994385 0.4741760790348053
vt 0.99140894412994385 0.47950392961502075
vt 0.99140894412994385 0.48483172059059143
vt 0.99140894412994385 0.49548736214637756
vt 0.99140894412994385 0.4901595413684845
vt 0.99140894412994385 0.50614303350448608
vt 0.99140894412994385 0.50081521272659302
vt 0.99140894412994385 0.51147079467773438
vt 0.99140894412994385 0.52212649583816528
vt 0.99140894412994385 0.51679867506027222
vt 0.99140894412994385 0.53278213739395142
vt 0.99140894412994385 0.52745431661605835
vt 0.99140894412994385 0.53810989856719971
vt 0.99140894412994385 0.54876559972763062
vt 0.99140894412994385 0.54343777894973755
vt 0.99140894412994385 0.55409342050552368
vt 0.99140894412994385 0.55942124128341675
vt 0.99140894412994385 0.56474900245666504
vt 0.99140894412994385 0.57007688283920288
vt 0.99140894412994385 0.57540470361709595
vt 0.99140894412994385 0.58073252439498901
vt 0.99140894412994385 0.58606034517288208
vt 0.99140894412994385 0.59671598672866821
vt 0.99140894412994385 0.59138816595077515
vt 0.99140894412994385 0.60204380750656128
vt 0.99140894412994385 0.60737162828445435
vt 0.99140894412994385 0.61802726984024048
vt 0.99140894412994385 0.61269944906234741
vt 0.99140894412994385 0.62335509061813354
vt 0 0.013502995483577251
vt 0 0.015280455350875854
vt 0.62760376930236816 0.013502995483577251
vt 0.62760376930236816 0.015280455350875854
vt 0.0039721755310893059 0.013502995483577251
vt 0.0079443510621786118 0.013502995483577251
vt 0.011916527524590492 0.013502995483577251
vt 0.015888702124357224 0.013502995483577251
vt 0.019860878586769104 0.013502995483577251
vt 0.023833055049180984 0.013502995483577251
vt 0.027805229648947716 0.013502995483577251
vt 0.031777404248714447 0.013502995483577251
vt 0.035749580711126328 0.013502995483577251
vt 0.039721757173538208 0.013502995483577251
vt 0.04369392991065979 0.013502995483577251
vt 0.047666110098361969 0.013502995483577251
vt 0.051638282835483551 0.013502995483577251
vt 0.055610459297895432 0.013502995483577251
vt 0.059582632035017014 0.013502995483577251
vt 0.063554808497428894 0.013502995483577251
vt 0.067526981234550476 0.013502995483577251
vt 0.071499161422252655 0.013502995483577251
vt 0.075471341609954834 0.013502995483577251
vt 0.079443514347076416 0.013502995483577251
vt 0.083415687084197998 0.013502995483577251
vt 0.08738785982131958 0.013502995483577251
vt 0.091360040009021759 0.013502995483577251
vt 0.095332220196723938 0.013502995483577251
vt 0.099304385483264923 0.013502995483577251
vt 0.1032765656709671 0.013502995483577251
vt 0.10724874585866928 0.013502995483577251
vt 0.11122091859579086 0.013502995483577251
vt 0.11519309878349304 0.013502995483577251
vt 0.11916526407003403 0.013502995483577251
vt 0.12313744425773621 0.013502995483577251
vt 0.12710961699485779 0.013502995483577251
vt 0.13108180463314056 0.013502995483577251
vt 0.13505396246910095 0.013502995483577251
vt 0.13902615010738373 0.013502995483577251
vt 0.14299832284450531 0.013502995483577251
vt 0.14697049558162689 0.013502995483577251
vt 0.15094268321990967 0.013502995483577251
vt 0.15491484105587006 0.013502995483577251
vt 0.15888702869415283 0.013502995483577251
vt 0.16285918653011322 0.013502995483577251
vt 0.166831374168396 0.013502995483577251
vt 0.17080354690551758 0.013502995483577251
vt 0.17477571964263916 0.013502995483577251
vt 0.17874790728092194 0.013502995483577251
vt 0.18272008001804352 0.013502995483577251
vt 0.1866922527551651 0.013502995483577251
vt 0.19066444039344788 0.013502995483577251
vt 0.19463661313056946 0.013502995483577251
vt 0.19860877096652985 0.013502995483577251
vt 0.20258095860481262 0.013502995483577251
vt 0.2065531313419342 0.013502995483577251
vt 0.21052530407905579 0.013502995483577251
vt 0.21449749171733856 0.013502995483577251
vt 0.21846966445446014 0.013502995483577251
vt 0.22244183719158173 0.013502995483577251
vt 0.2264140248298645 0.013502995483577251
vt 0.23038619756698608 0.013502995483577251
vt 0.23435835540294647 0.013502995483577251
vt 0.23833052814006805 0.013502995483577251
vt 0.24230271577835083 0.013502995483577251
vt 0.24627488851547241 0.013502995483577251
vt 0.25024706125259399 0.013502995483577251
vt 0.25421923398971558 0.013502995483577251
vt 0.25819140672683716 0.013502995483577251
vt 0.26216360926628113 0.013502995483577251
vt 0.26613578200340271 0.013502995483577251
vt 0.2701079249382019 0.013502995483577251
vt 0.27408012747764587 0.013502995483577251
vt 0.27805230021476746 0.013502995483577251
vt 0.28202447295188904 0.013502995483577251
vt 0.28599664568901062 0.013502995483577251
vt 0.2899688184261322 0.013502995483577251
vt 0.29394099116325378 0.013502995483577251
vt 0.29791319370269775 0.013502995483577251
vt 0.30188536643981934 0.013502995483577251
vt 0.30585750937461853 0.013502995483577251
vt 0.30982968211174011 0.013502995483577251
vt 0.31380188465118408 0.013502995483577251
vt 0.31777405738830566 0.013502995483577251
vt 0.32174623012542725 0.013502995483577251
vt 0.32571837306022644 0.013502995483577251
vt 0.32969057559967041 0.013502995483577251
vt 0.33366274833679199 0.013502995483577251
vt 0.33763495087623596 0.013502995483577251
vt 0.34160709381103516 0.013502995483577251
vt 0.34557929635047913 0.013502995483577251
vt 0.34955143928527832 0.013502995483577251
vt 0.35352364182472229 0.013502995483577251
vt 0.35749581456184387 0.013502995483577251
vt 0.36146795749664307 0.013502995483577251
vt 0.36544016003608704 0.013502995483577251
vt 0.36941233277320862 0.013502995483577251
vt 0.3733845055103302 0.013502995483577251
vt 0.37735667824745178 0.013502995483577251
vt 0.38132888078689575 0.013502995483577251
vt 0.38530102372169495 0.013502995483577251
vt 0.38927322626113892 0.013502995483577251
vt 0.3932453989982605 0.013502995483577251
vt 0.39721754193305969 0.013502995483577251
vt 0.40118974447250366 0.013502995483577251
vt 0.40516191720962524 0.013502995483577251
vt 0.40913408994674683 0.013502995483577251
vt 0.41310626268386841 0.013502995483577251
vt 0.41707846522331238 0.013502995483577251
vt 0.42105060815811157 0.013502995483577251
vt 0.42502281069755554 0.013502995483577251
vt 0.42899498343467712 0.013502995483577251
vt 0.43296712636947632 0.013502995483577251
vt 0.43693932890892029 0.013502995483577251
vt 0.44091147184371948 0.013502995483577251
vt 0.44488367438316345 0.013502995483577251
vt 0.44885584712028503 0.013502995483577251
vt 0.452828049659729 0.013502995483577251
vt 0.4568001925945282 0.013502995483577251
vt 0.46077239513397217 0.013502995483577251
vt 0.46474453806877136 0.013502995483577251
vt 0.46871671080589294 0.013502995483577251
vt 0.47268891334533691 0.013502995483577251
vt 0.47666105628013611 0.013502995483577251
vt 0.48063325881958008 0.013502995483577251
vt 0.48460543155670166 0.013502995483577251
vt 0.48857760429382324 0.013502995483577251
vt 0.49254977703094482 0.013502995483577251
vt 0.49652197957038879 0.013502995483577251
vt 0.50049412250518799 0.013502995483577251
vt 0.50446629524230957 0.013502995483577251
vt 0.50843846797943115 0.013502995483577251
vt 0.51241064071655273 0.013502995483577251
vt 0.51638281345367432 0.013502995483577251
vt 0.5203549861907959 0.013502995483577251
vt 0.52432721853256226 0.013502995483577251
vt 0.52829933166503906 0.013502995483577251
vt 0.53227156400680542 0.013502995483577251
vt 0.536243736743927 0.013502995483577251
vt 0.54021584987640381 0.013502995483577251
vt 0.54418808221817017 0.013502995483577251
vt 0.54816025495529175 0.013502995483577251
vt 0.55213242769241333 0.013502995483577251
vt 0.55610460042953491 0.013502995483577251
vt 0.56007677316665649 0.013502995483577251
vt 0.56404894590377808 0.013502995483577251
vt 0.56802111864089966 0.013502995483577251
vt 0.57199329137802124 0.013502995483577251
vt 0.57596546411514282 0.013502995483577251
vt 0.5799376368522644 0.013502995483577251
vt 0.58390980958938599 0.013502995483577251
vt 0.58788198232650757 0.013502995483577251
vt 0.59185415506362915 0.013502995483577251
vt 0.59582638740539551 0.013502995483577251
vt 0.59979850053787231 0.013502995483577251
vt 0.60377073287963867 0.013502995483577251
vt 0.60774284601211548 0.013502995483577251
vt 0.61171501874923706 0.013502995483577251
vt 0.61568725109100342 0.013502995483577251
vt 0.61965936422348022 0.013502995483577251
vt 0.62363159656524658 0.013502995483577251
vt 0.62363159656524658 0.015280455350875854
vt 0.61965936422348022 0.015280455350875854
vt 0.61568725109100342 0.015280455350875854
vt 0.61171501874923706 0.015280455350875854
vt 0.60774284601211548 0.015280455350875854
vt 0.60377073287963867 0.015280455350875854
vt 0.59979850053787231 0.015280455350875854
vt 0.59582638740539551 0.015280455350875854
vt 0.59185415506362915 0.015280455350875854
vt 0.58788198232650757 0.015280455350875854
vt 0.58390980958938599 0.015280455350875854
vt 0.5799376368522644 0.015280455350875854
vt 0.57596546411514282 0.015280455350875854
vt 0.57199329137802124 0.015280455350875854
vt 0.56802111864089966 0.015280455350875854
vt 0.56404894590377808 0.015280455350875854
vt 0.56007677316665649 0.015280455350875854
vt 0.55610460042953491 0.015280455350875854
vt 0.55213242769241333 0.015280455350875854
vt 0.54816025495529175 0.015280455350875854
vt 0.54418808221817017 0.015280455350875854
vt 0.54021584987640381 0.015280455350875854
vt 0.536243736743927 0.015280455350875854
vt 0.53227156400680542 0.015280455350875854
vt 0.52829933166503906 0.015280455350875854
vt 0.52432721853256226 0.015280455350875854
vt 0.5203549861907959 0.015280455350875854
vt 0.51638281345367432 0.015280455350875854
vt 0.51241064071655273 0.015280455350875854
vt 0.50843846797943115 0.015280455350875854
vt 0.50446629524230957 0.015280455350875854
vt 0.50049412250518799 0.015280455350875854
vt 0.49652197957038879 0.015280455350875854
vt 0.49254977703094482 0.015280455350875854
vt 0.48857760429382324 0.015280455350875854
vt 0.48460543155670166 0.015280455350875854
vt 0.48063325881958008 0.015280455350875854
vt 0.47666105628013611 0.015280455350875854
vt 0.47268891334533691 0.015280455350875854
vt 0.46871671080589294 0.015280455350875854
vt 0.46474453806877136 0.015280455350875854
vt 0.46077239513397217 0.015280455350875854
vt 0.4568001925945282 0.015280455350875854
vt 0.452828049659729 0.015280455350875854
vt 0.44885584712028503 0.015280455350875854
vt 0.44488367438316345 0.015280455350875854
vt 0.44091147184371948 0.015280455350875854
vt 0.43693932890892029 0.015280455350875854
vt 0.43296712636947632 0.015280455350875854
vt 0.42899498343467712 0.015280455350875854
vt 0.42502281069755554 0.015280455350875854
vt 0.42105060815811157 0.015280455350875854
vt 0.41707846522331238 0.015280455350875854
vt 0.41310626268386841 0.015280455350875854
vt 0.40913408994674683 0.015280455350875854
vt 0.40516191720962524 0.015280455350875854
vt 0.40118974447250366 0.015280455350875854
vt 0.39721754193305969 0.015280455350875854
vt 0.3932453989982605 0.015280455350875854
vt 0.38927322626113892 0.015280455350875854
vt 0.38530102372169495 0.015280455350875854
vt 0.38132888078689575 0.015280455350875854
vt 0.37735667824745178 0.015280455350875854
vt 0.3733845055103302 0.015280455350875854
vt 0.36941233277320862 0.015280455350875854
vt 0.36544016003608704 0.015280455350875854
vt 0.36146795749664307 0.015280455350875854
vt 0.35749581456184387 0.015280455350875854
vt 0.35352364182472229 0.015280455350875854
vt 0.34955143928527832 0.015280455350875854
vt 0.34557929635047913 0.015280455350875854
vt 0.34160709381103516 0.015280455350875854
vt 0.33763495087623596 0.015280455350875854
vt 0.33366274833679199 0.015280455350875854
vt 0.32969057559967041 0.015280455350875854
vt 0.32571837306022644 0.015280455350875854
vt 0.32174623012542725 0.015280455350875854
vt 0.31777405738830566 0.015280455350875854
vt 0.31380188465118408 0.015280455350875854
vt 0.30982968211174011 0.015280455350875854
vt 0.30585750937461853 0.015280455350875854
vt 0.30188536643981934 0.015280455350875854
vt 0.29791319370269775 0.015280455350875854
vt 0.29394099116325378 0.015280455350875854
vt 0.2899688184261322 0.015280455350875854
vt 0.28599664568901062 0.015280455350875854
vt 0.28202447295188904 0.015280455350875854
vt 0.27805230021476746 0.015280455350875854
vt 0.27408012747764587 0.015280455350875854
vt 0.2701079249382019 0.015280455350875854
vt 0.26613578200340271 0.015280455350875854
vt 0.26216360926628113 0.015280455350875854
vt 0.25819140672683716 0.015280455350875854
vt 0.25421923398971558 0.015280455350875854
vt 0.25024706125259399 0.015280455350875854
vt 0.24627488851547241 0.015280455350875854
vt 0.24230271577835083 0.015280455350875854
vt 0.23833052814006805 0.015280455350875854
vt 0.23435835540294647 0.015280455350875854
vt 0.23038619756698608 0.015280455350875854
vt 0.2264140248298645 0.015280455350875854
vt 0.22244183719158173 0.015280455350875854
vt 0.21846966445446014 0.015280455350875854
vt 0.21449749171733856 0.015280455350875854
vt 0.21052530407905579 0.015280455350875854
vt 0.2065531313419342 0.015280455350875854
vt 0.20258095860481262 0.015280455350875854
vt 0.19860877096652985 0.015280455350875854
vt 0.19463661313056946 0.015280455350875854
vt 0.19066444039344788 0.015280455350875854
vt 0.1866922527551651 0.015280455350875854
vt 0.18272008001804352 0.015280455350875854
vt 0.17874790728092194 0.015280455350875854
vt 0.17477571964263916 0.015280455350875854
vt 0.17080354690551758 0.015280455350875854
vt 0.166831374168396 0.015280455350875854
vt 0.16285918653011322 0.015280455350875854
vt 0.15888702869415283 0.015280455350875854
vt 0.15491484105587006 0.015280455350875854
vt 0.15094268321990967 0.015280455350875854
vt 0.14697049558162689 0.015280455350875854
vt 0.14299832284450531 0.015280455350875854
vt 0.13902615010738373 0.015280455350875854
vt 0.13505396246910095 0.015280455350875854
vt 0.13108180463314056 0.015280455350875854
vt 0.12710961699485779 0.015280455350875854
vt 0.12313744425773621 0.015280455350875854
vt 0.11916526407003403 0.015280455350875854
vt 0.11519309878349304 0.015280455350875854
vt 0.11122091859579086 0.015280455350875854
vt 0.10724874585866928 0.015280455350875854
vt 0.1032765656709671 0.015280455350875854
vt 0.099304385483264923 0.015280455350875854
vt 0.095332220196723938 0.015280455350875854
vt 0.091360040009021759 0.015280455350875854
vt 0.08738785982131958 0.015280455350875854
vt 0.083415687084197998 0.015280455350875854
vt 0.079443514347076416 0.015280455350875854
vt 0.075471341609954834 0.015280455350875854
vt 0.071499161422252655 0.015280455350875854
vt 0.067526981234550476 0.015280455350875854
vt 0.063554808497428894 0.015280455350875854
vt 0.059582632035017014 0.015280455350875854
vt 0.055610459297895432 0.015280455350875854
vt 0.051638282835483551 0.015280455350875854
vt 0.047666110098361969 0.015280455350875854
vt 0.04369392991065979 0.015280455350875854
vt 0.039721757173538208 0.015280455350875854
vt 0.035749580711126328 0.015280455350875854
vt 0.031777404248714447 0.015280455350875854
vt 0.027805229648947716 0.015280455350875854
vt 0.023833055049180984 0.015280455350875854
vt 0.019860878586769104 0.015280455350875854
vt 0.015888702124357224 0.015280455350875854
vt 0.011916527524590492 0.015280455350875854
vt 0.0079443510621786118 0.015280455350875854
vt 0.0039721755310893059 0.015280455350875854
vt 0.0053207539021968842 0.014391724951565266
vt 0.015962259843945503 0.014391724951565266
vt 0.021283015608787537 0.014391724951565266
vt 0.026603769510984421 0.014391724951565266
vt 0.031924519687891006 0.014391724951565266
vt 0.037245273590087891 0.014391724951565266
vt 0.047886781394481659 0.014391724951565266
vt 0.042566031217575073 0.014391724951565266
vt 0.053207539021968842 0.014391724951565266
vt 0.058528289198875427 0.014391724951565266
vt 0.069169797003269196 0.014391724951565266
vt 0.063849039375782013 0.014391724951565266
vt 0.074490547180175781 0.014391724951565266
vt 0.085132062435150146 0.014391724951565266
vt 0.079811304807662964 0.014391724951565266
vt 0.095773562788963318 0.014391724951565266
vt 0.090452812612056732 0.014391724951565266
vt 0.1010943278670311 0.014391724951565266
vt 0.11173582822084427 0.014391724951565266
vt 0.10641507804393768 0.014391724951565266
vt 0.11705657839775085 0.014391724951565266
vt 0.12237733602523804 0.014391724951565266
vt 0.12769807875156403 0.014391724951565266
vt 0.1330188512802124 0.014391724951565266
vt 0.14366035163402557 0.014391724951565266
vt 0.13833959400653839 0.014391724951565266
vt 0.15430185198783875 0.014391724951565266
vt 0.14898109436035156 0.014391724951565266
vt 0.15962260961532593 0.014391724951565266
vt 0.17026412487030029 0.014391724951565266
vt 0.16494335234165192 0.014391724951565266
vt 0.17558488249778748 0.014391724951565266
vt 0.18090562522411346 0.014391724951565266
vt 0.19154712557792664 0.014391724951565266
vt 0.18622638285160065 0.014391724951565266
vt 0.19686788320541382 0.014391724951565266
vt 0.20750939846038818 0.014391724951565266
vt 0.20218865573406219 0.014391724951565266
vt 0.21815089881420135 0.014391724951565266
vt 0.21283015608787537 0.014391724951565266
vt 0.22347165644168854 0.014391724951565266
vt 0.23411315679550171 0.014391724951565266
vt 0.22879241406917572 0.014391724951565266
vt 0.23943392932415009 0.014391724951565266
vt 0.24475467205047607 0.014391724951565266
vt 0.25007542967796326 0.014391724951565266
vt 0.25539615750312805 0.014391724951565266
vt 0.26071694493293762 0.014391724951565266
vt 0.2660377025604248 0.014391724951565266
vt 0.2713584303855896 0.014391724951565266
vt 0.28199994564056396 0.014391724951565266
vt 0.27667918801307678 0.014391724951565266
vt 0.28732070326805115 0.014391724951565266
vt 0.29264146089553833 0.014391724951565266
vt 0.3032829761505127 0.014391724951565266
vt 0.29796218872070313 0.014391724951565266
vt 0.30860370397567749 0.014391724951565266
vt 0.31392446160316467 0.014391724951565266
vt 0.31924521923065186 0.014391724951565266
vt 0.32456597685813904 0.014391724951565266
vt 0.33520746231079102 0.014391724951565266
vt 0.32988670468330383 0.014391724951565266
vt 0.34584900736808777 0.014391724951565266
vt 0.34052824974060059 0.014391724951565266
vt 0.35116976499557495 0.014391724951565266
vt 0.35649049282073975 0.014391724951565266
vt 0.36713200807571411 0.014391724951565266
vt 0.36181125044822693 0.014391724951565266
vt 0.37245276570320129 0.014391724951565266
vt 0.37777352333068848 0.014391724951565266
vt 0.38309425115585327 0.014391724951565266
vt 0.39373576641082764 0.014391724951565266
vt 0.38841500878334045 0.014391724951565266
vt 0.39905652403831482 0.014391724951565266
vt 0.40437731146812439 0.014391724951565266
vt 0.41501879692077637 0.014391724951565266
vt 0.4096980094909668 0.014391724951565266
vt 0.42033955454826355 0.014391724951565266
vt 0.43098106980323792 0.014391724951565266
vt 0.42566031217575073 0.014391724951565266
vt 0.43630179762840271 0.014391724951565266
vt 0.44162255525588989 0.014391724951565266
vt 0.45226407051086426 0.014391724951565266
vt 0.44694331288337708 0.014391724951565266
vt 0.45758482813835144 0.014391724951565266
vt 0.46290555596351624 0.014391724951565266
vt 0.46822631359100342 0.014391724951565266
vt 0.4735470712184906 0.014391724951565266
vt 0.47886785864830017 0.014391724951565266
vt 0.48950934410095215 0.014391724951565266
vt 0.48418855667114258 0.014391724951565266
vt 0.50015085935592651 0.014391724951565266
vt 0.49483010172843933 0.014391724951565266
vt 0.50547158718109131 0.014391724951565266
vt 0.51611310243606567 0.014391724951565266
vt 0.5107923150062561 0.014391724951565266
vt 0.52143388986587524 0.014391724951565266
vt 0.52675461769104004 0.014391724951565266
vt 0.5373961329460144 0.014391724951565266
vt 0.53207540512084961 0.014391724951565266
vt 0.5427168607711792 0.014391724951565266
vt 0.54803764820098877 0.014391724951565266
vt 0.55335837602615356 0.014391724951565266
vt 0.55867916345596313 0.014391724951565266
vt 0.56932061910629272 0.014391724951565266
vt 0.56399989128112793 0.014391724951565266
vt 0.57464140653610229 0.014391724951565266
vt 0.57996213436126709 0.014391724951565266
vt 0.58528292179107666 0.014391724951565266
vt 0.59592437744140625 0.014391724951565266
vt 0.59060364961624146 0.014391724951565266
vt 0.60124516487121582 0.014391724951565266
vt 0.60656595230102539 0.014391724951565266
vt 0.61720740795135498 0.014391724951565266
vt 0.61188668012619019 0.014391724951565266
vt 0.62252819538116455 0.014391724951565266
vt 0.49526011943817139 0.015280455350875854
vt 0.98905521631240845 0.64141952991485596
vt 0.98121792078018188 0.64141952991485596
vt 0.97338056564331055 0.64141952991485596
vt 0.96554327011108398 0.64141952991485596
vt 0.95770597457885742 0.64141952991485596
vt 0.94986867904663086 0.64141952991485596
vt 0.9420313835144043 0.64141952991485596
vt 0.93419402837753296 0.64141952991485596
vt 0.9263567328453064 0.64141952991485596
vt 0.91851943731307983 0.64141952991485596
vt 0.91068214178085327 0.64141952991485596
vt 0.90284484624862671 0.64141952991485596
vt 0.89500749111175537 0.64141952991485596
vt 0.88717019557952881 0.64141952991485596
vt 0.87933290004730225 0.64141952991485596
vt 0.87149560451507568 0.64141952991485596
vt 0.86365830898284912 0.64141952991485596
vt 0.85582101345062256 0.64141952991485596
vt 0.84798365831375122 0.64141952991485596
vt 0.84014636278152466 0.64141952991485596
vt 0.8323090672492981 0.64141952991485596
vt 0.82447177171707153 0.64141952991485596
vt 0.81663447618484497 0.64141952991485596
vt 0.80879712104797363 0.64141952991485596
vt 0.80095982551574707 0.64141952991485596
vt 0.79312252998352051 0.64141952991485596
vt 0.78528523445129395 0.64141952991485596
vt 0.77744793891906738 0.64141952991485596
vt 0.76961058378219604 0.64141952991485596
vt 0.76177328824996948 0.64141952991485596
vt 0.75393599271774292 0.64141952991485596
vt 0.74609869718551636 0.64141952991485596
vt 0.73826140165328979 0.64141952991485596
vt 0.73042404651641846 0.64141952991485596
vt 0.72258675098419189 0.64141952991485596
vt 0.71474945545196533 0.64141952991485596
vt 0.70691215991973877 0.64141952991485596
vt 0.69907486438751221 0.64141952991485596
vt 0.69123756885528564 0.64141952991485596
vt 0.68340021371841431 0.64141952991485596
vt 0.67556291818618774 0.64141947031021118
vt 0.66772562265396118 0.64141947031021118
vt 0.65988832712173462 0.64141947031021118
vt 0.65205103158950806 0.64141947031021118
vt 0.64421367645263672 0.64141947031021118
vt 0.63637638092041016 0.64141947031021118
vt 0.62853908538818359 0.64141947031021118
vt 0.62070178985595703 0.64141947031021118
vt 0.61286443471908569 0.64141947031021118
vt 0.60502713918685913 0.64141947031021118
vt 0.59718984365463257 0.64141947031021118
vt 0.58935254812240601 0.64141947031021118
vt 0.58151525259017944 0.64141947031021118
vt 0.57367795705795288 0.64141947031021118
vt 0.56584060192108154 0.64141947031021118
vt 0.55800330638885498 0.64141947031021118
vt 0.55016601085662842 0.64141947031021118
vt 0.54232871532440186 0.64141947031021118
vt 0.53449141979217529 0.64141947031021118
vt 0.52665406465530396 0.64141947031021118
vt 0.51881676912307739 0.64141947031021118
vt 0.51097947359085083 0.64141947031021118
vt 0.50314217805862427 0.64141947031021118
vt 0.49530485272407532 0.64141947031021118
vt 0.74215775728225708 0.32834997773170471
vt 0.74215775728225708 0.48488473892211914
vt 0.86560654640197754 0.32834997773170471
vt 0.86560654640197754 0.48488473892211914
vt 0.86560654640197754 0.56315213441848755
vt 0.92733097076416016 0.48488473892211914
vt 0.92733097076416016 0.56315213441848755
vt 0.92733097076416016 0.60228580236434937
vt 0.95819318294525146 0.56315213441848755
vt 0.95819318294525146 0.60228580236434937
vt 0.95819318294525146 0.62185269594192505
vt 0.97362428903579712 0.60228580236434937
vt 0.97362428903579712 0.62185269594192505
vt 0.92733097076416016 0.62185269594192505
vt 0.94276207685470581 0.60228580236434937
vt 0.94276207685470581 0.62185269594192505
vt 0.86560654640197754 0.60228580236434937
vt 0.89646875858306885 0.56315213441848755
vt 0.89646875858306885 0.60228580236434937
vt 0.74215775728225708 0.56315213441848755
vt 0.80388212203979492 0.48488473892211914
vt 0.80388212203979492 0.56315213441848755
vt 0.61870890855789185 0.32834997773170471
vt 0.61870890855789185 0.48488473892211914
vt 0.89646875858306885 0.62185269594192505
vt 0.9118998646736145 0.60228580236434937
vt 0.9118998646736145 0.62185269594192505
vt 0.86560654640197754 0.62185269594192505
vt 0.88103765249252319 0.60228580236434937
vt 0.88103765249252319 0.62185269594192505
vt 0.80388212203979492 0.60228580236434937
vt 0.83474433422088623 0.56315213441848755
vt 0.83474433422088623 0.60228580236434937
vt 0.83474433422088623 0.62185269594192505
vt 0.85017544031143188 0.60228580236434937
vt 0.85017544031143188 0.62185269594192505
vt 0.80388212203979492 0.62185269594192505
vt 0.81931322813034058 0.60228580236434937
vt 0.81931322813034058 0.62185269594192505
vt 0.74215775728225708 0.60228580236434937
vt 0.77301996946334839 0.56315213441848755
vt 0.77301996946334839 0.60228580236434937
vt 0.61870890855789185 0.56315213441848755
vt 0.68043333292007446 0.48488473892211914
vt 0.68043333292007446 0.56315213441848755
vt 0.77301996946334839 0.62185269594192505
vt 0.78845101594924927 0.60228580236434937
vt 0.78845101594924927 0.62185269594192505
vt 0.74215775728225708 0.62185269594192505
vt 0.75758886337280273 0.60228580236434937
vt 0.75758886337280273 0.62185269594192505
vt 0.68043333292007446 0.60228580236434937
vt 0.71129554510116577 0.56315213441848755
vt 0.71129554510116577 0.60228580236434937
vt 0.71129554510116577 0.62185269594192505
vt 0.72672665119171143 0.60228580236434937
vt 0.72672665119171143 0.62185269594192505
vt 0.68043333292007446 0.62185269594192505
vt 0.69586443901062012 0.60228580236434937
vt 0.69586443901062012 0.62185269594192505
vt 0.61870890855789185 0.60228580236434937
vt 0.64957112073898315 0.56315213441848755
vt 0.64957112073898315 0.60228580236434937
vt 0.55698448419570923 0.48488473892211914
vt 0.55698448419570923 0.56315213441848755
vt 0.64957112073898315 0.62185269594192505
vt 0.66500222682952881 0.60228580236434937
vt 0.66500222682952881 0.62185269594192505
vt 0.61870890855789185 0.62185269594192505
vt 0.6341400146484375 0.60228580236434937
vt 0.6341400146484375 0.62185269594192505
vt 0.55698448419570923 0.60228580236434937
vt 0.58784669637680054 0.56315213441848755
vt 0.58784669637680054 0.60228580236434937
vt 0.58784669637680054 0.62185269594192505
vt 0.60327780246734619 0.60228580236434937
vt 0.60327780246734619 0.62185269594192505
vt 0.55698448419570923 0.62185269594192505
vt 0.57241559028625488 0.60228580236434937
vt 0.57241559028625488 0.62185269594192505
vt 0.5261223316192627 0.56315213441848755
vt 0.5261223316192627 0.60228580236434937
vt 0.5261223316192627 0.62185269594192505
vt 0.54155343770980835 0.60228580236434937
vt 0.54155343770980835 0.62185269594192505
vt 0.51069122552871704 0.60228580236434937
vt 0.51069122552871704 0.62185269594192505
vt 0.49921047687530518 0.015280455350875854
vt 0.50316083431243896 0.015280455350875854
vt 0.50711119174957275 0.015280455350875854
vt 0.51106154918670654 0.015280455350875854
vt 0.51501190662384033 0.015280455350875854
vt 0.51896226406097412 0.015280455350875854
vt 0.52291262149810791 0.015280455350875854
vt 0.5268629789352417 0.015280464664101601
vt 0.53081333637237549 0.01528046652674675
vt 0.53476375341415405 0.015280467458069324
vt 0.53871411085128784 0.015280468389391899
vt 0.54266446828842163 0.015280469320714474
vt 0.54661482572555542 0.015280471183359623
vt 0.55056518316268921 0.015280472114682198
vt 0.554515540599823 0.015280473046004772
vt 0.55846589803695679 0.015280474908649921
vt 0.56241625547409058 0.015280475839972496
vt 0.56636661291122437 0.015280476771295071
vt 0.57031697034835815 0.015280477702617645
vt 0.57426732778549194 0.015280479565262794
vt 0.57821768522262573 0.015280480496585369
vt 0.58216804265975952 0.015280481427907944
vt 0.58611845970153809 0.015280482359230518
vt 0.59006881713867188 0.015280484221875668
vt 0.59401917457580566 0.015280485153198242
vt 0.59796953201293945 0.015280486084520817
vt 0.60191988945007324 0.015280487015843391
vt 0.60587024688720703 0.015280488878488541
vt 0.60982060432434082 0.015280489809811115
vt 0.61377096176147461 0.01528049074113369
vt 0.6177213191986084 0.015280491672456264
vt 0.62167167663574219 0.015280493535101414
vt 0.62562203407287598 0.015280494466423988
vt 0.62957245111465454 0.015280495397746563
vt 0.63352280855178833 0.015280497260391712
vt 0.63747310638427734 0.015280498191714287
vt 0.64142352342605591 0.015280499123036861
vt 0.6453738808631897 0.015280500054359436
vt 0.64932423830032349 0.015280501917004585
vt 0.65327459573745728 0.01528050284832716
vt 0.65722495317459106 0.015280503779649734
vt 0.66117531061172485 0.015280504710972309
vt 0.66512566804885864 0.015280506573617458
vt 0.66907602548599243 0.015280507504940033
vt 0.67302638292312622 0.015280508436262608
vt 0.67697674036026001 0.015280509367585182
vt 0.6809270977973938 0.015280511230230331
vt 0.68487751483917236 0.015280512161552906
vt 0.68882787227630615 0.015280513092875481
vt 0.69277822971343994 0.01528051495552063
vt 0.69672858715057373 0.015280515886843204
vt 0.70067894458770752 0.015280516818165779
vt 0.70462930202484131 0.015280517749488354
vt 0.7085796594619751 0.015280519612133503
vt 0.71253001689910889 0.015280520543456078
vt 0.71648037433624268 0.015280521474778652
vt 0.72043073177337646 0.015280522406101227
vt 0.72438108921051025 0.015280524268746376
vt 0.72833144664764404 0.015280525200068951
vt 0.73228180408477783 0.015280526131391525
vt 0.7362322211265564 0.0152805270627141
vt 0.74018257856369019 0.015280528925359249
vt 0.74413293600082397 0.015280529856681824
vt 0.74808329343795776 0.015280530788004398
vt 0.75203365087509155 0.015280531719326973
vt 0.75598400831222534 0.015280533581972122
vt 0.75993436574935913 0.015280534513294697
vt 0.76388472318649292 0.015280535444617271
vt 0.76783508062362671 0.015280537307262421
vt 0.7717854380607605 0.015280538238584995
vt 0.77573579549789429 0.01528053916990757
vt 0.77968615293502808 0.015280540101230145
vt 0.78363651037216187 0.015280541963875294
vt 0.78758692741394043 0.015280542895197868
vt 0.79153728485107422 0.015280543826520443
vt 0.79548764228820801 0.015280544757843018
vt 0.7994379997253418 0.015280546620488167
vt 0.80338835716247559 0.015280547551810741
vt 0.80733871459960938 0.015280548483133316
vt 0.81128907203674316 0.015280549414455891
vt 0.81523942947387695 0.01528055127710104
vt 0.81918978691101074 0.015280552208423615
vt 0.82314014434814453 0.015280553139746189
vt 0.82709050178527832 0.015280554071068764
vt 0.83104085922241211 0.015280555933713913
vt 0.83499127626419067 0.015280556865036488
vt 0.83894157409667969 0.015280557796359062
vt 0.84289199113845825 0.015280559659004211
vt 0.84684234857559204 0.015280560590326786
vt 0.85079270601272583 0.015280561521649361
vt 0.85474306344985962 0.015280562452971935
vt 0.85869342088699341 0.015280564315617085
vt 0.8626437783241272 0.015280565246939659
vt 0.86659413576126099 0.015280566178262234
vt 0.87054449319839478 0.015280567109584808
vt 0.87449485063552856 0.015280568972229958
vt 0.87844526767730713 0.015280569903552532
vt 0.88239556550979614 0.015280570834875107
vt 0.88634592294692993 0.015280571766197681
vt 0.8902963399887085 0.015280573628842831
vt 0.89424669742584229 0.015280574560165405
vt 0.89819705486297607 0.01528057549148798
vt 0.90214741230010986 0.015280577354133129
vt 0.90609776973724365 0.015280578285455704
vt 0.91004812717437744 0.015280579216778278
vt 0.91399848461151123 0.015280580148100853
vt 0.91794884204864502 0.015280582010746002
vt 0.92189919948577881 0.015280582942068577
vt 0.9258495569229126 0.015280583873391151
vt 0.92979991436004639 0.015280584804713726
vt 0.93375033140182495 0.015280586667358875
vt 0.93770068883895874 0.01528058759868145
vt 0.94165098667144775 0.015280588530004025
vt 0.94560140371322632 0.015280589461326599
vt 0.94955176115036011 0.015280591323971748
vt 0.9535021185874939 0.015280592255294323
vt 0.95745247602462769 0.015280593186616898
vt 0.96140283346176147 0.015280594117939472
vt 0.96535319089889526 0.015280595980584621
vt 0.96930354833602905 0.015280596911907196
vt 0.97325390577316284 0.015280597843229771
vt 0.97720426321029663 0.01528059970587492
vt 0.9811546802520752 0.015280600637197495
vt 0.98510497808456421 0.015280601568520069
vt 0.98905539512634277 0.015280602499842644
vt 0.74215775728225708 0.17181521654129028
vt 0.61870890855789185 0.17181521654129028
vt 0.61870890855789185 0.093547835946083069
vt 0.55698448419570923 0.17181521654129028
vt 0.55698448419570923 0.093547835946083069
vt 0.55698448419570923 0.054414145648479462
vt 0.5261223316192627 0.093547835946083069
vt 0.5261223316192627 0.054414145648479462
vt 0.5261223316192627 0.034847300499677658
vt 0.51069122552871704 0.054414145648479462
vt 0.51069122552871704 0.034847300499677658
vt 0.51069122552871704 0.025063877925276756
vt 0.50297564268112183 0.034847300499677658
vt 0.50297564268112183 0.025063877925276756
vt 0.5261223316192627 0.025063877925276756
vt 0.51840674877166748 0.034847300499677658
vt 0.51840674877166748 0.025063877925276756
vt 0.55698448419570923 0.034847300499677658
vt 0.54155343770980835 0.054414145648479462
vt 0.54155343770980835 0.034847300499677658
vt 0.61870890855789185 0.054414145648479462
vt 0.58784669637680054 0.093547835946083069
vt 0.58784669637680054 0.054414145648479462
vt 0.74215775728225708 0.093547835946083069
vt 0.68043333292007446 0.17181521654129028
vt 0.68043333292007446 0.093547835946083069
vt 0.86560654640197754 0.17181521654129028
vt 0.54155343770980835 0.025063877925276756
vt 0.53383785486221313 0.034847300499677658
vt 0.53383785486221313 0.025063877925276756
vt 0.55698448419570923 0.025063877925276756
vt 0.54926896095275879 0.034847300499677658
vt 0.54926896095275879 0.025063877925276756
vt 0.58784669637680054 0.034847300499677658
vt 0.57241559028625488 0.054414145648479462
vt 0.57241559028625488 0.034847300499677658
vt 0.57241559028625488 0.025063877925276756
vt 0.56470006704330444 0.034847300499677658
vt 0.56470006704330444 0.025063877925276756
vt 0.58784669637680054 0.025063877925276756
vt 0.5801311731338501 0.034847300499677658
vt 0.5801311731338501 0.025063877925276756
vt 0.61870890855789185 0.034847300499677658
vt 0.60327780246734619 0.054414145648479462
vt 0.60327780246734619 0.034847300499677658
vt 0.68043333292007446 0.054414145648479462
vt 0.64957112073898315 0.093547835946083069
vt 0.64957112073898315 0.054414145648479462
vt 0.60327780246734619 0.025063877925276756
vt 0.59556227922439575 0.034847300499677658
vt 0.59556227922439575 0.025063877925276756
vt 0.61870890855789185 0.025063877925276756
vt 0.61099338531494141 0.034847300499677658
vt 0.61099338531494141 0.025063877925276756
vt 0.64957112073898315 0.034847300499677658
vt 0.6341400146484375 0.054414145648479462
vt 0.6341400146484375 0.034847300499677658
vt 0.6341400146484375 0.025063877925276756
vt 0.62642449140548706 0.034847300499677658
vt 0.62642449140548706 0.025063877925276756
vt 0.64957112073898315 0.025063877925276756
vt 0.64185559749603271 0.034847300499677658
vt 0.64185559749603271 0.025063877925276756
vt 0.68043333292007446 0.034847300499677658
vt 0.66500222682952881 0.054414145648479462
vt 0.66500222682952881 0.034847300499677658
vt 0.74215775728225708 0.054414145648479462
vt 0.71129554510116577 0.093547835946083069
vt 0.71129554510116577 0.054414145648479462
vt 0.86560654640197754 0.093547835946083069
vt 0.80388212203979492 0.17181521654129028
vt 0.80388212203979492 0.093547835946083069
vt 0.66500222682952881 0.025063877925276756
vt 0.65728670358657837 0.034847300499677658
vt 0.65728670358657837 0.025063877925276756
vt 0.68043333292007446 0.025063877925276756
vt 0.67271775007247925 0.034847300499677658
vt 0.67271775007247925 0.025063877925276756
vt 0.71129554510116577 0.034847300499677658
vt 0.69586443901062012 0.054414145648479462
vt 0.69586443901062012 0.034847300499677658
vt 0.69586443901062012 0.025063877925276756
vt 0.6881488561630249 0.034847300499677658
vt 0.6881488561630249 0.025063877925276756
vt 0.71129554510116577 0.025063877925276756
vt 0.70357996225357056 0.034847300499677658
vt 0.70357996225357056 0.025063877925276756
vt 0.74215775728225708 0.034847300499677658
vt 0.72672665119171143 0.054414145648479462
vt 0.72672665119171143 0.034847300499677658
vt 0.80388212203979492 0.054414145648479462
vt 0.77301996946334839 0.093547835946083069
vt 0.77301996946334839 0.054414145648479462
vt 0.72672665119171143 0.025063877925276756
vt 0.71901106834411621 0.034847300499677658
vt 0.71901106834411621 0.025063877925276756
vt 0.74215775728225708 0.025063877925276756
vt 0.73444217443466187 0.034847300499677658
vt 0.73444217443466187 0.025063877925276756
vt 0.77301996946334839 0.034847300499677658
vt 0.75758886337280273 0.054414145648479462
vt 0.75758886337280273 0.034847300499677658
vt 0.75758886337280273 0.025063877925276756
vt 0.74987328052520752 0.034847300499677658
vt 0.74987328052520752 0.025063877925276756
vt 0.77301996946334839 0.025063877925276756
vt 0.76530438661575317 0.034847300499677658
vt 0.76530438661575317 0.025063877925276756
vt 0.80388212203979492 0.034847300499677658
vt 0.78845101594924927 0.054414145648479462
vt 0.78845101594924927 0.034847300499677658
vt 0.86560654640197754 0.054414145648479462
vt 0.83474433422088623 0.093547835946083069
vt 0.83474433422088623 0.054414145648479462
vt 0.92733097076416016 0.17181521654129028
vt 0.92733097076416016 0.093547835946083069
vt 0.78845101594924927 0.025063877925276756
vt 0.78073549270629883 0.034847300499677658
vt 0.78073549270629883 0.025063877925276756
vt 0.80388212203979492 0.025063877925276756
vt 0.79616659879684448 0.034847300499677658
vt 0.79616659879684448 0.025063877925276756
vt 0.83474433422088623 0.034847300499677658
vt 0.81931322813034058 0.054414145648479462
vt 0.81931322813034058 0.034847300499677658
vt 0.81931322813034058 0.025063877925276756
vt 0.81159770488739014 0.034847300499677658
vt 0.81159770488739014 0.025063877925276756
vt 0.83474433422088623 0.025063877925276756
vt 0.82702881097793579 0.034847300499677658
vt 0.82702881097793579 0.025063877925276756
vt 0.86560654640197754 0.034847300499677658
vt 0.85017544031143188 0.054414145648479462
vt 0.85017544031143188 0.034847300499677658
vt 0.92733097076416016 0.054414145648479462
vt 0.89646875858306885 0.093547835946083069
vt 0.89646875858306885 0.054414145648479462
vt 0.85017544031143188 0.025063877925276756
vt 0.84245991706848145 0.034847300499677658
vt 0.84245991706848145 0.025063877925276756
vt 0.86560654640197754 0.025063877925276756
vt 0.8578910231590271 0.034847300499677658
vt 0.8578910231590271 0.025063877925276756
vt 0.89646875858306885 0.034847300499677658
vt 0.88103765249252319 0.054414145648479462
vt 0.88103765249252319 0.034847300499677658
vt 0.88103765249252319 0.025063877925276756
vt 0.87332212924957275 0.034847300499677658
vt 0.87332212924957275 0.025063877925276756
vt 0.89646875858306885 0.025063877925276756
vt 0.88875317573547363 0.034847300499677658
vt 0.88875317573547363 0.025063877925276756
vt 0.92733097076416016 0.034847300499677658
vt 0.9118998646736145 0.054414145648479462
vt 0.9118998646736145 0.034847300499677658
vt 0.95819318294525146 0.093547835946083069
vt 0.95819318294525146 0.054414145648479462
vt 0.9118998646736145 0.025063877925276756
vt 0.90418428182601929 0.034847300499677658
vt 0.90418428182601929 0.025063877925276756
vt 0.92733097076416016 0.025063877925276756
vt 0.91961538791656494 0.034847300499677658
vt 0.91961538791656494 0.025063877925276756
vt 0.95819318294525146 0.034847300499677658
vt 0.94276207685470581 0.054414145648479462
vt 0.94276207685470581 0.034847300499677658
vt 0.94276207685470581 0.025063877925276756
vt 0.9350464940071106 0.034847300499677658
vt 0.9350464940071106 0.025063877925276756
vt 0.95819318294525146 0.025063877925276756
vt 0.95047760009765625 0.034847300499677658
vt 0.95047760009765625 0.025063877925276756
vt 0.97362428903579712 0.054414145648479462
vt 0.97362428903579712 0.034847300499677658
vt 0.97362428903579712 0.025063877925276756
vt 0.9659087061882019 0.034847300499677658
vt 0.9659087061882019 0.025063877925276756
vt 0.98133981227874756 0.034847300499677658
vt 0.98133981227874756 0.025063877925276756
vt 0.98905539512634277 0.019243506714701653
vt 0.98905539512634277 0.023206412792205811
vt 0.98905539512634277 0.02716931514441967
vt 0.98905539512634277 0.031132221221923828
vt 0.98905539512634277 0.035095125436782837
vt 0.98905539512634277 0.039058029651641846
vt 0.98905539512634277 0.043020933866500854
vt 0.98905539512634277 0.046983838081359863
vt 0.98905539512634277 0.050946742296218872
vt 0.98905539512634277 0.054909646511077881
vt 0.98905539512634277 0.058872554451227188
vt 0.98905539512634277 0.062835454940795898
vt 0.98905539512634277 0.066798359155654907
vt 0.989055335521698 0.070761263370513916
vt 0.989055335521698 0.074724167585372925
vt 0.989055335521698 0.078687071800231934
vt 0.989055335521698 0.082649976015090942
vt 0.989055335521698 0.086612880229949951
vt 0.989055335521698 0.09057578444480896
vt 0.989055335521698 0.094538696110248566
vt 0.989055335521698 0.098501592874526978
vt 0.989055335521698 0.10246450453996658
vt 0.989055335521698 0.106427401304245
vt 0.989055335521698 0.1103903129696846
vt 0.989055335521698 0.11435320973396301
vt 0.989055335521698 0.11831612139940262
vt 0.989055335521698 0.12227902561426163
vt 0.989055335521698 0.12624192237854004
vt 0.989055335521698 0.13020484149456024
vt 0.989055335521698 0.13416773080825806
vt 0.989055335521698 0.13813064992427826
vt 0.989055335521698 0.14209353923797607
vt 0.989055335521698 0.14605645835399628
vt 0.989055335521698 0.15001934766769409
vt 0.989055335521698 0.15398226678371429
vt 0.989055335521698 0.15794515609741211
vt 0.989055335521698 0.16190807521343231
vt 0.989055335521698 0.16587097942829132
vt 0.989055335521698 0.16983388364315033
vt 0.989055335521698 0.17379678785800934
vt 0.989055335521698 0.17775969207286835
vt 0.989055335521698 0.18172258138656616
vt 0.989055335521698 0.18568550050258636
vt 0.989055335521698 0.18964840471744537
vt 0.989055335521698 0.19361130893230438
vt 0.989055335521698 0.1975741982460022
vt 0.989055335521698 0.2015371173620224
vt 0.989055335521698 0.20550002157688141
vt 0.989055335521698 0.20946292579174042
vt 0.989055335521698 0.21342583000659943
vt 0.989055335521698 0.21738871932029724
vt 0.989055335521698 0.22135163843631744
vt 0.989055335521698 0.22531454265117645
vt 0.989055335521698 0.22927744686603546
vt 0.989055335521698 0.23324033617973328
vt 0.989055335521698 0.23720325529575348
vt 0.989055335521698 0.24116615951061249
vt 0.989055335521698 0.2451290637254715
vt 0.989055335521698 0.24909195303916931
vt 0.989055335521698 0.25305485725402832
vt 0.989055335521698 0.25701776146888733
vt 0.989055335521698 0.26098069548606873
vt 0.989055335521698 0.26494359970092773
vt 0.989055335521698 0.26890647411346436
vt 0.989055335521698 0.27286937832832336
vt 0.989055335521698 0.27683231234550476
vt 0.989055335521698 0.28079521656036377
vt 0.989055335521698 0.28475809097290039
vt 0.989055335521698 0.2887209951877594
vt 0.98905527591705322 0.2926839292049408
vt 0.98905527591705322 0.2966468334197998
vt 0.98905527591705322 0.30060973763465881
vt 0.98905527591705322 0.30457261204719543
vt 0.98905527591705322 0.30853554606437683
vt 0.98905527591705322 0.31249845027923584
vt 0.98905527591705322 0.31646135449409485
vt 0.98905527591705322 0.32042422890663147
vt 0.98905527591705322 0.32438716292381287
vt 0.98905527591705322 0.32835006713867188
vt 0.98905527591705322 0.33231297135353088
vt 0.98905527591705322 0.33627587556838989
vt 0.98905527591705322 0.3402387797832489
vt 0.98905527591705322 0.34420168399810791
vt 0.98905527591705322 0.34816455841064453
vt 0.98905527591705322 0.35212746262550354
vt 0.98905527591705322 0.35609039664268494
vt 0.98905527591705322 0.36005330085754395
vt 0.98905527591705322 0.36401620507240295
vt 0.98905527591705322 0.36797910928726196
vt 0.98905527591705322 0.37194201350212097
vt 0.98905527591705322 0.37590491771697998
vt 0.98905527591705322 0.3798677921295166
vt 0.98905527591705322 0.38383069634437561
vt 0.98905527591705322 0.38779360055923462
vt 0.98905527591705322 0.39175653457641602
vt 0.98905527591705322 0.39571943879127502
vt 0.98905527591705322 0.39968234300613403
vt 0.98905527591705322 0.40364524722099304
vt 0.98905527591705322 0.40760815143585205
vt 0.98905527591705322 0.41157105565071106
vt 0.98905527591705322 0.41553393006324768
vt 0.98905527591705322 0.41949683427810669
vt 0.98905527591705322 0.42345976829528809
vt 0.98905527591705322 0.42742267251014709
vt 0.98905527591705322 0.4313855767250061
vt 0.98905527591705322 0.43534848093986511
vt 0.98905527591705322 0.43931138515472412
vt 0.98905527591705322 0.44327428936958313
vt 0.98905527591705322 0.44723722338676453
vt 0.98905527591705322 0.45120006799697876
vt 0.98905527591705322 0.45516300201416016
vt 0.98905527591705322 0.45912590622901917
vt 0.98905527591705322 0.46308881044387817
vt 0.98905527591705322 0.46705171465873718
vt 0.98905527591705322 0.47101461887359619
vt 0.98905527591705322 0.4749775230884552
vt 0.98905527591705322 0.47894042730331421
vt 0.98905527591705322 0.48290336132049561
vt 0.98905527591705322 0.48686623573303223
vt 0.98905527591705322 0.49082913994789124
vt 0.98905527591705322 0.49479204416275024
vt 0.98905527591705322 0.49875494837760925
vt 0.98905527591705322 0.50271785259246826
vt 0.98905527591705322 0.50668078660964966
vt 0.98905527591705322 0.51064366102218628
vt 0.98905521631240845 0.51460659503936768
vt 0.98905521631240845 0.5185694694519043
vt 0.98905521631240845 0.52253234386444092
vt 0.98905521631240845 0.52649527788162231
vt 0.98905521631240845 0.53045815229415894
vt 0.98905521631240845 0.53442108631134033
vt 0.98905521631240845 0.53838402032852173
vt 0.98905521631240845 0.54234689474105835
vt 0.98905521631240845 0.54630982875823975
vt 0.98905521631240845 0.55027270317077637
vt 0.98905521631240845 0.55423557758331299
vt 0.98905521631240845 0.55819851160049438
vt 0.98905521631240845 0.56216138601303101
vt 0.98905521631240845 0.5661243200302124
vt 0.98905521631240845 0.5700872540473938
vt 0.98905521631240845 0.57405012845993042
vt 0.98905521631240845 0.57801306247711182
vt 0.98905521631240845 0.58197593688964844
vt 0.98905521631240845 0.58593887090682983
vt 0.98905521631240845 0.58990174531936646
vt 0.98905521631240845 0.59386461973190308
vt 0.98905521631240845 0.59782755374908447
vt 0.98905521631240845 0.60179048776626587
vt 0.98905521631240845 0.60575336217880249
vt 0.98905521631240845 0.60971629619598389
vt 0.98905521631240845 0.61367917060852051
vt 0.98905521631240845 0.6176421046257019
vt 0.98905521631240845 0.62160497903823853
vt 0.98905521631240845 0.62556785345077515
vt 0.98905521631240845 0.62953078746795654
vt 0.98905521631240845 0.63349372148513794
vt 0.98905521631240845 0.63745659589767456
vt 0.98133981227874756 0.054414145648479462
vt 0.97362428903579712 0.044630724936723709
vt 0.98133981227874756 0.044630724936723709
vt 0.97362428903579712 0.093547835946083069
vt 0.95819318294525146 0.073980994522571564
vt 0.97362428903579712 0.073980994522571564
vt 0.95819318294525146 0.17181521654129028
vt 0.92733097076416016 0.13268153369426727
vt 0.95819318294525146 0.13268153369426727
vt 0.92733097076416016 0.32834997773170471
vt 0.86560654640197754 0.25008261203765869
vt 0.92733097076416016 0.25008261203765869
vt 0.98133981227874756 0.073980994522571564
vt 0.97362428903579712 0.064197570085525513
vt 0.98133981227874756 0.064197570085525513
vt 0.98133981227874756 0.093547835946083069
vt 0.97362428903579712 0.083764411509037018
vt 0.98133981227874756 0.083764411509037018
vt 0.97362428903579712 0.13268153369426727
vt 0.95819318294525146 0.11311468482017517
vt 0.97362428903579712 0.11311468482017517
vt 0.98133981227874756 0.11311468482017517
vt 0.97362428903579712 0.10333126038312912
vt 0.98133981227874756 0.10333126038312912
vt 0.98133981227874756 0.13268153369426727
vt 0.97362428903579712 0.12289810925722122
vt 0.98133981227874756 0.12289810925722122
vt 0.97362428903579712 0.17181521654129028
vt 0.95819318294525146 0.15224836766719818
vt 0.97362428903579712 0.15224836766719818
vt 0.95819318294525146 0.25008261203765869
vt 0.92733097076416016 0.21094891428947449
vt 0.95819318294525146 0.21094891428947449
vt 0.98133981227874756 0.15224836766719818
vt 0.97362428903579712 0.14246495068073273
vt 0.98133981227874756 0.14246495068073273
vt 0.98133981227874756 0.17181521654129028
vt 0.97362428903579712 0.16203179955482483
vt 0.98133981227874756 0.16203179955482483
vt 0.97362428903579712 0.21094891428947449
vt 0.95819318294525146 0.19138206541538239
vt 0.97362428903579712 0.19138206541538239
vt 0.98133981227874756 0.19138206541538239
vt 0.97362428903579712 0.18159864842891693
vt 0.98133981227874756 0.18159864842891693
vt 0.98133981227874756 0.21094891428947449
vt 0.97362428903579712 0.20116548240184784
vt 0.98133981227874756 0.20116548240184784
vt 0.97362428903579712 0.25008261203765869
vt 0.95819318294525146 0.23051576316356659
vt 0.97362428903579712 0.23051576316356659
vt 0.95819318294525146 0.32834997773170471
vt 0.92733097076416016 0.28921627998352051
vt 0.95819318294525146 0.28921627998352051
vt 0.86560654640197754 0.40661737322807312
vt 0.92733097076416016 0.40661737322807312
vt 0.98133981227874756 0.23051576316356659
vt 0.97362428903579712 0.22073233127593994
vt 0.98133981227874756 0.22073233127593994
vt 0.98133981227874756 0.25008261203765869
vt 0.97362428903579712 0.24029918015003204
vt 0.98133981227874756 0.24029918015003204
vt 0.97362428903579712 0.28921627998352051
vt 0.95819318294525146 0.2696494460105896
vt 0.97362428903579712 0.2696494460105896
vt 0.98133981227874756 0.2696494460105896
vt 0.97362428903579712 0.25986602902412415
vt 0.98133981227874756 0.25986602902412415
vt 0.98133981227874756 0.28921627998352051
vt 0.97362428903579712 0.27943286299705505
vt 0.98133981227874756 0.27943286299705505
vt 0.97362428903579712 0.32834997773170471
vt 0.95819318294525146 0.3087831437587738
vt 0.97362428903579712 0.3087831437587738
vt 0.95819318294525146 0.40661737322807312
vt 0.92733097076416016 0.36748367547988892
vt 0.95819318294525146 0.36748367547988892
vt 0.98133981227874756 0.3087831437587738
vt 0.97362428903579712 0.29899972677230835
vt 0.98133981227874756 0.29899972677230835
vt 0.98133981227874756 0.32834997773170471
vt 0.97362428903579712 0.31856656074523926
vt 0.98133981227874756 0.31856656074523926
vt 0.97362428903579712 0.36748367547988892
vt 0.95819318294525146 0.34791684150695801
vt 0.97362428903579712 0.34791684150695801
vt 0.98133981227874756 0.34791684150695801
vt 0.97362428903579712 0.33813339471817017
vt 0.98133981227874756 0.33813339471817017
vt 0.98133981227874756 0.36748367547988892
vt 0.97362428903579712 0.35770025849342346
vt 0.98133981227874756 0.35770025849342346
vt 0.97362428903579712 0.40661737322807312
vt 0.95819318294525146 0.38705050945281982
vt 0.97362428903579712 0.38705050945281982
vt 0.95819318294525146 0.48488473892211914
vt 0.92733097076416016 0.44575107097625732
vt 0.95819318294525146 0.44575107097625732
vt 0.98133981227874756 0.38705050945281982
vt 0.97362428903579712 0.37726709246635437
vt 0.98133981227874756 0.37726709246635437
vt 0.98133981227874756 0.40661737322807312
vt 0.97362428903579712 0.39683395624160767
vt 0.98133981227874756 0.39683395624160767
vt 0.97362428903579712 0.44575107097625732
vt 0.95819318294525146 0.42618420720100403
vt 0.97362428903579712 0.42618420720100403
vt 0.98133981227874756 0.42618420720100403
vt 0.97362428903579712 0.41640079021453857
vt 0.98133981227874756 0.41640079021453857
vt 0.98133981227874756 0.44575107097625732
vt 0.97362428903579712 0.43596762418746948
vt 0.98133981227874756 0.43596762418746948
vt 0.97362428903579712 0.48488473892211914
vt 0.95819318294525146 0.46531790494918823
vt 0.97362428903579712 0.46531790494918823
vt 0.92733097076416016 0.52401846647262573
vt 0.95819318294525146 0.52401846647262573
vt 0.98133981227874756 0.46531790494918823
vt 0.97362428903579712 0.45553448796272278
vt 0.98133981227874756 0.45553448796272278
vt 0.98133981227874756 0.48488473892211914
vt 0.97362428903579712 0.47510132193565369
vt 0.98133981227874756 0.47510132193565369
vt 0.97362428903579712 0.52401846647262573
vt 0.95819318294525146 0.50445157289505005
vt 0.97362428903579712 0.50445157289505005
vt 0.98133981227874756 0.50445157289505005
vt 0.97362428903579712 0.49466818571090698
vt 0.98133981227874756 0.49466818571090698
vt 0.98133981227874756 0.52401846647262573
vt 0.97362428903579712 0.51423501968383789
vt 0.98133981227874756 0.51423501968383789
vt 0.97362428903579712 0.56315213441848755
vt 0.95819318294525146 0.54358530044555664
vt 0.97362428903579712 0.54358530044555664
vt 0.98133981227874756 0.54358530044555664
vt 0.97362428903579712 0.5338018536567688
vt 0.98133981227874756 0.5338018536567688
vt 0.98133981227874756 0.56315213441848755
vt 0.97362428903579712 0.55336868762969971
vt 0.98133981227874756 0.55336868762969971
vt 0.95819318294525146 0.58271896839141846
vt 0.97362428903579712 0.58271896839141846
vt 0.98133981227874756 0.58271896839141846
vt 0.97362428903579712 0.57293558120727539
vt 0.98133981227874756 0.57293558120727539
vt 0.98133981227874756 0.60228580236434937
vt 0.97362428903579712 0.5925024151802063
vt 0.98133981227874756 0.5925024151802063
vt 0.98133981227874756 0.62185269594192505
vt 0.97362428903579712 0.61206924915313721
vt 0.98133981227874756 0.61206924915313721
vt 0.97362428903579712 0.63163608312606812
vt 0.98133981227874756 0.63163608312606812
vt 0.49530458450317383 0.63745659589767456
vt 0.49530428647994995 0.63349366188049316
vt 0.49530401825904846 0.62953072786331177
vt 0.49530372023582458 0.62556785345077515
vt 0.4953034520149231 0.62160497903823853
vt 0.49530315399169922 0.61764204502105713
vt 0.49530288577079773 0.61367917060852051
vt 0.49530258774757385 0.60971623659133911
vt 0.49530231952667236 0.60575336217880249
vt 0.49530202150344849 0.60179042816162109
vt 0.495301753282547 0.5978274941444397
vt 0.49530145525932312 0.59386461973190308
vt 0.49530118703842163 0.58990168571472168
vt 0.49530088901519775 0.58593881130218506
vt 0.49530062079429626 0.58197593688964844
vt 0.49530032277107239 0.57801300287246704
vt 0.4953000545501709 0.57405012845993042
vt 0.49529975652694702 0.57008719444274902
vt 0.49529948830604553 0.56612426042556763
vt 0.49529919028282166 0.56216138601303101
vt 0.49529892206192017 0.55819845199584961
vt 0.49529862403869629 0.55423557758331299
vt 0.4952983558177948 0.55027264356613159
vt 0.49529805779457092 0.54630976915359497
vt 0.49529778957366943 0.54234689474105835
vt 0.49529749155044556 0.53838396072387695
vt 0.49529722332954407 0.53442102670669556
vt 0.49529692530632019 0.53045815229415894
vt 0.4952966570854187 0.52649521827697754
vt 0.49529635906219482 0.52253234386444092
vt 0.49529609084129333 0.51856940984725952
vt 0.49529579281806946 0.5146065354347229
vt 0.49529552459716797 0.5106436014175415
vt 0.49529522657394409 0.50668066740036011
vt 0.4952949583530426 0.50271779298782349
vt 0.49529466032981873 0.49875491857528687
vt 0.49529436230659485 0.49479201436042786
vt 0.49529409408569336 0.49082908034324646
vt 0.49529379606246948 0.48686617612838745
vt 0.49529352784156799 0.48290327191352844
vt 0.49529322981834412 0.47894036769866943
vt 0.49529296159744263 0.47497746348381042
vt 0.49529266357421875 0.47101455926895142
vt 0.49529239535331726 0.46705165505409241
vt 0.49529209733009338 0.46308872103691101
vt 0.49529182910919189 0.45912584662437439
vt 0.49529153108596802 0.45516294240951538
vt 0.49529126286506653 0.45120003819465637
vt 0.49529096484184265 0.44723713397979736
vt 0.49529069662094116 0.44327422976493835
vt 0.49529039859771729 0.43931132555007935
vt 0.4952901303768158 0.43534842133522034
vt 0.49528983235359192 0.43138548731803894
vt 0.49528956413269043 0.42742258310317993
vt 0.49528926610946655 0.42345967888832092
vt 0.49528899788856506 0.41949677467346191
vt 0.49528869986534119 0.41553390026092529
vt 0.4952884316444397 0.41157099604606628
vt 0.49528813362121582 0.40760809183120728
vt 0.49528786540031433 0.40364518761634827
vt 0.49528756737709045 0.39968225359916687
vt 0.49528729915618896 0.39571934938430786
vt 0.49528700113296509 0.39175644516944885
vt 0.4952867329120636 0.38779354095458984
vt 0.49528643488883972 0.38383063673973083
vt 0.49528616666793823 0.37986773252487183
vt 0.49528586864471436 0.37590482831001282
vt 0.49528560042381287 0.3719419538974762
vt 0.49528530240058899 0.3679790198802948
vt 0.4952850341796875 0.36401611566543579
vt 0.49528473615646362 0.36005321145057678
vt 0.49528446793556213 0.35609030723571777
vt 0.49528416991233826 0.35212740302085876
vt 0.49528390169143677 0.34816449880599976
vt 0.49528360366821289 0.34420159459114075
vt 0.4952833354473114 0.34023866057395935
vt 0.49528303742408752 0.33627575635910034
vt 0.49528276920318604 0.33231288194656372
vt 0.49528247117996216 0.32834997773170471
vt 0.49528220295906067 0.32438704371452332
vt 0.49528190493583679 0.32042416930198669
vt 0.4952816367149353 0.31646126508712769
vt 0.49528133869171143 0.31249836087226868
vt 0.49528107047080994 0.30853542685508728
vt 0.49528077244758606 0.30457252264022827
vt 0.49528050422668457 0.30060964822769165
vt 0.49528020620346069 0.29664674401283264
vt 0.4952799379825592 0.29268380999565125
vt 0.49527963995933533 0.28872090578079224
vt 0.49527937173843384 0.28475800156593323
vt 0.49527907371520996 0.28079509735107422
vt 0.49527880549430847 0.27683219313621521
vt 0.49527850747108459 0.2728692889213562
vt 0.49527823925018311 0.26890638470649719
vt 0.49527794122695923 0.26494348049163818
vt 0.49527767300605774 0.26098057627677917
vt 0.49527737498283386 0.25701767206192017
vt 0.49527710676193237 0.25305476784706116
vt 0.4952768087387085 0.24909186363220215
vt 0.49527654051780701 0.24512895941734314
vt 0.49527624249458313 0.24116605520248413
vt 0.49527597427368164 0.23720315098762512
vt 0.49527567625045776 0.23324024677276611
vt 0.49527540802955627 0.2292773425579071
vt 0.4952751100063324 0.2253144383430481
vt 0.49527484178543091 0.22135151922702789
vt 0.49527454376220703 0.21738861501216888
vt 0.49527427554130554 0.21342572569847107
vt 0.49527397751808167 0.20946282148361206
vt 0.49527370929718018 0.20549990236759186
vt 0.4952734112739563 0.20153699815273285
vt 0.49527314305305481 0.19757409393787384
vt 0.49527284502983093 0.19361120462417603
vt 0.49527257680892944 0.18964828550815582
vt 0.49527227878570557 0.18568538129329681
vt 0.49527201056480408 0.18172247707843781
vt 0.4952717125415802 0.1777595579624176
vt 0.49527144432067871 0.17379666864871979
vt 0.49527114629745483 0.16983374953269958
vt 0.49527087807655334 0.16587086021900177
vt 0.49527058005332947 0.16190794110298157
vt 0.49527031183242798 0.15794505178928375
vt 0.4952700138092041 0.15398213267326355
vt 0.49526974558830261 0.15001922845840454
vt 0.49526944756507874 0.14605633914470673
vt 0.49526917934417725 0.14209342002868652
vt 0.49526888132095337 0.13813051581382751
vt 0.49526861310005188 0.13416761159896851
vt 0.495268315076828 0.1302047073841095
vt 0.49526804685592651 0.12624180316925049
vt 0.49526774883270264 0.12227889895439148
vt 0.49526748061180115 0.11831598728895187
vt 0.49526718258857727 0.11435309052467346
vt 0.49526691436767578 0.11039017885923386
vt 0.4952666163444519 0.10642727464437485
vt 0.49526634812355042 0.10246437042951584
vt 0.49526605010032654 0.09850146621465683
vt 0.49526578187942505 0.094538561999797821
vt 0.49526548385620117 0.090575657784938812
vt 0.49526521563529968 0.086612753570079803
vt 0.49526491761207581 0.082649841904640198
vt 0.49526464939117432 0.078686937689781189
vt 0.49526435136795044 0.07472403347492218
vt 0.49526408314704895 0.070761129260063171
vt 0.49526378512382507 0.066798225045204163
vt 0.49526351690292358 0.062835320830345154
vt 0.49526321887969971 0.058872412890195847
vt 0.49526295065879822 0.054909508675336838
vt 0.49526265263557434 0.050946604460477829
vt 0.49526238441467285 0.046983696520328522
vt 0.49526208639144897 0.043020792305469513
vt 0.49526181817054749 0.039057888090610504
vt 0.49526152014732361 0.035094983875751495
vt 0.49526125192642212 0.031132075935602188
vt 0.49526095390319824 0.027169171720743179
vt 0.49526068568229675 0.023206265643239021
vt 0.49526038765907288 0.019243361428380013
vt 0.51069122552871704 0.63163608312606812
vt 0.50297564268112183 0.62185269594192505
vt 0.50297564268112183 0.63163608312606812
vt 0.51069122552871704 0.61206924915313721
vt 0.50297564268112183 0.60228580236434937
vt 0.50297564268112183 0.61206924915313721
vt 0.5261223316192627 0.58271896839141846
vt 0.51069122552871704 0.56315213441848755
vt 0.51069122552871704 0.58271896839141846
vt 0.55698448419570923 0.52401846647262573
vt 0.5261223316192627 0.48488473892211914
vt 0.5261223316192627 0.52401846647262573
vt 0.61870890855789185 0.40661737322807312
vt 0.55698448419570923 0.32834997773170471
vt 0.55698448419570923 0.40661737322807312
vt 0.51069122552871704 0.5925024151802063
vt 0.50297564268112183 0.58271896839141846
vt 0.50297564268112183 0.5925024151802063
vt 0.51069122552871704 0.57293558120727539
vt 0.50297564268112183 0.56315213441848755
vt 0.50297564268112183 0.57293558120727539
vt 0.5261223316192627 0.54358530044555664
vt 0.51069122552871704 0.52401846647262573
vt 0.51069122552871704 0.54358530044555664
vt 0.51069122552871704 0.55336868762969971
vt 0.50297564268112183 0.54358530044555664
vt 0.50297564268112183 0.55336868762969971
vt 0.51069122552871704 0.5338018536567688
vt 0.50297564268112183 0.52401846647262573
vt 0.50297564268112183 0.5338018536567688
vt 0.5261223316192627 0.50445157289505005
vt 0.51069122552871704 0.48488473892211914
vt 0.51069122552871704 0.50445157289505005
vt 0.55698448419570923 0.44575107097625732
vt 0.5261223316192627 0.40661737322807312
vt 0.5261223316192627 0.44575107097625732
vt 0.51069122552871704 0.51423501968383789
vt 0.50297564268112183 0.50445157289505005
vt 0.50297564268112183 0.51423501968383789
vt 0.51069122552871704 0.49466818571090698
vt 0.50297564268112183 0.48488473892211914
vt 0.50297564268112183 0.49466818571090698
vt 0.5261223316192627 0.46531790494918823
vt 0.51069122552871704 0.44575107097625732
vt 0.51069122552871704 0.46531790494918823
vt 0.51069122552871704 0.47510132193565369
vt 0.50297564268112183 0.46531790494918823
vt 0.50297564268112183 0.47510132193565369
vt 0.51069122552871704 0.45553448796272278
vt 0.50297564268112183 0.44575107097625732
vt 0.50297564268112183 0.45553448796272278
vt 0.5261223316192627 0.42618420720100403
vt 0.51069122552871704 0.40661737322807312
vt 0.51069122552871704 0.42618420720100403
vt 0.55698448419570923 0.36748367547988892
vt 0.5261223316192627 0.32834997773170471
vt 0.5261223316192627 0.36748367547988892
vt 0.61870890855789185 0.25008261203765869
vt 0.55698448419570923 0.25008261203765869
vt 0.51069122552871704 0.43596762418746948
vt 0.50297564268112183 0.42618420720100403
vt 0.50297564268112183 0.43596762418746948
vt 0.51069122552871704 0.41640079021453857
vt 0.50297564268112183 0.40661737322807312
vt 0.50297564268112183 0.41640079021453857
vt 0.5261223316192627 0.38705050945281982
vt 0.51069122552871704 0.36748367547988892
vt 0.51069122552871704 0.38705050945281982
vt 0.51069122552871704 0.39683395624160767
vt 0.50297564268112183 0.38705050945281982
vt 0.50297564268112183 0.39683395624160767
vt 0.51069122552871704 0.37726709246635437
vt 0.50297564268112183 0.36748367547988892
vt 0.50297564268112183 0.37726709246635437
vt 0.5261223316192627 0.34791684150695801
vt 0.51069122552871704 0.32834997773170471
vt 0.51069122552871704 0.34791684150695801
vt 0.55698448419570923 0.28921627998352051
vt 0.5261223316192627 0.25008261203765869
vt 0.5261223316192627 0.28921627998352051
vt 0.51069122552871704 0.35770025849342346
vt 0.50297564268112183 0.34791684150695801
vt 0.50297564268112183 0.35770025849342346
vt 0.51069122552871704 0.33813339471817017
vt 0.50297564268112183 0.32834997773170471
vt 0.50297564268112183 0.33813339471817017
vt 0.5261223316192627 0.3087831437587738
vt 0.51069122552871704 0.28921627998352051
vt 0.51069122552871704 0.3087831437587738
vt 0.51069122552871704 0.31856656074523926
vt 0.50297564268112183 0.3087831437587738
vt 0.50297564268112183 0.31856656074523926
vt 0.51069122552871704 0.29899972677230835
vt 0.50297564268112183 0.28921627998352051
vt 0.50297564268112183 0.29899972677230835
vt 0.5261223316192627 0.2696494460105896
vt 0.51069122552871704 0.25008261203765869
vt 0.51069122552871704 0.2696494460105896
vt 0.55698448419570923 0.21094891428947449
vt 0.5261223316192627 0.17181521654129028
vt 0.5261223316192627 0.21094891428947449
vt 0.51069122552871704 0.27943286299705505
vt 0.50297564268112183 0.2696494460105896
vt 0.50297564268112183 0.27943286299705505
vt 0.51069122552871704 0.25986602902412415
vt 0.50297564268112183 0.25008261203765869
vt 0.50297564268112183 0.25986602902412415
vt 0.5261223316192627 0.23051576316356659
vt 0.51069122552871704 0.21094891428947449
vt 0.51069122552871704 0.23051576316356659
vt 0.51069122552871704 0.24029918015003204
vt 0.50297564268112183 0.23051576316356659
vt 0.50297564268112183 0.24029918015003204
vt 0.51069122552871704 0.22073233127593994
vt 0.50297564268112183 0.21094891428947449
vt 0.50297564268112183 0.22073233127593994
vt 0.5261223316192627 0.19138206541538239
vt 0.51069122552871704 0.17181521654129028
vt 0.51069122552871704 0.19138206541538239
vt 0.55698448419570923 0.13268153369426727
vt 0.5261223316192627 0.13268153369426727
vt 0.51069122552871704 0.20116548240184784
vt 0.50297564268112183 0.19138206541538239
vt 0.50297564268112183 0.20116548240184784
vt 0.51069122552871704 0.18159864842891693
vt 0.50297564268112183 0.17181521654129028
vt 0.50297564268112183 0.18159864842891693
vt 0.5261223316192627 0.15224836766719818
vt 0.51069122552871704 0.13268153369426727
vt 0.51069122552871704 0.15224836766719818
vt 0.51069122552871704 0.16203179955482483
vt 0.50297564268112183 0.15224836766719818
vt 0.50297564268112183 0.16203179955482483
vt 0.51069122552871704 0.14246495068073273
vt 0.50297564268112183 0.13268153369426727
vt 0.50297564268112183 0.14246495068073273
vt 0.5261223316192627 0.11311468482017517
vt 0.51069122552871704 0.093547835946083069
vt 0.51069122552871704 0.11311468482017517
vt 0.51069122552871704 0.12289810925722122
vt 0.50297564268112183 0.11311468482017517
vt 0.50297564268112183 0.12289810925722122
vt 0.51069122552871704 0.10333126038312912
vt 0.50297564268112183 0.093547835946083069
vt 0.50297564268112183 0.10333126038312912
vt 0.5261223316192627 0.073980994522571564
vt 0.51069122552871704 0.073980994522571564
vt 0.51069122552871704 0.083764411509037018
vt 0.50297564268112183 0.073980994522571564
vt 0.50297564268112183 0.083764411509037018
vt 0.51069122552871704 0.064197570085525513
vt 0.50297564268112183 0.054414145648479462
vt 0.50297564268112183 0.064197570085525513
vt 0.51069122552871704 0.044630724936723709
vt 0.50297564268112183 0.044630724936723709
vt 0 0.015280455350875854
vt 0.49379509687423706 0.64141952991485596
vt 0.4859578013420105 0.64141952991485596
vt 0.47812047600746155 0.64141952991485596
vt 0.47028318047523499 0.64141952991485596
vt 0.46244585514068604 0.64141952991485596
vt 0.45460855960845947 0.64141952991485596
vt 0.44677126407623291 0.64141952991485596
vt 0.43893393874168396 0.64141952991485596
vt 0.4310966432094574 0.64141952991485596
vt 0.42325931787490845 0.64141952991485596
vt 0.41542202234268188 0.64141952991485596
vt 0.40758472681045532 0.64141952991485596
vt 0.39974740147590637 0.64141952991485596
vt 0.39191010594367981 0.64141952991485596
vt 0.38407278060913086 0.64141952991485596
vt 0.3762354850769043 0.64141952991485596
vt 0.36839818954467773 0.64141952991485596
vt 0.36056086421012878 0.64141952991485596
vt 0.35272356867790222 0.64141952991485596
vt 0.34488624334335327 0.64141952991485596
vt 0.33704894781112671 0.64141952991485596
vt 0.32921165227890015 0.64141952991485596
vt 0.32137435674667358 0.64141952991485596
vt 0.31353703141212463 0.64141952991485596
vt 0.30569970607757568 0.64141952991485596
vt 0.29786244034767151 0.64141952991485596
vt 0.29002511501312256 0.64141952991485596
vt 0.282187819480896 0.64141952991485596
vt 0.27435049414634705 0.64141952991485596
vt 0.2665131688117981 0.64141952991485596
vt 0.25867590308189392 0.64141952991485596
vt 0.25083857774734497 0.64141952991485596
vt 0.24300126731395721 0.64141952991485596
vt 0.23516395688056946 0.64141952991485596
vt 0.2273266613483429 0.64141952991485596
vt 0.21948935091495514 0.64141952991485596
vt 0.21165204048156738 0.64141952991485596
vt 0.20381473004817963 0.64141952991485596
vt 0.19597743451595306 0.64141952991485596
vt 0.18814012408256531 0.64141952991485596
vt 0.18030281364917755 0.64141947031021118
vt 0.17246550321578979 0.64141947031021118
vt 0.16462819278240204 0.64141947031021118
vt 0.15679089725017548 0.64141947031021118
vt 0.14895358681678772 0.64141947031021118
vt 0.14111627638339996 0.64141947031021118
vt 0.13327896595001221 0.64141947031021118
vt 0.12544165551662445 0.64141947031021118
vt 0.11760435253381729 0.64141947031021118
vt 0.10976704955101013 0.64141947031021118
vt 0.10192973911762238 0.64141947031021118
vt 0.094092436134815216 0.64141947031021118
vt 0.086255133152008057 0.64141947031021118
vt 0.0784178227186203 0.64141947031021118
vt 0.070580512285232544 0.64141947031021118
vt 0.062743209302425385 0.64141947031021118
vt 0.054905898869037628 0.64141947031021118
vt 0.047068595886230469 0.64141947031021118
vt 0.039231285452842712 0.64141947031021118
vt 0.031393978744745255 0.64141947031021118
vt 0.023556673899292946 0.64141947031021118
vt 0.015719365328550339 0.64141947031021118
vt 0.0078820586204528809 0.64141947031021118
vt 4.4751384848495945E-05 0.64141947031021118
vt 0.24689763784408569 0.32834997773170471
vt 0.24689763784408569 0.48488473892211914
vt 0.24689763784408569 0.56315213441848755
vt 0.37034645676612854 0.48488473892211914
vt 0.37034645676612854 0.56315213441848755
vt 0.37034645676612854 0.60228580236434937
vt 0.43207085132598877 0.56315213441848755
vt 0.43207085132598877 0.60228580236434937
vt 0.43207085132598877 0.62185269594192505
vt 0.46293306350708008 0.60228580236434937
vt 0.46293306350708008 0.62185269594192505
vt 0.46293306350708008 0.63163608312606812
vt 0.47836416959762573 0.62185269594192505
vt 0.47836416959762573 0.63163608312606812
vt 0.43207085132598877 0.63163608312606812
vt 0.44750195741653442 0.62185269594192505
vt 0.44750195741653442 0.63163608312606812
vt 0.37034645676612854 0.62185269594192505
vt 0.40120863914489746 0.60228580236434937
vt 0.40120863914489746 0.62185269594192505
vt 0.24689763784408569 0.60228580236434937
vt 0.30862203240394592 0.56315213441848755
vt 0.30862203240394592 0.60228580236434937
vt 0.12344881892204285 0.48488473892211914
vt 0.12344881892204285 0.56315213441848755
vt 0.40120863914489746 0.63163608312606812
vt 0.41663974523544312 0.62185269594192505
vt 0.41663974523544312 0.63163608312606812
vt 0.37034645676612854 0.63163608312606812
vt 0.38577756285667419 0.62185269594192505
vt 0.38577756285667419 0.63163608312606812
vt 0.30862203240394592 0.62185269594192505
vt 0.33948424458503723 0.60228580236434937
vt 0.33948424458503723 0.62185269594192505
vt 0.33948424458503723 0.63163608312606812
vt 0.35491535067558289 0.62185269594192505
vt 0.35491535067558289 0.63163608312606812
vt 0.30862203240394592 0.63163608312606812
vt 0.32405313849449158 0.62185269594192505
vt 0.32405313849449158 0.63163608312606812
vt 0.24689763784408569 0.62185269594192505
vt 0.27775982022285461 0.60228580236434937
vt 0.27775982022285461 0.62185269594192505
vt 0.12344881892204285 0.60228580236434937
vt 0.18517322838306427 0.56315213441848755
vt 0.18517322838306427 0.60228580236434937
vt 0.27775982022285461 0.63163608312606812
vt 0.29319092631340027 0.62185269594192505
vt 0.29319092631340027 0.63163608312606812
vt 0.24689763784408569 0.63163608312606812
vt 0.26232874393463135 0.62185269594192505
vt 0.26232874393463135 0.63163608312606812
vt 0.18517322838306427 0.62185269594192505
vt 0.21603542566299438 0.60228580236434937
vt 0.21603542566299438 0.62185269594192505
vt 0.21603542566299438 0.63163608312606812
vt 0.23146653175354004 0.62185269594192505
vt 0.23146653175354004 0.63163608312606812
vt 0.18517322838306427 0.63163608312606812
vt 0.20060431957244873 0.62185269594192505
vt 0.20060431957244873 0.63163608312606812
vt 0.12344881892204285 0.62185269594192505
vt 0.15431101620197296 0.60228580236434937
vt 0.15431101620197296 0.62185269594192505
vt 0.061724409461021423 0.56315213441848755
vt 0.061724409461021423 0.60228580236434937
vt 0.15431101620197296 0.63163608312606812
vt 0.16974212229251862 0.62185269594192505
vt 0.16974212229251862 0.63163608312606812
vt 0.12344881892204285 0.63163608312606812
vt 0.13887991011142731 0.62185269594192505
vt 0.13887991011142731 0.63163608312606812
vt 0.061724409461021423 0.62185269594192505
vt 0.092586614191532135 0.60228580236434937
vt 0.092586614191532135 0.62185269594192505
vt 0.092586614191532135 0.63163608312606812
vt 0.10801771283149719 0.62185269594192505
vt 0.10801771283149719 0.63163608312606812
vt 0.061724409461021423 0.63163608312606812
vt 0.077155508100986481 0.62185269594192505
vt 0.077155508100986481 0.63163608312606812
vt 0.030862204730510712 0.60228580236434937
vt 0.030862204730510712 0.62185269594192505
vt 0.030862204730510712 0.63163608312606812
vt 0.046293307095766068 0.62185269594192505
vt 0.046293307095766068 0.63163608312606812
vt 0.015431102365255356 0.62185269594192505
vt 0.015431102365255356 0.63163608312606812
vt 0.0039503620937466621 0.015280455350875854
vt 0.0079007241874933243 0.015280455350875854
vt 0.011851086281239986 0.015280455350875854
vt 0.015801448374986649 0.015280455350875854
vt 0.019751809537410736 0.015280455350875854
vt 0.023702172562479973 0.015280455350875854
vt 0.02765253558754921 0.015280455350875854
vt 0.031602896749973297 0.015280464664101601
vt 0.035553257912397385 0.01528046652674675
vt 0.039503619074821472 0.015280467458069324
vt 0.043453983962535858 0.015280468389391899
vt 0.047404345124959946 0.015280469320714474
vt 0.051354710012674332 0.015280471183359623
vt 0.055305071175098419 0.015280472114682198
vt 0.059255428612232208 0.015280473046004772
vt 0.063205793499946594 0.015280474908649921
vt 0.06715615838766098 0.015280475839972496
vt 0.071106515824794769 0.015280476771295071
vt 0.075056880712509155 0.015280477702617645
vt 0.079007238149642944 0.015280479565262794
vt 0.08295760303735733 0.015280480496585369
vt 0.086907967925071716 0.015280481427907944
vt 0.090858325362205505 0.015280482359230518
vt 0.094808690249919891 0.015280484221875668
vt 0.098759055137634277 0.015280485153198242
vt 0.10270942002534866 0.015280486084520817
vt 0.10665977746248245 0.015280487015843391
vt 0.11061014235019684 0.015280488878488541
vt 0.11456049978733063 0.015280489809811115
vt 0.11851085722446442 0.01528049074113369
vt 0.1224612221121788 0.015280491672456264
vt 0.12641158699989319 0.015280493535101414
vt 0.13036194443702698 0.015280494466423988
vt 0.13431231677532196 0.015280495397746563
vt 0.13826267421245575 0.015280497260391712
vt 0.14221303164958954 0.015280498191714287
vt 0.14616340398788452 0.015280499123036861
vt 0.15011376142501831 0.015280500054359436
vt 0.1540641188621521 0.015280501917004585
vt 0.15801447629928589 0.01528050284832716
vt 0.16196484863758087 0.015280503779649734
vt 0.16591520607471466 0.015280504710972309
vt 0.16986557841300964 0.015280506573617458
vt 0.17381593585014343 0.015280507504940033
vt 0.17776630818843842 0.015280508436262608
vt 0.18171665072441101 0.015280509367585182
vt 0.1856670081615448 0.015280511230230331
vt 0.18961738049983978 0.015280512161552906
vt 0.19356773793697357 0.015280513092875481
vt 0.19751811027526855 0.01528051495552063
vt 0.20146846771240234 0.015280515886843204
vt 0.20541884005069733 0.015280516818165779
vt 0.20936918258666992 0.015280517749488354
vt 0.2133195549249649 0.015280519612133503
vt 0.21726991236209869 0.015280520543456078
vt 0.22122028470039368 0.015280521474778652
vt 0.22517064213752747 0.015280522406101227
vt 0.22912099957466125 0.015280524268746376
vt 0.23307137191295624 0.015280525200068951
vt 0.23702171444892883 0.015280526131391525
vt 0.24097208678722382 0.0152805270627141
vt 0.2449224442243576 0.015280528925359249
vt 0.24887281656265259 0.015280529856681824
vt 0.25282317399978638 0.015280530788004398
vt 0.25677353143692017 0.015280531719326973
vt 0.26072388887405396 0.015280533581972122
vt 0.26467427611351013 0.015280534513294697
vt 0.26862463355064392 0.015280535444617271
vt 0.27257499098777771 0.015280537307262421
vt 0.2765253484249115 0.015280538238584995
vt 0.28047570586204529 0.01528053916990757
vt 0.28442606329917908 0.015280540101230145
vt 0.28837642073631287 0.015280541963875294
vt 0.29232680797576904 0.015280542895197868
vt 0.29627716541290283 0.015280543826520443
vt 0.30022752285003662 0.015280544757843018
vt 0.30417788028717041 0.015280546620488167
vt 0.3081282377243042 0.015280547551810741
vt 0.31207862496376038 0.015280548483133316
vt 0.31602895259857178 0.015280549414455891
vt 0.31997933983802795 0.01528055127710104
vt 0.32392969727516174 0.015280552208423615
vt 0.32788005471229553 0.015280553139746189
vt 0.33183041214942932 0.015280554071068764
vt 0.33578076958656311 0.015280555933713913
vt 0.33973115682601929 0.015280556865036488
vt 0.34368148446083069 0.015280557796359062
vt 0.34763187170028687 0.015280559659004211
vt 0.35158222913742065 0.015280560590326786
vt 0.35553261637687683 0.015280561521649361
vt 0.35948294401168823 0.015280562452971935
vt 0.36343330144882202 0.015280564315617085
vt 0.3673836886882782 0.015280565246939659
vt 0.3713340163230896 0.015280566178262234
vt 0.37528440356254578 0.015280567109584808
vt 0.37923476099967957 0.015280568972229958
vt 0.38318514823913574 0.015280569903552532
vt 0.38713547587394714 0.015280570834875107
vt 0.39108583331108093 0.015280571766197681
vt 0.39503622055053711 0.015280573628842831
vt 0.3989865779876709 0.015280574560165405
vt 0.40293693542480469 0.01528057549148798
vt 0.40688729286193848 0.015280577354133129
vt 0.41083768010139465 0.015280578285455704
vt 0.41478800773620605 0.015280579216778278
vt 0.41873836517333984 0.015280580148100853
vt 0.42268875241279602 0.015280582010746002
vt 0.42663910984992981 0.015280582942068577
vt 0.4305894672870636 0.015280583873391151
vt 0.43453982472419739 0.015280584804713726
vt 0.43849021196365356 0.015280586667358875
vt 0.44244056940078735 0.01528058759868145
vt 0.44639089703559875 0.015280588530004025
vt 0.45034128427505493 0.015280589461326599
vt 0.45429164171218872 0.015280591323971748
vt 0.45824199914932251 0.015280592255294323
vt 0.4621923565864563 0.015280593186616898
vt 0.46614274382591248 0.015280594117939472
vt 0.47009310126304626 0.015280595980584621
vt 0.47404342889785767 0.015280596911907196
vt 0.47799381613731384 0.015280597843229771
vt 0.48194417357444763 0.01528059970587492
vt 0.48589456081390381 0.015280600637197495
vt 0.48984488844871521 0.015280601568520069
vt 0.49379527568817139 0.015280602499842644
vt 0.24689763784408569 0.17181521654129028
vt 0.24689763784408569 0.093547835946083069
vt 0.12344881892204285 0.17181521654129028
vt 0.12344881892204285 0.093547835946083069
vt 0.12344881892204285 0.054414145648479462
vt 0.061724409461021423 0.093547835946083069
vt 0.061724409461021423 0.054414145648479462
vt 0.061724409461021423 0.034847300499677658
vt 0.030862204730510712 0.054414145648479462
vt 0.030862204730510712 0.034847300499677658
vt 0.030862204730510712 0.025063877925276756
vt 0.015431102365255356 0.034847300499677658
vt 0.015431102365255356 0.025063877925276756
vt 0.015431102365255356 0.02017216756939888
vt 0.0077155511826276779 0.025063877925276756
vt 0.0077155511826276779 0.02017216756939888
vt 0.030862204730510712 0.02017216756939888
vt 0.023146653547883034 0.025063877925276756
vt 0.023146653547883034 0.02017216756939888
vt 0.061724409461021423 0.025063877925276756
vt 0.046293307095766068 0.034847300499677658
vt 0.046293307095766068 0.025063877925276756
vt 0.12344881892204285 0.034847300499677658
vt 0.092586614191532135 0.054414145648479462
vt 0.092586614191532135 0.034847300499677658
vt 0.24689763784408569 0.054414145648479462
vt 0.18517322838306427 0.093547835946083069
vt 0.18517322838306427 0.054414145648479462
vt 0.37034645676612854 0.17181521654129028
vt 0.37034645676612854 0.093547835946083069
vt 0.046293307095766068 0.02017216756939888
vt 0.03857775405049324 0.025063877925276756
vt 0.03857775405049324 0.02017216756939888
vt 0.061724409461021423 0.02017216756939888
vt 0.054008856415748596 0.025063877925276756
vt 0.054008856415748596 0.02017216756939888
vt 0.092586614191532135 0.025063877925276756
vt 0.077155508100986481 0.034847300499677658
vt 0.077155508100986481 0.025063877925276756
vt 0.077155508100986481 0.02017216756939888
vt 0.069439955055713654 0.025063877925276756
vt 0.069439955055713654 0.02017216756939888
vt 0.092586614191532135 0.02017216756939888
vt 0.084871061146259308 0.025063877925276756
vt 0.084871061146259308 0.02017216756939888
vt 0.12344881892204285 0.025063877925276756
vt 0.10801771283149719 0.034847300499677658
vt 0.10801771283149719 0.025063877925276756
vt 0.18517322838306427 0.034847300499677658
vt 0.15431101620197296 0.054414145648479462
vt 0.15431101620197296 0.034847300499677658
vt 0.10801771283149719 0.02017216756939888
vt 0.10030215978622437 0.025063877925276756
vt 0.10030215978622437 0.02017216756939888
vt 0.12344881892204285 0.02017216756939888
vt 0.11573326587677002 0.025063877925276756
vt 0.11573326587677002 0.02017216756939888
vt 0.15431101620197296 0.025063877925276756
vt 0.13887991011142731 0.034847300499677658
vt 0.13887991011142731 0.025063877925276756
vt 0.13887991011142731 0.02017216756939888
vt 0.13116437196731567 0.025063877925276756
vt 0.13116437196731567 0.02017216756939888
vt 0.15431101620197296 0.02017216756939888
vt 0.14659546315670013 0.025063877925276756
vt 0.14659546315670013 0.02017216756939888
vt 0.18517322838306427 0.025063877925276756
vt 0.16974212229251862 0.034847300499677658
vt 0.16974212229251862 0.025063877925276756
vt 0.24689763784408569 0.034847300499677658
vt 0.21603542566299438 0.054414145648479462
vt 0.21603542566299438 0.034847300499677658
vt 0.37034645676612854 0.054414145648479462
vt 0.30862203240394592 0.093547835946083069
vt 0.30862203240394592 0.054414145648479462
vt 0.16974212229251862 0.02017216756939888
vt 0.16202656924724579 0.025063877925276756
vt 0.16202656924724579 0.02017216756939888
vt 0.18517322838306427 0.02017216756939888
vt 0.17745767533779144 0.025063877925276756
vt 0.17745767533779144 0.02017216756939888
vt 0.21603542566299438 0.025063877925276756
vt 0.20060431957244873 0.034847300499677658
vt 0.20060431957244873 0.025063877925276756
vt 0.20060431957244873 0.02017216756939888
vt 0.1928887814283371 0.025063877925276756
vt 0.1928887814283371 0.02017216756939888
vt 0.21603542566299438 0.02017216756939888
vt 0.20831987261772156 0.025063877925276756
vt 0.20831987261772156 0.02017216756939888
vt 0.24689763784408569 0.025063877925276756
vt 0.23146653175354004 0.034847300499677658
vt 0.23146653175354004 0.025063877925276756
vt 0.30862203240394592 0.034847300499677658
vt 0.27775982022285461 0.054414145648479462
vt 0.27775982022285461 0.034847300499677658
vt 0.23146653175354004 0.02017216756939888
vt 0.22375097870826721 0.025063877925276756
vt 0.22375097870826721 0.02017216756939888
vt 0.24689763784408569 0.02017216756939888
vt 0.23918208479881287 0.025063877925276756
vt 0.23918208479881287 0.02017216756939888
vt 0.27775982022285461 0.025063877925276756
vt 0.26232874393463135 0.034847300499677658
vt 0.26232874393463135 0.025063877925276756
vt 0.26232874393463135 0.02017216756939888
vt 0.25461319088935852 0.025063877925276756
vt 0.25461319088935852 0.02017216756939888
vt 0.27775982022285461 0.02017216756939888
vt 0.27004429697990417 0.025063877925276756
vt 0.27004429697990417 0.02017216756939888
vt 0.30862203240394592 0.025063877925276756
vt 0.29319092631340027 0.034847300499677658
vt 0.29319092631340027 0.025063877925276756
vt 0.37034645676612854 0.034847300499677658
vt 0.33948424458503723 0.054414145648479462
vt 0.33948424458503723 0.034847300499677658
vt 0.43207085132598877 0.093547835946083069
vt 0.43207085132598877 0.054414145648479462
vt 0.29319092631340027 0.02017216756939888
vt 0.28547537326812744 0.025063877925276756
vt 0.28547537326812744 0.02017216756939888
vt 0.30862203240394592 0.02017216756939888
vt 0.3009064793586731 0.025063877925276756
vt 0.3009064793586731 0.02017216756939888
vt 0.33948424458503723 0.025063877925276756
vt 0.32405313849449158 0.034847300499677658
vt 0.32405313849449158 0.025063877925276756
vt 0.32405313849449158 0.02017216756939888
vt 0.31633758544921875 0.025063877925276756
vt 0.31633758544921875 0.02017216756939888
vt 0.33948424458503723 0.02017216756939888
vt 0.3317686915397644 0.025063877925276756
vt 0.3317686915397644 0.02017216756939888
vt 0.37034645676612854 0.025063877925276756
vt 0.35491535067558289 0.034847300499677658
vt 0.35491535067558289 0.025063877925276756
vt 0.43207085132598877 0.034847300499677658
vt 0.40120863914489746 0.054414145648479462
vt 0.40120863914489746 0.034847300499677658
vt 0.35491535067558289 0.02017216756939888
vt 0.34719979763031006 0.025063877925276756
vt 0.34719979763031006 0.02017216756939888
vt 0.37034645676612854 0.02017216756939888
vt 0.36263090372085571 0.025063877925276756
vt 0.36263090372085571 0.02017216756939888
vt 0.40120863914489746 0.025063877925276756
vt 0.38577756285667419 0.034847300499677658
vt 0.38577756285667419 0.025063877925276756
vt 0.38577756285667419 0.02017216756939888
vt 0.37806200981140137 0.025063877925276756
vt 0.37806200981140137 0.02017216756939888
vt 0.40120863914489746 0.02017216756939888
vt 0.39349308609962463 0.025063877925276756
vt 0.39349308609962463 0.02017216756939888
vt 0.43207085132598877 0.025063877925276756
vt 0.41663974523544312 0.034847300499677658
vt 0.41663974523544312 0.025063877925276756
vt 0.46293306350708008 0.054414145648479462
vt 0.46293306350708008 0.034847300499677658
vt 0.41663974523544312 0.02017216756939888
vt 0.40892419219017029 0.025063877925276756
vt 0.40892419219017029 0.02017216756939888
vt 0.43207085132598877 0.02017216756939888
vt 0.42435529828071594 0.025063877925276756
vt 0.42435529828071594 0.02017216756939888
vt 0.46293306350708008 0.025063877925276756
vt 0.44750195741653442 0.034847300499677658
vt 0.44750195741653442 0.025063877925276756
vt 0.44750195741653442 0.02017216756939888
vt 0.4397864043712616 0.025063877925276756
vt 0.4397864043712616 0.02017216756939888
vt 0.46293306350708008 0.02017216756939888
vt 0.45521751046180725 0.025063877925276756
vt 0.45521751046180725 0.02017216756939888
vt 0.47836416959762573 0.034847300499677658
vt 0.47836416959762573 0.025063877925276756
vt 0.47836416959762573 0.02017216756939888
vt 0.47064861655235291 0.025063877925276756
vt 0.47064861655235291 0.02017216756939888
vt 0.48607972264289856 0.025063877925276756
vt 0.48607972264289856 0.02017216756939888
vt 0.49379527568817139 0.019243506714701653
vt 0.49379527568817139 0.023206412792205811
vt 0.49379527568817139 0.02716931514441967
vt 0.49379527568817139 0.031132221221923828
vt 0.49379527568817139 0.035095125436782837
vt 0.49379527568817139 0.039058029651641846
vt 0.49379527568817139 0.043020933866500854
vt 0.49379527568817139 0.046983838081359863
vt 0.49379527568817139 0.050946742296218872
vt 0.49379527568817139 0.054909646511077881
vt 0.49379527568817139 0.058872554451227188
vt 0.49379527568817139 0.062835454940795898
vt 0.49379527568817139 0.066798359155654907
vt 0.493795245885849 0.070761263370513916
vt 0.493795245885849 0.074724167585372925
vt 0.493795245885849 0.078687071800231934
vt 0.493795245885849 0.082649976015090942
vt 0.493795245885849 0.086612880229949951
vt 0.493795245885849 0.09057578444480896
vt 0.493795245885849 0.094538696110248566
vt 0.493795245885849 0.098501592874526978
vt 0.493795245885849 0.10246450453996658
vt 0.493795245885849 0.106427401304245
vt 0.493795245885849 0.1103903129696846
vt 0.493795245885849 0.11435320973396301
vt 0.493795245885849 0.11831612139940262
vt 0.493795245885849 0.12227902561426163
vt 0.493795245885849 0.12624192237854004
vt 0.493795245885849 0.13020484149456024
vt 0.493795245885849 0.13416773080825806
vt 0.493795245885849 0.13813064992427826
vt 0.493795245885849 0.14209353923797607
vt 0.493795245885849 0.14605645835399628
vt 0.493795245885849 0.15001934766769409
vt 0.493795245885849 0.15398226678371429
vt 0.493795245885849 0.15794515609741211
vt 0.493795245885849 0.16190807521343231
vt 0.493795245885849 0.16587097942829132
vt 0.493795245885849 0.16983388364315033
vt 0.493795245885849 0.17379678785800934
vt 0.493795245885849 0.17775969207286835
vt 0.49379521608352661 0.18172258138656616
vt 0.49379521608352661 0.18568550050258636
vt 0.49379521608352661 0.18964840471744537
vt 0.49379521608352661 0.19361130893230438
vt 0.49379521608352661 0.1975741982460022
vt 0.49379521608352661 0.2015371173620224
vt 0.49379521608352661 0.20550002157688141
vt 0.49379521608352661 0.20946292579174042
vt 0.49379521608352661 0.21342583000659943
vt 0.49379521608352661 0.21738871932029724
vt 0.49379521608352661 0.22135163843631744
vt 0.49379521608352661 0.22531454265117645
vt 0.49379521608352661 0.22927744686603546
vt 0.49379521608352661 0.23324033617973328
vt 0.49379521608352661 0.23720325529575348
vt 0.49379521608352661 0.24116615951061249
vt 0.49379521608352661 0.2451290637254715
vt 0.49379521608352661 0.24909195303916931
vt 0.49379521608352661 0.25305485725402832
vt 0.49379521608352661 0.25701776146888733
vt 0.49379521608352661 0.26098069548606873
vt 0.49379521608352661 0.26494359970092773
vt 0.49379521608352661 0.26890647411346436
vt 0.49379521608352661 0.27286937832832336
vt 0.49379521608352661 0.27683231234550476
vt 0.49379521608352661 0.28079521656036377
vt 0.49379521608352661 0.28475809097290039
vt 0.49379521608352661 0.2887209951877594
vt 0.49379518628120422 0.2926839292049408
vt 0.49379518628120422 0.2966468334197998
vt 0.49379518628120422 0.30060973763465881
vt 0.49379518628120422 0.30457261204719543
vt 0.49379518628120422 0.30853554606437683
vt 0.49379518628120422 0.31249845027923584
vt 0.49379518628120422 0.31646135449409485
vt 0.49379518628120422 0.32042422890663147
vt 0.49379518628120422 0.32438716292381287
vt 0.49379518628120422 0.32835006713867188
vt 0.49379518628120422 0.33231297135353088
vt 0.49379518628120422 0.33627587556838989
vt 0.49379518628120422 0.3402387797832489
vt 0.49379518628120422 0.34420168399810791
vt 0.49379518628120422 0.34816455841064453
vt 0.49379518628120422 0.35212746262550354
vt 0.49379518628120422 0.35609039664268494
vt 0.49379518628120422 0.36005330085754395
vt 0.49379518628120422 0.36401620507240295
vt 0.49379518628120422 0.36797910928726196
vt 0.49379518628120422 0.37194201350212097
vt 0.49379518628120422 0.37590491771697998
vt 0.49379518628120422 0.3798677921295166
vt 0.49379518628120422 0.38383069634437561
vt 0.49379518628120422 0.38779360055923462
vt 0.49379518628120422 0.39175653457641602
vt 0.49379518628120422 0.39571943879127502
vt 0.49379518628120422 0.39968234300613403
vt 0.49379515647888184 0.40364524722099304
vt 0.49379515647888184 0.40760815143585205
vt 0.49379515647888184 0.41157105565071106
vt 0.49379515647888184 0.41553393006324768
vt 0.49379515647888184 0.41949683427810669
vt 0.49379515647888184 0.42345976829528809
vt 0.49379515647888184 0.42742267251014709
vt 0.49379515647888184 0.4313855767250061
vt 0.49379515647888184 0.43534848093986511
vt 0.49379515647888184 0.43931138515472412
vt 0.49379515647888184 0.44327428936958313
vt 0.49379515647888184 0.44723722338676453
vt 0.49379515647888184 0.45120006799697876
vt 0.49379515647888184 0.45516300201416016
vt 0.49379515647888184 0.45912590622901917
vt 0.49379515647888184 0.46308881044387817
vt 0.49379515647888184 0.46705171465873718
vt 0.49379515647888184 0.47101461887359619
vt 0.49379515647888184 0.4749775230884552
vt 0.49379515647888184 0.47894042730331421
vt 0.49379515647888184 0.48290336132049561
vt 0.49379515647888184 0.48686623573303223
vt 0.49379515647888184 0.49082913994789124
vt 0.49379515647888184 0.49479204416275024
vt 0.49379515647888184 0.49875494837760925
vt 0.49379515647888184 0.50271785259246826
vt 0.49379515647888184 0.50668078660964966
vt 0.49379515647888184 0.51064366102218628
vt 0.49379512667655945 0.51460659503936768
vt 0.49379512667655945 0.5185694694519043
vt 0.49379512667655945 0.52253234386444092
vt 0.49379512667655945 0.52649527788162231
vt 0.49379512667655945 0.53045815229415894
vt 0.49379512667655945 0.53442108631134033
vt 0.49379512667655945 0.53838402032852173
vt 0.49379512667655945 0.54234689474105835
vt 0.49379512667655945 0.54630982875823975
vt 0.49379512667655945 0.55027270317077637
vt 0.49379512667655945 0.55423557758331299
vt 0.49379512667655945 0.55819851160049438
vt 0.49379512667655945 0.56216138601303101
vt 0.49379512667655945 0.5661243200302124
vt 0.49379512667655945 0.5700872540473938
vt 0.49379512667655945 0.57405012845993042
vt 0.49379512667655945 0.57801306247711182
vt 0.49379512667655945 0.58197593688964844
vt 0.49379512667655945 0.58593887090682983
vt 0.49379512667655945 0.58990174531936646
vt 0.49379512667655945 0.59386461973190308
vt 0.49379512667655945 0.59782755374908447
vt 0.49379512667655945 0.60179048776626587
vt 0.49379512667655945 0.60575336217880249
vt 0.49379512667655945 0.60971629619598389
vt 0.49379512667655945 0.61367917060852051
vt 0.49379512667655945 0.6176421046257019
vt 0.49379509687423706 0.62160497903823853
vt 0.49379509687423706 0.62556785345077515
vt 0.49379509687423706 0.62953078746795654
vt 0.49379509687423706 0.63349372148513794
vt 0.49379509687423706 0.63745659589767456
vt 0.48607972264289856 0.034847300499677658
vt 0.47836416959762573 0.029955590143799782
vt 0.48607972264289856 0.029955590143799782
vt 0.47836416959762573 0.054414145648479462
vt 0.46293306350708008 0.044630724936723709
vt 0.47836416959762573 0.044630724936723709
vt 0.46293306350708008 0.093547835946083069
vt 0.43207085132598877 0.073980994522571564
vt 0.46293306350708008 0.073980994522571564
vt 0.43207085132598877 0.17181521654129028
vt 0.37034645676612854 0.13268153369426727
vt 0.43207085132598877 0.13268153369426727
vt 0.37034645676612854 0.32834997773170471
vt 0.24689763784408569 0.25008261203765869
vt 0.37034645676612854 0.25008261203765869
vt 0.48607972264289856 0.044630724936723709
vt 0.47836416959762573 0.039739012718200684
vt 0.48607972264289856 0.039739012718200684
vt 0.48607972264289856 0.054414145648479462
vt 0.47836416959762573 0.049522437155246735
vt 0.48607972264289856 0.049522437155246735
vt 0.47836416959762573 0.073980994522571564
vt 0.46293306350708008 0.064197570085525513
vt 0.47836416959762573 0.064197570085525513
vt 0.48607972264289856 0.064197570085525513
vt 0.47836416959762573 0.059305857867002487
vt 0.48607972264289856 0.059305857867002487
vt 0.48607972264289856 0.073980994522571564
vt 0.47836416959762573 0.06908927857875824
vt 0.48607972264289856 0.06908927857875824
vt 0.47836416959762573 0.093547835946083069
vt 0.46293306350708008 0.083764411509037018
vt 0.47836416959762573 0.083764411509037018
vt 0.46293306350708008 0.13268153369426727
vt 0.43207085132598877 0.11311468482017517
vt 0.46293306350708008 0.11311468482017517
vt 0.48607972264289856 0.083764411509037018
vt 0.47836416959762573 0.078872703015804291
vt 0.48607972264289856 0.078872703015804291
vt 0.48607972264289856 0.093547835946083069
vt 0.47836416959762573 0.088656127452850342
vt 0.48607972264289856 0.088656127452850342
vt 0.47836416959762573 0.11311468482017517
vt 0.46293306350708008 0.10333126038312912
vt 0.47836416959762573 0.10333126038312912
vt 0.48607972264289856 0.10333126038312912
vt 0.47836416959762573 0.098439551889896393
vt 0.48607972264289856 0.098439551889896393
vt 0.48607972264289856 0.11311468482017517
vt 0.47836416959762573 0.10822296887636185
vt 0.48607972264289856 0.10822296887636185
vt 0.47836416959762573 0.13268153369426727
vt 0.46293306350708008 0.12289810925722122
vt 0.47836416959762573 0.12289810925722122
vt 0.46293306350708008 0.17181521654129028
vt 0.43207085132598877 0.15224836766719818
vt 0.46293306350708008 0.15224836766719818
vt 0.43207085132598877 0.25008261203765869
vt 0.37034645676612854 0.21094891428947449
vt 0.43207085132598877 0.21094891428947449
vt 0.48607972264289856 0.12289810925722122
vt 0.47836416959762573 0.1180063933134079
vt 0.48607972264289856 0.1180063933134079
vt 0.48607972264289856 0.13268153369426727
vt 0.47836416959762573 0.12778981029987335
vt 0.48607972264289856 0.12778981029987335
vt 0.47836416959762573 0.15224836766719818
vt 0.46293306350708008 0.14246495068073273
vt 0.47836416959762573 0.14246495068073273
vt 0.48607972264289856 0.14246495068073273
vt 0.47836416959762573 0.1375732421875
vt 0.48607972264289856 0.1375732421875
vt 0.48607972264289856 0.15224836766719818
vt 0.47836416959762573 0.14735665917396545
vt 0.48607972264289856 0.14735665917396545
vt 0.47836416959762573 0.17181521654129028
vt 0.46293306350708008 0.16203179955482483
vt 0.47836416959762573 0.16203179955482483
vt 0.46293306350708008 0.21094891428947449
vt 0.43207085132598877 0.19138206541538239
vt 0.46293306350708008 0.19138206541538239
vt 0.48607972264289856 0.16203179955482483
vt 0.47836416959762573 0.1571400910615921
vt 0.48607972264289856 0.1571400910615921
vt 0.48607972264289856 0.17181521654129028
vt 0.47836416959762573 0.16692350804805756
vt 0.48607972264289856 0.16692350804805756
vt 0.47836416959762573 0.19138206541538239
vt 0.46293306350708008 0.18159864842891693
vt 0.47836416959762573 0.18159864842891693
vt 0.48607972264289856 0.18159864842891693
vt 0.47836416959762573 0.17670692503452301
vt 0.48607972264289856 0.17670692503452301
vt 0.48607972264289856 0.19138206541538239
vt 0.47836416959762573 0.18649035692214966
vt 0.48607972264289856 0.18649035692214966
vt 0.47836416959762573 0.21094891428947449
vt 0.46293306350708008 0.20116548240184784
vt 0.47836416959762573 0.20116548240184784
vt 0.46293306350708008 0.25008261203765869
vt 0.43207085132598877 0.23051576316356659
vt 0.46293306350708008 0.23051576316356659
vt 0.43207085132598877 0.32834997773170471
vt 0.37034645676612854 0.28921627998352051
vt 0.43207085132598877 0.28921627998352051
vt 0.24689763784408569 0.40661737322807312
vt 0.37034645676612854 0.40661737322807312
vt 0.48607972264289856 0.20116548240184784
vt 0.47836416959762573 0.19627377390861511
vt 0.48607972264289856 0.19627377390861511
vt 0.48607972264289856 0.21094891428947449
vt 0.47836416959762573 0.20605720579624176
vt 0.48607972264289856 0.20605720579624176
vt 0.47836416959762573 0.23051576316356659
vt 0.46293306350708008 0.22073233127593994
vt 0.47836416959762573 0.22073233127593994
vt 0.48607972264289856 0.22073233127593994
vt 0.47836416959762573 0.21584062278270721
vt 0.48607972264289856 0.21584062278270721
vt 0.48607972264289856 0.23051576316356659
vt 0.47836416959762573 0.22562403976917267
vt 0.48607972264289856 0.22562403976917267
vt 0.47836416959762573 0.25008261203765869
vt 0.46293306350708008 0.24029918015003204
vt 0.47836416959762573 0.24029918015003204
vt 0.46293306350708008 0.28921627998352051
vt 0.43207085132598877 0.2696494460105896
vt 0.46293306350708008 0.2696494460105896
vt 0.48607972264289856 0.24029918015003204
vt 0.47836416959762573 0.23540747165679932
vt 0.48607972264289856 0.23540747165679932
vt 0.48607972264289856 0.25008261203765869
vt 0.47836416959762573 0.24519088864326477
vt 0.48607972264289856 0.24519088864326477
vt 0.47836416959762573 0.2696494460105896
vt 0.46293306350708008 0.25986602902412415
vt 0.47836416959762573 0.25986602902412415
vt 0.48607972264289856 0.25986602902412415
vt 0.47836416959762573 0.25497430562973022
vt 0.48607972264289856 0.25497430562973022
vt 0.48607972264289856 0.2696494460105896
vt 0.47836416959762573 0.26475772261619568
vt 0.48607972264289856 0.26475772261619568
vt 0.47836416959762573 0.28921627998352051
vt 0.46293306350708008 0.27943286299705505
vt 0.47836416959762573 0.27943286299705505
vt 0.46293306350708008 0.32834997773170471
vt 0.43207085132598877 0.3087831437587738
vt 0.46293306350708008 0.3087831437587738
vt 0.43207085132598877 0.40661737322807312
vt 0.37034645676612854 0.36748367547988892
vt 0.43207085132598877 0.36748367547988892
vt 0.48607972264289856 0.27943286299705505
vt 0.47836416959762573 0.27454116940498352
vt 0.48607972264289856 0.27454116940498352
vt 0.48607972264289856 0.28921627998352051
vt 0.47836416959762573 0.28432458639144897
vt 0.48607972264289856 0.28432458639144897
vt 0.47836416959762573 0.3087831437587738
vt 0.46293306350708008 0.29899972677230835
vt 0.47836416959762573 0.29899972677230835
vt 0.48607972264289856 0.29899972677230835
vt 0.47836416959762573 0.29410800337791443
vt 0.48607972264289856 0.29410800337791443
vt 0.48607972264289856 0.3087831437587738
vt 0.47836416959762573 0.30389142036437988
vt 0.48607972264289856 0.30389142036437988
vt 0.47836416959762573 0.32834997773170471
vt 0.46293306350708008 0.31856656074523926
vt 0.47836416959762573 0.31856656074523926
vt 0.46293306350708008 0.36748367547988892
vt 0.43207085132598877 0.34791684150695801
vt 0.46293306350708008 0.34791684150695801
vt 0.48607972264289856 0.31856656074523926
vt 0.47836416959762573 0.31367483735084534
vt 0.48607972264289856 0.31367483735084534
vt 0.48607972264289856 0.32834997773170471
vt 0.47836416959762573 0.32345828413963318
vt 0.48607972264289856 0.32345828413963318
vt 0.47836416959762573 0.34791684150695801
vt 0.46293306350708008 0.33813339471817017
vt 0.47836416959762573 0.33813339471817017
vt 0.48607972264289856 0.33813339471817017
vt 0.47836416959762573 0.33324170112609863
vt 0.48607972264289856 0.33324170112609863
vt 0.48607972264289856 0.34791684150695801
vt 0.47836416959762573 0.34302511811256409
vt 0.48607972264289856 0.34302511811256409
vt 0.47836416959762573 0.36748367547988892
vt 0.46293306350708008 0.35770025849342346
vt 0.47836416959762573 0.35770025849342346
vt 0.46293306350708008 0.40661737322807312
vt 0.43207085132598877 0.38705050945281982
vt 0.46293306350708008 0.38705050945281982
vt 0.43207085132598877 0.48488473892211914
vt 0.37034645676612854 0.44575107097625732
vt 0.43207085132598877 0.44575107097625732
vt 0.48607972264289856 0.35770025849342346
vt 0.47836416959762573 0.35280853509902954
vt 0.48607972264289856 0.35280853509902954
vt 0.48607972264289856 0.36748367547988892
vt 0.47836416959762573 0.362591952085495
vt 0.48607972264289856 0.362591952085495
vt 0.47836416959762573 0.38705050945281982
vt 0.46293306350708008 0.37726709246635437
vt 0.47836416959762573 0.37726709246635437
vt 0.48607972264289856 0.37726709246635437
vt 0.47836416959762573 0.37237539887428284
vt 0.48607972264289856 0.37237539887428284
vt 0.48607972264289856 0.38705050945281982
vt 0.47836416959762573 0.38215881586074829
vt 0.48607972264289856 0.38215881586074829
vt 0.47836416959762573 0.40661737322807312
vt 0.46293306350708008 0.39683395624160767
vt 0.47836416959762573 0.39683395624160767
vt 0.46293306350708008 0.44575107097625732
vt 0.43207085132598877 0.42618420720100403
vt 0.46293306350708008 0.42618420720100403
vt 0.48607972264289856 0.39683395624160767
vt 0.47836416959762573 0.39194223284721375
vt 0.48607972264289856 0.39194223284721375
vt 0.48607972264289856 0.40661737322807312
vt 0.47836416959762573 0.4017256498336792
vt 0.48607972264289856 0.4017256498336792
vt 0.47836416959762573 0.42618420720100403
vt 0.46293306350708008 0.41640079021453857
vt 0.47836416959762573 0.41640079021453857
vt 0.48607972264289856 0.41640079021453857
vt 0.47836416959762573 0.41150906682014465
vt 0.48607972264289856 0.41150906682014465
vt 0.48607972264289856 0.42618420720100403
vt 0.47836416959762573 0.4212925136089325
vt 0.48607972264289856 0.4212925136089325
vt 0.47836416959762573 0.44575107097625732
vt 0.46293306350708008 0.43596762418746948
vt 0.47836416959762573 0.43596762418746948
vt 0.46293306350708008 0.48488473892211914
vt 0.43207085132598877 0.46531790494918823
vt 0.46293306350708008 0.46531790494918823
vt 0.37034645676612854 0.52401846647262573
vt 0.43207085132598877 0.52401846647262573
vt 0.48607972264289856 0.43596762418746948
vt 0.47836416959762573 0.43107593059539795
vt 0.48607972264289856 0.43107593059539795
vt 0.48607972264289856 0.44575107097625732
vt 0.47836416959762573 0.4408593475818634
vt 0.48607972264289856 0.4408593475818634
vt 0.47836416959762573 0.46531790494918823
vt 0.46293306350708008 0.45553448796272278
vt 0.47836416959762573 0.45553448796272278
vt 0.48607972264289856 0.45553448796272278
vt 0.47836416959762573 0.45064276456832886
vt 0.48607972264289856 0.45064276456832886
vt 0.48607972264289856 0.46531790494918823
vt 0.47836416959762573 0.46042618155479431
vt 0.48607972264289856 0.46042618155479431
vt 0.47836416959762573 0.48488473892211914
vt 0.46293306350708008 0.47510132193565369
vt 0.47836416959762573 0.47510132193565369
vt 0.46293306350708008 0.52401846647262573
vt 0.43207085132598877 0.50445157289505005
vt 0.46293306350708008 0.50445157289505005
vt 0.48607972264289856 0.47510132193565369
vt 0.47836416959762573 0.47020962834358215
vt 0.48607972264289856 0.47020962834358215
vt 0.48607972264289856 0.48488473892211914
vt 0.47836416959762573 0.47999304533004761
vt 0.48607972264289856 0.47999304533004761
vt 0.47836416959762573 0.50445157289505005
vt 0.46293306350708008 0.49466818571090698
vt 0.47836416959762573 0.49466818571090698
vt 0.48607972264289856 0.49466818571090698
vt 0.47836416959762573 0.48977646231651306
vt 0.48607972264289856 0.48977646231651306
vt 0.48607972264289856 0.50445157289505005
vt 0.47836416959762573 0.49955987930297852
vt 0.48607972264289856 0.49955987930297852
vt 0.47836416959762573 0.52401846647262573
vt 0.46293306350708008 0.51423501968383789
vt 0.47836416959762573 0.51423501968383789
vt 0.46293306350708008 0.56315213441848755
vt 0.43207085132598877 0.54358530044555664
vt 0.46293306350708008 0.54358530044555664
vt 0.48607972264289856 0.51423501968383789
vt 0.47836416959762573 0.50934332609176636
vt 0.48607972264289856 0.50934332609176636
vt 0.48607972264289856 0.52401846647262573
vt 0.47836416959762573 0.51912671327590942
vt 0.48607972264289856 0.51912671327590942
vt 0.47836416959762573 0.54358530044555664
vt 0.46293306350708008 0.5338018536567688
vt 0.47836416959762573 0.5338018536567688
vt 0.48607972264289856 0.5338018536567688
vt 0.47836416959762573 0.52891016006469727
vt 0.48607972264289856 0.52891016006469727
vt 0.48607972264289856 0.54358530044555664
vt 0.47836416959762573 0.53869354724884033
vt 0.48607972264289856 0.53869354724884033
vt 0.47836416959762573 0.56315213441848755
vt 0.46293306350708008 0.55336868762969971
vt 0.47836416959762573 0.55336868762969971
vt 0.43207085132598877 0.58271896839141846
vt 0.46293306350708008 0.58271896839141846
vt 0.48607972264289856 0.55336868762969971
vt 0.47836416959762573 0.54847699403762817
vt 0.48607972264289856 0.54847699403762817
vt 0.48607972264289856 0.56315213441848755
vt 0.47836416959762573 0.55826044082641602
vt 0.48607972264289856 0.55826044082641602
vt 0.47836416959762573 0.58271896839141846
vt 0.46293306350708008 0.57293558120727539
vt 0.47836416959762573 0.57293558120727539
vt 0.48607972264289856 0.57293558120727539
vt 0.47836416959762573 0.56804382801055908
vt 0.48607972264289856 0.56804382801055908
vt 0.48607972264289856 0.58271896839141846
vt 0.47836416959762573 0.57782727479934692
vt 0.48607972264289856 0.57782727479934692
vt 0.47836416959762573 0.60228580236434937
vt 0.46293306350708008 0.5925024151802063
vt 0.47836416959762573 0.5925024151802063
vt 0.48607972264289856 0.5925024151802063
vt 0.47836416959762573 0.58761066198348999
vt 0.48607972264289856 0.58761066198348999
vt 0.48607972264289856 0.60228580236434937
vt 0.47836416959762573 0.59739410877227783
vt 0.48607972264289856 0.59739410877227783
vt 0.46293306350708008 0.61206924915313721
vt 0.47836416959762573 0.61206924915313721
vt 0.48607972264289856 0.61206924915313721
vt 0.47836416959762573 0.60717755556106567
vt 0.48607972264289856 0.60717755556106567
vt 0.48607972264289856 0.62185269594192505
vt 0.47836416959762573 0.61696094274520874
vt 0.48607972264289856 0.61696094274520874
vt 0.48607972264289856 0.63163608312606812
vt 0.47836416959762573 0.62674438953399658
vt 0.48607972264289856 0.62674438953399658
vt 0.47836416959762573 0.63652777671813965
vt 0.48607972264289856 0.63652777671813965
vt 4.4468146370491013E-05 0.63745659589767456
vt 4.4184907892486081E-05 0.63349366188049316
vt 4.3901676690438762E-05 0.62953072786331177
vt 4.361843821243383E-05 0.62556785345077515
vt 4.3335199734428898E-05 0.62160497903823853
vt 4.3051964894402772E-05 0.61764204502105713
vt 4.2768730054376647E-05 0.61367917060852051
vt 4.2485491576371714E-05 0.60971623659133911
vt 4.2202253098366782E-05 0.60575336217880249
vt 4.1919018258340657E-05 0.60179042816162109
vt 4.1635779780335724E-05 0.5978274941444397
vt 4.1352544940309599E-05 0.59386461973190308
vt 4.1069310100283474E-05 0.58990168571472168
vt 4.0786071622278541E-05 0.58593881130218506
vt 4.0502833144273609E-05 0.58197593688964844
vt 4.0219598304247484E-05 0.57801300287246704
vt 3.9936363464221358E-05 0.57405012845993042
vt 3.9653124986216426E-05 0.57008719444274902
vt 3.9369886508211493E-05 0.56612426042556763
vt 3.9086655306164175E-05 0.56216138601303101
vt 3.8803416828159243E-05 0.55819845199584961
vt 3.852017835015431E-05 0.55423557758331299
vt 3.8236939872149378E-05 0.55027264356613159
vt 3.7953705032123253E-05 0.54630976915359497
vt 3.7670470192097127E-05 0.54234689474105835
vt 3.7387231714092195E-05 0.53838396072387695
vt 3.710399687406607E-05 0.53442102670669556
vt 3.6820758396061137E-05 0.53045815229415894
vt 3.6537523556035012E-05 0.52649521827697754
vt 3.625428507803008E-05 0.52253234386444092
vt 3.5971050238003954E-05 0.51856940984725952
vt 3.5687811759999022E-05 0.5146065354347229
vt 3.5404573281994089E-05 0.5106436014175415
vt 3.5121342079946771E-05 0.50668066740036011
vt 3.4838103601941839E-05 0.50271779298782349
vt 3.4554865123936906E-05 0.49875491857528687
vt 3.4271626645931974E-05 0.49479201436042786
vt 3.3988395443884656E-05 0.49082908034324646
vt 3.3705156965879723E-05 0.48686617612838745
vt 3.3421918487874791E-05 0.48290327191352844
vt 3.3138683647848666E-05 0.47894036769866943
vt 3.285544880782254E-05 0.47497746348381042
vt 3.2572210329817608E-05 0.47101455926895142
vt 3.2288971851812676E-05 0.46705165505409241
vt 3.200573701178655E-05 0.46308872103691101
vt 3.1722498533781618E-05 0.45912584662437439
vt 3.1439263693755493E-05 0.45516294240951538
vt 3.1156028853729367E-05 0.45120003819465637
vt 3.0872790375724435E-05 0.44723713397979736
vt 3.0589551897719502E-05 0.44327422976493835
vt 3.0306318876682781E-05 0.43931132555007935
vt 3.0023080398677848E-05 0.43534842133522034
vt 2.9739843739662319E-05 0.43138548731803894
vt 2.9456608899636194E-05 0.42742258310317993
vt 2.9173370421631262E-05 0.42345967888832092
vt 2.8890133762615733E-05 0.41949677467346191
vt 2.8606897103600204E-05 0.41553390026092529
vt 2.8323660444584675E-05 0.41157099604606628
vt 2.8040423785569146E-05 0.40760809183120728
vt 2.7757187126553617E-05 0.40364518761634827
vt 2.7473952286527492E-05 0.39968225359916687
vt 2.719071380852256E-05 0.39571934938430786
vt 2.6907478968496434E-05 0.39175644516944885
vt 2.6624240490491502E-05 0.38779354095458984
vt 2.6341005650465377E-05 0.38383063673973083
vt 2.6057767172460444E-05 0.37986773252487183
vt 2.5774530513444915E-05 0.37590482831001282
vt 2.549129567341879E-05 0.3719419538974762
vt 2.5208057195413858E-05 0.3679790198802948
vt 2.4924822355387732E-05 0.36401611566543579
vt 2.46415838773828E-05 0.36005321145057678
vt 2.4358349037356675E-05 0.35609030723571777
vt 2.4075110559351742E-05 0.35212740302085876
vt 2.3791875719325617E-05 0.34816449880599976
vt 2.3508639060310088E-05 0.34420159459114075
vt 2.3225402401294559E-05 0.34023866057395935
vt 2.294216574227903E-05 0.33627575635910034
vt 2.2658929083263502E-05 0.33231288194656372
vt 2.2375692424247973E-05 0.32834997773170471
vt 2.209245394624304E-05 0.32438704371452332
vt 2.1809219106216915E-05 0.32042416930198669
vt 2.1525982447201386E-05 0.31646126508712769
vt 2.1242745788185857E-05 0.31249836087226868
vt 2.0959509129170328E-05 0.30853542685508728
vt 2.06762724701548E-05 0.30457252264022827
vt 2.0393035811139271E-05 0.30060964822769165
vt 2.0109799152123742E-05 0.29664674401283264
vt 1.9826562493108213E-05 0.29268380999565125
vt 1.9543327653082088E-05 0.28872090578079224
vt 1.9260089175077155E-05 0.28475800156593323
vt 1.8976852516061626E-05 0.28079509735107422
vt 1.8693615857046098E-05 0.27683219313621521
vt 1.8410379198030569E-05 0.2728692889213562
vt 1.812714253901504E-05 0.26890638470649719
vt 1.7843905879999511E-05 0.26494348049163818
vt 1.7560671039973386E-05 0.26098057627677917
vt 1.7277432561968453E-05 0.25701767206192017
vt 1.6994197721942328E-05 0.25305476784706116
vt 1.6710959243937396E-05 0.24909186363220215
vt 1.642772440391127E-05 0.24512895941734314
vt 1.6144485925906338E-05 0.24116605520248413
vt 1.5861249266890809E-05 0.23720315098762512
vt 1.5578014426864684E-05 0.23324024677276611
vt 1.5294775948859751E-05 0.2292773425579071
vt 1.5011540199338924E-05 0.2253144383430481
vt 1.4728304449818097E-05 0.22135151922702789
vt 1.4445066881307866E-05 0.21738861501216888
vt 1.4161830222292338E-05 0.21342572569847107
vt 1.3878593563276809E-05 0.20946282148361206
vt 1.359535690426128E-05 0.20549990236759186
vt 1.3312120245245751E-05 0.20153699815273285
vt 1.3028883586230222E-05 0.19757409393787384
vt 1.2745647836709395E-05 0.19361120462417603
vt 1.2462411177693866E-05 0.18964828550815582
vt 1.2179174518678337E-05 0.18568538129329681
vt 1.1895937859662808E-05 0.18172247707843781
vt 1.161270120064728E-05 0.1777595579624176
vt 1.1329464541631751E-05 0.17379666864871979
vt 1.104622697312152E-05 0.16983374953269958
vt 1.0762991223600693E-05 0.16587086021900177
vt 1.0479754564585164E-05 0.16190794110298157
vt 1.0196517905569635E-05 0.15794505178928375
vt 9.9132812465541065E-06 0.15398213267326355
vt 9.6300445875385776E-06 0.15001922845840454
vt 9.3468079285230488E-06 0.14605633914470673
vt 9.0635712695075199E-06 0.14209342002868652
vt 8.7803355199866928E-06 0.13813051581382751
vt 8.497098860971164E-06 0.13416761159896851
vt 8.2138622019556351E-06 0.1302047073841095
vt 7.9306246334454045E-06 0.12624180316925049
vt 7.6473879744298756E-06 0.12227889895439148
vt 7.3641522249090485E-06 0.11831598728895187
vt 7.0809151111461688E-06 0.11435309052467346
vt 6.7976784521306399E-06 0.11039017885923386
vt 6.5144417931151111E-06 0.10642727464437485
vt 6.2312055888469331E-06 0.10246437042951584
vt 5.9479689298314042E-06 0.09850146621465683
vt 5.6647322708158754E-06 0.094538561999797821
vt 5.3814956118003465E-06 0.090575657784938812
vt 5.0982589527848177E-06 0.086612753570079803
vt 4.8150222937692888E-06 0.082649841904640198
vt 4.53178563475376E-06 0.078686937689781189
vt 4.248549430485582E-06 0.07472403347492218
vt 3.9653123167227022E-06 0.070761129260063171
vt 3.6820761124545243E-06 0.066798225045204163
vt 3.39883922606532E-06 0.062835320830345154
vt 3.1156027944234665E-06 0.058872412890195847
vt 2.8323661354079377E-06 0.054909508675336838
vt 2.5491294763924088E-06 0.050946604460477829
vt 2.26589281737688E-06 0.046983696520328522
vt 1.9826561583613511E-06 0.043020792305469513
vt 1.69941961303266E-06 0.039057888090610504
vt 1.4161830677039688E-06 0.035094983875751495
vt 1.13294640868844E-06 0.031132075935602188
vt 8.4970980651632999E-07 0.027169171720743179
vt 5.6647320434421999E-07 0.023206265643239021
vt 2.8323660217211E-07 0.019243361428380013
vt 0.015431102365255356 0.63652777671813965
vt 0.0077155511826276779 0.63163608312606812
vt 0.0077155511826276779 0.63652777671813965
vt 0.015431102365255356 0.62674438953399658
vt 0.0077155511826276779 0.62185269594192505
vt 0.0077155511826276779 0.62674438953399658
vt 0.030862204730510712 0.61206924915313721
vt 0.015431102365255356 0.60228580236434937
vt 0.015431102365255356 0.61206924915313721
vt 0.061724409461021423 0.58271896839141846
vt 0.030862204730510712 0.56315213441848755
vt 0.030862204730510712 0.58271896839141846
vt 0.12344881892204285 0.52401846647262573
vt 0.061724409461021423 0.48488473892211914
vt 0.061724409461021423 0.52401846647262573
vt 0.12344881892204285 0.32834997773170471
vt 0.12344881892204285 0.40661737322807312
vt 0.015431102365255356 0.61696094274520874
vt 0.0077155511826276779 0.61206924915313721
vt 0.0077155511826276779 0.61696094274520874
vt 0.015431102365255356 0.60717755556106567
vt 0.0077155511826276779 0.60228580236434937
vt 0.0077155511826276779 0.60717755556106567
vt 0.030862204730510712 0.5925024151802063
vt 0.015431102365255356 0.58271896839141846
vt 0.015431102365255356 0.5925024151802063
vt 0.015431102365255356 0.59739410877227783
vt 0.0077155511826276779 0.5925024151802063
vt 0.0077155511826276779 0.59739410877227783
vt 0.015431102365255356 0.58761066198348999
vt 0.0077155511826276779 0.58271896839141846
vt 0.0077155511826276779 0.58761066198348999
vt 0.030862204730510712 0.57293558120727539
vt 0.015431102365255356 0.56315213441848755
vt 0.015431102365255356 0.57293558120727539
vt 0.061724409461021423 0.54358530044555664
vt 0.030862204730510712 0.52401846647262573
vt 0.030862204730510712 0.54358530044555664
vt 0.015431102365255356 0.57782727479934692
vt 0.0077155511826276779 0.57293558120727539
vt 0.0077155511826276779 0.57782727479934692
vt 0.015431102365255356 0.56804382801055908
vt 0.0077155511826276779 0.56315213441848755
vt 0.0077155511826276779 0.56804382801055908
vt 0.030862204730510712 0.55336868762969971
vt 0.015431102365255356 0.54358530044555664
vt 0.015431102365255356 0.55336868762969971
vt 0.015431102365255356 0.55826044082641602
vt 0.0077155511826276779 0.55336868762969971
vt 0.0077155511826276779 0.55826044082641602
vt 0.015431102365255356 0.54847699403762817
vt 0.0077155511826276779 0.54358530044555664
vt 0.0077155511826276779 0.54847699403762817
vt 0.030862204730510712 0.5338018536567688
vt 0.015431102365255356 0.52401846647262573
vt 0.015431102365255356 0.5338018536567688
vt 0.061724409461021423 0.50445157289505005
vt 0.030862204730510712 0.48488473892211914
vt 0.030862204730510712 0.50445157289505005
vt 0.12344881892204285 0.44575107097625732
vt 0.061724409461021423 0.40661737322807312
vt 0.061724409461021423 0.44575107097625732
vt 0.015431102365255356 0.53869354724884033
vt 0.0077155511826276779 0.5338018536567688
vt 0.0077155511826276779 0.53869354724884033
vt 0.015431102365255356 0.52891016006469727
vt 0.0077155511826276779 0.52401846647262573
vt 0.0077155511826276779 0.52891016006469727
vt 0.030862204730510712 0.51423501968383789
vt 0.015431102365255356 0.50445157289505005
vt 0.015431102365255356 0.51423501968383789
vt 0.015431102365255356 0.51912671327590942
vt 0.0077155511826276779 0.51423501968383789
vt 0.0077155511826276779 0.51912671327590942
vt 0.015431102365255356 0.50934332609176636
vt 0.0077155511826276779 0.50445157289505005
vt 0.0077155511826276779 0.50934332609176636
vt 0.030862204730510712 0.49466818571090698
vt 0.015431102365255356 0.48488473892211914
vt 0.015431102365255356 0.49466818571090698
vt 0.061724409461021423 0.46531790494918823
vt 0.030862204730510712 0.44575107097625732
vt 0.030862204730510712 0.46531790494918823
vt 0.015431102365255356 0.49955987930297852
vt 0.0077155511826276779 0.49466818571090698
vt 0.0077155511826276779 0.49955987930297852
vt 0.015431102365255356 0.48977646231651306
vt 0.0077155511826276779 0.48488473892211914
vt 0.0077155511826276779 0.48977646231651306
vt 0.030862204730510712 0.47510132193565369
vt 0.015431102365255356 0.46531790494918823
vt 0.015431102365255356 0.47510132193565369
vt 0.015431102365255356 0.47999304533004761
vt 0.0077155511826276779 0.47510132193565369
vt 0.0077155511826276779 0.47999304533004761
vt 0.015431102365255356 0.47020962834358215
vt 0.0077155511826276779 0.46531790494918823
vt 0.0077155511826276779 0.47020962834358215
vt 0.030862204730510712 0.45553448796272278
vt 0.015431102365255356 0.44575107097625732
vt 0.015431102365255356 0.45553448796272278
vt 0.061724409461021423 0.42618420720100403
vt 0.030862204730510712 0.40661737322807312
vt 0.030862204730510712 0.42618420720100403
vt 0.12344881892204285 0.36748367547988892
vt 0.061724409461021423 0.32834997773170471
vt 0.061724409461021423 0.36748367547988892
vt 0.12344881892204285 0.25008261203765869
vt 0.015431102365255356 0.46042618155479431
vt 0.0077155511826276779 0.45553448796272278
vt 0.0077155511826276779 0.46042618155479431
vt 0.015431102365255356 0.45064276456832886
vt 0.0077155511826276779 0.44575107097625732
vt 0.0077155511826276779 0.45064276456832886
vt 0.030862204730510712 0.43596762418746948
vt 0.015431102365255356 0.42618420720100403
vt 0.015431102365255356 0.43596762418746948
vt 0.015431102365255356 0.4408593475818634
vt 0.0077155511826276779 0.43596762418746948
vt 0.0077155511826276779 0.4408593475818634
vt 0.015431102365255356 0.43107593059539795
vt 0.0077155511826276779 0.42618420720100403
vt 0.0077155511826276779 0.43107593059539795
vt 0.030862204730510712 0.41640079021453857
vt 0.015431102365255356 0.40661737322807312
vt 0.015431102365255356 0.41640079021453857
vt 0.061724409461021423 0.38705050945281982
vt 0.030862204730510712 0.36748367547988892
vt 0.030862204730510712 0.38705050945281982
vt 0.015431102365255356 0.4212925136089325
vt 0.0077155511826276779 0.41640079021453857
vt 0.0077155511826276779 0.4212925136089325
vt 0.015431102365255356 0.41150906682014465
vt 0.0077155511826276779 0.40661737322807312
vt 0.0077155511826276779 0.41150906682014465
vt 0.030862204730510712 0.39683395624160767
vt 0.015431102365255356 0.38705050945281982
vt 0.015431102365255356 0.39683395624160767
vt 0.015431102365255356 0.4017256498336792
vt 0.0077155511826276779 0.39683395624160767
vt 0.0077155511826276779 0.4017256498336792
vt 0.015431102365255356 0.39194223284721375
vt 0.0077155511826276779 0.38705050945281982
vt 0.0077155511826276779 0.39194223284721375
vt 0.030862204730510712 0.37726709246635437
vt 0.015431102365255356 0.36748367547988892
vt 0.015431102365255356 0.37726709246635437
vt 0.061724409461021423 0.34791684150695801
vt 0.030862204730510712 0.32834997773170471
vt 0.030862204730510712 0.34791684150695801
vt 0.12344881892204285 0.28921627998352051
vt 0.061724409461021423 0.25008261203765869
vt 0.061724409461021423 0.28921627998352051
vt 0.015431102365255356 0.38215881586074829
vt 0.0077155511826276779 0.37726709246635437
vt 0.0077155511826276779 0.38215881586074829
vt 0.015431102365255356 0.37237539887428284
vt 0.0077155511826276779 0.36748367547988892
vt 0.0077155511826276779 0.37237539887428284
vt 0.030862204730510712 0.35770025849342346
vt 0.015431102365255356 0.34791684150695801
vt 0.015431102365255356 0.35770025849342346
vt 0.015431102365255356 0.362591952085495
vt 0.0077155511826276779 0.35770025849342346
vt 0.0077155511826276779 0.362591952085495
vt 0.015431102365255356 0.35280853509902954
vt 0.0077155511826276779 0.34791684150695801
vt 0.0077155511826276779 0.35280853509902954
vt 0.030862204730510712 0.33813339471817017
vt 0.015431102365255356 0.32834997773170471
vt 0.015431102365255356 0.33813339471817017
vt 0.061724409461021423 0.3087831437587738
vt 0.030862204730510712 0.28921627998352051
vt 0.030862204730510712 0.3087831437587738
vt 0.015431102365255356 0.34302511811256409
vt 0.0077155511826276779 0.33813339471817017
vt 0.0077155511826276779 0.34302511811256409
vt 0.015431102365255356 0.33324170112609863
vt 0.0077155511826276779 0.32834997773170471
vt 0.0077155511826276779 0.33324170112609863
vt 0.030862204730510712 0.31856656074523926
vt 0.015431102365255356 0.3087831437587738
vt 0.015431102365255356 0.31856656074523926
vt 0.015431102365255356 0.32345828413963318
vt 0.0077155511826276779 0.31856656074523926
vt 0.0077155511826276779 0.32345828413963318
vt 0.015431102365255356 0.31367483735084534
vt 0.0077155511826276779 0.3087831437587738
vt 0.0077155511826276779 0.31367483735084534
vt 0.030862204730510712 0.29899972677230835
vt 0.015431102365255356 0.28921627998352051
vt 0.015431102365255356 0.29899972677230835
vt 0.061724409461021423 0.2696494460105896
vt 0.030862204730510712 0.25008261203765869
vt 0.030862204730510712 0.2696494460105896
vt 0.12344881892204285 0.21094891428947449
vt 0.061724409461021423 0.17181521654129028
vt 0.061724409461021423 0.21094891428947449
vt 0.015431102365255356 0.30389142036437988
vt 0.0077155511826276779 0.29899972677230835
vt 0.0077155511826276779 0.30389142036437988
vt 0.015431102365255356 0.29410800337791443
vt 0.0077155511826276779 0.28921627998352051
vt 0.0077155511826276779 0.29410800337791443
vt 0.030862204730510712 0.27943286299705505
vt 0.015431102365255356 0.2696494460105896
vt 0.015431102365255356 0.27943286299705505
vt 0.015431102365255356 0.28432458639144897
vt 0.0077155511826276779 0.27943286299705505
vt 0.0077155511826276779 0.28432458639144897
vt 0.015431102365255356 0.27454116940498352
vt 0.0077155511826276779 0.2696494460105896
vt 0.0077155511826276779 0.27454116940498352
vt 0.030862204730510712 0.25986602902412415
vt 0.015431102365255356 0.25008261203765869
vt 0.015431102365255356 0.25986602902412415
vt 0.061724409461021423 0.23051576316356659
vt 0.030862204730510712 0.21094891428947449
vt 0.030862204730510712 0.23051576316356659
vt 0.015431102365255356 0.26475772261619568
vt 0.0077155511826276779 0.25986602902412415
vt 0.0077155511826276779 0.26475772261619568
vt 0.015431102365255356 0.25497430562973022
vt 0.0077155511826276779 0.25008261203765869
vt 0.0077155511826276779 0.25497430562973022
vt 0.030862204730510712 0.24029918015003204
vt 0.015431102365255356 0.23051576316356659
vt 0.015431102365255356 0.24029918015003204
vt 0.015431102365255356 0.24519088864326477
vt 0.0077155511826276779 0.24029918015003204
vt 0.0077155511826276779 0.24519088864326477
vt 0.015431102365255356 0.23540747165679932
vt 0.0077155511826276779 0.23051576316356659
vt 0.0077155511826276779 0.23540747165679932
vt 0.030862204730510712 0.22073233127593994
vt 0.015431102365255356 0.21094891428947449
vt 0.015431102365255356 0.22073233127593994
vt 0.061724409461021423 0.19138206541538239
vt 0.030862204730510712 0.17181521654129028
vt 0.030862204730510712 0.19138206541538239
vt 0.12344881892204285 0.13268153369426727
vt 0.061724409461021423 0.13268153369426727
vt 0.015431102365255356 0.22562403976917267
vt 0.0077155511826276779 0.22073233127593994
vt 0.0077155511826276779 0.22562403976917267
vt 0.015431102365255356 0.21584062278270721
vt 0.0077155511826276779 0.21094891428947449
vt 0.0077155511826276779 0.21584062278270721
vt 0.030862204730510712 0.20116548240184784
vt 0.015431102365255356 0.19138206541538239
vt 0.015431102365255356 0.20116548240184784
vt 0.015431102365255356 0.20605720579624176
vt 0.0077155511826276779 0.20116548240184784
vt 0.0077155511826276779 0.20605720579624176
vt 0.015431102365255356 0.19627377390861511
vt 0.0077155511826276779 0.19138206541538239
vt 0.0077155511826276779 0.19627377390861511
vt 0.030862204730510712 0.18159864842891693
vt 0.015431102365255356 0.17181521654129028
vt 0.015431102365255356 0.18159864842891693
vt 0.061724409461021423 0.15224836766719818
vt 0.030862204730510712 0.13268153369426727
vt 0.030862204730510712 0.15224836766719818
vt 0.015431102365255356 0.18649035692214966
vt 0.0077155511826276779 0.18159864842891693
vt 0.0077155511826276779 0.18649035692214966
vt 0.015431102365255356 0.17670692503452301
vt 0.0077155511826276779 0.17181521654129028
vt 0.0077155511826276779 0.17670692503452301
vt 0.030862204730510712 0.16203179955482483
vt 0.015431102365255356 0.15224836766719818
vt 0.015431102365255356 0.16203179955482483
vt 0.015431102365255356 0.16692350804805756
vt 0.0077155511826276779 0.16203179955482483
vt 0.0077155511826276779 0.16692350804805756
vt 0.015431102365255356 0.1571400910615921
vt 0.0077155511826276779 0.15224836766719818
vt 0.0077155511826276779 0.1571400910615921
vt 0.030862204730510712 0.14246495068073273
vt 0.015431102365255356 0.13268153369426727
vt 0.015431102365255356 0.14246495068073273
vt 0.061724409461021423 0.11311468482017517
vt 0.030862204730510712 0.093547835946083069
vt 0.030862204730510712 0.11311468482017517
vt 0.015431102365255356 0.14735665917396545
vt 0.0077155511826276779 0.14246495068073273
vt 0.0077155511826276779 0.14735665917396545
vt 0.015431102365255356 0.1375732421875
vt 0.0077155511826276779 0.13268153369426727
vt 0.0077155511826276779 0.1375732421875
vt 0.030862204730510712 0.12289810925722122
vt 0.015431102365255356 0.11311468482017517
vt 0.015431102365255356 0.12289810925722122
vt 0.015431102365255356 0.12778981029987335
vt 0.0077155511826276779 0.12289810925722122
vt 0.0077155511826276779 0.12778981029987335
vt 0.015431102365255356 0.1180063933134079
vt 0.0077155511826276779 0.11311468482017517
vt 0.0077155511826276779 0.1180063933134079
vt 0.030862204730510712 0.10333126038312912
vt 0.015431102365255356 0.093547835946083069
vt 0.015431102365255356 0.10333126038312912
vt 0.061724409461021423 0.073980994522571564
vt 0.030862204730510712 0.073980994522571564
vt 0.015431102365255356 0.10822296887636185
vt 0.0077155511826276779 0.10333126038312912
vt 0.0077155511826276779 0.10822296887636185
vt 0.015431102365255356 0.098439551889896393
vt 0.0077155511826276779 0.093547835946083069
vt 0.0077155511826276779 0.098439551889896393
vt 0.030862204730510712 0.083764411509037018
vt 0.015431102365255356 0.073980994522571564
vt 0.015431102365255356 0.083764411509037018
vt 0.015431102365255356 0.088656127452850342
vt 0.0077155511826276779 0.083764411509037018
vt 0.0077155511826276779 0.088656127452850342
vt 0.015431102365255356 0.078872703015804291
vt 0.0077155511826276779 0.073980994522571564
vt 0.0077155511826276779 0.078872703015804291
vt 0.030862204730510712 0.064197570085525513
vt 0.015431102365255356 0.054414145648479462
vt 0.015431102365255356 0.064197570085525513
vt 0.015431102365255356 0.06908927857875824
vt 0.0077155511826276779 0.064197570085525513
vt 0.0077155511826276779 0.06908927857875824
vt 0.015431102365255356 0.059305857867002487
vt 0.0077155511826276779 0.054414145648479462
vt 0.0077155511826276779 0.059305857867002487
vt 0.030862204730510712 0.044630724936723709
vt 0.015431102365255356 0.044630724936723709
vt 0.015431102365255356 0.049522437155246735
vt 0.0077155511826276779 0.044630724936723709
vt 0.0077155511826276779 0.049522437155246735
vt 0.015431102365255356 0.039739012718200684
vt 0.0077155511826276779 0.034847300499677658
vt 0.0077155511826276779 0.039739012718200684
vt 0.015431102365255356 0.029955590143799782
vt 0.0077155511826276779 0.029955590143799782
vn -1 0 0
vn -1 0 0
vn -1 0 0
vn -1 0 0
vn -1 0 0
vn -1 0 0
vn -1 0 0
vn -1 0 0
vn -1 0 0
vn -1 0 0
vn -1 0 0
vn -1 0 0
vn -1 0 0
vn -1 0 0
vn -1 0 0
vn -1 0 0
vn -1 0 0
vn -1 0 0
vn -1 0 0
vn -1 0 0
vn -1 0 0
vn -1 0 0
vn -1 0 0
vn -1 0 0
vn -1 0 0
vn -1 0 0
vn -1 0 0
vn -1 0 0
vn -1 0 0
vn -1 0 0
vn -1 0 0
vn -1 0 0
vn 1 0 0
vn 1 0 0
vn 1 0 0
vn 1 0 0
vn 1 0 0
vn 1 0 0
vn 1 0 0
vn 1 0 0
vn 1 0 0
vn 1 0 0
vn 1 0 0
vn 1 0 0
vn 1 0 0
vn 1 0 0
vn 1 0 0
vn 1 0 0
vn 1 0 0
vn 1 0 0
vn 1 0 0
vn 1 0 0
vn 1 0 0
vn 1 0 0
vn 1 0 0
vn 1 0 0
vn 1 0 0
vn 1 0 0
vn 1 0 0
vn 1 0 0
vn 1 0 0
vn 1 0 0
vn 1 0 0
vn 2.0696246849638555E-07 0.00065433443523943424 0.9999997615814209
vn 1.9144508200952259E-07 -0.37930506467819214 0.92527168989181519
vn 1.9144508200952259E-07 -0.37930506467819214 0.92527168989181519
vn 1.4481234700269852E-07 -0.71397525072097778 0.70017093420028687
vn 1.4481234700269852E-07 -0.71397525072097778 0.70017093420028687
vn 7.5220391693164856E-08 -0.93137586116790771 0.36405900120735168
vn 7.5220391693164856E-08 -0.93137586116790771 0.36405900120735168
vn 0 -0.9999997615814209 0.00065433443523943424
vn 0 -0.9999997615814209 0.00065433443523943424
vn -7.8627181210322306E-08 -0.92527168989181519 -0.37930506467819214
vn -7.8627181210322306E-08 -0.92527168989181519 -0.37930506467819214
vn -1.4786085955620365E-07 -0.70017093420028687 -0.71397525072097778
vn -1.4786085955620365E-07 -0.70017093420028687 -0.71397525072097778
vn -1.9280909668850654E-07 -0.36405900120735168 -0.93137586116790771
vn -1.9280909668850654E-07 -0.36405900120735168 -0.93137586116790771
vn -2.0696246849638555E-07 -0.00065433443523943424 -0.9999997615814209
vn 1.9120835759167676E-07 -0.38207882642745972 0.92412972450256348
vn 1.4634453293638217E-07 -0.70664393901824951 0.70756930112838745
vn 7.9201093683423096E-08 -0.92362892627716064 0.38328787684440613
vn 0 -0.9999997615814209 0.00065433443523943424
vn -7.9201093683423096E-08 -0.92412972450256348 -0.38207882642745972
vn -1.4634454714723688E-07 -0.70756930112838745 -0.70664393901824951
vn -1.9120837180253147E-07 -0.38328787684440613 -0.92362892627716064
vn -2.0696246849638555E-07 -0.00065433443523943424 -0.9999997615814209
vn 1.9144508200952259E-07 -0.37930506467819214 0.92527168989181519
vn 2.0327547645138111E-07 -0.18727235496044159 0.982308030128479
vn 2.0327547645138111E-07 -0.18727235496044159 0.982308030128479
vn 1.4481234700269852E-07 -0.71397525072097778 0.70017093420028687
vn 1.7188699530379381E-07 -0.55644130706787109 0.83088690042495728
vn 1.7188699530379381E-07 -0.55644130706787109 0.83088690042495728
vn 7.5220391693164856E-08 -0.93137586116790771 0.36405900120735168
vn 1.1191018245426676E-07 -0.84084409475326538 0.54127734899520874
vn 1.1191018245426676E-07 -0.84084409475326538 0.54127734899520874
vn -7.8627181210322306E-08 -0.92527168989181519 -0.37930506467819214
vn -3.8891357689863071E-08 -0.982308030128479 -0.18727235496044159
vn 0 -0.9999997615814209 0.00065433443523943424
vn -3.8891357689863071E-08 -0.982308030128479 -0.18727235496044159
vn 3.7176313583131559E-08 -0.98361682891845703 0.18027195334434509
vn 3.7176313583131559E-08 -0.98361682891845703 0.18027195334434509
vn -1.4786085955620365E-07 -0.70017093420028687 -0.71397525072097778
vn -1.15274943368604E-07 -0.83088690042495728 -0.55644130706787109
vn -1.15274943368604E-07 -0.83088690042495728 -0.55644130706787109
vn -1.9280909668850654E-07 -0.36405900120735168 -0.93137586116790771
vn -1.7409642794063984E-07 -0.54127734899520874 -0.84084409475326538
vn -1.7409642794063984E-07 -0.54127734899520874 -0.84084409475326538
vn -2.0359613017717493E-07 -0.18027195334434509 -0.98361682891845703
vn -2.0359613017717493E-07 -0.18027195334434509 -0.98361682891845703
vn -1.9120837180253147E-07 -0.38328787684440613 -0.92362892627716064
vn -1.4634454714723688E-07 -0.70756930112838745 -0.70664393901824951
vn -7.9201093683423096E-08 -0.92412972450256348 -0.38207882642745972
vn 0 -0.9999997615814209 0.00065433443523943424
vn 7.9201093683423096E-08 -0.92362892627716064 0.38328787684440613
vn 1.4634453293638217E-07 -0.70664393901824951 0.70756930112838745
vn 1.9120835759167676E-07 -0.38207882642745972 0.92412972450256348
vn 2.0696246849638555E-07 0.00065433443523943424 0.9999997615814209
vn -1.9280909668850654E-07 -0.36405900120735168 -0.93137586116790771
vn -2.0359613017717493E-07 -0.18027195334434509 -0.98361682891845703
vn -2.0359613017717493E-07 -0.18027195334434509 -0.98361682891845703
vn -1.4786085955620365E-07 -0.70017093420028687 -0.71397525072097778
vn -1.7409642794063984E-07 -0.54127734899520874 -0.84084409475326538
vn -1.7409642794063984E-07 -0.54127734899520874 -0.84084409475326538
vn -7.8627181210322306E-08 -0.92527168989181519 -0.37930506467819214
vn -1.15274943368604E-07 -0.83088690042495728 -0.55644130706787109
vn -1.15274943368604E-07 -0.83088690042495728 -0.55644130706787109
vn 0 -0.9999997615814209 0.00065433443523943424
vn 7.5220391693164856E-08 -0.93137586116790771 0.36405900120735168
vn 3.7176313583131559E-08 -0.98361682891845703 0.18027195334434509
vn 3.7176313583131559E-08 -0.98361682891845703 0.18027195334434509
vn -3.8891357689863071E-08 -0.982308030128479 -0.18727235496044159
vn -3.8891357689863071E-08 -0.982308030128479 -0.18727235496044159
vn 1.4481234700269852E-07 -0.71397525072097778 0.70017093420028687
vn 1.1191018245426676E-07 -0.84084409475326538 0.54127734899520874
vn 1.1191018245426676E-07 -0.84084409475326538 0.54127734899520874
vn 1.9144508200952259E-07 -0.37930506467819214 0.92527168989181519
vn 1.7188699530379381E-07 -0.55644130706787109 0.83088690042495728
vn 1.7188699530379381E-07 -0.55644130706787109 0.83088690042495728
vn 2.0327547645138111E-07 -0.18727235496044159 0.982308030128479
vn 2.0327547645138111E-07 -0.18727235496044159 0.982308030128479
vn -2.0696246849638555E-07 -0.00065433443523943424 -0.9999997615814209
vn -2.0696246849638555E-07 -0.00065433443523943424 -0.9999997615814209
vn -2.0696246849638555E-07 -0.00065433443523943424 -0.9999997615814209
vn 2.0696246849638555E-07 0.00065433443523943424 0.9999997615814209
vn 2.0696246849638555E-07 0.00065433443523943424 0.9999997615814209
vn 2.0696246849638555E-07 0.00065433443523943424 0.9999997615814209
vn -2.0696246849638555E-07 -0.00065433443523943424 -0.9999997615814209
vn -2.0696246849638555E-07 -0.00065433443523943424 -0.9999997615814209
vn -2.0696244007467612E-07 -0.00065433443523943424 -0.9999997615814209
vn -2.0696244007467612E-07 -0.00065433443523943424 -0.9999997615814209
vn -2.0696244007467612E-07 -0.00065433443523943424 -0.9999997615814209
vn -2.0696244007467612E-07 -0.00065433443523943424 -0.9999997615814209
vn -2.0696244007467612E-07 -0.00065433443523943424 -0.9999997615814209
vn -2.0696244007467612E-07 -0.00065433443523943424 -0.9999997615814209
vn -2.0696246849638555E-07 -0.00065433443523943424 -0.9999997615814209
vn -2.0696246849638555E-07 -0.00065433443523943424 -0.9999997615814209
vn -2.0696246849638555E-07 -0.00065433443523943424 -0.9999997615814209
vn -2.0696246849638555E-07 -0.00065433443523943424 -0.9999997615814209
vn -2.0696246849638555E-07 -0.00065433443523943424 -0.9999997615814209
vn -2.0696246849638555E-07 -0.00065433443523943424 -0.9999997615814209
vn -2.0696246849638555E-07 -0.00065433443523943424 -0.9999997615814209
vn -2.0696246849638555E-07 -0.00065433443523943424 -0.9999997615814209
vn -1.463445613580916E-07 0.70664393901824951 -0.70756930112838745
vn -1.4634454714723688E-07 0.70664393901824951 -0.70756930112838745
vn -1.4634454714723688E-07 0.70664393901824951 -0.70756930112838745
vn -1.463445613580916E-07 0.70664393901824951 -0.70756930112838745
vn -1.463445613580916E-07 0.70664393901824951 -0.70756930112838745
vn -1.463445613580916E-07 0.70664393901824951 -0.70756930112838745
vn -1.463445613580916E-07 0.70664393901824951 -0.70756930112838745
vn -1.4634454714723688E-07 0.70664393901824951 -0.70756930112838745
vn -1.4634454714723688E-07 0.70664393901824951 -0.70756930112838745
vn -1.4634454714723688E-07 0.70664393901824951 -0.70756930112838745
vn 0 0.9999997615814209 -0.00065433443523943424
vn 0 0.9999997615814209 -0.00065433443523943424
vn 0 0.9999997615814209 -0.00065433443523943424
vn 0 0.9999997615814209 -0.00065433443523943424
vn 0 0.9999997615814209 -0.00065433443523943424
vn 0 0.9999997615814209 -0.00065433443523943424
vn 0 0.9999997615814209 -0.00065433443523943424
vn 0 0.9999997615814209 -0.00065433443523943424
vn 0 0.9999997615814209 -0.00065433443523943424
vn 0 0.9999997615814209 -0.00065433443523943424
vn 0 -0.9999997615814209 0.00065433443523943424
vn 0 -0.9999997615814209 0.00065433443523943424
vn 0 -0.9999997615814209 0.00065433443523943424
vn 0 -0.9999997615814209 0.00065433443523943424
vn 0 -0.9999997615814209 0.00065433443523943424
vn 0 -0.9999997615814209 0.00065433443523943424
vn 0 -0.9999997615814209 0.00065433443523943424
vn 0 -0.9999997615814209 0.00065433443523943424
vn 0 -0.9999997615814209 0.00065433443523943424
vn 0 -0.9999997615814209 0.00065433443523943424
vn 0 -0.9999997615814209 0.00065433443523943424
vn 0 -0.9999997615814209 0.00065433443523943424
vn 0 -0.9999997615814209 0.00065433443523943424
vn 0 -0.9999997615814209 0.00065433443523943424
vn 2.0696246849638555E-07 0.00065433443523943424 0.9999997615814209
vn 2.0696246849638555E-07 0.00065433443523943424 0.9999997615814209
vn 2.0696245428553084E-07 0.00065433443523943424 0.9999997615814209
vn 2.0696245428553084E-07 0.00065433443523943424 0.9999997615814209
vn 2.0696245428553084E-07 0.00065433443523943424 0.9999997615814209
vn 2.0696245428553084E-07 0.00065433443523943424 0.9999997615814209
vn 2.0696245428553084E-07 0.00065433443523943424 0.9999997615814209
vn 2.0696245428553084E-07 0.00065433443523943424 0.9999997615814209
vn 2.0696245428553084E-07 0.00065433443523943424 0.9999997615814209
vn 2.0696245428553084E-07 0.00065433443523943424 0.9999997615814209
vn 2.0696245428553084E-07 0.00065433443523943424 0.9999997615814209
vn 2.0696245428553084E-07 0.00065433443523943424 0.9999997615814209
vn 2.0696245428553084E-07 0.00065433443523943424 0.9999997615814209
vn 2.0696246849638555E-07 0.00065433443523943424 0.9999997615814209
vn 2.0696246849638555E-07 0.00065433443523943424 0.9999997615814209
vn 2.0696246849638555E-07 0.00065433443523943424 0.9999997615814209
vn 2.0696246849638555E-07 0.00065433443523943424 0.9999997615814209
vn 2.0696246849638555E-07 0.00065433443523943424 0.9999997615814209
vn 2.0696246849638555E-07 0.00065433443523943424 0.9999997615814209
vn 2.0696246849638555E-07 0.00065433443523943424 0.9999997615814209
vn 2.0696246849638555E-07 0.00065433443523943424 0.9999997615814209
vn 2.0696246849638555E-07 0.00065433443523943424 0.9999997615814209
vn 2.0696246849638555E-07 0.00065433443523943424 0.9999997615814209
vn 1 0 0
vn 1 0 0
vn 1 0 0
vn 1 0 0
vn 1 0 0
vn 1 0 0
vn 1 0 0
vn 1 0 0
vn 1 0 0
vn 1 0 0
vn 1 0 0
vn 1 0 0
vn 1 0 0
vn 1 0 0
vn 1 0 0
vn 1 0 0
vn 1 0 0
vn 1 0 0
vn 1 0 0
vn 1 0 0
vn 1 0 0
vn 1 0 0
vn 1 0 0
vn 1 0 0
vn 1 0 0
vn 1 0 0
vn 1 0 0
vn 1 0 0
vn 1 0 0
vn 1 0 0
vn 1 0 0
vn 1 0 0
vn -1 0 0
vn -1 0 0
vn -1 0 0
vn -1 0 0
vn -1 0 0
vn -1 0 0
vn -1 0 0
vn -1 0 0
vn -1 0 0
vn -1 0 0
vn -1 0 0
vn -1 0 0
vn -1 0 0
vn -1 0 0
vn -1 0 0
vn -1 0 0
vn -1 0 0
vn -1 0 0
vn -1 0 0
vn -1 0 0
vn -1 0 0
vn -1 0 0
vn -1 0 0
vn -1 0 0
vn -1 0 0
vn -1 0 0
vn -1 0 0
vn -1 0 0
vn -1 0 0
vn -1 0 0
vn -1 0 0
vn -2.0696246849638555E-07 0.00065433443523943424 0.9999997615814209
vn -1.9144508200952259E-07 -0.37930506467819214 0.92527168989181519
vn -1.9144508200952259E-07 -0.37930506467819214 0.92527168989181519
vn -1.4481236121355323E-07 -0.71397525072097778 0.70017093420028687
vn -1.4481236121355323E-07 -0.71397525072097778 0.70017093420028687
vn -7.5220391693164856E-08 -0.93137586116790771 0.36405900120735168
vn -7.5220391693164856E-08 -0.93137586116790771 0.36405900120735168
vn 0 -0.9999997615814209 0.00065433443523943424
vn 0 -0.9999997615814209 0.00065433443523943424
vn 7.8627195421177021E-08 -0.92527168989181519 -0.37930506467819214
vn 7.8627195421177021E-08 -0.92527168989181519 -0.37930506467819214
vn 1.4786085955620365E-07 -0.70017093420028687 -0.71397525072097778
vn 1.4786085955620365E-07 -0.70017093420028687 -0.71397525072097778
vn 1.9280911089936126E-07 -0.36405900120735168 -0.93137586116790771
vn 1.9280911089936126E-07 -0.36405900120735168 -0.93137586116790771
vn 2.0696246849638555E-07 -0.00065433443523943424 -0.9999997615814209
vn -1.9120837180253147E-07 -0.38207882642745972 0.92412972450256348
vn -1.4634454714723688E-07 -0.70664393901824951 0.70756930112838745
vn -7.9201093683423096E-08 -0.92362892627716064 0.38328787684440613
vn 0 -0.9999997615814209 0.00065433443523943424
vn 7.9201107894277811E-08 -0.92412972450256348 -0.38207882642745972
vn 1.463445613580916E-07 -0.70756930112838745 -0.70664393901824951
vn 1.9120838601338619E-07 -0.38328787684440613 -0.92362892627716064
vn 2.0696246849638555E-07 -0.00065433443523943424 -0.9999997615814209
vn -1.9144508200952259E-07 -0.37930506467819214 0.92527168989181519
vn -2.0327547645138111E-07 -0.18727235496044159 0.982308030128479
vn -2.0327547645138111E-07 -0.18727235496044159 0.982308030128479
vn -1.4481236121355323E-07 -0.71397525072097778 0.70017093420028687
vn -1.7188699530379381E-07 -0.55644130706787109 0.83088690042495728
vn -1.7188699530379381E-07 -0.55644130706787109 0.83088690042495728
vn -7.5220391693164856E-08 -0.93137586116790771 0.36405900120735168
vn -1.1191018245426676E-07 -0.84084409475326538 0.54127734899520874
vn -1.1191018245426676E-07 -0.84084409475326538 0.54127734899520874
vn 0 -0.9999997615814209 0.00065433443523943424
vn -3.7176310030417881E-08 -0.98361682891845703 0.18027195334434509
vn -3.7176310030417881E-08 -0.98361682891845703 0.18027195334434509
vn 7.8627195421177021E-08 -0.92527168989181519 -0.37930506467819214
vn 3.8891368348004107E-08 -0.982308030128479 -0.18727235496044159
vn 3.8891368348004107E-08 -0.982308030128479 -0.18727235496044159
vn 1.4786085955620365E-07 -0.70017093420028687 -0.71397525072097778
vn 1.1527495047403136E-07 -0.83088690042495728 -0.55644130706787109
vn 1.1527495047403136E-07 -0.83088690042495728 -0.55644130706787109
vn 1.9280911089936126E-07 -0.36405900120735168 -0.93137586116790771
vn 1.7409642794063984E-07 -0.54127734899520874 -0.84084409475326538
vn 1.7409642794063984E-07 -0.54127734899520874 -0.84084409475326538
vn 2.0359613017717493E-07 -0.18027195334434509 -0.98361682891845703
vn 2.0359613017717493E-07 -0.18027195334434509 -0.98361682891845703
vn 1.9120838601338619E-07 -0.38328787684440613 -0.92362892627716064
vn 1.463445613580916E-07 -0.70756930112838745 -0.70664393901824951
vn 7.9201107894277811E-08 -0.92412972450256348 -0.38207882642745972
vn 0 -0.9999997615814209 0.00065433443523943424
vn -7.9201093683423096E-08 -0.92362892627716064 0.38328787684440613
vn -1.4634454714723688E-07 -0.70664393901824951 0.70756930112838745
vn -1.9120837180253147E-07 -0.38207882642745972 0.92412972450256348
vn -2.0696246849638555E-07 0.00065433443523943424 0.9999997615814209
vn 1.9280911089936126E-07 -0.36405900120735168 -0.93137586116790771
vn 2.0359613017717493E-07 -0.18027195334434509 -0.98361682891845703
vn 2.0359613017717493E-07 -0.18027195334434509 -0.98361682891845703
vn 1.4786085955620365E-07 -0.70017093420028687 -0.71397525072097778
vn 1.7409642794063984E-07 -0.54127734899520874 -0.84084409475326538
vn 1.7409642794063984E-07 -0.54127734899520874 -0.84084409475326538
vn 7.8627195421177021E-08 -0.92527168989181519 -0.37930506467819214
vn 1.1527495047403136E-07 -0.83088690042495728 -0.55644130706787109
vn 1.1527495047403136E-07 -0.83088690042495728 -0.55644130706787109
vn 0 -0.9999997615814209 0.00065433443523943424
vn -7.5220391693164856E-08 -0.93137586116790771 0.36405900120735168
vn -3.7176310030417881E-08 -0.98361682891845703 0.18027195334434509
vn -3.7176310030417881E-08 -0.98361682891845703 0.18027195334434509
vn 3.8891368348004107E-08 -0.982308030128479 -0.18727235496044159
vn 3.8891368348004107E-08 -0.982308030128479 -0.18727235496044159
vn -1.4481236121355323E-07 -0.71397525072097778 0.70017093420028687
vn -1.1191018245426676E-07 -0.84084409475326538 0.54127734899520874
vn -1.1191018245426676E-07 -0.84084409475326538 0.54127734899520874
vn -1.9144508200952259E-07 -0.37930506467819214 0.92527168989181519
vn -1.7188699530379381E-07 -0.55644130706787109 0.83088690042495728
vn -1.7188699530379381E-07 -0.55644130706787109 0.83088690042495728
vn -2.0327547645138111E-07 -0.18727235496044159 0.982308030128479
vn -2.0327547645138111E-07 -0.18727235496044159 0.982308030128479
vn 2.0696246849638555E-07 -0.00065433443523943424 -0.9999997615814209
vn 2.0696246849638555E-07 -0.00065433443523943424 -0.9999997615814209
vn 2.0696246849638555E-07 -0.00065433443523943424 -0.9999997615814209
vn -2.0696246849638555E-07 0.00065433443523943424 0.9999997615814209
vn -2.0696246849638555E-07 0.00065433443523943424 0.9999997615814209
vn -2.0696246849638555E-07 0.00065433443523943424 0.9999997615814209
vn 2.0696246849638555E-07 -0.00065433443523943424 -0.9999997615814209
vn 2.0696246849638555E-07 -0.00065433443523943424 -0.9999997615814209
vn 2.0696244007467612E-07 -0.00065433443523943424 -0.9999997615814209
vn 2.0696244007467612E-07 -0.00065433443523943424 -0.9999997615814209
vn 2.0696244007467612E-07 -0.00065433443523943424 -0.9999997615814209
vn 2.0696244007467612E-07 -0.00065433443523943424 -0.9999997615814209
vn 2.0696244007467612E-07 -0.00065433443523943424 -0.9999997615814209
vn 2.0696244007467612E-07 -0.00065433443523943424 -0.9999997615814209
vn 2.0696246849638555E-07 -0.00065433443523943424 -0.9999997615814209
vn 2.0696246849638555E-07 -0.00065433443523943424 -0.9999997615814209
vn 2.0696246849638555E-07 -0.00065433443523943424 -0.9999997615814209
vn 2.0696246849638555E-07 -0.00065433443523943424 -0.9999997615814209
vn 2.0696246849638555E-07 -0.00065433443523943424 -0.9999997615814209
vn 2.0696246849638555E-07 -0.00065433443523943424 -0.9999997615814209
vn 2.0696246849638555E-07 -0.00065433443523943424 -0.9999997615814209
vn 1.463445613580916E-07 0.70664393901824951 -0.70756930112838745
vn 1.4634453293638217E-07 0.70664393901824951 -0.70756930112838745
vn 1.4634453293638217E-07 0.70664393901824951 -0.70756930112838745
vn 1.463445613580916E-07 0.70664393901824951 -0.70756930112838745
vn 1.463445613580916E-07 0.70664393901824951 -0.70756930112838745
vn 1.463445613580916E-07 0.70664393901824951 -0.70756930112838745
vn 1.4634453293638217E-07 0.70664393901824951 -0.70756930112838745
vn 1.4634453293638217E-07 0.70664393901824951 -0.70756930112838745
vn 0 0.9999997615814209 -0.00065433443523943424
vn 0 0.9999997615814209 -0.00065433443523943424
vn 0 0.9999997615814209 -0.00065433443523943424
vn 0 0.9999997615814209 -0.00065433443523943424
vn 0 0.9999997615814209 -0.00065433443523943424
vn 0 0.9999997615814209 -0.00065433443523943424
vn 0 0.9999997615814209 -0.00065433443523943424
vn 0 0.9999997615814209 -0.00065433443523943424
vn 0 0.9999997615814209 -0.00065433443523943424
vn 0 0.9999997615814209 -0.00065433443523943424
vn 0 -0.9999997615814209 0.00065433443523943424
vn 0 -0.9999997615814209 0.00065433443523943424
vn 0 -0.9999997615814209 0.00065433443523943424
vn 0 -0.9999997615814209 0.00065433443523943424
vn 0 -0.9999997615814209 0.00065433443523943424
vn 0 -0.9999997615814209 0.00065433443523943424
vn 0 -0.9999997615814209 0.00065433443523943424
vn 0 -0.9999997615814209 0.00065433443523943424
vn 0 -0.9999997615814209 0.00065433443523943424
vn 0 -0.9999997615814209 0.00065433443523943424
vn 0 -0.9999997615814209 0.00065433443523943424
vn 0 -0.9999997615814209 0.00065433443523943424
vn 0 -0.9999997615814209 0.00065433443523943424
vn 0 -0.9999997615814209 0.00065433443523943424
vn -2.0696246849638555E-07 0.00065433443523943424 0.9999997615814209
vn -2.0696246849638555E-07 0.00065433443523943424 0.9999997615814209
vn -2.0696245428553084E-07 0.00065433443523943424 0.9999997615814209
vn -2.0696245428553084E-07 0.00065433443523943424 0.9999997615814209
vn -2.0696245428553084E-07 0.00065433443523943424 0.9999997615814209
vn -2.0696245428553084E-07 0.00065433443523943424 0.9999997615814209
vn -2.0696245428553084E-07 0.00065433443523943424 0.9999997615814209
vn -2.0696245428553084E-07 0.00065433443523943424 0.9999997615814209
vn -2.0696245428553084E-07 0.00065433443523943424 0.9999997615814209
vn -2.0696245428553084E-07 0.00065433443523943424 0.9999997615814209
vn -2.0696245428553084E-07 0.00065433443523943424 0.9999997615814209
vn -2.0696245428553084E-07 0.00065433443523943424 0.9999997615814209
vn -2.0696245428553084E-07 0.00065433443523943424 0.9999997615814209
vn -2.0696245428553084E-07 0.00065433443523943424 0.9999997615814209
vn -2.0696245428553084E-07 0.00065433443523943424 0.9999997615814209
vn -2.0696245428553084E-07 0.00065433443523943424 0.9999997615814209
vn -2.0696245428553084E-07 0.00065433443523943424 0.9999997615814209
vn -2.0696245428553084E-07 0.00065433443523943424 0.9999997615814209
vn -2.0696245428553084E-07 0.00065433443523943424 0.9999997615814209
vn -2.0696246849638555E-07 0.00065433443523943424 0.9999997615814209
vn -2.0696246849638555E-07 0.00065433443523943424 0.9999997615814209
vn -2.0696246849638555E-07 0.00065433443523943424 0.9999997615814209
vn -2.0696246849638555E-07 0.00065433443523943424 0.9999997615814209
vn -2.0696246849638555E-07 0.00065433443523943424 0.9999997615814209
vn -2.0696246849638555E-07 0.00065433443523943424 0.9999997615814209
vn -2.0696246849638555E-07 0.00065433443523943424 0.9999997615814209
vn -2.0696246849638555E-07 0.00065433443523943424 0.9999997615814209
vn -2.0696246849638555E-07 0.00065433443523943424 0.9999997615814209
vn -2.0696246849638555E-07 0.00065433443523943424 0.9999997615814209
vn 0 0.00065433443523943424 0.9999997615814209
vn 0 0.00065433443523943424 0.9999997615814209
vn 0 0.00065433443523943424 0.9999997615814209
vn 0 0.00065433443523943424 0.9999997615814209
vn 0 0.00065433443523943424 0.9999997615814209
vn 0 0.00065433443523943424 0.9999997615814209
vn 0 0.00065433443523943424 0.9999997615814209
vn 0 0.00065433443523943424 0.9999997615814209
vn 0 0.00065433443523943424 0.9999997615814209
vn 0 0.00065433443523943424 0.9999997615814209
vn 0 0.00065433443523943424 0.9999997615814209
vn 0 0.00065433443523943424 0.9999997615814209
vn 0 0.00065433443523943424 0.9999997615814209
vn 0 0.00065433443523943424 0.9999997615814209
vn 0 0.00065433443523943424 0.9999997615814209
vn 0 0.00065433443523943424 0.9999997615814209
vn 0 0.00065433443523943424 0.9999997615814209
vn 0 0.00065433443523943424 0.9999997615814209
vn 0 0.00065433443523943424 0.9999997615814209
vn 0 0.00065433443523943424 0.9999997615814209
vn 0 0.00065433443523943424 0.9999997615814209
vn 0 0.00065433443523943424 0.9999997615814209
vn 0 0.00065433443523943424 0.9999997615814209
vn 0 0.00065433443523943424 0.9999997615814209
vn 0 0.00065433443523943424 0.9999997615814209
vn 0 0.00065433443523943424 0.9999997615814209
vn 0 0.00065433443523943424 0.9999997615814209
vn 0 0.00065433443523943424 0.9999997615814209
vn 0 0.00065433443523943424 0.9999997615814209
vn 0 0.00065433443523943424 0.9999997615814209
vn 0 0.00065433443523943424 0.9999997615814209
vn 0 0.00065433443523943424 0.9999997615814209
vn 0 0.00065433443523943424 0.9999997615814209
vn 0 0.00065433443523943424 0.9999997615814209
vn 0 0.00065433443523943424 0.9999997615814209
vn 0 0.00065433443523943424 0.9999997615814209
vn 0 0.00065433443523943424 0.9999997615814209
vn 0 0.00065433443523943424 0.9999997615814209
vn 0 0.00065433443523943424 0.9999997615814209
vn 0 0.00065433443523943424 0.9999997615814209
vn 0 0.00065433443523943424 0.9999997615814209
vn 0 0.00065433443523943424 0.9999997615814209
vn 0 0.00065433443523943424 0.9999997615814209
vn 0 0.00065433443523943424 0.9999997615814209
vn 0 0.00065433443523943424 0.9999997615814209
vn 0 0.00065433443523943424 0.9999997615814209
vn 0 0.00065433443523943424 0.9999997615814209
vn 0 0.00065433443523943424 0.9999997615814209
vn 0 0.00065433443523943424 0.9999997615814209
vn 0 0.00065433443523943424 0.9999997615814209
vn 0 0.00065433443523943424 0.9999997615814209
vn 0 0.00065433443523943424 0.9999997615814209
vn 0 0.00065433443523943424 0.9999997615814209
vn 0 0.00065433443523943424 0.9999997615814209
vn 0 0.00065433443523943424 0.9999997615814209
vn 0 0.00065433443523943424 0.9999997615814209
vn 0 0.00065433443523943424 0.9999997615814209
vn 0 0.00065433443523943424 0.9999997615814209
vn 0 0.00065433443523943424 0.9999997615814209
vn 0 0.00065433443523943424 0.9999997615814209
vn 0 0.00065433443523943424 0.9999997615814209
vn 0 0.00065433443523943424 0.9999997615814209
vn 0 0.00065433443523943424 0.9999997615814209
vn 0 0.00065433443523943424 0.9999997615814209
vn 0 0.00065433443523943424 0.9999997615814209
vn 0 0.00065433443523943424 0.9999997615814209
vn 0 0.00065433443523943424 0.9999997615814209
vn 0 0.00065433443523943424 0.9999997615814209
vn 0 0.00065433443523943424 0.9999997615814209
vn 0 0.00065433443523943424 0.9999997615814209
vn 0 0.00065433443523943424 0.9999997615814209
vn 0 0.00065433443523943424 0.9999997615814209
vn 0 0.00065433443523943424 0.9999997615814209
vn 0 0.00065433443523943424 0.9999997615814209
vn 0 0.00065433443523943424 0.9999997615814209
vn 0 0.00065433443523943424 0.9999997615814209
vn 0 0.00065433443523943424 0.9999997615814209
vn 0 0.00065433443523943424 0.9999997615814209
vn 0 0.00065433443523943424 0.9999997615814209
vn 0 0.00065433443523943424 0.9999997615814209
vn 0 0.00065433443523943424 0.9999997615814209
vn 0 0.00065433443523943424 0.9999997615814209
vn 0 0.00065433443523943424 0.9999997615814209
vn 0 0.00065433443523943424 0.9999997615814209
vn 0 0.00065433443523943424 0.9999997615814209
vn 0 0.00065433443523943424 0.9999997615814209
vn 0 0.00065433443523943424 0.9999997615814209
vn 0 0.00065433443523943424 0.9999997615814209
vn 0 0.00065433443523943424 0.9999997615814209
vn 0 0.00065433443523943424 0.9999997615814209
vn 0 0.00065433443523943424 0.9999997615814209
vn 0 0.00065433443523943424 0.9999997615814209
vn 0 0.00065433443523943424 0.9999997615814209
vn 0 0.00065433443523943424 0.9999997615814209
vn 0 0.00065433443523943424 0.9999997615814209
vn 0 0.00065433443523943424 0.9999997615814209
vn 0 0.00065433443523943424 0.9999997615814209
vn 0 0.00065433443523943424 0.9999997615814209
vn 0 0.00065433443523943424 0.9999997615814209
vn 0 0.00065433443523943424 0.9999997615814209
vn 0 0.00065433443523943424 0.9999997615814209
vn 0 0.00065433443523943424 0.9999997615814209
vn 0 0.00065433443523943424 0.9999997615814209
vn 0 0.00065433443523943424 0.9999997615814209
vn 0 0.00065433443523943424 0.9999997615814209
vn 0 0.00065433443523943424 0.9999997615814209
vn 0 0.00065433443523943424 0.9999997615814209
vn 0 0.00065433443523943424 0.9999997615814209
vn 0 0.00065433443523943424 0.9999997615814209
vn 0 0.00065433443523943424 0.9999997615814209
vn 0 0.00065433443523943424 0.9999997615814209
vn 0 0.00065433443523943424 0.9999997615814209
vn 0 0.00065433443523943424 0.9999997615814209
vn 0 0.00065433443523943424 0.9999997615814209
vn 0 0.00065433443523943424 0.9999997615814209
vn 0 0.00065433443523943424 0.9999997615814209
vn 0 0.00065433443523943424 0.9999997615814209
vn 0 0.00065433443523943424 0.9999997615814209
vn 0 0.00065433443523943424 0.9999997615814209
vn 0 0.00065433443523943424 0.9999997615814209
vn 0 0.00065433443523943424 0.9999997615814209
vn 0 0.00065433443523943424 0.9999997615814209
vn 0 0.00065433443523943424 0.9999997615814209
vn 0 0.00065433443523943424 0.9999997615814209
vn 0 0.00065433443523943424 0.9999997615814209
vn 0 0.00065433443523943424 0.9999997615814209
vn 0 0.00065433443523943424 0.9999997615814209
vn 0 0.00065433443523943424 0.9999997615814209
vn 2.3749426247832162E-07 -0.00065422989428043365 -0.9999997615814209
vn 2.3749426247832162E-07 -0.00065422989428043365 -0.9999997615814209
vn 2.3749426247832162E-07 -0.00065422989428043365 -0.9999997615814209
vn 2.3749426247832162E-07 -0.00065422989428043365 -0.9999997615814209
vn 2.3749426247832162E-07 -0.00065422989428043365 -0.9999997615814209
vn 2.3749426247832162E-07 -0.00065422989428043365 -0.9999997615814209
vn 2.3749426247832162E-07 -0.00065422989428043365 -0.9999997615814209
vn 2.3749426247832162E-07 -0.00065422989428043365 -0.9999997615814209
vn 2.3749426247832162E-07 -0.00065422989428043365 -0.9999997615814209
vn 2.3749426247832162E-07 -0.00065422989428043365 -0.9999997615814209
vn 2.3749426247832162E-07 -0.00065422989428043365 -0.9999997615814209
vn 2.3749426247832162E-07 -0.00065422989428043365 -0.9999997615814209
vn 2.3749426247832162E-07 -0.00065422989428043365 -0.9999997615814209
vn 2.3749426247832162E-07 -0.00065422989428043365 -0.9999997615814209
vn 2.3749426247832162E-07 -0.00065422989428043365 -0.9999997615814209
vn 2.3749426247832162E-07 -0.00065422989428043365 -0.9999997615814209
vn 2.3749426247832162E-07 -0.00065422989428043365 -0.9999997615814209
vn 2.3749426247832162E-07 -0.00065422989428043365 -0.9999997615814209
vn 2.3749426247832162E-07 -0.00065422989428043365 -0.9999997615814209
vn 2.3749426247832162E-07 -0.00065422989428043365 -0.9999997615814209
vn 2.3749426247832162E-07 -0.00065422989428043365 -0.9999997615814209
vn 2.3749426247832162E-07 -0.00065422989428043365 -0.9999997615814209
vn 2.3749426247832162E-07 -0.00065422989428043365 -0.9999997615814209
vn 2.3749426247832162E-07 -0.00065422989428043365 -0.9999997615814209
vn 2.3749426247832162E-07 -0.00065422989428043365 -0.9999997615814209
vn 2.3749426247832162E-07 -0.00065422989428043365 -0.9999997615814209
vn 2.3749426247832162E-07 -0.00065422989428043365 -0.9999997615814209
vn 2.3749426247832162E-07 -0.00065422989428043365 -0.9999997615814209
vn 2.3749426247832162E-07 -0.00065422989428043365 -0.9999997615814209
vn 2.3749426247832162E-07 -0.00065422989428043365 -0.9999997615814209
vn 2.3749426247832162E-07 -0.00065422989428043365 -0.9999997615814209
vn 2.3749426247832162E-07 -0.00065422989428043365 -0.9999997615814209
vn 2.3749426247832162E-07 -0.00065422989428043365 -0.9999997615814209
vn 2.3749426247832162E-07 -0.00065422989428043365 -0.9999997615814209
vn 2.3749426247832162E-07 -0.00065422989428043365 -0.9999997615814209
vn 2.3749426247832162E-07 -0.00065422989428043365 -0.9999997615814209
vn 2.3749426247832162E-07 -0.00065422989428043365 -0.9999997615814209
vn 2.3749426247832162E-07 -0.00065422989428043365 -0.9999997615814209
vn 2.3749426247832162E-07 -0.00065422989428043365 -0.9999997615814209
vn 2.3749426247832162E-07 -0.00065422989428043365 -0.9999997615814209
vn 2.3749426247832162E-07 -0.00065422989428043365 -0.9999997615814209
vn 2.3749426247832162E-07 -0.00065422989428043365 -0.9999997615814209
vn 2.3749426247832162E-07 -0.00065422989428043365 -0.9999997615814209
vn 2.3749426247832162E-07 -0.00065422989428043365 -0.9999997615814209
vn 2.3749426247832162E-07 -0.00065422989428043365 -0.9999997615814209
vn 2.3749426247832162E-07 -0.00065422989428043365 -0.9999997615814209
vn 2.3749426247832162E-07 -0.00065422989428043365 -0.9999997615814209
vn 2.3749426247832162E-07 -0.00065422989428043365 -0.9999997615814209
vn 2.3749426247832162E-07 -0.00065422989428043365 -0.9999997615814209
vn 2.3749426247832162E-07 -0.00065422989428043365 -0.9999997615814209
vn 2.3749426247832162E-07 -0.00065422989428043365 -0.9999997615814209
vn 2.3749426247832162E-07 -0.00065422989428043365 -0.9999997615814209
vn 2.3749426247832162E-07 -0.00065422989428043365 -0.9999997615814209
vn 2.3749426247832162E-07 -0.00065422989428043365 -0.9999997615814209
vn 2.3749426247832162E-07 -0.00065422989428043365 -0.9999997615814209
vn 2.3749426247832162E-07 -0.00065422989428043365 -0.9999997615814209
vn 2.3749426247832162E-07 -0.00065422989428043365 -0.9999997615814209
vn 2.3749426247832162E-07 -0.00065422989428043365 -0.9999997615814209
vn 2.3749426247832162E-07 -0.00065422989428043365 -0.9999997615814209
vn 2.3749426247832162E-07 -0.00065422989428043365 -0.9999997615814209
vn 2.3749426247832162E-07 -0.00065422989428043365 -0.9999997615814209
vn 2.3749426247832162E-07 -0.00065422989428043365 -0.9999997615814209
vn 2.3749426247832162E-07 -0.00065422989428043365 -0.9999997615814209
vn 2.3749426247832162E-07 -0.00065422989428043365 -0.9999997615814209
vn 2.3749426247832162E-07 -0.00065422989428043365 -0.9999997615814209
vn 2.3749426247832162E-07 -0.00065422989428043365 -0.9999997615814209
vn 2.3749426247832162E-07 -0.00065422989428043365 -0.9999997615814209
vn 2.3749426247832162E-07 -0.00065422989428043365 -0.9999997615814209
vn 2.3749426247832162E-07 -0.00065422989428043365 -0.9999997615814209
vn 2.3749426247832162E-07 -0.00065422989428043365 -0.9999997615814209
vn 2.3749426247832162E-07 -0.00065422989428043365 -0.9999997615814209
vn 2.3749426247832162E-07 -0.00065422989428043365 -0.9999997615814209
vn 2.3749426247832162E-07 -0.00065422989428043365 -0.9999997615814209
vn 2.3749426247832162E-07 -0.00065422989428043365 -0.9999997615814209
vn 2.3749426247832162E-07 -0.00065422989428043365 -0.9999997615814209
vn 2.3749426247832162E-07 -0.00065422989428043365 -0.9999997615814209
vn 2.3749426247832162E-07 -0.00065422989428043365 -0.9999997615814209
vn 2.3749426247832162E-07 -0.00065422989428043365 -0.9999997615814209
vn 2.3749426247832162E-07 -0.00065422989428043365 -0.9999997615814209
vn 2.3749426247832162E-07 -0.00065422989428043365 -0.9999997615814209
vn 2.3749426247832162E-07 -0.00065422989428043365 -0.9999997615814209
vn 2.3749426247832162E-07 -0.00065422989428043365 -0.9999997615814209
vn 2.3749426247832162E-07 -0.00065422989428043365 -0.9999997615814209
vn 2.3749426247832162E-07 -0.00065422989428043365 -0.9999997615814209
vn 2.3749426247832162E-07 -0.00065422989428043365 -0.9999997615814209
vn 2.3749426247832162E-07 -0.00065422989428043365 -0.9999997615814209
vn 2.3749426247832162E-07 -0.00065422989428043365 -0.9999997615814209
vn 2.3749426247832162E-07 -0.00065422989428043365 -0.9999997615814209
vn 2.3749426247832162E-07 -0.00065422989428043365 -0.9999997615814209
vn 2.3749426247832162E-07 -0.00065422989428043365 -0.9999997615814209
vn 2.3749426247832162E-07 -0.00065422989428043365 -0.9999997615814209
vn 2.3749426247832162E-07 -0.00065422989428043365 -0.9999997615814209
vn 2.3749426247832162E-07 -0.00065422989428043365 -0.9999997615814209
vn 2.3749426247832162E-07 -0.00065422989428043365 -0.9999997615814209
vn 2.3749426247832162E-07 -0.00065422989428043365 -0.9999997615814209
vn 2.3749426247832162E-07 -0.00065422989428043365 -0.9999997615814209
vn 2.3749426247832162E-07 -0.00065422989428043365 -0.9999997615814209
vn 2.3749426247832162E-07 -0.00065422989428043365 -0.9999997615814209
vn 2.3749426247832162E-07 -0.00065422989428043365 -0.9999997615814209
vn 2.3749426247832162E-07 -0.00065422989428043365 -0.9999997615814209
vn 2.3749426247832162E-07 -0.00065422989428043365 -0.9999997615814209
vn 2.3749426247832162E-07 -0.00065422989428043365 -0.9999997615814209
vn 2.3749426247832162E-07 -0.00065422989428043365 -0.9999997615814209
vn 2.3749426247832162E-07 -0.00065422989428043365 -0.9999997615814209
vn 2.3749426247832162E-07 -0.00065422989428043365 -0.9999997615814209
vn 2.3749426247832162E-07 -0.00065422989428043365 -0.9999997615814209
vn 2.3749426247832162E-07 -0.00065422989428043365 -0.9999997615814209
vn 2.3749426247832162E-07 -0.00065422989428043365 -0.9999997615814209
vn 2.3749426247832162E-07 -0.00065422989428043365 -0.9999997615814209
vn 2.3749426247832162E-07 -0.00065422989428043365 -0.9999997615814209
vn 2.3749426247832162E-07 -0.00065422989428043365 -0.9999997615814209
vn 2.3749426247832162E-07 -0.00065422989428043365 -0.9999997615814209
vn 2.3749426247832162E-07 -0.00065422989428043365 -0.9999997615814209
vn 2.3749426247832162E-07 -0.00065422989428043365 -0.9999997615814209
vn 2.3749426247832162E-07 -0.00065422989428043365 -0.9999997615814209
vn 2.3749426247832162E-07 -0.00065422989428043365 -0.9999997615814209
vn 2.3749426247832162E-07 -0.00065422989428043365 -0.9999997615814209
vn 2.3749426247832162E-07 -0.00065422989428043365 -0.9999997615814209
vn 2.3749426247832162E-07 -0.00065422989428043365 -0.9999997615814209
vn 2.3749426247832162E-07 -0.00065422989428043365 -0.9999997615814209
vn 2.3749426247832162E-07 -0.00065422989428043365 -0.9999997615814209
vn 2.3749426247832162E-07 -0.00065422989428043365 -0.9999997615814209
vn 2.3749426247832162E-07 -0.00065422989428043365 -0.9999997615814209
vn 2.3749426247832162E-07 -0.00065422989428043365 -0.9999997615814209
vn 2.3749426247832162E-07 -0.00065422989428043365 -0.9999997615814209
vn 2.3749426247832162E-07 -0.00065422989428043365 -0.9999997615814209
vn 2.3749426247832162E-07 -0.00065422989428043365 -0.9999997615814209
vn 2.3749426247832162E-07 -0.00065422989428043365 -0.9999997615814209
vn 2.3749426247832162E-07 -0.00065422989428043365 -0.9999997615814209
vn 2.3749426247832162E-07 -0.00065422989428043365 -0.9999997615814209
vn 2.3749426247832162E-07 -0.00065422989428043365 -0.9999997615814209
vn 2.3749426247832162E-07 -0.00065422989428043365 -0.9999997615814209
vn 2.3749426247832162E-07 -0.00065422989428043365 -0.9999997615814209
vn 2.3749426247832162E-07 -0.00065422989428043365 -0.9999997615814209
vn 2.3749426247832162E-07 -0.00065422989428043365 -0.9999997615814209
vn 2.3749426247832162E-07 -0.00065422989428043365 -0.9999997615814209
vn 2.3749426247832162E-07 -0.00065422989428043365 -0.9999997615814209
vn 2.3749426247832162E-07 -0.00065422989428043365 -0.9999997615814209
vn 2.3749426247832162E-07 -0.00065422989428043365 -0.9999997615814209
vn 2.3749426247832162E-07 -0.00065422989428043365 -0.9999997615814209
vn 2.3749426247832162E-07 -0.00065422989428043365 -0.9999997615814209
vn 2.3749426247832162E-07 -0.00065422989428043365 -0.9999997615814209
vn 2.3749426247832162E-07 -0.00065422989428043365 -0.9999997615814209
vn 2.3749426247832162E-07 -0.00065422989428043365 -0.9999997615814209
vn 2.3749426247832162E-07 -0.00065422989428043365 -0.9999997615814209
vn 2.3749426247832162E-07 -0.00065422989428043365 -0.9999997615814209
vn 2.3749426247832162E-07 -0.00065422989428043365 -0.9999997615814209
vn 2.3749426247832162E-07 -0.00065422989428043365 -0.9999997615814209
vn 2.3749426247832162E-07 -0.00065422989428043365 -0.9999997615814209
vn 2.3749426247832162E-07 -0.00065422989428043365 -0.9999997615814209
vn 2.3749426247832162E-07 -0.00065422989428043365 -0.9999997615814209
vn 2.3749426247832162E-07 -0.00065422989428043365 -0.9999997615814209
vn 2.3749426247832162E-07 -0.00065422989428043365 -0.9999997615814209
vn 2.3749426247832162E-07 -0.00065422989428043365 -0.9999997615814209
vn 2.3749426247832162E-07 -0.00065422989428043365 -0.9999997615814209
vn 2.3749426247832162E-07 -0.00065422989428043365 -0.9999997615814209
vn 2.3749426247832162E-07 -0.00065422989428043365 -0.9999997615814209
vn 2.3749426247832162E-07 -0.00065422989428043365 -0.9999997615814209
vn 2.3749426247832162E-07 -0.00065422989428043365 -0.9999997615814209
vn 2.3749426247832162E-07 -0.00065422989428043365 -0.9999997615814209
vn 2.3749426247832162E-07 -0.00065422989428043365 -0.9999997615814209
vn 2.3749426247832162E-07 -0.00065422989428043365 -0.9999997615814209
vn 2.3749426247832162E-07 -0.00065422989428043365 -0.9999997615814209
vn 2.3749426247832162E-07 -0.00065422989428043365 -0.9999997615814209
vn 2.3749426247832162E-07 -0.00065422989428043365 -0.9999997615814209
vn 2.3749426247832162E-07 -0.00065422989428043365 -0.9999997615814209
vn 2.3749426247832162E-07 -0.00065422989428043365 -0.9999997615814209
vn 2.3749426247832162E-07 -0.00065422989428043365 -0.9999997615814209
vn 2.3749426247832162E-07 -0.00065422989428043365 -0.9999997615814209
vn 2.3749426247832162E-07 -0.00065422989428043365 -0.9999997615814209
vn 2.3749426247832162E-07 -0.00065422989428043365 -0.9999997615814209
vn 2.3749426247832162E-07 -0.00065422989428043365 -0.9999997615814209
vn 2.3749426247832162E-07 -0.00065422989428043365 -0.9999997615814209
vn 2.3749426247832162E-07 -0.00065422989428043365 -0.9999997615814209
vn 2.3749426247832162E-07 -0.00065422989428043365 -0.9999997615814209
vn 2.3749426247832162E-07 -0.00065422989428043365 -0.9999997615814209
vn 2.3749426247832162E-07 -0.00065422989428043365 -0.9999997615814209
vn 2.3749426247832162E-07 -0.00065422989428043365 -0.9999997615814209
vn 2.3749426247832162E-07 -0.00065422989428043365 -0.9999997615814209
vn 2.3749426247832162E-07 -0.00065422989428043365 -0.9999997615814209
vn 2.3749426247832162E-07 -0.00065422989428043365 -0.9999997615814209
vn 2.3749426247832162E-07 -0.00065422989428043365 -0.9999997615814209
vn 2.3749426247832162E-07 -0.00065422989428043365 -0.9999997615814209
vn 2.3749426247832162E-07 -0.00065422989428043365 -0.9999997615814209
vn 2.3749426247832162E-07 -0.00065422989428043365 -0.9999997615814209
vn 2.3749426247832162E-07 -0.00065422989428043365 -0.9999997615814209
vn 2.3749426247832162E-07 -0.00065422989428043365 -0.9999997615814209
vn 2.3749426247832162E-07 -0.00065422989428043365 -0.9999997615814209
vn 2.3749426247832162E-07 -0.00065422989428043365 -0.9999997615814209
vn 2.3749426247832162E-07 -0.00065422989428043365 -0.9999997615814209
vn 2.3749426247832162E-07 -0.00065422989428043365 -0.9999997615814209
vn 2.3749426247832162E-07 -0.00065422989428043365 -0.9999997615814209
vn 2.3749426247832162E-07 -0.00065422989428043365 -0.9999997615814209
vn 2.3749426247832162E-07 -0.00065422989428043365 -0.9999997615814209
vn 2.3749426247832162E-07 -0.00065422989428043365 -0.9999997615814209
vn 2.3749426247832162E-07 -0.00065422989428043365 -0.9999997615814209
vn 2.3749426247832162E-07 -0.00065422989428043365 -0.9999997615814209
vn 2.3749426247832162E-07 -0.00065422989428043365 -0.9999997615814209
vn 2.3749426247832162E-07 -0.00065422989428043365 -0.9999997615814209
vn 2.3749426247832162E-07 -0.00065422989428043365 -0.9999997615814209
vn 2.3749426247832162E-07 -0.00065422989428043365 -0.9999997615814209
vn 2.3749426247832162E-07 -0.00065422989428043365 -0.9999997615814209
vn 2.3749426247832162E-07 -0.00065422989428043365 -0.9999997615814209
vn 2.3749426247832162E-07 -0.00065422989428043365 -0.9999997615814209
vn 2.3749426247832162E-07 -0.00065422989428043365 -0.9999997615814209
vn 2.3749426247832162E-07 -0.00065422989428043365 -0.9999997615814209
vn 2.3749426247832162E-07 -0.00065422989428043365 -0.9999997615814209
vn 2.3749426247832162E-07 -0.00065422989428043365 -0.9999997615814209
vn 2.3749426247832162E-07 -0.00065422989428043365 -0.9999997615814209
vn 2.3749426247832162E-07 -0.00065422989428043365 -0.9999997615814209
vn 2.3749426247832162E-07 -0.00065422989428043365 -0.9999997615814209
vn 2.3749426247832162E-07 -0.00065422989428043365 -0.9999997615814209
vn 2.3749426247832162E-07 -0.00065422989428043365 -0.9999997615814209
vn 2.3749426247832162E-07 -0.00065422989428043365 -0.9999997615814209
vn 2.3749426247832162E-07 -0.00065422989428043365 -0.9999997615814209
vn 2.3749426247832162E-07 -0.00065422989428043365 -0.9999997615814209
vn 2.3749426247832162E-07 -0.00065422989428043365 -0.9999997615814209
vn 2.3749426247832162E-07 -0.00065422989428043365 -0.9999997615814209
vn 2.3749426247832162E-07 -0.00065422989428043365 -0.9999997615814209
vn 2.3749426247832162E-07 -0.00065422989428043365 -0.9999997615814209
vn 2.3749426247832162E-07 -0.00065422989428043365 -0.9999997615814209
vn 2.3749426247832162E-07 -0.00065422989428043365 -0.9999997615814209
vn 2.3749426247832162E-07 -0.00065422989428043365 -0.9999997615814209
vn 2.3749426247832162E-07 -0.00065422989428043365 -0.9999997615814209
vn 2.3749426247832162E-07 -0.00065422989428043365 -0.9999997615814209
vn 2.3749426247832162E-07 -0.00065422989428043365 -0.9999997615814209
vn 2.3749426247832162E-07 -0.00065422989428043365 -0.9999997615814209
vn 2.3749426247832162E-07 -0.00065422989428043365 -0.9999997615814209
vn 2.3749426247832162E-07 -0.00065422989428043365 -0.9999997615814209
vn 2.3749426247832162E-07 -0.00065422989428043365 -0.9999997615814209
vn 2.3749426247832162E-07 -0.00065422989428043365 -0.9999997615814209
vn 2.3749426247832162E-07 -0.00065422989428043365 -0.9999997615814209
vn 2.3749426247832162E-07 -0.00065422989428043365 -0.9999997615814209
vn 2.3749426247832162E-07 -0.00065422989428043365 -0.9999997615814209
vn 2.3749426247832162E-07 -0.00065422989428043365 -0.9999997615814209
vn 2.3749426247832162E-07 -0.00065422989428043365 -0.9999997615814209
vn 2.3749426247832162E-07 -0.00065422989428043365 -0.9999997615814209
vn 2.3749426247832162E-07 -0.00065422989428043365 -0.9999997615814209
vn 2.3749426247832162E-07 -0.00065422989428043365 -0.9999997615814209
vn 2.3749426247832162E-07 -0.00065422989428043365 -0.9999997615814209
vn 2.3749426247832162E-07 -0.00065422989428043365 -0.9999997615814209
vn 2.3749426247832162E-07 -0.00065422989428043365 -0.9999997615814209
vn 2.3749426247832162E-07 -0.00065422989428043365 -0.9999997615814209
vn 2.3749426247832162E-07 -0.00065422989428043365 -0.9999997615814209
vn 2.3749426247832162E-07 -0.00065422989428043365 -0.9999997615814209
vn 2.3749426247832162E-07 -0.00065422989428043365 -0.9999997615814209
vn 2.3749426247832162E-07 -0.00065422989428043365 -0.9999997615814209
vn 2.3749426247832162E-07 -0.00065422989428043365 -0.9999997615814209
vn 2.3749426247832162E-07 -0.00065422989428043365 -0.9999997615814209
vn 2.3749426247832162E-07 -0.00065422989428043365 -0.9999997615814209
vn 2.3749426247832162E-07 -0.00065422989428043365 -0.9999997615814209
vn 2.3749426247832162E-07 -0.00065422989428043365 -0.9999997615814209
vn 2.3749426247832162E-07 -0.00065422989428043365 -0.9999997615814209
vn 2.3749426247832162E-07 -0.00065422989428043365 -0.9999997615814209
vn 2.3749426247832162E-07 -0.00065422989428043365 -0.9999997615814209
vn 2.3749426247832162E-07 -0.00065422989428043365 -0.9999997615814209
vn 2.3749426247832162E-07 -0.00065422989428043365 -0.9999997615814209
vn 2.3749426247832162E-07 -0.00065422989428043365 -0.9999997615814209
vn 2.3749426247832162E-07 -0.00065422989428043365 -0.9999997615814209
vn 2.3749426247832162E-07 -0.00065422989428043365 -0.9999997615814209
vn 2.3749426247832162E-07 -0.00065422989428043365 -0.9999997615814209
vn 2.3749426247832162E-07 -0.00065422989428043365 -0.9999997615814209
vn 2.3749426247832162E-07 -0.00065422989428043365 -0.9999997615814209
vn 2.3749426247832162E-07 -0.00065422989428043365 -0.9999997615814209
vn 2.3749426247832162E-07 -0.00065422989428043365 -0.9999997615814209
vn 2.3749426247832162E-07 -0.00065422989428043365 -0.9999997615814209
vn 2.3749426247832162E-07 -0.00065422989428043365 -0.9999997615814209
vn 2.3749426247832162E-07 -0.00065422989428043365 -0.9999997615814209
vn 2.3749426247832162E-07 -0.00065422989428043365 -0.9999997615814209
vn 2.3749426247832162E-07 -0.00065422989428043365 -0.9999997615814209
vn 2.3749426247832162E-07 -0.00065422989428043365 -0.9999997615814209
vn 2.3749426247832162E-07 -0.00065422989428043365 -0.9999997615814209
vn 2.3749426247832162E-07 -0.00065422989428043365 -0.9999997615814209
vn 2.3749426247832162E-07 -0.00065422989428043365 -0.9999997615814209
vn 2.3749426247832162E-07 -0.00065422989428043365 -0.9999997615814209
vn 2.3749426247832162E-07 -0.00065422989428043365 -0.9999997615814209
vn 2.3749426247832162E-07 -0.00065422989428043365 -0.9999997615814209
vn 2.3749426247832162E-07 -0.00065422989428043365 -0.9999997615814209
vn 2.3749426247832162E-07 -0.00065422989428043365 -0.9999997615814209
vn 2.3749426247832162E-07 -0.00065422989428043365 -0.9999997615814209
vn 2.3749426247832162E-07 -0.00065422989428043365 -0.9999997615814209
vn 2.3749426247832162E-07 -0.00065422989428043365 -0.9999997615814209
vn 2.3749426247832162E-07 -0.00065422989428043365 -0.9999997615814209
vn 2.3749426247832162E-07 -0.00065422989428043365 -0.9999997615814209
vn 2.3749426247832162E-07 -0.00065422989428043365 -0.9999997615814209
vn 2.3749426247832162E-07 -0.00065422989428043365 -0.9999997615814209
vn 2.3749426247832162E-07 -0.00065422989428043365 -0.9999997615814209
vn 2.3749426247832162E-07 -0.00065422989428043365 -0.9999997615814209
vn 2.3749426247832162E-07 -0.00065422989428043365 -0.9999997615814209
vn 2.3749426247832162E-07 -0.00065422989428043365 -0.9999997615814209
vn 2.3749426247832162E-07 -0.00065422989428043365 -0.9999997615814209
vn 2.3749426247832162E-07 -0.00065422989428043365 -0.9999997615814209
vn 2.3749426247832162E-07 -0.00065422989428043365 -0.9999997615814209
vn 2.3749426247832162E-07 -0.00065422989428043365 -0.9999997615814209
vn 2.3749426247832162E-07 -0.00065422989428043365 -0.9999997615814209
vn 2.3749426247832162E-07 -0.00065422989428043365 -0.9999997615814209
vn 2.3749426247832162E-07 -0.00065422989428043365 -0.9999997615814209
vn 2.3749426247832162E-07 -0.00065422989428043365 -0.9999997615814209
vn 2.3749426247832162E-07 -0.00065422989428043365 -0.9999997615814209
vn 2.3749426247832162E-07 -0.00065422989428043365 -0.9999997615814209
vn 2.3749426247832162E-07 -0.00065422989428043365 -0.9999997615814209
vn 2.3749426247832162E-07 -0.00065422989428043365 -0.9999997615814209
vn 2.3749426247832162E-07 -0.00065422989428043365 -0.9999997615814209
vn 2.3749426247832162E-07 -0.00065422989428043365 -0.9999997615814209
vn 2.3749426247832162E-07 -0.00065422989428043365 -0.9999997615814209
vn 2.3749426247832162E-07 -0.00065422989428043365 -0.9999997615814209
vn 2.3749426247832162E-07 -0.00065422989428043365 -0.9999997615814209
vn 2.3749426247832162E-07 -0.00065422989428043365 -0.9999997615814209
vn 2.3749426247832162E-07 -0.00065422989428043365 -0.9999997615814209
vn 2.3749426247832162E-07 -0.00065422989428043365 -0.9999997615814209
vn 2.3749426247832162E-07 -0.00065422989428043365 -0.9999997615814209
vn 2.3749426247832162E-07 -0.00065422989428043365 -0.9999997615814209
vn 2.3749426247832162E-07 -0.00065422989428043365 -0.9999997615814209
vn 2.3749426247832162E-07 -0.00065422989428043365 -0.9999997615814209
vn 2.3749426247832162E-07 -0.00065422989428043365 -0.9999997615814209
vn 2.3749426247832162E-07 -0.00065422989428043365 -0.9999997615814209
vn 2.3749426247832162E-07 -0.00065422989428043365 -0.9999997615814209
vn 2.3749426247832162E-07 -0.00065422989428043365 -0.9999997615814209
vn 2.3749426247832162E-07 -0.00065422989428043365 -0.9999997615814209
vn 2.3749426247832162E-07 -0.00065422989428043365 -0.9999997615814209
vn 2.3749426247832162E-07 -0.00065422989428043365 -0.9999997615814209
vn 2.3749426247832162E-07 -0.00065422989428043365 -0.9999997615814209
vn 2.3749426247832162E-07 -0.00065422989428043365 -0.9999997615814209
vn 2.3749426247832162E-07 -0.00065422989428043365 -0.9999997615814209
vn 2.3749426247832162E-07 -0.00065422989428043365 -0.9999997615814209
vn 2.3749426247832162E-07 -0.00065422989428043365 -0.9999997615814209
vn 2.3749426247832162E-07 -0.00065422989428043365 -0.9999997615814209
vn 2.3749426247832162E-07 -0.00065422989428043365 -0.9999997615814209
vn 2.3749426247832162E-07 -0.00065422989428043365 -0.9999997615814209
vn 2.3749426247832162E-07 -0.00065422989428043365 -0.9999997615814209
vn 2.3749426247832162E-07 -0.00065422989428043365 -0.9999997615814209
vn 2.3749426247832162E-07 -0.00065422989428043365 -0.9999997615814209
vn 2.3749426247832162E-07 -0.00065422989428043365 -0.9999997615814209
vn 2.3749426247832162E-07 -0.00065422989428043365 -0.9999997615814209
vn 2.3749426247832162E-07 -0.00065422989428043365 -0.9999997615814209
vn 2.3749426247832162E-07 -0.00065422989428043365 -0.9999997615814209
vn 2.3749426247832162E-07 -0.00065422989428043365 -0.9999997615814209
vn 2.3749426247832162E-07 -0.00065422989428043365 -0.9999997615814209
vn 2.3749426247832162E-07 -0.00065422989428043365 -0.9999997615814209
vn 2.3749426247832162E-07 -0.00065422989428043365 -0.9999997615814209
vn 2.3749426247832162E-07 -0.00065422989428043365 -0.9999997615814209
vn 2.3749426247832162E-07 -0.00065422989428043365 -0.9999997615814209
vn 2.3749426247832162E-07 -0.00065422989428043365 -0.9999997615814209
vn 2.3749426247832162E-07 -0.00065422989428043365 -0.9999997615814209
vn 2.3749426247832162E-07 -0.00065422989428043365 -0.9999997615814209
vn 2.3749426247832162E-07 -0.00065422989428043365 -0.9999997615814209
vn 2.3749426247832162E-07 -0.00065422989428043365 -0.9999997615814209
vn 2.3749426247832162E-07 -0.00065422989428043365 -0.9999997615814209
vn 2.3749426247832162E-07 -0.00065422989428043365 -0.9999997615814209
vn 2.3749426247832162E-07 -0.00065422989428043365 -0.9999997615814209
vn 2.3749426247832162E-07 -0.00065422989428043365 -0.9999997615814209
vn 2.3749426247832162E-07 -0.00065422989428043365 -0.9999997615814209
vn 2.3749426247832162E-07 -0.00065422989428043365 -0.9999997615814209
vn 2.3749426247832162E-07 -0.00065422989428043365 -0.9999997615814209
vn 2.3749426247832162E-07 -0.00065422989428043365 -0.9999997615814209
vn 2.3749426247832162E-07 -0.00065422989428043365 -0.9999997615814209
vn 2.3749426247832162E-07 -0.00065422989428043365 -0.9999997615814209
vn 2.3749426247832162E-07 -0.00065422989428043365 -0.9999997615814209
vn 2.3749426247832162E-07 -0.00065422989428043365 -0.9999997615814209
vn 2.3749426247832162E-07 -0.00065422989428043365 -0.9999997615814209
vn 2.3749426247832162E-07 -0.00065422989428043365 -0.9999997615814209
vn 2.3749426247832162E-07 -0.00065422989428043365 -0.9999997615814209
vn 2.3749426247832162E-07 -0.00065422989428043365 -0.9999997615814209
vn 2.3749426247832162E-07 -0.00065422989428043365 -0.9999997615814209
vn -1 4.6827825173068049E-08 7.1577000198885798E-05
vn -1 4.6827825173068049E-08 7.1577000198885798E-05
vn -1 4.6827825173068049E-08 7.1577000198885798E-05
vn -1 4.6827825173068049E-08 7.1577000198885798E-05
vn -1 4.6827825173068049E-08 7.1577000198885798E-05
vn -1 4.6827825173068049E-08 7.1577000198885798E-05
vn -1 4.6827825173068049E-08 7.1577000198885798E-05
vn -1 4.6827825173068049E-08 7.1577000198885798E-05
vn -1 4.6827825173068049E-08 7.1577000198885798E-05
vn -1 4.6827825173068049E-08 7.1577000198885798E-05
vn -1 4.6827825173068049E-08 7.1577000198885798E-05
vn -1 4.6827825173068049E-08 7.1577000198885798E-05
vn -1 4.6827825173068049E-08 7.1577000198885798E-05
vn -1 4.6827825173068049E-08 7.1577000198885798E-05
vn -1 4.6827825173068049E-08 7.1577000198885798E-05
vn -1 4.6827825173068049E-08 7.1577000198885798E-05
vn -1 4.6827825173068049E-08 7.1577000198885798E-05
vn -1 4.6827825173068049E-08 7.1577000198885798E-05
vn -1 4.6827825173068049E-08 7.1577000198885798E-05
vn -1 4.6827825173068049E-08 7.1577000198885798E-05
vn -1 4.6827825173068049E-08 7.1577000198885798E-05
vn -1 4.6827825173068049E-08 7.1577000198885798E-05
vn -1 4.6827825173068049E-08 7.1577000198885798E-05
vn -1 4.6827825173068049E-08 7.1577000198885798E-05
vn -1 4.6827825173068049E-08 7.1577000198885798E-05
vn -1 4.6827825173068049E-08 7.1577000198885798E-05
vn -1 4.6827825173068049E-08 7.1577000198885798E-05
vn -1 4.6827825173068049E-08 7.1577000198885798E-05
vn -1 4.6827825173068049E-08 7.1577000198885798E-05
vn -1 4.6827825173068049E-08 7.1577000198885798E-05
vn -1 4.6827825173068049E-08 7.1577000198885798E-05
vn -1 4.6827825173068049E-08 7.1577000198885798E-05
vn -1 4.6827825173068049E-08 7.1577000198885798E-05
vn -1 4.6827825173068049E-08 7.1577000198885798E-05
vn -1 4.6827825173068049E-08 7.1577000198885798E-05
vn -1 4.6827825173068049E-08 7.1577000198885798E-05
vn -1 4.6827825173068049E-08 7.1577000198885798E-05
vn -1 4.6827825173068049E-08 7.1577000198885798E-05
vn -1 4.6827825173068049E-08 7.1577000198885798E-05
vn -1 4.6827825173068049E-08 7.1577000198885798E-05
vn -1 4.6827825173068049E-08 7.1577000198885798E-05
vn -1 4.6827825173068049E-08 7.1577000198885798E-05
vn -1 4.6827825173068049E-08 7.1577000198885798E-05
vn -1 4.6827825173068049E-08 7.1577000198885798E-05
vn -1 4.6827825173068049E-08 7.1577000198885798E-05
vn -1 4.6827825173068049E-08 7.1577000198885798E-05
vn -1 4.6827825173068049E-08 7.1577000198885798E-05
vn -1 4.6827825173068049E-08 7.1577000198885798E-05
vn -1 4.6827825173068049E-08 7.1577000198885798E-05
vn -1 4.6827825173068049E-08 7.1577000198885798E-05
vn -1 4.6827825173068049E-08 7.1577000198885798E-05
vn -1 4.6827825173068049E-08 7.1577000198885798E-05
vn -1 4.6827825173068049E-08 7.1577000198885798E-05
vn -1 4.6827825173068049E-08 7.1577000198885798E-05
vn -1 4.6827825173068049E-08 7.1577000198885798E-05
vn -1 4.6827825173068049E-08 7.1577000198885798E-05
vn -1 4.6827825173068049E-08 7.1577000198885798E-05
vn -1 4.6827825173068049E-08 7.1577000198885798E-05
vn -1 4.6827825173068049E-08 7.1577000198885798E-05
vn -1 4.6827825173068049E-08 7.1577000198885798E-05
vn -1 4.6827825173068049E-08 7.1577000198885798E-05
vn -1 4.6827825173068049E-08 7.1577000198885798E-05
vn -1 4.6827825173068049E-08 7.1577000198885798E-05
vn -1 4.6827825173068049E-08 7.1577000198885798E-05
vn -1 4.6827825173068049E-08 7.1577000198885798E-05
vn -1 4.6827825173068049E-08 7.1577000198885798E-05
vn -1 4.6827825173068049E-08 7.1577000198885798E-05
vn -1 4.6827825173068049E-08 7.1577000198885798E-05
vn -1 4.6827825173068049E-08 7.1577000198885798E-05
vn -1 4.6827825173068049E-08 7.1577000198885798E-05
vn -1 4.6827825173068049E-08 7.1577000198885798E-05
vn -1 4.6827825173068049E-08 7.1577000198885798E-05
vn -1 4.6827825173068049E-08 7.1577000198885798E-05
vn -1 4.6827825173068049E-08 7.1577000198885798E-05
vn -1 4.6827825173068049E-08 7.1577000198885798E-05
vn -1 4.6827825173068049E-08 7.1577000198885798E-05
vn -1 4.6827825173068049E-08 7.1577000198885798E-05
vn -1 4.6827825173068049E-08 7.1577000198885798E-05
vn -1 4.6827825173068049E-08 7.1577000198885798E-05
vn -1 4.6827825173068049E-08 7.1577000198885798E-05
vn -1 4.6827825173068049E-08 7.1577000198885798E-05
vn -1 4.6827825173068049E-08 7.1577000198885798E-05
vn -1 4.6827825173068049E-08 7.1577000198885798E-05
vn -1 4.6827825173068049E-08 7.1577000198885798E-05
vn -1 4.6827825173068049E-08 7.1577000198885798E-05
vn -1 4.6827825173068049E-08 7.1577000198885798E-05
vn -1 4.6827825173068049E-08 7.1577000198885798E-05
vn -1 4.6827825173068049E-08 7.1577000198885798E-05
vn -1 4.6827825173068049E-08 7.1577000198885798E-05
vn -1 4.6827825173068049E-08 7.1577000198885798E-05
vn -1 4.6827825173068049E-08 7.1577000198885798E-05
vn -1 4.6827825173068049E-08 7.1577000198885798E-05
vn -1 4.6827825173068049E-08 7.1577000198885798E-05
vn -1 4.6827825173068049E-08 7.1577000198885798E-05
vn -1 4.6827825173068049E-08 7.1577000198885798E-05
vn -1 4.6827825173068049E-08 7.1577000198885798E-05
vn -1 4.6827825173068049E-08 7.1577000198885798E-05
vn -1 4.6827825173068049E-08 7.1577000198885798E-05
vn -1 4.6827825173068049E-08 7.1577000198885798E-05
vn -1 4.6827825173068049E-08 7.1577000198885798E-05
vn -1 4.6827825173068049E-08 7.1577000198885798E-05
vn -1 4.6827825173068049E-08 7.1577000198885798E-05
vn -1 4.6827825173068049E-08 7.1577000198885798E-05
vn -1 4.6827825173068049E-08 7.1577000198885798E-05
vn -1 4.6827825173068049E-08 7.1577000198885798E-05
vn -1 4.6827825173068049E-08 7.1577000198885798E-05
vn -1 4.6827825173068049E-08 7.1577000198885798E-05
vn -1 4.6827825173068049E-08 7.1577000198885798E-05
vn -1 4.6827825173068049E-08 7.1577000198885798E-05
vn -1 4.6827825173068049E-08 7.1577000198885798E-05
vn -1 4.6827825173068049E-08 7.1577000198885798E-05
vn -1 4.6827825173068049E-08 7.1577000198885798E-05
vn -1 4.6827825173068049E-08 7.1577000198885798E-05
vn -1 4.6827825173068049E-08 7.1577000198885798E-05
vn -1 4.6827825173068049E-08 7.1577000198885798E-05
vn -1 4.6827825173068049E-08 7.1577000198885798E-05
vn -1 4.6827825173068049E-08 7.1577000198885798E-05
vn -1 4.6827825173068049E-08 7.1577000198885798E-05
vn -1 4.6827825173068049E-08 7.1577000198885798E-05
vn -1 4.6827825173068049E-08 7.1577000198885798E-05
vn -1 4.6827825173068049E-08 7.1577000198885798E-05
vn -1 4.6827825173068049E-08 7.1577000198885798E-05
vn -1 4.6827825173068049E-08 7.1577000198885798E-05
vn -1 4.6827825173068049E-08 7.1577000198885798E-05
vn -1 4.6827825173068049E-08 7.1577000198885798E-05
vn -1 4.6827825173068049E-08 7.1577000198885798E-05
vn -1 4.6827825173068049E-08 7.1577000198885798E-05
vn -1 4.6827825173068049E-08 7.1577000198885798E-05
vn -1 4.6827825173068049E-08 7.1577000198885798E-05
vn -1 4.6827825173068049E-08 7.1577000198885798E-05
vn -1 4.6827825173068049E-08 7.1577000198885798E-05
vn -1 4.6827825173068049E-08 7.1577000198885798E-05
vn -1 4.6827825173068049E-08 7.1577000198885798E-05
vn -1 4.6827825173068049E-08 7.1577000198885798E-05
vn -1 4.6827825173068049E-08 7.1577000198885798E-05
vn -1 4.6827825173068049E-08 7.1577000198885798E-05
vn -1 4.6827825173068049E-08 7.1577000198885798E-05
vn -1 4.6827825173068049E-08 7.1577000198885798E-05
vn -1 4.6827825173068049E-08 7.1577000198885798E-05
vn -1 4.6827825173068049E-08 7.1577000198885798E-05
vn -1 4.6827825173068049E-08 7.1577000198885798E-05
vn -1 4.6827825173068049E-08 7.1577000198885798E-05
vn -1 4.6827825173068049E-08 7.1577000198885798E-05
vn -1 4.6827825173068049E-08 7.1577000198885798E-05
vn -1 4.6827825173068049E-08 7.1577000198885798E-05
vn -1 4.6827825173068049E-08 7.1577000198885798E-05
vn -1 4.6827825173068049E-08 7.1577000198885798E-05
vn -1 4.6827825173068049E-08 7.1577000198885798E-05
vn -1 4.6827825173068049E-08 7.1577000198885798E-05
vn -1 4.6827825173068049E-08 7.1577000198885798E-05
vn -1 4.6827825173068049E-08 7.1577000198885798E-05
vn -1 4.6827825173068049E-08 7.1577000198885798E-05
vn -1 4.6827825173068049E-08 7.1577000198885798E-05
vn -1 4.6827825173068049E-08 7.1577000198885798E-05
vn -1 4.6827825173068049E-08 7.1577000198885798E-05
vn -1 4.6827825173068049E-08 7.1577000198885798E-05
vn -1 4.6827825173068049E-08 7.1577000198885798E-05
vn -1 4.6827825173068049E-08 7.1577000198885798E-05
vn -1 4.6827825173068049E-08 7.1577000198885798E-05
vn -1 4.6827825173068049E-08 7.1577000198885798E-05
vn -1 4.6827825173068049E-08 7.1577000198885798E-05
vn -1 4.6827825173068049E-08 7.1577000198885798E-05
vn -1 4.6827825173068049E-08 7.1577000198885798E-05
vn -1 4.6827825173068049E-08 7.1577000198885798E-05
vn -1 4.6827825173068049E-08 7.1577000198885798E-05
vn -1 4.6827825173068049E-08 7.1577000198885798E-05
vn -1 4.6827825173068049E-08 7.1577000198885798E-05
vn -1 4.6827825173068049E-08 7.1577000198885798E-05
vn -1 4.6827825173068049E-08 7.1577000198885798E-05
vn -1 4.6827825173068049E-08 7.1577000198885798E-05
vn -1 4.6827825173068049E-08 7.1577000198885798E-05
vn -1 4.6827825173068049E-08 7.1577000198885798E-05
vn -1 4.6827825173068049E-08 7.1577000198885798E-05
vn -1 4.6827825173068049E-08 7.1577000198885798E-05
vn -1 4.6827825173068049E-08 7.1577000198885798E-05
vn -1 4.6827825173068049E-08 7.1577000198885798E-05
vn -1 4.6827825173068049E-08 7.1577000198885798E-05
vn -1 4.6827825173068049E-08 7.1577000198885798E-05
vn -1 4.6827825173068049E-08 7.1577000198885798E-05
vn -1 4.6827825173068049E-08 7.1577000198885798E-05
vn -1 4.6827825173068049E-08 7.1577000198885798E-05
vn -1 4.6827825173068049E-08 7.1577000198885798E-05
vn -1 4.6827825173068049E-08 7.1577000198885798E-05
vn -1 4.6827825173068049E-08 7.1577000198885798E-05
vn -1 4.6827825173068049E-08 7.1577000198885798E-05
vn -1 4.6827825173068049E-08 7.1577000198885798E-05
vn -1 4.6827825173068049E-08 7.1577000198885798E-05
vn -1 4.6827825173068049E-08 7.1577000198885798E-05
vn -1 4.6827825173068049E-08 7.1577000198885798E-05
vn -1 4.6827825173068049E-08 7.1577000198885798E-05
vn -1 4.6827825173068049E-08 7.1577000198885798E-05
vn -1 4.6827825173068049E-08 7.1577000198885798E-05
vn -1 4.6827825173068049E-08 7.1577000198885798E-05
vn -1 4.6827825173068049E-08 7.1577000198885798E-05
vn -1 4.6827825173068049E-08 7.1577000198885798E-05
vn -1 4.6827825173068049E-08 7.1577000198885798E-05
vn -1 4.6827825173068049E-08 7.1577000198885798E-05
vn -1 4.6827825173068049E-08 7.1577000198885798E-05
vn -1 4.6827825173068049E-08 7.1577000198885798E-05
vn -1 4.6827825173068049E-08 7.1577000198885798E-05
vn -1 4.6827825173068049E-08 7.1577000198885798E-05
vn -1 4.6827825173068049E-08 7.1577000198885798E-05
vn -1 4.6827825173068049E-08 7.1577000198885798E-05
vn -1 4.6827825173068049E-08 7.1577000198885798E-05
vn -1 4.6827825173068049E-08 7.1577000198885798E-05
vn -1 4.6827825173068049E-08 7.1577000198885798E-05
vn -1 4.6827825173068049E-08 7.1577000198885798E-05
vn -1 4.6827825173068049E-08 7.1577000198885798E-05
vn -1 4.6827825173068049E-08 7.1577000198885798E-05
vn -1 4.6827825173068049E-08 7.1577000198885798E-05
vn -1 4.6827825173068049E-08 7.1577000198885798E-05
vn -1 4.6827825173068049E-08 7.1577000198885798E-05
vn -1 4.6827825173068049E-08 7.1577000198885798E-05
vn -1 4.6827825173068049E-08 7.1577000198885798E-05
vn -1 4.6827825173068049E-08 7.1577000198885798E-05
vn -1 4.6827825173068049E-08 7.1577000198885798E-05
vn -1 4.6827825173068049E-08 7.1577000198885798E-05
vn -1 4.6827825173068049E-08 7.1577000198885798E-05
vn -1 4.6827825173068049E-08 7.1577000198885798E-05
vn -1 4.6827825173068049E-08 7.1577000198885798E-05
vn -1 4.6827825173068049E-08 7.1577000198885798E-05
vn -1 4.6827825173068049E-08 7.1577000198885798E-05
vn -1 4.6827825173068049E-08 7.1577000198885798E-05
vn -1 4.6827825173068049E-08 7.1577000198885798E-05
vn -1 4.6827825173068049E-08 7.1577000198885798E-05
vn -1 4.6827825173068049E-08 7.1577000198885798E-05
vn -1 4.6827825173068049E-08 7.1577000198885798E-05
vn -1 4.6827825173068049E-08 7.1577000198885798E-05
vn -1 4.6827825173068049E-08 7.1577000198885798E-05
vn -1 4.6827825173068049E-08 7.1577000198885798E-05
vn -1 4.6827825173068049E-08 7.1577000198885798E-05
vn -1 4.6827825173068049E-08 7.1577000198885798E-05
vn -1 4.6827825173068049E-08 7.1577000198885798E-05
vn -1 4.6827825173068049E-08 7.1577000198885798E-05
vn -1 4.6827825173068049E-08 7.1577000198885798E-05
vn -1 4.6827825173068049E-08 7.1577000198885798E-05
vn -1 4.6827825173068049E-08 7.1577000198885798E-05
vn -1 4.6827825173068049E-08 7.1577000198885798E-05
vn -1 4.6827825173068049E-08 7.1577000198885798E-05
vn -1 4.6827825173068049E-08 7.1577000198885798E-05
vn -1 4.6827825173068049E-08 7.1577000198885798E-05
vn -1 4.6827825173068049E-08 7.1577000198885798E-05
vn -1 4.6827825173068049E-08 7.1577000198885798E-05
vn -1 4.6827825173068049E-08 7.1577000198885798E-05
vn -1 4.6827825173068049E-08 7.1577000198885798E-05
vn -1 4.6827825173068049E-08 7.1577000198885798E-05
vn -1 4.6827825173068049E-08 7.1577000198885798E-05
vn -1 4.6827825173068049E-08 7.1577000198885798E-05
vn -1 4.6827825173068049E-08 7.1577000198885798E-05
vn -1 4.6827825173068049E-08 7.1577000198885798E-05
vn -1 4.6827825173068049E-08 7.1577000198885798E-05
vn -1 4.6827825173068049E-08 7.1577000198885798E-05
vn -1 4.6827825173068049E-08 7.1577000198885798E-05
vn -1 4.6827825173068049E-08 7.1577000198885798E-05
vn -1 4.6827825173068049E-08 7.1577000198885798E-05
vn -1 4.6827825173068049E-08 7.1577000198885798E-05
vn -1 4.6827825173068049E-08 7.1577000198885798E-05
vn -1 4.6827825173068049E-08 7.1577000198885798E-05
vn -1 4.6827825173068049E-08 7.1577000198885798E-05
vn -1 4.6827825173068049E-08 7.1577000198885798E-05
vn -1 4.6827825173068049E-08 7.1577000198885798E-05
vn -1 4.6827825173068049E-08 7.1577000198885798E-05
vn -1 4.6827825173068049E-08 7.1577000198885798E-05
vn -1 4.6827825173068049E-08 7.1577000198885798E-05
vn -1 4.6827825173068049E-08 7.1577000198885798E-05
vn -1 4.6827825173068049E-08 7.1577000198885798E-05
vn -1 4.6827825173068049E-08 7.1577000198885798E-05
vn -1 4.6827825173068049E-08 7.1577000198885798E-05
vn -1 4.6827825173068049E-08 7.1577000198885798E-05
vn -1 4.6827825173068049E-08 7.1577000198885798E-05
vn -1 4.6827825173068049E-08 7.1577000198885798E-05
vn -1 4.6827825173068049E-08 7.1577000198885798E-05
vn -1 4.6827825173068049E-08 7.1577000198885798E-05
vn -1 4.6827825173068049E-08 7.1577000198885798E-05
vn -1 4.6827825173068049E-08 7.1577000198885798E-05
vn -1 4.6827825173068049E-08 7.1577000198885798E-05
vn -1 4.6827825173068049E-08 7.1577000198885798E-05
vn -1 4.6827825173068049E-08 7.1577000198885798E-05
vn -1 4.6827825173068049E-08 7.1577000198885798E-05
vn -1 4.6827825173068049E-08 7.1577000198885798E-05
vn -1 4.6827825173068049E-08 7.1577000198885798E-05
vn -1 4.6827825173068049E-08 7.1577000198885798E-05
vn -1 4.6827825173068049E-08 7.1577000198885798E-05
vn -1 4.6827825173068049E-08 7.1577000198885798E-05
vn -1 4.6827825173068049E-08 7.1577000198885798E-05
vn -1 4.6827825173068049E-08 7.1577000198885798E-05
vn -1 4.6827825173068049E-08 7.1577000198885798E-05
vn -1 4.6827825173068049E-08 7.1577000198885798E-05
vn -1 4.6827825173068049E-08 7.1577000198885798E-05
vn -1 4.6827825173068049E-08 7.1577000198885798E-05
vn -1 4.6827825173068049E-08 7.1577000198885798E-05
vn -1 4.6827825173068049E-08 7.1577000198885798E-05
vn -1 4.6827825173068049E-08 7.1577000198885798E-05
vn -1 4.6827825173068049E-08 7.1577000198885798E-05
vn -1 4.6827825173068049E-08 7.1577000198885798E-05
vn -1 4.6827825173068049E-08 7.1577000198885798E-05
vn -1 4.6827825173068049E-08 7.1577000198885798E-05
vn -1 4.6827825173068049E-08 7.1577000198885798E-05
vn -1 4.6827825173068049E-08 7.1577000198885798E-05
vn -1 4.6827825173068049E-08 7.1577000198885798E-05
vn -1 4.6827825173068049E-08 7.1577000198885798E-05
vn -1 4.6827825173068049E-08 7.1577000198885798E-05
vn -1 4.6827825173068049E-08 7.1577000198885798E-05
vn -1 4.6827825173068049E-08 7.1577000198885798E-05
vn -1 4.6827825173068049E-08 7.1577000198885798E-05
vn -1 4.6827825173068049E-08 7.1577000198885798E-05
vn -1 4.6827825173068049E-08 7.1577000198885798E-05
vn -1 4.6827825173068049E-08 7.1577000198885798E-05
vn -1 4.6827825173068049E-08 7.1577000198885798E-05
vn -1 4.6827825173068049E-08 7.1577000198885798E-05
vn -1 4.6827825173068049E-08 7.1577000198885798E-05
vn -1 4.6827825173068049E-08 7.1577000198885798E-05
vn -1 4.6827825173068049E-08 7.1577000198885798E-05
vn -1 4.6827825173068049E-08 7.1577000198885798E-05
vn -1 4.6827825173068049E-08 7.1577000198885798E-05
vn -1 4.6827825173068049E-08 7.1577000198885798E-05
vn -1 4.6827825173068049E-08 7.1577000198885798E-05
vn -1 4.6827825173068049E-08 7.1577000198885798E-05
vn -1 4.6827825173068049E-08 7.1577000198885798E-05
vn -1 4.6827825173068049E-08 7.1577000198885798E-05
vn -1 4.6827825173068049E-08 7.1577000198885798E-05
vn -1 4.6827825173068049E-08 7.1577000198885798E-05
vn -1 4.6827825173068049E-08 7.1577000198885798E-05
vn -1 4.6827825173068049E-08 7.1577000198885798E-05
vn -1 4.6827825173068049E-08 7.1577000198885798E-05
vn -1 4.6827825173068049E-08 7.1577000198885798E-05
vn -1 4.6827825173068049E-08 7.1577000198885798E-05
vn -1 4.6827825173068049E-08 7.1577000198885798E-05
vn -1 4.6827825173068049E-08 7.1577000198885798E-05
vn -1 4.6827825173068049E-08 7.1577000198885798E-05
vn -1 4.6827825173068049E-08 7.1577000198885798E-05
vn -1 4.6827825173068049E-08 7.1577000198885798E-05
vn -1 4.6827825173068049E-08 7.1577000198885798E-05
vn -1 4.6827825173068049E-08 7.1577000198885798E-05
vn -1 4.6827825173068049E-08 7.1577000198885798E-05
vn -1 4.6827825173068049E-08 7.1577000198885798E-05
vn -1 4.6827825173068049E-08 7.1577000198885798E-05
vn -1 4.6827825173068049E-08 7.1577000198885798E-05
vn -1 4.6827825173068049E-08 7.1577000198885798E-05
vn -1 4.6827825173068049E-08 7.1577000198885798E-05
vn -1 4.6827825173068049E-08 7.1577000198885798E-05
vn -1 4.6827825173068049E-08 7.1577000198885798E-05
vn -1 4.6827825173068049E-08 7.1577000198885798E-05
vn -1 4.6827825173068049E-08 7.1577000198885798E-05
vn -1 4.6827825173068049E-08 7.1577000198885798E-05
vn -1 4.6827825173068049E-08 7.1577000198885798E-05
vn -1 4.6827825173068049E-08 7.1577000198885798E-05
vn -1 4.6827825173068049E-08 7.1577000198885798E-05
vn -1 4.6827825173068049E-08 7.1577000198885798E-05
vn -1 4.6827825173068049E-08 7.1577000198885798E-05
vn -1 4.6827825173068049E-08 7.1577000198885798E-05
vn -1 4.6827825173068049E-08 7.1577000198885798E-05
vn -1 4.6827825173068049E-08 7.1577000198885798E-05
vn -1 4.6827825173068049E-08 7.1577000198885798E-05
vn -1 4.6827825173068049E-08 7.1577000198885798E-05
vn -1 4.6827825173068049E-08 7.1577000198885798E-05
vn -1 4.6827825173068049E-08 7.1577000198885798E-05
vn -1 4.6827825173068049E-08 7.1577000198885798E-05
vn -1 4.6827825173068049E-08 7.1577000198885798E-05
vn -1 4.6827825173068049E-08 7.1577000198885798E-05
vn -1 4.6827825173068049E-08 7.1577000198885798E-05
vn -1 4.6827825173068049E-08 7.1577000198885798E-05
vn -1 4.6827825173068049E-08 7.1577000198885798E-05
vn -1 4.6827825173068049E-08 7.1577000198885798E-05
vn -1 4.6827825173068049E-08 7.1577000198885798E-05
vn -1 4.6827825173068049E-08 7.1577000198885798E-05
vn -1 4.6827825173068049E-08 7.1577000198885798E-05
vn -1 4.6827825173068049E-08 7.1577000198885798E-05
vn -1 4.6827825173068049E-08 7.1577000198885798E-05
vn -1 4.6827825173068049E-08 7.1577000198885798E-05
vn -1 4.6827825173068049E-08 7.1577000198885798E-05
vn -1 4.6827825173068049E-08 7.1577000198885798E-05
vn -1 4.6827825173068049E-08 7.1577000198885798E-05
vn -1 4.6827825173068049E-08 7.1577000198885798E-05
vn -1 4.6827825173068049E-08 7.1577000198885798E-05
vn -1 4.6827825173068049E-08 7.1577000198885798E-05
vn -1 4.6827825173068049E-08 7.1577000198885798E-05
vn -1 4.6827825173068049E-08 7.1577000198885798E-05
vn -1 4.6827825173068049E-08 7.1577000198885798E-05
vn -1 4.6827825173068049E-08 7.1577000198885798E-05
vn -1 4.6827825173068049E-08 7.1577000198885798E-05
vn -1 4.6827825173068049E-08 7.1577000198885798E-05
vn -1 4.6827825173068049E-08 7.1577000198885798E-05
vn -1 4.6827825173068049E-08 7.1577000198885798E-05
vn -1 4.6827825173068049E-08 7.1577000198885798E-05
vn -1 4.6827825173068049E-08 7.1577000198885798E-05
vn -1 4.6827825173068049E-08 7.1577000198885798E-05
vn -1 4.6827825173068049E-08 7.1577000198885798E-05
vn -1 4.6827825173068049E-08 7.1577000198885798E-05
vn -1 4.6827825173068049E-08 7.1577000198885798E-05
vn -1 4.6827825173068049E-08 7.1577000198885798E-05
vn -1 4.6827825173068049E-08 7.1577000198885798E-05
vn -1 4.6827825173068049E-08 7.1577000198885798E-05
vn -1 4.6827825173068049E-08 7.1577000198885798E-05
vn -1 4.6827825173068049E-08 7.1577000198885798E-05
vn -1 4.6827825173068049E-08 7.1577000198885798E-05
vn -1 4.6827825173068049E-08 7.1577000198885798E-05
vn -1 4.6827825173068049E-08 7.1577000198885798E-05
vn -1 4.6827825173068049E-08 7.1577000198885798E-05
vn -1 4.6827825173068049E-08 7.1577000198885798E-05
vn -1 4.6827825173068049E-08 7.1577000198885798E-05
vn -1 4.6827825173068049E-08 7.1577000198885798E-05
vn -1 4.6827825173068049E-08 7.1577000198885798E-05
vn -1 4.6827825173068049E-08 7.1577000198885798E-05
vn -1 4.6827825173068049E-08 7.1577000198885798E-05
vn -1 4.6827825173068049E-08 7.1577000198885798E-05
vn -1 4.6827825173068049E-08 7.1577000198885798E-05
vn -1 4.6827825173068049E-08 7.1577000198885798E-05
vn -1 4.6827825173068049E-08 7.1577000198885798E-05
vn -1 4.6827825173068049E-08 7.1577000198885798E-05
vn -1 4.6827825173068049E-08 7.1577000198885798E-05
vn -1 4.6827825173068049E-08 7.1577000198885798E-05
vn -1 4.6827825173068049E-08 7.1577000198885798E-05
vn -1 4.6827825173068049E-08 7.1577000198885798E-05
vn -1 4.6827825173068049E-08 7.1577000198885798E-05
vn -1 4.6827825173068049E-08 7.1577000198885798E-05
vn -1 4.6827825173068049E-08 7.1577000198885798E-05
vn -1 4.6827825173068049E-08 7.1577000198885798E-05
vn -1 4.6827825173068049E-08 7.1577000198885798E-05
vn -1 4.6827825173068049E-08 7.1577000198885798E-05
vn -1 4.6827825173068049E-08 7.1577000198885798E-05
vn -1 4.6827825173068049E-08 7.1577000198885798E-05
vn -1 4.6827825173068049E-08 7.1577000198885798E-05
vn -1 4.6827825173068049E-08 7.1577000198885798E-05
vn -1 4.6827825173068049E-08 7.1577000198885798E-05
vn -1 4.6827825173068049E-08 7.1577000198885798E-05
vn -1 4.6827825173068049E-08 7.1577000198885798E-05
vn -1 4.6827825173068049E-08 7.1577000198885798E-05
vn -1 4.6827825173068049E-08 7.1577000198885798E-05
vn -1 4.6827825173068049E-08 7.1577000198885798E-05
vn -1 4.6827825173068049E-08 7.1577000198885798E-05
vn -1 4.6827825173068049E-08 7.1577000198885798E-05
vn -1 4.6827825173068049E-08 7.1577000198885798E-05
vn -1 4.6827825173068049E-08 7.1577000198885798E-05
vn 1 1.3540102372644469E-10 2.0696239744211198E-07
vn 1 1.3540102372644469E-10 2.0696239744211198E-07
vn 1 1.3540102372644469E-10 2.0696239744211198E-07
vn 1 1.3540102372644469E-10 2.0696239744211198E-07
vn 1 1.3540102372644469E-10 2.0696239744211198E-07
vn 1 1.3540102372644469E-10 2.0696239744211198E-07
vn 1 1.3540102372644469E-10 2.0696239744211198E-07
vn 1 1.3540102372644469E-10 2.0696239744211198E-07
vn 1 1.3540102372644469E-10 2.0696239744211198E-07
vn 1 1.3540102372644469E-10 2.0696239744211198E-07
vn 1 1.3540102372644469E-10 2.0696239744211198E-07
vn 1 1.3540102372644469E-10 2.0696239744211198E-07
vn 1 1.3540102372644469E-10 2.0696239744211198E-07
vn 1 1.3540102372644469E-10 2.0696239744211198E-07
vn 1 1.3540102372644469E-10 2.0696239744211198E-07
vn 1 1.3540102372644469E-10 2.0696239744211198E-07
vn 1 1.3540102372644469E-10 2.0696239744211198E-07
vn 1 1.3540102372644469E-10 2.0696239744211198E-07
vn 1 1.3540102372644469E-10 2.0696239744211198E-07
vn 1 1.3540102372644469E-10 2.0696239744211198E-07
vn 1 1.3540102372644469E-10 2.0696239744211198E-07
vn 1 1.3540102372644469E-10 2.0696239744211198E-07
vn 1 1.3540102372644469E-10 2.0696239744211198E-07
vn 1 1.3540102372644469E-10 2.0696239744211198E-07
vn 1 1.3540102372644469E-10 2.0696239744211198E-07
vn 1 1.3540102372644469E-10 2.0696239744211198E-07
vn 1 1.3540102372644469E-10 2.0696239744211198E-07
vn 1 1.3540102372644469E-10 2.0696239744211198E-07
vn 1 1.3540102372644469E-10 2.0696239744211198E-07
vn 1 1.3540102372644469E-10 2.0696239744211198E-07
vn 1 1.3540102372644469E-10 2.0696239744211198E-07
vn 1 1.3540102372644469E-10 2.0696239744211198E-07
vn 1 1.3540102372644469E-10 2.0696239744211198E-07
vn 1 1.3540102372644469E-10 2.0696239744211198E-07
vn 1 1.3540102372644469E-10 2.0696239744211198E-07
vn 1 1.3540102372644469E-10 2.0696239744211198E-07
vn 1 1.3540102372644469E-10 2.0696239744211198E-07
vn 1 1.3540102372644469E-10 2.0696239744211198E-07
vn 1 1.3540102372644469E-10 2.0696239744211198E-07
vn 1 1.3540102372644469E-10 2.0696239744211198E-07
vn 1 1.3540102372644469E-10 2.0696239744211198E-07
vn 1 1.3540102372644469E-10 2.0696239744211198E-07
vn 1 1.3540102372644469E-10 2.0696239744211198E-07
vn 1 1.3540102372644469E-10 2.0696239744211198E-07
vn 1 1.3540102372644469E-10 2.0696239744211198E-07
vn 1 1.3540102372644469E-10 2.0696239744211198E-07
vn 1 1.3540102372644469E-10 2.0696239744211198E-07
vn 1 1.3540102372644469E-10 2.0696239744211198E-07
vn 1 1.3540102372644469E-10 2.0696239744211198E-07
vn 1 1.3540102372644469E-10 2.0696239744211198E-07
vn 1 1.3540102372644469E-10 2.0696239744211198E-07
vn 1 1.3540102372644469E-10 2.0696239744211198E-07
vn 1 1.3540102372644469E-10 2.0696239744211198E-07
vn 1 1.3540102372644469E-10 2.0696239744211198E-07
vn 1 1.3540102372644469E-10 2.0696239744211198E-07
vn 1 1.3540102372644469E-10 2.0696239744211198E-07
vn 1 1.3540102372644469E-10 2.0696239744211198E-07
vn 1 1.3540102372644469E-10 2.0696239744211198E-07
vn 1 1.3540102372644469E-10 2.0696239744211198E-07
vn 1 1.3540102372644469E-10 2.0696239744211198E-07
vn 1 1.3540102372644469E-10 2.0696239744211198E-07
vn 1 1.3540102372644469E-10 2.0696239744211198E-07
vn 1 1.3540102372644469E-10 2.0696239744211198E-07
vn 1 1.3540102372644469E-10 2.0696239744211198E-07
vn 1 1.3540102372644469E-10 2.0696239744211198E-07
vn 1 1.3540102372644469E-10 2.0696239744211198E-07
vn 1 1.3540102372644469E-10 2.0696239744211198E-07
vn 1 1.3540102372644469E-10 2.0696239744211198E-07
vn 1 1.3540102372644469E-10 2.0696239744211198E-07
vn 1 1.3540102372644469E-10 2.0696239744211198E-07
vn 1 1.3540102372644469E-10 2.0696239744211198E-07
vn 1 1.3540102372644469E-10 2.0696239744211198E-07
vn 1 1.3540102372644469E-10 2.0696239744211198E-07
vn 1 1.3540102372644469E-10 2.0696239744211198E-07
vn 1 1.3540102372644469E-10 2.0696239744211198E-07
vn 1 1.3540102372644469E-10 2.0696239744211198E-07
vn 1 1.3540102372644469E-10 2.0696239744211198E-07
vn 1 1.3540102372644469E-10 2.0696239744211198E-07
vn 1 1.3540102372644469E-10 2.0696239744211198E-07
vn 1 1.3540102372644469E-10 2.0696239744211198E-07
vn 1 1.3540102372644469E-10 2.0696239744211198E-07
vn 1 1.3540102372644469E-10 2.0696239744211198E-07
vn 1 1.3540102372644469E-10 2.0696239744211198E-07
vn 1 1.3540102372644469E-10 2.0696239744211198E-07
vn 1 1.3540102372644469E-10 2.0696239744211198E-07
vn 1 1.3540102372644469E-10 2.0696239744211198E-07
vn 1 1.3540102372644469E-10 2.0696239744211198E-07
vn 1 1.3540102372644469E-10 2.0696239744211198E-07
vn 1 1.3540102372644469E-10 2.0696239744211198E-07
vn 1 1.3540102372644469E-10 2.0696239744211198E-07
vn 1 1.3540102372644469E-10 2.0696239744211198E-07
vn 1 1.3540102372644469E-10 2.0696239744211198E-07
vn 1 1.3540102372644469E-10 2.0696239744211198E-07
vn 1 1.3540102372644469E-10 2.0696239744211198E-07
vn 1 1.3540102372644469E-10 2.0696239744211198E-07
vn 1 1.3540102372644469E-10 2.0696239744211198E-07
vn 1 1.3540102372644469E-10 2.0696239744211198E-07
vn 1 1.3540102372644469E-10 2.0696239744211198E-07
vn 1 1.3540102372644469E-10 2.0696239744211198E-07
vn 1 1.3540102372644469E-10 2.0696239744211198E-07
vn 1 1.3540102372644469E-10 2.0696239744211198E-07
vn 1 1.3540102372644469E-10 2.0696239744211198E-07
vn 1 1.3540102372644469E-10 2.0696239744211198E-07
vn 1 1.3540102372644469E-10 2.0696239744211198E-07
vn 1 1.3540102372644469E-10 2.0696239744211198E-07
vn 1 1.3540102372644469E-10 2.0696239744211198E-07
vn 1 1.3540102372644469E-10 2.0696239744211198E-07
vn 1 1.3540102372644469E-10 2.0696239744211198E-07
vn 1 1.3540102372644469E-10 2.0696239744211198E-07
vn 1 1.3540102372644469E-10 2.0696239744211198E-07
vn 1 1.3540102372644469E-10 2.0696239744211198E-07
vn 1 1.3540102372644469E-10 2.0696239744211198E-07
vn 1 1.3540102372644469E-10 2.0696239744211198E-07
vn 1 1.3540102372644469E-10 2.0696239744211198E-07
vn 1 1.3540102372644469E-10 2.0696239744211198E-07
vn 1 1.3540102372644469E-10 2.0696239744211198E-07
vn 1 1.3540102372644469E-10 2.0696239744211198E-07
vn 1 1.3540102372644469E-10 2.0696239744211198E-07
vn 1 1.3540102372644469E-10 2.0696239744211198E-07
vn 1 1.3540102372644469E-10 2.0696239744211198E-07
vn 1 1.3540102372644469E-10 2.0696239744211198E-07
vn 1 1.3540102372644469E-10 2.0696239744211198E-07
vn 1 1.3540102372644469E-10 2.0696239744211198E-07
vn 1 1.3540102372644469E-10 2.0696239744211198E-07
vn 1 1.3540102372644469E-10 2.0696239744211198E-07
vn 1 1.3540102372644469E-10 2.0696239744211198E-07
vn 1 1.3540102372644469E-10 2.0696239744211198E-07
vn 1 1.3540102372644469E-10 2.0696239744211198E-07
vn 1 1.3540102372644469E-10 2.0696239744211198E-07
vn 1 1.3540102372644469E-10 2.0696239744211198E-07
vn 1 1.3540102372644469E-10 2.0696239744211198E-07
vn 1 1.3540102372644469E-10 2.0696239744211198E-07
vn 1 1.3540102372644469E-10 2.0696239744211198E-07
vn 1 1.3540102372644469E-10 2.0696239744211198E-07
vn 1 1.3540102372644469E-10 2.0696239744211198E-07
vn 1 1.3540102372644469E-10 2.0696239744211198E-07
vn 1 1.3540102372644469E-10 2.0696239744211198E-07
vn 1 1.3540102372644469E-10 2.0696239744211198E-07
vn 1 1.3540102372644469E-10 2.0696239744211198E-07
vn 1 1.3540102372644469E-10 2.0696239744211198E-07
vn 1 1.3540102372644469E-10 2.0696239744211198E-07
vn 1 1.3540102372644469E-10 2.0696239744211198E-07
vn 1 1.3540102372644469E-10 2.0696239744211198E-07
vn 1 1.3540102372644469E-10 2.0696239744211198E-07
vn 1 1.3540102372644469E-10 2.0696239744211198E-07
vn 1 1.3540102372644469E-10 2.0696239744211198E-07
vn 1 1.3540102372644469E-10 2.0696239744211198E-07
vn 1 1.3540102372644469E-10 2.0696239744211198E-07
vn 1 1.3540102372644469E-10 2.0696239744211198E-07
vn 1 1.3540102372644469E-10 2.0696239744211198E-07
vn 1 1.3540102372644469E-10 2.0696239744211198E-07
vn 1 1.3540102372644469E-10 2.0696239744211198E-07
vn 1 1.3540102372644469E-10 2.0696239744211198E-07
vn 1 1.3540102372644469E-10 2.0696239744211198E-07
vn 1 1.3540102372644469E-10 2.0696239744211198E-07
vn 1 1.3540102372644469E-10 2.0696239744211198E-07
vn 1 1.3540102372644469E-10 2.0696239744211198E-07
vn 1 1.3540102372644469E-10 2.0696239744211198E-07
vn 1 1.3540102372644469E-10 2.0696239744211198E-07
vn 1 1.3540102372644469E-10 2.0696239744211198E-07
vn 1 1.3540102372644469E-10 2.0696239744211198E-07
vn 1 1.3540102372644469E-10 2.0696239744211198E-07
vn 1 1.3540102372644469E-10 2.0696239744211198E-07
vn 1 1.3540102372644469E-10 2.0696239744211198E-07
vn 1 1.3540102372644469E-10 2.0696239744211198E-07
vn 1 1.3540102372644469E-10 2.0696239744211198E-07
vn 1 1.3540102372644469E-10 2.0696239744211198E-07
vn 1 1.3540102372644469E-10 2.0696239744211198E-07
vn 1 1.3540102372644469E-10 2.0696239744211198E-07
vn 1 1.3540102372644469E-10 2.0696239744211198E-07
vn 1 1.3540102372644469E-10 2.0696239744211198E-07
vn 1 1.3540102372644469E-10 2.0696239744211198E-07
vn 1 1.3540102372644469E-10 2.0696239744211198E-07
vn 1 1.3540102372644469E-10 2.0696239744211198E-07
vn 1 1.3540102372644469E-10 2.0696239744211198E-07
vn 1 1.3540102372644469E-10 2.0696239744211198E-07
vn 1 1.3540102372644469E-10 2.0696239744211198E-07
vn 1 1.3540102372644469E-10 2.0696239744211198E-07
vn 1 1.3540102372644469E-10 2.0696239744211198E-07
vn 1 1.3540102372644469E-10 2.0696239744211198E-07
vn 1 1.3540102372644469E-10 2.0696239744211198E-07
vn 1 1.3540102372644469E-10 2.0696239744211198E-07
vn 1 1.3540102372644469E-10 2.0696239744211198E-07
vn 1 1.3540102372644469E-10 2.0696239744211198E-07
vn 1 1.3540102372644469E-10 2.0696239744211198E-07
vn 1 1.3540102372644469E-10 2.0696239744211198E-07
vn 1 1.3540102372644469E-10 2.0696239744211198E-07
vn 1 1.3540102372644469E-10 2.0696239744211198E-07
vn 1 1.3540102372644469E-10 2.0696239744211198E-07
vn 1 1.3540102372644469E-10 2.0696239744211198E-07
vn 1 1.3540102372644469E-10 2.0696239744211198E-07
vn 1 1.3540102372644469E-10 2.0696239744211198E-07
vn 1 1.3540102372644469E-10 2.0696239744211198E-07
vn 1 1.3540102372644469E-10 2.0696239744211198E-07
vn 1 1.3540102372644469E-10 2.0696239744211198E-07
vn 1 1.3540102372644469E-10 2.0696239744211198E-07
vn 1 1.3540102372644469E-10 2.0696239744211198E-07
vn 1 1.3540102372644469E-10 2.0696239744211198E-07
vn 1 1.3540102372644469E-10 2.0696239744211198E-07
vn 1 1.3540102372644469E-10 2.0696239744211198E-07
vn 1 1.3540102372644469E-10 2.0696239744211198E-07
vn 1 1.3540102372644469E-10 2.0696239744211198E-07
vn 1 1.3540102372644469E-10 2.0696239744211198E-07
vn 1 1.3540102372644469E-10 2.0696239744211198E-07
vn 1 1.3540102372644469E-10 2.0696239744211198E-07
vn 1 1.3540102372644469E-10 2.0696239744211198E-07
vn 1 1.3540102372644469E-10 2.0696239744211198E-07
vn 1 1.3540102372644469E-10 2.0696239744211198E-07
vn 1 1.3540102372644469E-10 2.0696239744211198E-07
vn 1 1.3540102372644469E-10 2.0696239744211198E-07
vn 1 1.3540102372644469E-10 2.0696239744211198E-07
vn 1 1.3540102372644469E-10 2.0696239744211198E-07
vn 1 1.3540102372644469E-10 2.0696239744211198E-07
vn 1 1.3540102372644469E-10 2.0696239744211198E-07
vn 1 1.3540102372644469E-10 2.0696239744211198E-07
vn 1 1.3540102372644469E-10 2.0696239744211198E-07
vn 1 1.3540102372644469E-10 2.0696239744211198E-07
vn 1 1.3540102372644469E-10 2.0696239744211198E-07
vn 1 1.3540102372644469E-10 2.0696239744211198E-07
vn 1 1.3540102372644469E-10 2.0696239744211198E-07
vn 1 1.3540102372644469E-10 2.0696239744211198E-07
vn 1 1.3540102372644469E-10 2.0696239744211198E-07
vn 1 1.3540102372644469E-10 2.0696239744211198E-07
vn 1 1.3540102372644469E-10 2.0696239744211198E-07
vn 1 1.3540102372644469E-10 2.0696239744211198E-07
vn 1 1.3540102372644469E-10 2.0696239744211198E-07
vn 1 1.3540102372644469E-10 2.0696239744211198E-07
vn 1 1.3540102372644469E-10 2.0696239744211198E-07
vn 1 1.3540102372644469E-10 2.0696239744211198E-07
vn 1 1.3540102372644469E-10 2.0696239744211198E-07
vn 1 1.3540102372644469E-10 2.0696239744211198E-07
vn 1 1.3540102372644469E-10 2.0696239744211198E-07
vn 1 1.3540102372644469E-10 2.0696239744211198E-07
vn 1 1.3540102372644469E-10 2.0696239744211198E-07
vn 1 1.3540102372644469E-10 2.0696239744211198E-07
vn 1 1.3540102372644469E-10 2.0696239744211198E-07
vn 1 1.3540102372644469E-10 2.0696239744211198E-07
vn 1 1.3540102372644469E-10 2.0696239744211198E-07
vn 1 1.3540102372644469E-10 2.0696239744211198E-07
vn 1 1.3540102372644469E-10 2.0696239744211198E-07
vn 1 1.3540102372644469E-10 2.0696239744211198E-07
vn 1 1.3540102372644469E-10 2.0696239744211198E-07
vn 1 1.3540102372644469E-10 2.0696239744211198E-07
vn 1 1.3540102372644469E-10 2.0696239744211198E-07
vn 1 1.3540102372644469E-10 2.0696239744211198E-07
vn 1 1.3540102372644469E-10 2.0696239744211198E-07
vn 1 1.3540102372644469E-10 2.0696239744211198E-07
vn 1 1.3540102372644469E-10 2.0696239744211198E-07
vn 1 1.3540102372644469E-10 2.0696239744211198E-07
vn 1 1.3540102372644469E-10 2.0696239744211198E-07
vn 1 1.3540102372644469E-10 2.0696239744211198E-07
vn 1 1.3540102372644469E-10 2.0696239744211198E-07
vn 1 1.3540102372644469E-10 2.0696239744211198E-07
vn 1 1.3540102372644469E-10 2.0696239744211198E-07
vn 1 1.3540102372644469E-10 2.0696239744211198E-07
vn 1 1.3540102372644469E-10 2.0696239744211198E-07
vn 1 1.3540102372644469E-10 2.0696239744211198E-07
vn 1 1.3540102372644469E-10 2.0696239744211198E-07
vn 1 1.3540102372644469E-10 2.0696239744211198E-07
vn 1 1.3540102372644469E-10 2.0696239744211198E-07
vn 1 1.3540102372644469E-10 2.0696239744211198E-07
vn 1 1.3540102372644469E-10 2.0696239744211198E-07
vn 1 1.3540102372644469E-10 2.0696239744211198E-07
vn 1 1.3540102372644469E-10 2.0696239744211198E-07
vn 1 1.3540102372644469E-10 2.0696239744211198E-07
vn 1 1.3540102372644469E-10 2.0696239744211198E-07
vn 1 1.3540102372644469E-10 2.0696239744211198E-07
vn 1 1.3540102372644469E-10 2.0696239744211198E-07
vn 1 1.3540102372644469E-10 2.0696239744211198E-07
vn 1 1.3540102372644469E-10 2.0696239744211198E-07
vn 1 1.3540102372644469E-10 2.0696239744211198E-07
vn 1 1.3540102372644469E-10 2.0696239744211198E-07
vn 1 1.3540102372644469E-10 2.0696239744211198E-07
vn 1 1.3540102372644469E-10 2.0696239744211198E-07
vn 1 1.3540102372644469E-10 2.0696239744211198E-07
vn 1 1.3540102372644469E-10 2.0696239744211198E-07
vn 1 1.3540102372644469E-10 2.0696239744211198E-07
vn 1 1.3540102372644469E-10 2.0696239744211198E-07
vn 1 1.3540102372644469E-10 2.0696239744211198E-07
vn 1 1.3540102372644469E-10 2.0696239744211198E-07
vn 1 1.3540102372644469E-10 2.0696239744211198E-07
vn 1 1.3540102372644469E-10 2.0696239744211198E-07
vn 1 1.3540102372644469E-10 2.0696239744211198E-07
vn 1 1.3540102372644469E-10 2.0696239744211198E-07
vn 1 1.3540102372644469E-10 2.0696239744211198E-07
vn 1 1.3540102372644469E-10 2.0696239744211198E-07
vn 1 1.3540102372644469E-10 2.0696239744211198E-07
vn 1 1.3540102372644469E-10 2.0696239744211198E-07
vn 1 1.3540102372644469E-10 2.0696239744211198E-07
vn 1 1.3540102372644469E-10 2.0696239744211198E-07
vn 1 1.3540102372644469E-10 2.0696239744211198E-07
vn 1 1.3540102372644469E-10 2.0696239744211198E-07
vn 1 1.3540102372644469E-10 2.0696239744211198E-07
vn 1 1.3540102372644469E-10 2.0696239744211198E-07
vn 1 1.3540102372644469E-10 2.0696239744211198E-07
vn 1 1.3540102372644469E-10 2.0696239744211198E-07
vn 1 1.3540102372644469E-10 2.0696239744211198E-07
vn 1 1.3540102372644469E-10 2.0696239744211198E-07
vn 1 1.3540102372644469E-10 2.0696239744211198E-07
vn 1 1.3540102372644469E-10 2.0696239744211198E-07
vn 1 1.3540102372644469E-10 2.0696239744211198E-07
vn 1 1.3540102372644469E-10 2.0696239744211198E-07
vn 1 1.3540102372644469E-10 2.0696239744211198E-07
vn 1 1.3540102372644469E-10 2.0696239744211198E-07
vn 1 1.3540102372644469E-10 2.0696239744211198E-07
vn 1 1.3540102372644469E-10 2.0696239744211198E-07
vn 1 1.3540102372644469E-10 2.0696239744211198E-07
vn 1 1.3540102372644469E-10 2.0696239744211198E-07
vn 1 1.3540102372644469E-10 2.0696239744211198E-07
vn 1 1.3540102372644469E-10 2.0696239744211198E-07
vn 1 1.3540102372644469E-10 2.0696239744211198E-07
vn 1 1.3540102372644469E-10 2.0696239744211198E-07
vn 1 1.3540102372644469E-10 2.0696239744211198E-07
vn 1 1.3540102372644469E-10 2.0696239744211198E-07
vn 1 1.3540102372644469E-10 2.0696239744211198E-07
vn 1 1.3540102372644469E-10 2.0696239744211198E-07
vn 1 1.3540102372644469E-10 2.0696239744211198E-07
vn 1 1.3540102372644469E-10 2.0696239744211198E-07
vn 1 1.3540102372644469E-10 2.0696239744211198E-07
vn 1 1.3540102372644469E-10 2.0696239744211198E-07
vn 1 1.3540102372644469E-10 2.0696239744211198E-07
vn 1 1.3540102372644469E-10 2.0696239744211198E-07
vn 1 1.3540102372644469E-10 2.0696239744211198E-07
vn 1 1.3540102372644469E-10 2.0696239744211198E-07
vn 1 1.3540102372644469E-10 2.0696239744211198E-07
vn 1 1.3540102372644469E-10 2.0696239744211198E-07
vn 1 1.3540102372644469E-10 2.0696239744211198E-07
vn 1 1.3540102372644469E-10 2.0696239744211198E-07
vn 1 1.3540102372644469E-10 2.0696239744211198E-07
vn 1 1.3540102372644469E-10 2.0696239744211198E-07
vn 1 1.3540102372644469E-10 2.0696239744211198E-07
vn 1 1.3540102372644469E-10 2.0696239744211198E-07
vn 1 1.3540102372644469E-10 2.0696239744211198E-07
vn 1 1.3540102372644469E-10 2.0696239744211198E-07
vn 1 1.3540102372644469E-10 2.0696239744211198E-07
vn 1 1.3540102372644469E-10 2.0696239744211198E-07
vn 1 1.3540102372644469E-10 2.0696239744211198E-07
vn 1 1.3540102372644469E-10 2.0696239744211198E-07
vn 1 1.3540102372644469E-10 2.0696239744211198E-07
vn 1 1.3540102372644469E-10 2.0696239744211198E-07
vn 1 1.3540102372644469E-10 2.0696239744211198E-07
vn 1 1.3540102372644469E-10 2.0696239744211198E-07
vn 1 1.3540102372644469E-10 2.0696239744211198E-07
vn 1 1.3540102372644469E-10 2.0696239744211198E-07
vn 1 1.3540102372644469E-10 2.0696239744211198E-07
vn 1 1.3540102372644469E-10 2.0696239744211198E-07
vn 1 1.3540102372644469E-10 2.0696239744211198E-07
vn 1 1.3540102372644469E-10 2.0696239744211198E-07
vn 1 1.3540102372644469E-10 2.0696239744211198E-07
vn 1 1.3540102372644469E-10 2.0696239744211198E-07
vn 1 1.3540102372644469E-10 2.0696239744211198E-07
vn 1 1.3540102372644469E-10 2.0696239744211198E-07
vn 1 1.3540102372644469E-10 2.0696239744211198E-07
vn 1 1.3540102372644469E-10 2.0696239744211198E-07
vn 1 1.3540102372644469E-10 2.0696239744211198E-07
vn 1 1.3540102372644469E-10 2.0696239744211198E-07
vn 1 1.3540102372644469E-10 2.0696239744211198E-07
vn 1 1.3540102372644469E-10 2.0696239744211198E-07
vn 1 1.3540102372644469E-10 2.0696239744211198E-07
vn 1 1.3540102372644469E-10 2.0696239744211198E-07
vn 1 1.3540102372644469E-10 2.0696239744211198E-07
vn 1 1.3540102372644469E-10 2.0696239744211198E-07
vn 1 1.3540102372644469E-10 2.0696239744211198E-07
vn 1 1.3540102372644469E-10 2.0696239744211198E-07
vn 1 1.3540102372644469E-10 2.0696239744211198E-07
vn 1 1.3540102372644469E-10 2.0696239744211198E-07
vn 1 1.3540102372644469E-10 2.0696239744211198E-07
vn 1 1.3540102372644469E-10 2.0696239744211198E-07
vn 1 1.3540102372644469E-10 2.0696239744211198E-07
vn 1 1.3540102372644469E-10 2.0696239744211198E-07
vn 1 1.3540102372644469E-10 2.0696239744211198E-07
vn 1 1.3540102372644469E-10 2.0696239744211198E-07
vn 1 1.3540102372644469E-10 2.0696239744211198E-07
vn 1 1.3540102372644469E-10 2.0696239744211198E-07
vn 1 1.3540102372644469E-10 2.0696239744211198E-07
vn 1 1.3540102372644469E-10 2.0696239744211198E-07
vn 1 1.3540102372644469E-10 2.0696239744211198E-07
vn 1 1.3540102372644469E-10 2.0696239744211198E-07
vn 1 1.3540102372644469E-10 2.0696239744211198E-07
vn 1 1.3540102372644469E-10 2.0696239744211198E-07
vn 1 1.3540102372644469E-10 2.0696239744211198E-07
vn 1 1.3540102372644469E-10 2.0696239744211198E-07
vn 1 1.3540102372644469E-10 2.0696239744211198E-07
vn 1 1.3540102372644469E-10 2.0696239744211198E-07
vn 1 1.3540102372644469E-10 2.0696239744211198E-07
vn 1 1.3540102372644469E-10 2.0696239744211198E-07
vn 1 1.3540102372644469E-10 2.0696239744211198E-07
vn 1 1.3540102372644469E-10 2.0696239744211198E-07
vn 1 1.3540102372644469E-10 2.0696239744211198E-07
vn 1 1.3540102372644469E-10 2.0696239744211198E-07
vn 1 1.3540102372644469E-10 2.0696239744211198E-07
vn 1 1.3540102372644469E-10 2.0696239744211198E-07
vn 1 1.3540102372644469E-10 2.0696239744211198E-07
vn 1 1.3540102372644469E-10 2.0696239744211198E-07
vn 1 1.3540102372644469E-10 2.0696239744211198E-07
vn 1 1.3540102372644469E-10 2.0696239744211198E-07
vn 1 1.3540102372644469E-10 2.0696239744211198E-07
vn 1 1.3540102372644469E-10 2.0696239744211198E-07
vn 1 1.3540102372644469E-10 2.0696239744211198E-07
vn 1 1.3540102372644469E-10 2.0696239744211198E-07
vn 1 1.3540102372644469E-10 2.0696239744211198E-07
vn 1 1.3540102372644469E-10 2.0696239744211198E-07
vn 1 1.3540102372644469E-10 2.0696239744211198E-07
vn 1 1.3540102372644469E-10 2.0696239744211198E-07
vn 1 1.3540102372644469E-10 2.0696239744211198E-07
vn 1 1.3540102372644469E-10 2.0696239744211198E-07
vn 1 1.3540102372644469E-10 2.0696239744211198E-07
vn 1 1.3540102372644469E-10 2.0696239744211198E-07
vn 1 1.3540102372644469E-10 2.0696239744211198E-07
vn 1 1.3540102372644469E-10 2.0696239744211198E-07
vn 1 1.3540102372644469E-10 2.0696239744211198E-07
vn 1 1.3540102372644469E-10 2.0696239744211198E-07
vn 1 1.3540102372644469E-10 2.0696239744211198E-07
vn 1 1.3540102372644469E-10 2.0696239744211198E-07
vn 1 1.3540102372644469E-10 2.0696239744211198E-07
vn 1 1.3540102372644469E-10 2.0696239744211198E-07
vn 1 1.3540102372644469E-10 2.0696239744211198E-07
vn 1 1.3540102372644469E-10 2.0696239744211198E-07
vn 1 1.3540102372644469E-10 2.0696239744211198E-07
vn 1 1.3540102372644469E-10 2.0696239744211198E-07
vn 1 1.3540102372644469E-10 2.0696239744211198E-07
vn 1 1.3540102372644469E-10 2.0696239744211198E-07
vn 1 1.3540102372644469E-10 2.0696239744211198E-07
vn 1 1.3540102372644469E-10 2.0696239744211198E-07
vn 1 1.3540102372644469E-10 2.0696239744211198E-07
vn 1 1.3540102372644469E-10 2.0696239744211198E-07
vn 1 1.3540102372644469E-10 2.0696239744211198E-07
vn 1 1.3540102372644469E-10 2.0696239744211198E-07
vn 1 1.3540102372644469E-10 2.0696239744211198E-07
vn 1 1.3540102372644469E-10 2.0696239744211198E-07
vn 1 1.3540102372644469E-10 2.0696239744211198E-07
vn 1 1.3540102372644469E-10 2.0696239744211198E-07
vn 1 1.3540102372644469E-10 2.0696239744211198E-07
vn 1 1.3540102372644469E-10 2.0696239744211198E-07
vn 0 -0.9999997615814209 0.00065422989428043365
vn 0 -0.9999997615814209 0.00065422989428043365
vn 0 -0.9999997615814209 0.00065422989428043365
vn 0 -0.9999997615814209 0.00065422989428043365
vn 0 -0.9999997615814209 0.00065422989428043365
vn 0 -0.9999997615814209 0.00065422989428043365
vn 0 -0.9999997615814209 0.00065422989428043365
vn 0 -0.9999997615814209 0.00065422989428043365
vn 0 -0.9999997615814209 0.00065422989428043365
vn 0 -0.9999997615814209 0.00065422989428043365
vn 0 -0.9999997615814209 0.00065422989428043365
vn 0 -0.9999997615814209 0.00065422989428043365
vn 0 -0.9999997615814209 0.00065422989428043365
vn 0 -0.9999997615814209 0.00065422989428043365
vn 0 -0.9999997615814209 0.00065422989428043365
vn 0 -0.9999997615814209 0.00065422989428043365
vn 0 -0.9999997615814209 0.00065422989428043365
vn 0 -0.9999997615814209 0.00065422989428043365
vn 0 -0.9999997615814209 0.00065422989428043365
vn 0 -0.9999997615814209 0.00065422989428043365
vn 0 -0.9999997615814209 0.00065422989428043365
vn 0 -0.9999997615814209 0.00065422989428043365
vn 0 -0.9999997615814209 0.00065422989428043365
vn 0 -0.9999997615814209 0.00065422989428043365
vn 0 -0.9999997615814209 0.00065422989428043365
vn 0 -0.9999997615814209 0.00065422989428043365
vn 0 -0.9999997615814209 0.00065422989428043365
vn 0 -0.9999997615814209 0.00065422989428043365
vn 0 -0.9999997615814209 0.00065422989428043365
vn 0 -0.9999997615814209 0.00065422989428043365
vn 0 -0.9999997615814209 0.00065422989428043365
vn 0 -0.9999997615814209 0.00065422989428043365
vn 0 -0.9999997615814209 0.00065422989428043365
vn 0 -0.9999997615814209 0.00065422989428043365
vn 0 -0.9999997615814209 0.00065422989428043365
vn 0 -0.9999997615814209 0.00065422989428043365
vn 0 -0.9999997615814209 0.00065422989428043365
vn 0 -0.9999997615814209 0.00065422989428043365
vn 0 -0.9999997615814209 0.00065422989428043365
vn 0 -0.9999997615814209 0.00065422989428043365
vn 0 -0.9999997615814209 0.00065422989428043365
vn 0 -0.9999997615814209 0.00065422989428043365
vn 0 -0.9999997615814209 0.00065422989428043365
vn 0 -0.9999997615814209 0.00065422989428043365
vn 0 -0.9999997615814209 0.00065422989428043365
vn 0 -0.9999997615814209 0.00065422989428043365
vn 0 -0.9999997615814209 0.00065422989428043365
vn 0 -0.9999997615814209 0.00065422989428043365
vn 0 -0.9999997615814209 0.00065422989428043365
vn 0 -0.9999997615814209 0.00065422989428043365
vn 0 -0.9999997615814209 0.00065422989428043365
vn 0 -0.9999997615814209 0.00065422989428043365
vn 0 -0.9999997615814209 0.00065422989428043365
vn 0 -0.9999997615814209 0.00065422989428043365
vn 0 -0.9999997615814209 0.00065422989428043365
vn 0 -0.9999997615814209 0.00065422989428043365
vn 0 -0.9999997615814209 0.00065422989428043365
vn 0 -0.9999997615814209 0.00065422989428043365
vn 0 -0.9999997615814209 0.00065422989428043365
vn 0 -0.9999997615814209 0.00065422989428043365
vn 0 -0.9999997615814209 0.00065422989428043365
vn 0 -0.9999997615814209 0.00065422989428043365
vn 0 -0.9999997615814209 0.00065422989428043365
vn 0 -0.9999997615814209 0.00065422989428043365
vn 0 -0.9999997615814209 0.00065422989428043365
vn 0 -0.9999997615814209 0.00065422989428043365
vn 0 -0.9999997615814209 0.00065422989428043365
vn 0 -0.9999997615814209 0.00065422989428043365
vn 0 -0.9999997615814209 0.00065422989428043365
vn 0 -0.9999997615814209 0.00065422989428043365
vn 0 -0.9999997615814209 0.00065422989428043365
vn 0 -0.9999997615814209 0.00065422989428043365
vn 0 -0.9999997615814209 0.00065422989428043365
vn 0 -0.9999997615814209 0.00065422989428043365
vn 0 -0.9999997615814209 0.00065422989428043365
vn 0 -0.9999997615814209 0.00065422989428043365
vn 0 -0.9999997615814209 0.00065422989428043365
vn 0 -0.9999997615814209 0.00065422989428043365
vn 0 -0.9999997615814209 0.00065422989428043365
vn 0 -0.9999997615814209 0.00065422989428043365
vn 0 -0.9999997615814209 0.00065422989428043365
vn 0 -0.9999997615814209 0.00065422989428043365
vn 0 -0.9999997615814209 0.00065422989428043365
vn 0 -0.9999997615814209 0.00065422989428043365
vn 0 -0.9999997615814209 0.00065422989428043365
vn 0 -0.9999997615814209 0.00065422989428043365
vn 0 -0.9999997615814209 0.00065422989428043365
vn 0 -0.9999997615814209 0.00065422989428043365
vn 0 -0.9999997615814209 0.00065422989428043365
vn 0 -0.9999997615814209 0.00065422989428043365
vn 0 -0.9999997615814209 0.00065422989428043365
vn 0 -0.9999997615814209 0.00065422989428043365
vn 0 -0.9999997615814209 0.00065422989428043365
vn 0 -0.9999997615814209 0.00065422989428043365
vn 0 -0.9999997615814209 0.00065422989428043365
vn 0 -0.9999997615814209 0.00065422989428043365
vn 0 -0.9999997615814209 0.00065422989428043365
vn 0 -0.9999997615814209 0.00065422989428043365
vn 0 -0.9999997615814209 0.00065422989428043365
vn 0 -0.9999997615814209 0.00065422989428043365
vn 0 -0.9999997615814209 0.00065422989428043365
vn 0 -0.9999997615814209 0.00065422989428043365
vn 0 -0.9999997615814209 0.00065422989428043365
vn 0 -0.9999997615814209 0.00065422989428043365
vn 0 -0.9999997615814209 0.00065422989428043365
vn 0 -0.9999997615814209 0.00065422989428043365
vn 0 -0.9999997615814209 0.00065422989428043365
vn 0 -0.9999997615814209 0.00065422989428043365
vn 0 -0.9999997615814209 0.00065422989428043365
vn 0 -0.9999997615814209 0.00065422989428043365
vn 0 -0.9999997615814209 0.00065422989428043365
vn 0 -0.9999997615814209 0.00065422989428043365
vn 0 -0.9999997615814209 0.00065422989428043365
vn 0 -0.9999997615814209 0.00065422989428043365
vn 0 -0.9999997615814209 0.00065422989428043365
vn 0 -0.9999997615814209 0.00065422989428043365
vn 0 -0.9999997615814209 0.00065422989428043365
vn 0 -0.9999997615814209 0.00065422989428043365
vn 0 -0.9999997615814209 0.00065422989428043365
vn 0 -0.9999997615814209 0.00065422989428043365
vn 0 -0.9999997615814209 0.00065422989428043365
vn 0 -0.9999997615814209 0.00065422989428043365
vn 0 -0.9999997615814209 0.00065422989428043365
vn 0 -0.9999997615814209 0.00065422989428043365
vn 0 -0.9999997615814209 0.00065422989428043365
vn 0 -0.9999997615814209 0.00065422989428043365
vn 0 -0.9999997615814209 0.00065422989428043365
vn 0 -0.9999997615814209 0.00065422989428043365
vn 0 -0.9999997615814209 0.00065422989428043365
vn 0 -0.9999997615814209 0.00065422989428043365
vn 0 -0.9999997615814209 0.00065422989428043365
vn 0 -0.9999997615814209 0.00065422989428043365
vn 0 -0.9999997615814209 0.00065422989428043365
vn 0 -0.9999997615814209 0.00065422989428043365
vn 0 -0.9999997615814209 0.00065422989428043365
vn 0 -0.9999997615814209 0.00065422989428043365
vn 0 -0.9999997615814209 0.00065422989428043365
vn 0 -0.9999997615814209 0.00065422989428043365
vn 0 -0.9999997615814209 0.00065422989428043365
vn 0 -0.9999997615814209 0.00065422989428043365
vn 0 -0.9999997615814209 0.00065422989428043365
vn 0 -0.9999997615814209 0.00065422989428043365
vn 0 -0.9999997615814209 0.00065422989428043365
vn 0 -0.9999997615814209 0.00065422989428043365
vn 0 -0.9999997615814209 0.00065422989428043365
vn 0 -0.9999997615814209 0.00065422989428043365
vn 0 -0.9999997615814209 0.00065422989428043365
vn 0 -0.9999997615814209 0.00065422989428043365
vn 0 -0.9999997615814209 0.00065422989428043365
vn 0 -0.9999997615814209 0.00065422989428043365
vn 0 -0.9999997615814209 0.00065422989428043365
vn 0 -0.9999997615814209 0.00065422989428043365
vn 0 -0.9999997615814209 0.00065422989428043365
vn 0 -0.9999997615814209 0.00065422989428043365
vn 0 -0.9999997615814209 0.00065422989428043365
vn 0 -0.9999997615814209 0.00065422989428043365
vn 0 -0.9999997615814209 0.00065422989428043365
vn 0 -0.9999997615814209 0.00065422989428043365
vn 0 -0.9999997615814209 0.00065422989428043365
vn 0 -0.9999997615814209 0.00065422989428043365
vn 0 -0.9999997615814209 0.00065422989428043365
vn 0 -0.9999997615814209 0.00065422989428043365
vn 0 -0.9999997615814209 0.00065422989428043365
vn 0 -0.9999997615814209 0.00065422989428043365
vn 0 -0.9999997615814209 0.00065422989428043365
vn 0 -0.9999997615814209 0.00065422989428043365
vn 0 -0.9999997615814209 0.00065422989428043365
vn 0 -0.9999997615814209 0.00065422989428043365
vn 0 -0.9999997615814209 0.00065422989428043365
vn 0 -0.9999997615814209 0.00065422989428043365
vn 0 -0.9999997615814209 0.00065422989428043365
vn 0 -0.9999997615814209 0.00065422989428043365
vn 0 -0.9999997615814209 0.00065422989428043365
vn 0 -0.9999997615814209 0.00065422989428043365
vn 0 -0.9999997615814209 0.00065422989428043365
vn 0 -0.9999997615814209 0.00065422989428043365
vn 0 -0.9999997615814209 0.00065422989428043365
vn 0 -0.9999997615814209 0.00065422989428043365
vn 0 -0.9999997615814209 0.00065422989428043365
vn 0 -0.9999997615814209 0.00065422989428043365
vn 0 -0.9999997615814209 0.00065422989428043365
vn 0 -0.9999997615814209 0.00065422989428043365
vn 0 -0.9999997615814209 0.00065422989428043365
vn 0 -0.9999997615814209 0.00065422989428043365
vn 0 -0.9999997615814209 0.00065422989428043365
vn 0 -0.9999997615814209 0.00065422989428043365
vn 0 -0.9999997615814209 0.00065422989428043365
vn 0 -0.9999997615814209 0.00065422989428043365
vn 0 -0.9999997615814209 0.00065422989428043365
vn 0 -0.9999997615814209 0.00065422989428043365
vn 0 -0.9999997615814209 0.00065422989428043365
vn 0 -0.9999997615814209 0.00065422989428043365
vn 0 -0.9999997615814209 0.00065422989428043365
vn 0 -0.9999997615814209 0.00065422989428043365
vn 0 -0.9999997615814209 0.00065422989428043365
vn 0 -0.9999997615814209 0.00065422989428043365
vn 0 -0.9999997615814209 0.00065422989428043365
vn 0 -0.9999997615814209 0.00065422989428043365
vn 0 -0.9999997615814209 0.00065422989428043365
vn 0 -0.9999997615814209 0.00065422989428043365
vn 0 -0.9999997615814209 0.00065422989428043365
vn 0 -0.9999997615814209 0.00065422989428043365
vn 0 -0.9999997615814209 0.00065422989428043365
vn 0 -0.9999997615814209 0.00065422989428043365
vn 0 -0.9999997615814209 0.00065422989428043365
vn 0 -0.9999997615814209 0.00065422989428043365
vn 0 -0.9999997615814209 0.00065422989428043365
vn 0 -0.9999997615814209 0.00065422989428043365
vn 0 -0.9999997615814209 0.00065422989428043365
vn 0 -0.9999997615814209 0.00065422989428043365
vn 0 -0.9999997615814209 0.00065422989428043365
vn 0 -0.9999997615814209 0.00065422989428043365
vn 0 -0.9999997615814209 0.00065422989428043365
vn 0 -0.9999997615814209 0.00065422989428043365
vn 0 -0.9999997615814209 0.00065422989428043365
vn 0 -0.9999997615814209 0.00065422989428043365
vn 0 -0.9999997615814209 0.00065422989428043365
vn 0 -0.9999997615814209 0.00065422989428043365
vn 0 -0.9999997615814209 0.00065422989428043365
vn 0 -0.9999997615814209 0.00065422989428043365
vn 0 -0.9999997615814209 0.00065422989428043365
vn 0 -0.9999997615814209 0.00065422989428043365
vn 0 -0.9999997615814209 0.00065422989428043365
vn 0 -0.9999997615814209 0.00065422989428043365
vn 0 -0.9999997615814209 0.00065422989428043365
vn 0 -0.9999997615814209 0.00065422989428043365
vn 0 -0.9999997615814209 0.00065422989428043365
vn 0 -0.9999997615814209 0.00065422989428043365
vn 0 -0.9999997615814209 0.00065422989428043365
vn 0 -0.9999997615814209 0.00065422989428043365
vn 0 -0.9999997615814209 0.00065422989428043365
vn 0 -0.9999997615814209 0.00065422989428043365
vn 0 -0.9999997615814209 0.00065422989428043365
vn 0 -0.9999997615814209 0.00065422989428043365
vn 0 -0.9999997615814209 0.00065422989428043365
vn 0 -0.9999997615814209 0.00065422989428043365
vn 0 -0.9999997615814209 0.00065422989428043365
vn 0 -0.9999997615814209 0.00065422989428043365
vn 0 -0.9999997615814209 0.00065422989428043365
vn 0 -0.9999997615814209 0.00065422989428043365
vn 0 -0.9999997615814209 0.00065422989428043365
vn 0 -0.9999997615814209 0.00065422989428043365
vn 0 -0.9999997615814209 0.00065422989428043365
vn 0 -0.9999997615814209 0.00065422989428043365
vn 0 -0.9999997615814209 0.00065422989428043365
vn 0 -0.9999997615814209 0.00065422989428043365
vn 0 -0.9999997615814209 0.00065422989428043365
vn 0 -0.9999997615814209 0.00065422989428043365
vn 0 -0.9999997615814209 0.00065422989428043365
vn 0 -0.9999997615814209 0.00065422989428043365
vn 0 -0.9999997615814209 0.00065422989428043365
vn 0 -0.9999997615814209 0.00065422989428043365
vn 0 -0.9999997615814209 0.00065422989428043365
vn 0 -0.9999997615814209 0.00065422989428043365
vn 0 -0.9999997615814209 0.00065422989428043365
vn 0 -0.9999997615814209 0.00065422989428043365
vn 0 -0.9999997615814209 0.00065422989428043365
vn 0 -0.9999997615814209 0.00065422989428043365
vn 0 -0.9999997615814209 0.00065422989428043365
vn 0 -0.9999997615814209 0.00065422989428043365
vn 0 -0.9999997615814209 0.00065422989428043365
vn 0 -0.9999997615814209 0.00065422989428043365
vn 0 -0.9999997615814209 0.00065422989428043365
vn 0 -0.9999997615814209 0.00065422989428043365
vn 0 -0.9999997615814209 0.00065422989428043365
vn 0 -0.9999997615814209 0.00065422989428043365
vn 0 -0.9999997615814209 0.00065422989428043365
vn 0 -0.9999997615814209 0.00065422989428043365
vn 0 -0.9999997615814209 0.00065422989428043365
vn 0 -0.9999997615814209 0.00065422989428043365
vn 0 -0.9999997615814209 0.00065422989428043365
vn 0 -0.9999997615814209 0.00065422989428043365
vn 0 -0.9999997615814209 0.00065422989428043365
vn 0 -0.9999997615814209 0.00065422989428043365
vn 0 -0.9999997615814209 0.00065422989428043365
vn 0 -0.9999997615814209 0.00065422989428043365
vn 0 -0.9999997615814209 0.00065422989428043365
vn 0 -0.9999997615814209 0.00065422989428043365
vn 0 -0.9999997615814209 0.00065422989428043365
vn 0 -0.9999997615814209 0.00065422989428043365
vn 0 -0.9999997615814209 0.00065422989428043365
vn 0 -0.9999997615814209 0.00065422989428043365
vn 0 -0.9999997615814209 0.00065422989428043365
vn 0 -0.9999997615814209 0.00065422989428043365
vn 0 -0.9999997615814209 0.00065422989428043365
vn 0 -0.9999997615814209 0.00065422989428043365
vn 0 -0.9999997615814209 0.00065422989428043365
vn 0 -0.9999997615814209 0.00065422989428043365
vn 0 -0.9999997615814209 0.00065422989428043365
vn 0 -0.9999997615814209 0.00065422989428043365
vn 0 -0.9999997615814209 0.00065422989428043365
vn 0 -0.9999997615814209 0.00065422989428043365
vn 0 -0.9999997615814209 0.00065422989428043365
vn 0 -0.9999997615814209 0.00065422989428043365
vn 0 -0.9999997615814209 0.00065422989428043365
vn 0 -0.9999997615814209 0.00065422989428043365
vn 0 -0.9999997615814209 0.00065422989428043365
vn 0 -0.9999997615814209 0.00065422989428043365
vn 0 -0.9999997615814209 0.00065422989428043365
vn 0 -0.9999997615814209 0.00065422989428043365
vn 0 -0.9999997615814209 0.00065422989428043365
vn 0 -0.9999997615814209 0.00065422989428043365
vn 0 -0.9999997615814209 0.00065422989428043365
vn 0 -0.9999997615814209 0.00065422989428043365
vn 0 -0.9999997615814209 0.00065422989428043365
vn 0 -0.9999997615814209 0.00065422989428043365
vn 0 -0.9999997615814209 0.00065422989428043365
vn 0 -0.9999997615814209 0.00065422989428043365
vn 0 -0.9999997615814209 0.00065422989428043365
vn 0 -0.9999997615814209 0.00065422989428043365
vn 0 -0.9999997615814209 0.00065422989428043365
vn 0 -0.9999997615814209 0.00065422989428043365
vn 0 -0.9999997615814209 0.00065422989428043365
vn 0 -0.9999997615814209 0.00065422989428043365
vn 0 -0.9999997615814209 0.00065422989428043365
vn 0 -0.9999997615814209 0.00065422989428043365
vn 0 -0.9999997615814209 0.00065422989428043365
vn 0 -0.9999997615814209 0.00065422989428043365
vn 0 -0.9999997615814209 0.00065422989428043365
vn 0 -0.9999997615814209 0.00065422989428043365
vn 0 -0.9999997615814209 0.00065422989428043365
vn 0 -0.9999997615814209 0.00065422989428043365
vn 0 -0.9999997615814209 0.00065422989428043365
vn 0 -0.9999997615814209 0.00065422989428043365
vn 0 -0.9999997615814209 0.00065422989428043365
vn 0 -0.9999997615814209 0.00065422989428043365
vn 0 -0.9999997615814209 0.00065422989428043365
vn 0 -0.9999997615814209 0.00065422989428043365
vn 0 -0.9999997615814209 0.00065422989428043365
vn 0 -0.9999997615814209 0.00065422989428043365
vn 0 -0.9999997615814209 0.00065422989428043365
vn 0 -0.9999997615814209 0.00065422989428043365
vn 0 -0.9999997615814209 0.00065422989428043365
vn 0 -0.9999997615814209 0.00065422989428043365
vn 0 -0.9999997615814209 0.00065422989428043365
vn 0 -0.9999997615814209 0.00065422989428043365
vn 0 -0.9999997615814209 0.00065422989428043365
vn 0 -0.9999997615814209 0.00065422989428043365
vn 0 -0.9999997615814209 0.00065422989428043365
vn 0 -0.9999997615814209 0.00065422989428043365
vn 0 -0.9999997615814209 0.00065422989428043365
vn 0 -0.9999997615814209 0.00065422989428043365
vn 0 -0.9999997615814209 0.00065422989428043365
vn 0 -0.9999997615814209 0.00065422989428043365
vn 0 -0.9999997615814209 0.00065422989428043365
vn 0 -0.9999997615814209 0.00065422989428043365
vn 0 -0.9999997615814209 0.00065422989428043365
vn 0 -0.9999997615814209 0.00065422989428043365
vn 0 -0.9999997615814209 0.00065422989428043365
vn 0 -0.9999997615814209 0.00065422989428043365
vn 0 -0.9999997615814209 0.00065422989428043365
vn 0 -0.9999997615814209 0.00065422989428043365
vn 0 -0.9999997615814209 0.00065422989428043365
vn 0 -0.9999997615814209 0.00065422989428043365
vn 0 -0.9999997615814209 0.00065422989428043365
vn 0 -0.9999997615814209 0.00065422989428043365
vn 0 -0.9999997615814209 0.00065422989428043365
vn 0 -0.9999997615814209 0.00065422989428043365
vn 0 -0.9999997615814209 0.00065422989428043365
vn 0 -0.9999997615814209 0.00065422989428043365
vn 0 -0.9999997615814209 0.00065422989428043365
vn 0 -0.9999997615814209 0.00065422989428043365
vn 0 -0.9999997615814209 0.00065422989428043365
vn 0 -0.9999997615814209 0.00065422989428043365
vn 0 -0.9999997615814209 0.00065422989428043365
vn 0 -0.9999997615814209 0.00065422989428043365
vn 0 -0.9999997615814209 0.00065422989428043365
vn 0 -0.9999997615814209 0.00065422989428043365
vn 0 -0.9999997615814209 0.00065422989428043365
vn 0 -0.9999997615814209 0.00065422989428043365
vn 0 -0.9999997615814209 0.00065422989428043365
vn 0 -0.9999997615814209 0.00065422989428043365
vn 0 -0.9999997615814209 0.00065422989428043365
vn 0 -0.9999997615814209 0.00065422989428043365
vn 0 -0.9999997615814209 0.00065422989428043365
vn 0 -0.9999997615814209 0.00065422989428043365
vn 0 -0.9999997615814209 0.00065422989428043365
vn 0 -0.9999997615814209 0.00065422989428043365
vn 0 -0.9999997615814209 0.00065422989428043365
vn 0 -0.9999997615814209 0.00065422989428043365
vn 0 -0.9999997615814209 0.00065422989428043365
vn 0 -0.9999997615814209 0.00065422989428043365
vn 0 -0.9999997615814209 0.00065422989428043365
vn 0 -0.9999997615814209 0.00065422989428043365
vn 0 -0.9999997615814209 0.00065422989428043365
vn 0 -0.9999997615814209 0.00065422989428043365
vn 0 -0.9999997615814209 0.00065422989428043365
vn 0 -0.9999997615814209 0.00065422989428043365
vn 0 -0.9999997615814209 0.00065422989428043365
vn 0 -0.9999997615814209 0.00065422989428043365
vn 0 -0.9999997615814209 0.00065422989428043365
vn 0 -0.9999997615814209 0.00065422989428043365
vn 0 -0.9999997615814209 0.00065422989428043365
vn 0 -0.9999997615814209 0.00065422989428043365
vn 0 -0.9999997615814209 0.00065422989428043365
vn 0 -0.9999997615814209 0.00065422989428043365
vn 0 -0.9999997615814209 0.00065422989428043365
vn 0 -0.9999997615814209 0.00065422989428043365
vn 0 -0.9999997615814209 0.00065422989428043365
vn 0 -0.9999997615814209 0.00065422989428043365
vn 0 -0.9999997615814209 0.00065422989428043365
vn 0 -0.9999997615814209 0.00065422989428043365
vn 0 -0.9999997615814209 0.00065422989428043365
vn 0 -0.9999997615814209 0.00065422989428043365
vn 0 -0.9999997615814209 0.00065422989428043365
vn 0 -0.9999997615814209 0.00065422989428043365
vn 0 -0.9999997615814209 0.00065422989428043365
vn 0 -0.9999997615814209 0.00065422989428043365
vn 0 -0.9999997615814209 0.00065422989428043365
vn 0 -0.9999997615814209 0.00065422989428043365
vn 0 -0.9999997615814209 0.00065422989428043365
vn 0 -0.9999997615814209 0.00065422989428043365
vn 0 -0.9999997615814209 0.00065422989428043365
vn 0 -0.9999997615814209 0.00065422989428043365
vn 0 -0.9999997615814209 0.00065422989428043365
vn 0 -0.9999997615814209 0.00065422989428043365
vn 0 -0.9999997615814209 0.00065422989428043365
vn 0 -0.9999997615814209 0.00065422989428043365
vn 0 -0.9999997615814209 0.00065422989428043365
vn 0 -0.9999997615814209 0.00065422989428043365
vn 0 -0.9999997615814209 0.00065422989428043365
vn 0 -0.9999997615814209 0.00065422989428043365
vn 0 -0.9999997615814209 0.00065422989428043365
vn 0 -0.9999997615814209 0.00065422989428043365
vn 0 -0.9999997615814209 0.00065422989428043365
vn 0 -0.9999997615814209 0.00065422989428043365
vn 0 -0.9999997615814209 0.00065422989428043365
vn 0 -0.9999997615814209 0.00065422989428043365
vn 0 -0.9999997615814209 0.00065422989428043365
vn 0 -0.9999997615814209 0.00065422989428043365
vn 0 -0.9999997615814209 0.00065422989428043365
vn 0 -0.9999997615814209 0.00065422989428043365
vn 0 -0.9999997615814209 0.00065422989428043365
vn 0 -0.9999997615814209 0.00065422989428043365
vn 0 -0.9999997615814209 0.00065422989428043365
vn 0 -0.9999997615814209 0.00065422989428043365
vn 0 -0.9999997615814209 0.00065422989428043365
vn 0 -0.9999997615814209 0.00065422989428043365
vn 0 -0.9999997615814209 0.00065422989428043365
vn 0 -0.9999997615814209 0.00065422989428043365
vn 0 -0.9999997615814209 0.00065422989428043365
vn 0 -0.9999997615814209 0.00065422989428043365
vn 0 -0.9999997615814209 0.00065422989428043365
vn 0 -0.9999997615814209 0.00065422989428043365
vn 0 -0.9999997615814209 0.00065422989428043365
vn 0 -0.9999997615814209 0.00065422989428043365
vn 0 -0.9999997615814209 0.00065422989428043365
vn 0 -0.9999997615814209 0.00065422989428043365
vn 0 -0.9999997615814209 0.00065422989428043365
vn 0 -0.9999997615814209 0.00065422989428043365
vn 0 -0.9999997615814209 0.00065422989428043365
vn 0 -0.9999997615814209 0.00065422989428043365
vn 0 -0.9999997615814209 0.00065422989428043365
vn 0 -0.9999997615814209 0.00065422989428043365
vn 0 -0.9999997615814209 0.00065422989428043365
vn 0 -0.9999997615814209 0.00065422989428043365
vn 0 -0.9999997615814209 0.00065422989428043365
vn 0 -0.9999997615814209 0.00065422989428043365
vn 0 -0.9999997615814209 0.00065422989428043365
vn 0 -0.9999997615814209 0.00065422989428043365
vn 0 -0.9999997615814209 0.00065422989428043365
vn 0 -0.9999997615814209 0.00065422989428043365
vn 0 -0.9999997615814209 0.00065422989428043365
vn 0 -0.9999997615814209 0.00065422989428043365
vn 0 -0.9999997615814209 0.00065422989428043365
vn 0 -0.9999997615814209 0.00065422989428043365
vn 0 -0.9999997615814209 0.00065422989428043365
vn 0 -0.9999997615814209 0.00065422989428043365
vn 0 -0.9999997615814209 0.00065422989428043365
vn 0 -0.9999997615814209 0.00065422989428043365
vn 0 -0.9999997615814209 0.00065422989428043365
vn 0 -0.9999997615814209 0.00065422989428043365
vn 0 -0.9999997615814209 0.00065422989428043365
vn 0 -0.9999997615814209 0.00065422989428043365
vn 0 -0.9999997615814209 0.00065422989428043365
vn 0 -0.9999997615814209 0.00065422989428043365
vn 0 -0.9999997615814209 0.00065422989428043365
vn 0 -0.9999997615814209 0.00065422989428043365
vn 0 -0.9999997615814209 0.00065422989428043365
vn 0 -0.9999997615814209 0.00065422989428043365
vn 0 -0.9999997615814209 0.00065422989428043365
vn 0 -0.9999997615814209 0.00065422989428043365
vn 0 -0.9999997615814209 0.00065422989428043365
vn 0 -0.9999997615814209 0.00065422989428043365
vn 0 -0.9999997615814209 0.00065422989428043365
vn 0 -0.9999997615814209 0.00065422989428043365
vn 0 -0.9999997615814209 0.00065422989428043365
vn 0 -0.9999997615814209 0.00065422989428043365
vn 0 -0.9999997615814209 0.00065422989428043365
vn 0 -0.9999997615814209 0.00065422989428043365
vn 0 -0.9999997615814209 0.00065422989428043365
vn 0 -0.9999997615814209 0.00065422989428043365
vn 0 -0.9999997615814209 0.00065422989428043365
vn 0 -0.9999997615814209 0.00065422989428043365
vn 0 -0.9999997615814209 0.00065422989428043365
vn 0 -0.9999997615814209 0.00065422989428043365
vn 0 -0.9999997615814209 0.00065422989428043365
vn 0 -0.9999997615814209 0.00065422989428043365
vn 0 -0.9999997615814209 0.00065422989428043365
vn 0 -0.9999997615814209 0.00065422989428043365
vn 0 -0.9999997615814209 0.00065422989428043365
vn 0 -0.9999997615814209 0.00065422989428043365
vn 0 -0.9999997615814209 0.00065422989428043365
vn 0 -0.9999997615814209 0.00065422989428043365
vn 0 -0.9999997615814209 0.00065422989428043365
vn 0 -0.9999997615814209 0.00065422989428043365
vn 0 -0.9999997615814209 0.00065422989428043365
vn 0 -0.9999997615814209 0.00065422989428043365
vn 0 -0.9999997615814209 0.00065422989428043365
vn 0 -0.9999997615814209 0.00065422989428043365
vn 0 -0.9999997615814209 0.00065422989428043365
vn 0 -0.9999997615814209 0.00065422989428043365
vn 0 -0.9999997615814209 0.00065422989428043365
vn 0 -0.9999997615814209 0.00065422989428043365
vn 0 -0.9999997615814209 0.00065422989428043365
vn 0 -0.9999997615814209 0.00065422989428043365
vn 0 -0.9999997615814209 0.00065422989428043365
vn 0 -0.9999997615814209 0.00065422989428043365
vn 0 -0.9999997615814209 0.00065422989428043365
vn 0 -0.9999997615814209 0.00065422989428043365
vn 0 -0.9999997615814209 0.00065422989428043365
vn 0 -0.9999997615814209 0.00065422989428043365
vn 0 -0.9999997615814209 0.00065422989428043365
vn 0 -0.9999997615814209 0.00065422989428043365
vn 0 -0.9999997615814209 0.00065422989428043365
vn 0 -0.9999997615814209 0.00065422989428043365
vn 0 -0.9999997615814209 0.00065422989428043365
vn 0 -0.9999997615814209 0.00065422989428043365
vn 0 -0.9999997615814209 0.00065422989428043365
vn 0 -0.9999997615814209 0.00065422989428043365
vn 0 -0.9999997615814209 0.00065422989428043365
vn 0 -0.9999997615814209 0.00065422989428043365
vn 0 -0.9999997615814209 0.00065422989428043365
vn 0 -0.9999997615814209 0.00065422989428043365
vn 0 -0.9999997615814209 0.00065422989428043365
vn 0 -0.9999997615814209 0.00065422989428043365
vn 0 -0.9999997615814209 0.00065422989428043365
vn 0 -0.9999997615814209 0.00065422989428043365
vn 0 -0.9999997615814209 0.00065422989428043365
vn 0 -0.9999997615814209 0.00065422989428043365
vn 0 -0.9999997615814209 0.00065422989428043365
vn 0 -0.9999997615814209 0.00065422989428043365
vn 0 -0.9999997615814209 0.00065422989428043365
vn 0 -0.9999997615814209 0.00065422989428043365
vn 0 -0.9999997615814209 0.00065422989428043365
vn 0 -0.9999997615814209 0.00065422989428043365
vn 0 -0.9999997615814209 0.00065422989428043365
vn 0 -0.9999997615814209 0.00065422989428043365
vn 0 -0.9999997615814209 0.00065422989428043365
vn 0 -0.9999997615814209 0.00065422989428043365
vn 0 -0.9999997615814209 0.00065422989428043365
vn 0 -0.9999997615814209 0.00065422989428043365
vn 0 -0.9999997615814209 0.00065422989428043365
vn 0 -0.9999997615814209 0.00065422989428043365
vn 0 -0.9999997615814209 0.00065422989428043365
vn 0 -0.9999997615814209 0.00065422989428043365
vn 0 -0.9999997615814209 0.00065422989428043365
vn 0 -0.9999997615814209 0.00065422989428043365
vn 0 -0.9999997615814209 0.00065422989428043365
vn 0 -0.9999997615814209 0.00065422989428043365
vn 0 -0.9999997615814209 0.00065422989428043365
vn 0 -0.9999997615814209 0.00065422989428043365
vn 0 -0.9999997615814209 0.00065422989428043365
vn 0 -0.9999997615814209 0.00065422989428043365
vn 0 -0.9999997615814209 0.00065422989428043365
vn 0 -0.9999997615814209 0.00065422989428043365
vn 0 -0.9999997615814209 0.00065422989428043365
vn 0 -0.9999997615814209 0.00065422989428043365
vn 0 -0.9999997615814209 0.00065422989428043365
vn 0 -0.9999997615814209 0.00065422989428043365
vn 0 -0.9999997615814209 0.00065422989428043365
vn 0 -0.9999997615814209 0.00065422989428043365
vn 0 -0.9999997615814209 0.00065422989428043365
vn 0 -0.9999997615814209 0.00065422989428043365
vn 0 -0.9999997615814209 0.00065422989428043365
vn 0 -0.9999997615814209 0.00065422989428043365
vn 0 -0.9999997615814209 0.00065422989428043365
vn 0 -0.9999997615814209 0.00065422989428043365
vn 0 -0.9999997615814209 0.00065422989428043365
vn 0 -0.9999997615814209 0.00065422989428043365
vn 0 -0.9999997615814209 0.00065422989428043365
vn 0 -0.9999997615814209 0.00065422989428043365
vn 0 -0.9999997615814209 0.00065422989428043365
vn 0 -0.9999997615814209 0.00065422989428043365
vn 0 -0.9999997615814209 0.00065422989428043365
vn 0 -0.9999997615814209 0.00065422989428043365
vn 0 -0.9999997615814209 0.00065422989428043365
vn 0 -0.9999997615814209 0.00065422989428043365
vn 0 -0.9999997615814209 0.00065422989428043365
vn 0 -0.9999997615814209 0.00065422989428043365
vn 0 -0.9999997615814209 0.00065422989428043365
vn 0 -0.9999997615814209 0.00065422989428043365
vn 0 -0.9999997615814209 0.00065422989428043365
vn 0 -0.9999997615814209 0.00065422989428043365
vn 0 -0.9999997615814209 0.00065422989428043365
vn 0 -0.9999997615814209 0.00065422989428043365
vn 0 -0.9999997615814209 0.00065422989428043365
vn 0 -0.9999997615814209 0.00065422989428043365
vn 0 -0.9999997615814209 0.00065422989428043365
vn 0 -0.9999997615814209 0.00065422989428043365
vn 0 -0.9999997615814209 0.00065422989428043365
vn 0 -0.9999997615814209 0.00065422989428043365
vn 0 -0.9999997615814209 0.00065422989428043365
vn 0 -0.9999997615814209 0.00065422989428043365
vn 0 -0.9999997615814209 0.00065422989428043365
vn 0 -0.9999997615814209 0.00065422989428043365
vn 0 -0.9999997615814209 0.00065422989428043365
vn 0 -0.9999997615814209 0.00065422989428043365
vn 0 -0.9999997615814209 0.00065422989428043365
vn 0 -0.9999997615814209 0.00065422989428043365
vn 0 -0.9999997615814209 0.00065422989428043365
vn 0 -0.9999997615814209 0.00065422989428043365
vn 0 -0.9999997615814209 0.00065422989428043365
vn 0 -0.9999997615814209 0.00065422989428043365
vn 0 -0.9999997615814209 0.00065422989428043365
vn 0 -0.9999997615814209 0.00065422989428043365
vn 0 -0.9999997615814209 0.00065422989428043365
vn 0 -0.9999997615814209 0.00065422989428043365
vn 0 -0.9999997615814209 0.00065422989428043365
vn 0 -0.9999997615814209 0.00065422989428043365
vn 0 -0.9999997615814209 0.00065422989428043365
vn 0 -0.9999997615814209 0.00065422989428043365
vn 0 -0.9999997615814209 0.00065422989428043365
vn 0 -0.9999997615814209 0.00065422989428043365
vn 0 -0.9999997615814209 0.00065422989428043365
vn 0 -0.9999997615814209 0.00065422989428043365
vn 0 -0.9999997615814209 0.00065422989428043365
vn 0 -0.9999997615814209 0.00065422989428043365
vn 0 -0.9999997615814209 0.00065422989428043365
vn 0 -0.9999997615814209 0.00065422989428043365
vn 0 -0.9999997615814209 0.00065422989428043365
vn 0 -0.9999997615814209 0.00065422989428043365
vn 0 -0.9999997615814209 0.00065422989428043365
vn 0 -0.9999997615814209 0.00065422989428043365
vn 0 -0.9999997615814209 0.00065422989428043365
vn 0 -0.9999997615814209 0.00065422989428043365
vn 0 -0.9999997615814209 0.00065422989428043365
vn 0 -0.9999997615814209 0.00065422989428043365
vn 0 -0.9999997615814209 0.00065422989428043365
vn 0 -0.9999997615814209 0.00065422989428043365
vn 0 -0.9999997615814209 0.00065422989428043365
vn 0 -0.9999997615814209 0.00065422989428043365
vn 0 -0.9999997615814209 0.00065422989428043365
vn 0 -0.9999997615814209 0.00065422989428043365
vn 0 -0.9999997615814209 0.00065422989428043365
vn 0 -0.9999997615814209 0.00065422989428043365
vn 0 -0.9999997615814209 0.00065422989428043365
vn 0 -0.9999997615814209 0.00065422989428043365
vn 0 -0.9999997615814209 0.00065422989428043365
vn 0 -0.9999997615814209 0.00065422989428043365
vn 0 -0.9999997615814209 0.00065422989428043365
vn 0 -0.9999997615814209 0.00065422989428043365
vn 0 -0.9999997615814209 0.00065422989428043365
vn 0 -0.9999997615814209 0.00065422989428043365
vn 0 -0.9999997615814209 0.00065422989428043365
vn 0 -0.9999997615814209 0.00065422989428043365
vn 0 -0.9999997615814209 0.00065422989428043365
vn 0 -0.9999997615814209 0.00065422989428043365
vn 0 -0.9999997615814209 0.00065422989428043365
vn 0 -0.9999997615814209 0.00065422989428043365
vn 0 -0.9999997615814209 0.00065422989428043365
vn 0 -0.9999997615814209 0.00065422989428043365
vn 0 -0.9999997615814209 0.00065422989428043365
vn 0 -0.9999997615814209 0.00065422989428043365
vn 0 -0.9999997615814209 0.00065422989428043365
vn 0 -0.9999997615814209 0.00065422989428043365
vn 0 -0.9999997615814209 0.00065422989428043365
vn 0 -0.9999997615814209 0.00065422989428043365
vn 0 -0.9999997615814209 0.00065422989428043365
vn 0 -0.9999997615814209 0.00065422989428043365
vn 0 -0.9999997615814209 0.00065422989428043365
vn 0 -0.9999997615814209 0.00065422989428043365
vn 0 -0.9999997615814209 0.00065422989428043365
vn 0 -0.9999997615814209 0.00065422989428043365
vn 0 -0.9999997615814209 0.00065422989428043365
vn 0 -0.9999997615814209 0.00065422989428043365
vn 0 -0.9999997615814209 0.00065422989428043365
vn 0 -0.9999997615814209 0.00065422989428043365
vn 0 -0.9999997615814209 0.00065422989428043365
vn 0 -0.9999997615814209 0.00065422989428043365
vn 0 -0.9999997615814209 0.00065422989428043365
vn 0 -0.9999997615814209 0.00065422989428043365
vn 0 -0.9999997615814209 0.00065422989428043365
vn 0 -0.9999997615814209 0.00065422989428043365
vn 0 -0.9999997615814209 0.00065422989428043365
vn 0 -0.9999997615814209 0.00065422989428043365
vn 0 -0.9999997615814209 0.00065422989428043365
vn 0 -0.9999997615814209 0.00065422989428043365
vn 0 -0.9999997615814209 0.00065422989428043365
vn 0 -0.9999997615814209 0.00065422989428043365
vn 0 -0.9999997615814209 0.00065422989428043365
vn 0 -0.9999997615814209 0.00065422989428043365
vn 0 -0.9999997615814209 0.00065422989428043365
vn 0 -0.9999997615814209 0.00065422989428043365
vn 0 -0.9999997615814209 0.00065422989428043365
vn 0 -0.9999997615814209 0.00065422989428043365
vn 0 -0.9999997615814209 0.00065422989428043365
vn 0 -0.9999997615814209 0.00065422989428043365
vn 0 -0.9999997615814209 0.00065422989428043365
vn 0 -0.9999997615814209 0.00065422989428043365
vn 0 -0.9999997615814209 0.00065422989428043365
vn 0 -0.9999997615814209 0.00065422989428043365
vn 0 -0.9999997615814209 0.00065422989428043365
vn 0 -0.9999997615814209 0.00065422989428043365
vn 0 -0.9999997615814209 0.00065422989428043365
vn 0 -0.9999997615814209 0.00065422989428043365
vn 0 -0.9999997615814209 0.00065422989428043365
vn 0 -0.9999997615814209 0.00065422989428043365
vn 0 -0.9999997615814209 0.00065422989428043365
vn 0 -0.9999997615814209 0.00065422989428043365
vn 0 -0.9999997615814209 0.00065422989428043365
vn 0 -0.9999997615814209 0.00065422989428043365
vn 0 -0.9999997615814209 0.00065422989428043365
vn 0 -0.9999997615814209 0.00065422989428043365
vn 0 -0.9999997615814209 0.00065422989428043365
vn 0 -0.9999997615814209 0.00065422989428043365
vn 0 -0.9999997615814209 0.00065422989428043365
vn 0 -0.9999997615814209 0.00065422989428043365
vn 0 -0.9999997615814209 0.00065422989428043365
vn 0 -0.9999997615814209 0.00065422989428043365
vn 0 -0.9999997615814209 0.00065422989428043365
vn 0 -0.9999997615814209 0.00065422989428043365
vn 0 -0.9999997615814209 0.00065422989428043365
vn 0 -0.9999997615814209 0.00065422989428043365
vn 0 -0.9999997615814209 0.00065422989428043365
vn 0 -0.9999997615814209 0.00065422989428043365
vn 0 -0.9999997615814209 0.00065422989428043365
vn 0 -0.9999997615814209 0.00065422989428043365
vn 0 -0.9999997615814209 0.00065422989428043365
vn 0 -0.9999997615814209 0.00065422989428043365
vn 0 -0.9999997615814209 0.00065422989428043365
vn 0 -0.9999997615814209 0.00065422989428043365
vn 0 -0.9999997615814209 0.00065422989428043365
vn 0 -0.9999997615814209 0.00065422989428043365
vn 0 -0.9999997615814209 0.00065422989428043365
vn 0 -0.9999997615814209 0.00065422989428043365
vn 0 -0.9999997615814209 0.00065422989428043365
vn 0 -0.9999997615814209 0.00065422989428043365
vn 0 -0.9999997615814209 0.00065422989428043365
vn 0 -0.9999997615814209 0.00065422989428043365
vn 0 -0.9999997615814209 0.00065422989428043365
vn 0 -0.9999997615814209 0.00065422989428043365
vn 0 -0.9999997615814209 0.00065422989428043365
vn 0 -0.9999997615814209 0.00065422989428043365
vn 0 -0.9999997615814209 0.00065422989428043365
vn 0 -0.9999997615814209 0.00065422989428043365
vn 0 -0.9999997615814209 0.00065422989428043365
vn 0 -0.9999997615814209 0.00065422989428043365
vn 0 -0.9999997615814209 0.00065422989428043365
vn 0 -0.9999997615814209 0.00065422989428043365
vn 0 -0.9999997615814209 0.00065422989428043365
vn 0 -0.9999997615814209 0.00065422989428043365
vn 0 -0.9999997615814209 0.00065422989428043365
vn 0 -0.9999997615814209 0.00065422989428043365
vn 0 -0.9999997615814209 0.00065422989428043365
vn 0 -0.9999997615814209 0.00065422989428043365
vn 0 -0.9999997615814209 0.00065422989428043365
vn 0 -0.9999997615814209 0.00065422989428043365
vn 0 -0.9999997615814209 0.00065422989428043365
vn 0 -0.9999997615814209 0.00065422989428043365
vn 0 -0.9999997615814209 0.00065422989428043365
vn 0 -0.9999997615814209 0.00065422989428043365
vn 0 -0.9999997615814209 0.00065422989428043365
vn 0 -0.9999997615814209 0.00065422989428043365
vn 0 -0.9999997615814209 0.00065422989428043365
vn 0 -0.9999997615814209 0.00065422989428043365
vn 0 -0.9999997615814209 0.00065422989428043365
vn 0 -0.9999997615814209 0.00065422989428043365
vn 0 -0.9999997615814209 0.00065422989428043365
vn 0 -0.9999997615814209 0.00065422989428043365
vn 0 -0.9999997615814209 0.00065422989428043365
vn 0 -0.9999997615814209 0.00065422989428043365
vn 0 -0.9999997615814209 0.00065422989428043365
vn 0 -0.9999997615814209 0.00065422989428043365
vn 0 -0.9999997615814209 0.00065422989428043365
vn 0 -0.9999997615814209 0.00065422989428043365
vn 0 -0.9999997615814209 0.00065422989428043365
vn 0 -0.9999997615814209 0.00065422989428043365
vn 0 -0.9999997615814209 0.00065422989428043365
vn 0 -0.9999997615814209 0.00065422989428043365
vn 0 -0.9999997615814209 0.00065422989428043365
vn 0 -0.9999997615814209 0.00065422989428043365
vn 0 -0.9999997615814209 0.00065422989428043365
vn 0 -0.9999997615814209 0.00065422989428043365
vn 0 -0.9999997615814209 0.00065422989428043365
vn 0 -0.9999997615814209 0.00065422989428043365
vn 0 -0.9999997615814209 0.00065422989428043365
vn 0 -0.9999997615814209 0.00065422989428043365
vn 0 -0.9999997615814209 0.00065422989428043365
vn 0 -0.9999997615814209 0.00065422989428043365
vn 0 -0.9999997615814209 0.00065422989428043365
vn 0 -0.9999997615814209 0.00065422989428043365
vn 0 -0.9999997615814209 0.00065422989428043365
vn 0 -0.9999997615814209 0.00065422989428043365
vn 0 -0.9999997615814209 0.00065422989428043365
vn 0 -0.9999997615814209 0.00065422989428043365
vn 0 -0.9999997615814209 0.00065422989428043365
vn 0 -0.9999997615814209 0.00065422989428043365
vn 0 -0.9999997615814209 0.00065422989428043365
vn 0 -0.9999997615814209 0.00065422989428043365
vn 0 -0.9999997615814209 0.00065422989428043365
vn 0 -0.9999997615814209 0.00065422989428043365
vn 0 -0.9999997615814209 0.00065422989428043365
vn 0 -0.9999997615814209 0.00065422989428043365
vn 0 -0.9999997615814209 0.00065422989428043365
vn 0 -0.9999997615814209 0.00065422989428043365
vn 0 -0.9999997615814209 0.00065422989428043365
vn 0 -0.9999997615814209 0.00065422989428043365
vn 0 -0.9999997615814209 0.00065422989428043365
vn 0 -0.9999997615814209 0.00065422989428043365
vn 0 -0.9999997615814209 0.00065422989428043365
vn 0 -0.9999997615814209 0.00065422989428043365
vn 0 -0.9999997615814209 0.00065422989428043365
vn 0 -0.9999997615814209 0.00065422989428043365
vn 0 -0.9999997615814209 0.00065422989428043365
vn 0 -0.9999997615814209 0.00065422989428043365
vn 0 -0.9999997615814209 0.00065422989428043365
vn 0 -0.9999997615814209 0.00065422989428043365
vn 0 -0.9999997615814209 0.00065422989428043365
vn 0 -0.9999997615814209 0.00065422989428043365
vn 0 -0.9999997615814209 0.00065422989428043365
vn 0 -0.9999997615814209 0.00065422989428043365
vn 0 -0.9999997615814209 0.00065422989428043365
vn 0 -0.9999997615814209 0.00065422989428043365
vn 0 -0.9999997615814209 0.00065422989428043365
vn 0 -0.9999997615814209 0.00065422989428043365
vn 0 -0.9999997615814209 0.00065422989428043365
vn 0 -0.9999997615814209 0.00065422989428043365
vn 0 -0.9999997615814209 0.00065422989428043365
vn 0 -0.9999997615814209 0.00065422989428043365
vn 0 -0.9999997615814209 0.00065422989428043365
vn 0 -0.9999997615814209 0.00065422989428043365
vn 0 -0.9999997615814209 0.00065422989428043365
vn 0 -0.9999997615814209 0.00065422989428043365
vn 0 -0.9999997615814209 0.00065422989428043365
vn 0 -0.9999997615814209 0.00065422989428043365
vn 0 -0.9999997615814209 0.00065422989428043365
vn 0 -0.9999997615814209 0.00065422989428043365
vn 0 -0.9999997615814209 0.00065422989428043365
vn 0 -0.9999997615814209 0.00065422989428043365
vn 0 -0.9999997615814209 0.00065422989428043365
vn 0 -0.9999997615814209 0.00065422989428043365
vn 0 -0.9999997615814209 0.00065422989428043365
vn 0 -0.9999997615814209 0.00065422989428043365
vn 0 -0.9999997615814209 0.00065422989428043365
vn 0 -0.9999997615814209 0.00065422989428043365
vn 0 -0.9999997615814209 0.00065422989428043365
vn 0 -0.9999997615814209 0.00065422989428043365
vn 0 -0.9999997615814209 0.00065422989428043365
vn 0 -0.9999997615814209 0.00065422989428043365
vn 0 -0.9999997615814209 0.00065422989428043365
vn 0 -0.9999997615814209 0.00065422989428043365
vn 0 -0.9999997615814209 0.00065422989428043365
vn 0 -0.9999997615814209 0.00065422989428043365
vn 0 -0.9999997615814209 0.00065422989428043365
vn 0 -0.9999997615814209 0.00065422989428043365
vn 0 -0.9999997615814209 0.00065422989428043365
vn 0 -0.9999997615814209 0.00065422989428043365
vn 0 -0.9999997615814209 0.00065422989428043365
vn 0 -0.9999997615814209 0.00065422989428043365
vn 0 -0.9999997615814209 0.00065422989428043365
vn 0 -0.9999997615814209 0.00065422989428043365
vn 0 -0.9999997615814209 0.00065422989428043365
vn 0 -0.9999997615814209 0.00065422989428043365
vn 0 -0.9999997615814209 0.00065422989428043365
vn 0 -0.9999997615814209 0.00065422989428043365
vn 0 -0.9999997615814209 0.00065422989428043365
vn 0 -0.9999997615814209 0.00065422989428043365
vn 0 -0.9999997615814209 0.00065422989428043365
vn 0 -0.9999997615814209 0.00065422989428043365
vn 0 -0.9999997615814209 0.00065422989428043365
vn 0 -0.9999997615814209 0.00065422989428043365
vn 0 -0.9999997615814209 0.00065422989428043365
vn 0 -0.9999997615814209 0.00065422989428043365
vn 0 -0.9999997615814209 0.00065422989428043365
vn 0 -0.9999997615814209 0.00065422989428043365
vn 0 -0.9999997615814209 0.00065422989428043365
vn 0 -0.9999997615814209 0.00065422989428043365
vn 0 -0.9999997615814209 0.00065422989428043365
vn 0 -0.9999997615814209 0.00065422989428043365
vn 0 -0.9999997615814209 0.00065422989428043365
vn 0 -0.9999997615814209 0.00065422989428043365
vn 0 -0.9999997615814209 0.00065422989428043365
vn 0 -0.9999997615814209 0.00065422989428043365
vn 0 -0.9999997615814209 0.00065422989428043365
vn 0 -0.9999997615814209 0.00065422989428043365
vn 0 -0.9999997615814209 0.00065422989428043365
vn 0 -0.9999997615814209 0.00065422989428043365
vn 0 -0.9999997615814209 0.00065422989428043365
vn 0 -0.9999997615814209 0.00065422989428043365
vn 0 -0.9999997615814209 0.00065422989428043365
vn 0 -0.9999997615814209 0.00065422989428043365
vn 0 -0.9999997615814209 0.00065422989428043365
vn 0 -0.9999997615814209 0.00065422989428043365
vn 0 -0.9999997615814209 0.00065422989428043365
vn 0 -0.9999997615814209 0.00065422989428043365
vn 0 -0.9999997615814209 0.00065422989428043365
vn 0 -0.9999997615814209 0.00065422989428043365
vn 0 -0.9999997615814209 0.00065422989428043365
vn 0 -0.9999997615814209 0.00065422989428043365
vn 0 -0.9999997615814209 0.00065422989428043365
vn 0 -0.9999997615814209 0.00065422989428043365
vn 0 -0.9999997615814209 0.00065422989428043365
vn 0 -0.9999997615814209 0.00065422989428043365
vn 0 -0.9999997615814209 0.00065422989428043365
vn 0 -0.9999997615814209 0.00065422989428043365
vn 0 -0.9999997615814209 0.00065422989428043365
vn 0 -0.9999997615814209 0.00065422989428043365
vn 0 -0.9999997615814209 0.00065422989428043365
vn 0 -0.9999997615814209 0.00065422989428043365
vn 0 -0.9999997615814209 0.00065422989428043365
vn 0 -0.9999997615814209 0.00065422989428043365
vn 0 -0.9999997615814209 0.00065422989428043365
vn 0 -0.9999997615814209 0.00065422989428043365
vn 0 -0.9999997615814209 0.00065422989428043365
vn 0 -0.9999997615814209 0.00065422989428043365
vn 0 -0.9999997615814209 0.00065422989428043365
vn 0 -0.9999997615814209 0.00065422989428043365
vn 0 -0.9999997615814209 0.00065422989428043365
vn 0 -0.9999997615814209 0.00065422989428043365
vn 0 -0.9999997615814209 0.00065422989428043365
vn 0 -0.9999997615814209 0.00065422989428043365
vn 0 -0.9999997615814209 0.00065422989428043365
vn 0 -0.9999997615814209 0.00065422989428043365
vn 0 -0.9999997615814209 0.00065422989428043365
vn 0 -0.9999997615814209 0.00065422989428043365
vn 0 -0.9999997615814209 0.00065422989428043365
vn 0 -0.9999997615814209 0.00065422989428043365
vn 0 -0.9999997615814209 0.00065422989428043365
vn 0 -0.9999997615814209 0.00065422989428043365
vn 0 -0.9999997615814209 0.00065422989428043365
vn 0 -0.9999997615814209 0.00065422989428043365
vn 0 -0.9999997615814209 0.00065422989428043365
vn 0 -0.9999997615814209 0.00065422989428043365
vn 0 -0.9999997615814209 0.00065422989428043365
vn 0 -0.9999997615814209 0.00065422989428043365
vn 0 -0.9999997615814209 0.00065422989428043365
vn 0 -0.9999997615814209 0.00065422989428043365
vn 0 -0.9999997615814209 0.00065422989428043365
vn 0 -0.9999997615814209 0.00065422989428043365
vn 0 -0.9999997615814209 0.00065422989428043365
vn 0 -0.9999997615814209 0.00065422989428043365
vn 0 -0.9999997615814209 0.00065422989428043365
vn 0 -0.9999997615814209 0.00065422989428043365
vn 0 -0.9999997615814209 0.00065422989428043365
vn 0 -0.9999997615814209 0.00065422989428043365
vn 0 -0.9999997615814209 0.00065422989428043365
vn 0 -0.9999997615814209 0.00065422989428043365
vn 0 -0.9999997615814209 0.00065422989428043365
vn 0 -0.9999997615814209 0.00065422989428043365
vn 0 -0.9999997615814209 0.00065422989428043365
vn 0 -0.9999997615814209 0.00065422989428043365
vn 0 -0.9999997615814209 0.00065422989428043365
vn 0 -0.9999997615814209 0.00065422989428043365
vn 0 -0.9999997615814209 0.00065422989428043365
vn 0 -0.9999997615814209 0.00065422989428043365
vn 0 -0.9999997615814209 0.00065422989428043365
vn 0 -0.9999997615814209 0.00065422989428043365
vn 0 -0.9999997615814209 0.00065422989428043365
vn 0 -0.9999997615814209 0.00065422989428043365
vn 0 -0.9999997615814209 0.00065422989428043365
vn 0 -0.9999997615814209 0.00065422989428043365
vn 0 -0.9999997615814209 0.00065422989428043365
vn 0 -0.9999997615814209 0.00065422989428043365
vn 0 -0.9999997615814209 0.00065422989428043365
vn 0 -0.9999997615814209 0.00065422989428043365
vn 0 -0.9999997615814209 0.00065422989428043365
vn 0 -0.9999997615814209 0.00065422989428043365
vn 0 -0.9999997615814209 0.00065422989428043365
vn 0 -0.9999997615814209 0.00065422989428043365
vn 0 -0.9999997615814209 0.00065422989428043365
vn 0 -0.9999997615814209 0.00065422989428043365
vn 0 -0.9999997615814209 0.00065422989428043365
vn 0 -0.9999997615814209 0.00065422989428043365
vn 0 -0.9999997615814209 0.00065422989428043365
vn 0 -0.9999997615814209 0.00065422989428043365
vn 0 -0.9999997615814209 0.00065422989428043365
vn 0 -0.9999997615814209 0.00065422989428043365
vn 0 -0.9999997615814209 0.00065422989428043365
vn 0 -0.9999997615814209 0.00065422989428043365
vn 0 -0.9999997615814209 0.00065422989428043365
vn 0 -0.9999997615814209 0.00065422989428043365
vn 0 -0.9999997615814209 0.00065422989428043365
vn 0 -0.9999997615814209 0.00065422989428043365
vn 0 -0.9999997615814209 0.00065422989428043365
vn 0 -0.9999997615814209 0.00065422989428043365
vn 0 -0.9999997615814209 0.00065422989428043365
vn 0 -0.9999997615814209 0.00065422989428043365
vn 0 -0.9999997615814209 0.00065422989428043365
vn 0 -0.9999997615814209 0.00065422989428043365
vn 0 -0.9999997615814209 0.00065422989428043365
vn 0 -0.9999997615814209 0.00065422989428043365
vn 0 -0.9999997615814209 0.00065422989428043365
vn 0 -0.9999997615814209 0.00065422989428043365
vn 0 -0.9999997615814209 0.00065422989428043365
vn 0 -0.9999997615814209 0.00065422989428043365
vn 0 -0.9999997615814209 0.00065422989428043365
vn 0 -0.9999997615814209 0.00065422989428043365
vn 0 -0.9999997615814209 0.00065422989428043365
vn 0 -0.9999997615814209 0.00065422989428043365
vn 0 -0.9999997615814209 0.00065422989428043365
vn 0 -0.9999997615814209 0.00065422989428043365
vn 0 -0.9999997615814209 0.00065422989428043365
vn 0 -0.9999997615814209 0.00065422989428043365
vn 0 -0.9999997615814209 0.00065422989428043365
vn 0 -0.9999997615814209 0.00065422989428043365
vn 0 -0.9999997615814209 0.00065422989428043365
vn 0 -0.9999997615814209 0.00065422989428043365
vn 0 -0.9999997615814209 0.00065422989428043365
vn 0 -0.9999997615814209 0.00065422989428043365
vn 0 -0.9999997615814209 0.00065422989428043365
vn 0 -0.9999997615814209 0.00065422989428043365
vn 0 -0.9999997615814209 0.00065422989428043365
vn 0 -0.9999997615814209 0.00065422989428043365
vn 0 -0.9999997615814209 0.00065422989428043365
vn 0 -0.9999997615814209 0.00065422989428043365
vn 0 -0.9999997615814209 0.00065422989428043365
vn 0 -0.9999997615814209 0.00065422989428043365
vn 0 -0.9999997615814209 0.00065422989428043365
vn 0 -0.9999997615814209 0.00065422989428043365
vn 0 -0.9999997615814209 0.00065422989428043365
vn 0 -0.9999997615814209 0.00065422989428043365
vn 0 -0.9999997615814209 0.00065422989428043365
vn 0 -0.9999997615814209 0.00065422989428043365
vn 0 -0.9999997615814209 0.00065422989428043365
vn 0 -0.9999997615814209 0.00065422989428043365
vn 0 -0.9999997615814209 0.00065422989428043365
vn 0 -0.9999997615814209 0.00065422989428043365
vn 0 -0.9999997615814209 0.00065422989428043365
vn 0 -0.9999997615814209 0.00065422989428043365
vn 0 -0.9999997615814209 0.00065422989428043365
vn 0 -0.9999997615814209 0.00065422989428043365
vn 0 -0.9999997615814209 0.00065422989428043365
vn 0 -0.9999997615814209 0.00065422989428043365
vn 0 -0.9999997615814209 0.00065422989428043365
vn 0 -0.9999997615814209 0.00065422989428043365
vn 0 -0.9999997615814209 0.00065422989428043365
vn 0 -0.9999997615814209 0.00065422989428043365
vn 0 -0.9999997615814209 0.00065422989428043365
vn 0 -0.9999997615814209 0.00065422989428043365
vn 0 -0.9999997615814209 0.00065422989428043365
vn 0 -0.9999997615814209 0.00065422989428043365
vn 0 -0.9999997615814209 0.00065422989428043365
vn 0 -0.9999997615814209 0.00065422989428043365
vn 0 -0.9999997615814209 0.00065422989428043365
vn 0 -0.9999997615814209 0.00065422989428043365
vn 0 -0.9999997615814209 0.00065422989428043365
vn 0 -0.9999997615814209 0.00065422989428043365
vn 0 -0.9999997615814209 0.00065422989428043365
vn 0 -0.9999997615814209 0.00065422989428043365
vn 0 -0.9999997615814209 0.00065422989428043365
vn 0 -0.9999997615814209 0.00065422989428043365
vn 0 -0.9999997615814209 0.00065422989428043365
vn 0 -0.9999997615814209 0.00065422989428043365
vn 0 -0.9999997615814209 0.00065422989428043365
vn 0 -0.9999997615814209 0.00065422989428043365
vn 0 -0.9999997615814209 0.00065422989428043365
vn 0 -0.9999997615814209 0.00065422989428043365
vn 0 -0.9999997615814209 0.00065422989428043365
vn 0 -0.9999997615814209 0.00065422989428043365
vn 0 -0.9999997615814209 0.00065422989428043365
vn 0 -0.9999997615814209 0.00065422989428043365
vn 0 -0.9999997615814209 0.00065422989428043365
vn 0 -0.9999997615814209 0.00065422989428043365
vn 0 -0.9999997615814209 0.00065422989428043365
vn 0 -0.9999997615814209 0.00065422989428043365
vn 0 -0.9999997615814209 0.00065422989428043365
vn 0 -0.9999997615814209 0.00065422989428043365
vn 0 -0.9999997615814209 0.00065422989428043365
vn 0 -0.9999997615814209 0.00065422989428043365
vn 0 -0.9999997615814209 0.00065422989428043365
vn 0 -0.9999997615814209 0.00065422989428043365
vn 0 -0.9999997615814209 0.00065422989428043365
vn 0 -0.9999997615814209 0.00065422989428043365
vn 0 -0.9999997615814209 0.00065422989428043365
vn 0 -0.9999997615814209 0.00065422989428043365
vn 0 -0.9999997615814209 0.00065422989428043365
vn 0 -0.9999997615814209 0.00065422989428043365
vn 0 -0.9999997615814209 0.00065422989428043365
vn 0 -0.9999997615814209 0.00065422989428043365
vn 0 0.9999997615814209 -0.00065422989428043365
vn 0 0.9999997615814209 -0.00065422989428043365
vn 0 0.9999997615814209 -0.00065422989428043365
vn 0 0.9999997615814209 -0.00065422989428043365
vn 0 0.9999997615814209 -0.00065422989428043365
vn 0 0.9999997615814209 -0.00065422989428043365
vn 0 0.9999997615814209 -0.00065422989428043365
vn 0 0.9999997615814209 -0.00065422989428043365
vn 0 0.9999997615814209 -0.00065422989428043365
vn 0 0.9999997615814209 -0.00065422989428043365
vn 0 0.9999997615814209 -0.00065422989428043365
vn 0 0.9999997615814209 -0.00065422989428043365
vn 0 0.9999997615814209 -0.00065422989428043365
vn 0 0.9999997615814209 -0.00065422989428043365
vn 0 0.9999997615814209 -0.00065422989428043365
vn 0 0.9999997615814209 -0.00065422989428043365
vn 0 0.9999997615814209 -0.00065422989428043365
vn 0 0.9999997615814209 -0.00065422989428043365
vn 0 0.9999997615814209 -0.00065422989428043365
vn 0 0.9999997615814209 -0.00065422989428043365
vn 0 0.9999997615814209 -0.00065422989428043365
vn 0 0.9999997615814209 -0.00065422989428043365
vn 0 0.9999997615814209 -0.00065422989428043365
vn 0 0.9999997615814209 -0.00065422989428043365
vn 0 0.9999997615814209 -0.00065422989428043365
vn 0 0.9999997615814209 -0.00065422989428043365
vn 0 0.9999997615814209 -0.00065422989428043365
vn 0 0.9999997615814209 -0.00065422989428043365
vn 0 0.9999997615814209 -0.00065422989428043365
vn 0 0.9999997615814209 -0.00065422989428043365
vn 0 0.9999997615814209 -0.00065422989428043365
vn 0 0.9999997615814209 -0.00065422989428043365
vn 0 0.9999997615814209 -0.00065422989428043365
vn 0 0.9999997615814209 -0.00065422989428043365
vn 0 0.9999997615814209 -0.00065422989428043365
vn 0 0.9999997615814209 -0.00065422989428043365
vn 0 0.9999997615814209 -0.00065422989428043365
vn 0 0.9999997615814209 -0.00065422989428043365
vn 0 0.9999997615814209 -0.00065422989428043365
vn 0 0.9999997615814209 -0.00065422989428043365
vn 0 0.9999997615814209 -0.00065422989428043365
vn 0 0.9999997615814209 -0.00065422989428043365
vn 0 0.9999997615814209 -0.00065422989428043365
vn 0 0.9999997615814209 -0.00065422989428043365
vn 0 0.9999997615814209 -0.00065422989428043365
vn 0 0.9999997615814209 -0.00065422989428043365
vn 0 0.9999997615814209 -0.00065422989428043365
vn 0 0.9999997615814209 -0.00065422989428043365
vn 0 0.9999997615814209 -0.00065422989428043365
vn 0 0.9999997615814209 -0.00065422989428043365
vn 0 0.9999997615814209 -0.00065422989428043365
vn 0 0.9999997615814209 -0.00065422989428043365
vn 0 0.9999997615814209 -0.00065422989428043365
vn 0 0.9999997615814209 -0.00065422989428043365
vn 0 0.9999997615814209 -0.00065422989428043365
vn 0 0.9999997615814209 -0.00065422989428043365
vn 0 0.9999997615814209 -0.00065422989428043365
vn 0 0.9999997615814209 -0.00065422989428043365
vn 0 0.9999997615814209 -0.00065422989428043365
vn 0 0.9999997615814209 -0.00065422989428043365
vn 0 0.9999997615814209 -0.00065422989428043365
vn 0 0.9999997615814209 -0.00065422989428043365
vn 0 0.9999997615814209 -0.00065422989428043365
vn 0 0.9999997615814209 -0.00065422989428043365
vn 0 0.9999997615814209 -0.00065422989428043365
vn 0 0.9999997615814209 -0.00065422989428043365
vn 0 0.9999997615814209 -0.00065422989428043365
vn 0 0.9999997615814209 -0.00065422989428043365
vn 0 0.9999997615814209 -0.00065422989428043365
vn 0 0.9999997615814209 -0.00065422989428043365
vn 0 0.9999997615814209 -0.00065422989428043365
vn 0 0.9999997615814209 -0.00065422989428043365
vn 0 0.9999997615814209 -0.00065422989428043365
vn 0 0.9999997615814209 -0.00065422989428043365
vn 0 0.9999997615814209 -0.00065422989428043365
vn 0 0.9999997615814209 -0.00065422989428043365
vn 0 0.9999997615814209 -0.00065422989428043365
vn 0 0.9999997615814209 -0.00065422989428043365
vn 0 0.9999997615814209 -0.00065422989428043365
vn 0 0.9999997615814209 -0.00065422989428043365
vn 0 0.9999997615814209 -0.00065422989428043365
vn 0 0.9999997615814209 -0.00065422989428043365
vn 0 0.9999997615814209 -0.00065422989428043365
vn 0 0.9999997615814209 -0.00065422989428043365
vn 0 0.9999997615814209 -0.00065422989428043365
vn 0 0.9999997615814209 -0.00065422989428043365
vn 0 0.9999997615814209 -0.00065422989428043365
vn 0 0.9999997615814209 -0.00065422989428043365
vn 0 0.9999997615814209 -0.00065422989428043365
vn 0 0.9999997615814209 -0.00065422989428043365
vn 0 0.9999997615814209 -0.00065422989428043365
vn 0 0.9999997615814209 -0.00065422989428043365
vn 0 0.9999997615814209 -0.00065422989428043365
vn 0 0.9999997615814209 -0.00065422989428043365
vn 0 0.9999997615814209 -0.00065422989428043365
vn 0 0.9999997615814209 -0.00065422989428043365
vn 0 0.9999997615814209 -0.00065422989428043365
vn 0 0.9999997615814209 -0.00065422989428043365
vn 0 0.9999997615814209 -0.00065422989428043365
vn 0 0.9999997615814209 -0.00065422989428043365
vn 0 0.9999997615814209 -0.00065422989428043365
vn 0 0.9999997615814209 -0.00065422989428043365
vn 0 0.9999997615814209 -0.00065422989428043365
vn 0 0.9999997615814209 -0.00065422989428043365
vn 0 0.9999997615814209 -0.00065422989428043365
vn 0 0.9999997615814209 -0.00065422989428043365
vn 0 0.9999997615814209 -0.00065422989428043365
vn 0 0.9999997615814209 -0.00065422989428043365
vn 0 0.9999997615814209 -0.00065422989428043365
vn 0 0.9999997615814209 -0.00065422989428043365
vn 0 0.9999997615814209 -0.00065422989428043365
vn 0 0.9999997615814209 -0.00065422989428043365
vn 0 0.9999997615814209 -0.00065422989428043365
vn 0 0.9999997615814209 -0.00065422989428043365
vn 0 0.9999997615814209 -0.00065422989428043365
vn 0 0.9999997615814209 -0.00065422989428043365
vn 0 0.9999997615814209 -0.00065422989428043365
vn 0 0.9999997615814209 -0.00065422989428043365
vn 0 0.9999997615814209 -0.00065422989428043365
vn 0 0.9999997615814209 -0.00065422989428043365
vn 0 0.9999997615814209 -0.00065422989428043365
vn 0 0.9999997615814209 -0.00065422989428043365
vn 0 0.9999997615814209 -0.00065422989428043365
vn 0 0.9999997615814209 -0.00065422989428043365
vn 0 0.9999997615814209 -0.00065422989428043365
vn 0 0.9999997615814209 -0.00065422989428043365
vn 0 0.9999997615814209 -0.00065422989428043365
vn 0 0.9999997615814209 -0.00065422989428043365
vn 0 0.9999997615814209 -0.00065422989428043365
vn 0 0.9999997615814209 -0.00065422989428043365
vn 0 0.9999997615814209 -0.00065422989428043365
vn 0 0.9999997615814209 -0.00065422989428043365
vn 0 0.9999997615814209 -0.00065422989428043365
vn 0 0.9999997615814209 -0.00065422989428043365
vn 0 0.9999997615814209 -0.00065422989428043365
vn 0 0.9999997615814209 -0.00065422989428043365
vn 0 0.9999997615814209 -0.00065422989428043365
vn 0 0.9999997615814209 -0.00065422989428043365
vn 0 0.9999997615814209 -0.00065422989428043365
vn 0 0.9999997615814209 -0.00065422989428043365
vn 0 0.9999997615814209 -0.00065422989428043365
vn 0 0.9999997615814209 -0.00065422989428043365
vn 0 0.9999997615814209 -0.00065422989428043365
vn 0 0.9999997615814209 -0.00065422989428043365
vn 0 0.9999997615814209 -0.00065422989428043365
vn 0 0.9999997615814209 -0.00065422989428043365
vn 0 0.9999997615814209 -0.00065422989428043365
vn 0 0.9999997615814209 -0.00065422989428043365
vn 0 0.9999997615814209 -0.00065422989428043365
vn 0 0.9999997615814209 -0.00065422989428043365
vn 0 0.9999997615814209 -0.00065422989428043365
vn 0 0.9999997615814209 -0.00065422989428043365
vn 0 0.9999997615814209 -0.00065422989428043365
vn 0 0.9999997615814209 -0.00065422989428043365
vn 0 0.9999997615814209 -0.00065422989428043365
vn 0 0.9999997615814209 -0.00065422989428043365
vn 0 0.9999997615814209 -0.00065422989428043365
vn 0 0.9999997615814209 -0.00065422989428043365
vn 0 0.9999997615814209 -0.00065422989428043365
vn 0 0.9999997615814209 -0.00065422989428043365
vn 0 0.9999997615814209 -0.00065422989428043365
vn 0 0.9999997615814209 -0.00065422989428043365
vn 0 0.9999997615814209 -0.00065422989428043365
vn 0 0.9999997615814209 -0.00065422989428043365
vn 0 0.9999997615814209 -0.00065422989428043365
vn 0 0.9999997615814209 -0.00065422989428043365
vn 0 0.9999997615814209 -0.00065422989428043365
vn 0 0.9999997615814209 -0.00065422989428043365
vn 0 0.9999997615814209 -0.00065422989428043365
vn 0 0.9999997615814209 -0.00065422989428043365
vn 0 0.9999997615814209 -0.00065422989428043365
vn 0 0.9999997615814209 -0.00065422989428043365
vn 0 0.9999997615814209 -0.00065422989428043365
vn 0 0.9999997615814209 -0.00065422989428043365
vn 0 0.9999997615814209 -0.00065422989428043365
vn 0 0.9999997615814209 -0.00065422989428043365
vn 0 0.9999997615814209 -0.00065422989428043365
vn 0 0.9999997615814209 -0.00065422989428043365
vn 0 0.9999997615814209 -0.00065422989428043365
vn 0 0.9999997615814209 -0.00065422989428043365
vn 0 0.9999997615814209 -0.00065422989428043365
vn 0 0.9999997615814209 -0.00065422989428043365
vn 0 0.9999997615814209 -0.00065422989428043365
vn 0 0.9999997615814209 -0.00065422989428043365
vn 0 0.9999997615814209 -0.00065422989428043365
vn 0 0.9999997615814209 -0.00065422989428043365
vn 0 0.9999997615814209 -0.00065422989428043365
vn 0 0.9999997615814209 -0.00065422989428043365
vn 0 0.9999997615814209 -0.00065422989428043365
vn 0 0.9999997615814209 -0.00065422989428043365
vn 0 0.9999997615814209 -0.00065422989428043365
vn 0 0.9999997615814209 -0.00065422989428043365
vn 0 0.9999997615814209 -0.00065422989428043365
vn 0 0.9999997615814209 -0.00065422989428043365
vn 0 0.9999997615814209 -0.00065422989428043365
vn 0 0.9999997615814209 -0.00065422989428043365
vn 0 0.9999997615814209 -0.00065422989428043365
vn 0 0.9999997615814209 -0.00065422989428043365
vn 0 0.9999997615814209 -0.00065422989428043365
vn 0 0.9999997615814209 -0.00065422989428043365
vn 0 0.9999997615814209 -0.00065422989428043365
vn 0 0.9999997615814209 -0.00065422989428043365
vn 0 0.9999997615814209 -0.00065422989428043365
vn 0 0.9999997615814209 -0.00065422989428043365
vn 0 0.9999997615814209 -0.00065422989428043365
vn 0 0.9999997615814209 -0.00065422989428043365
vn 0 0.9999997615814209 -0.00065422989428043365
vn 0 0.9999997615814209 -0.00065422989428043365
vn 0 0.9999997615814209 -0.00065422989428043365
vn 0 0.9999997615814209 -0.00065422989428043365
vn 0 0.9999997615814209 -0.00065422989428043365
vn 0 0.9999997615814209 -0.00065422989428043365
vn 0 0.9999997615814209 -0.00065422989428043365
vn 0 0.9999997615814209 -0.00065422989428043365
vn 0 0.9999997615814209 -0.00065422989428043365
vn 0 0.9999997615814209 -0.00065422989428043365
vn 0 0.9999997615814209 -0.00065422989428043365
vn 0 0.9999997615814209 -0.00065422989428043365
vn 0 0.9999997615814209 -0.00065422989428043365
vn 0 0.9999997615814209 -0.00065422989428043365
vn 0 0.9999997615814209 -0.00065422989428043365
vn 0 0.9999997615814209 -0.00065422989428043365
vn 0 0.9999997615814209 -0.00065422989428043365
vn 0 0.9999997615814209 -0.00065422989428043365
vn 0 0.9999997615814209 -0.00065422989428043365
vn 0 0.9999997615814209 -0.00065422989428043365
vn 0 0.9999997615814209 -0.00065422989428043365
vn 0 0.9999997615814209 -0.00065422989428043365
vn 0 0.9999997615814209 -0.00065422989428043365
vn 0 0.9999997615814209 -0.00065422989428043365
vn 0 0.9999997615814209 -0.00065422989428043365
vn 0 0.9999997615814209 -0.00065422989428043365
vn 0 0.9999997615814209 -0.00065422989428043365
vn 0 0.9999997615814209 -0.00065422989428043365
vn 0 0.9999997615814209 -0.00065422989428043365
vn 0 0.9999997615814209 -0.00065422989428043365
vn 0 0.9999997615814209 -0.00065422989428043365
vn 0 0.9999997615814209 -0.00065422989428043365
vn 0 0.9999997615814209 -0.00065422989428043365
vn 0 0.9999997615814209 -0.00065422989428043365
vn 0 0.9999997615814209 -0.00065422989428043365
vn 0 0.9999997615814209 -0.00065422989428043365
vn 0 0.9999997615814209 -0.00065422989428043365
vn 0 0.9999997615814209 -0.00065422989428043365
vn 0 0.9999997615814209 -0.00065422989428043365
vn 0 0.9999997615814209 -0.00065422989428043365
vn 0 0.9999997615814209 -0.00065422989428043365
vn 0 0.9999997615814209 -0.00065422989428043365
vn 0 0.9999997615814209 -0.00065422989428043365
vn 0 0.9999997615814209 -0.00065422989428043365
vn 0 0.9999997615814209 -0.00065422989428043365
vn 0 0.9999997615814209 -0.00065422989428043365
vn 0 0.9999997615814209 -0.00065422989428043365
vn 0 0.9999997615814209 -0.00065422989428043365
vn 0 0.9999997615814209 -0.00065422989428043365
vn 0 0.9999997615814209 -0.00065422989428043365
vn 0 0.9999997615814209 -0.00065422989428043365
vn 0 0.9999997615814209 -0.00065422989428043365
vn 0 0.9999997615814209 -0.00065422989428043365
vn 0 0.9999997615814209 -0.00065422989428043365
vn 0 0.9999997615814209 -0.00065422989428043365
vn 0 0.9999997615814209 -0.00065422989428043365
vn 0 0.9999997615814209 -0.00065422989428043365
vn 0 0.9999997615814209 -0.00065422989428043365
vn 0 0.9999997615814209 -0.00065422989428043365
vn 0 0.9999997615814209 -0.00065422989428043365
vn 0 0.9999997615814209 -0.00065422989428043365
vn 0 0.9999997615814209 -0.00065422989428043365
vn 0 0.9999997615814209 -0.00065422989428043365
vn 0 0.9999997615814209 -0.00065422989428043365
vn 0 0.9999997615814209 -0.00065422989428043365
vn 0 0.9999997615814209 -0.00065422989428043365
vn 0 0.9999997615814209 -0.00065422989428043365
vn 0 0.9999997615814209 -0.00065422989428043365
vn 0 0.9999997615814209 -0.00065422989428043365
vn 0 0.9999997615814209 -0.00065422989428043365
vn 0 0.9999997615814209 -0.00065422989428043365
vn 0 0.9999997615814209 -0.00065422989428043365
vn 0 0.9999997615814209 -0.00065422989428043365
vn 0 0.9999997615814209 -0.00065422989428043365
vn 0 0.9999997615814209 -0.00065422989428043365
vn 0 0.9999997615814209 -0.00065422989428043365
vn 0 0.9999997615814209 -0.00065422989428043365
vn 0 0.9999997615814209 -0.00065422989428043365
vn 0 0.9999997615814209 -0.00065422989428043365
vn 0 0.9999997615814209 -0.00065422989428043365
vn 0 0.9999997615814209 -0.00065422989428043365
vn 0 0.9999997615814209 -0.00065422989428043365
vn 0 0.9999997615814209 -0.00065422989428043365
vn 0 0.9999997615814209 -0.00065422989428043365
vn 0 0.9999997615814209 -0.00065422989428043365
vn 0 0.9999997615814209 -0.00065422989428043365
vn 0 0.9999997615814209 -0.00065422989428043365
vn 0 0.9999997615814209 -0.00065422989428043365
vn 0 0.9999997615814209 -0.00065422989428043365
vn 0 0.9999997615814209 -0.00065422989428043365
vn 0 0.9999997615814209 -0.00065422989428043365
vn 0 0.9999997615814209 -0.00065422989428043365
vn 0 0.9999997615814209 -0.00065422989428043365
vn 0 0.9999997615814209 -0.00065422989428043365
vn 0 0.9999997615814209 -0.00065422989428043365
vn 0 0.9999997615814209 -0.00065422989428043365
vn 0 0.9999997615814209 -0.00065422989428043365
vn 0 0.9999997615814209 -0.00065422989428043365
vn 0 0.9999997615814209 -0.00065422989428043365
vn 0 0.9999997615814209 -0.00065422989428043365
vn 0 0.9999997615814209 -0.00065422989428043365
vn 0 0.9999997615814209 -0.00065422989428043365
vn 0 0.9999997615814209 -0.00065422989428043365
vn 0 0.9999997615814209 -0.00065422989428043365
vn 0 0.9999997615814209 -0.00065422989428043365
vn 0 0.9999997615814209 -0.00065422989428043365
vn 0 0.9999997615814209 -0.00065422989428043365
vn 0 0.9999997615814209 -0.00065422989428043365
vn 0 0.9999997615814209 -0.00065422989428043365
vn 0 0.9999997615814209 -0.00065422989428043365
vn 0 0.9999997615814209 -0.00065422989428043365
vn 0 0.9999997615814209 -0.00065422989428043365
vn 0 0.9999997615814209 -0.00065422989428043365
vn 0 0.9999997615814209 -0.00065422989428043365
vn 0 0.9999997615814209 -0.00065422989428043365
vn 0 0.9999997615814209 -0.00065422989428043365
vn 0 0.9999997615814209 -0.00065422989428043365
vn 0 0.9999997615814209 -0.00065422989428043365
vn 0 0.9999997615814209 -0.00065422989428043365
vn 0 0.9999997615814209 -0.00065422989428043365
vn 0 0.9999997615814209 -0.00065422989428043365
vn 0 0.9999997615814209 -0.00065422989428043365
vn 0 0.9999997615814209 -0.00065422989428043365
vn 0 0.9999997615814209 -0.00065422989428043365
vn 0 0.9999997615814209 -0.00065422989428043365
vn 0 0.9999997615814209 -0.00065422989428043365
vn 0 0.9999997615814209 -0.00065422989428043365
vn 0 0.9999997615814209 -0.00065422989428043365
vn 0 0.9999997615814209 -0.00065422989428043365
vn 0 0.9999997615814209 -0.00065422989428043365
vn 0 0.9999997615814209 -0.00065422989428043365
vn 0 0.9999997615814209 -0.00065422989428043365
vn 0 0.9999997615814209 -0.00065422989428043365
vn 0 0.9999997615814209 -0.00065422989428043365
vn 0 0.9999997615814209 -0.00065422989428043365
vn 0 0.9999997615814209 -0.00065422989428043365
vn 0 0.9999997615814209 -0.00065422989428043365
vn 0 0.9999997615814209 -0.00065422989428043365
vn 0 0.9999997615814209 -0.00065422989428043365
vn 0 0.9999997615814209 -0.00065422989428043365
vn 0 0.9999997615814209 -0.00065422989428043365
vn 0 0.9999997615814209 -0.00065422989428043365
vn 0 0.9999997615814209 -0.00065422989428043365
vn 0 0.9999997615814209 -0.00065422989428043365
vn 0 0.9999997615814209 -0.00065422989428043365
vn 0 0.9999997615814209 -0.00065422989428043365
vn 0 0.9999997615814209 -0.00065422989428043365
vn 0 0.9999997615814209 -0.00065422989428043365
vn 0 0.9999997615814209 -0.00065422989428043365
vn 0 0.9999997615814209 -0.00065422989428043365
vn 0 0.9999997615814209 -0.00065422989428043365
vn 0 0.9999997615814209 -0.00065422989428043365
vn 0 0.9999997615814209 -0.00065422989428043365
vn 0 0.9999997615814209 -0.00065422989428043365
vn 0 0.9999997615814209 -0.00065422989428043365
vn 0 0.9999997615814209 -0.00065422989428043365
vn 0 0.9999997615814209 -0.00065422989428043365
vn 0 0.9999997615814209 -0.00065422989428043365
vn 0 0.9999997615814209 -0.00065422989428043365
vn 0 0.9999997615814209 -0.00065422989428043365
vn 0 0.9999997615814209 -0.00065422989428043365
vn 0 0.9999997615814209 -0.00065422989428043365
vn 0 0.9999997615814209 -0.00065422989428043365
vn 0 0.9999997615814209 -0.00065422989428043365
vn 0 0.9999997615814209 -0.00065422989428043365
vn 0 0.9999997615814209 -0.00065422989428043365
vn 0 0.9999997615814209 -0.00065422989428043365
vn 0 0.9999997615814209 -0.00065422989428043365
vn 0 0.9999997615814209 -0.00065422989428043365
vn 0 0.9999997615814209 -0.00065422989428043365
vn 0 0.9999997615814209 -0.00065422989428043365
vn 0 0.9999997615814209 -0.00065422989428043365
vn 0 0.9999997615814209 -0.00065422989428043365
vn 0 0.9999997615814209 -0.00065422989428043365
vn 0 0.9999997615814209 -0.00065422989428043365
vn 0 0.9999997615814209 -0.00065422989428043365
vn 0 0.9999997615814209 -0.00065422989428043365
vn 0 0.9999997615814209 -0.00065422989428043365
vn 0 0.9999997615814209 -0.00065422989428043365
vn 0 0.9999997615814209 -0.00065422989428043365
vn 0 0.9999997615814209 -0.00065422989428043365
vn 0 0.9999997615814209 -0.00065422989428043365
vn 0 0.9999997615814209 -0.00065422989428043365
vn 0 0.9999997615814209 -0.00065422989428043365
vn 0 0.9999997615814209 -0.00065422989428043365
vn 0 0.9999997615814209 -0.00065422989428043365
vn 0 0.9999997615814209 -0.00065422989428043365
vn 0 0.9999997615814209 -0.00065422989428043365
vn 0 0.9999997615814209 -0.00065422989428043365
vn 0 0.9999997615814209 -0.00065422989428043365
vn 0 0.9999997615814209 -0.00065422989428043365
vn 0 0.9999997615814209 -0.00065422989428043365
vn 0 0.9999997615814209 -0.00065422989428043365
vn 0 0.9999997615814209 -0.00065422989428043365
vn 0 0.9999997615814209 -0.00065422989428043365
vn 0 0.9999997615814209 -0.00065422989428043365
vn 0 0.9999997615814209 -0.00065422989428043365
vn 0 0.9999997615814209 -0.00065422989428043365
vn 0 0.9999997615814209 -0.00065422989428043365
vn 0 0.9999997615814209 -0.00065422989428043365
vn 0 0.9999997615814209 -0.00065422989428043365
vn 0 0.9999997615814209 -0.00065422989428043365
vn 0 0.9999997615814209 -0.00065422989428043365
vn 0 0.9999997615814209 -0.00065422989428043365
vn 0 0.9999997615814209 -0.00065422989428043365
vn 0 0.9999997615814209 -0.00065422989428043365
vn 0 0.9999997615814209 -0.00065422989428043365
vn 0 0.9999997615814209 -0.00065422989428043365
vn 0 0.9999997615814209 -0.00065422989428043365
vn 0 0.9999997615814209 -0.00065422989428043365
vn 0 0.9999997615814209 -0.00065422989428043365
vn 0 0.9999997615814209 -0.00065422989428043365
vn 0 0.9999997615814209 -0.00065422989428043365
vn 0 0.9999997615814209 -0.00065422989428043365
vn 0 0.9999997615814209 -0.00065422989428043365
vn 0 0.9999997615814209 -0.00065422989428043365
vn 0 0.9999997615814209 -0.00065422989428043365
vn 0 0.9999997615814209 -0.00065422989428043365
vn 0 0.9999997615814209 -0.00065422989428043365
vn 0 0.9999997615814209 -0.00065422989428043365
vn 0 0.9999997615814209 -0.00065422989428043365
vn 0 0.9999997615814209 -0.00065422989428043365
vn 0 0.9999997615814209 -0.00065422989428043365
vn 0 0.9999997615814209 -0.00065422989428043365
vn 0 0.9999997615814209 -0.00065422989428043365
vn 0 0.9999997615814209 -0.00065422989428043365
vn 0 0.9999997615814209 -0.00065422989428043365
vn 0 0.9999997615814209 -0.00065422989428043365
vn 0 0.9999997615814209 -0.00065422989428043365
vn 0 0.9999997615814209 -0.00065422989428043365
vn 0 0.9999997615814209 -0.00065422989428043365
vn 0 0.9999997615814209 -0.00065422989428043365
vn 0 0.9999997615814209 -0.00065422989428043365
vn 0 0.9999997615814209 -0.00065422989428043365
vn 0 0.9999997615814209 -0.00065422989428043365
vn 0 0.9999997615814209 -0.00065422989428043365
vn 0 0.9999997615814209 -0.00065422989428043365
vn 0 0.9999997615814209 -0.00065422989428043365
vn 0 0.9999997615814209 -0.00065422989428043365
vn 0 0.9999997615814209 -0.00065422989428043365
vn 0 0.9999997615814209 -0.00065422989428043365
vn 0 0.9999997615814209 -0.00065422989428043365
vn 0 0.9999997615814209 -0.00065422989428043365
vn 0 0.9999997615814209 -0.00065422989428043365
vn 0 0.9999997615814209 -0.00065422989428043365
vn 0 0.9999997615814209 -0.00065422989428043365
vn 0 0.9999997615814209 -0.00065422989428043365
vn 0 0.9999997615814209 -0.00065422989428043365
vn 0 0.9999997615814209 -0.00065422989428043365
vn 0 0.9999997615814209 -0.00065422989428043365
vn 0 0.9999997615814209 -0.00065422989428043365
vn 0 0.9999997615814209 -0.00065422989428043365
vn 0 0.9999997615814209 -0.00065422989428043365
vn 0 0.9999997615814209 -0.00065422989428043365
vn 0 0.9999997615814209 -0.00065422989428043365
vn 0 0.9999997615814209 -0.00065422989428043365
vn 0 0.9999997615814209 -0.00065422989428043365
vn 0 0.9999997615814209 -0.00065422989428043365
vn 0 0.9999997615814209 -0.00065422989428043365
vn 0 0.9999997615814209 -0.00065422989428043365
vn 0 0.9999997615814209 -0.00065422989428043365
vn 0 0.9999997615814209 -0.00065422989428043365
vn 0 0.9999997615814209 -0.00065422989428043365
vn 0 0.9999997615814209 -0.00065422989428043365
vn 0 0.9999997615814209 -0.00065422989428043365
vn 0 0.9999997615814209 -0.00065422989428043365
vn 0 0.9999997615814209 -0.00065422989428043365
vn 0 0.9999997615814209 -0.00065422989428043365
vn 0 0.9999997615814209 -0.00065422989428043365
vn 0 0.9999997615814209 -0.00065422989428043365
vn 0 0.9999997615814209 -0.00065422989428043365
vn 0 0.9999997615814209 -0.00065422989428043365
vn 0 0.9999997615814209 -0.00065422989428043365
vn 0 0.9999997615814209 -0.00065422989428043365
vn 0 0.9999997615814209 -0.00065422989428043365
vn 0 0.9999997615814209 -0.00065422989428043365
vn 0 0.9999997615814209 -0.00065422989428043365
vn 0 0.9999997615814209 -0.00065422989428043365
vn 0 0.9999997615814209 -0.00065422989428043365
vn 0 0.9999997615814209 -0.00065422989428043365
vn 0 0.9999997615814209 -0.00065422989428043365
vn 0 0.9999997615814209 -0.00065422989428043365
vn 0 0.9999997615814209 -0.00065422989428043365
vn 0 0.9999997615814209 -0.00065422989428043365
vn 0 0.9999997615814209 -0.00065422989428043365
vn 0 0.9999997615814209 -0.00065422989428043365
vn 0 0.9999997615814209 -0.00065422989428043365
vn 0 0.9999997615814209 -0.00065422989428043365
vn 0 0.9999997615814209 -0.00065422989428043365
vn 0 0.9999997615814209 -0.00065422989428043365
vn 0 0.9999997615814209 -0.00065422989428043365
vn 0 0.9999997615814209 -0.00065422989428043365
vn 0 0.9999997615814209 -0.00065422989428043365
vn 0 0.9999997615814209 -0.00065422989428043365
vn 0 0.9999997615814209 -0.00065422989428043365
vn 0 0.9999997615814209 -0.00065422989428043365
vn 0 0.9999997615814209 -0.00065422989428043365
vn 0 0.9999997615814209 -0.00065422989428043365
vn 0 0.9999997615814209 -0.00065422989428043365
vn 0 0.9999997615814209 -0.00065422989428043365
vn 0 0.9999997615814209 -0.00065422989428043365
vn 0 0.9999997615814209 -0.00065422989428043365
vn 0 0.9999997615814209 -0.00065422989428043365
vn 0 0.9999997615814209 -0.00065422989428043365
vn 0 0.9999997615814209 -0.00065422989428043365
vn 0 0.9999997615814209 -0.00065422989428043365
vn 0 0.9999997615814209 -0.00065422989428043365
vn 0 0.9999997615814209 -0.00065422989428043365
vn 0 0.9999997615814209 -0.00065422989428043365
vn 0 0.9999997615814209 -0.00065422989428043365
vn 0 0.9999997615814209 -0.00065422989428043365
vn 0 0.9999997615814209 -0.00065422989428043365
vn 0 0.9999997615814209 -0.00065422989428043365
vn 0 0.9999997615814209 -0.00065422989428043365
vn 0 0.9999997615814209 -0.00065422989428043365
vn 0 0.9999997615814209 -0.00065422989428043365
vn 0 0.9999997615814209 -0.00065422989428043365
vn 0 0.9999997615814209 -0.00065422989428043365
vn 0 0.9999997615814209 -0.00065422989428043365
vn 0 0.9999997615814209 -0.00065422989428043365
vn 0 0.9999997615814209 -0.00065422989428043365
vn 0 0.9999997615814209 -0.00065422989428043365
vn 0 0.9999997615814209 -0.00065422989428043365
vn 0 0.9999997615814209 -0.00065422989428043365
vn 0 0.9999997615814209 -0.00065422989428043365
vn 0 0.9999997615814209 -0.00065422989428043365
vn 0 0.9999997615814209 -0.00065422989428043365
vn 0 0.9999997615814209 -0.00065422989428043365
vn 0 0.9999997615814209 -0.00065422989428043365
vn 0 0.9999997615814209 -0.00065422989428043365
vn 0 0.9999997615814209 -0.00065422989428043365
vn 0 0.9999997615814209 -0.00065422989428043365
vn 0 0.9999997615814209 -0.00065422989428043365
vn 0 0.9999997615814209 -0.00065422989428043365
vn 0 0.9999997615814209 -0.00065422989428043365
vn 0 0.9999997615814209 -0.00065422989428043365
vn 0 0.9999997615814209 -0.00065422989428043365
vn 0 0.9999997615814209 -0.00065422989428043365
vn 0 0.9999997615814209 -0.00065422989428043365
vn 0 0.9999997615814209 -0.00065422989428043365
vn 0 0.9999997615814209 -0.00065422989428043365
vn 0 0.9999997615814209 -0.00065422989428043365
vn 0 0.9999997615814209 -0.00065422989428043365
vn 0 0.9999997615814209 -0.00065422989428043365
vn 0 0.9999997615814209 -0.00065422989428043365
vn 0 0.9999997615814209 -0.00065422989428043365
vn 0 0.9999997615814209 -0.00065422989428043365
vn 0 0.9999997615814209 -0.00065422989428043365
vn 0 0.9999997615814209 -0.00065422989428043365
vn 0 0.9999997615814209 -0.00065422989428043365
vn 0 0.9999997615814209 -0.00065422989428043365
vn 0 0.9999997615814209 -0.00065422989428043365
vn 0 0.9999997615814209 -0.00065422989428043365
vn 0 0.9999997615814209 -0.00065422989428043365
vn 0 0.9999997615814209 -0.00065422989428043365
vn 0 0.9999997615814209 -0.00065422989428043365
vn 0 0.9999997615814209 -0.00065422989428043365
vn 0 0.9999997615814209 -0.00065422989428043365
vn 0 0.9999997615814209 -0.00065422989428043365
vn 0 0.9999997615814209 -0.00065422989428043365
vn 0 0.9999997615814209 -0.00065422989428043365
vn 0 0.9999997615814209 -0.00065422989428043365
vn 0 0.9999997615814209 -0.00065422989428043365
vn 0 0.9999997615814209 -0.00065422989428043365
vn 0 0.9999997615814209 -0.00065422989428043365
vn 0 0.9999997615814209 -0.00065422989428043365
vn 0 0.9999997615814209 -0.00065422989428043365
vn 0 0.9999997615814209 -0.00065422989428043365
vn 0 0.9999997615814209 -0.00065422989428043365
vn 0 0.9999997615814209 -0.00065422989428043365
vn 0 0.9999997615814209 -0.00065422989428043365
vn 0 0.9999997615814209 -0.00065422989428043365
vn 0 0.9999997615814209 -0.00065422989428043365
vn 0 0.9999997615814209 -0.00065422989428043365
vn 0 0.9999997615814209 -0.00065422989428043365
vn 0 0.9999997615814209 -0.00065422989428043365
vn 0 0.9999997615814209 -0.00065422989428043365
vn 0 0.9999997615814209 -0.00065422989428043365
vn 0 0.9999997615814209 -0.00065422989428043365
vn 0 0.9999997615814209 -0.00065422989428043365
vn 0 0.9999997615814209 -0.00065422989428043365
vn 0 0.9999997615814209 -0.00065422989428043365
vn 0 0.9999997615814209 -0.00065422989428043365
vn 0 0.9999997615814209 -0.00065422989428043365
vn 0 0.9999997615814209 -0.00065422989428043365
vn 0 0.9999997615814209 -0.00065422989428043365
vn 0 0.9999997615814209 -0.00065422989428043365
vn 0 0.9999997615814209 -0.00065422989428043365
vn 0 0.9999997615814209 -0.00065422989428043365
vn 0 0.9999997615814209 -0.00065422989428043365
vn 0 0.9999997615814209 -0.00065422989428043365
vn 0 0.9999997615814209 -0.00065422989428043365
vn 0 0.9999997615814209 -0.00065422989428043365
vn 0 0.9999997615814209 -0.00065422989428043365
vn 0 0.9999997615814209 -0.00065422989428043365
vn 0 0.9999997615814209 -0.00065422989428043365
vn 0 0.9999997615814209 -0.00065422989428043365
vn 0 0.9999997615814209 -0.00065422989428043365
vn 0 0.9999997615814209 -0.00065422989428043365
vn 0 0.9999997615814209 -0.00065422989428043365
vn 0 0.9999997615814209 -0.00065422989428043365
vn 0 0.9999997615814209 -0.00065422989428043365
vn 0 0.9999997615814209 -0.00065422989428043365
vn 0 0.9999997615814209 -0.00065422989428043365
vn 0 0.9999997615814209 -0.00065422989428043365
vn 0 0.9999997615814209 -0.00065422989428043365
vn 0 0.9999997615814209 -0.00065422989428043365
vn 0 0.9999997615814209 -0.00065422989428043365
vn 0 0.9999997615814209 -0.00065422989428043365
vn 0 0.9999997615814209 -0.00065422989428043365
vn 0 0.9999997615814209 -0.00065422989428043365
vn 0 0.9999997615814209 -0.00065422989428043365
vn 0 0.9999997615814209 -0.00065422989428043365
vn 0 0.9999997615814209 -0.00065422989428043365
vn 0 0.9999997615814209 -0.00065422989428043365
vn 0 0.9999997615814209 -0.00065422989428043365
vn 0 0.9999997615814209 -0.00065422989428043365
vn 0 0.9999997615814209 -0.00065422989428043365
vn 0 0.9999997615814209 -0.00065422989428043365
vn 0 0.9999997615814209 -0.00065422989428043365
vn 0 0.9999997615814209 -0.00065422989428043365
vn 0 0.9999997615814209 -0.00065422989428043365
vn 0 0.9999997615814209 -0.00065422989428043365
vn 0 0.9999997615814209 -0.00065422989428043365
vn 0 0.9999997615814209 -0.00065422989428043365
vn 0 0.9999997615814209 -0.00065422989428043365
vn 0 0.9999997615814209 -0.00065422989428043365
vn 0 0.9999997615814209 -0.00065422989428043365
vn 0 0.9999997615814209 -0.00065422989428043365
vn 0 0.9999997615814209 -0.00065422989428043365
vn 0 0.9999997615814209 -0.00065422989428043365
vn 0 0.9999997615814209 -0.00065422989428043365
vn 0 0.9999997615814209 -0.00065422989428043365
vn 0 0.9999997615814209 -0.00065422989428043365
vn 0 0.9999997615814209 -0.00065422989428043365
vn 0 0.9999997615814209 -0.00065422989428043365
vn 0 0.9999997615814209 -0.00065422989428043365
vn 0 0.9999997615814209 -0.00065422989428043365
vn 0 0.9999997615814209 -0.00065422989428043365
vn 0 0.9999997615814209 -0.00065422989428043365
vn 0 0.9999997615814209 -0.00065422989428043365
vn 0 0.9999997615814209 -0.00065422989428043365
vn 0 0.9999997615814209 -0.00065422989428043365
vn 0 0.9999997615814209 -0.00065422989428043365
vn 0 0.9999997615814209 -0.00065422989428043365
vn 0 0.9999997615814209 -0.00065422989428043365
vn 0 0.9999997615814209 -0.00065422989428043365
vn 0 0.9999997615814209 -0.00065422989428043365
vn 0 0.9999997615814209 -0.00065422989428043365
vn 0 0.9999997615814209 -0.00065422989428043365
vn 0 0.9999997615814209 -0.00065422989428043365
vn 0 0.9999997615814209 -0.00065422989428043365
vn 0 0.9999997615814209 -0.00065422989428043365
vn 0 0.9999997615814209 -0.00065422989428043365
vn 0 0.9999997615814209 -0.00065422989428043365
vn 0 0.9999997615814209 -0.00065422989428043365
vn 0 0.9999997615814209 -0.00065422989428043365
vn 0 0.9999997615814209 -0.00065422989428043365
vn 0 0.9999997615814209 -0.00065422989428043365
vn 0 0.9999997615814209 -0.00065422989428043365
vn 0 0.9999997615814209 -0.00065422989428043365
vn 0 0.9999997615814209 -0.00065422989428043365
vn 0 0.9999997615814209 -0.00065422989428043365
vn 0 0.9999997615814209 -0.00065422989428043365
vn 0 0.9999997615814209 -0.00065422989428043365
vn 0 0.9999997615814209 -0.00065422989428043365
vn 0 0.9999997615814209 -0.00065422989428043365
vn 0 0.9999997615814209 -0.00065422989428043365
vn 0 0.9999997615814209 -0.00065422989428043365
vn 0 0.9999997615814209 -0.00065422989428043365
vn 0 0.9999997615814209 -0.00065422989428043365
vn 0 0.9999997615814209 -0.00065422989428043365
vn 0 0.9999997615814209 -0.00065422989428043365
vn 0 0.9999997615814209 -0.00065422989428043365
vn 0 0.9999997615814209 -0.00065422989428043365
vn 0 0.9999997615814209 -0.00065422989428043365
vn 0 0.9999997615814209 -0.00065422989428043365
vn 0 0.9999997615814209 -0.00065422989428043365
vn 0 0.9999997615814209 -0.00065422989428043365
vn 0 0.9999997615814209 -0.00065422989428043365
vn 0 0.9999997615814209 -0.00065422989428043365
vn 0 0.9999997615814209 -0.00065422989428043365
vn 0 0.9999997615814209 -0.00065422989428043365
vn 0 0.9999997615814209 -0.00065422989428043365
vn 0 0.9999997615814209 -0.00065422989428043365
vn 0 0.9999997615814209 -0.00065422989428043365
vn 0 0.9999997615814209 -0.00065422989428043365
vn 0 0.9999997615814209 -0.00065422989428043365
vn 0 0.9999997615814209 -0.00065422989428043365
vn 0 0.9999997615814209 -0.00065422989428043365
vn 0 0.9999997615814209 -0.00065422989428043365
vn 0 0.9999997615814209 -0.00065422989428043365
vn 0 0.9999997615814209 -0.00065422989428043365
vn 0 0.9999997615814209 -0.00065422989428043365
vn 0 0.9999997615814209 -0.00065422989428043365
vn 0 0.9999997615814209 -0.00065422989428043365
vn 0 0.9999997615814209 -0.00065422989428043365
vn 0 0.9999997615814209 -0.00065422989428043365
vn 0 0.9999997615814209 -0.00065422989428043365
vn 0 0.9999997615814209 -0.00065422989428043365
vn 0 0.9999997615814209 -0.00065422989428043365
vn 0 0.9999997615814209 -0.00065422989428043365
vn 0 0.9999997615814209 -0.00065422989428043365
vn 0 0.9999997615814209 -0.00065422989428043365
vn 0 0.9999997615814209 -0.00065422989428043365
vn 0 0.9999997615814209 -0.00065422989428043365
vn 0 0.9999997615814209 -0.00065422989428043365
vn 0 0.9999997615814209 -0.00065422989428043365
vn 0 0.9999997615814209 -0.00065422989428043365
vn 0 0.9999997615814209 -0.00065422989428043365
vn 0 0.9999997615814209 -0.00065422989428043365
vn 0 0.9999997615814209 -0.00065422989428043365
vn 0 0.9999997615814209 -0.00065422989428043365
vn 0 0.9999997615814209 -0.00065422989428043365
vn 0 0.9999997615814209 -0.00065422989428043365
vn 0 0.9999997615814209 -0.00065422989428043365
vn 0 0.9999997615814209 -0.00065422989428043365
vn 0 0.9999997615814209 -0.00065422989428043365
vn 0 0.9999997615814209 -0.00065422989428043365
vn 0 0.9999997615814209 -0.00065422989428043365
vn 0 0.9999997615814209 -0.00065422989428043365
vn 0 0.9999997615814209 -0.00065422989428043365
vn 0 0.9999997615814209 -0.00065422989428043365
vn 0 0.9999997615814209 -0.00065422989428043365
vn 0 0.9999997615814209 -0.00065422989428043365
vn 0 0.9999997615814209 -0.00065422989428043365
vn 0 0.9999997615814209 -0.00065422989428043365
vn 0 0.9999997615814209 -0.00065422989428043365
vn 0 0.9999997615814209 -0.00065422989428043365
vn 0 0.9999997615814209 -0.00065422989428043365
vn 0 0.9999997615814209 -0.00065422989428043365
vn 0 0.9999997615814209 -0.00065422989428043365
vn 0 0.9999997615814209 -0.00065422989428043365
vn 0 0.9999997615814209 -0.00065422989428043365
vn 0 0.9999997615814209 -0.00065422989428043365
vn 0 0.9999997615814209 -0.00065422989428043365
vn 0 0.9999997615814209 -0.00065422989428043365
vn 0 0.9999997615814209 -0.00065422989428043365
vn 0 0.9999997615814209 -0.00065422989428043365
vn 0 0.9999997615814209 -0.00065422989428043365
vn 0 0.9999997615814209 -0.00065422989428043365
vn 0 0.9999997615814209 -0.00065422989428043365
vn 0 0.9999997615814209 -0.00065422989428043365
vn 0 0.9999997615814209 -0.00065422989428043365
vn 0 0.9999997615814209 -0.00065422989428043365
vn 0 0.9999997615814209 -0.00065422989428043365
vn 0 0.9999997615814209 -0.00065422989428043365
vn 0 0.9999997615814209 -0.00065422989428043365
vn 0 0.9999997615814209 -0.00065422989428043365
vn 0 0.9999997615814209 -0.00065422989428043365
vn 0 0.9999997615814209 -0.00065422989428043365
vn 0 0.9999997615814209 -0.00065422989428043365
vn 0 0.9999997615814209 -0.00065422989428043365
vn 0 0.9999997615814209 -0.00065422989428043365
vn 0 0.9999997615814209 -0.00065422989428043365
vn 0 0.9999997615814209 -0.00065422989428043365
vn 0 0.9999997615814209 -0.00065422989428043365
vn 0 0.9999997615814209 -0.00065422989428043365
vn 0 0.9999997615814209 -0.00065422989428043365
vn 0 0.9999997615814209 -0.00065422989428043365
vn 0 0.9999997615814209 -0.00065422989428043365
vn 0 0.9999997615814209 -0.00065422989428043365
vn 0 0.9999997615814209 -0.00065422989428043365
vn 0 0.9999997615814209 -0.00065422989428043365
vn 0 0.9999997615814209 -0.00065422989428043365
vn 0 0.9999997615814209 -0.00065422989428043365
vn 0 0.9999997615814209 -0.00065422989428043365
vn 0 0.9999997615814209 -0.00065422989428043365
vn 0 0.9999997615814209 -0.00065422989428043365
vn 0 0.9999997615814209 -0.00065422989428043365
vn 0 0.9999997615814209 -0.00065422989428043365
vn 0 0.9999997615814209 -0.00065422989428043365
vn 0 0.9999997615814209 -0.00065422989428043365
vn 0 0.9999997615814209 -0.00065422989428043365
vn 0 0.9999997615814209 -0.00065422989428043365
vn 0 0.9999997615814209 -0.00065422989428043365
vn 0 0.9999997615814209 -0.00065422989428043365
vn 0 0.9999997615814209 -0.00065422989428043365
vn 0 0.9999997615814209 -0.00065422989428043365
vn 0 0.9999997615814209 -0.00065422989428043365
vn 0 0.9999997615814209 -0.00065422989428043365
vn 0 0.9999997615814209 -0.00065422989428043365
vn 0 0.9999997615814209 -0.00065422989428043365
vn 0 0.9999997615814209 -0.00065422989428043365
vn 0 0.9999997615814209 -0.00065422989428043365
vn 0 0.9999997615814209 -0.00065422989428043365
vn 0 0.9999997615814209 -0.00065422989428043365
vn 0 0.9999997615814209 -0.00065422989428043365
vn 0 0.9999997615814209 -0.00065422989428043365
vn 0 0.9999997615814209 -0.00065422989428043365
vn 0 0.9999997615814209 -0.00065422989428043365
vn 0 0.9999997615814209 -0.00065422989428043365
vn 0 0.9999997615814209 -0.00065422989428043365
vn 0 0.9999997615814209 -0.00065422989428043365
vn 0 0.9999997615814209 -0.00065422989428043365
vn 0 0.9999997615814209 -0.00065422989428043365
vn 0 0.9999997615814209 -0.00065422989428043365
vn 0 0.9999997615814209 -0.00065422989428043365
vn 0 0.9999997615814209 -0.00065422989428043365
vn 0 0.9999997615814209 -0.00065422989428043365
vn 0 0.9999997615814209 -0.00065422989428043365
vn 0 0.9999997615814209 -0.00065422989428043365
vn 0 0.9999997615814209 -0.00065422989428043365
vn 0 0.9999997615814209 -0.00065422989428043365
vn 0 0.9999997615814209 -0.00065422989428043365
vn 0 0.9999997615814209 -0.00065422989428043365
vn 0 0.9999997615814209 -0.00065422989428043365
vn 0 0.9999997615814209 -0.00065422989428043365
vn 0 0.9999997615814209 -0.00065422989428043365
vn 0 0.9999997615814209 -0.00065422989428043365
vn 0 0.9999997615814209 -0.00065422989428043365
vn 0 0.9999997615814209 -0.00065422989428043365
vn 0 0.9999997615814209 -0.00065422989428043365
vn 0 0.9999997615814209 -0.00065422989428043365
vn 0 0.9999997615814209 -0.00065422989428043365
vn 0 0.9999997615814209 -0.00065422989428043365
vn 0 0.9999997615814209 -0.00065422989428043365
vn 0 0.9999997615814209 -0.00065422989428043365
vn 0 0.9999997615814209 -0.00065422989428043365
vn 0 0.9999997615814209 -0.00065422989428043365
vn 0 0.9999997615814209 -0.00065422989428043365
vn 0 0.9999997615814209 -0.00065422989428043365
vn 0 0.9999997615814209 -0.00065422989428043365
vn 0 0.9999997615814209 -0.00065422989428043365
vn 0 0.9999997615814209 -0.00065422989428043365
vn 0 0.9999997615814209 -0.00065422989428043365
vn 0 0.9999997615814209 -0.00065422989428043365
vn 0 0.9999997615814209 -0.00065422989428043365
vn 0 0.9999997615814209 -0.00065422989428043365
vn 0 0.9999997615814209 -0.00065422989428043365
vn 0 0.9999997615814209 -0.00065422989428043365
vn 0 0.9999997615814209 -0.00065422989428043365
vn 0 0.9999997615814209 -0.00065422989428043365
vn 0 0.9999997615814209 -0.00065422989428043365
vn 0 0.9999997615814209 -0.00065422989428043365
vn 0 0.9999997615814209 -0.00065422989428043365
vn 0 0.9999997615814209 -0.00065422989428043365
vn 0 0.9999997615814209 -0.00065422989428043365
vn 0 0.9999997615814209 -0.00065422989428043365
vn 0 0.9999997615814209 -0.00065422989428043365
vn 0 0.9999997615814209 -0.00065422989428043365
vn 0 0.9999997615814209 -0.00065422989428043365
vn 0 0.9999997615814209 -0.00065422989428043365
vn 0 0.9999997615814209 -0.00065422989428043365
vn 0 0.9999997615814209 -0.00065422989428043365
vn 0 0.9999997615814209 -0.00065422989428043365
vn 0 0.9999997615814209 -0.00065422989428043365
vn 0 0.9999997615814209 -0.00065422989428043365
vn 0 0.9999997615814209 -0.00065422989428043365
vn 0 0.9999997615814209 -0.00065422989428043365
vn 0 0.9999997615814209 -0.00065422989428043365
vn 0 0.9999997615814209 -0.00065422989428043365
vn 0 0.9999997615814209 -0.00065422989428043365
vn 0 0.9999997615814209 -0.00065422989428043365
vn 0 0.9999997615814209 -0.00065422989428043365
vn 0 0.9999997615814209 -0.00065422989428043365
vn 0 0.9999997615814209 -0.00065422989428043365
vn 0 0.9999997615814209 -0.00065422989428043365
vn 0 0.9999997615814209 -0.00065422989428043365
vn 0 0.9999997615814209 -0.00065422989428043365
vn 0 0.9999997615814209 -0.00065422989428043365
vn 0 0.9999997615814209 -0.00065422989428043365
vn 0 0.9999997615814209 -0.00065422989428043365
vn 0 0.9999997615814209 -0.00065422989428043365
vn 0 0.9999997615814209 -0.00065422989428043365
vn 0 0.9999997615814209 -0.00065422989428043365
vn 0 0.9999997615814209 -0.00065422989428043365
vn 0 0.9999997615814209 -0.00065422989428043365
vn 0 0.9999997615814209 -0.00065422989428043365
vn 0 0.9999997615814209 -0.00065422989428043365
vn 0 0.9999997615814209 -0.00065422989428043365
vn 0 0.9999997615814209 -0.00065422989428043365
vn 0 0.9999997615814209 -0.00065422989428043365
vn 0 0.9999997615814209 -0.00065422989428043365
vn 0 0.9999997615814209 -0.00065422989428043365
vn 0 0.9999997615814209 -0.00065422989428043365
vn 0 0.9999997615814209 -0.00065422989428043365
vn 0 0.9999997615814209 -0.00065422989428043365
vn 0 0.9999997615814209 -0.00065422989428043365
vn 0 0.9999997615814209 -0.00065422989428043365
vn 0 0.9999997615814209 -0.00065422989428043365
vn 0 0.9999997615814209 -0.00065422989428043365
vn 0 0.9999997615814209 -0.00065422989428043365
vn 0 0.9999997615814209 -0.00065422989428043365
vn 0 0.9999997615814209 -0.00065422989428043365
vn 0 0.9999997615814209 -0.00065422989428043365
vn 0 0.9999997615814209 -0.00065422989428043365
vn 0 0.9999997615814209 -0.00065422989428043365
vn 0 0.9999997615814209 -0.00065422989428043365
vn 0 0.9999997615814209 -0.00065422989428043365
vn 0 0.9999997615814209 -0.00065422989428043365
vn 0 0.9999997615814209 -0.00065422989428043365
vn 0 0.9999997615814209 -0.00065422989428043365
vn 0 0.9999997615814209 -0.00065422989428043365
vn 0 0.9999997615814209 -0.00065422989428043365
vn 0 0.9999997615814209 -0.00065422989428043365
vn 0 0.9999997615814209 -0.00065422989428043365
vn 0 0.9999997615814209 -0.00065422989428043365
vn 0 0.9999997615814209 -0.00065422989428043365
vn 0 0.9999997615814209 -0.00065422989428043365
vn 0 0.9999997615814209 -0.00065422989428043365
vn 0 0.9999997615814209 -0.00065422989428043365
vn 0 0.9999997615814209 -0.00065422989428043365
vn 0 0.9999997615814209 -0.00065422989428043365
vn 0 0.9999997615814209 -0.00065422989428043365
vn 0 0.9999997615814209 -0.00065422989428043365
vn 0 0.9999997615814209 -0.00065422989428043365
vn 0 0.9999997615814209 -0.00065422989428043365
vn 0 0.9999997615814209 -0.00065422989428043365
vn 0 0.9999997615814209 -0.00065422989428043365
vn 0 0.9999997615814209 -0.00065422989428043365
vn 0 0.9999997615814209 -0.00065422989428043365
vn 0 0.9999997615814209 -0.00065422989428043365
vn 0 0.9999997615814209 -0.00065422989428043365
vn 0 0.9999997615814209 -0.00065422989428043365
vn 0 0.9999997615814209 -0.00065422989428043365
vn 0 0.9999997615814209 -0.00065422989428043365
vn 0 0.9999997615814209 -0.00065422989428043365
vn 0 0.9999997615814209 -0.00065422989428043365
vn 0 0.9999997615814209 -0.00065422989428043365
vn 0 0.9999997615814209 -0.00065422989428043365
vn 0 0.9999997615814209 -0.00065422989428043365
vn 0 0.9999997615814209 -0.00065422989428043365
vn 0 0.9999997615814209 -0.00065422989428043365
vn 0 0.9999997615814209 -0.00065422989428043365
vn 0 0.9999997615814209 -0.00065422989428043365
vn 0 0.9999997615814209 -0.00065422989428043365
vn 0 0.9999997615814209 -0.00065422989428043365
vn 0 0.9999997615814209 -0.00065422989428043365
vn 0 0.9999997615814209 -0.00065422989428043365
vn 0 0.9999997615814209 -0.00065422989428043365
vn 0 0.9999997615814209 -0.00065422989428043365
vn 0 0.9999997615814209 -0.00065422989428043365
vn 0 0.9999997615814209 -0.00065422989428043365
vn 0 0.9999997615814209 -0.00065422989428043365
vn 0 0.9999997615814209 -0.00065422989428043365
vn 0 0.9999997615814209 -0.00065422989428043365
vn 0 0.9999997615814209 -0.00065422989428043365
vn 0 0.9999997615814209 -0.00065422989428043365
vn 0 0.9999997615814209 -0.00065422989428043365
vn 0 0.9999997615814209 -0.00065422989428043365
vn 0 0.9999997615814209 -0.00065422989428043365
vn 0 0.9999997615814209 -0.00065422989428043365
vn 0 0.9999997615814209 -0.00065422989428043365
vn 0 0.9999997615814209 -0.00065422989428043365
vn 0 0.9999997615814209 -0.00065422989428043365
vn 0 0.9999997615814209 -0.00065422989428043365
vn 0 0.9999997615814209 -0.00065422989428043365
vn 0 0.9999997615814209 -0.00065422989428043365
vn 0 0.9999997615814209 -0.00065422989428043365
vn 0 0.9999997615814209 -0.00065422989428043365
vn 0 0.9999997615814209 -0.00065422989428043365
vn 0 0.9999997615814209 -0.00065422989428043365
vn 0 0.9999997615814209 -0.00065422989428043365
vn 0 0.9999997615814209 -0.00065422989428043365
vn 0 0.9999997615814209 -0.00065422989428043365
vn 0 0.9999997615814209 -0.00065422989428043365
vn 0 0.9999997615814209 -0.00065422989428043365
vn 0 0.9999997615814209 -0.00065422989428043365
vn 0 0.9999997615814209 -0.00065422989428043365
vn 0 0.9999997615814209 -0.00065422989428043365
vn 0 0.9999997615814209 -0.00065422989428043365
vn 0 0.9999997615814209 -0.00065422989428043365
vn 0 0.9999997615814209 -0.00065422989428043365
vn 0 0.9999997615814209 -0.00065422989428043365
vn 0 0.9999997615814209 -0.00065422989428043365
vn 0 0.9999997615814209 -0.00065422989428043365
vn 0 0.9999997615814209 -0.00065422989428043365
vn 0 0.9999997615814209 -0.00065422989428043365
vn 0 0.9999997615814209 -0.00065422989428043365
vn 0 0.9999997615814209 -0.00065422989428043365
vn 0 0.9999997615814209 -0.00065422989428043365
vn 0 0.9999997615814209 -0.00065422989428043365
vn 0 0.9999997615814209 -0.00065422989428043365
vn 0 0.9999997615814209 -0.00065422989428043365
vn 0 0.9999997615814209 -0.00065422989428043365
vn 0 0.9999997615814209 -0.00065422989428043365
vn 0 0.9999997615814209 -0.00065422989428043365
vn 0 0.9999997615814209 -0.00065422989428043365
vn 0 0.9999997615814209 -0.00065422989428043365
vn 0 0.9999997615814209 -0.00065422989428043365
vn 0 0.9999997615814209 -0.00065422989428043365
vn 0 0.9999997615814209 -0.00065422989428043365
vn 0 0.9999997615814209 -0.00065422989428043365
vn 0 0.9999997615814209 -0.00065422989428043365
vn 0 0.9999997615814209 -0.00065422989428043365
vn 0 0.9999997615814209 -0.00065422989428043365
vn 0 0.9999997615814209 -0.00065422989428043365
vn 0 0.9999997615814209 -0.00065422989428043365
vn 0 0.9999997615814209 -0.00065422989428043365
vn 0 0.9999997615814209 -0.00065422989428043365
vn 0 0.9999997615814209 -0.00065422989428043365
vn 0 0.9999997615814209 -0.00065422989428043365
vn 0 0.9999997615814209 -0.00065422989428043365
vn 0 0.9999997615814209 -0.00065422989428043365
vn 0 0.9999997615814209 -0.00065422989428043365
vn 0 0.9999997615814209 -0.00065422989428043365
vn 0 0.9999997615814209 -0.00065422989428043365
vn 0 0.9999997615814209 -0.00065422989428043365
vn 0 0.9999997615814209 -0.00065422989428043365
vn 0 0.9999997615814209 -0.00065422989428043365
vn 0 0.9999997615814209 -0.00065422989428043365
vn 0 0.9999997615814209 -0.00065422989428043365
vn 0 0.9999997615814209 -0.00065422989428043365
vn 0 0.9999997615814209 -0.00065422989428043365
vn 0 0.9999997615814209 -0.00065422989428043365
vn 0 0.9999997615814209 -0.00065422989428043365
vn 0 0.9999997615814209 -0.00065422989428043365
vn 0 0.9999997615814209 -0.00065422989428043365
vn 0 0.9999997615814209 -0.00065422989428043365
vn 0 0.9999997615814209 -0.00065422989428043365
vn 0 0.9999997615814209 -0.00065422989428043365
vn 0 0.9999997615814209 -0.00065422989428043365
vn 0 0.9999997615814209 -0.00065422989428043365
vn 0 0.9999997615814209 -0.00065422989428043365
vn 0 0.9999997615814209 -0.00065422989428043365
vn 0 0.9999997615814209 -0.00065422989428043365
vn 0 0.9999997615814209 -0.00065422989428043365
vn 0 0.9999997615814209 -0.00065422989428043365
vn 0 0.9999997615814209 -0.00065422989428043365
vn 0 0.9999997615814209 -0.00065422989428043365
vn 0 0.9999997615814209 -0.00065422989428043365
vn 0 0.9999997615814209 -0.00065422989428043365
vn 0 0.9999997615814209 -0.00065422989428043365
vn 0 0.9999997615814209 -0.00065422989428043365
vn 0 0.9999997615814209 -0.00065422989428043365
vn 0 0.9999997615814209 -0.00065422989428043365
vn 0 0.9999997615814209 -0.00065422989428043365
vn 0 0.9999997615814209 -0.00065422989428043365
vn 0 0.9999997615814209 -0.00065422989428043365
vn 0 0.9999997615814209 -0.00065422989428043365
vn 0 0.9999997615814209 -0.00065422989428043365
vn 0 0.9999997615814209 -0.00065422989428043365
vn 0 0.9999997615814209 -0.00065422989428043365
vn 0 0.9999997615814209 -0.00065422989428043365
vn 0 0.9999997615814209 -0.00065422989428043365
vn 0 0.9999997615814209 -0.00065422989428043365
vn 0 0.9999997615814209 -0.00065422989428043365
vn 0 0.9999997615814209 -0.00065422989428043365
vn 0 0.9999997615814209 -0.00065422989428043365
vn 0 0.9999997615814209 -0.00065422989428043365
vn 0 0.9999997615814209 -0.00065422989428043365
vn 0 0.9999997615814209 -0.00065422989428043365
vn 0 0.9999997615814209 -0.00065422989428043365
vn 0 0.9999997615814209 -0.00065422989428043365
vn 0 0.9999997615814209 -0.00065422989428043365
vn 0 0.9999997615814209 -0.00065422989428043365
vn 0 0.9999997615814209 -0.00065422989428043365
vn 0 0.9999997615814209 -0.00065422989428043365
vn 0 0.9999997615814209 -0.00065422989428043365
vn 0 0.9999997615814209 -0.00065422989428043365
vn 0 0.9999997615814209 -0.00065422989428043365
vn 0 0.9999997615814209 -0.00065422989428043365
vn 0 0.9999997615814209 -0.00065422989428043365
vn 0 0.9999997615814209 -0.00065422989428043365
vn 0 0.9999997615814209 -0.00065422989428043365
vn 0 0.9999997615814209 -0.00065422989428043365
vn 0 0.9999997615814209 -0.00065422989428043365
vn 0 0.9999997615814209 -0.00065422989428043365
vn 0 0.9999997615814209 -0.00065422989428043365
vn 0 0.9999997615814209 -0.00065422989428043365
vn 0 0.9999997615814209 -0.00065422989428043365
vn 0 0.9999997615814209 -0.00065422989428043365
vn 0 0.9999997615814209 -0.00065422989428043365
vn 0 0.9999997615814209 -0.00065422989428043365
vn 0 0.9999997615814209 -0.00065422989428043365
vn 0 0.9999997615814209 -0.00065422989428043365
vn 0 0.9999997615814209 -0.00065422989428043365
vn 0 0.9999997615814209 -0.00065422989428043365
vn 0 0.9999997615814209 -0.00065422989428043365
vn 0 0.9999997615814209 -0.00065422989428043365
vn 0 0.9999997615814209 -0.00065422989428043365
vn 0 0.9999997615814209 -0.00065422989428043365
vn 0 0.9999997615814209 -0.00065422989428043365
vn 0 0.9999997615814209 -0.00065422989428043365
vn 0 0.9999997615814209 -0.00065422989428043365
vn 0 0.9999997615814209 -0.00065422989428043365
vn 0 0.9999997615814209 -0.00065422989428043365
vn 0 0.9999997615814209 -0.00065422989428043365
vn 0 0.9999997615814209 -0.00065422989428043365
vn 0 0.9999997615814209 -0.00065422989428043365
vn 0 0.9999997615814209 -0.00065422989428043365
vn 0 0.9999997615814209 -0.00065422989428043365
vn 0 0.9999997615814209 -0.00065422989428043365
vn 0 0.9999997615814209 -0.00065422989428043365
vn 0 0.9999997615814209 -0.00065422989428043365
vn 0 0.9999997615814209 -0.00065422989428043365
vn 0 0.9999997615814209 -0.00065422989428043365
vn 0 0.9999997615814209 -0.00065422989428043365
vn 0 0.9999997615814209 -0.00065422989428043365
vn 0 0.9999997615814209 -0.00065422989428043365
vn 0 0.9999997615814209 -0.00065422989428043365
vn 0 0.9999997615814209 -0.00065422989428043365
vn 0 0.9999997615814209 -0.00065422989428043365
vn 0 0.9999997615814209 -0.00065422989428043365
vn 0 0.9999997615814209 -0.00065422989428043365
vn 0 0.9999997615814209 -0.00065422989428043365
vn 0 0.9999997615814209 -0.00065422989428043365
vn 0 0.9999997615814209 -0.00065422989428043365
vn 0 0.9999997615814209 -0.00065422989428043365
vn 0 0.9999997615814209 -0.00065422989428043365
vn 0 0.9999997615814209 -0.00065422989428043365
vn 0 0.9999997615814209 -0.00065422989428043365
vn 0 0.9999997615814209 -0.00065422989428043365
vn 0 0.9999997615814209 -0.00065422989428043365
vn 0 0.9999997615814209 -0.00065422989428043365
vn 0 0.9999997615814209 -0.00065422989428043365
vn 0 0.9999997615814209 -0.00065422989428043365
vn 0 0.9999997615814209 -0.00065422989428043365
vn 0 0.9999997615814209 -0.00065422989428043365
vn 0 0.9999997615814209 -0.00065422989428043365
vn 0 0.9999997615814209 -0.00065422989428043365
vn 0 0.9999997615814209 -0.00065422989428043365
vn 0 0.9999997615814209 -0.00065422989428043365
vn 0 0.9999997615814209 -0.00065422989428043365
vn 0 0.9999997615814209 -0.00065422989428043365
vn 0 0.9999997615814209 -0.00065422989428043365
vn 0 0.9999997615814209 -0.00065422989428043365
vn 0 0.9999997615814209 -0.00065422989428043365
vn 0 0.9999997615814209 -0.00065422989428043365
vn 0 0.9999997615814209 -0.00065422989428043365
vn 0 0.9999997615814209 -0.00065422989428043365
vn 0 0.9999997615814209 -0.00065422989428043365
vn 0 0.9999997615814209 -0.00065422989428043365
vn 0 0.9999997615814209 -0.00065422989428043365
vn 0 0.9999997615814209 -0.00065422989428043365
vn 0 0.9999997615814209 -0.00065422989428043365
vn 0 0.9999997615814209 -0.00065422989428043365
vn 0 0.9999997615814209 -0.00065422989428043365
vn 0 0.9999997615814209 -0.00065422989428043365
vn 0 0.9999997615814209 -0.00065422989428043365
vn 0 0.9999997615814209 -0.00065422989428043365
vn 0 0.9999997615814209 -0.00065422989428043365
vn 0 0.9999997615814209 -0.00065422989428043365
vn 0 0.9999997615814209 -0.00065422989428043365
vn 0 0.9999997615814209 -0.00065422989428043365
vn 0 0.9999997615814209 -0.00065422989428043365
vn 0 0.9999997615814209 -0.00065422989428043365
vn 0 0.9999997615814209 -0.00065422989428043365
vn 0 0.9999997615814209 -0.00065422989428043365
vn 0 0.9999997615814209 -0.00065422989428043365
vn 0 0.9999997615814209 -0.00065422989428043365
vn 0 0.9999997615814209 -0.00065422989428043365
vn 0 0.9999997615814209 -0.00065422989428043365
vn 0 0.9999997615814209 -0.00065422989428043365
vn 0 0.9999997615814209 -0.00065422989428043365
vn 0 0.9999997615814209 -0.00065422989428043365
vn 0 0.9999997615814209 -0.00065422989428043365
vn 0 0.9999997615814209 -0.00065422989428043365
vn 0 0.9999997615814209 -0.00065422989428043365
vn 0 0.9999997615814209 -0.00065422989428043365
vn 0 0.9999997615814209 -0.00065422989428043365
vn 0 0.9999997615814209 -0.00065422989428043365
vn 0 0.9999997615814209 -0.00065422989428043365
vn 0 0.9999997615814209 -0.00065422989428043365
vn 0 0.9999997615814209 -0.00065422989428043365
vn 0 0.9999997615814209 -0.00065422989428043365
vn 0 0.9999997615814209 -0.00065422989428043365
vn 0 0.9999997615814209 -0.00065422989428043365
vn 0 0.9999997615814209 -0.00065422989428043365
vn 0 0.9999997615814209 -0.00065422989428043365
vn 0 0.9999997615814209 -0.00065422989428043365
vn 0 0.9999997615814209 -0.00065422989428043365
vn 0 0.9999997615814209 -0.00065422989428043365
vn 0 0.9999997615814209 -0.00065422989428043365
vn 0 0.9999997615814209 -0.00065422989428043365
vn 0 0.9999997615814209 -0.00065422989428043365
vn 0 0.9999997615814209 -0.00065422989428043365
vn 0 0.9999997615814209 -0.00065422989428043365
vn 0 0.9999997615814209 -0.00065422989428043365
vn 0 0.9999997615814209 -0.00065422989428043365
vn 0 0.9999997615814209 -0.00065422989428043365
vn 0 0.9999997615814209 -0.00065422989428043365
vn 0 0.9999997615814209 -0.00065422989428043365
vn 0 0.9999997615814209 -0.00065422989428043365
vn 0 0.9999997615814209 -0.00065422989428043365
vn 0 0.9999997615814209 -0.00065422989428043365
vn 0 0.9999997615814209 -0.00065422989428043365
vn 0 0.9999997615814209 -0.00065422989428043365
vn 0 0.9999997615814209 -0.00065422989428043365
vn 0 0.9999997615814209 -0.00065422989428043365
vn 0 0.9999997615814209 -0.00065422989428043365
vn 0 0.9999997615814209 -0.00065422989428043365
vn 0 0.9999997615814209 -0.00065422989428043365
vn 0 0.9999997615814209 -0.00065422989428043365
vn 0 0.9999997615814209 -0.00065422989428043365
vn 0 0.9999997615814209 -0.00065422989428043365
vn 0 0.9999997615814209 -0.00065422989428043365
vn 0 0.9999997615814209 -0.00065422989428043365
vn 0 0.9999997615814209 -0.00065422989428043365
vn 0 0.9999997615814209 -0.00065422989428043365
vn 0 0.9999997615814209 -0.00065422989428043365
vn 0 0.9999997615814209 -0.00065422989428043365
vn 0 0.9999997615814209 -0.00065422989428043365
vn 0 0.9999997615814209 -0.00065422989428043365
vn 0 0.9999997615814209 -0.00065422989428043365
vn 0 0.9999997615814209 -0.00065422989428043365
vn 0 0.9999997615814209 -0.00065422989428043365
vn 0 0.9999997615814209 -0.00065422989428043365
vn 0 0.9999997615814209 -0.00065422989428043365
vn 0 0.9999997615814209 -0.00065422989428043365
vn 0 0.9999997615814209 -0.00065422989428043365
vn 0 0.9999997615814209 -0.00065422989428043365
vn 0 0.9999997615814209 -0.00065422989428043365
vn 0 0.9999997615814209 -0.00065422989428043365
vn 0 0.9999997615814209 -0.00065422989428043365
vn 0 0.9999997615814209 -0.00065422989428043365
vn 0 0.9999997615814209 -0.00065422989428043365
vn 0 0.9999997615814209 -0.00065422989428043365
vn 0 0.9999997615814209 -0.00065422989428043365
vn 0 0.9999997615814209 -0.00065422989428043365
vn 0 0.9999997615814209 -0.00065422989428043365
vn 0 0.9999997615814209 -0.00065422989428043365
vn 0 0.9999997615814209 -0.00065422989428043365
vn 0 0.9999997615814209 -0.00065422989428043365
vn 0 0.9999997615814209 -0.00065422989428043365
vn 0 0.9999997615814209 -0.00065422989428043365
vn 0 0.9999997615814209 -0.00065422989428043365
vn 0 0.9999997615814209 -0.00065422989428043365
vn 0 0.9999997615814209 -0.00065422989428043365
vn 0 0.9999997615814209 -0.00065422989428043365
vn 0 0.9999997615814209 -0.00065422989428043365
vn 0 0.9999997615814209 -0.00065422989428043365
vn 0 0.9999997615814209 -0.00065422989428043365
vn 0 0.9999997615814209 -0.00065422989428043365
vn 0 0.9999997615814209 -0.00065422989428043365
vn 0 0.9999997615814209 -0.00065422989428043365
vn 0 0.9999997615814209 -0.00065422989428043365
vn 0 0.9999997615814209 -0.00065422989428043365
vn 0 0.9999997615814209 -0.00065422989428043365
vn 0 0.9999997615814209 -0.00065422989428043365
vn 0 0.9999997615814209 -0.00065422989428043365
vn 0 0.9999997615814209 -0.00065422989428043365
vn 0 0.9999997615814209 -0.00065422989428043365
vn 0 0.9999997615814209 -0.00065422989428043365
vn 0 0.9999997615814209 -0.00065422989428043365
vn 0 0.9999997615814209 -0.00065422989428043365
vn 0 0.9999997615814209 -0.00065422989428043365
vn 0 0.9999997615814209 -0.00065422989428043365
vn 0 0.9999997615814209 -0.00065422989428043365
vn 0 0.9999997615814209 -0.00065422989428043365
vn 0 0.9999997615814209 -0.00065422989428043365
vn 0 0.9999997615814209 -0.00065422989428043365
vn 0 0.9999997615814209 -0.00065422989428043365
vn 0 0.9999997615814209 -0.00065422989428043365
vn 0 0.9999997615814209 -0.00065422989428043365
vn 0 0.9999997615814209 -0.00065422989428043365
vn 0 0.9999997615814209 -0.00065422989428043365
vn 0 0.9999997615814209 -0.00065422989428043365
vn 0 0.9999997615814209 -0.00065422989428043365
vn 0 0.9999997615814209 -0.00065422989428043365
vn 0 0.9999997615814209 -0.00065422989428043365
vn 0 0.9999997615814209 -0.00065422989428043365
vn 0 0.9999997615814209 -0.00065422989428043365
vn 0 0.9999997615814209 -0.00065422989428043365
vn 0 0.9999997615814209 -0.00065422989428043365
vn 0 0.9999997615814209 -0.00065422989428043365
vn 0 0.9999997615814209 -0.00065422989428043365
vn 0 0.9999997615814209 -0.00065422989428043365
vn 0 0.9999997615814209 -0.00065422989428043365
vn 0 0.9999997615814209 -0.00065422989428043365
vn 0 0.9999997615814209 -0.00065422989428043365
vn 0 0.9999997615814209 -0.00065422989428043365
vn 0 0.9999997615814209 -0.00065422989428043365
vn 0 0.9999997615814209 -0.00065422989428043365
vn 0 0.9999997615814209 -0.00065422989428043365
vn 0 0.9999997615814209 -0.00065422989428043365
vn 0 0.9999997615814209 -0.00065422989428043365
vn 0 0.9999997615814209 -0.00065422989428043365
vn 0 0.9999997615814209 -0.00065422989428043365
vn 0 0.9999997615814209 -0.00065422989428043365
vn 0 0.9999997615814209 -0.00065422989428043365
vn 0 0.9999997615814209 -0.00065422989428043365
vn 0 0.9999997615814209 -0.00065422989428043365
vn 0 0.9999997615814209 -0.00065422989428043365
vn 0 0.9999997615814209 -0.00065422989428043365
vn 0 0.9999997615814209 -0.00065422989428043365
vn 0 0.9999997615814209 -0.00065422989428043365
vn 0 0.9999997615814209 -0.00065422989428043365
vn 0 0.9999997615814209 -0.00065422989428043365
vn 0 0.9999997615814209 -0.00065422989428043365
vn 0 0.9999997615814209 -0.00065422989428043365
vn 0 0.9999997615814209 -0.00065422989428043365
vn 0 0.9999997615814209 -0.00065422989428043365
vn 0 0.9999997615814209 -0.00065422989428043365
vn 0 0.9999997615814209 -0.00065422989428043365
vn 0 0.9999997615814209 -0.00065422989428043365
vn 0 0.9999997615814209 -0.00065422989428043365
vn 0 0.9999997615814209 -0.00065422989428043365
vn 0 0.9999997615814209 -0.00065422989428043365
vn 0 0.9999997615814209 -0.00065422989428043365
vn 0 0.9999997615814209 -0.00065422989428043365
vn 0 0.9999997615814209 -0.00065422989428043365
vn 0 0.9999997615814209 -0.00065422989428043365
vn 0 0.9999997615814209 -0.00065422989428043365
vn 0 0.9999997615814209 -0.00065422989428043365
vn 0 0.9999997615814209 -0.00065422989428043365
vn 0 0.9999997615814209 -0.00065422989428043365
vn 0 0.9999997615814209 -0.00065422989428043365
vn 0 0.9999997615814209 -0.00065422989428043365
vn 0 0.9999997615814209 -0.00065422989428043365
vn 0 0.9999997615814209 -0.00065422989428043365
vn 0 0.9999997615814209 -0.00065422989428043365
vn 0 0.9999997615814209 -0.00065422989428043365
vn 0 0.9999997615814209 -0.00065422989428043365
vn 0 0.9999997615814209 -0.00065422989428043365
vn 0 0.9999997615814209 -0.00065422989428043365
vn 0 0.9999997615814209 -0.00065422989428043365
vn 0 0.9999997615814209 -0.00065422989428043365
vn 0 0.9999997615814209 -0.00065422989428043365
vn 0 0.9999997615814209 -0.00065422989428043365
vn 0 0.9999997615814209 -0.00065422989428043365
vn 0 0.9999997615814209 -0.00065422989428043365
vn 0 0.9999997615814209 -0.00065422989428043365
vn 0 0.9999997615814209 -0.00065422989428043365
vn 0 0.9999997615814209 -0.00065422989428043365
vn 0 0.9999997615814209 -0.00065422989428043365
vn 0 0.9999997615814209 -0.00065422989428043365
vn 0 0.9999997615814209 -0.00065422989428043365
vn 0 0.9999997615814209 -0.00065422989428043365
vn 0 0.9999997615814209 -0.00065422989428043365
vn 0 0.9999997615814209 -0.00065422989428043365
vn 0 0.9999997615814209 -0.00065422989428043365
vn 0 0.9999997615814209 -0.00065422989428043365
vn 0 0.9999997615814209 -0.00065422989428043365
vn 0 0.9999997615814209 -0.00065422989428043365
vn 0 0.9999997615814209 -0.00065422989428043365
vn 0 0.9999997615814209 -0.00065422989428043365
vn 0 0.9999997615814209 -0.00065422989428043365
vn 0 0.9999997615814209 -0.00065422989428043365
vn 0 0.9999997615814209 -0.00065422989428043365
vn 0 0.9999997615814209 -0.00065422989428043365
vn 0 0.9999997615814209 -0.00065422989428043365
vn 0 0.9999997615814209 -0.00065422989428043365
vn 0 0.9999997615814209 -0.00065422989428043365
vn 0 0.9999997615814209 -0.00065422989428043365
vn 0 0.9999997615814209 -0.00065422989428043365
vn 0 0.9999997615814209 -0.00065422989428043365
vn 0 0.9999997615814209 -0.00065422989428043365
vn 0 0.9999997615814209 -0.00065422989428043365
vn 0 0.9999997615814209 -0.00065422989428043365
vn 0 0.9999997615814209 -0.00065422989428043365
vn 0 0.9999997615814209 -0.00065422989428043365
vn 0 0.9999997615814209 -0.00065422989428043365
vn 0 0.9999997615814209 -0.00065422989428043365
vn 0 0.9999997615814209 -0.00065422989428043365
vn 0 0.9999997615814209 -0.00065422989428043365
vn 0 0.9999997615814209 -0.00065422989428043365
vn 0 0.9999997615814209 -0.00065422989428043365
vn 0 0.9999997615814209 -0.00065422989428043365
vn 0 0.9999997615814209 -0.00065422989428043365
vn 0 0.9999997615814209 -0.00065422989428043365
vn 0 0.9999997615814209 -0.00065422989428043365
vn 0 0.9999997615814209 -0.00065422989428043365
vn 0 0.9999997615814209 -0.00065422989428043365
vn 0 0.9999997615814209 -0.00065422989428043365
vn 0 0.9999997615814209 -0.00065422989428043365
vn 0 0.9999997615814209 -0.00065422989428043365
vn 0 0.9999997615814209 -0.00065422989428043365
vn 0 0.9999997615814209 -0.00065422989428043365
vn 0 0.9999997615814209 -0.00065422989428043365
vn 0 0.9999997615814209 -0.00065422989428043365
vn 0 0.9999997615814209 -0.00065422989428043365
vn 0 0.9999997615814209 -0.00065422989428043365
vn 0 0.9999997615814209 -0.00065422989428043365
vn 0 0.9999997615814209 -0.00065422989428043365
vn 0 0.9999997615814209 -0.00065422989428043365
vn 0 0.9999997615814209 -0.00065422989428043365
vn 0 0.9999997615814209 -0.00065422989428043365
vn 0 0.9999997615814209 -0.00065422989428043365
vn 0 0.9999997615814209 -0.00065422989428043365
vn 0 0.9999997615814209 -0.00065422989428043365
vn 0 0.9999997615814209 -0.00065422989428043365
vn 0 0.9999997615814209 -0.00065422989428043365
vn 0 0.9999997615814209 -0.00065422989428043365
vn 0 0.9999997615814209 -0.00065422989428043365
vn 0 0.9999997615814209 -0.00065422989428043365
vn 0 0.9999997615814209 -0.00065422989428043365
vn 0 0.9999997615814209 -0.00065422989428043365
vn 0 0.9999997615814209 -0.00065422989428043365
vn 0 0.9999997615814209 -0.00065422989428043365
vn 0 0.9999997615814209 -0.00065422989428043365
vn 0 0.9999997615814209 -0.00065422989428043365
vn 0 0.9999997615814209 -0.00065422989428043365
vn 0 0.9999997615814209 -0.00065422989428043365
vn 0 0.9999997615814209 -0.00065422989428043365
vn 0 0.9999997615814209 -0.00065422989428043365
vn 0 0.9999997615814209 -0.00065422989428043365
vn 0 0.9999997615814209 -0.00065422989428043365
vn 0 0.9999997615814209 -0.00065422989428043365
vn 0 0.9999997615814209 -0.00065422989428043365
vn 0 0.9999997615814209 -0.00065422989428043365
vn 0 0.9999997615814209 -0.00065422989428043365
vn 0 0.9999997615814209 -0.00065422989428043365
vn 0 0.9999997615814209 -0.00065422989428043365
vn 0 0.9999997615814209 -0.00065422989428043365
vn 0 0.9999997615814209 -0.00065422989428043365
vn 0 0.9999997615814209 -0.00065422989428043365
vn 0 0.9999997615814209 -0.00065422989428043365
vn 0 0.9999997615814209 -0.00065422989428043365
vn 0 0.9999997615814209 -0.00065422989428043365
vn 0 0.9999997615814209 -0.00065422989428043365
vn 0 0.9999997615814209 -0.00065422989428043365
vn 0 0.9999997615814209 -0.00065422989428043365
vn 0 0.9999997615814209 -0.00065422989428043365
vn 0 0.9999997615814209 -0.00065422989428043365
vn 0 0.9999997615814209 -0.00065422989428043365
vn 0 0.9999997615814209 -0.00065422989428043365
vn 0 0.9999997615814209 -0.00065422989428043365
vn 0 0.9999997615814209 -0.00065422989428043365
vn 0 0.9999997615814209 -0.00065422989428043365
vn 0 0.9999997615814209 -0.00065422989428043365
vn 0 0.9999997615814209 -0.00065422989428043365
vn 0 0.9999997615814209 -0.00065422989428043365
vn 0 0.9999997615814209 -0.00065422989428043365
vn 0 0.9999997615814209 -0.00065422989428043365
vn 0 0.9999997615814209 -0.00065422989428043365
vn 0 0.9999997615814209 -0.00065422989428043365
vn 0 0.9999997615814209 -0.00065422989428043365
vn 0 0.9999997615814209 -0.00065422989428043365
vn 0 0.9999997615814209 -0.00065422989428043365
vn 0 0.9999997615814209 -0.00065422989428043365
vn 0 0.9999997615814209 -0.00065422989428043365
vn 0 0.9999997615814209 -0.00065422989428043365
vn 0 0.9999997615814209 -0.00065422989428043365
vn 0 0.9999997615814209 -0.00065422989428043365
vn 0 0.9999997615814209 -0.00065422989428043365
vn 0 0.9999997615814209 -0.00065422989428043365
vn 0 0.9999997615814209 -0.00065422989428043365
vn 0 0.9999997615814209 -0.00065422989428043365
vn 0 0.9999997615814209 -0.00065422989428043365
vn 0 0.9999997615814209 -0.00065422989428043365
vn 0 0.9999997615814209 -0.00065422989428043365
vn 0 0.9999997615814209 -0.00065422989428043365
vn 0 0.9999997615814209 -0.00065422989428043365
vn 0 0.9999997615814209 -0.00065422989428043365
vn 0 0.9999997615814209 -0.00065422989428043365
vn 0 0.9999997615814209 -0.00065422989428043365
vn 0 0.9999997615814209 -0.00065422989428043365
vn 0 0.9999997615814209 -0.00065422989428043365
vn 0 0.9999997615814209 -0.00065422989428043365
vn 0 0.9999997615814209 -0.00065422989428043365
vn 0 0.9999997615814209 -0.00065422989428043365
vn 0 0.9999997615814209 -0.00065422989428043365
vn 0 0.9999997615814209 -0.00065422989428043365
vn 0 0.9999997615814209 -0.00065422989428043365
f 5/5/5 4/4/4 1/1/1 2/2/2
f 32/32/32 5/5/5 2/2/2
f 6/6/6 32/32/32 3/3/3
f 5/5/5 32/32/32 6/6/6
f 8/8/8 7/7/7 4/4/4 5/5/5
f 9/9/9 8/8/8 5/5/5 6/6/6
f 1/1/1 10/10/10 29/29/29
f 2/2/2 29/29/29 28/28/28
f 1/1/1 12/12/12 11/11/11
f 1/1/1 29/29/29 2/2/2
f 11/11/11 10/10/10 1/1/1
f 27/27/27 2/2/2 28/28/28
f 30/30/30 26/26/26 31/31/31
f 30/30/30 25/25/25 3/3/3
f 3/3/3 26/26/26 30/30/30
f 26/26/26 3/3/3 32/32/32
f 2/2/2 27/27/27 32/32/32
f 3/3/3 25/25/25 24/24/24
f 3/3/3 24/24/24 6/6/6
f 32/32/32 27/27/27 26/26/26
f 13/13/13 12/12/12 1/1/1
f 4/4/4 15/15/15 14/14/14
f 14/14/14 13/13/13 4/4/4
f 4/4/4 7/7/7 15/15/15
f 7/7/7 17/17/17 16/16/16
f 19/19/19 18/18/18 7/7/7
f 17/17/17 7/7/7 18/18/18
f 15/15/15 7/7/7 16/16/16
f 22/22/22 9/9/9 23/23/23
f 6/6/6 23/23/23 9/9/9
f 9/9/9 21/21/21 20/20/20 8/8/8
f 24/24/24 23/23/23 6/6/6
f 8/8/8 20/20/20 19/19/19
f 9/9/9 22/22/22 21/21/21
f 19/19/19 7/7/7 8/8/8
f 13/13/13 1/1/1 4/4/4
f 37/37/37 34/34/34 33/33/33 36/36/36
f 63/63/63 34/34/34 37/37/37
f 38/38/38 35/35/35 63/63/63
f 37/37/37 38/38/38 63/63/63
f 40/40/40 37/37/37 36/36/36 39/39/39
f 41/41/41 38/38/38 37/37/37 40/40/40
f 33/33/33 60/60/60 42/42/42
f 43/43/43 33/33/33 42/42/42
f 33/33/33 44/44/44 45/45/45
f 33/33/33 34/34/34 60/60/60
f 44/44/44 33/33/33 43/43/43
f 59/59/59 60/60/60 34/34/34
f 58/58/58 61/61/61 62/62/62
f 61/61/61 35/35/35 57/57/57
f 35/35/35 58/58/58 63/63/63
f 59/59/59 63/63/63 58/58/58
f 35/35/35 56/56/56 57/57/57
f 35/35/35 38/38/38 56/56/56
f 58/58/58 35/35/35 61/61/61
f 63/63/63 59/59/59 34/34/34
f 45/45/45 36/36/36 33/33/33
f 47/47/47 36/36/36 46/46/46
f 45/45/45 46/46/46 36/36/36
f 39/39/39 36/36/36 47/47/47
f 39/39/39 48/48/48 49/49/49
f 51/51/51 39/39/39 50/50/50
f 49/49/49 50/50/50 39/39/39
f 47/47/47 48/48/48 39/39/39
f 54/54/54 55/55/55 41/41/41
f 38/38/38 41/41/41 55/55/55
f 41/41/41 40/40/40 52/52/52
f 56/56/56 38/38/38 55/55/55
f 41/41/41 52/52/52 53/53/53
f 41/41/41 53/53/53 54/54/54
f 51/51/51 52/52/52 40/40/40
f 51/51/51 40/40/40 39/39/39
f 64/65/65 79/89/89 80/90/90 78/88/88
f 119/137/137 123/141/141 122/140/140 65/66/66
f 66/67/67 82/92/92 83/93/93 81/91/91
f 82/92/92 64/65/65 78/88/88 83/93/93
f 120/138/138 65/66/66 64/65/65 82/92/92
f 82/92/92 66/67/67 67/68/68 120/138/138
f 121/139/139 119/137/137 65/66/66 120/138/138
f 116/134/134 121/139/139 120/138/138 67/68/68
f 68/69/69 85/95/95 86/96/96 84/94/94
f 85/95/95 66/67/67 81/91/91 86/96/96
f 117/135/135 67/68/68 66/67/67 85/95/95
f 85/95/95 68/69/69 69/70/70 117/135/135
f 118/136/136 116/134/134 67/68/68 117/135/135
f 111/129/129 118/136/136 117/135/135 69/70/70
f 70/71/71 91/101/101 92/102/102 89/99/99
f 91/101/101 68/69/69 84/94/94 92/102/102
f 112/130/130 69/70/70 68/69/69 91/101/101
f 91/101/101 70/71/71 71/72/72 112/130/130
f 113/131/131 111/129/129 69/70/70 112/130/130
f 110/128/128 113/131/131 112/130/130 71/72/72
f 72/73/73 88/98/98 90/100/100 87/97/97
f 88/98/98 70/71/71 89/99/99 90/100/100
f 114/132/132 71/72/72 70/71/71 88/98/98
f 88/98/98 72/73/73 73/74/74 114/132/132
f 115/133/133 110/128/128 71/72/72 114/132/132
f 107/125/125 115/133/133 114/132/132 73/74/74
f 74/75/75 94/104/104 95/105/105 93/103/103
f 94/104/104 72/73/73 87/97/97 95/105/105
f 108/126/126 73/74/74 72/73/73 94/104/104
f 94/104/104 74/75/75 75/76/76 108/126/126
f 109/127/127 107/125/125 73/74/74 108/126/126
f 104/122/122 109/127/127 108/126/126 75/76/76
f 76/77/77 97/107/107 98/108/108 96/106/106
f 97/107/107 74/75/75 93/103/103 98/108/108
f 105/123/123 75/76/76 74/75/75 97/107/107
f 97/107/107 76/77/77 77/78/78 105/123/123
f 106/124/124 104/122/122 75/76/76 105/123/123
f 101/119/119 106/124/124 105/123/123 77/78/78
f 99/109/109 76/77/77 96/106/106 100/110/110
f 103/121/121 101/119/119 77/78/78 102/120/120
f 10/64/64 11/80/80 78/88/88 80/90/90
f 129/147/147 10/64/64 80/90/90
f 128/146/146 129/147/147 79/89/89
f 79/89/89 129/147/147 80/90/90
f 11/80/80 83/93/93 78/88/88
f 83/93/93 11/80/80 12/81/81
f 83/93/93 12/81/81 81/91/91
f 12/81/81 86/96/96 81/91/91
f 13/82/82 86/96/96 12/81/81
f 14/83/83 92/102/102 13/82/82
f 13/82/82 84/94/94 86/96/96
f 14/83/83 89/99/99 92/102/102
f 92/102/102 84/94/94 13/82/82
f 89/99/99 14/83/83 90/100/100
f 127/145/145 128/146/146 122/140/140
f 122/140/140 128/146/146 79/89/89
f 64/65/65 65/66/66 122/140/140 79/89/89
f 123/141/141 42/118/118 127/145/145
f 43/117/117 42/118/118 123/141/141
f 122/140/140 123/141/141 127/145/145
f 119/137/137 43/117/117 123/141/141
f 44/116/116 121/139/139 116/134/134
f 45/115/115 118/136/136 111/129/129
f 44/116/116 116/134/134 118/136/136
f 44/116/116 43/117/117 121/139/139
f 46/114/114 45/115/115 113/131/131
f 118/136/136 45/115/115 44/116/116
f 111/129/129 113/131/131 45/115/115
f 119/137/137 121/139/139 43/117/117
f 15/84/84 87/97/97 90/100/100
f 14/83/83 15/84/84 90/100/100
f 16/85/85 95/105/105 15/84/84
f 15/84/84 95/105/105 87/97/97
f 16/85/85 98/108/108 93/103/103
f 93/103/103 95/105/105 16/85/85
f 98/108/108 16/85/85 17/86/86
f 100/110/110 96/106/106 17/86/86
f 124/142/142 100/110/110 18/87/87
f 17/86/86 18/87/87 100/110/110
f 99/109/109 102/120/120 77/78/78 76/77/77
f 99/109/109 124/142/142 125/143/143
f 99/109/109 100/110/110 124/142/142
f 17/86/86 96/106/106 98/108/108
f 99/109/109 125/143/143 102/120/120
f 46/114/114 110/128/128 115/133/133
f 47/113/113 107/125/125 109/127/127
f 47/113/113 115/133/133 107/125/125
f 47/113/113 46/114/114 115/133/133
f 106/124/124 48/112/112 104/122/122
f 109/127/127 48/112/112 47/113/113
f 109/127/127 104/122/122 48/112/112
f 113/131/131 110/128/128 46/114/114
f 125/143/143 126/144/144 102/120/120
f 126/144/144 103/121/121 102/120/120
f 103/121/121 49/111/111 101/119/119
f 106/124/124 101/119/119 49/111/111
f 49/111/111 103/121/121 50/79/79
f 126/144/144 50/79/79 103/121/121
f 48/112/112 106/124/124 49/111/111
f 19/150/150 124/159/159 18/148/148
f 125/158/158 124/159/159 19/150/150
f 52/154/154 51/155/155 19/150/150 20/151/151
f 51/155/155 126/157/157 125/158/158
f 126/157/157 51/155/155 50/156/156
f 51/155/155 125/158/158 19/150/150
f 130/161/161 21/152/152 22/160/160
f 21/152/152 130/161/161 131/162/162
f 53/153/153 21/152/152 131/162/162 132/163/163
f 21/152/152 53/153/153 52/154/154 20/151/151
f 53/153/153 132/163/163 54/149/149
f 130/170/170 22/167/167 23/165/165 133/171/171
f 132/168/168 131/169/169 134/172/172 135/173/173
f 54/164/164 132/168/168 135/173/173 55/166/166
f 131/169/169 130/170/170 133/171/171 134/172/172
f 24/176/176 133/182/182 23/175/175
f 56/179/179 135/180/180 134/181/181
f 56/179/179 55/174/174 135/180/180
f 134/181/181 133/182/182 24/176/176
f 136/183/183 24/176/176 25/177/177
f 57/178/178 56/179/179 136/183/183
f 136/183/183 56/179/179 134/181/181
f 24/176/176 136/183/183 134/181/181
f 145/195/195 139/188/188 144/194/194
f 145/195/195 146/196/196 138/187/187
f 142/192/192 58/184/184 62/191/191
f 140/189/189 143/193/193 144/194/194
f 143/193/193 141/190/190 142/192/192
f 146/196/196 31/197/197 137/186/186
f 31/197/197 26/185/185 137/186/186
f 146/196/196 137/186/186 138/187/187
f 144/194/194 139/188/188 140/189/189
f 142/192/192 141/190/190 58/184/184
f 143/193/193 140/189/189 141/190/190
f 145/195/195 138/187/187 139/188/188
f 147/203/203 149/205/205 150/206/206 148/204/204
f 151/207/207 147/203/203 148/204/204 152/208/208
f 27/200/200 137/220/220 26/198/198
f 138/219/219 137/220/220 150/206/206
f 27/200/200 150/206/206 137/220/220
f 150/206/206 149/205/205 139/218/218 138/219/219
f 149/205/205 140/217/217 139/218/218
f 149/205/205 141/216/216 140/217/217
f 58/215/215 141/216/216 59/210/210
f 149/205/205 59/210/210 141/216/216
f 149/205/205 147/203/203 59/210/210
f 150/206/206 27/200/200 28/201/201 148/204/204
f 28/201/201 29/202/202 152/208/208 148/204/204
f 152/208/208 29/202/202 129/212/212
f 10/211/211 129/212/212 29/202/202
f 129/212/212 128/213/213 151/207/207 152/208/208
f 60/209/209 147/203/203 151/207/207
f 127/214/214 60/209/209 151/207/207
f 59/210/210 147/203/203 60/209/209
f 151/207/207 128/213/213 127/214/214
f 60/209/209 127/214/214 42/199/199
f 157/225/225 154/222/222 153/221/221 156/224/224
f 184/252/252 154/222/222 157/225/225
f 158/226/226 155/223/223 184/252/252
f 157/225/225 158/226/226 184/252/252
f 160/228/228 157/225/225 156/224/224 159/227/227
f 161/229/229 158/226/226 157/225/225 160/228/228
f 153/221/221 181/249/249 162/230/230
f 154/222/222 180/248/248 181/249/249
f 153/221/221 163/231/231 164/232/232
f 153/221/221 154/222/222 181/249/249
f 163/231/231 153/221/221 162/230/230
f 179/247/247 180/248/248 154/222/222
f 182/250/250 183/251/251 178/246/246
f 182/250/250 155/223/223 177/245/245
f 155/223/223 182/250/250 178/246/246
f 178/246/246 184/252/252 155/223/223
f 154/222/222 184/252/252 179/247/247
f 155/223/223 176/244/244 177/245/245
f 155/223/223 158/226/226 176/244/244
f 184/252/252 178/246/246 179/247/247
f 165/233/233 153/221/221 164/232/232
f 156/224/224 166/234/234 167/235/235
f 166/234/234 156/224/224 165/233/233
f 156/224/224 167/235/235 159/227/227
f 159/227/227 168/236/236 169/237/237
f 171/239/239 159/227/227 170/238/238
f 169/237/237 170/238/238 159/227/227
f 167/235/235 168/236/236 159/227/227
f 174/242/242 175/243/243 161/229/229
f 158/226/226 161/229/229 175/243/243
f 161/229/229 160/228/228 172/240/240 173/241/241
f 176/244/244 158/226/226 175/243/243
f 160/228/228 171/239/239 172/240/240
f 161/229/229 173/241/241 174/242/242
f 171/239/239 160/228/228 159/227/227
f 165/233/233 156/224/224 153/221/221
f 189/257/257 188/256/256 185/253/253 186/254/254
f 215/283/283 189/257/257 186/254/254
f 190/258/258 215/283/283 187/255/255
f 189/257/257 215/283/283 190/258/258
f 192/260/260 191/259/259 188/256/256 189/257/257
f 193/261/261 192/260/260 189/257/257 190/258/258
f 185/253/253 194/262/262 212/280/280
f 195/263/263 194/262/262 185/253/253
f 185/253/253 197/265/265 196/264/264
f 185/253/253 212/280/280 186/254/254
f 196/264/264 195/263/263 185/253/253
f 211/279/279 186/254/254 212/280/280
f 210/278/278 214/282/282 213/281/281
f 213/281/281 209/277/277 187/255/255
f 187/255/255 215/283/283 210/278/278
f 211/279/279 210/278/278 215/283/283
f 187/255/255 209/277/277 208/276/276
f 187/255/255 208/276/276 190/258/258
f 210/278/278 213/281/281 187/255/255
f 215/283/283 186/254/254 211/279/279
f 197/265/265 185/253/253 188/256/256
f 199/267/267 198/266/266 188/256/256
f 197/265/265 188/256/256 198/266/266
f 191/259/259 199/267/267 188/256/256
f 191/259/259 201/269/269 200/268/268
f 203/271/271 202/270/270 191/259/259
f 201/269/269 191/259/259 202/270/270
f 199/267/267 191/259/259 200/268/268
f 206/274/274 193/261/261 207/275/275
f 190/258/258 207/275/275 193/261/261
f 193/261/261 204/272/272 192/260/260
f 208/276/276 207/275/275 190/258/258
f 193/261/261 205/273/273 204/272/272
f 193/261/261 206/274/274 205/273/273
f 203/271/271 192/260/260 204/272/272
f 203/271/271 191/259/259 192/260/260
f 216/285/285 230/308/308 232/310/310 231/309/309
f 271/357/357 217/286/286 274/360/360 275/361/361
f 218/287/287 233/311/311 235/313/313 234/312/312
f 234/312/312 235/313/313 230/308/308 216/285/285
f 272/358/358 234/312/312 216/285/285 217/286/286
f 234/312/312 272/358/358 219/288/288 218/287/287
f 273/359/359 272/358/358 217/286/286 271/357/357
f 268/354/354 219/288/288 272/358/358 273/359/359
f 220/289/289 236/314/314 238/316/316 237/315/315
f 237/315/315 238/316/316 233/311/311 218/287/287
f 269/355/355 237/315/315 218/287/287 219/288/288
f 237/315/315 269/355/355 221/290/290 220/289/289
f 270/356/356 269/355/355 219/288/288 268/354/354
f 263/349/349 221/290/290 269/355/355 270/356/356
f 222/291/291 239/317/317 241/319/319 240/318/318
f 240/318/318 241/319/319 236/314/314 220/289/289
f 264/350/350 240/318/318 220/289/289 221/290/290
f 240/318/318 264/350/350 223/292/292 222/291/291
f 265/351/351 264/350/350 221/290/290 263/349/349
f 262/348/348 223/292/292 264/350/350 265/351/351
f 224/293/293 242/320/320 244/322/322 243/321/321
f 243/321/321 244/322/322 239/317/317 222/291/291
f 266/352/352 243/321/321 222/291/291 223/292/292
f 243/321/321 266/352/352 225/294/294 224/293/293
f 267/353/353 266/352/352 223/292/292 262/348/348
f 259/345/345 225/294/294 266/352/352 267/353/353
f 226/295/295 245/323/323 247/325/325 246/324/324
f 246/324/324 247/325/325 242/320/320 224/293/293
f 260/346/346 246/324/324 224/293/293 225/294/294
f 246/324/324 260/346/346 227/296/296 226/295/295
f 261/347/347 260/346/346 225/294/294 259/345/345
f 256/342/342 227/296/296 260/346/346 261/347/347
f 228/297/297 248/326/326 250/328/328 249/327/327
f 249/327/327 250/328/328 245/323/323 226/295/295
f 257/343/343 249/327/327 226/295/295 227/296/296
f 249/327/327 257/343/343 229/298/298 228/297/297
f 258/344/344 257/343/343 227/296/296 256/342/342
f 253/339/339 229/298/298 257/343/343 258/344/344
f 251/329/329 252/330/330 248/326/326 228/297/297
f 255/341/341 254/340/340 229/298/298 253/339/339
f 162/284/284 232/310/310 230/308/308 163/300/300
f 281/367/367 232/310/310 162/284/284
f 280/366/366 231/309/309 281/367/367
f 231/309/309 232/310/310 281/367/367
f 163/300/300 230/308/308 235/313/313
f 235/313/313 164/301/301 163/300/300
f 235/313/313 233/311/311 164/301/301
f 164/301/301 233/311/311 238/316/316
f 165/302/302 164/301/301 238/316/316
f 166/303/303 165/302/302 241/319/319
f 165/302/302 238/316/316 236/314/314
f 166/303/303 241/319/319 239/317/317
f 241/319/319 165/302/302 236/314/314
f 239/317/317 244/322/322 166/303/303
f 279/365/365 274/360/360 280/366/366
f 274/360/360 231/309/309 280/366/366
f 216/285/285 231/309/309 274/360/360 217/286/286
f 275/361/361 279/365/365 194/338/338
f 195/337/337 275/361/361 194/338/338
f 274/360/360 279/365/365 275/361/361
f 271/357/357 275/361/361 195/337/337
f 196/336/336 268/354/354 273/359/359
f 197/335/335 263/349/349 270/356/356
f 196/336/336 270/356/356 268/354/354
f 196/336/336 273/359/359 195/337/337
f 198/334/334 265/351/351 197/335/335
f 270/356/356 196/336/336 197/335/335
f 263/349/349 197/335/335 265/351/351
f 271/357/357 195/337/337 273/359/359
f 167/304/304 244/322/322 242/320/320
f 166/303/303 244/322/322 167/304/304
f 168/305/305 167/304/304 247/325/325
f 167/304/304 242/320/320 247/325/325
f 168/305/305 245/323/323 250/328/328
f 245/323/323 168/305/305 247/325/325
f 250/328/328 169/306/306 168/305/305
f 252/330/330 169/306/306 248/326/326
f 276/362/362 170/307/307 252/330/330
f 169/306/306 252/330/330 170/307/307
f 251/329/329 228/297/297 229/298/298 254/340/340
f 251/329/329 277/363/363 276/362/362
f 251/329/329 276/362/362 252/330/330
f 169/306/306 250/328/328 248/326/326
f 251/329/329 254/340/340 277/363/363
f 198/334/334 267/353/353 262/348/348
f 199/333/333 261/347/347 259/345/345
f 199/333/333 259/345/345 267/353/353
f 199/333/333 267/353/353 198/334/334
f 258/344/344 256/342/342 200/332/332
f 261/347/347 199/333/333 200/332/332
f 261/347/347 200/332/332 256/342/342
f 265/351/351 198/334/334 262/348/348
f 277/363/363 254/340/340 278/364/364
f 278/364/364 254/340/340 255/341/341
f 255/341/341 253/339/339 201/331/331
f 258/344/344 201/331/331 253/339/339
f 201/331/331 202/299/299 255/341/341
f 278/364/364 255/341/341 202/299/299
f 200/332/332 201/331/331 258/344/344
f 276/379/379 171/370/370 170/368/368
f 277/378/378 171/370/370 276/379/379
f 203/375/375 277/378/378 278/377/377
f 278/377/377 202/376/376 203/375/375
f 203/375/375 171/370/370 277/378/378
f 171/370/370 203/375/375 204/374/374 172/371/371
f 172/371/371 204/374/374 205/373/373 173/372/372
f 173/372/372 282/381/381 174/380/380
f 282/381/381 173/372/372 283/382/382
f 205/373/373 206/369/369 283/382/382
f 205/373/373 283/382/382 173/372/372
f 282/388/388 284/389/389 175/384/384 174/386/386
f 206/383/383 207/385/385 285/390/390 283/387/387
f 283/387/387 285/390/390 284/389/389 282/388/388
f 284/398/398 285/397/397 287/400/400
f 207/391/391 208/396/396 285/397/397
f 285/397/397 208/396/396 287/400/400
f 176/394/394 175/393/393 284/398/398
f 286/399/399 177/392/392 176/394/394
f 287/400/400 208/396/396 209/395/395
f 286/399/399 284/398/398 287/400/400
f 286/399/399 176/394/394 284/398/398
f 178/403/403 183/401/401 297/414/414
f 289/405/405 296/413/413 295/412/412
f 291/407/407 294/411/411 293/410/410
f 292/408/408 293/410/410 214/409/409
f 290/406/406 295/412/412 294/411/411
f 288/404/404 297/414/414 296/413/413
f 297/414/414 288/404/404 178/403/403
f 296/413/413 289/405/405 288/404/404
f 294/411/411 291/407/407 290/406/406
f 214/409/409 210/402/402 292/408/408
f 293/410/410 292/408/408 291/407/407
f 295/412/412 290/406/406 289/405/405
f 299/421/421 300/422/422 302/424/424 301/423/423
f 303/425/425 304/426/426 307/429/429 305/427/427
f 305/427/427 307/429/429 306/428/428 298/420/420
f 308/430/430 309/431/431 304/426/426 303/425/425
f 302/424/424 178/415/415 288/443/443
f 302/424/424 288/443/443 289/442/442
f 179/417/417 300/422/422 306/428/428 180/418/418
f 302/424/424 289/442/442 290/441/441 301/423/423
f 179/417/417 302/424/424 300/422/422
f 299/421/421 298/420/420 306/428/428 300/422/422
f 178/415/415 302/424/424 179/417/417
f 301/423/423 290/441/441 291/440/440
f 301/423/423 291/440/440 292/439/439
f 211/433/433 299/421/421 301/423/423
f 211/433/433 292/439/439 210/438/438
f 298/420/420 299/421/421 211/433/433
f 301/423/423 292/439/439 211/433/433
f 306/428/428 307/429/429 180/418/418
f 181/419/419 180/418/418 307/429/429
f 304/426/426 181/419/419 307/429/429
f 304/426/426 309/431/431 181/419/419
f 162/434/434 181/419/419 309/431/431
f 162/434/434 309/431/431 281/435/435
f 308/430/430 280/436/436 281/435/435 309/431/431
f 212/432/432 305/427/427 298/420/420
f 308/430/430 303/425/425 212/432/432
f 305/427/427 212/432/432 303/425/425
f 211/433/433 212/432/432 298/420/420
f 279/437/437 280/436/436 308/430/430
f 279/437/437 212/432/432 194/416/416
f 308/430/430 212/432/432 279/437/437
f 310/444/444 314/448/448 437/571/571 311/445/445
f 315/449/449 316/450/450 435/569/569 436/570/570
f 314/448/448 315/449/449 436/570/570 437/571/571
f 317/451/451 318/452/452 433/567/567 434/568/568
f 319/453/453 320/454/454 431/565/565 432/566/566
f 318/452/452 319/453/453 432/566/566 433/567/567
f 316/450/450 317/451/451 434/568/568 435/569/569
f 321/455/455 322/456/456 429/563/563 430/564/564
f 323/457/457 324/458/458 427/561/561 428/562/562
f 322/456/456 323/457/457 428/562/562 429/563/563
f 325/459/459 326/460/460 425/559/559 426/560/560
f 327/461/461 328/462/462 423/557/557 424/558/558
f 326/460/460 327/461/461 424/558/558 425/559/559
f 324/458/458 325/459/459 426/560/560 427/561/561
f 320/454/454 321/455/455 430/564/564 431/565/565
f 329/463/463 330/464/464 421/555/555 422/556/556
f 331/465/465 332/466/466 419/553/553 420/554/554
f 330/464/464 331/465/465 420/554/554 421/555/555
f 333/467/467 334/468/468 417/551/551 418/552/552
f 335/469/469 336/470/470 415/549/549 416/550/550
f 334/468/468 335/469/469 416/550/550 417/551/551
f 332/466/466 333/467/467 418/552/552 419/553/553
f 337/471/471 338/472/472 413/547/547 414/548/548
f 339/473/473 340/474/474 411/545/545 412/546/546
f 338/472/472 339/473/473 412/546/546 413/547/547
f 341/475/475 342/476/476 409/543/543 410/544/544
f 343/477/477 344/478/478 407/541/541 408/542/542
f 342/476/476 343/477/477 408/542/542 409/543/543
f 340/474/474 341/475/475 410/544/544 411/545/545
f 336/470/470 337/471/471 414/548/548 415/549/549
f 328/462/462 329/463/463 422/556/556 423/557/557
f 406/540/540 407/541/541 344/478/478 345/479/479
f 345/479/479 346/480/480 405/539/539 406/540/540
f 347/481/481 348/482/482 403/537/537 404/538/538
f 346/480/480 347/481/481 404/538/538 405/539/539
f 349/483/483 350/484/484 401/535/535 402/536/536
f 351/485/485 352/486/486 399/533/533 400/534/534
f 350/484/484 351/485/485 400/534/534 401/535/535
f 348/482/482 349/483/483 402/536/536 403/537/537
f 353/487/487 354/488/488 397/531/531 398/532/532
f 355/489/489 356/490/490 395/529/529 396/530/530
f 354/488/488 355/489/489 396/530/530 397/531/531
f 357/491/491 358/492/492 393/527/527 394/528/528
f 359/493/493 360/494/494 391/525/525 392/526/526
f 358/492/492 359/493/493 392/526/526 393/527/527
f 356/490/490 357/491/491 394/528/528 395/529/529
f 352/486/486 353/487/487 398/532/532 399/533/533
f 361/495/495 362/496/496 389/523/523 390/524/524
f 363/497/497 364/498/498 387/521/521 388/522/522
f 362/496/496 363/497/497 388/522/522 389/523/523
f 365/499/499 366/500/500 385/519/519 386/520/520
f 367/501/501 368/502/502 383/517/517 384/518/518
f 366/500/500 367/501/501 384/518/518 385/519/519
f 364/498/498 365/499/499 386/520/520 387/521/521
f 369/503/503 370/504/504 381/515/515 382/516/516
f 371/505/505 372/506/506 379/513/513 380/514/514
f 370/504/504 371/505/505 380/514/514 381/515/515
f 373/507/507 374/508/508 377/511/511 378/512/512
f 375/509/509 312/446/446 313/447/447 376/510/510
f 374/508/508 375/509/509 376/510/510 377/511/511
f 372/506/506 373/507/507 378/512/512 379/513/513
f 368/502/502 369/503/503 382/516/516 383/517/517
f 360/494/494 361/495/495 390/524/524 391/525/525
f 31/837/837 442/576/576 438/572/572
f 62/842/842 444/578/578 443/577/577
f 690/849/849 445/579/579 444/578/578
f 144/846/846 443/577/577 442/576/576
f 691/850/850 447/581/581 446/580/580
f 691/850/850 448/582/582 447/581/581
f 449/583/583 693/852/852 692/851/851 450/584/584
f 692/851/851 451/585/585 450/584/584
f 448/582/582 691/850/850 693/852/852 449/583/583
f 690/849/849 446/580/580 445/579/579
f 452/586/586 695/854/854 694/853/853 453/587/587
f 696/855/855 455/589/589 454/588/588
f 697/856/856 456/590/590 455/589/589
f 453/587/587 694/853/853 696/855/855 454/588/588
f 457/591/591 699/858/858 698/857/857 458/592/592
f 698/857/857 459/593/593 458/592/592
f 460/594/594 701/860/860 700/859/859 461/595/595
f 700/859/859 462/596/596 461/595/595
f 701/860/860 460/594/594 459/593/593
f 456/590/590 697/856/856 699/858/858 457/591/591
f 695/854/854 452/586/586 451/585/585
f 145/847/847 442/576/576 146/848/848
f 144/846/846 143/845/845 443/577/577
f 442/576/576 145/847/847 144/846/846
f 146/848/848 442/576/576 31/837/837
f 443/577/577 142/844/844 62/842/842
f 62/842/842 61/841/841 444/578/578
f 61/841/841 690/849/849 444/578/578
f 690/849/849 685/819/819 684/818/818 691/850/850
f 446/580/580 690/849/849 691/850/850
f 690/849/849 61/841/841 687/821/821
f 142/844/844 443/577/577 143/845/845
f 438/572/572 30/838/838 31/837/837
f 693/852/852 682/816/816 681/815/815 692/851/851
f 692/851/851 680/814/814 679/813/813 695/854/854
f 696/855/855 697/856/856 455/589/589
f 694/853/853 678/812/812 677/811/811 696/855/855
f 695/854/854 451/585/585 692/851/851
f 695/854/854 679/813/813 678/812/812 694/853/853
f 697/856/856 675/809/809 674/808/808 699/858/858
f 699/858/858 674/808/808 673/807/807 698/857/857
f 701/860/860 671/805/805 670/804/804 700/859/859
f 702/861/861 462/596/596 700/859/859
f 700/859/859 670/804/804 669/803/803 702/861/861
f 698/857/857 701/860/860 459/593/593
f 698/857/857 672/806/806 671/805/805 701/860/860
f 703/862/862 464/598/598 463/597/597 702/861/861
f 696/855/855 676/810/810 675/809/809 697/856/856
f 463/597/597 462/596/596 702/861/861
f 691/850/850 683/817/817 682/816/816 693/852/852
f 439/573/573 25/839/839 30/838/838 438/572/572
f 464/598/598 703/862/862 704/863/863 465/599/599
f 705/864/864 467/601/601 466/600/600
f 467/601/601 705/864/864 706/865/865 468/602/602
f 704/863/863 466/600/600 465/599/599
f 707/866/866 470/604/604 469/603/603
f 708/867/867 470/604/604 707/866/866
f 471/605/605 708/867/867 709/868/868 472/606/606
f 472/606/606 709/868/868 710/869/869 473/607/607
f 471/605/605 470/604/604 708/867/867
f 468/602/602 706/865/865 707/866/866 469/603/603
f 475/609/609 474/608/608 711/870/870
f 475/609/609 711/870/870 712/871/871 476/610/610
f 478/612/612 477/611/611 713/872/872
f 479/613/613 478/612/612 714/873/873
f 476/610/610 712/871/871 713/872/872 477/611/611
f 480/614/614 716/875/875 715/874/874 481/615/615
f 482/616/616 481/615/615 715/874/874
f 483/617/617 718/877/877 717/876/876 484/618/618
f 484/618/618 717/876/876 719/878/878 485/619/619
f 483/617/617 482/616/616 718/877/877
f 479/613/613 714/873/873 716/875/875 480/614/614
f 474/608/608 473/607/607 710/869/869
f 487/621/621 486/620/620 720/879/879
f 488/622/622 722/881/881 721/880/880 489/623/623
f 490/624/624 489/623/623 721/880/880
f 487/621/621 720/879/879 722/881/881 488/622/622
f 703/862/862 667/801/801 666/800/800 704/863/863
f 704/863/863 705/864/864 466/600/600
f 704/863/863 666/800/800 665/799/799 705/864/864
f 491/625/625 724/883/883 723/882/882 492/626/626
f 706/865/865 663/797/797 662/796/796 707/866/866
f 491/625/625 490/624/624 724/883/883
f 705/864/864 664/798/798 663/797/797 706/865/865
f 485/619/619 719/878/878 486/620/620
f 492/626/626 723/882/882 725/884/884 493/627/627
f 494/628/628 493/627/627 725/884/884
f 495/629/629 727/886/886 726/885/885 496/630/630
f 496/630/630 726/885/885 728/887/887 497/631/631
f 495/629/629 494/628/628 727/886/886
f 499/633/633 498/632/632 729/888/888
f 499/633/633 729/888/888 730/889/889 500/634/634
f 502/636/636 501/635/635 731/890/890
f 503/637/637 502/636/636 732/891/891
f 500/634/634 730/889/889 731/890/890 501/635/635
f 498/632/632 497/631/631 728/887/887
f 503/637/637 732/891/891 733/892/892 504/638/638
f 702/861/861 668/802/802 667/801/801 703/862/862
f 689/823/823 25/839/839 439/573/573
f 136/843/843 689/823/823 688/822/822
f 25/839/839 689/823/823 136/843/843
f 57/840/840 136/843/843 688/822/822
f 57/840/840 688/822/822 687/821/821
f 61/841/841 57/840/840 687/821/821
f 685/819/819 690/849/849 686/820/820
f 687/821/821 686/820/820 690/849/849
f 691/850/850 684/818/818 683/817/817
f 677/811/811 676/810/810 696/855/855
f 709/868/868 659/793/793 658/792/792 710/869/869
f 474/608/608 710/869/869 711/870/870
f 710/869/869 658/792/792 657/791/791 711/870/870
f 708/867/867 660/794/794 659/793/793 709/868/868
f 692/851/851 681/815/815 680/814/814
f 711/870/870 656/790/790 655/789/789 712/871/871
f 707/866/866 662/796/796 661/795/795 708/867/867
f 672/806/806 698/857/857 673/807/807
f 669/803/803 668/802/802 702/861/861
f 664/798/798 705/864/864 665/799/799
f 708/867/867 661/795/795 660/794/794
f 654/788/788 713/872/872 712/871/871 655/789/789
f 656/790/790 711/870/870 657/791/791
f 713/872/872 654/788/788 653/787/787 714/873/873
f 478/612/612 713/872/872 714/873/873
f 650/784/784 715/874/874 716/875/875 651/785/785
f 482/616/616 715/874/874 718/877/877
f 714/873/873 652/786/786 651/785/785 716/875/875
f 652/786/786 714/873/873 653/787/787
f 718/877/877 648/782/782 647/781/781 717/876/876
f 486/620/620 719/878/878 720/879/879
f 717/876/876 647/781/781 646/780/780 719/878/878
f 715/874/874 650/784/784 649/783/783 718/877/877
f 719/878/878 645/779/779 644/778/778 720/879/879
f 720/879/879 644/778/778 643/777/777 722/881/881
f 490/624/624 721/880/880 724/883/883
f 722/881/881 643/777/777 642/776/776 721/880/880
f 724/883/883 640/774/774 639/773/773 723/882/882
f 494/628/628 725/884/884 727/886/886
f 723/882/882 639/773/773 638/772/772 725/884/884
f 721/880/880 641/775/775 640/774/774 724/883/883
f 727/886/886 636/770/770 635/769/769 726/885/885
f 498/632/632 728/887/887 729/888/888
f 726/885/885 635/769/769 634/768/768 728/887/887
f 729/888/888 632/766/766 631/765/765 730/889/889
f 502/636/636 731/890/890 732/891/891
f 730/889/889 631/765/765 630/764/764 731/890/890
f 728/887/887 633/767/767 632/766/766 729/888/888
f 725/884/884 637/771/771 636/770/770 727/886/886
f 731/890/890 629/763/763 628/762/762 732/891/891
f 648/782/782 718/877/877 649/783/783
f 721/880/880 642/776/776 641/775/775
f 645/779/779 719/878/878 646/780/780
f 725/884/884 638/772/772 637/771/771
f 731/890/890 630/764/764 629/763/763
f 633/767/767 728/887/887 634/768/768
f 732/891/891 628/762/762 627/761/761 733/892/892
f 734/893/893 506/640/640 505/639/639
f 507/641/641 736/895/895 735/894/894 508/642/642
f 735/894/894 509/643/643 508/642/642
f 506/640/640 734/893/893 736/895/895 507/641/641
f 510/644/644 738/897/897 737/896/896 511/645/645
f 511/645/645 737/896/896 739/898/898 512/646/646
f 740/899/899 514/648/648 513/647/647
f 514/648/648 740/899/899 741/900/900 515/649/649
f 739/898/898 513/647/647 512/646/646
f 738/897/897 510/644/644 509/643/643
f 742/901/901 517/651/651 516/650/650
f 518/652/652 744/903/903 743/902/902 519/653/653
f 519/653/653 743/902/902 745/904/904 520/654/654
f 744/903/903 518/652/652 517/651/651
f 746/905/905 522/656/656 521/655/655
f 522/656/656 746/905/905 747/906/906 523/657/657
f 748/907/907 525/659/659 524/658/658
f 749/908/908 526/660/660 525/659/659
f 523/657/657 747/906/906 748/907/907 524/658/658
f 745/904/904 521/655/655 520/654/654
f 515/649/649 741/900/900 742/901/901 516/650/650
f 733/892/892 627/761/761 626/760/760 734/893/893
f 734/893/893 505/639/639 504/638/638 733/892/892
f 736/895/895 624/758/758 623/757/757 735/894/894
f 738/897/897 509/643/643 735/894/894
f 735/894/894 623/757/757 622/756/756 738/897/897
f 734/893/893 625/759/759 624/758/758 736/895/895
f 737/896/896 620/754/754 619/753/753 739/898/898
f 740/899/899 513/647/647 739/898/898
f 739/898/898 619/753/753 618/752/752 740/899/899
f 741/900/900 616/750/750 615/749/749 742/901/901
f 744/903/903 517/651/651 742/901/901
f 742/901/901 615/749/749 614/748/748 744/903/903
f 740/899/899 617/751/751 616/750/750 741/900/900
f 738/897/897 621/755/755 620/754/754 737/896/896
f 743/902/902 612/746/746 611/745/745 745/904/904
f 746/905/905 521/655/655 745/904/904
f 745/904/904 611/745/745 610/744/744 746/905/905
f 527/661/661 751/910/910 750/909/909 528/662/662
f 529/663/663 528/662/662 750/909/909
f 747/906/906 608/742/742 607/741/741 748/907/907
f 749/908/908 525/659/659 748/907/907
f 748/907/907 606/740/740 605/739/739 749/908/908
f 751/910/910 604/738/738 603/737/737 750/909/909
f 752/911/911 530/664/664 529/663/663 750/909/909
f 750/909/909 602/736/736 601/735/735 752/911/911
f 751/910/910 527/661/661 526/660/660 749/908/908
f 749/908/908 605/739/739 604/738/738 751/910/910
f 746/905/905 609/743/743 608/742/742 747/906/906
f 744/903/903 613/747/747 612/746/746 743/902/902
f 530/664/664 752/911/911 753/912/912 531/665/665
f 754/913/913 533/667/667 532/666/666
f 755/914/914 534/668/668 533/667/667
f 531/665/665 753/912/912 754/913/913 532/666/666
f 535/669/669 757/916/916 756/915/915 536/670/670
f 756/915/915 537/671/671 536/670/670
f 538/672/672 759/918/918 758/917/917 539/673/673
f 539/673/673 758/917/917 760/919/919 540/674/674
f 759/918/918 538/672/672 537/671/671
f 534/668/668 755/914/914 757/916/916 535/669/669
f 761/920/920 542/676/676 541/675/675
f 542/676/676 761/920/920 762/921/921 543/677/677
f 763/922/922 545/679/679 544/678/678
f 764/923/923 546/680/680 545/679/679
f 543/677/677 762/921/921 763/922/922 544/678/678
f 548/682/682 547/681/681 765/924/924
f 549/683/683 548/682/682 766/925/925
f 550/684/684 768/927/927 767/926/926 551/685/685
f 552/686/686 551/685/685 767/926/926
f 549/683/683 766/925/925 768/927/927 550/684/684
f 546/680/680 764/923/923 765/924/924 547/681/681
f 760/919/919 541/675/675 540/674/674
f 553/687/687 770/929/929 769/928/928 554/688/688
f 556/690/690 555/689/689 771/930/930
f 557/691/691 556/690/690 772/931/931
f 554/688/688 769/928/928 771/930/930 555/689/689
f 558/692/692 774/933/933 773/932/932 559/693/693
f 560/694/694 559/693/693 773/932/932
f 561/695/695 776/935/935 775/934/934 562/696/696
f 563/697/697 562/696/696 775/934/934
f 561/695/695 560/694/694 776/935/935
f 557/691/691 772/931/931 774/933/933 558/692/692
f 293/836/836 564/698/698 214/827/827
f 563/697/697 214/827/827 564/698/698
f 294/835/835 564/698/698 293/836/836
f 564/698/698 295/834/834 565/699/699
f 294/835/835 295/834/834 564/698/698
f 440/574/574 565/699/699 183/826/826
f 565/699/699 295/834/834 296/833/833
f 565/699/699 296/833/833 297/832/832
f 440/574/574 183/826/826 182/825/825
f 297/832/832 183/826/826 565/699/699
f 563/697/697 775/934/934 213/828/828
f 440/574/574 182/825/825 177/824/824 441/575/575
f 563/697/697 213/828/828 214/827/827
f 770/929/929 553/687/687 552/686/686
f 626/760/760 625/759/759 734/893/893
f 621/755/755 738/897/897 622/756/756
f 617/751/751 740/899/899 618/752/752
f 614/748/748 613/747/747 744/903/903
f 754/913/913 598/732/732 597/731/731 755/914/914
f 755/914/914 597/731/731 596/730/730 757/916/916
f 755/914/914 533/667/667 754/913/913
f 753/912/912 600/734/734 599/733/733 754/913/913
f 756/915/915 594/728/728 593/727/727 759/918/918
f 759/918/918 593/727/727 592/726/726 758/917/917
f 757/916/916 596/730/730 595/729/729 756/915/915
f 758/917/917 592/726/726 591/725/725 760/919/919
f 759/918/918 537/671/671 756/915/915
f 752/911/911 601/735/735 600/734/734 753/912/912
f 609/743/743 746/905/905 610/744/744
f 606/740/740 748/907/907 607/741/741
f 754/913/913 599/733/733 598/732/732
f 756/915/915 595/729/729 594/728/728
f 603/737/737 602/736/736 750/909/909
f 591/725/725 590/724/724 760/919/919
f 761/920/920 589/723/723 588/722/722 762/921/921
f 762/921/921 588/722/722 587/721/721 763/922/922
f 545/679/679 763/922/922 764/923/923
f 763/922/922 586/720/720 585/719/719 764/923/923
f 589/723/723 761/920/920 590/724/724
f 765/924/924 584/718/718 583/717/717 766/925/925
f 766/925/925 582/716/716 581/715/715 768/927/927
f 764/923/923 585/719/719 584/718/718 765/924/924
f 768/927/927 581/715/715 580/714/714 767/926/926
f 766/925/925 548/682/682 765/924/924
f 760/919/919 590/724/724 761/920/920
f 770/929/929 578/712/712 577/711/711 769/928/928
f 769/928/928 577/711/711 576/710/710 771/930/930
f 772/931/931 574/708/708 573/707/707 774/933/933
f 774/933/933 573/707/707 572/706/706 773/932/932
f 772/931/931 556/690/690 771/930/930
f 771/930/930 576/710/710 575/709/709 772/931/931
f 776/935/935 570/704/704 569/703/703 775/934/934
f 568/702/702 209/829/829 213/828/828
f 773/932/932 572/706/706 571/705/705 776/935/935
f 286/831/831 287/830/830 567/701/701
f 287/830/830 209/829/829 567/701/701
f 568/702/702 213/828/828 775/934/934
f 776/935/935 560/694/694 773/932/932
f 767/926/926 580/714/714 579/713/713 770/929/929
f 770/929/929 552/686/686 767/926/926
f 177/824/824 286/831/831 566/700/700
f 763/922/922 587/721/721 586/720/720
f 770/929/929 579/713/713 578/712/712
f 582/716/716 766/925/925 583/717/717
f 772/931/931 575/709/709 574/708/708
f 775/934/934 569/703/703 568/702/702
f 286/831/831 567/701/701 566/700/700
f 177/824/824 566/700/700 441/575/575
f 567/701/701 209/829/829 568/702/702
f 570/704/704 776/935/935 571/705/705
f 761/920/920 541/675/675 760/919/919
f 1091/1254/1254 777/940/940 310/939/939
f 1091/1254/1254 778/941/941 777/940/940
f 1092/1255/1255 780/943/943 779/942/942
f 780/943/943 1092/1255/1255 1093/1256/1256 781/944/944
f 1092/1255/1255 779/942/942 778/941/941
f 1094/1257/1257 783/946/946 782/945/945
f 1095/1258/1258 784/947/947 783/946/946
f 785/948/948 1097/1260/1260 1096/1259/1259 786/949/949
f 1098/1261/1261 788/951/951 787/950/950
f 1096/1259/1259 787/950/950 786/949/949
f 784/947/947 1095/1258/1258 1097/1260/1260 785/948/948
f 781/944/944 1093/1256/1256 1094/1257/1257 782/945/945
f 789/952/952 1100/1263/1263 1099/1262/1262 790/953/953
f 1099/1262/1262 791/954/954 790/953/953
f 792/955/955 1102/1265/1265 1101/1264/1264 793/956/956
f 1103/1266/1266 795/958/958 794/957/957
f 1101/1264/1264 794/957/957 793/956/956
f 1102/1265/1265 792/955/955 791/954/954
f 796/959/959 1105/1268/1268 1104/1267/1267 797/960/960
f 1104/1267/1267 798/961/961 797/960/960
f 799/962/962 1107/1270/1270 1106/1269/1269 800/963/963
f 1108/1271/1271 802/965/965 801/964/964
f 800/963/963 1106/1269/1269 1108/1271/1271 801/964/964
f 1107/1270/1270 799/962/962 798/961/961
f 795/958/958 1103/1266/1266 1105/1268/1268 796/959/959
f 788/951/951 1098/1261/1261 1100/1263/1263 789/952/952
f 1091/1254/1254 1089/1252/1252 1088/1251/1251 1092/1255/1255
f 1092/1255/1255 778/941/941 1091/1254/1254
f 1092/1255/1255 1087/1250/1250 1086/1249/1249 1093/1256/1256
f 1094/1257/1257 1084/1247/1247 1083/1246/1246 1095/1258/1258
f 1095/1258/1258 783/946/946 1094/1257/1257
f 1095/1258/1258 1083/1246/1246 1082/1245/1245 1097/1260/1260
f 1093/1256/1256 1086/1249/1249 1085/1248/1248 1094/1257/1257
f 1096/1259/1259 1080/1243/1243 1079/1242/1242 1098/1261/1261
f 1098/1261/1261 787/950/950 1096/1259/1259
f 1098/1261/1261 1079/1242/1242 1078/1241/1241 1100/1263/1263
f 1099/1262/1262 1076/1239/1239 1075/1238/1238 1102/1265/1265
f 1102/1265/1265 791/954/954 1099/1262/1262
f 1101/1264/1264 1074/1237/1237 1073/1236/1236 1103/1266/1266
f 1103/1266/1266 794/957/957 1101/1264/1264
f 1102/1265/1265 1075/1238/1238 1074/1237/1237 1101/1264/1264
f 1100/1263/1263 1078/1241/1241 1077/1240/1240 1099/1262/1262
f 1097/1260/1260 1082/1245/1245 1081/1244/1244 1096/1259/1259
f 1107/1270/1270 798/961/961 1104/1267/1267
f 1105/1268/1268 1071/1234/1234 1070/1233/1233 1104/1267/1267
f 803/966/966 1110/1273/1273 1109/1272/1272 804/967/967
f 806/969/969 805/968/968 1111/1274/1274
f 804/967/967 1109/1272/1272 1111/1274/1274 805/968/968
f 807/970/970 806/969/969 1112/1275/1275
f 1107/1270/1270 1068/1231/1231 1067/1230/1230 1106/1269/1269
f 1106/1269/1269 1067/1230/1230 1066/1229/1229 1108/1271/1271
f 1110/1273/1273 1064/1227/1227 1063/1226/1226 1109/1272/1272
f 1111/1274/1274 1062/1225/1225 1061/1224/1224 1112/1275/1275
f 806/969/969 1111/1274/1274 1112/1275/1275
f 1109/1272/1272 1063/1226/1226 1062/1225/1225 1111/1274/1274
f 1108/1271/1271 1110/1273/1273 802/965/965
f 1108/1271/1271 1066/1229/1229 1065/1228/1228 1110/1273/1273
f 1113/1276/1276 808/971/971 807/970/970 1112/1275/1275
f 1104/1267/1267 1070/1233/1233 1069/1232/1232 1107/1270/1270
f 803/966/966 802/965/965 1110/1273/1273
f 1103/1266/1266 1072/1235/1235 1071/1234/1234 1105/1268/1268
f 311/938/938 1091/1254/1254 310/939/939
f 808/971/971 1113/1276/1276 1114/1277/1277 809/972/972
f 1114/1277/1277 810/973/973 809/972/972
f 811/974/974 1116/1279/1279 1115/1278/1278 812/975/975
f 812/975/975 1115/1278/1278 1117/1280/1280 813/976/976
f 1116/1279/1279 811/974/974 810/973/973
f 1118/1281/1281 815/978/978 814/977/977
f 1119/1282/1282 816/979/979 815/978/978 1118/1281/1281
f 816/979/979 1119/1282/1282 1120/1283/1283 817/980/980
f 819/982/982 818/981/981 1121/1284/1284
f 818/981/981 817/980/980 1120/1283/1283
f 1117/1280/1280 814/977/977 813/976/976
f 820/983/983 1123/1286/1286 1122/1285/1285 821/984/984
f 822/985/985 821/984/984 1122/1285/1285
f 823/986/986 1125/1288/1288 1124/1287/1287 824/987/987
f 826/989/989 825/988/988 1126/1289/1289
f 824/987/987 1124/1287/1287 1126/1289/1289 825/988/988
f 823/986/986 822/985/985 1125/1288/1288
f 827/990/990 1128/1291/1291 1127/1290/1290 828/991/991
f 828/991/991 1127/1290/1290 1129/1292/1292 829/992/992
f 831/994/994 830/993/993 1130/1293/1293
f 832/995/995 1132/1295/1295 1131/1294/1294 833/996/996
f 831/994/994 1130/1293/1293 1132/1295/1295 832/995/995
f 830/993/993 829/992/992 1129/1292/1292
f 827/990/990 826/989/989 1128/1291/1291
f 819/982/982 1121/1284/1284 1123/1286/1286 820/983/983
f 835/998/998 834/997/997 1133/1296/1296
f 835/998/998 1133/1296/1296 1134/1297/1297 836/999/999
f 838/1001/1001 837/1000/1000 1135/1298/1298
f 839/1002/1002 838/1001/1001 1136/1299/1299
f 836/999/999 1134/1297/1297 1135/1298/1298 837/1000/1000
f 1113/1276/1276 1059/1222/1222 1058/1221/1221 1114/1277/1277
f 1114/1277/1277 1116/1279/1279 810/973/973
f 1114/1277/1277 1058/1221/1221 1057/1220/1220 1116/1279/1279
f 1117/1280/1280 1054/1217/1217 1053/1216/1216 1118/1281/1281
f 1117/1280/1280 1118/1281/1281 814/977/977
f 840/1003/1003 1138/1301/1301 1137/1300/1300 841/1004/1004
f 1115/1278/1278 1055/1218/1218 1054/1217/1217 1117/1280/1280
f 839/1002/1002 1136/1299/1299 1138/1301/1301 840/1003/1003
f 1116/1279/1279 1056/1219/1219 1055/1218/1218 1115/1278/1278
f 834/997/997 833/996/996 1131/1294/1294
f 842/1005/1005 841/1004/1004 1137/1300/1300
f 843/1006/1006 842/1005/1005 1139/1302/1302
f 844/1007/1007 1141/1304/1304 1140/1303/1303 845/1008/1008
f 847/1010/1010 846/1009/1009 1142/1305/1305
f 846/1009/1009 845/1008/1008 1140/1303/1303
f 843/1006/1006 1139/1302/1302 1141/1304/1304 844/1007/1007
f 848/1011/1011 1144/1307/1307 1143/1306/1306 849/1012/1012
f 850/1013/1013 849/1012/1012 1143/1306/1306
f 851/1014/1014 1146/1309/1309 1145/1308/1308 852/1015/1015
f 854/1017/1017 853/1016/1016 1147/1310/1310
f 853/1016/1016 852/1015/1015 1145/1308/1308
f 851/1014/1014 850/1013/1013 1146/1309/1309
f 847/1010/1010 1142/1305/1305 1144/1307/1307 848/1011/1011
f 854/1017/1017 1147/1310/1310 1148/1311/1311 855/1018/1018
f 1112/1275/1275 1060/1223/1223 1059/1222/1222 1113/1276/1276
f 1090/1253/1253 1091/1254/1254 311/938/938
f 1089/1252/1252 1091/1254/1254 1090/1253/1253
f 1087/1250/1250 1092/1255/1255 1088/1251/1251
f 1084/1247/1247 1094/1257/1257 1085/1248/1248
f 1081/1244/1244 1080/1243/1243 1096/1259/1259
f 1119/1282/1282 1051/1214/1214 1050/1213/1213 1120/1283/1283
f 1121/1284/1284 1048/1211/1211 1047/1210/1210 1123/1286/1286
f 822/985/985 1122/1285/1285 1125/1288/1288
f 1120/1283/1283 1050/1213/1213 1049/1212/1212 1121/1284/1284
f 1121/1284/1284 818/981/981 1120/1283/1283
f 1123/1286/1286 1047/1210/1210 1046/1209/1209 1122/1285/1285
f 1076/1239/1239 1099/1262/1262 1077/1240/1240
f 1073/1236/1236 1072/1235/1235 1103/1266/1266
f 1122/1285/1285 1045/1208/1208 1044/1207/1207 1125/1288/1288
f 1118/1281/1281 1052/1215/1215 1051/1214/1214 1119/1282/1282
f 1068/1231/1231 1107/1270/1270 1069/1232/1232
f 1060/1223/1223 1112/1275/1275 1061/1224/1224
f 1065/1228/1228 1064/1227/1227 1110/1273/1273
f 1056/1219/1219 1116/1279/1279 1057/1220/1220
f 1053/1216/1216 1052/1215/1215 1118/1281/1281
f 1121/1284/1284 1049/1212/1212 1048/1211/1211
f 1045/1208/1208 1122/1285/1285 1046/1209/1209
f 1125/1288/1288 1044/1207/1207 1043/1206/1206 1124/1287/1287
f 1124/1287/1287 1043/1206/1206 1042/1205/1205 1126/1289/1289
f 826/989/989 1126/1289/1289 1128/1291/1291
f 1126/1289/1289 1041/1204/1204 1040/1203/1203 1128/1291/1291
f 1128/1291/1291 1040/1203/1203 1039/1202/1202 1127/1290/1290
f 830/993/993 1129/1292/1292 1130/1293/1293
f 1127/1290/1290 1039/1202/1202 1038/1201/1201 1129/1292/1292
f 1041/1204/1204 1126/1289/1289 1042/1205/1205
f 1130/1293/1293 1036/1199/1199 1035/1198/1198 1132/1295/1295
f 1131/1294/1294 1033/1196/1196 1032/1195/1195 1133/1296/1296
f 1133/1296/1296 834/997/997 1131/1294/1294
f 1132/1295/1295 1035/1198/1198 1034/1197/1197 1131/1294/1294
f 1129/1292/1292 1037/1200/1200 1036/1199/1199 1130/1293/1293
f 1133/1296/1296 1032/1195/1195 1031/1194/1194 1134/1297/1297
f 1134/1297/1297 1031/1194/1194 1030/1193/1193 1135/1298/1298
f 838/1001/1001 1135/1298/1298 1136/1299/1299
f 1135/1298/1298 1029/1192/1192 1028/1191/1191 1136/1299/1299
f 1138/1301/1301 1027/1190/1190 1026/1189/1189 1137/1300/1300
f 842/1005/1005 1137/1300/1300 1139/1302/1302
f 1139/1302/1302 1024/1187/1187 1023/1186/1186 1141/1304/1304
f 1137/1300/1300 1025/1188/1188 1024/1187/1187 1139/1302/1302
f 1136/1299/1299 1028/1191/1191 1027/1190/1190 1138/1301/1301
f 1140/1303/1303 1021/1184/1184 1020/1183/1183 1142/1305/1305
f 1142/1305/1305 1020/1183/1183 1019/1182/1182 1144/1307/1307
f 1143/1306/1306 1017/1180/1180 1016/1179/1179 1146/1309/1309
f 1145/1308/1308 1015/1178/1178 1014/1177/1177 1147/1310/1310
f 1147/1310/1310 853/1016/1016 1145/1308/1308
f 1146/1309/1309 1016/1179/1179 1015/1178/1178 1145/1308/1308
f 1146/1309/1309 850/1013/1013 1143/1306/1306
f 1144/1307/1307 1019/1182/1182 1018/1181/1181 1143/1306/1306
f 1142/1305/1305 846/1009/1009 1140/1303/1303
f 1141/1304/1304 1023/1186/1186 1022/1185/1185 1140/1303/1303
f 1147/1310/1310 1013/1176/1176 1012/1175/1175 1148/1311/1311
f 1037/1200/1200 1129/1292/1292 1038/1201/1201
f 1135/1298/1298 1030/1193/1193 1029/1192/1192
f 1033/1196/1196 1131/1294/1294 1034/1197/1197
f 1137/1300/1300 1026/1189/1189 1025/1188/1188
f 1021/1184/1184 1140/1303/1303 1022/1185/1185
f 1143/1306/1306 1018/1181/1181 1017/1180/1180
f 1147/1310/1310 1014/1177/1177 1013/1176/1176
f 855/1018/1018 1148/1311/1311 1149/1312/1312 856/1019/1019
f 1149/1312/1312 857/1020/1020 856/1019/1019
f 1150/1313/1313 858/1021/1021 857/1020/1020
f 859/1022/1022 1152/1315/1315 1151/1314/1314 860/1023/1023
f 1151/1314/1314 861/1024/1024 860/1023/1023
f 858/1021/1021 1150/1313/1313 1152/1315/1315 859/1022/1022
f 862/1025/1025 1154/1317/1317 1153/1316/1316 863/1026/1026
f 863/1026/1026 1153/1316/1316 1155/1318/1318 864/1027/1027
f 1156/1319/1319 866/1029/1029 865/1028/1028
f 867/1030/1030 1158/1321/1321 1157/1320/1320 868/1031/1031
f 866/1029/1029 1156/1319/1319 1158/1321/1321 867/1030/1030
f 1155/1318/1318 865/1028/1028 864/1027/1027
f 1154/1317/1317 862/1025/1025 861/1024/1024
f 1159/1322/1322 870/1033/1033 869/1032/1032
f 870/1033/1033 1159/1322/1322 1160/1323/1323 871/1034/1034
f 1161/1324/1324 873/1036/1036 872/1035/1035
f 874/1037/1037 1163/1326/1326 1162/1325/1325 875/1038/1038
f 1163/1326/1326 874/1037/1037 873/1036/1036
f 871/1034/1034 1160/1323/1323 1161/1324/1324 872/1035/1035
f 1164/1327/1327 877/1040/1040 876/1039/1039
f 1165/1328/1328 878/1041/1041 877/1040/1040
f 879/1042/1042 1167/1330/1330 1166/1329/1329 880/1043/1043
f 1168/1331/1331 882/1045/1045 881/1044/1044
f 1166/1329/1329 881/1044/1044 880/1043/1043
f 878/1041/1041 1165/1328/1328 1167/1330/1330 879/1042/1042
f 875/1038/1038 1162/1325/1325 1164/1327/1327 876/1039/1039
f 1157/1320/1320 869/1032/1032 868/1031/1031
f 1149/1312/1312 1011/1174/1174 1010/1173/1173 1150/1313/1313
f 1150/1313/1313 857/1020/1020 1149/1312/1312
f 1150/1313/1313 1009/1172/1172 1008/1171/1171 1152/1315/1315
f 1151/1314/1314 1007/1170/1170 1006/1169/1169 1154/1317/1317
f 1154/1317/1317 861/1024/1024 1151/1314/1314
f 1154/1317/1317 1005/1168/1168 1004/1167/1167 1153/1316/1316
f 1152/1315/1315 1008/1171/1171 1007/1170/1170 1151/1314/1314
f 1155/1318/1318 1003/1166/1166 1002/1165/1165 1156/1319/1319
f 1156/1319/1319 865/1028/1028 1155/1318/1318
f 1156/1319/1319 1001/1164/1164 1000/1163/1163 1158/1321/1321
f 1157/1320/1320 999/1162/1162 998/1161/1161 1159/1322/1322
f 1159/1322/1322 869/1032/1032 1157/1320/1320
f 1160/1323/1323 996/1159/1159 995/1158/1158 1161/1324/1324
f 1159/1322/1322 997/1160/1160 996/1159/1159 1160/1323/1323
f 1158/1321/1321 1000/1163/1163 999/1162/1162 1157/1320/1320
f 1153/1316/1316 1004/1167/1167 1003/1166/1166 1155/1318/1318
f 1163/1326/1326 993/1156/1156 992/1155/1155 1162/1325/1325
f 1162/1325/1325 992/1155/1155 991/1154/1154 1164/1327/1327
f 1164/1327/1327 1165/1328/1328 877/1040/1040
f 885/1048/1048 884/1047/1047 1169/1332/1332
f 883/1046/1046 1170/1333/1333 1169/1332/1332 884/1047/1047
f 1163/1326/1326 873/1036/1036 1161/1324/1324
f 886/1049/1049 885/1048/1048 1171/1334/1334
f 1165/1328/1328 989/1152/1152 988/1151/1151 1167/1330/1330
f 1167/1330/1330 988/1151/1151 987/1150/1150 1166/1329/1329
f 1168/1331/1331 985/1148/1148 984/1147/1147 1170/1333/1333
f 1170/1333/1333 883/1046/1046 882/1045/1045 1168/1331/1331
f 1169/1332/1332 982/1145/1145 981/1144/1144 1171/1334/1334
f 885/1048/1048 1169/1332/1332 1171/1334/1334
f 1170/1333/1333 984/1147/1147 983/1146/1146 1169/1332/1332
f 1166/1329/1329 1168/1331/1331 881/1044/1044
f 1166/1329/1329 986/1149/1149 985/1148/1148 1168/1331/1331
f 1172/1335/1335 887/1050/1050 886/1049/1049 1171/1334/1334
f 1164/1327/1327 991/1154/1154 990/1153/1153 1165/1328/1328
f 1161/1324/1324 995/1158/1158 994/1157/1157 1163/1326/1326
f 1148/1311/1311 1012/1175/1175 1011/1174/1174 1149/1312/1312
f 887/1050/1050 1172/1335/1335 1173/1336/1336 888/1051/1051
f 1173/1336/1336 889/1052/1052 888/1051/1051
f 890/1053/1053 1175/1338/1338 1174/1337/1337 891/1054/1054
f 891/1054/1054 1174/1337/1337 1176/1339/1339 892/1055/1055
f 1175/1338/1338 890/1053/1053 889/1052/1052
f 1177/1340/1340 894/1057/1057 893/1056/1056
f 1178/1341/1341 895/1058/1058 894/1057/1057 1177/1340/1340
f 895/1058/1058 1178/1341/1341 1179/1342/1342 896/1059/1059
f 898/1061/1061 897/1060/1060 1180/1343/1343
f 897/1060/1060 896/1059/1059 1179/1342/1342
f 1176/1339/1339 893/1056/1056 892/1055/1055
f 899/1062/1062 1182/1345/1345 1181/1344/1344 900/1063/1063
f 901/1064/1064 900/1063/1063 1181/1344/1344
f 902/1065/1065 1184/1347/1347 1183/1346/1346 903/1066/1066
f 905/1068/1068 904/1067/1067 1185/1348/1348
f 903/1066/1066 1183/1346/1346 1185/1348/1348 904/1067/1067
f 902/1065/1065 901/1064/1064 1184/1347/1347
f 906/1069/1069 1187/1350/1350 1186/1349/1349 907/1070/1070
f 908/1071/1071 907/1070/1070 1186/1349/1349
f 909/1072/1072 1189/1352/1352 1188/1351/1351 910/1073/1073
f 912/1075/1075 911/1074/1074 1190/1353/1353
f 910/1073/1073 1188/1351/1351 1190/1353/1353 911/1074/1074
f 909/1072/1072 908/1071/1071 1189/1352/1352
f 906/1069/1069 905/1068/1068 1187/1350/1350
f 898/1061/1061 1180/1343/1343 1182/1345/1345 899/1062/1062
f 913/1076/1076 1192/1355/1355 1191/1354/1354 914/1077/1077
f 914/1077/1077 1191/1354/1354 1193/1356/1356 915/1078/1078
f 917/1080/1080 916/1079/1079 1194/1357/1357
f 917/1080/1080 1194/1357/1357 1195/1358/1358 918/1081/1081
f 916/1079/1079 915/1078/1078 1193/1356/1356
f 1172/1335/1335 980/1143/1143 979/1142/1142 1173/1336/1336
f 1173/1336/1336 1175/1338/1338 889/1052/1052
f 1173/1336/1336 978/1141/1141 977/1140/1140 1175/1338/1338
f 1176/1339/1339 974/1137/1137 973/1136/1136 1177/1340/1340
f 1176/1339/1339 1177/1340/1340 893/1056/1056
f 920/1083/1083 919/1082/1082 1196/1359/1359
f 1174/1337/1337 976/1139/1139 975/1138/1138 1176/1339/1339
f 918/1081/1081 1195/1358/1358 1196/1359/1359 919/1082/1082
f 1175/1338/1338 977/1140/1140 976/1139/1139 1174/1337/1337
f 913/1076/1076 912/1075/1075 1192/1355/1355
f 921/1084/1084 920/1083/1083 1197/1360/1360
f 921/1084/1084 1197/1360/1360 1198/1361/1361 922/1085/1085
f 924/1087/1087 923/1086/1086 1199/1362/1362
f 925/1088/1088 1201/1364/1364 1200/1363/1363 926/1089/1089
f 925/1088/1088 924/1087/1087 1201/1364/1364
f 922/1085/1085 1198/1361/1361 1199/1362/1362 923/1086/1086
f 928/1091/1091 927/1090/1090 1202/1365/1365
f 929/1092/1092 928/1091/1091 1203/1366/1366
f 930/1093/1093 1205/1368/1368 1204/1367/1367 931/1094/1094
f 933/1096/1096 932/1095/1095 1206/1369/1369
f 932/1095/1095 931/1094/1094 1204/1367/1367
f 929/1092/1092 1203/1366/1366 1205/1368/1368 930/1093/1093
f 926/1089/1089 1200/1363/1363 1202/1365/1365 927/1090/1090
f 438/936/936 933/1096/1096 1206/1369/1369
f 1171/1334/1334 981/1144/1144 980/1143/1143 1172/1335/1335
f 1010/1173/1173 1009/1172/1172 1150/1313/1313
f 1005/1168/1168 1154/1317/1317 1006/1169/1169
f 1002/1165/1165 1001/1164/1164 1156/1319/1319
f 1178/1341/1341 972/1135/1135 971/1134/1134 1179/1342/1342
f 1180/1343/1343 969/1132/1132 968/1131/1131 1182/1345/1345
f 901/1064/1064 1181/1344/1344 1184/1347/1347
f 1179/1342/1342 970/1133/1133 969/1132/1132 1180/1343/1343
f 1180/1343/1343 897/1060/1060 1179/1342/1342
f 1182/1345/1345 968/1131/1131 967/1130/1130 1181/1344/1344
f 997/1160/1160 1159/1322/1322 998/1161/1161
f 994/1157/1157 993/1156/1156 1163/1326/1326
f 1181/1344/1344 966/1129/1129 965/1128/1128 1184/1347/1347
f 1177/1340/1340 973/1136/1136 972/1135/1135 1178/1341/1341
f 989/1152/1152 1165/1328/1328 990/1153/1153
f 986/1149/1149 1166/1329/1329 987/1150/1150
f 983/1146/1146 982/1145/1145 1169/1332/1332
f 974/1137/1137 1176/1339/1339 975/1138/1138
f 1179/1342/1342 971/1134/1134 970/1133/1133
f 966/1129/1129 1181/1344/1344 967/1130/1130
f 979/1142/1142 978/1141/1141 1173/1336/1336
f 1184/1347/1347 965/1128/1128 964/1127/1127 1183/1346/1346
f 1183/1346/1346 964/1127/1127 963/1126/1126 1185/1348/1348
f 905/1068/1068 1185/1348/1348 1187/1350/1350
f 1185/1348/1348 962/1125/1125 961/1124/1124 1187/1350/1350
f 1187/1350/1350 961/1124/1124 960/1123/1123 1186/1349/1349
f 908/1071/1071 1186/1349/1349 1189/1352/1352
f 1186/1349/1349 960/1123/1123 959/1122/1122 1189/1352/1352
f 962/1125/1125 1185/1348/1348 963/1126/1126
f 1188/1351/1351 957/1120/1120 956/1119/1119 1190/1353/1353
f 912/1075/1075 1190/1353/1353 1192/1355/1355
f 1192/1355/1355 954/1117/1117 953/1116/1116 1191/1354/1354
f 1190/1353/1353 956/1119/1119 955/1118/1118 1192/1355/1355
f 1189/1352/1352 958/1121/1121 957/1120/1120 1188/1351/1351
f 1191/1354/1354 953/1116/1116 952/1115/1115 1193/1356/1356
f 916/1079/1079 1193/1356/1356 1194/1357/1357
f 1193/1356/1356 952/1115/1115 951/1114/1114 1194/1357/1357
f 1195/1358/1358 949/1112/1112 948/1111/1111 1196/1359/1359
f 920/1083/1083 1196/1359/1359 1197/1360/1360
f 1197/1360/1360 946/1109/1109 945/1108/1108 1198/1361/1361
f 1196/1359/1359 948/1111/1111 947/1110/1110 1197/1360/1360
f 1194/1357/1357 950/1113/1113 949/1112/1112 1195/1358/1358
f 1199/1362/1362 944/1107/1107 943/1106/1106 1201/1364/1364
f 1201/1364/1364 942/1105/1105 941/1104/1104 1200/1363/1363
f 1202/1365/1365 940/1103/1103 939/1102/1102 1203/1366/1366
f 1205/1368/1368 937/1100/1100 936/1099/1099 1204/1367/1367
f 932/1095/1095 1204/1367/1367 1206/1369/1369
f 1203/1366/1366 938/1101/1101 937/1100/1100 1205/1368/1368
f 1203/1366/1366 928/1091/1091 1202/1365/1365
f 1200/1363/1363 941/1104/1104 940/1103/1103 1202/1365/1365
f 1201/1364/1364 924/1087/1087 1199/1362/1362
f 1198/1361/1361 945/1108/1108 944/1107/1107 1199/1362/1362
f 1204/1367/1367 936/1099/1099 935/1098/1098 1206/1369/1369
f 1189/1352/1352 959/1122/1122 958/1121/1121
f 1192/1355/1355 955/1118/1118 954/1117/1117
f 950/1113/1113 1194/1357/1357 951/1114/1114
f 1201/1364/1364 943/1106/1106 942/1105/1105
f 1203/1366/1366 939/1102/1102 938/1101/1101
f 1206/1369/1369 934/1097/1097 439/937/937
f 934/1097/1097 1206/1369/1369 935/1098/1098
f 946/1109/1109 1197/1360/1360 947/1110/1110
f 439/937/937 438/936/936 1206/1369/1369
f 1521/1688/1688 1207/1374/1374 440/1370/1370
f 1521/1688/1688 1208/1375/1375 1207/1374/1374
f 1522/1689/1689 1210/1377/1377 1209/1376/1376
f 1210/1377/1377 1522/1689/1689 1523/1690/1690 1211/1378/1378
f 1521/1688/1688 1209/1376/1376 1208/1375/1375
f 1524/1691/1691 1213/1380/1380 1212/1379/1379
f 1213/1380/1380 1524/1691/1691 1525/1692/1692 1214/1381/1381
f 1526/1693/1693 1216/1383/1383 1215/1382/1382
f 1217/1384/1384 1528/1695/1695 1527/1694/1694 1218/1385/1385
f 1528/1695/1695 1217/1384/1384 1216/1383/1383
f 1214/1381/1381 1525/1692/1692 1526/1693/1693 1215/1382/1382
f 1523/1690/1690 1212/1379/1379 1211/1378/1378
f 1529/1696/1696 1220/1387/1387 1219/1386/1386
f 1530/1697/1697 1221/1388/1388 1220/1387/1387
f 1222/1389/1389 1532/1699/1699 1531/1698/1698 1223/1390/1390
f 1533/1700/1700 1225/1392/1392 1224/1391/1391
f 1531/1698/1698 1224/1391/1391 1223/1390/1390
f 1221/1388/1388 1530/1697/1697 1532/1699/1699 1222/1389/1389
f 1226/1393/1393 1535/1702/1702 1534/1701/1701 1227/1394/1394
f 1534/1701/1701 1228/1395/1395 1227/1394/1394
f 1229/1396/1396 1537/1704/1704 1536/1703/1703 1230/1397/1397
f 1538/1705/1705 1232/1399/1399 1231/1398/1398
f 1230/1397/1397 1536/1703/1703 1538/1705/1705 1231/1398/1398
f 1537/1704/1704 1229/1396/1396 1228/1395/1395
f 1225/1392/1392 1533/1700/1700 1535/1702/1702 1226/1393/1393
f 1218/1385/1385 1527/1694/1694 1529/1696/1696 1219/1386/1386
f 1521/1688/1688 1519/1686/1686 1518/1685/1685 1522/1689/1689
f 1522/1689/1689 1209/1376/1376 1521/1688/1688
f 1522/1689/1689 1517/1684/1684 1516/1683/1683 1523/1690/1690
f 1524/1691/1691 1514/1681/1681 1513/1680/1680 1525/1692/1692
f 1525/1692/1692 1513/1680/1680 1512/1679/1679 1526/1693/1693
f 1523/1690/1690 1524/1691/1691 1212/1379/1379
f 1523/1690/1690 1515/1682/1682 1514/1681/1681 1524/1691/1691
f 1528/1695/1695 1510/1677/1677 1509/1676/1676 1527/1694/1694
f 1527/1694/1694 1509/1676/1676 1508/1675/1675 1529/1696/1696
f 1530/1697/1697 1506/1673/1673 1505/1672/1672 1532/1699/1699
f 1531/1698/1698 1503/1670/1670 1502/1669/1669 1533/1700/1700
f 1533/1700/1700 1224/1391/1391 1531/1698/1698
f 1532/1699/1699 1505/1672/1672 1504/1671/1671 1531/1698/1698
f 1529/1696/1696 1530/1697/1697 1220/1387/1387
f 1529/1696/1696 1507/1674/1674 1506/1673/1673 1530/1697/1697
f 1526/1693/1693 1528/1695/1695 1216/1383/1383
f 1526/1693/1693 1511/1678/1678 1510/1677/1677 1528/1695/1695
f 1537/1704/1704 1228/1395/1395 1534/1701/1701
f 1535/1702/1702 1501/1668/1668 1500/1667/1667 1534/1701/1701
f 1233/1400/1400 1540/1707/1707 1539/1706/1706 1234/1401/1401
f 1236/1403/1403 1235/1402/1402 1541/1708/1708
f 1234/1401/1401 1539/1706/1706 1541/1708/1708 1235/1402/1402
f 1237/1404/1404 1236/1403/1403 1542/1709/1709
f 1537/1704/1704 1498/1665/1665 1497/1664/1664 1536/1703/1703
f 1536/1703/1703 1497/1664/1664 1496/1663/1663 1538/1705/1705
f 1540/1707/1707 1494/1661/1661 1493/1660/1660 1539/1706/1706
f 1541/1708/1708 1491/1658/1658 1490/1657/1657 1542/1709/1709
f 1236/1403/1403 1541/1708/1708 1542/1709/1709
f 1539/1706/1706 1493/1660/1660 1492/1659/1659 1541/1708/1708
f 1540/1707/1707 1233/1400/1400 1232/1399/1399 1538/1705/1705
f 1538/1705/1705 1495/1662/1662 1494/1661/1661 1540/1707/1707
f 1543/1710/1710 1238/1405/1405 1237/1404/1404 1542/1709/1709
f 1534/1701/1701 1499/1666/1666 1498/1665/1665 1537/1704/1704
f 1533/1700/1700 1502/1669/1669 1501/1668/1668 1535/1702/1702
f 441/1371/1371 1521/1688/1688 440/1370/1370
f 1238/1405/1405 1543/1710/1710 1544/1711/1711 1239/1406/1406
f 1544/1711/1711 1240/1407/1407 1239/1406/1406
f 1241/1408/1408 1546/1713/1713 1545/1712/1712 1242/1409/1409
f 1545/1712/1712 1243/1410/1410 1242/1409/1409
f 1546/1713/1713 1241/1408/1408 1240/1407/1407
f 1244/1411/1411 1548/1715/1715 1547/1714/1714 1245/1412/1412
f 1245/1412/1412 1547/1714/1714 1549/1716/1716 1246/1413/1413
f 1247/1414/1414 1246/1413/1413 1549/1716/1716
f 1248/1415/1415 1551/1718/1718 1550/1717/1717 1249/1416/1416
f 1248/1415/1415 1247/1414/1414 1551/1718/1718
f 1548/1715/1715 1244/1411/1411 1243/1410/1410
f 1251/1418/1418 1250/1417/1417 1552/1719/1719
f 1252/1419/1419 1251/1418/1418 1553/1720/1720
f 1253/1420/1420 1555/1722/1722 1554/1721/1721 1254/1421/1421
f 1256/1423/1423 1255/1422/1422 1556/1723/1723
f 1255/1422/1422 1254/1421/1421 1554/1721/1721
f 1252/1419/1419 1553/1720/1720 1555/1722/1722 1253/1420/1420
f 1257/1424/1424 1558/1725/1725 1557/1724/1724 1258/1425/1425
f 1259/1426/1426 1258/1425/1425 1557/1724/1724
f 1260/1427/1427 1560/1727/1727 1559/1726/1726 1261/1428/1428
f 1263/1430/1430 1262/1429/1429 1561/1728/1728
f 1261/1428/1428 1559/1726/1726 1561/1728/1728 1262/1429/1429
f 1260/1427/1427 1259/1426/1426 1560/1727/1727
f 1256/1423/1423 1556/1723/1723 1558/1725/1725 1257/1424/1424
f 1249/1416/1416 1550/1717/1717 1552/1719/1719 1250/1417/1417
f 1264/1431/1431 1563/1730/1730 1562/1729/1729 1265/1432/1432
f 1265/1432/1432 1562/1729/1729 1564/1731/1731 1266/1433/1433
f 1268/1435/1435 1267/1434/1434 1565/1732/1732
f 1268/1435/1435 1565/1732/1732 1566/1733/1733 1269/1436/1436
f 1267/1434/1434 1266/1433/1433 1564/1731/1731
f 1543/1710/1710 1489/1656/1656 1488/1655/1655 1544/1711/1711
f 1544/1711/1711 1546/1713/1713 1240/1407/1407
f 1544/1711/1711 1487/1654/1654 1486/1653/1653 1546/1713/1713
f 1243/1410/1410 1545/1712/1712 1548/1715/1715
f 1548/1715/1715 1483/1650/1650 1482/1649/1649 1547/1714/1714
f 1271/1438/1438 1270/1437/1437 1567/1734/1734
f 1545/1712/1712 1485/1652/1652 1484/1651/1651 1548/1715/1715
f 1269/1436/1436 1566/1733/1733 1567/1734/1734 1270/1437/1437
f 1546/1713/1713 1486/1653/1653 1485/1652/1652 1545/1712/1712
f 1264/1431/1431 1263/1430/1430 1563/1730/1730
f 1272/1439/1439 1271/1438/1438 1568/1735/1735
f 1272/1439/1439 1568/1735/1735 1569/1736/1736 1273/1440/1440
f 1275/1442/1442 1274/1441/1441 1570/1737/1737
f 1276/1443/1443 1572/1739/1739 1571/1738/1738 1277/1444/1444
f 1276/1443/1443 1275/1442/1442 1572/1739/1739
f 1273/1440/1440 1569/1736/1736 1570/1737/1737 1274/1441/1441
f 1279/1446/1446 1278/1445/1445 1573/1740/1740
f 1280/1447/1447 1279/1446/1446 1574/1741/1741
f 1281/1448/1448 1576/1743/1743 1575/1742/1742 1282/1449/1449
f 1284/1451/1451 1283/1450/1450 1577/1744/1744
f 1283/1450/1450 1282/1449/1449 1575/1742/1742
f 1280/1447/1447 1574/1741/1741 1576/1743/1743 1281/1448/1448
f 1277/1444/1444 1571/1738/1738 1573/1740/1740 1278/1445/1445
f 1578/1745/1745 1285/1452/1452 1284/1451/1451 1577/1744/1744
f 1542/1709/1709 1490/1657/1657 1489/1656/1656 1543/1710/1710
f 1520/1687/1687 1521/1688/1688 441/1371/1371
f 1519/1686/1686 1521/1688/1688 1520/1687/1687
f 1517/1684/1684 1522/1689/1689 1518/1685/1685
f 1511/1678/1678 1526/1693/1693 1512/1679/1679
f 1516/1683/1683 1515/1682/1682 1523/1690/1690
f 1507/1674/1674 1529/1696/1696 1508/1675/1675
f 1247/1414/1414 1549/1716/1716 1551/1718/1718
f 1549/1716/1716 1481/1648/1648 1480/1647/1647 1551/1718/1718
f 1550/1717/1717 1478/1645/1645 1477/1644/1644 1552/1719/1719
f 1553/1720/1720 1251/1418/1418 1552/1719/1719
f 1551/1718/1718 1479/1646/1646 1478/1645/1645 1550/1717/1717
f 1552/1719/1719 1477/1644/1644 1476/1643/1643 1553/1720/1720
f 1503/1670/1670 1531/1698/1698 1504/1671/1671
f 1553/1720/1720 1475/1642/1642 1474/1641/1641 1555/1722/1722
f 1547/1714/1714 1482/1649/1649 1481/1648/1648 1549/1716/1716
f 1499/1666/1666 1534/1701/1701 1500/1667/1667
f 1495/1662/1662 1538/1705/1705 1496/1663/1663
f 1492/1659/1659 1491/1658/1658 1541/1708/1708
f 1483/1650/1650 1548/1715/1715 1484/1651/1651
f 1551/1718/1718 1480/1647/1647 1479/1646/1646
f 1475/1642/1642 1553/1720/1720 1476/1643/1643
f 1488/1655/1655 1487/1654/1654 1544/1711/1711
f 1473/1640/1640 1554/1721/1721 1555/1722/1722 1474/1641/1641
f 1554/1721/1721 1473/1640/1640 1472/1639/1639 1556/1723/1723
f 1255/1422/1422 1554/1721/1721 1556/1723/1723
f 1556/1723/1723 1471/1638/1638 1470/1637/1637 1558/1725/1725
f 1558/1725/1725 1470/1637/1637 1469/1636/1636 1557/1724/1724
f 1259/1426/1426 1557/1724/1724 1560/1727/1727
f 1557/1724/1724 1469/1636/1636 1468/1635/1635 1560/1727/1727
f 1471/1638/1638 1556/1723/1723 1472/1639/1639
f 1559/1726/1726 1466/1633/1633 1465/1632/1632 1561/1728/1728
f 1263/1430/1430 1561/1728/1728 1563/1730/1730
f 1563/1730/1730 1463/1630/1630 1462/1629/1629 1562/1729/1729
f 1561/1728/1728 1465/1632/1632 1464/1631/1631 1563/1730/1730
f 1560/1727/1727 1467/1634/1634 1466/1633/1633 1559/1726/1726
f 1562/1729/1729 1462/1629/1629 1461/1628/1628 1564/1731/1731
f 1267/1434/1434 1564/1731/1731 1565/1732/1732
f 1564/1731/1731 1461/1628/1628 1460/1627/1627 1565/1732/1732
f 1566/1733/1733 1458/1625/1625 1457/1624/1624 1567/1734/1734
f 1271/1438/1438 1567/1734/1734 1568/1735/1735
f 1568/1735/1735 1455/1622/1622 1454/1621/1621 1569/1736/1736
f 1567/1734/1734 1457/1624/1624 1456/1623/1623 1568/1735/1735
f 1565/1732/1732 1459/1626/1626 1458/1625/1625 1566/1733/1733
f 1570/1737/1737 1453/1620/1620 1452/1619/1619 1572/1739/1739
f 1572/1739/1739 1451/1618/1618 1450/1617/1617 1571/1738/1738
f 1573/1740/1740 1448/1615/1615 1447/1614/1614 1574/1741/1741
f 1576/1743/1743 1446/1613/1613 1445/1612/1612 1575/1742/1742
f 1283/1450/1450 1575/1742/1742 1577/1744/1744
f 1574/1741/1741 1447/1614/1614 1446/1613/1613 1576/1743/1743
f 1574/1741/1741 1279/1446/1446 1573/1740/1740
f 1571/1738/1738 1450/1617/1617 1449/1616/1616 1573/1740/1740
f 1572/1739/1739 1275/1442/1442 1570/1737/1737
f 1569/1736/1736 1454/1621/1621 1453/1620/1620 1570/1737/1737
f 1575/1742/1742 1444/1611/1611 1443/1610/1610 1577/1744/1744
f 1560/1727/1727 1468/1635/1635 1467/1634/1634
f 1563/1730/1730 1464/1631/1631 1463/1630/1630
f 1459/1626/1626 1565/1732/1732 1460/1627/1627
f 1572/1739/1739 1452/1619/1619 1451/1618/1618
f 1575/1742/1742 1445/1612/1612 1444/1611/1611
f 1442/1609/1609 1578/1745/1745 1577/1744/1744 1443/1610/1610
f 1448/1615/1615 1573/1740/1740 1449/1616/1616
f 1455/1622/1622 1568/1735/1735 1456/1623/1623
f 1579/1746/1746 1287/1454/1454 1286/1453/1453
f 1580/1747/1747 1288/1455/1455 1287/1454/1454
f 1289/1456/1456 1582/1749/1749 1581/1748/1748 1290/1457/1457
f 1581/1748/1748 1291/1458/1458 1290/1457/1457
f 1288/1455/1455 1580/1747/1747 1582/1749/1749 1289/1456/1456
f 1292/1459/1459 1584/1751/1751 1583/1750/1750 1293/1460/1460
f 1293/1460/1460 1583/1750/1750 1585/1752/1752 1294/1461/1461
f 1586/1753/1753 1296/1463/1463 1295/1462/1462
f 1297/1464/1464 1588/1755/1755 1587/1754/1754 1298/1465/1465
f 1296/1463/1463 1586/1753/1753 1588/1755/1755 1297/1464/1464
f 1585/1752/1752 1295/1462/1462 1294/1461/1461
f 1584/1751/1751 1292/1459/1459 1291/1458/1458
f 1589/1756/1756 1300/1467/1467 1299/1466/1466
f 1300/1467/1467 1589/1756/1756 1590/1757/1757 1301/1468/1468
f 1591/1758/1758 1303/1470/1470 1302/1469/1469
f 1304/1471/1471 1593/1760/1760 1592/1759/1759 1305/1472/1472
f 1593/1760/1760 1304/1471/1471 1303/1470/1470
f 1301/1468/1468 1590/1757/1757 1591/1758/1758 1302/1469/1469
f 1594/1761/1761 1307/1474/1474 1306/1473/1473
f 1595/1762/1762 1308/1475/1475 1307/1474/1474
f 1309/1476/1476 1597/1764/1764 1596/1763/1763 1310/1477/1477
f 1598/1765/1765 1312/1479/1479 1311/1478/1478
f 1596/1763/1763 1311/1478/1478 1310/1477/1477
f 1308/1475/1475 1595/1762/1762 1597/1764/1764 1309/1476/1476
f 1305/1472/1472 1592/1759/1759 1594/1761/1761 1306/1473/1473
f 1587/1754/1754 1299/1466/1466 1298/1465/1465
f 1578/1745/1745 1442/1609/1609 1441/1608/1608 1579/1746/1746
f 1579/1746/1746 1286/1453/1453 1285/1452/1452 1578/1745/1745
f 1580/1747/1747 1287/1454/1454 1579/1746/1746
f 1579/1746/1746 1440/1607/1607 1439/1606/1606 1580/1747/1747
f 1582/1749/1749 1438/1605/1605 1437/1604/1604 1581/1748/1748
f 1584/1751/1751 1291/1458/1458 1581/1748/1748
f 1581/1748/1748 1436/1603/1603 1435/1602/1602 1584/1751/1751
f 1580/1747/1747 1439/1606/1606 1438/1605/1605 1582/1749/1749
f 1583/1750/1750 1434/1601/1601 1433/1600/1600 1585/1752/1752
f 1586/1753/1753 1295/1462/1462 1585/1752/1752
f 1585/1752/1752 1432/1599/1599 1431/1598/1598 1586/1753/1753
f 1588/1755/1755 1430/1597/1597 1429/1596/1596 1587/1754/1754
f 1589/1756/1756 1427/1594/1594 1426/1593/1593 1590/1757/1757
f 1587/1754/1754 1589/1756/1756 1299/1466/1466
f 1587/1754/1754 1428/1595/1595 1427/1594/1594 1589/1756/1756
f 1586/1753/1753 1431/1598/1598 1430/1597/1597 1588/1755/1755
f 1584/1751/1751 1435/1602/1602 1434/1601/1601 1583/1750/1750
f 1591/1758/1758 1424/1591/1591 1423/1590/1590 1593/1760/1760
f 1593/1760/1760 1303/1470/1470 1591/1758/1758
f 1593/1760/1760 1423/1590/1590 1422/1589/1589 1592/1759/1759
f 1594/1761/1761 1595/1762/1762 1307/1474/1474
f 1315/1482/1482 1314/1481/1481 1599/1766/1766
f 1313/1480/1480 1600/1767/1767 1599/1766/1766 1314/1481/1481
f 1592/1759/1759 1422/1589/1589 1421/1588/1588 1594/1761/1761
f 1595/1762/1762 1419/1586/1586 1418/1585/1585 1597/1764/1764
f 1597/1764/1764 1418/1585/1585 1417/1584/1584 1596/1763/1763
f 1598/1765/1765 1415/1582/1582 1414/1581/1581 1600/1767/1767
f 1600/1767/1767 1313/1480/1480 1312/1479/1479 1598/1765/1765
f 1599/1766/1766 1412/1579/1579 1411/1578/1578 1601/1768/1768
f 1601/1768/1768 1316/1483/1483 1315/1482/1482 1599/1766/1766
f 1600/1767/1767 1414/1581/1581 1413/1580/1580 1599/1766/1766
f 1596/1763/1763 1598/1765/1765 1311/1478/1478
f 1596/1763/1763 1416/1583/1583 1415/1582/1582 1598/1765/1765
f 1594/1761/1761 1420/1587/1587 1419/1586/1586 1595/1762/1762
f 1590/1757/1757 1426/1593/1593 1425/1592/1592 1591/1758/1758
f 1602/1769/1769 1317/1484/1484 1316/1483/1483 1601/1768/1768
f 1602/1769/1769 1318/1485/1485 1317/1484/1484
f 1319/1486/1486 1604/1771/1771 1603/1770/1770 1320/1487/1487
f 1320/1487/1487 1603/1770/1770 1605/1772/1772 1321/1488/1488
f 1604/1771/1771 1319/1486/1486 1318/1485/1485
f 1606/1773/1773 1323/1490/1490 1322/1489/1489
f 1607/1774/1774 1324/1491/1491 1323/1490/1490 1606/1773/1773
f 1324/1491/1491 1607/1774/1774 1608/1775/1775 1325/1492/1492
f 1327/1494/1494 1326/1493/1493 1609/1776/1776
f 1326/1493/1493 1325/1492/1492 1608/1775/1775
f 1605/1772/1772 1322/1489/1489 1321/1488/1488
f 1328/1495/1495 1611/1778/1778 1610/1777/1777 1329/1496/1496
f 1330/1497/1497 1329/1496/1496 1610/1777/1777
f 1331/1498/1498 1613/1780/1780 1612/1779/1779 1332/1499/1499
f 1334/1501/1501 1333/1500/1500 1614/1781/1781
f 1332/1499/1499 1612/1779/1779 1614/1781/1781 1333/1500/1500
f 1331/1498/1498 1330/1497/1497 1613/1780/1780
f 1335/1502/1502 1616/1783/1783 1615/1782/1782 1336/1503/1503
f 1336/1503/1503 1615/1782/1782 1617/1784/1784 1337/1504/1504
f 1339/1506/1506 1338/1505/1505 1618/1785/1785
f 1340/1507/1507 1620/1787/1787 1619/1786/1786 1341/1508/1508
f 1339/1506/1506 1618/1785/1785 1620/1787/1787 1340/1507/1507
f 1338/1505/1505 1337/1504/1504 1617/1784/1784
f 1335/1502/1502 1334/1501/1501 1616/1783/1783
f 1327/1494/1494 1609/1776/1776 1611/1778/1778 1328/1495/1495
f 1343/1510/1510 1342/1509/1509 1621/1788/1788
f 1343/1510/1510 1621/1788/1788 1622/1789/1789 1344/1511/1511
f 1346/1513/1513 1345/1512/1512 1623/1790/1790
f 1347/1514/1514 1346/1513/1513 1624/1791/1791
f 1344/1511/1511 1622/1789/1789 1623/1790/1790 1345/1512/1512
f 1602/1769/1769 1410/1577/1577 1409/1576/1576 1604/1771/1771
f 1602/1769/1769 1604/1771/1771 1318/1485/1485
f 1604/1771/1771 1408/1575/1575 1407/1574/1574 1603/1770/1770
f 1348/1515/1515 1626/1793/1793 1625/1792/1792 1349/1516/1516
f 1605/1772/1772 1406/1573/1573 1405/1572/1572 1606/1773/1773
f 1605/1772/1772 1606/1773/1773 1322/1489/1489
f 1350/1517/1517 1349/1516/1516 1625/1792/1792
f 1347/1514/1514 1624/1791/1791 1626/1793/1793 1348/1515/1515
f 1603/1770/1770 1407/1574/1574 1406/1573/1573 1605/1772/1772
f 1341/1508/1508 1619/1786/1786 1342/1509/1509
f 1351/1518/1518 1350/1517/1517 1627/1794/1794
f 1351/1518/1518 1627/1794/1794 1628/1795/1795 1352/1519/1519
f 1354/1521/1521 1353/1520/1520 1629/1796/1796
f 1355/1522/1522 1631/1798/1798 1630/1797/1797 1356/1523/1523
f 1355/1522/1522 1354/1521/1521 1631/1798/1798
f 1352/1519/1519 1628/1795/1795 1629/1796/1796 1353/1520/1520
f 1358/1525/1525 1357/1524/1524 1632/1799/1799
f 1359/1526/1526 1358/1525/1525 1633/1800/1800
f 1360/1527/1527 1635/1802/1802 1634/1801/1801 1361/1528/1528
f 1363/1530/1530 1362/1529/1529 1636/1803/1803
f 1362/1529/1529 1361/1528/1528 1634/1801/1801
f 1359/1526/1526 1633/1800/1800 1635/1802/1802 1360/1527/1527
f 1356/1523/1523 1630/1797/1797 1632/1799/1799 1357/1524/1524
f 312/1372/1372 1363/1530/1530 1636/1803/1803
f 1601/1768/1768 1411/1578/1578 1410/1577/1577 1602/1769/1769
f 1440/1607/1607 1579/1746/1746 1441/1608/1608
f 1436/1603/1603 1581/1748/1748 1437/1604/1604
f 1433/1600/1600 1432/1599/1599 1585/1752/1752
f 1326/1493/1493 1608/1775/1775 1609/1776/1776
f 1607/1774/1774 1403/1570/1570 1402/1569/1569 1608/1775/1775
f 1609/1776/1776 1400/1567/1567 1399/1566/1566 1611/1778/1778
f 1610/1777/1777 1398/1565/1565 1397/1564/1564 1613/1780/1780
f 1613/1780/1780 1330/1497/1497 1610/1777/1777
f 1611/1778/1778 1399/1566/1566 1398/1565/1565 1610/1777/1777
f 1608/1775/1775 1402/1569/1569 1401/1568/1568 1609/1776/1776
f 1424/1591/1591 1591/1758/1758 1425/1592/1592
f 1613/1780/1780 1396/1563/1563 1395/1562/1562 1612/1779/1779
f 1587/1754/1754 1429/1596/1596 1428/1595/1595
f 1606/1773/1773 1404/1571/1571 1403/1570/1570 1607/1774/1774
f 1420/1587/1587 1594/1761/1761 1421/1588/1588
f 1416/1583/1583 1596/1763/1763 1417/1584/1584
f 1413/1580/1580 1412/1579/1579 1599/1766/1766
f 1404/1571/1571 1606/1773/1773 1405/1572/1572
f 1609/1776/1776 1401/1568/1568 1400/1567/1567
f 1396/1563/1563 1613/1780/1780 1397/1564/1564
f 1409/1576/1576 1408/1575/1575 1604/1771/1771
f 1394/1561/1561 1614/1781/1781 1612/1779/1779 1395/1562/1562
f 1614/1781/1781 1394/1561/1561 1393/1560/1560 1616/1783/1783
f 1334/1501/1501 1614/1781/1781 1616/1783/1783
f 1616/1783/1783 1392/1559/1559 1391/1558/1558 1615/1782/1782
f 1615/1782/1782 1391/1558/1558 1390/1557/1557 1617/1784/1784
f 1338/1505/1505 1617/1784/1784 1618/1785/1785
f 1617/1784/1784 1390/1557/1557 1389/1556/1556 1618/1785/1785
f 1392/1559/1559 1616/1783/1783 1393/1560/1560
f 1620/1787/1787 1387/1554/1554 1386/1553/1553 1619/1786/1786
f 1342/1509/1509 1619/1786/1786 1621/1788/1788
f 1621/1788/1788 1384/1551/1551 1383/1550/1550 1622/1789/1789
f 1619/1786/1786 1386/1553/1553 1385/1552/1552 1621/1788/1788
f 1618/1785/1785 1388/1555/1555 1387/1554/1554 1620/1787/1787
f 1622/1789/1789 1383/1550/1550 1382/1549/1549 1623/1790/1790
f 1346/1513/1513 1623/1790/1790 1624/1791/1791
f 1623/1790/1790 1382/1549/1549 1381/1548/1548 1624/1791/1791
f 1626/1793/1793 1379/1546/1546 1378/1545/1545 1625/1792/1792
f 1350/1517/1517 1625/1792/1792 1627/1794/1794
f 1627/1794/1794 1376/1543/1543 1375/1542/1542 1628/1795/1795
f 1625/1792/1792 1378/1545/1545 1377/1544/1544 1627/1794/1794
f 1624/1791/1791 1380/1547/1547 1379/1546/1546 1626/1793/1793
f 1629/1796/1796 1373/1540/1540 1372/1539/1539 1631/1798/1798
f 1631/1798/1798 1372/1539/1539 1371/1538/1538 1630/1797/1797
f 1632/1799/1799 1369/1536/1536 1368/1535/1535 1633/1800/1800
f 1635/1802/1802 1367/1534/1534 1366/1533/1533 1634/1801/1801
f 1362/1529/1529 1634/1801/1801 1636/1803/1803
f 1633/1800/1800 1368/1535/1535 1367/1534/1534 1635/1802/1802
f 1633/1800/1800 1358/1525/1525 1632/1799/1799
f 1630/1797/1797 1371/1538/1538 1370/1537/1537 1632/1799/1799
f 1631/1798/1798 1354/1521/1521 1629/1796/1796
f 1628/1795/1795 1375/1542/1542 1374/1541/1541 1629/1796/1796
f 1634/1801/1801 1365/1532/1532 1364/1531/1531 1636/1803/1803
f 1618/1785/1785 1389/1556/1556 1388/1555/1555
f 1621/1788/1788 1385/1552/1552 1384/1551/1551
f 1380/1547/1547 1624/1791/1791 1381/1548/1548
f 1373/1540/1540 1629/1796/1796 1374/1541/1541
f 1634/1801/1801 1366/1533/1533 1365/1532/1532
f 1636/1803/1803 1364/1531/1531 313/1373/1373
f 1369/1536/1536 1632/1799/1799 1370/1537/1537
f 1376/1543/1543 1627/1794/1794 1377/1544/1544
f 313/1373/1373 312/1372/1372 1636/1803/1803
f 2057/2571/2571 2056/2570/2570 1649/1881/1881 2053/2567/2567
f 2054/2568/2568 1649/1881/1881 1647/1879/1879
f 1646/1878/1878 1648/1880/1880 2054/2568/2568
f 1647/1879/1879 1646/1878/1878 2054/2568/2568
f 2053/2567/2567 1649/1881/1881 2054/2568/2568 2055/2569/2569
f 2055/2569/2569 2054/2568/2568 1648/1880/1880 2050/2564/2564
f 1652/1884/1884 1650/1882/1882 1644/1876/1876 1651/1883/1883
f 1647/1879/1879 1652/1884/1884 1651/1883/1883 1646/1878/1878
f 2045/2559/2559 1646/1878/1878 1651/1883/1883
f 1651/1883/1883 1644/1876/1876 1643/1875/1875
f 1643/1875/1875 1645/1877/1877 2045/2559/2559
f 2045/2559/2559 1651/1883/1883 1643/1875/1875
f 2050/2564/2564 1648/1880/1880 2051/2565/2565 2052/2566/2566
f 2052/2566/2566 2051/2565/2565 2046/2560/2560 2047/2561/2561
f 2051/2565/2565 1648/1880/1880 1646/1878/1878
f 2045/2559/2559 2046/2560/2560 2051/2565/2565
f 1646/1878/1878 2045/2559/2559 2051/2565/2565
f 2048/2562/2562 2046/2560/2560 2045/2559/2559
f 1645/1877/1877 2036/2550/2550 2048/2562/2562
f 2045/2559/2559 1645/1877/1877 2048/2562/2562
f 2047/2561/2561 2046/2560/2560 2048/2562/2562 2049/2563/2563
f 2049/2563/2563 2048/2562/2562 2036/2550/2550 2042/2556/2556
f 1663/1895/1895 1661/1893/1893 1655/1887/1887 1662/1894/1894
f 1650/1882/1882 1663/1895/1895 1662/1894/1894 1644/1876/1876
f 1666/1898/1898 1664/1896/1896 1653/1885/1885 1665/1897/1897
f 1661/1893/1893 1666/1898/1898 1665/1897/1897 1655/1887/1887
f 1665/1897/1897 1653/1885/1885 1641/1873/1873
f 1654/1886/1886 1655/1887/1887 1665/1897/1897
f 1641/1873/1873 1654/1886/1886 1665/1897/1897
f 1662/1894/1894 1655/1887/1887 1654/1886/1886
f 1643/1875/1875 1644/1876/1876 1662/1894/1894
f 1654/1886/1886 1643/1875/1875 1662/1894/1894
f 2019/2533/2533 1643/1875/1875 1654/1886/1886
f 1654/1886/1886 1641/1873/1873 1640/1872/1872
f 1640/1872/1872 1642/1874/1874 2019/2533/2533
f 2019/2533/2533 1654/1886/1886 1640/1872/1872
f 2042/2556/2556 2036/2550/2550 2043/2557/2557 2044/2558/2558
f 2044/2558/2558 2043/2557/2557 2038/2552/2552 2039/2553/2553
f 2043/2557/2557 2036/2550/2550 1645/1877/1877
f 2037/2551/2551 2038/2552/2552 2043/2557/2557
f 1645/1877/1877 2037/2551/2551 2043/2557/2557
f 2040/2554/2554 2038/2552/2552 2037/2551/2551
f 2020/2534/2534 2027/2541/2541 2040/2554/2554
f 2037/2551/2551 2020/2534/2534 2040/2554/2554
f 2039/2553/2553 2038/2552/2552 2040/2554/2554 2041/2555/2555
f 2041/2555/2555 2040/2554/2554 2027/2541/2541 2033/2547/2547
f 2037/2551/2551 1645/1877/1877 1643/1875/1875
f 2019/2533/2533 2020/2534/2534 2037/2551/2551
f 1643/1875/1875 2019/2533/2533 2037/2551/2551
f 2028/2542/2542 2020/2534/2534 2019/2533/2533
f 1642/1874/1874 1998/2512/2512 2028/2542/2542
f 2019/2533/2533 1642/1874/1874 2028/2542/2542
f 2033/2547/2547 2027/2541/2541 2034/2548/2548 2035/2549/2549
f 2035/2549/2549 2034/2548/2548 2029/2543/2543 2030/2544/2544
f 2034/2548/2548 2027/2541/2541 2020/2534/2534
f 2028/2542/2542 2029/2543/2543 2034/2548/2548
f 2020/2534/2534 2028/2542/2542 2034/2548/2548
f 2031/2545/2545 2029/2543/2543 2028/2542/2542
f 1998/2512/2512 2016/2530/2530 2031/2545/2545
f 2028/2542/2542 1998/2512/2512 2031/2545/2545
f 2030/2544/2544 2029/2543/2543 2031/2545/2545 2032/2546/2546
f 2032/2546/2546 2031/2545/2545 2016/2530/2530 2024/2538/2538
f 1672/1904/1904 1670/1902/1902 1669/1901/1901 1671/1903/1903
f 1664/1896/1896 1672/1904/1904 1671/1903/1903 1653/1885/1885
f 1675/1907/1907 1673/1905/1905 1667/1899/1899 1674/1906/1906
f 1670/1902/1902 1675/1907/1907 1674/1906/1906 1669/1901/1901
f 1674/1906/1906 1667/1899/1899 1658/1890/1890
f 1668/1900/1900 1669/1901/1901 1674/1906/1906
f 1658/1890/1890 1668/1900/1900 1674/1906/1906
f 1671/1903/1903 1669/1901/1901 1668/1900/1900
f 1641/1873/1873 1653/1885/1885 1671/1903/1903
f 1668/1900/1900 1641/1873/1873 1671/1903/1903
f 1684/1916/1916 1682/1914/1914 1678/1910/1910 1683/1915/1915
f 1673/1905/1905 1684/1916/1916 1683/1915/1915 1667/1899/1899
f 1687/1919/1919 1685/1917/1917 1676/1908/1908 1686/1918/1918
f 1682/1914/1914 1687/1919/1919 1686/1918/1918 1678/1910/1910
f 1686/1918/1918 1676/1908/1908 1656/1888/1888
f 1677/1909/1909 1678/1910/1910 1686/1918/1918
f 1656/1888/1888 1677/1909/1909 1686/1918/1918
f 1683/1915/1915 1678/1910/1910 1677/1909/1909
f 1658/1890/1890 1667/1899/1899 1683/1915/1915
f 1677/1909/1909 1658/1890/1890 1683/1915/1915
f 1677/1909/1909 1656/1888/1888 1638/1870/1870
f 1657/1889/1889 1658/1890/1890 1677/1909/1909
f 1638/1870/1870 1657/1889/1889 1677/1909/1909
f 1668/1900/1900 1658/1890/1890 1657/1889/1889
f 1640/1872/1872 1641/1873/1873 1668/1900/1900
f 1657/1889/1889 1640/1872/1872 1668/1900/1900
f 1957/2471/2471 1640/1872/1872 1657/1889/1889
f 1657/1889/1889 1638/1870/1870 1637/1869/1869
f 1637/1869/1869 1639/1871/1871 1957/2471/2471
f 1957/2471/2471 1657/1889/1889 1637/1869/1869
f 2024/2538/2538 2016/2530/2530 2025/2539/2539 2026/2540/2540
f 2026/2540/2540 2025/2539/2539 2018/2532/2532 2021/2535/2535
f 2025/2539/2539 2016/2530/2530 1998/2512/2512
f 2017/2531/2531 2018/2532/2532 2025/2539/2539
f 1998/2512/2512 2017/2531/2531 2025/2539/2539
f 2022/2536/2536 2018/2532/2532 2017/2531/2531
f 2000/2514/2514 2007/2521/2521 2022/2536/2536
f 2017/2531/2531 2000/2514/2514 2022/2536/2536
f 2021/2535/2535 2018/2532/2532 2022/2536/2536 2023/2537/2537
f 2023/2537/2537 2022/2536/2536 2007/2521/2521 2013/2527/2527
f 2017/2531/2531 1998/2512/2512 1642/1874/1874
f 1999/2513/2513 2000/2514/2514 2017/2531/2531
f 1642/1874/1874 1999/2513/2513 2017/2531/2531
f 2008/2522/2522 2000/2514/2514 1999/2513/2513
f 1958/2472/2472 1977/2491/2491 2008/2522/2522
f 1999/2513/2513 1958/2472/2472 2008/2522/2522
f 2013/2527/2527 2007/2521/2521 2014/2528/2528 2015/2529/2529
f 2015/2529/2529 2014/2528/2528 2009/2523/2523 2010/2524/2524
f 2014/2528/2528 2007/2521/2521 2000/2514/2514
f 2008/2522/2522 2009/2523/2523 2014/2528/2528
f 2000/2514/2514 2008/2522/2522 2014/2528/2528
f 2011/2525/2525 2009/2523/2523 2008/2522/2522
f 1977/2491/2491 1995/2509/2509 2011/2525/2525
f 2008/2522/2522 1977/2491/2491 2011/2525/2525
f 2010/2524/2524 2009/2523/2523 2011/2525/2525 2012/2526/2526
f 2012/2526/2526 2011/2525/2525 1995/2509/2509 2004/2518/2518
f 1999/2513/2513 1642/1874/1874 1640/1872/1872
f 1957/2471/2471 1958/2472/2472 1999/2513/2513
f 1640/1872/1872 1957/2471/2471 1999/2513/2513
f 1978/2492/2492 1958/2472/2472 1957/2471/2471
f 1639/1871/1871 1912/2426/2426 1978/2492/2492
f 1957/2471/2471 1639/1871/1871 1978/2492/2492
f 2004/2518/2518 1995/2509/2509 2005/2519/2519 2006/2520/2520
f 2006/2520/2520 2005/2519/2519 1997/2511/2511 2001/2515/2515
f 2005/2519/2519 1995/2509/2509 1977/2491/2491
f 1996/2510/2510 1997/2511/2511 2005/2519/2519
f 1977/2491/2491 1996/2510/2510 2005/2519/2519
f 2002/2516/2516 1997/2511/2511 1996/2510/2510
f 1979/2493/2493 1986/2500/2500 2002/2516/2516
f 1996/2510/2510 1979/2493/2493 2002/2516/2516
f 2001/2515/2515 1997/2511/2511 2002/2516/2516 2003/2517/2517
f 2003/2517/2517 2002/2516/2516 1986/2500/2500 1992/2506/2506
f 1996/2510/2510 1977/2491/2491 1958/2472/2472
f 1978/2492/2492 1979/2493/2493 1996/2510/2510
f 1958/2472/2472 1978/2492/2492 1996/2510/2510
f 1987/2501/2501 1979/2493/2493 1978/2492/2492
f 1912/2426/2426 1954/2468/2468 1987/2501/2501
f 1978/2492/2492 1912/2426/2426 1987/2501/2501
f 1992/2506/2506 1986/2500/2500 1993/2507/2507 1994/2508/2508
f 1994/2508/2508 1993/2507/2507 1988/2502/2502 1989/2503/2503
f 1993/2507/2507 1986/2500/2500 1979/2493/2493
f 1987/2501/2501 1988/2502/2502 1993/2507/2507
f 1979/2493/2493 1987/2501/2501 1993/2507/2507
f 1990/2504/2504 1988/2502/2502 1987/2501/2501
f 1954/2468/2468 1974/2488/2488 1990/2504/2504
f 1987/2501/2501 1954/2468/2468 1990/2504/2504
f 1989/2503/2503 1988/2502/2502 1990/2504/2504 1991/2505/2505
f 1991/2505/2505 1990/2504/2504 1974/2488/2488 1983/2497/2497
f 1693/1925/1925 1691/1923/1923 1690/1922/1922 1692/1924/1924
f 1685/1917/1917 1693/1925/1925 1692/1924/1924 1676/1908/1908
f 1696/1928/1928 1694/1926/1926 1688/1920/1920 1695/1927/1927
f 1691/1923/1923 1696/1928/1928 1695/1927/1927 1690/1922/1922
f 1695/1927/1927 1688/1920/1920 1681/1913/1913
f 1689/1921/1921 1690/1922/1922 1695/1927/1927
f 1681/1913/1913 1689/1921/1921 1695/1927/1927
f 1692/1924/1924 1690/1922/1922 1689/1921/1921
f 1656/1888/1888 1676/1908/1908 1692/1924/1924
f 1689/1921/1921 1656/1888/1888 1692/1924/1924
f 1704/1936/1936 1702/1934/1934 1699/1931/1931 1703/1935/1935
f 1694/1926/1926 1704/1936/1936 1703/1935/1935 1688/1920/1920
f 1707/1939/1939 1705/1937/1937 1697/1929/1929 1706/1938/1938
f 1702/1934/1934 1707/1939/1939 1706/1938/1938 1699/1931/1931
f 1706/1938/1938 1697/1929/1929 1679/1911/1911
f 1698/1930/1930 1699/1931/1931 1706/1938/1938
f 1679/1911/1911 1698/1930/1930 1706/1938/1938
f 1703/1935/1935 1699/1931/1931 1698/1930/1930
f 1681/1913/1913 1688/1920/1920 1703/1935/1935
f 1698/1930/1930 1681/1913/1913 1703/1935/1935
f 1698/1930/1930 1679/1911/1911 1660/1892/1892
f 1680/1912/1912 1681/1913/1913 1698/1930/1930
f 1660/1892/1892 1680/1912/1912 1698/1930/1930
f 1689/1921/1921 1681/1913/1913 1680/1912/1912
f 1638/1870/1870 1656/1888/1888 1689/1921/1921
f 1680/1912/1912 1638/1870/1870 1689/1921/1921
f 1713/1945/1945 1711/1943/1943 1710/1942/1942 1712/1944/1944
f 1705/1937/1937 1713/1945/1945 1712/1944/1944 1697/1929/1929
f 1716/1948/1948 1714/1946/1946 1708/1940/1940 1715/1947/1947
f 1711/1943/1943 1716/1948/1948 1715/1947/1947 1710/1942/1942
f 1715/1947/1947 1708/1940/1940 1701/1933/1933
f 1709/1941/1941 1710/1942/1942 1715/1947/1947
f 1701/1933/1933 1709/1941/1941 1715/1947/1947
f 1712/1944/1944 1710/1942/1942 1709/1941/1941
f 1679/1911/1911 1697/1929/1929 1712/1944/1944
f 1709/1941/1941 1679/1911/1911 1712/1944/1944
f 1721/1953/1953 1719/1951/1951 1718/1950/1950 1720/1952/1952
f 1714/1946/1946 1721/1953/1953 1720/1952/1952 1708/1940/1940
f 2058/2729/2729 2060/2731/2731 2059/2730/2730 1723/1955/1955
f 1723/1955/1955 2059/2730/2730 2063/2734/2734 2061/2732/2732
f 2061/2732/2732 2063/2734/2734 2062/2733/2733 1722/1954/1954
f 2061/2732/2732 1722/1954/1954 1718/1950/1950
f 1719/1951/1951 1723/1955/1955 2061/2732/2732
f 1718/1950/1950 1719/1951/1951 2061/2732/2732
f 2073/2744/2744 2066/2737/2737 2064/2735/2735
f 1718/1950/1950 1722/1954/1954 2073/2744/2744
f 2064/2735/2735 1718/1950/1950 2073/2744/2744
f 1722/1954/1954 2062/2733/2733 2075/2746/2746 2073/2744/2744
f 2073/2744/2744 2075/2746/2746 2074/2745/2745 2066/2737/2737
f 2066/2737/2737 2074/2745/2745 2078/2749/2749 2076/2747/2747
f 2076/2747/2747 2078/2749/2749 2077/2748/2748 2065/2736/2736
f 2076/2747/2747 2065/2736/2736 1717/1949/1949
f 2064/2735/2735 2066/2737/2737 2076/2747/2747
f 1717/1949/1949 2064/2735/2735 2076/2747/2747
f 1720/1952/1952 1718/1950/1950 2064/2735/2735
f 2064/2735/2735 1717/1949/1949 1701/1933/1933
f 1701/1933/1933 1708/1940/1940 1720/1952/1952
f 1720/1952/1952 2064/2735/2735 1701/1933/1933
f 2079/2750/2750 2069/2740/2740 2067/2738/2738
f 1701/1933/1933 1717/1949/1949 2079/2750/2750
f 2067/2738/2738 1701/1933/1933 2079/2750/2750
f 2082/2753/2753 2081/2752/2752 2079/2750/2750
f 1717/1949/1949 2065/2736/2736 2082/2753/2753
f 2079/2750/2750 1717/1949/1949 2082/2753/2753
f 2065/2736/2736 2077/2748/2748 2084/2755/2755 2082/2753/2753
f 2082/2753/2753 2084/2755/2755 2083/2754/2754 2081/2752/2752
f 2081/2752/2752 2083/2754/2754 2087/2758/2758 2085/2756/2756
f 2085/2756/2756 2087/2758/2758 2086/2757/2757 2080/2751/2751
f 2085/2756/2756 2080/2751/2751 2069/2740/2740
f 2079/2750/2750 2081/2752/2752 2085/2756/2756
f 2069/2740/2740 2079/2750/2750 2085/2756/2756
f 2094/2765/2765 2090/2761/2761 2088/2759/2759
f 2069/2740/2740 2080/2751/2751 2094/2765/2765
f 2088/2759/2759 2069/2740/2740 2094/2765/2765
f 2080/2751/2751 2086/2757/2757 2096/2767/2767 2094/2765/2765
f 2094/2765/2765 2096/2767/2767 2095/2766/2766 2090/2761/2761
f 2090/2761/2761 2095/2766/2766 2099/2770/2770 2097/2768/2768
f 2097/2768/2768 2099/2770/2770 2098/2769/2769 2089/2760/2760
f 2097/2768/2768 2089/2760/2760 2068/2739/2739
f 2088/2759/2759 2090/2761/2761 2097/2768/2768
f 2068/2739/2739 2088/2759/2759 2097/2768/2768
f 2088/2759/2759 2068/2739/2739 1700/1932/1932
f 2067/2738/2738 2069/2740/2740 2088/2759/2759
f 1700/1932/1932 2067/2738/2738 2088/2759/2759
f 1709/1941/1941 1701/1933/1933 2067/2738/2738
f 2067/2738/2738 1700/1932/1932 1660/1892/1892
f 1660/1892/1892 1679/1911/1911 1709/1941/1941
f 1709/1941/1941 2067/2738/2738 1660/1892/1892
f 2091/2762/2762 2072/2743/2743 2070/2741/2741
f 1660/1892/1892 1700/1932/1932 2091/2762/2762
f 2070/2741/2741 1660/1892/1892 2091/2762/2762
f 2100/2771/2771 2093/2764/2764 2091/2762/2762
f 1700/1932/1932 2068/2739/2739 2100/2771/2771
f 2091/2762/2762 1700/1932/1932 2100/2771/2771
f 2103/2774/2774 2102/2773/2773 2100/2771/2771
f 2068/2739/2739 2089/2760/2760 2103/2774/2774
f 2100/2771/2771 2068/2739/2739 2103/2774/2774
f 2089/2760/2760 2098/2769/2769 2105/2776/2776 2103/2774/2774
f 2103/2774/2774 2105/2776/2776 2104/2775/2775 2102/2773/2773
f 2102/2773/2773 2104/2775/2775 2108/2779/2779 2106/2777/2777
f 2106/2777/2777 2108/2779/2779 2107/2778/2778 2101/2772/2772
f 2106/2777/2777 2101/2772/2772 2093/2764/2764
f 2100/2771/2771 2102/2773/2773 2106/2777/2777
f 2093/2764/2764 2100/2771/2771 2106/2777/2777
f 2117/2788/2788 2111/2782/2782 2109/2780/2780
f 2093/2764/2764 2101/2772/2772 2117/2788/2788
f 2109/2780/2780 2093/2764/2764 2117/2788/2788
f 2101/2772/2772 2107/2778/2778 2119/2790/2790 2117/2788/2788
f 2117/2788/2788 2119/2790/2790 2118/2789/2789 2111/2782/2782
f 2111/2782/2782 2118/2789/2789 2122/2793/2793 2120/2791/2791
f 2120/2791/2791 2122/2793/2793 2121/2792/2792 2110/2781/2781
f 2120/2791/2791 2110/2781/2781 2092/2763/2763
f 2109/2780/2780 2111/2782/2782 2120/2791/2791
f 2092/2763/2763 2109/2780/2780 2120/2791/2791
f 2109/2780/2780 2092/2763/2763 2072/2743/2743
f 2091/2762/2762 2093/2764/2764 2109/2780/2780
f 2072/2743/2743 2091/2762/2762 2109/2780/2780
f 2123/2794/2794 2114/2785/2785 2112/2783/2783
f 2072/2743/2743 2092/2763/2763 2123/2794/2794
f 2112/2783/2783 2072/2743/2743 2123/2794/2794
f 2126/2797/2797 2125/2796/2796 2123/2794/2794
f 2092/2763/2763 2110/2781/2781 2126/2797/2797
f 2123/2794/2794 2092/2763/2763 2126/2797/2797
f 2110/2781/2781 2121/2792/2792 2128/2799/2799 2126/2797/2797
f 2126/2797/2797 2128/2799/2799 2127/2798/2798 2125/2796/2796
f 2125/2796/2796 2127/2798/2798 2131/2802/2802 2129/2800/2800
f 2129/2800/2800 2131/2802/2802 2130/2801/2801 2124/2795/2795
f 2129/2800/2800 2124/2795/2795 2114/2785/2785
f 2123/2794/2794 2125/2796/2796 2129/2800/2800
f 2114/2785/2785 2123/2794/2794 2129/2800/2800
f 2138/2809/2809 2134/2805/2805 2132/2803/2803
f 2114/2785/2785 2124/2795/2795 2138/2809/2809
f 2132/2803/2803 2114/2785/2785 2138/2809/2809
f 2124/2795/2795 2130/2801/2801 2140/2811/2811 2138/2809/2809
f 2138/2809/2809 2140/2811/2811 2139/2810/2810 2134/2805/2805
f 2134/2805/2805 2139/2810/2810 2143/2814/2814 2141/2812/2812
f 2141/2812/2812 2143/2814/2814 2142/2813/2813 2133/2804/2804
f 2141/2812/2812 2133/2804/2804 2113/2784/2784
f 2132/2803/2803 2134/2805/2805 2141/2812/2812
f 2113/2784/2784 2132/2803/2803 2141/2812/2812
f 2132/2803/2803 2113/2784/2784 2071/2742/2742
f 2112/2783/2783 2114/2785/2785 2132/2803/2803
f 2071/2742/2742 2112/2783/2783 2132/2803/2803
f 2112/2783/2783 2071/2742/2742 1659/1891/1891
f 2070/2741/2741 2072/2743/2743 2112/2783/2783
f 1659/1891/1891 2070/2741/2741 2112/2783/2783
f 1680/1912/1912 1660/1892/1892 2070/2741/2741
f 2070/2741/2741 1659/1891/1891 1637/1869/1869
f 1637/1869/1869 1638/1870/1870 1680/1912/1912
f 1680/1912/1912 2070/2741/2741 1637/1869/1869
f 2115/2786/2786 1725/2082/2082 1748/2105/2105
f 1748/2105/2105 1724/2081/2081 1637/1869/1869
f 1637/1869/1869 1659/1891/1891 2115/2786/2786
f 2115/2786/2786 1748/2105/2105 1637/1869/1869
f 2135/2806/2806 2116/2787/2787 2115/2786/2786
f 1659/1891/1891 2071/2742/2742 2135/2806/2806
f 2115/2786/2786 1659/1891/1891 2135/2806/2806
f 2144/2815/2815 2137/2808/2808 2135/2806/2806
f 2071/2742/2742 2113/2784/2784 2144/2815/2815
f 2135/2806/2806 2071/2742/2742 2144/2815/2815
f 2147/2818/2818 2146/2817/2817 2144/2815/2815
f 2113/2784/2784 2133/2804/2804 2147/2818/2818
f 2144/2815/2815 2113/2784/2784 2147/2818/2818
f 2133/2804/2804 2142/2813/2813 2149/2820/2820 2147/2818/2818
f 2147/2818/2818 2149/2820/2820 2148/2819/2819 2146/2817/2817
f 2146/2817/2817 2148/2819/2819 2152/2823/2823 2150/2821/2821
f 2150/2821/2821 2152/2823/2823 2151/2822/2822 2145/2816/2816
f 2150/2821/2821 2145/2816/2816 2137/2808/2808
f 2144/2815/2815 2146/2817/2817 2150/2821/2821
f 2137/2808/2808 2144/2815/2815 2150/2821/2821
f 2159/2830/2830 2155/2826/2826 2153/2824/2824
f 2137/2808/2808 2145/2816/2816 2159/2830/2830
f 2153/2824/2824 2137/2808/2808 2159/2830/2830
f 2145/2816/2816 2151/2822/2822 2161/2832/2832 2159/2830/2830
f 2159/2830/2830 2161/2832/2832 2160/2831/2831 2155/2826/2826
f 2155/2826/2826 2160/2831/2831 2164/2835/2835 2162/2833/2833
f 2162/2833/2833 2164/2835/2835 2163/2834/2834 2154/2825/2825
f 2162/2833/2833 2154/2825/2825 2136/2807/2807
f 2153/2824/2824 2155/2826/2826 2162/2833/2833
f 2136/2807/2807 2153/2824/2824 2162/2833/2833
f 2153/2824/2824 2136/2807/2807 2116/2787/2787
f 2135/2806/2806 2137/2808/2808 2153/2824/2824
f 2116/2787/2787 2135/2806/2806 2153/2824/2824
f 2165/2836/2836 2158/2829/2829 2156/2827/2827
f 2116/2787/2787 2136/2807/2807 2165/2836/2836
f 2156/2827/2827 2116/2787/2787 2165/2836/2836
f 2168/2839/2839 2167/2838/2838 2165/2836/2836
f 2136/2807/2807 2154/2825/2825 2168/2839/2839
f 2165/2836/2836 2136/2807/2807 2168/2839/2839
f 2154/2825/2825 2163/2834/2834 2170/2841/2841 2168/2839/2839
f 2168/2839/2839 2170/2841/2841 2169/2840/2840 2167/2838/2838
f 2167/2838/2838 2169/2840/2840 2173/2844/2844 2171/2842/2842
f 2171/2842/2842 2173/2844/2844 2172/2843/2843 2166/2837/2837
f 2171/2842/2842 2166/2837/2837 2158/2829/2829
f 2165/2836/2836 2167/2838/2838 2171/2842/2842
f 2158/2829/2829 2165/2836/2836 2171/2842/2842
f 2179/2850/2850 2176/2847/2847 2174/2845/2845
f 2158/2829/2829 2166/2837/2837 2179/2850/2850
f 2174/2845/2845 2158/2829/2829 2179/2850/2850
f 2166/2837/2837 2172/2843/2843 2181/2852/2852 2179/2850/2850
f 2179/2850/2850 2181/2852/2852 2180/2851/2851 2176/2847/2847
f 2176/2847/2847 2180/2851/2851 2184/2855/2855 2182/2853/2853
f 2182/2853/2853 2184/2855/2855 2183/2854/2854 2175/2846/2846
f 2182/2853/2853 2175/2846/2846 2157/2828/2828
f 2174/2845/2845 2176/2847/2847 2182/2853/2853
f 2157/2828/2828 2174/2845/2845 2182/2853/2853
f 2174/2845/2845 2157/2828/2828 1727/2084/2084
f 2156/2827/2827 2158/2829/2829 2174/2845/2845
f 1727/2084/2084 2156/2827/2827 2174/2845/2845
f 2156/2827/2827 1727/2084/2084 1725/2082/2082
f 2115/2786/2786 2116/2787/2787 2156/2827/2827
f 1725/2082/2082 2115/2786/2786 2156/2827/2827
f 2177/2848/2848 1728/2085/2085 1745/2102/2102
f 1745/2102/2102 1726/2083/2083 1725/2082/2082
f 1725/2082/2082 1727/2084/2084 2177/2848/2848
f 2177/2848/2848 1745/2102/2102 1725/2082/2082
f 2185/2856/2856 2178/2849/2849 2177/2848/2848
f 1727/2084/2084 2157/2828/2828 2185/2856/2856
f 2177/2848/2848 1727/2084/2084 2185/2856/2856
f 2188/2859/2859 2187/2858/2858 2185/2856/2856
f 2157/2828/2828 2175/2846/2846 2188/2859/2859
f 2185/2856/2856 2157/2828/2828 2188/2859/2859
f 2175/2846/2846 2183/2854/2854 2190/2861/2861 2188/2859/2859
f 2188/2859/2859 2190/2861/2861 2189/2860/2860 2187/2858/2858
f 2187/2858/2858 2189/2860/2860 2193/2864/2864 2191/2862/2862
f 2191/2862/2862 2193/2864/2864 2192/2863/2863 2186/2857/2857
f 2191/2862/2862 2186/2857/2857 2178/2849/2849
f 2185/2856/2856 2187/2858/2858 2191/2862/2862
f 2178/2849/2849 2185/2856/2856 2191/2862/2862
f 2197/2868/2868 2196/2867/2867 2194/2865/2865
f 2178/2849/2849 2186/2857/2857 2197/2868/2868
f 2194/2865/2865 2178/2849/2849 2197/2868/2868
f 2186/2857/2857 2192/2863/2863 2199/2870/2870 2197/2868/2868
f 2197/2868/2868 2199/2870/2870 2198/2869/2869 2196/2867/2867
f 2196/2867/2867 2198/2869/2869 2202/2873/2873 2200/2871/2871
f 2200/2871/2871 2202/2873/2873 2201/2872/2872 2195/2866/2866
f 2200/2871/2871 2195/2866/2866 1730/2087/2087
f 2194/2865/2865 2196/2867/2867 2200/2871/2871
f 1730/2087/2087 2194/2865/2865 2200/2871/2871
f 2194/2865/2865 1730/2087/2087 1728/2085/2085
f 2177/2848/2848 2178/2849/2849 2194/2865/2865
f 1728/2085/2085 2177/2848/2848 2194/2865/2865
f 2203/2874/2874 1731/2088/2088 1742/2099/2099
f 1742/2099/2099 1729/2086/2086 1728/2085/2085
f 1728/2085/2085 1730/2087/2087 2203/2874/2874
f 2203/2874/2874 1742/2099/2099 1728/2085/2085
f 2205/2876/2876 2204/2875/2875 2203/2874/2874
f 1730/2087/2087 2195/2866/2866 2205/2876/2876
f 2203/2874/2874 1730/2087/2087 2205/2876/2876
f 2195/2866/2866 2201/2872/2872 2207/2878/2878 2205/2876/2876
f 2205/2876/2876 2207/2878/2878 2206/2877/2877 2204/2875/2875
f 2204/2875/2875 2206/2877/2877 2210/2881/2881 2208/2879/2879
f 2208/2879/2879 2210/2881/2881 2209/2880/2880 1733/2090/2090
f 2208/2879/2879 1733/2090/2090 1731/2088/2088
f 2203/2874/2874 2204/2875/2875 2208/2879/2879
f 1731/2088/2088 2203/2874/2874 2208/2879/2879
f 2211/2882/2882 1734/2091/2091 1739/2096/2096
f 1739/2096/2096 1732/2089/2089 1731/2088/2088
f 1731/2088/2088 1733/2090/2090 2211/2882/2882
f 2211/2882/2882 1739/2096/2096 1731/2088/2088
f 1733/2090/2090 2209/2880/2880 2212/2883/2883 2211/2882/2882
f 2211/2882/2882 2212/2883/2883 1736/2093/2093 1734/2091/2091
f 1734/2091/2091 1736/2093/2093 1737/2094/2094 1735/2092/2092
f 1732/2089/2089 1739/2096/2096 1740/2097/2097 1738/2095/2095
f 1739/2096/2096 1734/2091/2091 1735/2092/2092 1740/2097/2097
f 1755/2112/2112 1741/2098/2098 1729/2086/2086
f 1742/2099/2099 1743/2100/2100 1755/2112/2112
f 1729/2086/2086 1742/2099/2099 1755/2112/2112
f 1752/2109/2109 1743/2100/2100 1742/2099/2099
f 1731/2088/2088 1732/2089/2089 1752/2109/2109
f 1742/2099/2099 1731/2088/2088 1752/2109/2109
f 1743/2100/2100 1752/2109/2109 1753/2110/2110 1751/2108/2108
f 1752/2109/2109 1732/2089/2089 1738/2095/2095 1753/2110/2110
f 1741/2098/2098 1755/2112/2112 1756/2113/2113 1754/2111/2111
f 1755/2112/2112 1743/2100/2100 1751/2108/2108 1756/2113/2113
f 1767/2124/2124 1744/2101/2101 1726/2083/2083
f 1745/2102/2102 1746/2103/2103 1767/2124/2124
f 1726/2083/2083 1745/2102/2102 1767/2124/2124
f 1758/2115/2115 1746/2103/2103 1745/2102/2102
f 1728/2085/2085 1729/2086/2086 1758/2115/2115
f 1745/2102/2102 1728/2085/2085 1758/2115/2115
f 1764/2121/2121 1757/2114/2114 1746/2103/2103
f 1758/2115/2115 1759/2116/2116 1764/2121/2121
f 1746/2103/2103 1758/2115/2115 1764/2121/2121
f 1761/2118/2118 1759/2116/2116 1758/2115/2115
f 1729/2086/2086 1741/2098/2098 1761/2118/2118
f 1758/2115/2115 1729/2086/2086 1761/2118/2118
f 1759/2116/2116 1761/2118/2118 1762/2119/2119 1760/2117/2117
f 1761/2118/2118 1741/2098/2098 1754/2111/2111 1762/2119/2119
f 1757/2114/2114 1764/2121/2121 1765/2122/2122 1763/2120/2120
f 1764/2121/2121 1759/2116/2116 1760/2117/2117 1765/2122/2122
f 1776/2133/2133 1766/2123/2123 1744/2101/2101
f 1767/2124/2124 1768/2125/2125 1776/2133/2133
f 1744/2101/2101 1767/2124/2124 1776/2133/2133
f 1773/2130/2130 1768/2125/2125 1767/2124/2124
f 1746/2103/2103 1757/2114/2114 1773/2130/2130
f 1767/2124/2124 1746/2103/2103 1773/2130/2130
f 1768/2125/2125 1773/2130/2130 1774/2131/2131 1772/2129/2129
f 1773/2130/2130 1757/2114/2114 1763/2120/2120 1774/2131/2131
f 1766/2123/2123 1776/2133/2133 1777/2134/2134 1775/2132/2132
f 1776/2133/2133 1768/2125/2125 1772/2129/2129 1777/2134/2134
f 1791/2148/2148 1747/2104/2104 1724/2081/2081
f 1748/2105/2105 1749/2106/2106 1791/2148/2148
f 1724/2081/2081 1748/2105/2105 1791/2148/2148
f 1770/2127/2127 1749/2106/2106 1748/2105/2105
f 1725/2082/2082 1726/2083/2083 1770/2127/2127
f 1748/2105/2105 1725/2082/2082 1770/2127/2127
f 1788/2145/2145 1769/2126/2126 1749/2106/2106
f 1770/2127/2127 1771/2128/2128 1788/2145/2145
f 1749/2106/2106 1770/2127/2127 1788/2145/2145
f 1779/2136/2136 1771/2128/2128 1770/2127/2127
f 1726/2083/2083 1744/2101/2101 1779/2136/2136
f 1770/2127/2127 1726/2083/2083 1779/2136/2136
f 1785/2142/2142 1778/2135/2135 1771/2128/2128
f 1779/2136/2136 1780/2137/2137 1785/2142/2142
f 1771/2128/2128 1779/2136/2136 1785/2142/2142
f 1782/2139/2139 1780/2137/2137 1779/2136/2136
f 1744/2101/2101 1766/2123/2123 1782/2139/2139
f 1779/2136/2136 1744/2101/2101 1782/2139/2139
f 1780/2137/2137 1782/2139/2139 1783/2140/2140 1781/2138/2138
f 1782/2139/2139 1766/2123/2123 1775/2132/2132 1783/2140/2140
f 1778/2135/2135 1785/2142/2142 1786/2143/2143 1784/2141/2141
f 1785/2142/2142 1780/2137/2137 1781/2138/2138 1786/2143/2143
f 1800/2157/2157 1787/2144/2144 1769/2126/2126
f 1788/2145/2145 1789/2146/2146 1800/2157/2157
f 1769/2126/2126 1788/2145/2145 1800/2157/2157
f 1797/2154/2154 1789/2146/2146 1788/2145/2145
f 1771/2128/2128 1778/2135/2135 1797/2154/2154
f 1788/2145/2145 1771/2128/2128 1797/2154/2154
f 1789/2146/2146 1797/2154/2154 1798/2155/2155 1796/2153/2153
f 1797/2154/2154 1778/2135/2135 1784/2141/2141 1798/2155/2155
f 1787/2144/2144 1800/2157/2157 1801/2158/2158 1799/2156/2156
f 1800/2157/2157 1789/2146/2146 1796/2153/2153 1801/2158/2158
f 1812/2169/2169 1790/2147/2147 1747/2104/2104
f 1791/2148/2148 1792/2149/2149 1812/2169/2169
f 1747/2104/2104 1791/2148/2148 1812/2169/2169
f 1803/2160/2160 1792/2149/2149 1791/2148/2148
f 1749/2106/2106 1769/2126/2126 1803/2160/2160
f 1791/2148/2148 1749/2106/2106 1803/2160/2160
f 1809/2166/2166 1802/2159/2159 1792/2149/2149
f 1803/2160/2160 1804/2161/2161 1809/2166/2166
f 1792/2149/2149 1803/2160/2160 1809/2166/2166
f 1806/2163/2163 1804/2161/2161 1803/2160/2160
f 1769/2126/2126 1787/2144/2144 1806/2163/2163
f 1803/2160/2160 1769/2126/2126 1806/2163/2163
f 1804/2161/2161 1806/2163/2163 1807/2164/2164 1805/2162/2162
f 1806/2163/2163 1787/2144/2144 1799/2156/2156 1807/2164/2164
f 1802/2159/2159 1809/2166/2166 1810/2167/2167 1808/2165/2165
f 1809/2166/2166 1804/2161/2161 1805/2162/2162 1810/2167/2167
f 1821/2178/2178 1811/2168/2168 1790/2147/2147
f 1812/2169/2169 1813/2170/2170 1821/2178/2178
f 1790/2147/2147 1812/2169/2169 1821/2178/2178
f 1818/2175/2175 1813/2170/2170 1812/2169/2169
f 1792/2149/2149 1802/2159/2159 1818/2175/2175
f 1812/2169/2169 1792/2149/2149 1818/2175/2175
f 1813/2170/2170 1818/2175/2175 1819/2176/2176 1817/2174/2174
f 1818/2175/2175 1802/2159/2159 1808/2165/2165 1819/2176/2176
f 1811/2168/2168 1821/2178/2178 1822/2179/2179 1820/2177/2177
f 1821/2178/2178 1813/2170/2170 1817/2174/2174 1822/2179/2179
f 1983/2497/2497 1974/2488/2488 1984/2498/2498 1985/2499/2499
f 1985/2499/2499 1984/2498/2498 1976/2490/2490 1980/2494/2494
f 1984/2498/2498 1974/2488/2488 1954/2468/2468
f 1975/2489/2489 1976/2490/2490 1984/2498/2498
f 1954/2468/2468 1975/2489/2489 1984/2498/2498
f 1981/2495/2495 1976/2490/2490 1975/2489/2489
f 1956/2470/2470 1965/2479/2479 1981/2495/2495
f 1975/2489/2489 1956/2470/2470 1981/2495/2495
f 1980/2494/2494 1976/2490/2490 1981/2495/2495 1982/2496/2496
f 1982/2496/2496 1981/2495/2495 1965/2479/2479 1971/2485/2485
f 1975/2489/2489 1954/2468/2468 1912/2426/2426
f 1955/2469/2469 1956/2470/2470 1975/2489/2489
f 1912/2426/2426 1955/2469/2469 1975/2489/2489
f 1966/2480/2480 1956/2470/2470 1955/2469/2469
f 1914/2428/2428 1933/2447/2447 1966/2480/2480
f 1955/2469/2469 1914/2428/2428 1966/2480/2480
f 1971/2485/2485 1965/2479/2479 1972/2486/2486 1973/2487/2487
f 1973/2487/2487 1972/2486/2486 1967/2481/2481 1968/2482/2482
f 1972/2486/2486 1965/2479/2479 1956/2470/2470
f 1966/2480/2480 1967/2481/2481 1972/2486/2486
f 1956/2470/2470 1966/2480/2480 1972/2486/2486
f 1969/2483/2483 1967/2481/2481 1966/2480/2480
f 1933/2447/2447 1951/2465/2465 1969/2483/2483
f 1966/2480/2480 1933/2447/2447 1969/2483/2483
f 1968/2482/2482 1967/2481/2481 1969/2483/2483 1970/2484/2484
f 1970/2484/2484 1969/2483/2483 1951/2465/2465 1962/2476/2476
f 1955/2469/2469 1912/2426/2426 1639/1871/1871
f 1913/2427/2427 1914/2428/2428 1955/2469/2469
f 1639/1871/1871 1913/2427/2427 1955/2469/2469
f 1934/2448/2448 1914/2428/2428 1913/2427/2427
f 1750/2107/2107 1838/2195/2195 1934/2448/2448
f 1913/2427/2427 1750/2107/2107 1934/2448/2448
f 1962/2476/2476 1951/2465/2465 1963/2477/2477 1964/2478/2478
f 1964/2478/2478 1963/2477/2477 1953/2467/2467 1959/2473/2473
f 1963/2477/2477 1951/2465/2465 1933/2447/2447
f 1952/2466/2466 1953/2467/2467 1963/2477/2477
f 1933/2447/2447 1952/2466/2466 1963/2477/2477
f 1960/2474/2474 1953/2467/2467 1952/2466/2466
f 1935/2449/2449 1942/2456/2456 1960/2474/2474
f 1952/2466/2466 1935/2449/2449 1960/2474/2474
f 1959/2473/2473 1953/2467/2467 1960/2474/2474 1961/2475/2475
f 1961/2475/2475 1960/2474/2474 1942/2456/2456 1948/2462/2462
f 1952/2466/2466 1933/2447/2447 1914/2428/2428
f 1934/2448/2448 1935/2449/2449 1952/2466/2466
f 1914/2428/2428 1934/2448/2448 1952/2466/2466
f 1943/2457/2457 1935/2449/2449 1934/2448/2448
f 1838/2195/2195 1909/2423/2423 1943/2457/2457
f 1934/2448/2448 1838/2195/2195 1943/2457/2457
f 1948/2462/2462 1942/2456/2456 1949/2463/2463 1950/2464/2464
f 1950/2464/2464 1949/2463/2463 1944/2458/2458 1945/2459/2459
f 1949/2463/2463 1942/2456/2456 1935/2449/2449
f 1943/2457/2457 1944/2458/2458 1949/2463/2463
f 1935/2449/2449 1943/2457/2457 1949/2463/2463
f 1946/2460/2460 1944/2458/2458 1943/2457/2457
f 1909/2423/2423 1930/2444/2444 1946/2460/2460
f 1943/2457/2457 1909/2423/2423 1946/2460/2460
f 1945/2459/2459 1944/2458/2458 1946/2460/2460 1947/2461/2461
f 1947/2461/2461 1946/2460/2460 1930/2444/2444 1939/2453/2453
f 1794/2151/2151 1750/2107/2107 1913/2427/2427
f 1913/2427/2427 1639/1871/1871 1637/1869/1869
f 1637/1869/1869 1724/2081/2081 1794/2151/2151
f 1794/2151/2151 1913/2427/2427 1637/1869/1869
f 1836/2193/2193 1793/2150/2150 1750/2107/2107
f 1794/2151/2151 1795/2152/2152 1836/2193/2193
f 1750/2107/2107 1794/2151/2151 1836/2193/2193
f 1815/2172/2172 1795/2152/2152 1794/2151/2151
f 1724/2081/2081 1747/2104/2104 1815/2172/2172
f 1794/2151/2151 1724/2081/2081 1815/2172/2172
f 1833/2190/2190 1814/2171/2171 1795/2152/2152
f 1815/2172/2172 1816/2173/2173 1833/2190/2190
f 1795/2152/2152 1815/2172/2172 1833/2190/2190
f 1824/2181/2181 1816/2173/2173 1815/2172/2172
f 1747/2104/2104 1790/2147/2147 1824/2181/2181
f 1815/2172/2172 1747/2104/2104 1824/2181/2181
f 1830/2187/2187 1823/2180/2180 1816/2173/2173
f 1824/2181/2181 1825/2182/2182 1830/2187/2187
f 1816/2173/2173 1824/2181/2181 1830/2187/2187
f 1827/2184/2184 1825/2182/2182 1824/2181/2181
f 1790/2147/2147 1811/2168/2168 1827/2184/2184
f 1824/2181/2181 1790/2147/2147 1827/2184/2184
f 1825/2182/2182 1827/2184/2184 1828/2185/2185 1826/2183/2183
f 1827/2184/2184 1811/2168/2168 1820/2177/2177 1828/2185/2185
f 1823/2180/2180 1830/2187/2187 1831/2188/2188 1829/2186/2186
f 1830/2187/2187 1825/2182/2182 1826/2183/2183 1831/2188/2188
f 1844/2201/2201 1832/2189/2189 1814/2171/2171
f 1833/2190/2190 1834/2191/2191 1844/2201/2201
f 1814/2171/2171 1833/2190/2190 1844/2201/2201
f 1841/2198/2198 1834/2191/2191 1833/2190/2190
f 1816/2173/2173 1823/2180/2180 1841/2198/2198
f 1833/2190/2190 1816/2173/2173 1841/2198/2198
f 1834/2191/2191 1841/2198/2198 1842/2199/2199 1840/2197/2197
f 1841/2198/2198 1823/2180/2180 1829/2186/2186 1842/2199/2199
f 1832/2189/2189 1844/2201/2201 1845/2202/2202 1843/2200/2200
f 1844/2201/2201 1834/2191/2191 1840/2197/2197 1845/2202/2202
f 1856/2213/2213 1835/2192/2192 1793/2150/2150
f 1836/2193/2193 1837/2194/2194 1856/2213/2213
f 1793/2150/2150 1836/2193/2193 1856/2213/2213
f 1847/2204/2204 1837/2194/2194 1836/2193/2193
f 1795/2152/2152 1814/2171/2171 1847/2204/2204
f 1836/2193/2193 1795/2152/2152 1847/2204/2204
f 1853/2210/2210 1846/2203/2203 1837/2194/2194
f 1847/2204/2204 1848/2205/2205 1853/2210/2210
f 1837/2194/2194 1847/2204/2204 1853/2210/2210
f 1850/2207/2207 1848/2205/2205 1847/2204/2204
f 1814/2171/2171 1832/2189/2189 1850/2207/2207
f 1847/2204/2204 1814/2171/2171 1850/2207/2207
f 1848/2205/2205 1850/2207/2207 1851/2208/2208 1849/2206/2206
f 1850/2207/2207 1832/2189/2189 1843/2200/2200 1851/2208/2208
f 1846/2203/2203 1853/2210/2210 1854/2211/2211 1852/2209/2209
f 1853/2210/2210 1848/2205/2205 1849/2206/2206 1854/2211/2211
f 1865/2222/2222 1855/2212/2212 1835/2192/2192
f 1856/2213/2213 1857/2214/2214 1865/2222/2222
f 1835/2192/2192 1856/2213/2213 1865/2222/2222
f 1862/2219/2219 1857/2214/2214 1856/2213/2213
f 1837/2194/2194 1846/2203/2203 1862/2219/2219
f 1856/2213/2213 1837/2194/2194 1862/2219/2219
f 1857/2214/2214 1862/2219/2219 1863/2220/2220 1861/2218/2218
f 1862/2219/2219 1846/2203/2203 1852/2209/2209 1863/2220/2220
f 1855/2212/2212 1865/2222/2222 1866/2223/2223 1864/2221/2221
f 1865/2222/2222 1857/2214/2214 1861/2218/2218 1866/2223/2223
f 1939/2453/2453 1930/2444/2444 1940/2454/2454 1941/2455/2455
f 1941/2455/2455 1940/2454/2454 1932/2446/2446 1936/2450/2450
f 1940/2454/2454 1930/2444/2444 1909/2423/2423
f 1931/2445/2445 1932/2446/2446 1940/2454/2454
f 1909/2423/2423 1931/2445/2445 1940/2454/2454
f 1937/2451/2451 1932/2446/2446 1931/2445/2445
f 1911/2425/2425 1921/2435/2435 1937/2451/2451
f 1931/2445/2445 1911/2425/2425 1937/2451/2451
f 1936/2450/2450 1932/2446/2446 1937/2451/2451 1938/2452/2452
f 1938/2452/2452 1937/2451/2451 1921/2435/2435 1927/2441/2441
f 1931/2445/2445 1909/2423/2423 1838/2195/2195
f 1910/2424/2424 1911/2425/2425 1931/2445/2445
f 1838/2195/2195 1910/2424/2424 1931/2445/2445
f 1922/2436/2436 1911/2425/2425 1910/2424/2424
f 1839/2196/2196 1879/2236/2236 1922/2436/2436
f 1910/2424/2424 1839/2196/2196 1922/2436/2436
f 1927/2441/2441 1921/2435/2435 1928/2442/2442 1929/2443/2443
f 1929/2443/2443 1928/2442/2442 1923/2437/2437 1924/2438/2438
f 1928/2442/2442 1921/2435/2435 1911/2425/2425
f 1922/2436/2436 1923/2437/2437 1928/2442/2442
f 1911/2425/2425 1922/2436/2436 1928/2442/2442
f 1925/2439/2439 1923/2437/2437 1922/2436/2436
f 1879/2236/2236 1906/2420/2420 1925/2439/2439
f 1922/2436/2436 1879/2236/2236 1925/2439/2439
f 1924/2438/2438 1923/2437/2437 1925/2439/2439 1926/2440/2440
f 1926/2440/2440 1925/2439/2439 1906/2420/2420 1918/2432/2432
f 1859/2216/2216 1839/2196/2196 1910/2424/2424
f 1910/2424/2424 1838/2195/2195 1750/2107/2107
f 1750/2107/2107 1793/2150/2150 1859/2216/2216
f 1859/2216/2216 1910/2424/2424 1750/2107/2107
f 1877/2234/2234 1858/2215/2215 1839/2196/2196
f 1859/2216/2216 1860/2217/2217 1877/2234/2234
f 1839/2196/2196 1859/2216/2216 1877/2234/2234
f 1868/2225/2225 1860/2217/2217 1859/2216/2216
f 1793/2150/2150 1835/2192/2192 1868/2225/2225
f 1859/2216/2216 1793/2150/2150 1868/2225/2225
f 1874/2231/2231 1867/2224/2224 1860/2217/2217
f 1868/2225/2225 1869/2226/2226 1874/2231/2231
f 1860/2217/2217 1868/2225/2225 1874/2231/2231
f 1871/2228/2228 1869/2226/2226 1868/2225/2225
f 1835/2192/2192 1855/2212/2212 1871/2228/2228
f 1868/2225/2225 1835/2192/2192 1871/2228/2228
f 1869/2226/2226 1871/2228/2228 1872/2229/2229 1870/2227/2227
f 1871/2228/2228 1855/2212/2212 1864/2221/2221 1872/2229/2229
f 1867/2224/2224 1874/2231/2231 1875/2232/2232 1873/2230/2230
f 1874/2231/2231 1869/2226/2226 1870/2227/2227 1875/2232/2232
f 1885/2242/2242 1876/2233/2233 1858/2215/2215
f 1877/2234/2234 1878/2235/2235 1885/2242/2242
f 1858/2215/2215 1877/2234/2234 1885/2242/2242
f 1882/2239/2239 1878/2235/2235 1877/2234/2234
f 1860/2217/2217 1867/2224/2224 1882/2239/2239
f 1877/2234/2234 1860/2217/2217 1882/2239/2239
f 1878/2235/2235 1882/2239/2239 1883/2240/2240 1881/2238/2238
f 1882/2239/2239 1867/2224/2224 1873/2230/2230 1883/2240/2240
f 1876/2233/2233 1885/2242/2242 1886/2243/2243 1884/2241/2241
f 1885/2242/2242 1878/2235/2235 1881/2238/2238 1886/2243/2243
f 1918/2432/2432 1906/2420/2420 1919/2433/2433 1920/2434/2434
f 1920/2434/2434 1919/2433/2433 1908/2422/2422 1915/2429/2429
f 1919/2433/2433 1906/2420/2420 1879/2236/2236
f 1907/2421/2421 1908/2422/2422 1919/2433/2433
f 1879/2236/2236 1907/2421/2421 1919/2433/2433
f 1916/2430/2430 1908/2422/2422 1907/2421/2421
f 1880/2237/2237 1896/2253/2253 1916/2430/2430
f 1907/2421/2421 1880/2237/2237 1916/2430/2430
f 1915/2429/2429 1908/2422/2422 1916/2430/2430 1917/2431/2431
f 1917/2431/2431 1916/2430/2430 1896/2253/2253 1903/2417/2417
f 1888/2245/2245 1880/2237/2237 1907/2421/2421
f 1907/2421/2421 1879/2236/2236 1839/2196/2196
f 1839/2196/2196 1858/2215/2215 1888/2245/2245
f 1888/2245/2245 1907/2421/2421 1839/2196/2196
f 1894/2251/2251 1887/2244/2244 1880/2237/2237
f 1888/2245/2245 1889/2246/2246 1894/2251/2251
f 1880/2237/2237 1888/2245/2245 1894/2251/2251
f 1891/2248/2248 1889/2246/2246 1888/2245/2245
f 1858/2215/2215 1876/2233/2233 1891/2248/2248
f 1888/2245/2245 1858/2215/2215 1891/2248/2248
f 1889/2246/2246 1891/2248/2248 1892/2249/2249 1890/2247/2247
f 1891/2248/2248 1876/2233/2233 1884/2241/2241 1892/2249/2249
f 1887/2244/2244 1894/2251/2251 1895/2252/2252 1893/2250/2250
f 1894/2251/2251 1889/2246/2246 1890/2247/2247 1895/2252/2252
f 1903/2417/2417 1896/2253/2253 1904/2418/2418 1905/2419/2419
f 1905/2419/2419 1904/2418/2418 1897/2254/2254 1901/2258/2258
f 1899/2256/2256 1897/2254/2254 1904/2418/2418
f 1904/2418/2418 1896/2253/2253 1880/2237/2237
f 1880/2237/2237 1887/2244/2244 1899/2256/2256
f 1899/2256/2256 1904/2418/2418 1880/2237/2237
f 1897/2254/2254 1899/2256/2256 1900/2257/2257 1898/2255/2255
f 1899/2256/2256 1887/2244/2244 1893/2250/2250 1900/2257/2257
f 1901/2258/2258 1897/2254/2254 1898/2255/2255 1902/2259/2259
f 1737/2094/2094 932/2727/2727 933/2728/2728
f 930/2725/2725 931/2726/2726 1737/2094/2094
f 931/2726/2726 932/2727/2727 1737/2094/2094
f 1736/2093/2093 929/2724/2724 930/2725/2725
f 929/2724/2724 1736/2093/2093 928/2723/2723
f 928/2723/2723 2212/2883/2883 927/2722/2722
f 926/2721/2721 2212/2883/2883 925/2720/2720
f 2209/2880/2880 923/2718/2718 924/2719/2719
f 2209/2880/2880 924/2719/2719 925/2720/2720
f 2212/2883/2883 926/2721/2721 927/2722/2722
f 2210/2881/2881 922/2717/2717 923/2718/2718
f 920/2715/2715 921/2716/2716 2210/2881/2881
f 2206/2877/2877 919/2714/2714 920/2715/2715
f 921/2716/2716 922/2717/2717 2210/2881/2881
f 916/2711/2711 917/2712/2712 2207/2878/2878
f 2207/2878/2878 915/2710/2710 916/2711/2711
f 913/2708/2708 914/2709/2709 2201/2872/2872
f 914/2709/2709 915/2710/2710 2201/2872/2872
f 2207/2878/2878 917/2712/2712 918/2713/2713
f 2206/2877/2877 918/2713/2713 919/2714/2714
f 933/2728/2728 438/1804/1804 442/1956/1956
f 930/2725/2725 1737/2094/2094 1736/2093/2093
f 443/1957/1957 1737/2094/2094 442/1956/1956
f 923/2718/2718 2209/2880/2880 2210/2881/2881
f 2212/2883/2883 928/2723/2723 1736/2093/2093
f 2209/2880/2880 925/2720/2720 2212/2883/2883
f 442/1956/1956 1737/2094/2094 933/2728/2728
f 2210/2881/2881 2206/2877/2877 920/2715/2715
f 2207/2878/2878 2201/2872/2872 915/2710/2710
f 2201/2872/2872 2202/2873/2873 913/2708/2708
f 2206/2877/2877 2207/2878/2878 918/2713/2713
f 912/2707/2707 913/2708/2708 2202/2873/2873
f 2198/2869/2869 910/2705/2705 911/2706/2706
f 2198/2869/2869 908/2703/2703 909/2704/2704
f 908/2703/2703 2199/2870/2870 907/2702/2702
f 907/2702/2702 2199/2870/2870 906/2701/2701
f 909/2704/2704 910/2705/2705 2198/2869/2869
f 2198/2869/2869 2199/2870/2870 908/2703/2703
f 2199/2870/2870 2192/2863/2863 906/2701/2701
f 904/2699/2699 905/2700/2700 2192/2863/2863
f 2192/2863/2863 905/2700/2700 906/2701/2701
f 903/2698/2698 904/2699/2699 2192/2863/2863
f 2202/2873/2873 2198/2869/2869 911/2706/2706
f 2202/2873/2873 911/2706/2706 912/2707/2707
f 2193/2864/2864 902/2697/2697 903/2698/2698
f 899/2694/2694 900/2695/2695 2189/2860/2860
f 2189/2860/2860 898/2693/2693 899/2694/2694
f 901/2696/2696 902/2697/2697 2193/2864/2864
f 898/2693/2693 2190/2861/2861 897/2692/2692
f 2183/2854/2854 895/2690/2690 896/2691/2691
f 895/2690/2690 2183/2854/2854 894/2689/2689
f 2184/2855/2855 892/2687/2687 893/2688/2688
f 2183/2854/2854 893/2688/2688 894/2689/2689
f 896/2691/2691 897/2692/2692 2190/2861/2861
f 2180/2851/2851 890/2685/2685 891/2686/2686
f 888/2683/2683 889/2684/2684 2180/2851/2851
f 2181/2852/2852 887/2682/2682 888/2683/2683
f 2180/2851/2851 889/2684/2684 890/2685/2685
f 887/2682/2682 2181/2852/2852 886/2681/2681
f 886/2681/2681 2172/2843/2843 885/2680/2680
f 883/2678/2678 884/2679/2679 2172/2843/2843
f 2173/2844/2844 882/2677/2677 883/2678/2678
f 885/2680/2680 2172/2843/2843 884/2679/2679
f 892/2687/2687 2184/2855/2855 891/2686/2686
f 2189/2860/2860 900/2695/2695 901/2696/2696
f 2189/2860/2860 2190/2861/2861 898/2693/2693
f 881/2676/2676 2169/2840/2840 880/2675/2675
f 2183/2854/2854 896/2691/2691 2190/2861/2861
f 2184/2855/2855 893/2688/2688 2183/2854/2854
f 2193/2864/2864 2189/2860/2860 901/2696/2696
f 2184/2855/2855 2180/2851/2851 891/2686/2686
f 2180/2851/2851 2181/2852/2852 888/2683/2683
f 2172/2843/2843 2173/2844/2844 883/2678/2678
f 882/2677/2677 2173/2844/2844 881/2676/2676
f 2181/2852/2852 2172/2843/2843 886/2681/2681
f 2173/2844/2844 2169/2840/2840 881/2676/2676
f 2169/2840/2840 878/2673/2673 879/2674/2674
f 2170/2841/2841 877/2672/2672 878/2673/2673
f 876/2671/2671 2163/2834/2834 875/2670/2670
f 2163/2834/2834 874/2669/2669 875/2670/2670
f 2170/2841/2841 876/2671/2671 877/2672/2672
f 2170/2841/2841 2163/2834/2834 876/2671/2671
f 2163/2834/2834 2164/2835/2835 874/2669/2669
f 872/2667/2667 873/2668/2668 2164/2835/2835
f 2164/2835/2835 873/2668/2668 874/2669/2669
f 871/2666/2666 872/2667/2667 2164/2835/2835
f 2169/2840/2840 2170/2841/2841 878/2673/2673
f 2169/2840/2840 879/2674/2674 880/2675/2675
f 2193/2864/2864 903/2698/2698 2192/2863/2863
f 1737/2094/2094 443/1957/1957 444/1958/1958
f 445/1959/1959 1735/2092/2092 444/1958/1958
f 447/1961/1961 1740/2097/2097 446/1960/1960
f 448/1962/1962 1740/2097/2097 447/1961/1961
f 446/1960/1960 1735/2092/2092 445/1959/1959
f 449/1963/1963 450/1964/1964 1738/2095/2095
f 450/1964/1964 451/1965/1965 1753/2110/2110
f 454/1968/1968 1751/2108/2108 453/1967/1967
f 451/1965/1965 452/1966/1966 1753/2110/2110
f 452/1966/1966 453/1967/1967 1751/2108/2108
f 449/1963/1963 1738/2095/2095 448/1962/1962
f 456/1970/1970 1756/2113/2113 455/1969/1969
f 458/1972/1972 1754/2111/2111 457/1971/1971
f 457/1971/1971 1754/2111/2111 456/1970/1970
f 455/1969/1969 1756/2113/2113 454/1968/1968
f 461/1975/1975 1760/2117/2117 460/1974/1974
f 459/1973/1973 460/1974/1974 1762/2119/2119
f 464/1978/1978 1763/2120/2120 463/1977/1977
f 1765/2122/2122 462/1976/1976 463/1977/1977
f 462/1976/1976 1760/2117/2117 461/1975/1975
f 458/1972/1972 459/1973/1973 1762/2119/2119
f 464/1978/1978 465/1979/1979 1763/2120/2120
f 1774/2131/2131 465/1979/1979 466/1980/1980
f 469/1983/1983 1772/2129/2129 468/1982/1982
f 1772/2129/2129 467/1981/1981 468/1982/1982
f 467/1981/1981 1774/2131/2131 466/1980/1980
f 473/1987/1987 1775/2132/2132 472/1986/1986
f 1777/2134/2134 470/1984/1984 471/1985/1985
f 476/1990/1990 1781/2138/2138 475/1989/1989
f 474/1988/1988 1783/2140/2140 473/1987/1987
f 472/1986/1986 1775/2132/2132 471/1985/1985
f 1783/2140/2140 474/1988/1988 475/1989/1989
f 479/1993/1993 1786/2143/2143 478/1992/1992
f 477/1991/1991 1781/2138/2138 476/1990/1990
f 482/1996/1996 1798/2155/2155 481/1995/1995
f 480/1994/1994 1784/2141/2141 479/1993/1993
f 477/1991/1991 478/1992/1992 1786/2143/2143
f 484/1998/1998 1796/2153/2153 483/1997/1997
f 484/1998/1998 485/1999/1999 1796/2153/2153
f 487/2001/2001 1801/2158/2158 486/2000/2000
f 488/2002/2002 1799/2156/2156 487/2001/2001
f 483/1997/1997 1798/2155/2155 482/1996/1996
f 485/1999/1999 486/2000/2000 1801/2158/2158
f 469/1983/1983 470/1984/1984 1777/2134/2134
f 1784/2141/2141 480/1994/1994 481/1995/1995
f 1740/2097/2097 1735/2092/2092 446/1960/1960
f 1753/2110/2110 1738/2095/2095 450/1964/1964
f 1751/2108/2108 1753/2110/2110 452/1966/1966
f 1740/2097/2097 448/1962/1962 1738/2095/2095
f 1754/2111/2111 1756/2113/2113 456/1970/1970
f 1762/2119/2119 1754/2111/2111 458/1972/1972
f 1765/2122/2122 1760/2117/2117 462/1976/1976
f 1763/2120/2120 1765/2122/2122 463/1977/1977
f 1762/2119/2119 460/1974/1974 1760/2117/2117
f 1751/2108/2108 454/1968/1968 1756/2113/2113
f 1772/2129/2129 1774/2131/2131 467/1981/1981
f 1777/2134/2134 1772/2129/2129 469/1983/1983
f 1783/2140/2140 1775/2132/2132 473/1987/1987
f 1781/2138/2138 1783/2140/2140 475/1989/1989
f 1777/2134/2134 471/1985/1985 1775/2132/2132
f 1784/2141/2141 1786/2143/2143 479/1993/1993
f 1798/2155/2155 1784/2141/2141 481/1995/1995
f 1801/2158/2158 1796/2153/2153 485/1999/1999
f 1799/2156/2156 1801/2158/2158 487/2001/2001
f 1798/2155/2155 483/1997/1997 1796/2153/2153
f 1781/2138/2138 477/1991/1991 1786/2143/2143
f 1763/2120/2120 465/1979/1979 1774/2131/2131
f 490/2004/2004 1807/2164/2164 489/2003/2003
f 493/2007/2007 1805/2162/2162 492/2006/2006
f 1807/2164/2164 490/2004/2004 491/2005/2005
f 491/2005/2005 492/2006/2006 1805/2162/2162
f 1810/2167/2167 493/2007/2007 494/2008/2008
f 494/2008/2008 495/2009/2009 1810/2167/2167
f 1819/2176/2176 498/2012/2012 499/2013/2013
f 1808/2165/2165 496/2010/2010 497/2011/2011
f 1808/2165/2165 495/2009/2009 496/2010/2010
f 498/2012/2012 1819/2176/2176 497/2011/2011
f 1805/2162/2162 1807/2164/2164 491/2005/2005
f 1810/2167/2167 1805/2162/2162 493/2007/2007
f 1819/2176/2176 1808/2165/2165 497/2011/2011
f 1817/2174/2174 1819/2176/2176 499/2013/2013
f 1810/2167/2167 495/2009/2009 1808/2165/2165
f 1822/2179/2179 501/2015/2015 502/2016/2016
f 1817/2174/2174 501/2015/2015 1822/2179/2179
f 1820/2177/2177 1822/2179/2179 503/2017/2017
f 502/2016/2016 503/2017/2017 1822/2179/2179
f 504/2018/2018 1820/2177/2177 503/2017/2017
f 500/2014/2014 501/2015/2015 1817/2174/2174
f 499/2013/2013 500/2014/2014 1817/2174/2174
f 1799/2156/2156 489/2003/2003 1807/2164/2164
f 1799/2156/2156 488/2002/2002 489/2003/2003
f 1737/2094/2094 444/1958/1958 1735/2092/2092
f 2160/2831/2831 870/2665/2665 871/2666/2666
f 869/2664/2664 2161/2832/2832 868/2663/2663
f 2161/2832/2832 866/2661/2661 867/2662/2662
f 2160/2831/2831 869/2664/2664 870/2665/2665
f 866/2661/2661 2151/2822/2822 865/2660/2660
f 2152/2823/2823 863/2658/2658 864/2659/2659
f 863/2658/2658 2152/2823/2823 862/2657/2657
f 862/2657/2657 2152/2823/2823 861/2656/2656
f 2148/2819/2819 860/2655/2655 861/2656/2656
f 864/2659/2659 865/2660/2660 2151/2822/2822
f 860/2655/2655 2148/2819/2819 859/2654/2654
f 857/2652/2652 858/2653/2653 2149/2820/2820
f 2149/2820/2820 856/2651/2651 857/2652/2652
f 855/2650/2650 856/2651/2651 2142/2813/2813
f 853/2648/2648 854/2649/2649 2143/2814/2814
f 852/2647/2647 853/2648/2648 2143/2814/2814
f 851/2646/2646 852/2647/2647 2143/2814/2814
f 2139/2810/2810 850/2645/2645 851/2646/2646
f 854/2649/2649 855/2650/2650 2142/2813/2813
f 2149/2820/2820 858/2653/2653 859/2654/2654
f 867/2662/2662 868/2663/2663 2161/2832/2832
f 2140/2811/2811 848/2643/2643 849/2644/2644
f 845/2640/2640 846/2641/2641 2130/2801/2801
f 2130/2801/2801 844/2639/2639 845/2640/2640
f 847/2642/2642 848/2643/2643 2140/2811/2811
f 842/2637/2637 843/2638/2638 2131/2802/2802
f 2131/2802/2802 841/2636/2636 842/2637/2637
f 841/2636/2636 2127/2798/2798 840/2635/2635
f 2128/2799/2799 838/2633/2633 839/2634/2634
f 840/2635/2635 2127/2798/2798 839/2634/2634
f 844/2639/2639 2131/2802/2802 843/2638/2638
f 836/2631/2631 837/2632/2632 2128/2799/2799
f 2121/2792/2792 835/2630/2630 836/2631/2631
f 833/2628/2628 834/2629/2629 2122/2793/2793
f 2122/2793/2793 832/2627/2627 833/2628/2628
f 2121/2792/2792 834/2629/2629 835/2630/2630
f 2118/2789/2789 831/2626/2626 832/2627/2627
f 830/2625/2625 2118/2789/2789 829/2624/2624
f 829/2624/2624 2119/2790/2790 828/2623/2623
f 2107/2778/2778 826/2621/2621 827/2622/2622
f 2118/2789/2789 830/2625/2625 831/2626/2626
f 2140/2811/2811 846/2641/2641 847/2642/2642
f 837/2632/2632 838/2633/2633 2128/2799/2799
f 827/2622/2622 828/2623/2623 2119/2790/2790
f 2107/2778/2778 824/2619/2619 825/2620/2620
f 824/2619/2619 2108/2779/2779 823/2618/2618
f 823/2618/2618 2108/2779/2779 822/2617/2617
f 825/2620/2620 826/2621/2621 2107/2778/2778
f 820/2615/2615 821/2616/2616 2104/2775/2775
f 2104/2775/2775 819/2614/2614 820/2615/2615
f 818/2613/2613 2105/2776/2776 817/2612/2612
f 2098/2769/2769 815/2610/2610 816/2611/2611
f 816/2611/2611 817/2612/2612 2098/2769/2769
f 822/2617/2617 2104/2775/2775 821/2616/2616
f 2098/2769/2769 814/2609/2609 815/2610/2610
f 811/2606/2606 812/2607/2607 2095/2766/2766
f 2095/2766/2766 810/2605/2605 811/2606/2606
f 813/2608/2608 814/2609/2609 2099/2770/2770
f 808/2603/2603 809/2604/2604 2096/2767/2767
f 809/2604/2604 810/2605/2605 2095/2766/2766
f 807/2602/2602 2086/2757/2757 806/2601/2601
f 2086/2757/2757 804/2599/2599 805/2600/2600
f 2086/2757/2757 805/2600/2600 806/2601/2601
f 2099/2770/2770 812/2607/2607 813/2608/2608
f 807/2602/2602 808/2603/2603 2096/2767/2767
f 2087/2758/2758 802/2597/2597 803/2598/2598
f 802/2597/2597 2083/2754/2754 801/2596/2596
f 800/2595/2595 2083/2754/2754 799/2594/2594
f 2083/2754/2754 800/2595/2595 801/2596/2596
f 799/2594/2594 2084/2755/2755 798/2593/2593
f 2077/2748/2748 796/2591/2591 797/2592/2592
f 794/2589/2589 795/2590/2590 2078/2749/2749
f 2078/2749/2749 793/2588/2588 794/2589/2589
f 796/2591/2591 2077/2748/2748 795/2590/2590
f 2087/2758/2758 803/2598/2598 804/2599/2599
f 791/2586/2586 792/2587/2587 2074/2745/2745
f 2074/2745/2745 790/2585/2585 791/2586/2586
f 788/2583/2583 789/2584/2584 2075/2746/2746
f 789/2584/2584 790/2585/2585 2075/2746/2746
f 787/2582/2582 788/2583/2583 2075/2746/2746
f 785/2580/2580 786/2581/2581 2062/2733/2733
f 2063/2734/2734 784/2579/2579 785/2580/2580
f 782/2577/2577 783/2578/2578 2063/2734/2734
f 784/2579/2579 2063/2734/2734 783/2578/2578
f 787/2582/2582 2062/2733/2733 786/2581/2581
f 793/2588/2588 2078/2749/2749 792/2587/2587
f 797/2592/2592 798/2593/2593 2084/2755/2755
f 2105/2776/2776 818/2613/2613 819/2614/2614
f 850/2645/2645 2139/2810/2810 849/2644/2644
f 2161/2832/2832 2151/2822/2822 866/2661/2661
f 2152/2823/2823 2148/2819/2819 861/2656/2656
f 2148/2819/2819 2149/2820/2820 859/2654/2654
f 2151/2822/2822 2152/2823/2823 864/2659/2659
f 2142/2813/2813 2143/2814/2814 854/2649/2649
f 2143/2814/2814 2139/2810/2810 851/2646/2646
f 2140/2811/2811 2130/2801/2801 846/2641/2641
f 2130/2801/2801 2131/2802/2802 844/2639/2639
f 2139/2810/2810 2140/2811/2811 849/2644/2644
f 2149/2820/2820 2142/2813/2813 856/2651/2651
f 2127/2798/2798 2128/2799/2799 839/2634/2634
f 834/2629/2629 2121/2792/2792 2122/2793/2793
f 2121/2792/2792 836/2631/2631 2128/2799/2799
f 832/2627/2627 2122/2793/2793 2118/2789/2789
f 2127/2798/2798 841/2636/2636 2131/2802/2802
f 2118/2789/2789 2119/2790/2790 829/2624/2624
f 2119/2790/2790 2107/2778/2778 827/2622/2622
f 2108/2779/2779 2104/2775/2775 822/2617/2617
f 2104/2775/2775 2105/2776/2776 819/2614/2614
f 2107/2778/2778 2108/2779/2779 824/2619/2619
f 817/2612/2612 2105/2776/2776 2098/2769/2769
f 2160/2831/2831 2161/2832/2832 869/2664/2664
f 2098/2769/2769 2099/2770/2770 814/2609/2609
f 2095/2766/2766 2096/2767/2767 809/2604/2604
f 2096/2767/2767 2086/2757/2757 807/2602/2602
f 2099/2770/2770 2095/2766/2766 812/2607/2607
f 2087/2758/2758 2083/2754/2754 802/2597/2597
f 2083/2754/2754 2084/2755/2755 799/2594/2594
f 2077/2748/2748 2078/2749/2749 795/2590/2590
f 2078/2749/2749 2074/2745/2745 792/2587/2587
f 2084/2755/2755 2077/2748/2748 797/2592/2592
f 2086/2757/2757 2087/2758/2758 804/2599/2599
f 2075/2746/2746 2062/2733/2733 787/2582/2582
f 2062/2733/2733 2063/2734/2734 785/2580/2580
f 782/2577/2577 2059/2730/2730 781/2576/2576
f 2063/2734/2734 2059/2730/2730 782/2577/2577
f 318/1863/1863 1719/1951/1951 1721/1953/1953
f 320/1861/1861 1721/1953/1953 1714/1946/1946
f 324/1857/1857 1716/1948/1948 1711/1943/1943
f 326/1855/1855 1711/1943/1943 1713/1945/1945
f 322/1859/1859 1714/1946/1946 1716/1948/1948
f 2058/2729/2729 1723/1955/1955 1719/1951/1951
f 2074/2745/2745 2075/2746/2746 790/2585/2585
f 780/2575/2575 781/2576/2576 2059/2730/2730
f 2060/2731/2731 779/2574/2574 780/2575/2575
f 778/2573/2573 2060/2731/2731 777/2572/2572
f 314/1867/1867 310/1868/1868 777/2572/2572
f 2060/2731/2731 778/2573/2573 779/2574/2574
f 780/2575/2575 2059/2730/2730 2060/2731/2731
f 316/1865/1865 2058/2729/2729 1719/1951/1951
f 314/1867/1867 2060/2731/2731 2058/2729/2729
f 314/1867/1867 2058/2729/2729 315/1866/1866
f 316/1865/1865 315/1866/1866 2058/2729/2729
f 1714/1946/1946 321/1860/1860 320/1861/1861
f 777/2572/2572 2060/2731/2731 314/1867/1867
f 1705/1937/1937 328/1853/1853 1713/1945/1945
f 1719/1951/1951 317/1864/1864 316/1865/1865
f 1719/1951/1951 318/1863/1863 317/1864/1864
f 319/1862/1862 318/1863/1863 1721/1953/1953
f 321/1860/1860 1714/1946/1946 322/1859/1859
f 320/1861/1861 319/1862/1862 1721/1953/1953
f 323/1858/1858 1716/1948/1948 324/1857/1857
f 324/1857/1857 1711/1943/1943 325/1856/1856
f 1713/1945/1945 327/1854/1854 326/1855/1855
f 326/1855/1855 325/1856/1856 1711/1943/1943
f 322/1859/1859 1716/1948/1948 323/1858/1858
f 327/1854/1854 1713/1945/1945 328/1853/1853
f 328/1853/1853 1705/1937/1937 329/1852/1852
f 329/1852/1852 1705/1937/1937 330/1851/1851
f 1707/1939/1939 330/1851/1851 1705/1937/1937
f 1707/1939/1939 331/1850/1850 330/1851/1851
f 1707/1939/1939 332/1849/1849 331/1850/1850
f 332/1849/1849 1707/1939/1939 1702/1934/1934
f 333/1848/1848 332/1849/1849 1702/1934/1934
f 1704/1936/1936 334/1847/1847 1702/1934/1934
f 1696/1928/1928 338/1843/1843 1694/1926/1926
f 1691/1923/1923 340/1841/1841 1696/1928/1928
f 1694/1926/1926 336/1845/1845 1704/1936/1936
f 1693/1925/1925 342/1839/1839 1691/1923/1923
f 334/1847/1847 1704/1936/1936 335/1846/1846
f 1704/1936/1936 336/1845/1845 335/1846/1846
f 1694/1926/1926 337/1844/1844 336/1845/1845
f 338/1843/1843 337/1844/1844 1694/1926/1926
f 1702/1934/1934 334/1847/1847 333/1848/1848
f 340/1841/1841 339/1842/1842 1696/1928/1928
f 341/1840/1840 340/1841/1841 1691/1923/1923
f 1691/1923/1923 342/1839/1839 341/1840/1840
f 1693/1925/1925 344/1837/1837 343/1838/1838
f 1696/1928/1928 339/1842/1842 338/1843/1843
f 342/1839/1839 1693/1925/1925 343/1838/1838
f 1685/1917/1917 344/1837/1837 1693/1925/1925
f 2160/2831/2831 871/2666/2666 2164/2835/2835
f 505/2019/2019 1828/2185/2185 504/2018/2018
f 506/2020/2020 1828/2185/2185 505/2019/2019
f 507/2021/2021 1826/2183/2183 506/2020/2020
f 508/2022/2022 1826/2183/2183 507/2021/2021
f 510/2024/2024 1831/2188/2188 509/2023/2023
f 1831/2188/2188 508/2022/2022 509/2023/2023
f 514/2028/2028 1842/2199/2199 513/2027/2027
f 1829/2186/2186 511/2025/2025 512/2026/2026
f 512/2026/2026 513/2027/2027 1842/2199/2199
f 511/2025/2025 1829/2186/2186 510/2024/2024
f 515/2029/2029 1840/2197/2197 514/2028/2028
f 518/2032/2032 1845/2202/2202 517/2031/2031
f 1845/2202/2202 516/2030/2030 517/2031/2031
f 518/2032/2032 519/2033/2033 1843/2200/2200
f 521/2035/2035 1851/2208/2208 520/2034/2034
f 521/2035/2035 522/2036/2036 1851/2208/2208
f 1849/2206/2206 523/2037/2037 524/2038/2038
f 1849/2206/2206 522/2036/2036 523/2037/2037
f 1843/2200/2200 519/2033/2033 520/2034/2034
f 516/2030/2030 1840/2197/2197 515/2029/2029
f 1854/2211/2211 524/2038/2038 525/2039/2039
f 1854/2211/2211 525/2039/2039 526/2040/2040
f 529/2043/2043 1863/2220/2220 528/2042/2042
f 1852/2209/2209 527/2041/2041 528/2042/2042
f 1863/2220/2220 529/2043/2043 530/2044/2044
f 533/2047/2047 1866/2223/2223 532/2046/2046
f 1861/2218/2218 530/2044/2044 531/2045/2045
f 535/2049/2049 1864/2221/2221 534/2048/2048
f 534/2048/2048 1866/2223/2223 533/2047/2047
f 531/2045/2045 532/2046/2046 1861/2218/2218
f 535/2049/2049 536/2050/2050 1864/2221/2221
f 538/2052/2052 1872/2229/2229 537/2051/2051
f 538/2052/2052 539/2053/2053 1870/2227/2227
f 542/2056/2056 1875/2232/2232 541/2055/2055
f 1870/2227/2227 539/2053/2053 540/2054/2054
f 540/2054/2054 541/2055/2055 1875/2232/2232
f 545/2059/2059 1883/2240/2240 544/2058/2058
f 543/2057/2057 1873/2230/2230 542/2056/2056
f 547/2061/2061 1881/2238/2238 546/2060/2060
f 548/2062/2062 1886/2243/2243 547/2061/2061
f 546/2060/2060 1881/2238/2238 545/2059/2059
f 1873/2230/2230 543/2057/2057 544/2058/2058
f 1852/2209/2209 526/2040/2040 527/2041/2041
f 537/2051/2051 1872/2229/2229 536/2050/2050
f 1826/2183/2183 1828/2185/2185 506/2020/2020
f 1829/2186/2186 1831/2188/2188 510/2024/2024
f 1842/2199/2199 1829/2186/2186 512/2026/2026
f 1826/2183/2183 508/2022/2022 1831/2188/2188
f 1845/2202/2202 1840/2197/2197 516/2030/2030
f 1843/2200/2200 1845/2202/2202 518/2032/2032
f 1849/2206/2206 1851/2208/2208 522/2036/2036
f 1854/2211/2211 1849/2206/2206 524/2038/2038
f 1843/2200/2200 520/2034/2034 1851/2208/2208
f 1842/2199/2199 514/2028/2028 1840/2197/2197
f 1863/2220/2220 1852/2209/2209 528/2042/2042
f 1866/2223/2223 1861/2218/2218 532/2046/2046
f 1864/2221/2221 1866/2223/2223 534/2048/2048
f 1863/2220/2220 530/2044/2044 1861/2218/2218
f 1870/2227/2227 1872/2229/2229 538/2052/2052
f 1875/2232/2232 1870/2227/2227 540/2054/2054
f 1883/2240/2240 1873/2230/2230 544/2058/2058
f 1881/2238/2238 1883/2240/2240 545/2059/2059
f 1875/2232/2232 542/2056/2056 1873/2230/2230
f 1864/2221/2221 536/2050/2050 1872/2229/2229
f 1854/2211/2211 526/2040/2040 1852/2209/2209
f 550/2064/2064 1884/2241/2241 549/2063/2063
f 553/2067/2067 1892/2249/2249 552/2066/2066
f 1884/2241/2241 550/2064/2064 551/2065/2065
f 551/2065/2065 552/2066/2066 1892/2249/2249
f 556/2070/2070 1895/2252/2252 555/2069/2069
f 554/2068/2068 1890/2247/2247 553/2067/2067
f 558/2072/2072 1893/2250/2250 557/2071/2071
f 559/2073/2073 1893/2250/2250 558/2072/2072
f 557/2071/2071 1895/2252/2252 556/2070/2070
f 555/2069/2069 1890/2247/2247 554/2068/2068
f 1884/2241/2241 1886/2243/2243 549/2063/2063
f 1892/2249/2249 1884/2241/2241 551/2065/2065
f 1895/2252/2252 1890/2247/2247 555/2069/2069
f 1893/2250/2250 1895/2252/2252 557/2071/2071
f 1892/2249/2249 553/2067/2067 1890/2247/2247
f 1898/2255/2255 561/2075/2075 562/2076/2076
f 1900/2257/2257 560/2074/2074 561/2075/2075
f 1900/2257/2257 561/2075/2075 1898/2255/2255
f 563/2077/2077 1898/2255/2255 562/2076/2076
f 1902/2259/2259 1898/2255/2255 563/2077/2077
f 559/2073/2073 1900/2257/2257 1893/2250/2250
f 560/2074/2074 1900/2257/2257 559/2073/2073
f 547/2061/2061 1886/2243/2243 1881/2238/2238
f 1886/2243/2243 548/2062/2062 549/2063/2063
f 565/2079/2079 1902/2259/2259 564/2078/2078
f 1901/2258/2258 1212/2265/2265 1905/2419/2419
f 1905/2419/2419 1215/2268/2268 1903/2417/2417
f 1901/2258/2258 1902/2259/2259 1209/2262/2262 1210/2263/2263
f 1915/2429/2429 1222/2275/2275 1920/2434/2434
f 1220/2273/2273 1915/2429/2429 1917/2431/2431
f 1920/2434/2434 1225/2278/2278 1918/2432/2432
f 1926/2440/2440 1918/2432/2432 1227/2280/2280
f 1926/2440/2440 1228/2281/2281 1229/2282/2282
f 1917/2431/2431 1903/2417/2417 1217/2270/2270
f 1929/2443/2443 1234/2287/2287 1927/2441/2441
f 1236/2289/2289 1927/2441/2441 1235/2288/2288
f 1927/2441/2441 1234/2287/2287 1235/2288/2288
f 1237/2290/2290 1927/2441/2441 1236/2289/2289
f 1232/2285/2285 1929/2443/2443 1924/2438/2438
f 1231/2284/2284 1924/2438/2438 1230/2283/2283
f 1231/2284/2284 1232/2285/2285 1924/2438/2438
f 1929/2443/2443 1233/2286/2286 1234/2287/2287
f 1232/2285/2285 1233/2286/2286 1929/2443/2443
f 1230/2283/2283 1924/2438/2438 1229/2282/2282
f 1229/2282/2282 1924/2438/2438 1926/2440/2440
f 1207/2260/2260 1902/2259/2259 565/2079/2079
f 1905/2419/2419 1213/2266/2266 1214/2267/2267
f 1216/2269/2269 1903/2417/2417 1215/2268/2268
f 1217/2270/2270 1903/2417/2417 1216/2269/2269
f 1902/2259/2259 1207/2260/2260 1208/2261/2261
f 1207/2260/2260 565/2079/2079 440/2080/2080
f 1208/2261/2261 1209/2262/2262 1902/2259/2259
f 1211/2264/2264 1212/2265/2265 1901/2258/2258
f 1905/2419/2419 1212/2265/2265 1213/2266/2266
f 1210/2263/2263 1211/2264/2264 1901/2258/2258
f 1225/2278/2278 1920/2434/2434 1224/2277/2277
f 1918/2432/2432 1225/2278/2278 1226/2279/2279
f 1926/2440/2440 1227/2280/2280 1228/2281/2281
f 1226/2279/2279 1227/2280/2280 1918/2432/2432
f 1920/2434/2434 1223/2276/2276 1224/2277/2277
f 1219/2272/2272 1917/2431/2431 1218/2271/2271
f 1219/2272/2272 1220/2273/2273 1917/2431/2431
f 1920/2434/2434 1222/2275/2275 1223/2276/2276
f 1221/2274/2274 1222/2275/2275 1915/2429/2429
f 1220/2273/2273 1221/2274/2274 1915/2429/2429
f 1217/2270/2270 1218/2271/2271 1917/2431/2431
f 1215/2268/2268 1905/2419/2419 1214/2267/2267
f 1936/2450/2450 1242/2295/2295 1941/2455/2455
f 1939/2453/2453 1247/2300/2300 1947/2461/2461
f 1947/2461/2461 1249/2302/2302 1945/2459/2459
f 1244/2297/2297 1939/2453/2453 1941/2455/2455
f 1950/2464/2464 1254/2307/2307 1948/2462/2462
f 1948/2462/2462 1257/2310/2310 1961/2475/2475
f 1260/2313/2313 1959/2473/2473 1259/2312/2312
f 1959/2473/2473 1961/2475/2475 1259/2312/2312
f 1261/2314/2314 1959/2473/2473 1260/2313/2313
f 1945/2459/2459 1252/2305/2305 1950/2464/2464
f 1239/2292/2292 1936/2450/2450 1938/2452/2452
f 1266/2319/2319 1970/2484/2484 1962/2476/2476
f 1964/2478/2478 1264/2317/2317 1962/2476/2476
f 1267/2320/2320 1970/2484/2484 1266/2319/2319
f 1269/2322/2322 1970/2484/2484 1268/2321/2321
f 1267/2320/2320 1268/2321/2321 1970/2484/2484
f 1968/2482/2482 1970/2484/2484 1269/2322/2322
f 1263/2316/2316 1964/2478/2478 1262/2315/2315
f 1964/2478/2478 1263/2316/2316 1264/2317/2317
f 1962/2476/2476 1265/2318/2318 1266/2319/2319
f 1264/2317/2317 1265/2318/2318 1962/2476/2476
f 1959/2473/2473 1262/2315/2315 1964/2478/2478
f 1262/2315/2315 1959/2473/2473 1261/2314/2314
f 1243/2296/2296 1244/2297/2297 1941/2455/2455
f 1947/2461/2461 1247/2300/2300 1248/2301/2301
f 1245/2298/2298 1246/2299/2299 1939/2453/2453
f 1245/2298/2298 1939/2453/2453 1244/2297/2297
f 1936/2450/2450 1239/2292/2292 1240/2293/2293
f 1938/2452/2452 1237/2290/2290 1238/2291/2291
f 1242/2295/2295 1936/2450/2450 1241/2294/2294
f 1240/2293/2293 1241/2294/2294 1936/2450/2450
f 1238/2291/2291 1239/2292/2292 1938/2452/2452
f 1939/2453/2453 1246/2299/2299 1247/2300/2300
f 1948/2462/2462 1256/2309/2309 1257/2310/2310
f 1948/2462/2462 1254/2307/2307 1255/2308/2308
f 1258/2311/2311 1259/2312/2312 1961/2475/2475
f 1257/2310/2310 1258/2311/2311 1961/2475/2475
f 1256/2309/2309 1948/2462/2462 1255/2308/2308
f 1250/2303/2303 1945/2459/2459 1249/2302/2302
f 1251/2304/2304 1945/2459/2459 1250/2303/2303
f 1254/2307/2307 1950/2464/2464 1253/2306/2306
f 1253/2306/2306 1950/2464/2464 1252/2305/2305
f 1249/2302/2302 1947/2461/2461 1248/2301/2301
f 1252/2305/2305 1945/2459/2459 1251/2304/2304
f 1941/2455/2455 1242/2295/2295 1243/2296/2296
f 1237/2290/2290 1938/2452/2452 1927/2441/2441
f 563/2077/2077 564/2078/2078 1902/2259/2259
f 1973/2487/2487 1274/2327/2327 1971/2485/2485
f 1982/2496/2496 1279/2332/2332 1980/2494/2494
f 1980/2494/2494 1281/2334/2334 1985/2499/2499
f 1276/2329/2329 1982/2496/2496 1971/2485/2485
f 1983/2497/2497 1286/2339/2339 1991/2505/2505
f 1991/2505/2505 1289/2342/2342 1989/2503/2503
f 1994/2508/2508 1294/2347/2347 1992/2506/2506
f 1992/2506/2506 1296/2349/2349 2003/2517/2517
f 1291/2344/2344 1994/2508/2508 1989/2503/2503
f 1284/2337/2337 1983/2497/2497 1985/2499/2499
f 345/1836/1836 1685/1917/1917 1687/1919/1919
f 349/1832/1832 1682/1914/1914 1684/1916/1916
f 351/1830/1830 1684/1916/1916 1673/1905/1905
f 347/1834/1834 1687/1919/1919 1682/1914/1914
f 2001/2515/2515 1301/2354/2354 2006/2520/2520
f 1670/1902/1902 1672/1904/1904 358/1823/1823 357/1824/1824
f 1672/1904/1904 1664/1896/1896 360/1821/1821 359/1822/1822
f 355/1826/1826 1675/1907/1907 1670/1902/1902
f 353/1828/1828 1673/1905/1905 1675/1907/1907
f 1299/2352/2352 2001/2515/2515 2003/2517/2517
f 2004/2518/2518 1306/2359/2359 2012/2526/2526
f 2010/2524/2524 1311/2364/2364 2015/2529/2529
f 2015/2529/2529 1313/2366/2366 2013/2527/2527
f 1308/2361/2361 2010/2524/2524 2012/2526/2526
f 2023/2537/2537 1318/2371/2371 2021/2535/2535
f 2021/2535/2535 1321/2374/2374 2026/2540/2540
f 2024/2538/2538 1326/2379/2379 2032/2546/2546
f 2032/2546/2546 1328/2381/2381 2030/2544/2544
f 1323/2376/2376 2024/2538/2538 2026/2540/2540
f 1316/2369/2369 2023/2537/2537 2013/2527/2527
f 2035/2549/2549 1333/2386/2386 2033/2547/2547
f 2033/2547/2547 1336/2389/2389 2041/2555/2555
f 2039/2553/2553 1341/2394/2394 2044/2558/2558
f 2044/2558/2558 1343/2396/2396 2042/2556/2556
f 1338/2391/2391 2039/2553/2553 2041/2555/2555
f 2049/2563/2563 1348/2401/2401 2047/2561/2561
f 2047/2561/2561 1350/2403/2403 2052/2566/2566
f 2050/2564/2564 1355/2408/2408 2055/2569/2569
f 2055/2569/2569 1358/2411/2411 2053/2567/2567
f 1353/2406/2406 2050/2564/2564 2052/2566/2566
f 1345/2398/2398 2049/2563/2563 2042/2556/2556
f 1331/2384/2384 2035/2549/2549 2030/2544/2544
f 1304/2357/2357 2004/2518/2518 2006/2520/2520
f 1687/1919/1919 347/1834/1834 346/1835/1835
f 348/1833/1833 1682/1914/1914 349/1832/1832
f 347/1834/1834 1682/1914/1914 348/1833/1833
f 346/1835/1835 345/1836/1836 1687/1919/1919
f 351/1830/1830 350/1831/1831 1684/1916/1916
f 1684/1916/1916 350/1831/1831 349/1832/1832
f 354/1827/1827 353/1828/1828 1675/1907/1907
f 352/1829/1829 351/1830/1830 1673/1905/1905
f 353/1828/1828 352/1829/1829 1673/1905/1905
f 1666/1898/1898 1661/1893/1893 364/1817/1817 363/1818/1818
f 1664/1896/1896 1666/1898/1898 362/1819/1819 361/1820/1820
f 355/1826/1826 354/1827/1827 1675/1907/1907
f 1670/1902/1902 357/1824/1824 356/1825/1825
f 355/1826/1826 1670/1902/1902 356/1825/1825
f 358/1823/1823 1672/1904/1904 359/1822/1822
f 363/1818/1818 362/1819/1819 1666/1898/1898
f 1664/1896/1896 361/1820/1820 360/1821/1821
f 364/1817/1817 1661/1893/1893 365/1816/1816
f 1663/1895/1895 1650/1882/1882 368/1813/1813 367/1814/1814
f 1652/1884/1884 1647/1879/1879 372/1809/1809 371/1810/1810
f 2056/2570/2570 1647/1879/1879 1649/1881/1881
f 1650/1882/1882 1652/1884/1884 370/1811/1811 369/1812/1812
f 2057/2571/2571 2053/2567/2567 1360/2413/2413
f 1360/2413/2413 1361/2414/2414 2057/2571/2571
f 1363/2416/2416 2057/2571/2571 1362/2415/2415
f 1361/2414/2414 1362/2415/2415 2057/2571/2571
f 2056/2570/2570 2057/2571/2571 375/1806/1806 374/1807/1807
f 373/1808/1808 1647/1879/1879 2056/2570/2570
f 2057/2571/2571 1363/2416/2416 375/1806/1806
f 1663/1895/1895 366/1815/1815 365/1816/1816
f 1663/1895/1895 367/1814/1814 366/1815/1815
f 1650/1882/1882 369/1812/1812 368/1813/1813
f 1647/1879/1879 373/1808/1808 372/1809/1809
f 1363/2416/2416 312/1805/1805 375/1806/1806
f 374/1807/1807 373/1808/1808 2056/2570/2570
f 371/1810/1810 370/1811/1811 1652/1884/1884
f 1661/1893/1893 1663/1895/1895 365/1816/1816
f 1271/2324/2324 1973/2487/2487 1968/2482/2482
f 344/1837/1837 1685/1917/1917 345/1836/1836
f 2001/2515/2515 1300/2353/2353 1301/2354/2354
f 1303/2356/2356 1304/2357/2357 2006/2520/2520
f 1302/2355/2355 1303/2356/2356 2006/2520/2520
f 1300/2353/2353 2001/2515/2515 1299/2352/2352
f 1992/2506/2506 1295/2348/2348 1296/2349/2349
f 1298/2351/2351 1299/2352/2352 2003/2517/2517
f 1297/2350/2350 1298/2351/2351 2003/2517/2517
f 1296/2349/2349 1297/2350/2350 2003/2517/2517
f 1293/2346/2346 1294/2347/2347 1994/2508/2508
f 1295/2348/2348 1992/2506/2506 1294/2347/2347
f 1310/2363/2363 1311/2364/2364 2010/2524/2524
f 1314/2367/2367 2013/2527/2527 1313/2366/2366
f 1313/2366/2366 2015/2529/2529 1312/2365/2365
f 1312/2365/2365 2015/2529/2529 1311/2364/2364
f 1306/2359/2359 1307/2360/2360 2012/2526/2526
f 1304/2357/2357 1305/2358/2358 2004/2518/2518
f 2010/2524/2524 1309/2362/2362 1310/2363/2363
f 1307/2360/2360 1308/2361/2361 2012/2526/2526
f 2010/2524/2524 1308/2361/2361 1309/2362/2362
f 1314/2367/2367 1315/2368/2368 2013/2527/2527
f 1302/2355/2355 2006/2520/2520 1301/2354/2354
f 1276/2329/2329 1277/2330/2330 1982/2496/2496
f 1280/2333/2333 1980/2494/2494 1279/2332/2332
f 1279/2332/2332 1982/2496/2496 1278/2331/2331
f 1980/2494/2494 1280/2333/2333 1281/2334/2334
f 1272/2325/2325 1973/2487/2487 1271/2324/2324
f 1272/2325/2325 1273/2326/2326 1973/2487/2487
f 1971/2485/2485 1275/2328/2328 1276/2329/2329
f 1273/2326/2326 1274/2327/2327 1973/2487/2487
f 1271/2324/2324 1968/2482/2482 1270/2323/2323
f 1971/2485/2485 1274/2327/2327 1275/2328/2328
f 1989/2503/2503 1289/2342/2342 1290/2343/2343
f 1287/2340/2340 1288/2341/2341 1991/2505/2505
f 1994/2508/2508 1292/2345/2345 1293/2346/2346
f 1290/2343/2343 1291/2344/2344 1989/2503/2503
f 1291/2344/2344 1292/2345/2345 1994/2508/2508
f 1283/2336/2336 1284/2337/2337 1985/2499/2499
f 1281/2334/2334 1282/2335/2335 1985/2499/2499
f 1991/2505/2505 1286/2339/2339 1287/2340/2340
f 1284/2337/2337 1285/2338/2338 1983/2497/2497
f 1983/2497/2497 1285/2338/2338 1286/2339/2339
f 1282/2335/2335 1283/2336/2336 1985/2499/2499
f 1278/2331/2331 1982/2496/2496 1277/2330/2330
f 2004/2518/2518 1305/2358/2358 1306/2359/2359
f 2049/2563/2563 1345/2398/2398 1346/2399/2399
f 1348/2401/2401 2049/2563/2563 1347/2400/2400
f 1347/2400/2400 2049/2563/2563 1346/2399/2399
f 1348/2401/2401 1349/2402/2402 2047/2561/2561
f 1339/2392/2392 1340/2393/2393 2039/2553/2553
f 1338/2391/2391 1339/2392/2392 2039/2553/2553
f 2042/2556/2556 1343/2396/2396 1344/2397/2397
f 1342/2395/2395 1343/2396/2396 2044/2558/2558
f 2039/2553/2553 1340/2393/2393 1341/2394/2394
f 1342/2395/2395 2044/2558/2558 1341/2394/2394
f 2055/2569/2569 1357/2410/2410 1358/2411/2411
f 1355/2408/2408 1356/2409/2409 2055/2569/2569
f 1359/2412/2412 1360/2413/2413 2053/2567/2567
f 1358/2411/2411 1359/2412/2412 2053/2567/2567
f 1356/2409/2409 1357/2410/2410 2055/2569/2569
f 2050/2564/2564 1354/2407/2407 1355/2408/2408
f 1349/2402/2402 1350/2403/2403 2047/2561/2561
f 2050/2564/2564 1353/2406/2406 1354/2407/2407
f 1353/2406/2406 2052/2566/2566 1352/2405/2405
f 1352/2405/2405 2052/2566/2566 1351/2404/2404
f 1345/2398/2398 2042/2556/2556 1344/2397/2397
f 1350/2403/2403 1351/2404/2404 2052/2566/2566
f 1322/2375/2375 1323/2376/2376 2026/2540/2540
f 2024/2538/2538 1324/2377/2377 1325/2378/2378
f 1324/2377/2377 2024/2538/2538 1323/2376/2376
f 2026/2540/2540 1321/2374/2374 1322/2375/2375
f 1317/2370/2370 2023/2537/2537 1316/2369/2369
f 1316/2369/2369 2013/2527/2527 1315/2368/2368
f 1320/2373/2373 2021/2535/2535 1319/2372/2372
f 1319/2372/2372 2021/2535/2535 1318/2371/2371
f 2021/2535/2535 1320/2373/2373 1321/2374/2374
f 1325/2378/2378 1326/2379/2379 2024/2538/2538
f 1335/2388/2388 2033/2547/2547 1334/2387/2387
f 1333/2386/2386 1334/2387/2387 2033/2547/2547
f 2041/2555/2555 1336/2389/2389 1337/2390/2390
f 1336/2389/2389 2033/2547/2547 1335/2388/2388
f 1333/2386/2386 2035/2549/2549 1332/2385/2385
f 1328/2381/2381 1329/2382/2382 2030/2544/2544
f 1326/2379/2379 1327/2380/2380 2032/2546/2546
f 2030/2544/2544 1330/2383/2383 1331/2384/2384
f 1330/2383/2383 2030/2544/2544 1329/2382/2382
f 2032/2546/2546 1327/2380/2380 1328/2381/2381
f 2035/2549/2549 1331/2384/2384 1332/2385/2385
f 1337/2390/2390 1338/2391/2391 2041/2555/2555
f 1318/2371/2371 2023/2537/2537 1317/2370/2370
f 1288/2341/2341 1289/2342/2342 1991/2505/2505
f 1270/2323/2323 1968/2482/2482 1269/2322/2322
f 504/2018/2018 1828/2185/2185 1820/2177/2177
f 2659/3677/3677 2661/3679/3679 2660/3678/3678 2650/3668/3668
f 2661/3679/3679 2656/3674/3674 2652/3670/3670 2660/3678/3678
f 2660/3678/3678 2629/3647/3647 2650/3668/3668
f 2651/3669/3669 2660/3678/3678 2652/3670/3670
f 2629/3647/3647 2660/3678/3678 2651/3669/3669
f 2657/3675/3675 2651/3669/3669 2652/3670/3670
f 2631/3649/3649 2657/3675/3675 2641/3659/3659
f 2651/3669/3669 2657/3675/3675 2631/3649/3649
f 2656/3674/3674 2658/3676/3676 2657/3675/3675 2652/3670/3670
f 2658/3676/3676 2647/3665/3665 2641/3659/3659 2657/3675/3675
f 2651/3669/3669 2585/3603/3603 2629/3647/3647
f 2630/3648/3648 2651/3669/3669 2631/3649/3649
f 2585/3603/3603 2651/3669/3669 2630/3648/3648
f 2642/3660/3660 2630/3648/3648 2631/3649/3649
f 2587/3605/3605 2642/3660/3660 2608/3626/3626
f 2630/3648/3648 2642/3660/3660 2587/3605/3605
f 2647/3665/3665 2649/3667/3667 2648/3666/3666 2641/3659/3659
f 2649/3667/3667 2644/3662/3662 2643/3661/3661 2648/3666/3666
f 2648/3666/3666 2631/3649/3649 2641/3659/3659
f 2642/3660/3660 2648/3666/3666 2643/3661/3661
f 2631/3649/3649 2648/3666/3666 2642/3660/3660
f 2645/3663/3663 2642/3660/3660 2643/3661/3661
f 2608/3626/3626 2645/3663/3663 2626/3644/3644
f 2642/3660/3660 2645/3663/3663 2608/3626/3626
f 2644/3662/3662 2646/3664/3664 2645/3663/3663 2643/3661/3661
f 2646/3664/3664 2638/3656/3656 2626/3644/3644 2645/3663/3663
f 2630/3648/3648 2495/3513/3513 2585/3603/3603
f 2586/3604/3604 2630/3648/3648 2587/3605/3605
f 2495/3513/3513 2630/3648/3648 2586/3604/3604
f 2609/3627/3627 2586/3604/3604 2587/3605/3605
f 2497/3515/3515 2609/3627/3627 2540/3558/3558
f 2586/3604/3604 2609/3627/3627 2497/3515/3515
f 2638/3656/3656 2640/3658/3658 2639/3657/3657 2626/3644/3644
f 2640/3658/3658 2635/3653/3653 2628/3646/3646 2639/3657/3657
f 2639/3657/3657 2608/3626/3626 2626/3644/3644
f 2627/3645/3645 2639/3657/3657 2628/3646/3646
f 2608/3626/3626 2639/3657/3657 2627/3645/3645
f 2636/3654/3654 2627/3645/3645 2628/3646/3646
f 2610/3628/3628 2636/3654/3654 2617/3635/3635
f 2627/3645/3645 2636/3654/3654 2610/3628/3628
f 2635/3653/3653 2637/3655/3655 2636/3654/3654 2628/3646/3646
f 2637/3655/3655 2623/3641/3641 2617/3635/3635 2636/3654/3654
f 2627/3645/3645 2587/3605/3605 2608/3626/3626
f 2609/3627/3627 2627/3645/3645 2610/3628/3628
f 2587/3605/3605 2627/3645/3645 2609/3627/3627
f 2618/3636/3636 2609/3627/3627 2610/3628/3628
f 2540/3558/3558 2618/3636/3636 2582/3600/3600
f 2609/3627/3627 2618/3636/3636 2540/3558/3558
f 2623/3641/3641 2625/3643/3643 2624/3642/3642 2617/3635/3635
f 2625/3643/3643 2620/3638/3638 2619/3637/3637 2624/3642/3642
f 2624/3642/3642 2610/3628/3628 2617/3635/3635
f 2618/3636/3636 2624/3642/3642 2619/3637/3637
f 2610/3628/3628 2624/3642/3642 2618/3636/3636
f 2621/3639/3639 2618/3636/3636 2619/3637/3637
f 2582/3600/3600 2621/3639/3639 2605/3623/3623
f 2618/3636/3636 2621/3639/3639 2582/3600/3600
f 2620/3638/3638 2622/3640/3640 2621/3639/3639 2619/3637/3637
f 2622/3640/3640 2614/3632/3632 2605/3623/3623 2621/3639/3639
f 2586/3604/3604 2213/2949/2949 2495/3513/3513
f 2496/3514/3514 2586/3604/3604 2497/3515/3515
f 2213/2949/2949 2586/3604/3604 2496/3514/3514
f 2541/3559/3559 2496/3514/3514 2497/3515/3515
f 2301/3162/3162 2541/3559/3559 2329/3190/3190
f 2496/3514/3514 2541/3559/3559 2301/3162/3162
f 2614/3632/3632 2616/3634/3634 2615/3633/3633 2605/3623/3623
f 2616/3634/3634 2611/3629/3629 2607/3625/3625 2615/3633/3633
f 2615/3633/3633 2582/3600/3600 2605/3623/3623
f 2606/3624/3624 2615/3633/3633 2607/3625/3625
f 2582/3600/3600 2615/3633/3633 2606/3624/3624
f 2612/3630/3630 2606/3624/3624 2607/3625/3625
f 2584/3602/3602 2612/3630/3630 2596/3614/3614
f 2606/3624/3624 2612/3630/3630 2584/3602/3602
f 2611/3629/3629 2613/3631/3631 2612/3630/3630 2607/3625/3625
f 2613/3631/3631 2602/3620/3620 2596/3614/3614 2612/3630/3630
f 2606/3624/3624 2540/3558/3558 2582/3600/3600
f 2583/3601/3601 2606/3624/3624 2584/3602/3602
f 2540/3558/3558 2606/3624/3624 2583/3601/3601
f 2597/3615/3615 2583/3601/3601 2584/3602/3602
f 2542/3560/3560 2597/3615/3615 2561/3579/3579
f 2583/3601/3601 2597/3615/3615 2542/3560/3560
f 2602/3620/3620 2604/3622/3622 2603/3621/3621 2596/3614/3614
f 2604/3622/3622 2599/3617/3617 2598/3616/3616 2603/3621/3621
f 2603/3621/3621 2584/3602/3602 2596/3614/3614
f 2597/3615/3615 2603/3621/3621 2598/3616/3616
f 2584/3602/3602 2603/3621/3621 2597/3615/3615
f 2600/3618/3618 2597/3615/3615 2598/3616/3616
f 2561/3579/3579 2600/3618/3618 2579/3597/3597
f 2597/3615/3615 2600/3618/3618 2561/3579/3579
f 2599/3617/3617 2601/3619/3619 2600/3618/3618 2598/3616/3616
f 2601/3619/3619 2593/3611/3611 2579/3597/3597 2600/3618/3618
f 2583/3601/3601 2497/3515/3515 2540/3558/3558
f 2541/3559/3559 2583/3601/3601 2542/3560/3560
f 2497/3515/3515 2583/3601/3601 2541/3559/3559
f 2562/3580/3580 2541/3559/3559 2542/3560/3560
f 2329/3190/3190 2562/3580/3580 2492/3510/3510
f 2541/3559/3559 2562/3580/3580 2329/3190/3190
f 2593/3611/3611 2595/3613/3613 2594/3612/3612 2579/3597/3597
f 2595/3613/3613 2590/3608/3608 2581/3599/3599 2594/3612/3612
f 2594/3612/3612 2561/3579/3579 2579/3597/3597
f 2580/3598/3598 2594/3612/3612 2581/3599/3599
f 2561/3579/3579 2594/3612/3612 2580/3598/3598
f 2591/3609/3609 2580/3598/3598 2581/3599/3599
f 2563/3581/3581 2591/3609/3609 2570/3588/3588
f 2580/3598/3598 2591/3609/3609 2563/3581/3581
f 2590/3608/3608 2592/3610/3610 2591/3609/3609 2581/3599/3599
f 2592/3610/3610 2576/3594/3594 2570/3588/3588 2591/3609/3609
f 2580/3598/3598 2542/3560/3560 2561/3579/3579
f 2562/3580/3580 2580/3598/3598 2563/3581/3581
f 2542/3560/3560 2580/3598/3598 2562/3580/3580
f 2571/3589/3589 2562/3580/3580 2563/3581/3581
f 2492/3510/3510 2571/3589/3589 2537/3555/3555
f 2562/3580/3580 2571/3589/3589 2492/3510/3510
f 2576/3594/3594 2578/3596/3596 2577/3595/3595 2570/3588/3588
f 2578/3596/3596 2573/3591/3591 2572/3590/3590 2577/3595/3595
f 2577/3595/3595 2563/3581/3581 2570/3588/3588
f 2571/3589/3589 2577/3595/3595 2572/3590/3590
f 2563/3581/3581 2577/3595/3595 2571/3589/3589
f 2574/3592/3592 2571/3589/3589 2572/3590/3590
f 2537/3555/3555 2574/3592/3592 2558/3576/3576
f 2571/3589/3589 2574/3592/3592 2537/3555/3555
f 2573/3591/3591 2575/3593/3593 2574/3592/3592 2572/3590/3590
f 2575/3593/3593 2567/3585/3585 2558/3576/3576 2574/3592/3592
f 2973/4148/4148 2496/3514/3514 2930/4105/4105
f 2213/2949/2949 2973/4148/4148 2838/4013/4013
f 2496/3514/3514 2973/4148/4148 2213/2949/2949
f 2994/4169/4169 2973/4148/4148 2975/4150/4150
f 2838/4013/4013 2994/4169/4169 2928/4103/4103
f 2973/4148/4148 2994/4169/4169 2838/4013/4013
f 3003/4178/4178 2994/4169/4169 2996/4171/4171
f 2928/4103/4103 3003/4178/4178 2971/4146/4146
f 2994/4169/4169 3003/4178/4178 2928/4103/4103
f 3006/4181/4181 3003/4178/4178 3005/4180/4180
f 2971/4146/4146 3006/4181/4181 2992/4167/4167
f 3003/4178/4178 3006/4181/4181 2971/4146/4146
f 2992/4167/4167 3006/4181/4181 3008/4183/4183 3001/4176/4176
f 3006/4181/4181 3005/4180/4180 3007/4182/4182 3008/4183/4183
f 3005/4180/4180 3009/4184/4184 3011/4186/4186 3007/4182/4182
f 3009/4184/4184 3004/4179/4179 3010/4185/4185 3011/4186/4186
f 3009/4184/4184 2996/4171/4171 3004/4179/4179
f 3003/4178/4178 3009/4184/4184 3005/4180/4180
f 2996/4171/4171 3009/4184/4184 3003/4178/4178
f 3021/4196/4196 3012/4187/4187 3014/4189/4189
f 2996/4171/4171 3021/4196/4196 3004/4179/4179
f 3012/4187/4187 3021/4196/4196 2996/4171/4171
f 3004/4179/4179 3021/4196/4196 3023/4198/4198 3010/4185/4185
f 3021/4196/4196 3014/4189/4189 3022/4197/4197 3023/4198/4198
f 3014/4189/4189 3024/4199/4199 3026/4201/4201 3022/4197/4197
f 3024/4199/4199 3013/4188/4188 3025/4200/4200 3026/4201/4201
f 3024/4199/4199 2995/4170/4170 3013/4188/4188
f 3012/4187/4187 3024/4199/4199 3014/4189/4189
f 2995/4170/4170 3024/4199/4199 3012/4187/4187
f 3012/4187/4187 2975/4150/4150 2995/4170/4170
f 2994/4169/4169 3012/4187/4187 2996/4171/4171
f 2975/4150/4150 3012/4187/4187 2994/4169/4169
f 3027/4202/4202 3015/4190/4190 3017/4192/4192
f 2975/4150/4150 3027/4202/4202 2995/4170/4170
f 3015/4190/4190 3027/4202/4202 2975/4150/4150
f 3030/4205/4205 3027/4202/4202 3029/4204/4204
f 2995/4170/4170 3030/4205/4205 3013/4188/4188
f 3027/4202/4202 3030/4205/4205 2995/4170/4170
f 3013/4188/4188 3030/4205/4205 3032/4207/4207 3025/4200/4200
f 3030/4205/4205 3029/4204/4204 3031/4206/4206 3032/4207/4207
f 3029/4204/4204 3033/4208/4208 3035/4210/4210 3031/4206/4206
f 3033/4208/4208 3028/4203/4203 3034/4209/4209 3035/4210/4210
f 3033/4208/4208 3017/4192/4192 3028/4203/4203
f 3027/4202/4202 3033/4208/4208 3029/4204/4204
f 3017/4192/4192 3033/4208/4208 3027/4202/4202
f 3042/4217/4217 3036/4211/4211 3038/4213/4213
f 3017/4192/4192 3042/4217/4217 3028/4203/4203
f 3036/4211/4211 3042/4217/4217 3017/4192/4192
f 3028/4203/4203 3042/4217/4217 3044/4219/4219 3034/4209/4209
f 3042/4217/4217 3038/4213/4213 3043/4218/4218 3044/4219/4219
f 3038/4213/4213 3045/4220/4220 3047/4222/4222 3043/4218/4218
f 3045/4220/4220 3037/4212/4212 3046/4221/4221 3047/4222/4222
f 3045/4220/4220 3016/4191/4191 3037/4212/4212
f 3036/4211/4211 3045/4220/4220 3038/4213/4213
f 3016/4191/4191 3045/4220/4220 3036/4211/4211
f 3036/4211/4211 2974/4149/4149 3016/4191/4191
f 3015/4190/4190 3036/4211/4211 3017/4192/4192
f 2974/4149/4149 3036/4211/4211 3015/4190/4190
f 3015/4190/4190 2930/4105/4105 2974/4149/4149
f 2973/4148/4148 3015/4190/4190 2975/4150/4150
f 2930/4105/4105 3015/4190/4190 2973/4148/4148
f 3039/4214/4214 3018/4193/4193 3020/4195/4195
f 2930/4105/4105 3039/4214/4214 2974/4149/4149
f 3018/4193/4193 3039/4214/4214 2930/4105/4105
f 3048/4223/4223 3039/4214/4214 3041/4216/4216
f 2974/4149/4149 3048/4223/4223 3016/4191/4191
f 3039/4214/4214 3048/4223/4223 2974/4149/4149
f 3051/4226/4226 3048/4223/4223 3050/4225/4225
f 3016/4191/4191 3051/4226/4226 3037/4212/4212
f 3048/4223/4223 3051/4226/4226 3016/4191/4191
f 3037/4212/4212 3051/4226/4226 3053/4228/4228 3046/4221/4221
f 3051/4226/4226 3050/4225/4225 3052/4227/4227 3053/4228/4228
f 3050/4225/4225 3054/4229/4229 3056/4231/4231 3052/4227/4227
f 3054/4229/4229 3049/4224/4224 3055/4230/4230 3056/4231/4231
f 3054/4229/4229 3041/4216/4216 3049/4224/4224
f 3048/4223/4223 3054/4229/4229 3050/4225/4225
f 3041/4216/4216 3054/4229/4229 3048/4223/4223
f 3065/4240/4240 3057/4232/4232 3059/4234/4234
f 3041/4216/4216 3065/4240/4240 3049/4224/4224
f 3057/4232/4232 3065/4240/4240 3041/4216/4216
f 3049/4224/4224 3065/4240/4240 3067/4242/4242 3055/4230/4230
f 3065/4240/4240 3059/4234/4234 3066/4241/4241 3067/4242/4242
f 3059/4234/4234 3068/4243/4243 3070/4245/4245 3066/4241/4241
f 3068/4243/4243 3058/4233/4233 3069/4244/4244 3070/4245/4245
f 3068/4243/4243 3040/4215/4215 3058/4233/4233
f 3057/4232/4232 3068/4243/4243 3059/4234/4234
f 3040/4215/4215 3068/4243/4243 3057/4232/4232
f 3057/4232/4232 3020/4195/4195 3040/4215/4215
f 3039/4214/4214 3057/4232/4232 3041/4216/4216
f 3020/4195/4195 3057/4232/4232 3039/4214/4214
f 3071/4246/4246 3060/4235/4235 3062/4237/4237
f 3020/4195/4195 3071/4246/4246 3040/4215/4215
f 3060/4235/4235 3071/4246/4246 3020/4195/4195
f 3074/4249/4249 3071/4246/4246 3073/4248/4248
f 3040/4215/4215 3074/4249/4249 3058/4233/4233
f 3071/4246/4246 3074/4249/4249 3040/4215/4215
f 3058/4233/4233 3074/4249/4249 3076/4251/4251 3069/4244/4244
f 3074/4249/4249 3073/4248/4248 3075/4250/4250 3076/4251/4251
f 3073/4248/4248 3077/4252/4252 3079/4254/4254 3075/4250/4250
f 3077/4252/4252 3072/4247/4247 3078/4253/4253 3079/4254/4254
f 3077/4252/4252 3062/4237/4237 3072/4247/4247
f 3071/4246/4246 3077/4252/4252 3073/4248/4248
f 3062/4237/4237 3077/4252/4252 3071/4246/4246
f 3086/4261/4261 3080/4255/4255 3082/4257/4257
f 3062/4237/4237 3086/4261/4261 3072/4247/4247
f 3080/4255/4255 3086/4261/4261 3062/4237/4237
f 3072/4247/4247 3086/4261/4261 3088/4263/4263 3078/4253/4253
f 3086/4261/4261 3082/4257/4257 3087/4262/4262 3088/4263/4263
f 3082/4257/4257 3089/4264/4264 3091/4266/4266 3087/4262/4262
f 3089/4264/4264 3081/4256/4256 3090/4265/4265 3091/4266/4266
f 3089/4264/4264 3061/4236/4236 3081/4256/4256
f 3080/4255/4255 3089/4264/4264 3082/4257/4257
f 3061/4236/4236 3089/4264/4264 3080/4255/4255
f 3080/4255/4255 3019/4194/4194 3061/4236/4236
f 3060/4235/4235 3080/4255/4255 3062/4237/4237
f 3019/4194/4194 3080/4255/4255 3060/4235/4235
f 3060/4235/4235 2303/3164/3164 3019/4194/4194
f 3018/4193/4193 3060/4235/4235 3020/4195/4195
f 2303/3164/3164 3060/4235/4235 3018/4193/4193
f 3018/4193/4193 2301/3162/3162 2303/3164/3164
f 2496/3514/3514 3018/4193/4193 2930/4105/4105
f 2301/3162/3162 3018/4193/4193 2496/3514/3514
f 3063/4238/4238 2327/3188/3188 2304/3165/3165
f 2327/3188/3188 2301/3162/3162 2302/3163/3163
f 2301/3162/3162 3063/4238/4238 2303/3164/3164
f 3063/4238/4238 2301/3162/3162 2327/3188/3188
f 3083/4258/4258 3063/4238/4238 3064/4239/4239
f 2303/3164/3164 3083/4258/4258 3019/4194/4194
f 3063/4238/4238 3083/4258/4258 2303/3164/3164
f 3092/4267/4267 3083/4258/4258 3085/4260/4260
f 3019/4194/4194 3092/4267/4267 3061/4236/4236
f 3083/4258/4258 3092/4267/4267 3019/4194/4194
f 3095/4270/4270 3092/4267/4267 3094/4269/4269
f 3061/4236/4236 3095/4270/4270 3081/4256/4256
f 3092/4267/4267 3095/4270/4270 3061/4236/4236
f 3081/4256/4256 3095/4270/4270 3097/4272/4272 3090/4265/4265
f 3095/4270/4270 3094/4269/4269 3096/4271/4271 3097/4272/4272
f 3094/4269/4269 3098/4273/4273 3100/4275/4275 3096/4271/4271
f 3098/4273/4273 3093/4268/4268 3099/4274/4274 3100/4275/4275
f 3098/4273/4273 3085/4260/4260 3093/4268/4268
f 3092/4267/4267 3098/4273/4273 3094/4269/4269
f 3085/4260/4260 3098/4273/4273 3092/4267/4267
f 3107/4282/4282 3101/4276/4276 3103/4278/4278
f 3085/4260/4260 3107/4282/4282 3093/4268/4268
f 3101/4276/4276 3107/4282/4282 3085/4260/4260
f 3093/4268/4268 3107/4282/4282 3109/4284/4284 3099/4274/4274
f 3107/4282/4282 3103/4278/4278 3108/4283/4283 3109/4284/4284
f 3103/4278/4278 3110/4285/4285 3112/4287/4287 3108/4283/4283
f 3110/4285/4285 3102/4277/4277 3111/4286/4286 3112/4287/4287
f 3110/4285/4285 3084/4259/4259 3102/4277/4277
f 3101/4276/4276 3110/4285/4285 3103/4278/4278
f 3084/4259/4259 3110/4285/4285 3101/4276/4276
f 3101/4276/4276 3064/4239/4239 3084/4259/4259
f 3083/4258/4258 3101/4276/4276 3085/4260/4260
f 3064/4239/4239 3101/4276/4276 3083/4258/4258
f 3113/4288/4288 3104/4279/4279 3106/4281/4281
f 3064/4239/4239 3113/4288/4288 3084/4259/4259
f 3104/4279/4279 3113/4288/4288 3064/4239/4239
f 3116/4291/4291 3113/4288/4288 3115/4290/4290
f 3084/4259/4259 3116/4291/4291 3102/4277/4277
f 3113/4288/4288 3116/4291/4291 3084/4259/4259
f 3102/4277/4277 3116/4291/4291 3118/4293/4293 3111/4286/4286
f 3116/4291/4291 3115/4290/4290 3117/4292/4292 3118/4293/4293
f 3115/4290/4290 3119/4294/4294 3121/4296/4296 3117/4292/4292
f 3119/4294/4294 3114/4289/4289 3120/4295/4295 3121/4296/4296
f 3119/4294/4294 3106/4281/4281 3114/4289/4289
f 3113/4288/4288 3119/4294/4294 3115/4290/4290
f 3106/4281/4281 3119/4294/4294 3113/4288/4288
f 3127/4302/4302 3122/4297/4297 3124/4299/4299
f 3106/4281/4281 3127/4302/4302 3114/4289/4289
f 3122/4297/4297 3127/4302/4302 3106/4281/4281
f 3114/4289/4289 3127/4302/4302 3129/4304/4304 3120/4295/4295
f 3127/4302/4302 3124/4299/4299 3128/4303/4303 3129/4304/4304
f 3124/4299/4299 3130/4305/4305 3132/4307/4307 3128/4303/4303
f 3130/4305/4305 3123/4298/4298 3131/4306/4306 3132/4307/4307
f 3130/4305/4305 3105/4280/4280 3123/4298/4298
f 3122/4297/4297 3130/4305/4305 3124/4299/4299
f 3105/4280/4280 3130/4305/4305 3122/4297/4297
f 3122/4297/4297 2306/3167/3167 3105/4280/4280
f 3104/4279/4279 3122/4297/4297 3106/4281/4281
f 2306/3167/3167 3122/4297/4297 3104/4279/4279
f 3104/4279/4279 2304/3165/3165 2306/3167/3167
f 3063/4238/4238 3104/4279/4279 3064/4239/4239
f 2304/3165/3165 3104/4279/4279 3063/4238/4238
f 3125/4300/4300 2324/3185/3185 2307/3168/3168
f 2324/3185/3185 2304/3165/3165 2305/3166/3166
f 2304/3165/3165 3125/4300/4300 2306/3167/3167
f 3125/4300/4300 2304/3165/3165 2324/3185/3185
f 3133/4308/4308 3125/4300/4300 3126/4301/4301
f 2306/3167/3167 3133/4308/4308 3105/4280/4280
f 3125/4300/4300 3133/4308/4308 2306/3167/3167
f 3136/4311/4311 3133/4308/4308 3135/4310/4310
f 3105/4280/4280 3136/4311/4311 3123/4298/4298
f 3133/4308/4308 3136/4311/4311 3105/4280/4280
f 3123/4298/4298 3136/4311/4311 3138/4313/4313 3131/4306/4306
f 3136/4311/4311 3135/4310/4310 3137/4312/4312 3138/4313/4313
f 3135/4310/4310 3139/4314/4314 3141/4316/4316 3137/4312/4312
f 3139/4314/4314 3134/4309/4309 3140/4315/4315 3141/4316/4316
f 3139/4314/4314 3126/4301/4301 3134/4309/4309
f 3133/4308/4308 3139/4314/4314 3135/4310/4310
f 3126/4301/4301 3139/4314/4314 3133/4308/4308
f 3145/4320/4320 3142/4317/4317 3144/4319/4319
f 3126/4301/4301 3145/4320/4320 3134/4309/4309
f 3142/4317/4317 3145/4320/4320 3126/4301/4301
f 3134/4309/4309 3145/4320/4320 3147/4322/4322 3140/4315/4315
f 3145/4320/4320 3144/4319/4319 3146/4321/4321 3147/4322/4322
f 3144/4319/4319 3148/4323/4323 3150/4325/4325 3146/4321/4321
f 3148/4323/4323 3143/4318/4318 3149/4324/4324 3150/4325/4325
f 3148/4323/4323 2309/3170/3170 3143/4318/4318
f 3142/4317/4317 3148/4323/4323 3144/4319/4319
f 2309/3170/3170 3148/4323/4323 3142/4317/4317
f 3142/4317/4317 2307/3168/3168 2309/3170/3170
f 3125/4300/4300 3142/4317/4317 3126/4301/4301
f 2307/3168/3168 3142/4317/4317 3125/4300/4300
f 3151/4326/4326 2321/3182/3182 2310/3171/3171
f 2321/3182/3182 2307/3168/3168 2308/3169/3169
f 2307/3168/3168 3151/4326/4326 2309/3170/3170
f 3151/4326/4326 2307/3168/3168 2321/3182/3182
f 3153/4328/4328 3151/4326/4326 3152/4327/4327
f 2309/3170/3170 3153/4328/4328 3143/4318/4318
f 3151/4326/4326 3153/4328/4328 2309/3170/3170
f 3143/4318/4318 3153/4328/4328 3155/4330/4330 3149/4324/4324
f 3153/4328/4328 3152/4327/4327 3154/4329/4329 3155/4330/4330
f 3152/4327/4327 3156/4331/4331 3158/4333/4333 3154/4329/4329
f 3156/4331/4331 2312/3173/3173 3157/4332/4332 3158/4333/4333
f 3156/4331/4331 2310/3171/3171 2312/3173/3173
f 3151/4326/4326 3156/4331/4331 3152/4327/4327
f 2310/3171/3171 3156/4331/4331 3151/4326/4326
f 3159/4334/4334 2318/3179/3179 2313/3174/3174
f 2318/3179/3179 2310/3171/3171 2311/3172/3172
f 2310/3171/3171 3159/4334/4334 2312/3173/3173
f 3159/4334/4334 2310/3171/3171 2318/3179/3179
f 2312/3173/3173 3159/4334/4334 3160/4335/4335 3157/4332/4332
f 3159/4334/4334 2313/3174/3174 2315/3176/3176 3160/4335/4335
f 2313/3174/3174 2314/3175/3175 2316/3177/3177 2315/3176/3176
f 2311/3172/3172 2317/3178/3178 2319/3180/3180 2318/3179/3179
f 2318/3179/3179 2319/3180/3180 2314/3175/3175 2313/3174/3174
f 2335/3196/3196 2308/3169/3169 2320/3181/3181
f 2321/3182/3182 2335/3196/3196 2322/3183/3183
f 2308/3169/3169 2335/3196/3196 2321/3182/3182
f 2332/3193/3193 2321/3182/3182 2322/3183/3183
f 2310/3171/3171 2332/3193/3193 2311/3172/3172
f 2321/3182/3182 2332/3193/3193 2310/3171/3171
f 2322/3183/3183 2331/3192/3192 2333/3194/3194 2332/3193/3193
f 2332/3193/3193 2333/3194/3194 2317/3178/3178 2311/3172/3172
f 2320/3181/3181 2334/3195/3195 2336/3197/3197 2335/3196/3196
f 2335/3196/3196 2336/3197/3197 2331/3192/3192 2322/3183/3183
f 2347/3208/3208 2305/3166/3166 2323/3184/3184
f 2324/3185/3185 2347/3208/3208 2325/3186/3186
f 2305/3166/3166 2347/3208/3208 2324/3185/3185
f 2338/3199/3199 2324/3185/3185 2325/3186/3186
f 2307/3168/3168 2338/3199/3199 2308/3169/3169
f 2324/3185/3185 2338/3199/3199 2307/3168/3168
f 2344/3205/3205 2325/3186/3186 2337/3198/3198
f 2338/3199/3199 2344/3205/3205 2339/3200/3200
f 2325/3186/3186 2344/3205/3205 2338/3199/3199
f 2341/3202/3202 2338/3199/3199 2339/3200/3200
f 2308/3169/3169 2341/3202/3202 2320/3181/3181
f 2338/3199/3199 2341/3202/3202 2308/3169/3169
f 2339/3200/3200 2340/3201/3201 2342/3203/3203 2341/3202/3202
f 2341/3202/3202 2342/3203/3203 2334/3195/3195 2320/3181/3181
f 2337/3198/3198 2343/3204/3204 2345/3206/3206 2344/3205/3205
f 2344/3205/3205 2345/3206/3206 2340/3201/3201 2339/3200/3200
f 2356/3217/3217 2323/3184/3184 2346/3207/3207
f 2347/3208/3208 2356/3217/3217 2348/3209/3209
f 2323/3184/3184 2356/3217/3217 2347/3208/3208
f 2353/3214/3214 2347/3208/3208 2348/3209/3209
f 2325/3186/3186 2353/3214/3214 2337/3198/3198
f 2347/3208/3208 2353/3214/3214 2325/3186/3186
f 2348/3209/3209 2352/3213/3213 2354/3215/3215 2353/3214/3214
f 2353/3214/3214 2354/3215/3215 2343/3204/3204 2337/3198/3198
f 2346/3207/3207 2355/3216/3216 2357/3218/3218 2356/3217/3217
f 2356/3217/3217 2357/3218/3218 2352/3213/3213 2348/3209/3209
f 2371/3232/3232 2302/3163/3163 2326/3187/3187
f 2327/3188/3188 2371/3232/3232 2328/3189/3189
f 2302/3163/3163 2371/3232/3232 2327/3188/3188
f 2350/3211/3211 2327/3188/3188 2328/3189/3189
f 2304/3165/3165 2350/3211/3211 2305/3166/3166
f 2327/3188/3188 2350/3211/3211 2304/3165/3165
f 2368/3229/3229 2328/3189/3189 2349/3210/3210
f 2350/3211/3211 2368/3229/3229 2351/3212/3212
f 2328/3189/3189 2368/3229/3229 2350/3211/3211
f 2359/3220/3220 2350/3211/3211 2351/3212/3212
f 2305/3166/3166 2359/3220/3220 2323/3184/3184
f 2350/3211/3211 2359/3220/3220 2305/3166/3166
f 2365/3226/3226 2351/3212/3212 2358/3219/3219
f 2359/3220/3220 2365/3226/3226 2360/3221/3221
f 2351/3212/3212 2365/3226/3226 2359/3220/3220
f 2362/3223/3223 2359/3220/3220 2360/3221/3221
f 2323/3184/3184 2362/3223/3223 2346/3207/3207
f 2359/3220/3220 2362/3223/3223 2323/3184/3184
f 2360/3221/3221 2361/3222/3222 2363/3224/3224 2362/3223/3223
f 2362/3223/3223 2363/3224/3224 2355/3216/3216 2346/3207/3207
f 2358/3219/3219 2364/3225/3225 2366/3227/3227 2365/3226/3226
f 2365/3226/3226 2366/3227/3227 2361/3222/3222 2360/3221/3221
f 2380/3241/3241 2349/3210/3210 2367/3228/3228
f 2368/3229/3229 2380/3241/3241 2369/3230/3230
f 2349/3210/3210 2380/3241/3241 2368/3229/3229
f 2377/3238/3238 2368/3229/3229 2369/3230/3230
f 2351/3212/3212 2377/3238/3238 2358/3219/3219
f 2368/3229/3229 2377/3238/3238 2351/3212/3212
f 2369/3230/3230 2376/3237/3237 2378/3239/3239 2377/3238/3238
f 2377/3238/3238 2378/3239/3239 2364/3225/3225 2358/3219/3219
f 2367/3228/3228 2379/3240/3240 2381/3242/3242 2380/3241/3241
f 2380/3241/3241 2381/3242/3242 2376/3237/3237 2369/3230/3230
f 2392/3253/3253 2326/3187/3187 2370/3231/3231
f 2371/3232/3232 2392/3253/3253 2372/3233/3233
f 2326/3187/3187 2392/3253/3253 2371/3232/3232
f 2383/3244/3244 2371/3232/3232 2372/3233/3233
f 2328/3189/3189 2383/3244/3244 2349/3210/3210
f 2371/3232/3232 2383/3244/3244 2328/3189/3189
f 2389/3250/3250 2372/3233/3233 2382/3243/3243
f 2383/3244/3244 2389/3250/3250 2384/3245/3245
f 2372/3233/3233 2389/3250/3250 2383/3244/3244
f 2386/3247/3247 2383/3244/3244 2384/3245/3245
f 2349/3210/3210 2386/3247/3247 2367/3228/3228
f 2383/3244/3244 2386/3247/3247 2349/3210/3210
f 2384/3245/3245 2385/3246/3246 2387/3248/3248 2386/3247/3247
f 2386/3247/3247 2387/3248/3248 2379/3240/3240 2367/3228/3228
f 2382/3243/3243 2388/3249/3249 2390/3251/3251 2389/3250/3250
f 2389/3250/3250 2390/3251/3251 2385/3246/3246 2384/3245/3245
f 2401/3262/3262 2370/3231/3231 2391/3252/3252
f 2392/3253/3253 2401/3262/3262 2393/3254/3254
f 2370/3231/3231 2401/3262/3262 2392/3253/3253
f 2398/3259/3259 2392/3253/3253 2393/3254/3254
f 2372/3233/3233 2398/3259/3259 2382/3243/3243
f 2392/3253/3253 2398/3259/3259 2372/3233/3233
f 2393/3254/3254 2397/3258/3258 2399/3260/3260 2398/3259/3259
f 2398/3259/3259 2399/3260/3260 2388/3249/3249 2382/3243/3243
f 2391/3252/3252 2400/3261/3261 2402/3263/3263 2401/3262/3262
f 2401/3262/3262 2402/3263/3263 2397/3258/3258 2393/3254/3254
f 2567/3585/3585 2569/3587/3587 2568/3586/3586 2558/3576/3576
f 2569/3587/3587 2564/3582/3582 2560/3578/3578 2568/3586/3586
f 2568/3586/3586 2537/3555/3555 2558/3576/3576
f 2559/3577/3577 2568/3586/3586 2560/3578/3578
f 2537/3555/3555 2568/3586/3586 2559/3577/3577
f 2565/3583/3583 2559/3577/3577 2560/3578/3578
f 2539/3557/3557 2565/3583/3583 2549/3567/3567
f 2559/3577/3577 2565/3583/3583 2539/3557/3557
f 2564/3582/3582 2566/3584/3584 2565/3583/3583 2560/3578/3578
f 2566/3584/3584 2555/3573/3573 2549/3567/3567 2565/3583/3583
f 2559/3577/3577 2492/3510/3510 2537/3555/3555
f 2538/3556/3556 2559/3577/3577 2539/3557/3557
f 2492/3510/3510 2559/3577/3577 2538/3556/3556
f 2550/3568/3568 2538/3556/3556 2539/3557/3557
f 2494/3512/3512 2550/3568/3568 2516/3534/3534
f 2538/3556/3556 2550/3568/3568 2494/3512/3512
f 2555/3573/3573 2557/3575/3575 2556/3574/3574 2549/3567/3567
f 2557/3575/3575 2552/3570/3570 2551/3569/3569 2556/3574/3574
f 2556/3574/3574 2539/3557/3557 2549/3567/3567
f 2550/3568/3568 2556/3574/3574 2551/3569/3569
f 2539/3557/3557 2556/3574/3574 2550/3568/3568
f 2553/3571/3571 2550/3568/3568 2551/3569/3569
f 2516/3534/3534 2553/3571/3571 2534/3552/3552
f 2550/3568/3568 2553/3571/3571 2516/3534/3534
f 2552/3570/3570 2554/3572/3572 2553/3571/3571 2551/3569/3569
f 2554/3572/3572 2546/3564/3564 2534/3552/3552 2553/3571/3571
f 2538/3556/3556 2329/3190/3190 2492/3510/3510
f 2493/3511/3511 2538/3556/3556 2494/3512/3512
f 2329/3190/3190 2538/3556/3556 2493/3511/3511
f 2517/3535/3535 2493/3511/3511 2494/3512/3512
f 2330/3191/3191 2517/3535/3535 2418/3279/3279
f 2493/3511/3511 2517/3535/3535 2330/3191/3191
f 2546/3564/3564 2548/3566/3566 2547/3565/3565 2534/3552/3552
f 2548/3566/3566 2543/3561/3561 2536/3554/3554 2547/3565/3565
f 2547/3565/3565 2516/3534/3534 2534/3552/3552
f 2535/3553/3553 2547/3565/3565 2536/3554/3554
f 2516/3534/3534 2547/3565/3565 2535/3553/3553
f 2544/3562/3562 2535/3553/3553 2536/3554/3554
f 2518/3536/3536 2544/3562/3562 2525/3543/3543
f 2535/3553/3553 2544/3562/3562 2518/3536/3536
f 2543/3561/3561 2545/3563/3563 2544/3562/3562 2536/3554/3554
f 2545/3563/3563 2531/3549/3549 2525/3543/3543 2544/3562/3562
f 2535/3553/3553 2494/3512/3512 2516/3534/3534
f 2517/3535/3535 2535/3553/3553 2518/3536/3536
f 2494/3512/3512 2535/3553/3553 2517/3535/3535
f 2526/3544/3544 2517/3535/3535 2518/3536/3536
f 2418/3279/3279 2526/3544/3544 2489/3507/3507
f 2517/3535/3535 2526/3544/3544 2418/3279/3279
f 2531/3549/3549 2533/3551/3551 2532/3550/3550 2525/3543/3543
f 2533/3551/3551 2528/3546/3546 2527/3545/3545 2532/3550/3550
f 2532/3550/3550 2518/3536/3536 2525/3543/3543
f 2526/3544/3544 2532/3550/3550 2527/3545/3545
f 2518/3536/3536 2532/3550/3550 2526/3544/3544
f 2529/3547/3547 2526/3544/3544 2527/3545/3545
f 2489/3507/3507 2529/3547/3547 2513/3531/3531
f 2526/3544/3544 2529/3547/3547 2489/3507/3507
f 2528/3546/3546 2530/3548/3548 2529/3547/3547 2527/3545/3545
f 2530/3548/3548 2522/3540/3540 2513/3531/3531 2529/3547/3547
f 2374/3235/3235 2493/3511/3511 2330/3191/3191
f 2493/3511/3511 2301/3162/3162 2329/3190/3190
f 2301/3162/3162 2374/3235/3235 2302/3163/3163
f 2374/3235/3235 2301/3162/3162 2493/3511/3511
f 2416/3277/3277 2330/3191/3191 2373/3234/3234
f 2374/3235/3235 2416/3277/3277 2375/3236/3236
f 2330/3191/3191 2416/3277/3277 2374/3235/3235
f 2395/3256/3256 2374/3235/3235 2375/3236/3236
f 2302/3163/3163 2395/3256/3256 2326/3187/3187
f 2374/3235/3235 2395/3256/3256 2302/3163/3163
f 2413/3274/3274 2375/3236/3236 2394/3255/3255
f 2395/3256/3256 2413/3274/3274 2396/3257/3257
f 2375/3236/3236 2413/3274/3274 2395/3256/3256
f 2404/3265/3265 2395/3256/3256 2396/3257/3257
f 2326/3187/3187 2404/3265/3265 2370/3231/3231
f 2395/3256/3256 2404/3265/3265 2326/3187/3187
f 2410/3271/3271 2396/3257/3257 2403/3264/3264
f 2404/3265/3265 2410/3271/3271 2405/3266/3266
f 2396/3257/3257 2410/3271/3271 2404/3265/3265
f 2407/3268/3268 2404/3265/3265 2405/3266/3266
f 2370/3231/3231 2407/3268/3268 2391/3252/3252
f 2404/3265/3265 2407/3268/3268 2370/3231/3231
f 2405/3266/3266 2406/3267/3267 2408/3269/3269 2407/3268/3268
f 2407/3268/3268 2408/3269/3269 2400/3261/3261 2391/3252/3252
f 2403/3264/3264 2409/3270/3270 2411/3272/3272 2410/3271/3271
f 2410/3271/3271 2411/3272/3272 2406/3267/3267 2405/3266/3266
f 2424/3285/3285 2394/3255/3255 2412/3273/3273
f 2413/3274/3274 2424/3285/3285 2414/3275/3275
f 2394/3255/3255 2424/3285/3285 2413/3274/3274
f 2421/3282/3282 2413/3274/3274 2414/3275/3275
f 2396/3257/3257 2421/3282/3282 2403/3264/3264
f 2413/3274/3274 2421/3282/3282 2396/3257/3257
f 2414/3275/3275 2420/3281/3281 2422/3283/3283 2421/3282/3282
f 2421/3282/3282 2422/3283/3283 2409/3270/3270 2403/3264/3264
f 2412/3273/3273 2423/3284/3284 2425/3286/3286 2424/3285/3285
f 2424/3285/3285 2425/3286/3286 2420/3281/3281 2414/3275/3275
f 2436/3297/3297 2373/3234/3234 2415/3276/3276
f 2416/3277/3277 2436/3297/3297 2417/3278/3278
f 2373/3234/3234 2436/3297/3297 2416/3277/3277
f 2427/3288/3288 2416/3277/3277 2417/3278/3278
f 2375/3236/3236 2427/3288/3288 2394/3255/3255
f 2416/3277/3277 2427/3288/3288 2375/3236/3236
f 2433/3294/3294 2417/3278/3278 2426/3287/3287
f 2427/3288/3288 2433/3294/3294 2428/3289/3289
f 2417/3278/3278 2433/3294/3294 2427/3288/3288
f 2430/3291/3291 2427/3288/3288 2428/3289/3289
f 2394/3255/3255 2430/3291/3291 2412/3273/3273
f 2427/3288/3288 2430/3291/3291 2394/3255/3255
f 2428/3289/3289 2429/3290/3290 2431/3292/3292 2430/3291/3291
f 2430/3291/3291 2431/3292/3292 2423/3284/3284 2412/3273/3273
f 2426/3287/3287 2432/3293/3293 2434/3295/3295 2433/3294/3294
f 2433/3294/3294 2434/3295/3295 2429/3290/3290 2428/3289/3289
f 2445/3306/3306 2415/3276/3276 2435/3296/3296
f 2436/3297/3297 2445/3306/3306 2437/3298/3298
f 2415/3276/3276 2445/3306/3306 2436/3297/3297
f 2442/3303/3303 2436/3297/3297 2437/3298/3298
f 2417/3278/3278 2442/3303/3303 2426/3287/3287
f 2436/3297/3297 2442/3303/3303 2417/3278/3278
f 2437/3298/3298 2441/3302/3302 2443/3304/3304 2442/3303/3303
f 2442/3303/3303 2443/3304/3304 2432/3293/3293 2426/3287/3287
f 2435/3296/3296 2444/3305/3305 2446/3307/3307 2445/3306/3306
f 2445/3306/3306 2446/3307/3307 2441/3302/3302 2437/3298/3298
f 2522/3540/3540 2524/3542/3542 2523/3541/3541 2513/3531/3531
f 2524/3542/3542 2519/3537/3537 2515/3533/3533 2523/3541/3541
f 2523/3541/3541 2489/3507/3507 2513/3531/3531
f 2514/3532/3532 2523/3541/3541 2515/3533/3533
f 2489/3507/3507 2523/3541/3541 2514/3532/3532
f 2520/3538/3538 2514/3532/3532 2515/3533/3533
f 2491/3509/3509 2520/3538/3538 2504/3522/3522
f 2514/3532/3532 2520/3538/3538 2491/3509/3509
f 2519/3537/3537 2521/3539/3539 2520/3538/3538 2515/3533/3533
f 2521/3539/3539 2510/3528/3528 2504/3522/3522 2520/3538/3538
f 2514/3532/3532 2418/3279/3279 2489/3507/3507
f 2490/3508/3508 2514/3532/3532 2491/3509/3509
f 2418/3279/3279 2514/3532/3532 2490/3508/3508
f 2505/3523/3523 2490/3508/3508 2491/3509/3509
f 2419/3280/3280 2505/3523/3523 2459/3320/3320
f 2490/3508/3508 2505/3523/3523 2419/3280/3280
f 2510/3528/3528 2512/3530/3530 2511/3529/3529 2504/3522/3522
f 2512/3530/3530 2507/3525/3525 2506/3524/3524 2511/3529/3529
f 2511/3529/3529 2491/3509/3509 2504/3522/3522
f 2505/3523/3523 2511/3529/3529 2506/3524/3524
f 2491/3509/3509 2511/3529/3529 2505/3523/3523
f 2508/3526/3526 2505/3523/3523 2506/3524/3524
f 2459/3320/3320 2508/3526/3526 2486/3504/3504
f 2505/3523/3523 2508/3526/3526 2459/3320/3320
f 2507/3525/3525 2509/3527/3527 2508/3526/3526 2506/3524/3524
f 2509/3527/3527 2501/3519/3519 2486/3504/3504 2508/3526/3526
f 2439/3300/3300 2490/3508/3508 2419/3280/3280
f 2490/3508/3508 2330/3191/3191 2418/3279/3279
f 2330/3191/3191 2439/3300/3300 2373/3234/3234
f 2439/3300/3300 2330/3191/3191 2490/3508/3508
f 2457/3318/3318 2419/3280/3280 2438/3299/3299
f 2439/3300/3300 2457/3318/3318 2440/3301/3301
f 2419/3280/3280 2457/3318/3318 2439/3300/3300
f 2448/3309/3309 2439/3300/3300 2440/3301/3301
f 2373/3234/3234 2448/3309/3309 2415/3276/3276
f 2439/3300/3300 2448/3309/3309 2373/3234/3234
f 2454/3315/3315 2440/3301/3301 2447/3308/3308
f 2448/3309/3309 2454/3315/3315 2449/3310/3310
f 2440/3301/3301 2454/3315/3315 2448/3309/3309
f 2451/3312/3312 2448/3309/3309 2449/3310/3310
f 2415/3276/3276 2451/3312/3312 2435/3296/3296
f 2448/3309/3309 2451/3312/3312 2415/3276/3276
f 2449/3310/3310 2450/3311/3311 2452/3313/3313 2451/3312/3312
f 2451/3312/3312 2452/3313/3313 2444/3305/3305 2435/3296/3296
f 2447/3308/3308 2453/3314/3314 2455/3316/3316 2454/3315/3315
f 2454/3315/3315 2455/3316/3316 2450/3311/3311 2449/3310/3310
f 2465/3326/3326 2438/3299/3299 2456/3317/3317
f 2457/3318/3318 2465/3326/3326 2458/3319/3319
f 2438/3299/3299 2465/3326/3326 2457/3318/3318
f 2462/3323/3323 2457/3318/3318 2458/3319/3319
f 2440/3301/3301 2462/3323/3323 2447/3308/3308
f 2457/3318/3318 2462/3323/3323 2440/3301/3301
f 2458/3319/3319 2461/3322/3322 2463/3324/3324 2462/3323/3323
f 2462/3323/3323 2463/3324/3324 2453/3314/3314 2447/3308/3308
f 2456/3317/3317 2464/3325/3325 2466/3327/3327 2465/3326/3326
f 2465/3326/3326 2466/3327/3327 2461/3322/3322 2458/3319/3319
f 2501/3519/3519 2503/3521/3521 2502/3520/3520 2486/3504/3504
f 2503/3521/3521 2498/3516/3516 2488/3506/3506 2502/3520/3520
f 2502/3520/3520 2459/3320/3320 2486/3504/3504
f 2487/3505/3505 2502/3520/3520 2488/3506/3506
f 2459/3320/3320 2502/3520/3520 2487/3505/3505
f 2499/3517/3517 2487/3505/3505 2488/3506/3506
f 2460/3321/3321 2499/3517/3517 2476/3337/3337
f 2487/3505/3505 2499/3517/3517 2460/3321/3321
f 2498/3516/3516 2500/3518/3518 2499/3517/3517 2488/3506/3506
f 2500/3518/3518 2483/3501/3501 2476/3337/3337 2499/3517/3517
f 2468/3329/3329 2487/3505/3505 2460/3321/3321
f 2487/3505/3505 2419/3280/3280 2459/3320/3320
f 2419/3280/3280 2468/3329/3329 2438/3299/3299
f 2468/3329/3329 2419/3280/3280 2487/3505/3505
f 2474/3335/3335 2460/3321/3321 2467/3328/3328
f 2468/3329/3329 2474/3335/3335 2469/3330/3330
f 2460/3321/3321 2474/3335/3335 2468/3329/3329
f 2471/3332/3332 2468/3329/3329 2469/3330/3330
f 2438/3299/3299 2471/3332/3332 2456/3317/3317
f 2468/3329/3329 2471/3332/3332 2438/3299/3299
f 2469/3330/3330 2470/3331/3331 2472/3333/3333 2471/3332/3332
f 2471/3332/3332 2472/3333/3333 2464/3325/3325 2456/3317/3317
f 2467/3328/3328 2473/3334/3334 2475/3336/3336 2474/3335/3335
f 2474/3335/3335 2475/3336/3336 2470/3331/3331 2469/3330/3330
f 2483/3501/3501 2485/3503/3503 2484/3502/3502 2476/3337/3337
f 2485/3503/3503 2481/3342/3342 2477/3338/3338 2484/3502/3502
f 2479/3340/3340 2484/3502/3502 2477/3338/3338
f 2484/3502/3502 2460/3321/3321 2476/3337/3337
f 2460/3321/3321 2479/3340/3340 2467/3328/3328
f 2479/3340/3340 2460/3321/3321 2484/3502/3502
f 2477/3338/3338 2478/3339/3339 2480/3341/3341 2479/3340/3340
f 2479/3340/3340 2480/3341/3341 2473/3334/3334 2467/3328/3328
f 2481/3342/3342 2482/3343/3343 2478/3339/3339 2477/3338/3338
f 2822/3840/3840 2818/3836/3836 2226/2962/2962 2821/3839/3839
f 2819/3837/3837 2224/2960/2960 2226/2962/2962
f 2223/2959/2959 2819/3837/3837 2225/2961/2961
f 2224/2960/2960 2819/3837/3837 2223/2959/2959
f 2818/3836/3836 2820/3838/3838 2819/3837/3837 2226/2962/2962
f 2820/3838/3838 2815/3833/3833 2225/2961/2961 2819/3837/3837
f 2229/2965/2965 2228/2964/2964 2221/2957/2957 2227/2963/2963
f 2224/2960/2960 2223/2959/2959 2228/2964/2964 2229/2965/2965
f 2810/3828/3828 2228/2964/2964 2223/2959/2959
f 2228/2964/2964 2220/2956/2956 2221/2957/2957
f 2220/2956/2956 2810/3828/3828 2222/2958/2958
f 2810/3828/3828 2220/2956/2956 2228/2964/2964
f 2815/3833/3833 2817/3835/3835 2816/3834/3834 2225/2961/2961
f 2817/3835/3835 2812/3830/3830 2811/3829/3829 2816/3834/3834
f 2816/3834/3834 2223/2959/2959 2225/2961/2961
f 2810/3828/3828 2816/3834/3834 2811/3829/3829
f 2223/2959/2959 2816/3834/3834 2810/3828/3828
f 2813/3831/3831 2810/3828/3828 2811/3829/3829
f 2222/2958/2958 2813/3831/3831 2801/3819/3819
f 2810/3828/3828 2813/3831/3831 2222/2958/2958
f 2812/3830/3830 2814/3832/3832 2813/3831/3831 2811/3829/3829
f 2814/3832/3832 2807/3825/3825 2801/3819/3819 2813/3831/3831
f 2240/2976/2976 2239/2975/2975 2232/2968/2968 2238/2974/2974
f 2227/2963/2963 2221/2957/2957 2239/2975/2975 2240/2976/2976
f 2243/2979/2979 2242/2978/2978 2230/2966/2966 2241/2977/2977
f 2238/2974/2974 2232/2968/2968 2242/2978/2978 2243/2979/2979
f 2242/2978/2978 2218/2954/2954 2230/2966/2966
f 2231/2967/2967 2242/2978/2978 2232/2968/2968
f 2218/2954/2954 2242/2978/2978 2231/2967/2967
f 2239/2975/2975 2231/2967/2967 2232/2968/2968
f 2220/2956/2956 2239/2975/2975 2221/2957/2957
f 2231/2967/2967 2239/2975/2975 2220/2956/2956
f 2784/3802/3802 2231/2967/2967 2220/2956/2956
f 2231/2967/2967 2217/2953/2953 2218/2954/2954
f 2217/2953/2953 2784/3802/3802 2219/2955/2955
f 2784/3802/3802 2217/2953/2953 2231/2967/2967
f 2807/3825/3825 2809/3827/3827 2808/3826/3826 2801/3819/3819
f 2809/3827/3827 2804/3822/3822 2803/3821/3821 2808/3826/3826
f 2808/3826/3826 2222/2958/2958 2801/3819/3819
f 2802/3820/3820 2808/3826/3826 2803/3821/3821
f 2222/2958/2958 2808/3826/3826 2802/3820/3820
f 2805/3823/3823 2802/3820/3820 2803/3821/3821
f 2785/3803/3803 2805/3823/3823 2792/3810/3810
f 2802/3820/3820 2805/3823/3823 2785/3803/3803
f 2804/3822/3822 2806/3824/3824 2805/3823/3823 2803/3821/3821
f 2806/3824/3824 2798/3816/3816 2792/3810/3810 2805/3823/3823
f 2802/3820/3820 2220/2956/2956 2222/2958/2958
f 2784/3802/3802 2802/3820/3820 2785/3803/3803
f 2220/2956/2956 2802/3820/3820 2784/3802/3802
f 2793/3811/3811 2784/3802/3802 2785/3803/3803
f 2219/2955/2955 2793/3811/3811 2763/3781/3781
f 2784/3802/3802 2793/3811/3811 2219/2955/2955
f 2798/3816/3816 2800/3818/3818 2799/3817/3817 2792/3810/3810
f 2800/3818/3818 2795/3813/3813 2794/3812/3812 2799/3817/3817
f 2799/3817/3817 2785/3803/3803 2792/3810/3810
f 2793/3811/3811 2799/3817/3817 2794/3812/3812
f 2785/3803/3803 2799/3817/3817 2793/3811/3811
f 2796/3814/3814 2793/3811/3811 2794/3812/3812
f 2763/3781/3781 2796/3814/3814 2781/3799/3799
f 2793/3811/3811 2796/3814/3814 2763/3781/3781
f 2795/3813/3813 2797/3815/3815 2796/3814/3814 2794/3812/3812
f 2797/3815/3815 2789/3807/3807 2781/3799/3799 2796/3814/3814
f 2249/2985/2985 2248/2984/2984 2246/2982/2982 2247/2983/2983
f 2241/2977/2977 2230/2966/2966 2248/2984/2984 2249/2985/2985
f 2252/2988/2988 2251/2987/2987 2244/2980/2980 2250/2986/2986
f 2247/2983/2983 2246/2982/2982 2251/2987/2987 2252/2988/2988
f 2251/2987/2987 2235/2971/2971 2244/2980/2980
f 2245/2981/2981 2251/2987/2987 2246/2982/2982
f 2235/2971/2971 2251/2987/2987 2245/2981/2981
f 2248/2984/2984 2245/2981/2981 2246/2982/2982
f 2218/2954/2954 2248/2984/2984 2230/2966/2966
f 2245/2981/2981 2248/2984/2984 2218/2954/2954
f 2261/2997/2997 2260/2996/2996 2255/2991/2991 2259/2995/2995
f 2250/2986/2986 2244/2980/2980 2260/2996/2996 2261/2997/2997
f 2264/3000/3000 2263/2999/2999 2253/2989/2989 2262/2998/2998
f 2259/2995/2995 2255/2991/2991 2263/2999/2999 2264/3000/3000
f 2263/2999/2999 2233/2969/2969 2253/2989/2989
f 2254/2990/2990 2263/2999/2999 2255/2991/2991
f 2233/2969/2969 2263/2999/2999 2254/2990/2990
f 2260/2996/2996 2254/2990/2990 2255/2991/2991
f 2235/2971/2971 2260/2996/2996 2244/2980/2980
f 2254/2990/2990 2260/2996/2996 2235/2971/2971
f 2254/2990/2990 2215/2951/2951 2233/2969/2969
f 2234/2970/2970 2254/2990/2990 2235/2971/2971
f 2215/2951/2951 2254/2990/2990 2234/2970/2970
f 2245/2981/2981 2234/2970/2970 2235/2971/2971
f 2217/2953/2953 2245/2981/2981 2218/2954/2954
f 2234/2970/2970 2245/2981/2981 2217/2953/2953
f 2722/3740/3740 2234/2970/2970 2217/2953/2953
f 2234/2970/2970 2214/2950/2950 2215/2951/2951
f 2214/2950/2950 2722/3740/3740 2216/2952/2952
f 2722/3740/3740 2214/2950/2950 2234/2970/2970
f 2789/3807/3807 2791/3809/3809 2790/3808/3808 2781/3799/3799
f 2791/3809/3809 2786/3804/3804 2783/3801/3801 2790/3808/3808
f 2790/3808/3808 2763/3781/3781 2781/3799/3799
f 2782/3800/3800 2790/3808/3808 2783/3801/3801
f 2763/3781/3781 2790/3808/3808 2782/3800/3800
f 2787/3805/3805 2782/3800/3800 2783/3801/3801
f 2765/3783/3783 2787/3805/3805 2772/3790/3790
f 2782/3800/3800 2787/3805/3805 2765/3783/3783
f 2786/3804/3804 2788/3806/3806 2787/3805/3805 2783/3801/3801
f 2788/3806/3806 2778/3796/3796 2772/3790/3790 2787/3805/3805
f 2782/3800/3800 2219/2955/2955 2763/3781/3781
f 2764/3782/3782 2782/3800/3800 2765/3783/3783
f 2219/2955/2955 2782/3800/3800 2764/3782/3782
f 2773/3791/3791 2764/3782/3782 2765/3783/3783
f 2723/3741/3741 2773/3791/3791 2742/3760/3760
f 2764/3782/3782 2773/3791/3791 2723/3741/3741
f 2778/3796/3796 2780/3798/3798 2779/3797/3797 2772/3790/3790
f 2780/3798/3798 2775/3793/3793 2774/3792/3792 2779/3797/3797
f 2779/3797/3797 2765/3783/3783 2772/3790/3790
f 2773/3791/3791 2779/3797/3797 2774/3792/3792
f 2765/3783/3783 2779/3797/3797 2773/3791/3791
f 2776/3794/3794 2773/3791/3791 2774/3792/3792
f 2742/3760/3760 2776/3794/3794 2760/3778/3778
f 2773/3791/3791 2776/3794/3794 2742/3760/3760
f 2775/3793/3793 2777/3795/3795 2776/3794/3794 2774/3792/3792
f 2777/3795/3795 2769/3787/3787 2760/3778/3778 2776/3794/3794
f 2764/3782/3782 2217/2953/2953 2219/2955/2955
f 2722/3740/3740 2764/3782/3782 2723/3741/3741
f 2217/2953/2953 2764/3782/3782 2722/3740/3740
f 2743/3761/3761 2722/3740/3740 2723/3741/3741
f 2216/2952/2952 2743/3761/3761 2677/3695/3695
f 2722/3740/3740 2743/3761/3761 2216/2952/2952
f 2769/3787/3787 2771/3789/3789 2770/3788/3788 2760/3778/3778
f 2771/3789/3789 2766/3784/3784 2762/3780/3780 2770/3788/3788
f 2770/3788/3788 2742/3760/3760 2760/3778/3778
f 2761/3779/3779 2770/3788/3788 2762/3780/3780
f 2742/3760/3760 2770/3788/3788 2761/3779/3779
f 2767/3785/3785 2761/3779/3779 2762/3780/3780
f 2744/3762/3762 2767/3785/3785 2751/3769/3769
f 2761/3779/3779 2767/3785/3785 2744/3762/3762
f 2766/3784/3784 2768/3786/3786 2767/3785/3785 2762/3780/3780
f 2768/3786/3786 2757/3775/3775 2751/3769/3769 2767/3785/3785
f 2761/3779/3779 2723/3741/3741 2742/3760/3760
f 2743/3761/3761 2761/3779/3779 2744/3762/3762
f 2723/3741/3741 2761/3779/3779 2743/3761/3761
f 2752/3770/3770 2743/3761/3761 2744/3762/3762
f 2677/3695/3695 2752/3770/3770 2719/3737/3737
f 2743/3761/3761 2752/3770/3770 2677/3695/3695
f 2757/3775/3775 2759/3777/3777 2758/3776/3776 2751/3769/3769
f 2759/3777/3777 2754/3772/3772 2753/3771/3771 2758/3776/3776
f 2758/3776/3776 2744/3762/3762 2751/3769/3769
f 2752/3770/3770 2758/3776/3776 2753/3771/3771
f 2744/3762/3762 2758/3776/3776 2752/3770/3770
f 2755/3773/3773 2752/3770/3770 2753/3771/3771
f 2719/3737/3737 2755/3773/3773 2739/3757/3757
f 2752/3770/3770 2755/3773/3773 2719/3737/3737
f 2754/3772/3772 2756/3774/3774 2755/3773/3773 2753/3771/3771
f 2756/3774/3774 2748/3766/3766 2739/3757/3757 2755/3773/3773
f 2270/3006/3006 2269/3005/3005 2267/3003/3003 2268/3004/3004
f 2262/2998/2998 2253/2989/2989 2269/3005/3005 2270/3006/3006
f 2273/3009/3009 2272/3008/3008 2265/3001/3001 2271/3007/3007
f 2268/3004/3004 2267/3003/3003 2272/3008/3008 2273/3009/3009
f 2272/3008/3008 2258/2994/2994 2265/3001/3001
f 2266/3002/3002 2272/3008/3008 2267/3003/3003
f 2258/2994/2994 2272/3008/3008 2266/3002/3002
f 2269/3005/3005 2266/3002/3002 2267/3003/3003
f 2233/2969/2969 2269/3005/3005 2253/2989/2989
f 2266/3002/3002 2269/3005/3005 2233/2969/2969
f 2281/3017/3017 2280/3016/3016 2276/3012/3012 2279/3015/3015
f 2271/3007/3007 2265/3001/3001 2280/3016/3016 2281/3017/3017
f 2284/3020/3020 2283/3019/3019 2274/3010/3010 2282/3018/3018
f 2279/3015/3015 2276/3012/3012 2283/3019/3019 2284/3020/3020
f 2283/3019/3019 2256/2992/2992 2274/3010/3010
f 2275/3011/3011 2283/3019/3019 2276/3012/3012
f 2256/2992/2992 2283/3019/3019 2275/3011/3011
f 2280/3016/3016 2275/3011/3011 2276/3012/3012
f 2258/2994/2994 2280/3016/3016 2265/3001/3001
f 2275/3011/3011 2280/3016/3016 2258/2994/2994
f 2275/3011/3011 2237/2973/2973 2256/2992/2992
f 2257/2993/2993 2275/3011/3011 2258/2994/2994
f 2237/2973/2973 2275/3011/3011 2257/2993/2993
f 2266/3002/3002 2257/2993/2993 2258/2994/2994
f 2215/2951/2951 2266/3002/3002 2233/2969/2969
f 2257/2993/2993 2266/3002/3002 2215/2951/2951
f 2290/3026/3026 2289/3025/3025 2287/3023/3023 2288/3024/3024
f 2282/3018/3018 2274/3010/3010 2289/3025/3025 2290/3026/3026
f 2293/3029/3029 2292/3028/3028 2285/3021/3021 2291/3027/3027
f 2288/3024/3024 2287/3023/3023 2292/3028/3028 2293/3029/3029
f 2292/3028/3028 2278/3014/3014 2285/3021/3021
f 2286/3022/3022 2292/3028/3028 2287/3023/3023
f 2278/3014/3014 2292/3028/3028 2286/3022/3022
f 2289/3025/3025 2286/3022/3022 2287/3023/3023
f 2256/2992/2992 2289/3025/3025 2274/3010/3010
f 2286/3022/3022 2289/3025/3025 2256/2992/2992
f 2298/3034/3034 2297/3033/3033 2295/3031/3031 2296/3032/3032
f 2291/3027/3027 2285/3021/3021 2297/3033/3033 2298/3034/3034
f 2823/3998/3998 2300/3036/3036 2824/3999/3999 2825/4000/4000
f 2300/3036/3036 2826/4001/4001 2828/4003/4003 2824/3999/3999
f 2826/4001/4001 2299/3035/3035 2827/4002/4002 2828/4003/4003
f 2826/4001/4001 2295/3031/3031 2299/3035/3035
f 2296/3032/3032 2826/4001/4001 2300/3036/3036
f 2295/3031/3031 2826/4001/4001 2296/3032/3032
f 2840/4015/4015 2829/4004/4004 2831/4006/4006
f 2295/3031/3031 2840/4015/4015 2299/3035/3035
f 2829/4004/4004 2840/4015/4015 2295/3031/3031
f 2299/3035/3035 2840/4015/4015 2842/4017/4017 2827/4002/4002
f 2840/4015/4015 2831/4006/4006 2841/4016/4016 2842/4017/4017
f 2831/4006/4006 2843/4018/4018 2845/4020/4020 2841/4016/4016
f 2843/4018/4018 2830/4005/4005 2844/4019/4019 2845/4020/4020
f 2843/4018/4018 2294/3030/3030 2830/4005/4005
f 2829/4004/4004 2843/4018/4018 2831/4006/4006
f 2294/3030/3030 2843/4018/4018 2829/4004/4004
f 2297/3033/3033 2829/4004/4004 2295/3031/3031
f 2829/4004/4004 2278/3014/3014 2294/3030/3030
f 2278/3014/3014 2297/3033/3033 2285/3021/3021
f 2297/3033/3033 2278/3014/3014 2829/4004/4004
f 2846/4021/4021 2832/4007/4007 2834/4009/4009
f 2278/3014/3014 2846/4021/4021 2294/3030/3030
f 2832/4007/4007 2846/4021/4021 2278/3014/3014
f 2849/4024/4024 2846/4021/4021 2848/4023/4023
f 2294/3030/3030 2849/4024/4024 2830/4005/4005
f 2846/4021/4021 2849/4024/4024 2294/3030/3030
f 2830/4005/4005 2849/4024/4024 2851/4026/4026 2844/4019/4019
f 2849/4024/4024 2848/4023/4023 2850/4025/4025 2851/4026/4026
f 2848/4023/4023 2852/4027/4027 2854/4029/4029 2850/4025/4025
f 2852/4027/4027 2847/4022/4022 2853/4028/4028 2854/4029/4029
f 2852/4027/4027 2834/4009/4009 2847/4022/4022
f 2846/4021/4021 2852/4027/4027 2848/4023/4023
f 2834/4009/4009 2852/4027/4027 2846/4021/4021
f 2861/4036/4036 2855/4030/4030 2857/4032/4032
f 2834/4009/4009 2861/4036/4036 2847/4022/4022
f 2855/4030/4030 2861/4036/4036 2834/4009/4009
f 2847/4022/4022 2861/4036/4036 2863/4038/4038 2853/4028/4028
f 2861/4036/4036 2857/4032/4032 2862/4037/4037 2863/4038/4038
f 2857/4032/4032 2864/4039/4039 2866/4041/4041 2862/4037/4037
f 2864/4039/4039 2856/4031/4031 2865/4040/4040 2866/4041/4041
f 2864/4039/4039 2833/4008/4008 2856/4031/4031
f 2855/4030/4030 2864/4039/4039 2857/4032/4032
f 2833/4008/4008 2864/4039/4039 2855/4030/4030
f 2855/4030/4030 2277/3013/3013 2833/4008/4008
f 2832/4007/4007 2855/4030/4030 2834/4009/4009
f 2277/3013/3013 2855/4030/4030 2832/4007/4007
f 2286/3022/3022 2832/4007/4007 2278/3014/3014
f 2832/4007/4007 2237/2973/2973 2277/3013/3013
f 2237/2973/2973 2286/3022/3022 2256/2992/2992
f 2286/3022/3022 2237/2973/2973 2832/4007/4007
f 2858/4033/4033 2835/4010/4010 2837/4012/4012
f 2237/2973/2973 2858/4033/4033 2277/3013/3013
f 2835/4010/4010 2858/4033/4033 2237/2973/2973
f 2867/4042/4042 2858/4033/4033 2860/4035/4035
f 2277/3013/3013 2867/4042/4042 2833/4008/4008
f 2858/4033/4033 2867/4042/4042 2277/3013/3013
f 2870/4045/4045 2867/4042/4042 2869/4044/4044
f 2833/4008/4008 2870/4045/4045 2856/4031/4031
f 2867/4042/4042 2870/4045/4045 2833/4008/4008
f 2856/4031/4031 2870/4045/4045 2872/4047/4047 2865/4040/4040
f 2870/4045/4045 2869/4044/4044 2871/4046/4046 2872/4047/4047
f 2869/4044/4044 2873/4048/4048 2875/4050/4050 2871/4046/4046
f 2873/4048/4048 2868/4043/4043 2874/4049/4049 2875/4050/4050
f 2873/4048/4048 2860/4035/4035 2868/4043/4043
f 2867/4042/4042 2873/4048/4048 2869/4044/4044
f 2860/4035/4035 2873/4048/4048 2867/4042/4042
f 2885/4060/4060 2876/4051/4051 2878/4053/4053
f 2860/4035/4035 2885/4060/4060 2868/4043/4043
f 2876/4051/4051 2885/4060/4060 2860/4035/4035
f 2868/4043/4043 2885/4060/4060 2887/4062/4062 2874/4049/4049
f 2885/4060/4060 2878/4053/4053 2886/4061/4061 2887/4062/4062
f 2878/4053/4053 2888/4063/4063 2890/4065/4065 2886/4061/4061
f 2888/4063/4063 2877/4052/4052 2889/4064/4064 2890/4065/4065
f 2888/4063/4063 2859/4034/4034 2877/4052/4052
f 2876/4051/4051 2888/4063/4063 2878/4053/4053
f 2859/4034/4034 2888/4063/4063 2876/4051/4051
f 2876/4051/4051 2837/4012/4012 2859/4034/4034
f 2858/4033/4033 2876/4051/4051 2860/4035/4035
f 2837/4012/4012 2876/4051/4051 2858/4033/4033
f 2891/4066/4066 2879/4054/4054 2881/4056/4056
f 2837/4012/4012 2891/4066/4066 2859/4034/4034
f 2879/4054/4054 2891/4066/4066 2837/4012/4012
f 2894/4069/4069 2891/4066/4066 2893/4068/4068
f 2859/4034/4034 2894/4069/4069 2877/4052/4052
f 2891/4066/4066 2894/4069/4069 2859/4034/4034
f 2877/4052/4052 2894/4069/4069 2896/4071/4071 2889/4064/4064
f 2894/4069/4069 2893/4068/4068 2895/4070/4070 2896/4071/4071
f 2893/4068/4068 2897/4072/4072 2899/4074/4074 2895/4070/4070
f 2897/4072/4072 2892/4067/4067 2898/4073/4073 2899/4074/4074
f 2897/4072/4072 2881/4056/4056 2892/4067/4067
f 2891/4066/4066 2897/4072/4072 2893/4068/4068
f 2881/4056/4056 2897/4072/4072 2891/4066/4066
f 2906/4081/4081 2900/4075/4075 2902/4077/4077
f 2881/4056/4056 2906/4081/4081 2892/4067/4067
f 2900/4075/4075 2906/4081/4081 2881/4056/4056
f 2892/4067/4067 2906/4081/4081 2908/4083/4083 2898/4073/4073
f 2906/4081/4081 2902/4077/4077 2907/4082/4082 2908/4083/4083
f 2902/4077/4077 2909/4084/4084 2911/4086/4086 2907/4082/4082
f 2909/4084/4084 2901/4076/4076 2910/4085/4085 2911/4086/4086
f 2909/4084/4084 2880/4055/4055 2901/4076/4076
f 2900/4075/4075 2909/4084/4084 2902/4077/4077
f 2880/4055/4055 2909/4084/4084 2900/4075/4075
f 2900/4075/4075 2836/4011/4011 2880/4055/4055
f 2879/4054/4054 2900/4075/4075 2881/4056/4056
f 2836/4011/4011 2900/4075/4075 2879/4054/4054
f 2879/4054/4054 2236/2972/2972 2836/4011/4011
f 2835/4010/4010 2879/4054/4054 2837/4012/4012
f 2236/2972/2972 2879/4054/4054 2835/4010/4010
f 2257/2993/2993 2835/4010/4010 2237/2973/2973
f 2835/4010/4010 2214/2950/2950 2236/2972/2972
f 2214/2950/2950 2257/2993/2993 2215/2951/2951
f 2257/2993/2993 2214/2950/2950 2835/4010/4010
f 2882/4057/4057 2588/3606/3606 2839/4014/4014
f 2214/2950/2950 2882/4057/4057 2236/2972/2972
f 2588/3606/3606 2882/4057/4057 2214/2950/2950
f 2903/4078/4078 2882/4057/4057 2884/4059/4059
f 2236/2972/2972 2903/4078/4078 2836/4011/4011
f 2882/4057/4057 2903/4078/4078 2236/2972/2972
f 2912/4087/4087 2903/4078/4078 2905/4080/4080
f 2836/4011/4011 2912/4087/4087 2880/4055/4055
f 2903/4078/4078 2912/4087/4087 2836/4011/4011
f 2915/4090/4090 2912/4087/4087 2914/4089/4089
f 2880/4055/4055 2915/4090/4090 2901/4076/4076
f 2912/4087/4087 2915/4090/4090 2880/4055/4055
f 2901/4076/4076 2915/4090/4090 2917/4092/4092 2910/4085/4085
f 2915/4090/4090 2914/4089/4089 2916/4091/4091 2917/4092/4092
f 2914/4089/4089 2918/4093/4093 2920/4095/4095 2916/4091/4091
f 2918/4093/4093 2913/4088/4088 2919/4094/4094 2920/4095/4095
f 2918/4093/4093 2905/4080/4080 2913/4088/4088
f 2912/4087/4087 2918/4093/4093 2914/4089/4089
f 2905/4080/4080 2918/4093/4093 2912/4087/4087
f 2931/4106/4106 2921/4096/4096 2923/4098/4098
f 2905/4080/4080 2931/4106/4106 2913/4088/4088
f 2921/4096/4096 2931/4106/4106 2905/4080/4080
f 2913/4088/4088 2931/4106/4106 2933/4108/4108 2919/4094/4094
f 2931/4106/4106 2923/4098/4098 2932/4107/4107 2933/4108/4108
f 2923/4098/4098 2934/4109/4109 2936/4111/4111 2932/4107/4107
f 2934/4109/4109 2922/4097/4097 2935/4110/4110 2936/4111/4111
f 2934/4109/4109 2904/4079/4079 2922/4097/4097
f 2921/4096/4096 2934/4109/4109 2923/4098/4098
f 2904/4079/4079 2934/4109/4109 2921/4096/4096
f 2921/4096/4096 2884/4059/4059 2904/4079/4079
f 2903/4078/4078 2921/4096/4096 2905/4080/4080
f 2884/4059/4059 2921/4096/4096 2903/4078/4078
f 2937/4112/4112 2924/4099/4099 2926/4101/4101
f 2884/4059/4059 2937/4112/4112 2904/4079/4079
f 2924/4099/4099 2937/4112/4112 2884/4059/4059
f 2940/4115/4115 2937/4112/4112 2939/4114/4114
f 2904/4079/4079 2940/4115/4115 2922/4097/4097
f 2937/4112/4112 2940/4115/4115 2904/4079/4079
f 2922/4097/4097 2940/4115/4115 2942/4117/4117 2935/4110/4110
f 2940/4115/4115 2939/4114/4114 2941/4116/4116 2942/4117/4117
f 2939/4114/4114 2943/4118/4118 2945/4120/4120 2941/4116/4116
f 2943/4118/4118 2938/4113/4113 2944/4119/4119 2945/4120/4120
f 2943/4118/4118 2926/4101/4101 2938/4113/4113
f 2937/4112/4112 2943/4118/4118 2939/4114/4114
f 2926/4101/4101 2943/4118/4118 2937/4112/4112
f 2952/4127/4127 2946/4121/4121 2948/4123/4123
f 2926/4101/4101 2952/4127/4127 2938/4113/4113
f 2946/4121/4121 2952/4127/4127 2926/4101/4101
f 2938/4113/4113 2952/4127/4127 2954/4129/4129 2944/4119/4119
f 2952/4127/4127 2948/4123/4123 2953/4128/4128 2954/4129/4129
f 2948/4123/4123 2955/4130/4130 2957/4132/4132 2953/4128/4128
f 2955/4130/4130 2947/4122/4122 2956/4131/4131 2957/4132/4132
f 2955/4130/4130 2925/4100/4100 2947/4122/4122
f 2946/4121/4121 2955/4130/4130 2948/4123/4123
f 2925/4100/4100 2955/4130/4130 2946/4121/4121
f 2946/4121/4121 2883/4058/4058 2925/4100/4100
f 2924/4099/4099 2946/4121/4121 2926/4101/4101
f 2883/4058/4058 2946/4121/4121 2924/4099/4099
f 2924/4099/4099 2839/4014/4014 2883/4058/4058
f 2882/4057/4057 2924/4099/4099 2884/4059/4059
f 2839/4014/4014 2924/4099/4099 2882/4057/4057
f 2949/4124/4124 2927/4102/4102 2929/4104/4104
f 2839/4014/4014 2949/4124/4124 2883/4058/4058
f 2927/4102/4102 2949/4124/4124 2839/4014/4014
f 2958/4133/4133 2949/4124/4124 2951/4126/4126
f 2883/4058/4058 2958/4133/4133 2925/4100/4100
f 2949/4124/4124 2958/4133/4133 2883/4058/4058
f 2961/4136/4136 2958/4133/4133 2960/4135/4135
f 2925/4100/4100 2961/4136/4136 2947/4122/4122
f 2958/4133/4133 2961/4136/4136 2925/4100/4100
f 2947/4122/4122 2961/4136/4136 2963/4138/4138 2956/4131/4131
f 2961/4136/4136 2960/4135/4135 2962/4137/4137 2963/4138/4138
f 2960/4135/4135 2964/4139/4139 2966/4141/4141 2962/4137/4137
f 2964/4139/4139 2959/4134/4134 2965/4140/4140 2966/4141/4141
f 2964/4139/4139 2951/4126/4126 2959/4134/4134
f 2958/4133/4133 2964/4139/4139 2960/4135/4135
f 2951/4126/4126 2964/4139/4139 2958/4133/4133
f 2976/4151/4151 2967/4142/4142 2969/4144/4144
f 2951/4126/4126 2976/4151/4151 2959/4134/4134
f 2967/4142/4142 2976/4151/4151 2951/4126/4126
f 2959/4134/4134 2976/4151/4151 2978/4153/4153 2965/4140/4140
f 2976/4151/4151 2969/4144/4144 2977/4152/4152 2978/4153/4153
f 2969/4144/4144 2979/4154/4154 2981/4156/4156 2977/4152/4152
f 2979/4154/4154 2968/4143/4143 2980/4155/4155 2981/4156/4156
f 2979/4154/4154 2950/4125/4125 2968/4143/4143
f 2967/4142/4142 2979/4154/4154 2969/4144/4144
f 2950/4125/4125 2979/4154/4154 2967/4142/4142
f 2967/4142/4142 2929/4104/4104 2950/4125/4125
f 2949/4124/4124 2967/4142/4142 2951/4126/4126
f 2929/4104/4104 2967/4142/4142 2949/4124/4124
f 2982/4157/4157 2970/4145/4145 2972/4147/4147
f 2929/4104/4104 2982/4157/4157 2950/4125/4125
f 2970/4145/4145 2982/4157/4157 2929/4104/4104
f 2985/4160/4160 2982/4157/4157 2984/4159/4159
f 2950/4125/4125 2985/4160/4160 2968/4143/4143
f 2982/4157/4157 2985/4160/4160 2950/4125/4125
f 2968/4143/4143 2985/4160/4160 2987/4162/4162 2980/4155/4155
f 2985/4160/4160 2984/4159/4159 2986/4161/4161 2987/4162/4162
f 2984/4159/4159 2988/4163/4163 2990/4165/4165 2986/4161/4161
f 2988/4163/4163 2983/4158/4158 2989/4164/4164 2990/4165/4165
f 2988/4163/4163 2972/4147/4147 2983/4158/4158
f 2982/4157/4157 2988/4163/4163 2984/4159/4159
f 2972/4147/4147 2988/4163/4163 2982/4157/4157
f 2997/4172/4172 2991/4166/4166 2993/4168/4168
f 2972/4147/4147 2997/4172/4172 2983/4158/4158
f 2991/4166/4166 2997/4172/4172 2972/4147/4147
f 2983/4158/4158 2997/4172/4172 2999/4174/4174 2989/4164/4164
f 2997/4172/4172 2993/4168/4168 2998/4173/4173 2999/4174/4174
f 2993/4168/4168 3000/4175/4175 3002/4177/4177 2998/4173/4173
f 3000/4175/4175 2992/4167/4167 3001/4176/4176 3002/4177/4177
f 3000/4175/4175 2971/4146/4146 2992/4167/4167
f 2991/4166/4166 3000/4175/4175 2993/4168/4168
f 2971/4146/4146 3000/4175/4175 2991/4166/4166
f 2991/4166/4166 2928/4103/4103 2971/4146/4146
f 2970/4145/4145 2991/4166/4166 2972/4147/4147
f 2928/4103/4103 2991/4166/4166 2970/4145/4145
f 2970/4145/4145 2838/4013/4013 2928/4103/4103
f 2927/4102/4102 2970/4145/4145 2929/4104/4104
f 2838/4013/4013 2970/4145/4145 2927/4102/4102
f 2927/4102/4102 2213/2949/2949 2838/4013/4013
f 2588/3606/3606 2927/4102/4102 2839/4014/4014
f 2213/2949/2949 2927/4102/4102 2588/3606/3606
f 2748/3766/3766 2750/3768/3768 2749/3767/3767 2739/3757/3757
f 2750/3768/3768 2745/3763/3763 2741/3759/3759 2749/3767/3767
f 2749/3767/3767 2719/3737/3737 2739/3757/3757
f 2740/3758/3758 2749/3767/3767 2741/3759/3759
f 2719/3737/3737 2749/3767/3767 2740/3758/3758
f 2746/3764/3764 2740/3758/3758 2741/3759/3759
f 2721/3739/3739 2746/3764/3764 2730/3748/3748
f 2740/3758/3758 2746/3764/3764 2721/3739/3739
f 2745/3763/3763 2747/3765/3765 2746/3764/3764 2741/3759/3759
f 2747/3765/3765 2736/3754/3754 2730/3748/3748 2746/3764/3764
f 2740/3758/3758 2677/3695/3695 2719/3737/3737
f 2720/3738/3738 2740/3758/3758 2721/3739/3739
f 2677/3695/3695 2740/3758/3758 2720/3738/3738
f 2731/3749/3749 2720/3738/3738 2721/3739/3739
f 2679/3697/3697 2731/3749/3749 2698/3716/3716
f 2720/3738/3738 2731/3749/3749 2679/3697/3697
f 2736/3754/3754 2738/3756/3756 2737/3755/3755 2730/3748/3748
f 2738/3756/3756 2733/3751/3751 2732/3750/3750 2737/3755/3755
f 2737/3755/3755 2721/3739/3739 2730/3748/3748
f 2731/3749/3749 2737/3755/3755 2732/3750/3750
f 2721/3739/3739 2737/3755/3755 2731/3749/3749
f 2734/3752/3752 2731/3749/3749 2732/3750/3750
f 2698/3716/3716 2734/3752/3752 2716/3734/3734
f 2731/3749/3749 2734/3752/3752 2698/3716/3716
f 2733/3751/3751 2735/3753/3753 2734/3752/3752 2732/3750/3750
f 2735/3753/3753 2727/3745/3745 2716/3734/3734 2734/3752/3752
f 2720/3738/3738 2216/2952/2952 2677/3695/3695
f 2678/3696/3696 2720/3738/3738 2679/3697/3697
f 2216/2952/2952 2720/3738/3738 2678/3696/3696
f 2699/3717/3717 2678/3696/3696 2679/3697/3697
f 2589/3607/3607 2699/3717/3717 2632/3650/3650
f 2678/3696/3696 2699/3717/3717 2589/3607/3607
f 2727/3745/3745 2729/3747/3747 2728/3746/3746 2716/3734/3734
f 2729/3747/3747 2724/3742/3742 2718/3736/3736 2728/3746/3746
f 2728/3746/3746 2698/3716/3716 2716/3734/3734
f 2717/3735/3735 2728/3746/3746 2718/3736/3736
f 2698/3716/3716 2728/3746/3746 2717/3735/3735
f 2725/3743/3743 2717/3735/3735 2718/3736/3736
f 2700/3718/3718 2725/3743/3743 2707/3725/3725
f 2717/3735/3735 2725/3743/3743 2700/3718/3718
f 2724/3742/3742 2726/3744/3744 2725/3743/3743 2718/3736/3736
f 2726/3744/3744 2713/3731/3731 2707/3725/3725 2725/3743/3743
f 2717/3735/3735 2679/3697/3697 2698/3716/3716
f 2699/3717/3717 2717/3735/3735 2700/3718/3718
f 2679/3697/3697 2717/3735/3735 2699/3717/3717
f 2708/3726/3726 2699/3717/3717 2700/3718/3718
f 2632/3650/3650 2708/3726/3726 2674/3692/3692
f 2699/3717/3717 2708/3726/3726 2632/3650/3650
f 2713/3731/3731 2715/3733/3733 2714/3732/3732 2707/3725/3725
f 2715/3733/3733 2710/3728/3728 2709/3727/3727 2714/3732/3732
f 2714/3732/3732 2700/3718/3718 2707/3725/3725
f 2708/3726/3726 2714/3732/3732 2709/3727/3727
f 2700/3718/3718 2714/3732/3732 2708/3726/3726
f 2711/3729/3729 2708/3726/3726 2709/3727/3727
f 2674/3692/3692 2711/3729/3729 2695/3713/3713
f 2708/3726/3726 2711/3729/3729 2674/3692/3692
f 2710/3728/3728 2712/3730/3730 2711/3729/3729 2709/3727/3727
f 2712/3730/3730 2704/3722/3722 2695/3713/3713 2711/3729/3729
f 2678/3696/3696 2214/2950/2950 2216/2952/2952
f 2588/3606/3606 2678/3696/3696 2589/3607/3607
f 2214/2950/2950 2678/3696/3696 2588/3606/3606
f 2633/3651/3651 2588/3606/3606 2589/3607/3607
f 2213/2949/2949 2633/3651/3651 2495/3513/3513
f 2588/3606/3606 2633/3651/3651 2213/2949/2949
f 2704/3722/3722 2706/3724/3724 2705/3723/3723 2695/3713/3713
f 2706/3724/3724 2701/3719/3719 2697/3715/3715 2705/3723/3723
f 2705/3723/3723 2674/3692/3692 2695/3713/3713
f 2696/3714/3714 2705/3723/3723 2697/3715/3715
f 2674/3692/3692 2705/3723/3723 2696/3714/3714
f 2702/3720/3720 2696/3714/3714 2697/3715/3715
f 2676/3694/3694 2702/3720/3720 2686/3704/3704
f 2696/3714/3714 2702/3720/3720 2676/3694/3694
f 2701/3719/3719 2703/3721/3721 2702/3720/3720 2697/3715/3715
f 2703/3721/3721 2692/3710/3710 2686/3704/3704 2702/3720/3720
f 2696/3714/3714 2632/3650/3650 2674/3692/3692
f 2675/3693/3693 2696/3714/3714 2676/3694/3694
f 2632/3650/3650 2696/3714/3714 2675/3693/3693
f 2687/3705/3705 2675/3693/3693 2676/3694/3694
f 2634/3652/3652 2687/3705/3705 2653/3671/3671
f 2675/3693/3693 2687/3705/3705 2634/3652/3652
f 2692/3710/3710 2694/3712/3712 2693/3711/3711 2686/3704/3704
f 2694/3712/3712 2689/3707/3707 2688/3706/3706 2693/3711/3711
f 2693/3711/3711 2676/3694/3694 2686/3704/3704
f 2687/3705/3705 2693/3711/3711 2688/3706/3706
f 2676/3694/3694 2693/3711/3711 2687/3705/3705
f 2690/3708/3708 2687/3705/3705 2688/3706/3706
f 2653/3671/3671 2690/3708/3708 2671/3689/3689
f 2687/3705/3705 2690/3708/3708 2653/3671/3671
f 2689/3707/3707 2691/3709/3709 2690/3708/3708 2688/3706/3706
f 2691/3709/3709 2683/3701/3701 2671/3689/3689 2690/3708/3708
f 2675/3693/3693 2589/3607/3607 2632/3650/3650
f 2633/3651/3651 2675/3693/3693 2634/3652/3652
f 2589/3607/3607 2675/3693/3693 2633/3651/3651
f 2654/3672/3672 2633/3651/3651 2634/3652/3652
f 2495/3513/3513 2654/3672/3672 2585/3603/3603
f 2633/3651/3651 2654/3672/3672 2495/3513/3513
f 2683/3701/3701 2685/3703/3703 2684/3702/3702 2671/3689/3689
f 2685/3703/3703 2680/3698/3698 2673/3691/3691 2684/3702/3702
f 2684/3702/3702 2653/3671/3671 2671/3689/3689
f 2672/3690/3690 2684/3702/3702 2673/3691/3691
f 2653/3671/3671 2684/3702/3702 2672/3690/3690
f 2681/3699/3699 2672/3690/3690 2673/3691/3691
f 2655/3673/3673 2681/3699/3699 2662/3680/3680
f 2672/3690/3690 2681/3699/3699 2655/3673/3673
f 2680/3698/3698 2682/3700/3700 2681/3699/3699 2673/3691/3691
f 2682/3700/3700 2668/3686/3686 2662/3680/3680 2681/3699/3699
f 2672/3690/3690 2634/3652/3652 2653/3671/3671
f 2654/3672/3672 2672/3690/3690 2655/3673/3673
f 2634/3652/3652 2672/3690/3690 2654/3672/3672
f 2663/3681/3681 2654/3672/3672 2655/3673/3673
f 2585/3603/3603 2663/3681/3681 2629/3647/3647
f 2654/3672/3672 2663/3681/3681 2585/3603/3603
f 2668/3686/3686 2670/3688/3688 2669/3687/3687 2662/3680/3680
f 2670/3688/3688 2665/3683/3683 2664/3682/3682 2669/3687/3687
f 2669/3687/3687 2655/3673/3673 2662/3680/3680
f 2663/3681/3681 2669/3687/3687 2664/3682/3682
f 2655/3673/3673 2669/3687/3687 2663/3681/3681
f 2666/3684/3684 2663/3681/3681 2664/3682/3682
f 2629/3647/3647 2666/3684/3684 2650/3668/3668
f 2663/3681/3681 2666/3684/3684 2629/3647/3647
f 2665/3683/3683 2667/3685/3685 2666/3684/3684 2664/3682/3682
f 2667/3685/3685 2659/3677/3677 2650/3668/3668 2666/3684/3684
f 689/3037/3037 439/2884/2884 934/3997/3997
f 935/3996/3996 936/3995/3995 2315/3176/3176
f 936/3995/3995 937/3994/3994 3160/4335/4335
f 3157/4332/4332 938/3993/3993 939/3992/3992
f 2316/3177/3177 934/3997/3997 935/3996/3996
f 940/3991/3991 941/3990/3990 3154/4329/4329
f 3155/4330/4330 941/3990/3990 942/3989/3989
f 943/3988/3988 944/3987/3987 3150/4325/4325
f 945/3986/3986 946/3985/3985 3146/4321/4321
f 944/3987/3987 945/3986/3986 3150/4325/4325
f 939/3992/3992 940/3991/3991 3158/4333/4333
f 3149/4324/4324 942/3989/3989 943/3988/3988
f 948/3983/3983 3140/4315/4315 947/3984/3984
f 3141/4316/4316 948/3983/3983 949/3982/3982
f 3138/4313/4313 951/3980/3980 952/3979/3979
f 951/3980/3980 3137/4312/4312 950/3981/3981
f 3141/4316/4316 949/3982/3982 950/3981/3981
f 954/3977/3977 3132/4307/4307 953/3978/3978
f 953/3978/3978 3131/4306/4306 952/3979/3979
f 956/3975/3975 957/3974/3974 3129/4304/4304
f 957/3974/3974 958/3973/3973 3120/4295/4295
f 3128/4303/4303 955/3976/3976 956/3975/3975
f 955/3976/3976 3132/4307/4307 954/3977/3977
f 3147/4322/4322 946/3985/3985 947/3984/3984
f 938/3993/3993 3157/4332/4332 937/3994/3994
f 935/3996/3996 2315/3176/3176 2316/3177/3177
f 688/3038/3038 689/3037/3037 2316/3177/3177
f 936/3995/3995 3160/4335/4335 2315/3176/3176
f 3160/4335/4335 937/3994/3994 3157/4332/4332
f 3157/4332/4332 939/3992/3992 3158/4333/4333
f 940/3991/3991 3154/4329/4329 3158/4333/4333
f 3154/4329/4329 941/3990/3990 3155/4330/4330
f 3155/4330/4330 942/3989/3989 3149/4324/4324
f 3150/4325/4325 945/3986/3986 3146/4321/4321
f 947/3984/3984 3140/4315/4315 3147/4322/4322
f 946/3985/3985 3147/4322/4322 3146/4321/4321
f 3149/4324/4324 943/3988/3988 3150/4325/4325
f 948/3983/3983 3141/4316/4316 3140/4315/4315
f 3137/4312/4312 951/3980/3980 3138/4313/4313
f 3138/4313/4313 952/3979/3979 3131/4306/4306
f 959/3972/3972 960/3971/3971 3121/4296/4296
f 3132/4307/4307 955/3976/3976 3128/4303/4303
f 961/3970/3970 3117/4292/4292 960/3971/3971
f 953/3978/3978 3132/4307/4307 3131/4306/4306
f 3137/4312/4312 3141/4316/4316 950/3981/3981
f 3128/4303/4303 956/3975/3975 3129/4304/4304
f 3129/4304/4304 957/3974/3974 3120/4295/4295
f 958/3973/3973 959/3972/3972 3121/4296/4296
f 961/3970/3970 3118/4293/4293 3117/4292/4292
f 960/3971/3971 3117/4292/4292 3121/4296/4296
f 3120/4295/4295 958/3973/3973 3121/4296/4296
f 962/3969/3969 3118/4293/4293 961/3970/3970
f 934/3997/3997 2316/3177/3177 689/3037/3037
f 963/3968/3968 964/3967/3967 3112/4287/4287
f 964/3967/3967 965/3966/3966 3108/4283/4283
f 965/3966/3966 966/3965/3965 3108/4283/4283
f 967/3964/3964 968/3963/3963 3099/4274/4274
f 3111/4286/4286 962/3969/3969 963/3968/3968
f 971/3960/3960 3096/4271/4271 970/3961/3961
f 970/3961/3961 3096/4271/4271 969/3962/3962
f 3090/4265/4265 972/3959/3959 973/3958/3958
f 974/3957/3957 975/3956/3956 3087/4262/4262
f 3091/4266/4266 973/3958/3958 974/3957/3957
f 968/3963/3963 969/3962/3962 3100/4275/4275
f 3097/4272/4272 971/3960/3960 972/3959/3959
f 977/3954/3954 3088/4263/4263 976/3955/3955
f 976/3955/3955 3087/4262/4262 975/3956/3956
f 979/3952/3952 980/3951/3951 3075/4250/4250
f 3075/4250/4250 980/3951/3951 981/3950/3950
f 3079/4254/4254 978/3953/3953 979/3952/3952
f 3069/4244/4244 982/3949/3949 983/3948/3948
f 984/3947/3947 3070/4245/4245 983/3948/3948
f 985/3946/3946 3066/4241/4241 984/3947/3947
f 986/3945/3945 987/3944/3944 3067/4242/4242
f 3067/4242/4242 985/3946/3946 986/3945/3945
f 3076/4251/4251 981/3950/3950 982/3949/3949
f 977/3954/3954 978/3953/3953 3078/4253/4253
f 966/3965/3965 967/3964/3964 3109/4284/4284
f 3112/4287/4287 964/3967/3967 3108/4283/4283
f 3108/4283/4283 966/3965/3965 3109/4284/4284
f 3099/4274/4274 968/3963/3963 3100/4275/4275
f 3100/4275/4275 969/3962/3962 3096/4271/4271
f 3109/4284/4284 967/3964/3964 3099/4274/4274
f 3097/4272/4272 972/3959/3959 3090/4265/4265
f 3090/4265/4265 973/3958/3958 3091/4266/4266
f 3087/4262/4262 976/3955/3955 3088/4263/4263
f 3078/4253/4253 978/3953/3953 3079/4254/4254
f 3088/4263/4263 977/3954/3954 3078/4253/4253
f 3091/4266/4266 974/3957/3957 3087/4262/4262
f 3096/4271/4271 971/3960/3960 3097/4272/4272
f 990/3941/3941 3052/4227/4227 989/3942/3942
f 991/3940/3940 3053/4228/4228 990/3941/3941
f 992/3939/3939 993/3938/3938 3046/4221/4221
f 993/3938/3938 994/3937/3937 3047/4222/4222
f 992/3939/3939 3053/4228/4228 991/3940/3940
f 988/3943/3943 989/3942/3942 3056/4231/4231
f 3043/4218/4218 994/3937/3937 995/3936/3936
f 987/3944/3944 988/3943/3943 3055/4230/4230
f 3044/4219/4219 995/3936/3936 996/3935/3935
f 3044/4219/4219 996/3935/3935 997/3934/3934
f 997/3934/3934 998/3933/3933 3034/4209/4209
f 998/3933/3933 999/3932/3932 3035/4210/4210
f 981/3950/3950 3076/4251/4251 3075/4250/4250
f 979/3952/3952 3075/4250/4250 3079/4254/4254
f 3111/4286/4286 963/3968/3968 3112/4287/4287
f 3111/4286/4286 3118/4293/4293 962/3969/3969
f 2314/3175/3175 687/3039/3039 688/3038/3038 2316/3177/3177
f 686/3040/3040 687/3039/3039 2314/3175/3175
f 684/3042/3042 685/3041/3041 2319/3180/3180
f 683/3043/3043 684/3042/3042 2319/3180/3180
f 685/3041/3041 686/3040/3040 2314/3175/3175
f 680/3046/3046 681/3045/3045 2333/3194/3194
f 2317/3178/3178 681/3045/3045 682/3044/3044
f 679/3047/3047 680/3046/3046 2333/3194/3194
f 2331/3192/3192 677/3049/3049 678/3048/3048
f 678/3048/3048 679/3047/3047 2331/3192/3192
f 2336/3197/3197 676/3050/3050 677/3049/3049
f 683/3043/3043 2317/3178/3178 682/3044/3044
f 674/3052/3052 675/3051/3051 2334/3195/3195
f 2336/3197/3197 675/3051/3051 676/3050/3050
f 671/3055/3055 672/3054/3054 2342/3203/3203
f 671/3055/3055 2340/3201/3201 670/3056/3056
f 672/3054/3054 673/3053/3053 2342/3203/3203
f 668/3058/3058 669/3057/3057 2345/3206/3206
f 669/3057/3057 670/3056/3056 2340/3201/3201
f 665/3061/3061 666/3060/3060 2354/3215/3215
f 663/3063/3063 664/3062/3062 2352/3213/3213
f 2343/3204/3204 666/3060/3060 667/3059/3059
f 2354/3215/3215 664/3062/3062 665/3061/3061
f 2343/3204/3204 667/3059/3059 668/3058/3058
f 2334/3195/3195 673/3053/3053 674/3052/3052
f 660/3066/3066 661/3065/3065 2357/3218/3218
f 662/3064/3064 663/3063/3063 2352/3213/3213
f 658/3068/3068 659/3067/3067 2355/3216/3216
f 658/3068/3068 2363/3224/3224 657/3069/3069
f 660/3066/3066 2355/3216/3216 659/3067/3067
f 655/3071/3071 656/3070/3070 2361/3222/3222
f 655/3071/3071 2361/3222/3222 654/3072/3072
f 2366/3227/3227 653/3073/3073 654/3072/3072
f 2364/3225/3225 651/3075/3075 652/3074/3074
f 652/3074/3074 653/3073/3073 2366/3227/3227
f 657/3069/3069 2363/3224/3224 656/3070/3070
f 651/3075/3075 2364/3225/3225 650/3076/3076
f 648/3078/3078 649/3077/3077 2378/3239/3239
f 648/3078/3078 2376/3237/3237 647/3079/3079
f 646/3080/3080 2381/3242/3242 645/3081/3081
f 2381/3242/3242 644/3082/3082 645/3081/3081
f 2379/3240/3240 643/3083/3083 644/3082/3082
f 646/3080/3080 647/3079/3079 2376/3237/3237
f 640/3086/3086 641/3085/3085 2387/3248/3248
f 2379/3240/3240 642/3084/3084 643/3083/3083
f 638/3088/3088 639/3087/3087 2385/3246/3246
f 2390/3251/3251 637/3089/3089 638/3088/3088
f 637/3089/3089 2390/3251/3251 636/3090/3090
f 641/3085/3085 642/3084/3084 2387/3248/3248
f 650/3076/3076 2378/3239/3239 649/3077/3077
f 640/3086/3086 2385/3246/3246 639/3087/3087
f 662/3064/3064 2357/3218/3218 661/3065/3065
f 2319/3180/3180 685/3041/3041 2314/3175/3175
f 2317/3178/3178 683/3043/3043 2319/3180/3180
f 2331/3192/3192 679/3047/3047 2333/3194/3194
f 2317/3178/3178 2333/3194/3194 681/3045/3045
f 2334/3195/3195 675/3051/3051 2336/3197/3197
f 2342/3203/3203 673/3053/3053 2334/3195/3195
f 2345/3206/3206 669/3057/3057 2340/3201/3201
f 2354/3215/3215 666/3060/3060 2343/3204/3204
f 2345/3206/3206 2343/3204/3204 668/3058/3058
f 2342/3203/3203 2340/3201/3201 671/3055/3055
f 2331/3192/3192 2336/3197/3197 677/3049/3049
f 983/3948/3948 3070/4245/4245 3069/4244/4244
f 984/3947/3947 3066/4241/4241 3070/4245/4245
f 987/3944/3944 3055/4230/4230 3067/4242/4242
f 989/3942/3942 3052/4227/4227 3056/4231/4231
f 988/3943/3943 3056/4231/4231 3055/4230/4230
f 985/3946/3946 3067/4242/4242 3066/4241/4241
f 992/3939/3939 3046/4221/4221 3053/4228/4228
f 993/3938/3938 3047/4222/4222 3046/4221/4221
f 995/3936/3936 3044/4219/4219 3043/4218/4218
f 998/3933/3933 3035/4210/4210 3034/4209/4209
f 997/3934/3934 3034/4209/4209 3044/4219/4219
f 994/3937/3937 3043/4218/4218 3047/4222/4222
f 990/3941/3941 3053/4228/4228 3052/4227/4227
f 982/3949/3949 3069/4244/4244 3076/4251/4251
f 2352/3213/3213 2357/3218/3218 662/3064/3064
f 664/3062/3062 2354/3215/3215 2352/3213/3213
f 2357/3218/3218 2355/3216/3216 660/3066/3066
f 2363/3224/3224 658/3068/3068 2355/3216/3216
f 2361/3222/3222 656/3070/3070 2363/3224/3224
f 2361/3222/3222 2366/3227/3227 654/3072/3072
f 633/3093/3093 634/3092/3092 2399/3260/3260
f 2388/3249/3249 634/3092/3092 635/3091/3091
f 2397/3258/3258 630/3096/3096 631/3095/3095
f 629/3097/3097 630/3096/3096 2402/3263/3263
f 632/3094/3094 2397/3258/3258 631/3095/3095
f 633/3093/3093 2399/3260/3260 632/3094/3094
f 628/3098/3098 629/3097/3097 2402/3263/3263
f 2364/3225/3225 652/3074/3074 2366/3227/3227
f 2378/3239/3239 650/3076/3076 2364/3225/3225
f 2381/3242/3242 646/3080/3080 2376/3237/3237
f 2387/3248/3248 642/3084/3084 2379/3240/3240
f 2381/3242/3242 2379/3240/3240 644/3082/3082
f 2378/3239/3239 2376/3237/3237 648/3078/3078
f 2390/3251/3251 638/3088/3088 2385/3246/3246
f 2388/3249/3249 636/3090/3090 2390/3251/3251
f 632/3094/3094 2399/3260/3260 2397/3258/3258
f 628/3098/3098 2402/3263/3263 2400/3261/3261
f 2402/3263/3263 630/3096/3096 2397/3258/3258
f 2399/3260/3260 634/3092/3092 2388/3249/3249
f 2387/3248/3248 2385/3246/3246 640/3086/3086
f 2400/3261/3261 627/3099/3099 628/3098/3098
f 636/3090/3090 2388/3249/3249 635/3091/3091
f 3031/4206/4206 3035/4210/4210 999/3932/3932
f 3032/4207/4207 1000/3931/3931 1001/3930/3930
f 1002/3929/3929 1003/3928/3928 3025/4200/4200
f 1004/3927/3927 3026/4201/4201 1003/3928/3928
f 3022/4197/4197 1004/3927/3927 1005/3926/3926
f 3023/4198/4198 1005/3926/3926 1006/3925/3925
f 1008/3923/3923 3010/4185/4185 1007/3924/3924
f 1007/3924/3924 3010/4185/4185 1006/3925/3925
f 1009/3922/3922 1010/3921/3921 3007/4182/4182
f 1011/3920/3920 1012/3919/3919 3001/4176/4176
f 1012/3919/3919 1013/3918/3918 3001/4176/4176
f 1011/3920/3920 3008/4183/4183 1010/3921/3921
f 1002/3929/3929 3032/4207/4207 1001/3930/3930
f 1015/3916/3916 2998/4173/4173 1014/3917/3917
f 1014/3917/3917 3002/4177/4177 1013/3918/3918
f 1017/3914/3914 2989/4164/4164 1016/3915/3915
f 1018/3913/3913 1019/3912/3912 2990/4165/4165
f 1018/3913/3913 2989/4164/4164 1017/3914/3914
f 2987/4162/4162 1020/3911/3911 1021/3910/3910
f 1021/3910/3910 1022/3909/3909 2980/4155/4155
f 1023/3908/3908 1024/3907/3907 2981/4156/4156
f 1024/3907/3907 1025/3906/3906 2977/4152/4152
f 1022/3909/3909 1023/3908/3908 2981/4156/4156
f 2986/4161/4161 1019/3912/3912 1020/3911/3911
f 1016/3915/3915 2999/4174/4174 1015/3916/3916
f 1009/3922/3922 3011/4186/4186 1008/3923/3923
f 3032/4207/4207 1002/3929/3929 3025/4200/4200
f 3025/4200/4200 1003/3928/3928 3026/4201/4201
f 3022/4197/4197 1005/3926/3926 3023/4198/4198
f 3023/4198/4198 1006/3925/3925 3010/4185/4185
f 3026/4201/4201 1004/3927/3927 3022/4197/4197
f 3011/4186/4186 1009/3922/3922 3007/4182/4182
f 3007/4182/4182 1010/3921/3921 3008/4183/4183
f 3001/4176/4176 1013/3918/3918 3002/4177/4177
f 2998/4173/4173 1015/3916/3916 2999/4174/4174
f 3002/4177/4177 1014/3917/3917 2998/4173/4173
f 3008/4183/4183 1011/3920/3920 3001/4176/4176
f 3010/4185/4185 1008/3923/3923 3011/4186/4186
f 1026/3905/3905 1027/3904/3904 2965/4140/4140
f 1029/3902/3902 2966/4141/4141 1028/3903/3903
f 1031/3900/3900 2963/4138/4138 1030/3901/3901
f 1032/3899/3899 2956/4131/4131 1031/3900/3900
f 1030/3901/3901 2962/4137/4137 1029/3902/3902
f 1027/3904/3904 1028/3903/3903 2966/4141/4141
f 2957/4132/4132 1033/3898/3898 1034/3897/3897
f 1033/3898/3898 2957/4132/4132 1032/3899/3899
f 2953/4128/4128 1034/3897/3897 1035/3896/3896
f 2954/4129/4129 1035/3896/3896 1036/3895/3895
f 1037/3894/3894 1038/3893/3893 2945/4120/4120
f 1037/3894/3894 2944/4119/4119 1036/3895/3895
f 1039/3892/3892 2945/4120/4120 1038/3893/3893
f 2978/4153/4153 1025/3906/3906 1026/3905/3905
f 3031/4206/4206 1000/3931/3931 3032/4207/4207
f 3031/4206/4206 999/3932/3932 1000/3931/3931
f 1039/3892/3892 1040/3891/3891 2941/4116/4116
f 2942/4117/4117 1040/3891/3891 1041/3890/3890
f 2935/4110/4110 1041/3890/3890 1042/3889/3889
f 2932/4107/4107 1043/3888/3888 1044/3887/3887
f 1045/3886/3886 1046/3885/3885 2933/4108/4108
f 1044/3887/3887 1045/3886/3886 2932/4107/4107
f 2919/4094/4094 1046/3885/3885 1047/3884/3884
f 2916/4091/4091 1048/3883/3883 1049/3882/3882
f 1049/3882/3882 1050/3881/3881 2916/4091/4091
f 2920/4095/4095 1047/3884/3884 1048/3883/3883
f 1051/3880/3880 2917/4092/4092 1050/3881/3881
f 1043/3888/3888 2936/4111/4111 1042/3889/3889
f 1051/3880/3880 1052/3879/3879 2910/4085/4085
f 2907/4082/4082 1053/3878/3878 1054/3877/3877
f 1056/3875/3875 2908/4083/4083 1055/3876/3876
f 1057/3874/3874 2898/4073/4073 1056/3875/3875
f 1054/3877/3877 1055/3876/3876 2907/4082/4082
f 1059/3872/3872 2895/4070/4070 1058/3873/3873
f 1057/3874/3874 1058/3873/3873 2899/4074/4074
f 1060/3871/3871 1061/3870/3870 2896/4071/4071
f 2886/4061/4061 1063/3868/3868 1064/3867/3867
f 1063/3868/3868 2890/4065/4065 1062/3869/3869
f 1061/3870/3870 1062/3869/3869 2889/4064/4064
f 1059/3872/3872 1060/3871/3871 2895/4070/4070
f 1052/3879/3879 1053/3878/3878 2911/4086/4086
f 1066/3865/3865 2887/4062/4062 1065/3866/3866
f 1064/3867/3867 1065/3866/3866 2887/4062/4062
f 1067/3864/3864 1068/3863/3863 2875/4050/4050
f 2871/4046/4046 1068/3863/3863 1069/3862/3862
f 1066/3865/3865 1067/3864/3864 2874/4049/4049
f 1070/3861/3861 1071/3860/3860 2872/4047/4047
f 2866/4041/4041 1072/3859/3859 1073/3858/3858
f 2863/4038/4038 1074/3857/3857 1075/3856/3856
f 2853/4028/4028 1076/3855/3855 1077/3854/3854
f 1074/3857/3857 2862/4037/4037 1073/3858/3858
f 1072/3859/3859 2865/4040/4040 1071/3860/3860
f 1076/3855/3855 2863/4038/4038 1075/3856/3856
f 1080/3851/3851 2851/4026/4026 1079/3852/3852
f 1077/3854/3854 1078/3853/3853 2854/4029/4029
f 1079/3852/3852 2850/4025/4025 1078/3853/3853
f 1082/3849/3849 1083/3848/3848 2845/4020/4020
f 1083/3848/3848 1084/3847/3847 2841/4016/4016
f 2851/4026/4026 1080/3851/3851 1081/3850/3850
f 1086/3845/3845 2827/4002/4002 1085/3846/3846
f 1087/3844/3844 2827/4002/4002 1086/3845/3845
f 1087/3844/3844 1088/3843/3843 2828/4003/4003
f 1089/3842/3842 1090/3841/3841 2825/4000/4000
f 311/2948/2948 437/2947/2947 1090/3841/3841
f 2842/4017/4017 1084/3847/3847 1085/3846/3846
f 1081/3850/3850 1082/3849/3849 2844/4019/4019
f 2872/4047/4047 1069/3862/3862 1070/3861/3861
f 1088/3843/3843 1089/3842/3842 2824/3999/3999
f 1016/3915/3915 2989/4164/4164 2999/4174/4174
f 1018/3913/3913 2990/4165/4165 2989/4164/4164
f 1019/3912/3912 2986/4161/4161 2990/4165/4165
f 1021/3910/3910 2980/4155/4155 2987/4162/4162
f 1022/3909/3909 2981/4156/4156 2980/4155/4155
f 1020/3911/3911 2987/4162/4162 2986/4161/4161
f 1025/3906/3906 2978/4153/4153 2977/4152/4152
f 1026/3905/3905 2965/4140/4140 2978/4153/4153
f 1029/3902/3902 2962/4137/4137 2966/4141/4141
f 1031/3900/3900 2956/4131/4131 2963/4138/4138
f 1030/3901/3901 2963/4138/4138 2962/4137/4137
f 1027/3904/3904 2966/4141/4141 2965/4140/4140
f 1024/3907/3907 2977/4152/4152 2981/4156/4156
f 1034/3897/3897 2953/4128/4128 2957/4132/4132
f 1035/3896/3896 2954/4129/4129 2953/4128/4128
f 1037/3894/3894 2945/4120/4120 2944/4119/4119
f 1039/3892/3892 2941/4116/4116 2945/4120/4120
f 1036/3895/3895 2944/4119/4119 2954/4129/4129
f 1041/3890/3890 2935/4110/4110 2942/4117/4117
f 1042/3889/3889 2936/4111/4111 2935/4110/4110
f 1045/3886/3886 2933/4108/4108 2932/4107/4107
f 1047/3884/3884 2920/4095/4095 2919/4094/4094
f 1046/3885/3885 2919/4094/4094 2933/4108/4108
f 1043/3888/3888 2932/4107/4107 2936/4111/4111
f 1040/3891/3891 2942/4117/4117 2941/4116/4116
f 1032/3899/3899 2957/4132/4132 2956/4131/4131
f 1050/3881/3881 2917/4092/4092 2916/4091/4091
f 1051/3880/3880 2910/4085/4085 2917/4092/4092
f 1053/3878/3878 2907/4082/4082 2911/4086/4086
f 1055/3876/3876 2908/4083/4083 2907/4082/4082
f 1052/3879/3879 2911/4086/4086 2910/4085/4085
f 1057/3874/3874 2899/4074/4074 2898/4073/4073
f 1058/3873/3873 2895/4070/4070 2899/4074/4074
f 1061/3870/3870 2889/4064/4064 2896/4071/4071
f 1063/3868/3868 2886/4061/4061 2890/4065/4065
f 1062/3869/3869 2890/4065/4065 2889/4064/4064
f 1060/3871/3871 2896/4071/4071 2895/4070/4070
f 1056/3875/3875 2898/4073/4073 2908/4083/4083
f 1066/3865/3865 2874/4049/4049 2887/4062/4062
f 1067/3864/3864 2875/4050/4050 2874/4049/4049
f 1069/3862/3862 2872/4047/4047 2871/4046/4046
f 1072/3859/3859 2866/4041/4041 2865/4040/4040
f 1071/3860/3860 2865/4040/4040 2872/4047/4047
f 1068/3863/3863 2871/4046/4046 2875/4050/4050
f 1074/3857/3857 2863/4038/4038 2862/4037/4037
f 1076/3855/3855 2853/4028/4028 2863/4038/4038
f 1078/3853/3853 2850/4025/4025 2854/4029/4029
f 1081/3850/3850 2844/4019/4019 2851/4026/4026
f 1079/3852/3852 2851/4026/4026 2850/4025/4025
f 1077/3854/3854 2854/4029/4029 2853/4028/4028
f 1073/3858/3858 2862/4037/4037 2866/4041/4041
f 1064/3867/3867 2887/4062/4062 2886/4061/4061
f 1048/3883/3883 2916/4091/4091 2920/4095/4095
f 1083/3848/3848 2841/4016/4016 2845/4020/4020
f 1084/3847/3847 2842/4017/4017 2841/4016/4016
f 1087/3844/3844 2828/4003/4003 2827/4002/4002
f 1088/3843/3843 2824/3999/3999 2828/4003/4003
f 1085/3846/3846 2827/4002/4002 2842/4017/4017
f 2296/3032/3032 2300/3036/3036 2823/3998/3998
f 2298/3034/3034 431/2941/2941 2291/3027/3027
f 433/2943/2943 2298/3034/3034 2296/3032/3032
f 2293/3029/3029 2291/3027/3027 429/2939/2939
f 2288/3024/3024 2293/3029/3029 427/2937/2937
f 1089/3842/3842 2825/4000/4000 2824/3999/3999
f 436/2946/2946 2823/3998/3998 437/2947/2947
f 2825/4000/4000 437/2947/2947 2823/3998/3998
f 435/2945/2945 2823/3998/3998 436/2946/2946
f 2296/3032/3032 2823/3998/3998 435/2945/2945
f 434/2944/2944 2296/3032/3032 435/2945/2945
f 2296/3032/3032 434/2944/2944 433/2943/2943
f 2298/3034/3034 433/2943/2943 432/2942/2942
f 2291/3027/3027 431/2941/2941 430/2940/2940
f 431/2941/2941 2298/3034/3034 432/2942/2942
f 429/2939/2939 428/2938/2938 2293/3029/3029
f 428/2938/2938 427/2937/2937 2293/3029/3029
f 2288/3024/3024 427/2937/2937 426/2936/2936
f 429/2939/2939 2291/3027/3027 430/2940/2940
f 426/2936/2936 425/2935/2935 2288/3024/3024
f 425/2935/2935 2290/3026/3026 2288/3024/3024
f 1090/3841/3841 437/2947/2947 2825/4000/4000
f 423/2933/2933 2290/3026/3026 424/2934/2934
f 2282/3018/3018 2290/3026/3026 423/2933/2933
f 425/2935/2935 424/2934/2934 2290/3026/3026
f 423/2933/2933 422/2932/2932 2282/3018/3018
f 421/2931/2931 2282/3018/3018 422/2932/2932
f 421/2931/2931 2284/3020/3020 2282/3018/3018
f 420/2930/2930 2284/3020/3020 421/2931/2931
f 2279/3015/3015 2284/3020/3020 419/2929/2929
f 2271/3007/3007 2281/3017/3017 415/2925/2925
f 2268/3004/3004 2273/3009/3009 411/2921/2921
f 2273/3009/3009 2271/3007/3007 413/2923/2923
f 2281/3017/3017 2279/3015/3015 417/2927/2927
f 2270/3006/3006 2268/3004/3004 409/2919/2919
f 420/2930/2930 419/2929/2929 2284/3020/3020
f 418/2928/2928 2279/3015/3015 419/2929/2929
f 416/2926/2926 2281/3017/3017 417/2927/2927
f 415/2925/2925 2281/3017/3017 416/2926/2926
f 417/2927/2927 2279/3015/3015 418/2928/2928
f 2271/3007/3007 415/2925/2925 414/2924/2924
f 414/2924/2924 413/2923/2923 2271/3007/3007
f 2273/3009/3009 413/2923/2923 412/2922/2922
f 411/2921/2921 2273/3009/3009 412/2922/2922
f 2270/3006/3006 409/2919/2919 408/2918/2918
f 410/2920/2920 409/2919/2919 2268/3004/3004
f 410/2920/2920 2268/3004/3004 411/2921/2921
f 2270/3006/3006 408/2918/2918 407/2917/2917
f 1082/3849/3849 2845/4020/4020 2844/4019/4019
f 407/2917/2917 2262/2998/2998 2270/3006/3006
f 626/3100/3100 627/3099/3099 2408/3269/3269
f 626/3100/3100 2408/3269/3269 625/3101/3101
f 622/3104/3104 623/3103/3103 2411/3272/3272
f 2406/3267/3267 624/3102/3102 625/3101/3101
f 624/3102/3102 2406/3267/3267 623/3103/3103
f 621/3105/3105 2409/3270/3270 620/3106/3106
f 620/3106/3106 2409/3270/3270 619/3107/3107
f 617/3109/3109 618/3108/3108 2422/3283/3283
f 615/3111/3111 616/3110/3110 2420/3281/3281
f 617/3109/3109 2420/3281/3281 616/3110/3110
f 618/3108/3108 619/3107/3107 2422/3283/3283
f 621/3105/3105 622/3104/3104 2411/3272/3272
f 613/3113/3113 614/3112/3112 2425/3286/3286
f 615/3111/3111 2425/3286/3286 614/3112/3112
f 610/3116/3116 611/3115/3115 2431/3292/3292
f 611/3115/3115 612/3114/3114 2423/3284/3284
f 2431/3292/3292 609/3117/3117 610/3116/3116
f 606/3120/3120 607/3119/3119 2434/3295/3295
f 609/3117/3117 2429/3290/3290 608/3118/3118
f 604/3122/3122 605/3121/3121 2432/3293/3293
f 604/3122/3122 2432/3293/3293 603/3123/3123
f 606/3120/3120 2434/3295/3295 605/3121/3121
f 2429/3290/3290 607/3119/3119 608/3118/3118
f 603/3123/3123 2443/3304/3304 602/3124/3124
f 612/3114/3114 613/3113/3113 2423/3284/3284
f 600/3126/3126 601/3125/3125 2441/3302/3302
f 600/3126/3126 2441/3302/3302 599/3127/3127
f 596/3130/3130 597/3129/3129 2444/3305/3305
f 2446/3307/3307 598/3128/3128 599/3127/3127
f 2446/3307/3307 597/3129/3129 598/3128/3128
f 593/3133/3133 594/3132/3132 2452/3313/3313
f 2444/3305/3305 595/3131/3131 596/3130/3130
f 592/3134/3134 593/3133/3133 2450/3311/3311
f 590/3136/3136 591/3135/3135 2455/3316/3316
f 590/3136/3136 2455/3316/3316 589/3137/3137
f 2452/3313/3313 594/3132/3132 595/3131/3131
f 2450/3311/3311 591/3135/3135 592/3134/3134
f 587/3139/3139 588/3138/3138 2453/3314/3314
f 587/3139/3139 2463/3324/3324 586/3140/3140
f 584/3142/3142 585/3141/3141 2461/3322/3322
f 583/3143/3143 584/3142/3142 2466/3327/3327
f 582/3144/3144 583/3143/3143 2466/3327/3327
f 589/3137/3137 2453/3314/3314 588/3138/3138
f 580/3146/3146 581/3145/3145 2464/3325/3325
f 2464/3325/3325 581/3145/3145 582/3144/3144
f 2472/3333/3333 578/3148/3148 579/3147/3147
f 2475/3336/3336 575/3151/3151 576/3150/3150
f 578/3148/3148 2470/3331/3331 577/3149/3149
f 2472/3333/3333 579/3147/3147 580/3146/3146
f 586/3140/3140 2461/3322/3322 585/3141/3141
f 576/3150/3150 577/3149/3149 2470/3331/3331
f 2443/3304/3304 601/3125/3125 602/3124/3124
f 2406/3267/3267 625/3101/3101 2408/3269/3269
f 2411/3272/3272 623/3103/3103 2406/3267/3267
f 2422/3283/3283 619/3107/3107 2409/3270/3270
f 2420/3281/3281 617/3109/3109 2422/3283/3283
f 2411/3272/3272 2409/3270/3270 621/3105/3105
f 2423/3284/3284 613/3113/3113 2425/3286/3286
f 2431/3292/3292 611/3115/3115 2423/3284/3284
f 2434/3295/3295 607/3119/3119 2429/3290/3290
f 2443/3304/3304 603/3123/3123 2432/3293/3293
f 2434/3295/3295 2432/3293/3293 605/3121/3121
f 2431/3292/3292 2429/3290/3290 609/3117/3117
f 2420/3281/3281 2425/3286/3286 615/3111/3111
f 2446/3307/3307 599/3127/3127 2441/3302/3302
f 2444/3305/3305 597/3129/3129 2446/3307/3307
f 2450/3311/3311 593/3133/3133 2452/3313/3313
f 2455/3316/3316 591/3135/3135 2450/3311/3311
f 2444/3305/3305 2452/3313/3313 595/3131/3131
f 2463/3324/3324 587/3139/3139 2453/3314/3314
f 2461/3322/3322 586/3140/3140 2463/3324/3324
f 2464/3325/3325 582/3144/3144 2466/3327/3327
f 2470/3331/3331 578/3148/3148 2472/3333/3333
f 2464/3325/3325 2472/3333/3333 580/3146/3146
f 2461/3322/3322 2466/3327/3327 584/3142/3142
f 2455/3316/3316 2453/3314/3314 589/3137/3137
f 2443/3304/3304 2441/3302/3302 601/3125/3125
f 573/3153/3153 574/3152/3152 2473/3334/3334
f 572/3154/3154 573/3153/3153 2473/3334/3334
f 2475/3336/3336 2473/3334/3334 574/3152/3152
f 572/3154/3154 2473/3334/3334 2480/3341/3341
f 571/3155/3155 572/3154/3154 2480/3341/3341
f 576/3150/3150 2470/3331/3331 2475/3336/3336
f 2478/3339/3339 568/3158/3158 569/3157/3157
f 2478/3339/3339 569/3157/3157 570/3156/3156
f 2478/3339/3339 570/3156/3156 2480/3341/3341
f 568/3158/3158 2478/3339/3339 2482/3343/3343
f 566/3160/3160 567/3159/3159 2482/3343/3343
f 568/3158/3158 2482/3343/3343 567/3159/3159
f 571/3155/3155 2480/3341/3341 570/3156/3156
f 2485/3503/3503 1517/3347/3347 1518/3346/3346 2481/3342/3342
f 2483/3501/3501 1516/3348/3348 1517/3347/3347 2485/3503/3503
f 1514/3350/3350 2500/3518/3518 2498/3516/3516
f 1512/3352/3352 2503/3521/3521 2501/3519/3519
f 2503/3521/3521 1513/3351/3351 2498/3516/3516
f 2500/3518/3518 1515/3349/3349 1516/3348/3348 2483/3501/3501
f 1509/3355/3355 2509/3527/3527 2507/3525/3525
f 1508/3356/3356 2507/3525/3525 2512/3530/3530
f 1506/3358/3358 2510/3528/3528 2521/3539/3539
f 1503/3361/3361 2519/3537/3537 2524/3542/3542
f 2519/3537/3537 1504/3360/3360 2521/3539/3539
f 2510/3528/3528 1507/3357/3357 2512/3530/3530
f 2509/3527/3527 1511/3353/3353 2501/3519/3519
f 2481/3342/3342 1519/3345/3345 1520/3344/3344 2482/3343/3343
f 575/3151/3151 2475/3336/3336 574/3152/3152
f 2530/3548/3548 2528/3546/3546 1499/3365/3365
f 2528/3546/3546 2533/3551/3551 1498/3366/3366
f 2531/3549/3549 2545/3563/3563 1496/3368/3368
f 1495/3369/3369 2545/3563/3563 1494/3370/3370
f 1497/3367/3367 2533/3551/3551 2531/3549/3549
f 2543/3561/3561 1494/3370/3370 2545/3563/3563
f 2530/3548/3548 1501/3363/3363 2522/3540/3540
f 1512/3352/3352 1513/3351/3351 2503/3521/3521
f 1493/3371/3371 1494/3370/3370 2543/3561/3561
f 1492/3372/3372 2548/3566/3566 2546/3564/3564
f 2548/3566/3566 1492/3372/3372 1493/3371/3371
f 1493/3371/3371 2543/3561/3561 2548/3566/3566
f 1491/3373/3373 1492/3372/3372 2546/3564/3564
f 2482/3343/3343 1520/3344/3344 566/3160/3160
f 2552/3570/3570 2557/3575/3575 1488/3376/3376
f 2557/3575/3575 2555/3573/3573 1487/3377/3377
f 1485/3379/3379 2566/3584/3584 2564/3582/3582
f 2566/3584/3584 1486/3378/3378 2555/3573/3573
f 1484/3380/3380 1485/3379/3379 2564/3582/3582
f 1490/3374/3374 2554/3572/3572 2552/3570/3570
f 2552/3570/3570 1488/3376/3376 1489/3375/3375
f 2554/3572/3572 1490/3374/3374 1491/3373/3373
f 1486/3378/3378 2566/3584/3584 1485/3379/3379
f 2555/3573/3573 1486/3378/3378 1487/3377/3377
f 2557/3575/3575 1487/3377/3377 1488/3376/3376
f 1490/3374/3374 2552/3570/3570 1489/3375/3375
f 1491/3373/3373 2546/3564/3564 2554/3572/3572
f 2501/3519/3519 1511/3353/3353 1512/3352/3352
f 1511/3353/3353 2509/3527/3527 1510/3354/3354
f 2507/3525/3525 1508/3356/3356 1509/3355/3355
f 2509/3527/3527 1509/3355/3355 1510/3354/3354
f 1508/3356/3356 2512/3530/3530 1507/3357/3357
f 1518/3346/3346 1519/3345/3345 2481/3342/3342
f 1515/3349/3349 2500/3518/3518 1514/3350/3350
f 1520/3344/3344 441/3161/3161 566/3160/3160
f 1500/3364/3364 2530/3548/3548 1499/3365/3365
f 1501/3363/3363 2530/3548/3548 1500/3364/3364
f 1496/3368/3368 2545/3563/3563 1495/3369/3369
f 1498/3366/3366 2533/3551/3551 1497/3367/3367
f 1496/3368/3368 1497/3367/3367 2531/3549/3549
f 1499/3365/3365 2528/3546/3546 1498/3366/3366
f 1506/3358/3358 2521/3539/3539 1505/3359/3359
f 2510/3528/3528 1506/3358/3358 1507/3357/3357
f 2522/3540/3540 1501/3363/3363 1502/3362/3362
f 1503/3361/3361 1504/3360/3360 2519/3537/3537
f 2524/3542/3542 1502/3362/3362 1503/3361/3361
f 1505/3359/3359 2521/3539/3539 1504/3360/3360
f 2522/3540/3540 1502/3362/3362 2524/3542/3542
f 2498/3516/3516 1513/3351/3351 1514/3350/3350
f 2569/3587/3587 2567/3585/3585 1482/3382/3382
f 2567/3585/3585 2575/3593/3593 1481/3383/3383
f 2573/3591/3591 2578/3596/3596 1478/3386/3386
f 2578/3596/3596 2576/3594/3594 1477/3387/3387
f 1480/3384/3384 2575/3593/3593 2573/3591/3591
f 2592/3610/3610 2590/3608/3608 1475/3389/3389
f 2590/3608/3608 2595/3613/3613 1473/3391/3391
f 2593/3611/3611 2601/3619/3619 1471/3393/3393
f 2599/3617/3617 2604/3622/3622 1469/3395/3395
f 1470/3394/3394 2601/3619/3619 2599/3617/3617
f 1472/3392/3392 2595/3613/3613 2593/3611/3611
f 1476/3388/3388 2576/3594/3594 2592/3610/3610
f 2602/3620/3620 2613/3631/3631 1466/3398/3398
f 2613/3631/3631 2611/3629/3629 1465/3399/3399
f 2616/3634/3634 2614/3632/3632 1462/3402/3402
f 2622/3640/3640 2620/3638/3638 1460/3404/3404
f 1461/3403/3403 2614/3632/3632 2622/3640/3640
f 1464/3400/3400 2611/3629/3629 2616/3634/3634
f 2625/3643/3643 2623/3641/3641 1457/3407/3407
f 1457/3407/3407 2623/3641/3641 1456/3408/3408
f 1455/3409/3409 2637/3655/3655 2635/3653/3653
f 2637/3655/3655 1455/3409/3409 1456/3408/3408
f 1456/3408/3408 2623/3641/3641 2637/3655/3655
f 1454/3410/3410 1455/3409/3409 2635/3653/3653
f 2620/3638/3638 2625/3643/3643 1459/3405/3405
f 2604/3622/3622 2602/3620/3620 1467/3397/3397
f 1483/3381/3381 2564/3582/3582 2569/3587/3587
f 2590/3608/3608 1473/3391/3391 1474/3390/3390
f 1476/3388/3388 2592/3610/3610 1475/3389/3389
f 1471/3393/3393 2601/3619/3619 1470/3394/3394
f 1473/3391/3391 2595/3613/3613 1472/3392/3392
f 1472/3392/3392 2593/3611/3611 1471/3393/3393
f 1481/3383/3383 2575/3593/3593 1480/3384/3384
f 2569/3587/3587 1482/3382/3382 1483/3381/3381
f 1478/3386/3386 2578/3596/3596 1477/3387/3387
f 1480/3384/3384 2573/3591/3591 1479/3385/3385
f 1477/3387/3387 2576/3594/3594 1476/3388/3388
f 2573/3591/3591 1478/3386/3386 1479/3385/3385
f 1475/3389/3389 2590/3608/3608 1474/3390/3390
f 1461/3403/3403 1462/3402/3402 2614/3632/3632
f 1462/3402/3402 1463/3401/3401 2616/3634/3634
f 1458/3406/3406 2625/3643/3643 1457/3407/3407
f 1459/3405/3405 2625/3643/3643 1458/3406/3406
f 2620/3638/3638 1459/3405/3405 1460/3404/3404
f 1460/3404/3404 1461/3403/3403 2622/3640/3640
f 2604/3622/3622 1467/3397/3397 1468/3396/3396
f 1470/3394/3394 2599/3617/3617 1469/3395/3395
f 2616/3634/3634 1463/3401/3401 1464/3400/3400
f 1467/3397/3397 2602/3620/3620 1466/3398/3398
f 1464/3400/3400 1465/3399/3399 2611/3629/3629
f 1466/3398/3398 2613/3631/3631 1465/3399/3399
f 2604/3622/3622 1468/3396/3396 1469/3395/3395
f 2567/3585/3585 1481/3383/3383 1482/3382/3382
f 1483/3381/3381 1484/3380/3380 2564/3582/3582
f 1452/3412/3412 2640/3658/3658 2638/3656/3656
f 1451/3413/3413 2638/3656/3656 2646/3664/3664
f 1449/3415/3415 2644/3662/3662 2649/3667/3667
f 1448/3416/3416 2649/3667/3667 2647/3665/3665
f 2644/3662/3662 1450/3414/3414 2646/3664/3664
f 1445/3419/3419 2658/3676/3676 2656/3674/3674
f 1444/3420/3420 2656/3674/3674 2661/3679/3679
f 1441/3423/3423 2659/3677/3677 2667/3685/3685
f 1439/3425/3425 2665/3683/3683 2670/3688/3688
f 2665/3683/3683 1440/3424/3424 2667/3685/3685
f 2659/3677/3677 1443/3421/3421 2661/3679/3679
f 2658/3676/3676 1446/3418/3418 2647/3665/3665
f 1436/3428/3428 2668/3686/3686 2682/3700/3700
f 1435/3429/3429 2682/3700/3700 2680/3698/3698
f 1433/3431/3431 2685/3703/3703 2683/3701/3701
f 1432/3432/3432 2683/3701/3701 2691/3709/3709
f 2685/3703/3703 1434/3430/3430 2680/3698/3698
f 1429/3435/3435 2689/3707/3707 2694/3712/3712
f 1428/3436/3436 2694/3712/3712 2692/3710/3710
f 1425/3439/3439 2703/3721/3721 2701/3719/3719
f 1423/3441/3441 2706/3724/3724 2704/3722/3722
f 2706/3724/3724 1424/3440/3440 2701/3719/3719
f 2703/3721/3721 1427/3437/3437 2692/3710/3710
f 2689/3707/3707 1430/3434/3434 2691/3709/3709
f 2668/3686/3686 1438/3426/3426 2670/3688/3688
f 1420/3444/3444 2712/3730/3730 2710/3728/3728
f 1419/3445/3445 2710/3728/3728 2715/3733/3733
f 1417/3447/3447 2713/3731/3731 2726/3744/3744
f 1415/3449/3449 2726/3744/3744 2724/3742/3742
f 2713/3731/3731 1418/3446/3446 2715/3733/3733
f 1413/3451/3451 2729/3747/3747 2727/3745/3745
f 1412/3452/3452 2727/3745/3745 2735/3753/3753
f 1409/3455/3455 2733/3751/3751 2738/3756/3756
f 1407/3457/3457 2736/3754/3754 2747/3765/3765
f 2736/3754/3754 1408/3456/3456 2738/3756/3756
f 2733/3751/3751 1411/3453/3453 2735/3753/3753
f 2729/3747/3747 1414/3450/3450 2724/3742/3742
f 1404/3460/3460 2745/3763/3763 2750/3768/3768
f 1403/3461/3461 2750/3768/3768 2748/3766/3766
f 1401/3463/3463 2756/3774/3774 2754/3772/3772
f 1398/3466/3466 2759/3777/3777 2757/3775/3775
f 2759/3777/3777 1399/3465/3465 2754/3772/3772
f 2756/3774/3774 1402/3462/3462 2748/3766/3766
f 1396/3468/3468 2768/3786/3786 2766/3784/3784
f 1394/3470/3470 2766/3784/3784 2771/3789/3789
f 1392/3472/3472 2769/3787/3787 2777/3795/3795
f 1390/3474/3474 2775/3793/3793 2780/3798/3798
f 2775/3793/3793 1391/3473/3473 2777/3795/3795
f 2769/3787/3787 1393/3471/3471 2771/3789/3789
f 2768/3786/3786 1397/3467/3467 2757/3775/3775
f 2745/3763/3763 1406/3458/3458 2747/3765/3765
f 2712/3730/3730 1422/3442/3442 2704/3722/3722
f 406/2916/2916 2264/3000/3000 2262/2998/2998
f 405/2915/2915 2264/3000/3000 406/2916/2916
f 407/2917/2917 406/2916/2916 2262/2998/2998
f 2264/3000/3000 405/2915/2915 404/2914/2914
f 404/2914/2914 403/2913/2913 2259/2995/2995
f 2259/2995/2995 2264/3000/3000 404/2914/2914
f 402/2912/2912 2259/2995/2995 403/2913/2913
f 2261/2997/2997 2259/2995/2995 402/2912/2912
f 2252/2988/2988 2250/2986/2986 398/2908/2908
f 2247/2983/2983 394/2904/2904 393/2903/2903 2249/2985/2985
f 2247/2983/2983 2252/2988/2988 396/2906/2906
f 2250/2986/2986 2261/2997/2997 400/2910/2910
f 2249/2985/2985 392/2902/2902 391/2901/2901 2241/2977/2977
f 2261/2997/2997 402/2912/2912 401/2911/2911
f 400/2910/2910 2261/2997/2997 401/2911/2911
f 399/2909/2909 2250/2986/2986 400/2910/2910
f 397/2907/2907 2252/2988/2988 398/2908/2908
f 2250/2986/2986 399/2909/2909 398/2908/2908
f 396/2906/2906 2252/2988/2988 397/2907/2907
f 394/2904/2904 2247/2983/2983 395/2905/2905
f 393/2903/2903 392/2902/2902 2249/2985/2985
f 391/2901/2901 390/2900/2900 2241/2977/2977
f 2247/2983/2983 396/2906/2906 395/2905/2905
f 2241/2977/2977 390/2900/2900 389/2899/2899 2243/2979/2979
f 2243/2979/2979 388/2898/2898 387/2897/2897 2238/2974/2974
f 2238/2974/2974 386/2896/2896 385/2895/2895 2240/2976/2976
f 2227/2963/2963 382/2892/2892 381/2891/2891 2229/2965/2965
f 2229/2965/2965 380/2890/2890 379/2889/2889 2224/2960/2960
f 2240/2976/2976 384/2894/2894 383/2893/2893 2227/2963/2963
f 1387/3477/3477 2778/3796/3796 2788/3806/3806
f 1386/3478/3478 2788/3806/3806 2786/3804/3804
f 2224/2960/2960 2821/3839/3839 2226/2962/2962
f 2821/3839/3839 377/2887/2887 376/2886/2886 2822/3840/3840
f 1383/3481/3481 2791/3809/3809 2789/3807/3807
f 2791/3809/3809 1385/3479/3479 2786/3804/3804
f 2224/2960/2960 378/2888/2888 2821/3839/3839
f 2243/2979/2979 389/2899/2899 388/2898/2898
f 384/2894/2894 2240/2976/2976 385/2895/2895
f 386/2896/2896 2238/2974/2974 387/2897/2897
f 2229/2965/2965 381/2891/2891 380/2890/2890
f 2224/2960/2960 379/2889/2889 378/2888/2888
f 377/2887/2887 2821/3839/3839 378/2888/2888
f 382/2892/2892 2227/2963/2963 383/2893/2893
f 2778/3796/3796 1388/3476/3476 2780/3798/3798
f 1418/3446/3446 1419/3445/3445 2715/3733/3733
f 1418/3446/3446 2713/3731/3731 1417/3447/3447
f 1415/3449/3449 1416/3448/3448 2726/3744/3744
f 1416/3448/3448 1417/3447/3447 2726/3744/3744
f 1415/3449/3449 2724/3742/3742 1414/3450/3450
f 1426/3438/3438 2703/3721/3721 1425/3439/3439
f 1424/3440/3440 1425/3439/3439 2701/3719/3719
f 2712/3730/3730 1420/3444/3444 1421/3443/3443
f 1424/3440/3440 2706/3724/3724 1423/3441/3441
f 1422/3442/3442 2712/3730/3730 1421/3443/3443
f 2703/3721/3721 1426/3438/3438 1427/3437/3437
f 2704/3722/3722 1422/3442/3442 1423/3441/3441
f 1405/3459/3459 1406/3458/3458 2745/3763/3763
f 1404/3460/3460 1405/3459/3459 2745/3763/3763
f 1402/3462/3462 1403/3461/3461 2748/3766/3766
f 2756/3774/3774 1401/3463/3463 1402/3462/3462
f 1407/3457/3457 2747/3765/3765 1406/3458/3458
f 2735/3753/3753 1411/3453/3453 1412/3452/3452
f 2727/3745/3745 1412/3452/3452 1413/3451/3451
f 1408/3456/3456 2736/3754/3754 1407/3457/3457
f 2733/3751/3751 1409/3455/3455 1410/3454/3454
f 1408/3456/3456 1409/3455/3455 2738/3756/3756
f 1413/3451/3451 1414/3450/3450 2729/3747/3747
f 1410/3454/3454 1411/3453/3453 2733/3751/3751
f 1420/3444/3444 2710/3728/3728 1419/3445/3445
f 1445/3419/3419 1446/3418/3418 2658/3676/3676
f 1447/3417/3417 2647/3665/3665 1446/3418/3418
f 2659/3677/3677 1441/3423/3423 1442/3422/3422
f 1444/3420/3420 2661/3679/3679 1443/3421/3421
f 1445/3419/3419 2656/3674/3674 1444/3420/3420
f 1452/3412/3412 2638/3656/3656 1451/3413/3413
f 1453/3411/3411 2640/3658/3658 1452/3412/3412
f 2647/3665/3665 1447/3417/3417 1448/3416/3416
f 1451/3413/3413 2646/3664/3664 1450/3414/3414
f 1449/3415/3415 2649/3667/3667 1448/3416/3416
f 1449/3415/3415 1450/3414/3414 2644/3662/3662
f 1443/3421/3421 2659/3677/3677 1442/3422/3422
f 2691/3709/3709 1431/3433/3433 1432/3432/3432
f 1434/3430/3430 2685/3703/3703 1433/3431/3431
f 1428/3436/3436 2692/3710/3710 1427/3437/3437
f 1429/3435/3435 2694/3712/3712 1428/3436/3436
f 1429/3435/3435 1430/3434/3434 2689/3707/3707
f 2683/3701/3701 1432/3432/3432 1433/3431/3431
f 1439/3425/3425 1440/3424/3424 2665/3683/3683
f 2667/3685/3685 1440/3424/3424 1441/3423/3423
f 1436/3428/3428 2682/3700/3700 1435/3429/3429
f 2668/3686/3686 1436/3428/3428 1437/3427/3427
f 1437/3427/3427 1438/3426/3426 2668/3686/3686
f 2680/3698/3698 1434/3430/3430 1435/3429/3429
f 2670/3688/3688 1438/3426/3426 1439/3425/3425
f 1430/3434/3434 1431/3433/3433 2691/3709/3709
f 2750/3768/3768 1403/3461/3461 1404/3460/3460
f 2795/3813/3813 2800/3818/3818 1380/3484/3484
f 2800/3818/3818 2798/3816/3816 1378/3486/3486
f 2806/3824/3824 2804/3822/3822 1376/3488/3488
f 2804/3822/3822 2809/3827/3827 1375/3489/3489
f 1377/3487/3487 2798/3816/3816 2806/3824/3824
f 1373/3491/3491 1374/3490/3490 2809/3827/3827
f 2809/3827/3827 1374/3490/3490 1375/3489/3489
f 2807/3825/3825 1373/3491/3491 2809/3827/3827
f 1372/3492/3492 2807/3825/3825 2814/3832/3832
f 2814/3832/3832 1371/3493/3493 1372/3492/3492
f 1372/3492/3492 1373/3491/3491 2807/3825/3825
f 2812/3830/3830 1371/3493/3493 2814/3832/3832
f 1381/3483/3483 2797/3815/3815 2795/3813/3813
f 2817/3835/3835 2815/3833/3833 1369/3495/3495
f 2815/3833/3833 2820/3838/3838 1367/3497/3497
f 2818/3836/3836 2822/3840/3840 1365/3499/3499
f 2822/3840/3840 376/2886/2886 1364/3500/3500
f 1364/3500/3500 376/2886/2886 313/2885/2885
f 2820/3838/3838 2818/3836/3836 1366/3498/3498
f 1370/3494/3494 2812/3830/3830 2817/3835/3835
f 2815/3833/3833 1367/3497/3497 1368/3496/3496
f 2817/3835/3835 1369/3495/3495 1370/3494/3494
f 1365/3499/3499 2822/3840/3840 1364/3500/3500
f 1367/3497/3497 2820/3838/3838 1366/3498/3498
f 1365/3499/3499 1366/3498/3498 2818/3836/3836
f 1368/3496/3496 1369/3495/3495 2815/3833/3833
f 1370/3494/3494 1371/3493/3493 2812/3830/3830
f 2777/3795/3795 1391/3473/3473 1392/3472/3472
f 2769/3787/3787 1392/3472/3472 1393/3471/3471
f 1388/3476/3476 2778/3796/3796 1387/3477/3477
f 1389/3475/3475 1390/3474/3474 2780/3798/3798
f 1388/3476/3476 1389/3475/3475 2780/3798/3798
f 1398/3466/3466 2757/3775/3775 1397/3467/3467
f 1400/3464/3464 2754/3772/3772 1399/3465/3465
f 1394/3470/3470 2771/3789/3789 1393/3471/3471
f 1395/3469/3469 1396/3468/3468 2766/3784/3784
f 1397/3467/3467 2768/3786/3786 1396/3468/3468
f 2766/3784/3784 1394/3470/3470 1395/3469/3469
f 1390/3474/3474 1391/3473/3473 2775/3793/3793
f 2800/3818/3818 1378/3486/3486 1379/3485/3485
f 1381/3483/3483 2795/3813/3813 1380/3484/3484
f 1376/3488/3488 2804/3822/3822 1375/3489/3489
f 1377/3487/3487 2806/3824/3824 1376/3488/3488
f 2798/3816/3816 1377/3487/3487 1378/3486/3486
f 1379/3485/3485 1380/3484/3484 2800/3818/3818
f 2786/3804/3804 1385/3479/3479 1386/3478/3478
f 1384/3480/3480 1385/3479/3479 2791/3809/3809
f 1382/3482/3482 2789/3807/3807 2797/3815/3815
f 1383/3481/3481 1384/3480/3480 2791/3809/3809
f 1382/3482/3482 2797/3815/3815 1381/3483/3483
f 1383/3481/3481 2789/3807/3807 1382/3482/3482
f 2788/3806/3806 1386/3478/3478 1387/3477/3477
f 1399/3465/3465 2759/3777/3777 1398/3466/3466
f 2754/3772/3772 1400/3464/3464 1401/3463/3463
f 1454/3410/3410 2640/3658/3658 1453/3411/3411
f 1454/3410/3410 2635/3653/3653 2640/3658/3658
f 627/3099/3099 2400/3261/3261 2408/3269/3269
