# Rhino

mtllib crawler_stand.mtl
usemtl diffuse_Lime
v 1171.047607421875 378.42965698242188 372.98565673828125
v 1171.047607421875 378.42965698242188 556.769775390625
v 1171.047607421875 293.90451049804688 372.98565673828125
v 1171.047607421875 293.90451049804688 556.769775390625
v 1171.047607421875 293.90451049804688 464.87771606445313
v 1171.047607421875 378.42965698242188 464.87771606445313
v 934.1614990234375 293.90451049804688 556.769775390625
v 1052.6072998046875 293.90451049804688 372.98565673828125
v 934.1671142578125 293.90451049804688 372.98565673828125
v 1052.6044921875 293.90451049804688 556.769775390625
v 934.16522216796875 293.90451049804688 434.24703979492188
v 934.16339111328125 293.90451049804688 495.5084228515625
v 934.16766357421875 609.51605224609375 372.98565673828125
v 934.16766357421875 609.51605224609375 556.769775390625
v 934.16766357421875 609.51605224609375 495.5084228515625
v 934.16766357421875 609.51605224609375 434.24703979492188
v 1052.607666015625 493.97283935546875 556.769775390625
v 1052.607666015625 493.97283935546875 372.98565673828125
v 934.167236328125 357.02682495117188 372.98565673828125
v 934.1673583984375 420.14910888671875 372.98565673828125
v 934.16741943359375 483.27142333984375 372.98565673828125
v 934.16754150390625 546.39373779296875 372.98565673828125
v 934.1627197265625 357.02682495117188 556.769775390625
v 934.1639404296875 420.14910888671875 556.769775390625
v 934.1651611328125 483.27142333984375 556.769775390625
v 934.1663818359375 546.39373779296875 556.769775390625
v 858.78851318359375 303.7449951171875 585.977783203125
v 858.79559326171875 303.7449951171875 356.072265625
v 230.92800903320313 303.7449951171875 356.05612182617188
v 858.7908935546875 303.7449951171875 509.34262084960938
v 858.793212890625 303.7449951171875 432.70745849609375
v 544.8582763671875 303.7449951171875 471.0169677734375
v 701.82513427734375 303.7449951171875 471.02099609375
v 544.85650634765625 303.7449951171875 528.49334716796875
v 701.8233642578125 303.7449951171875 528.49737548828125
v 544.86004638671875 303.7449951171875 413.54058837890625
v 701.826904296875 303.7449951171875 413.54461669921875
v 544.86181640625 303.7449951171875 356.064208984375
v 230.94070434570313 303.7449951171875 585.961669921875
v 387.90264892578125 303.7449951171875 585.9656982421875
v 544.8646240234375 303.7449951171875 585.9697265625
v 701.82659912109375 303.7449951171875 585.9737548828125
v 858.79559326171875 636.14581298828125 356.072265625
v 858.79559326171875 370.22515869140625 356.072265625
v 858.79559326171875 436.705322265625 356.072265625
v 858.79559326171875 503.18548583984375 356.072265625
v 858.79559326171875 569.6656494140625 356.072265625
v 544.86181640625 469.94540405273438 356.064208984375
v 701.82867431640625 469.94540405273438 356.0682373046875
v 544.86181640625 386.84521484375 356.064208984375
v 701.82867431640625 386.84521484375 356.0682373046875
v 544.86181640625 553.04559326171875 356.064208984375
v 701.82867431640625 553.04559326171875 356.0682373046875
v 544.86181640625 636.14581298828125 356.0609130859375
v 230.92800903320313 636.14581298828125 356.04953002929688
v 858.8065185546875 -25.330574035644531 0.00099188624881207943
v 820.22320556640625 -25.330574035644531 1.1945466837914864E-08
v 858.80682373046875 -23.431369781494141 -9.6223573684692383
v 820.22344970703125 -23.431369781494141 -9.6233491897583008
v 858.80706787109375 -17.723894119262695 -18.096012115478516
v 820.2237548828125 -17.723894119262695 -18.097003936767578
v 858.8072509765625 -9.2063846588134766 -23.597322463989258
v 820.223876953125 -9.2063846588134766 -23.59831428527832
v 858.80731201171875 0 -25.329582214355469
v 820.22393798828125 0 -25.330574035644531
v 858.8072509765625 9.6233491897583008 -23.430377960205078
v 820.223876953125 9.6233491897583008 -23.431369781494141
v 858.80706787109375 18.097003936767578 -17.722902297973633
v 820.2237548828125 18.097003936767578 -17.723894119262695
v 858.80682373046875 23.59831428527832 -9.2053928375244141
v 820.22344970703125 23.59831428527832 -9.2063846588134766
v 858.8065185546875 25.330574035644531 0.00099188624881207943
v 820.22320556640625 25.330574035644531 1.1945466837914864E-08
v 858.80621337890625 23.431369781494141 9.6243410110473633
v 820.222900390625 23.431369781494141 9.6233491897583008
v 858.80596923828125 17.723894119262695 18.097995758056641
v 820.22265625 17.723894119262695 18.097003936767578
v 858.8057861328125 9.2063846588134766 23.599306106567383
v 820.22247314453125 9.2063846588134766 23.59831428527832
v 858.80572509765625 0 25.331565856933594
v 820.222412109375 0 25.330574035644531
v 858.8057861328125 -9.6233491897583008 23.432361602783203
v 820.22247314453125 -9.6233491897583008 23.431369781494141
v 858.80596923828125 -18.097003936767578 17.724885940551758
v 820.22265625 -18.097003936767578 17.723894119262695
v 858.80621337890625 -23.59831428527832 9.2073764801025391
v 820.222900390625 -23.59831428527832 9.2063846588134766
v 858.8038330078125 -20.712398529052734 86.836814880371094
v 934.1759033203125 -20.712398529052734 86.838752746582031
v 858.80084228515625 1.0316028594970703 184.84333801269531
v 934.17291259765625 1.0316028594970703 184.84527587890625
v 858.7978515625 22.775604248046875 282.84988403320313
v 934.169921875 22.775604248046875 282.851806640625
v 896.48388671875 22.775604248046875 282.85086059570313
v 896.4898681640625 -20.712398529052734 86.837783813476563
v 858.79461669921875 22.775604248046875 387.14794921875
v 934.16668701171875 22.775604248046875 387.14990234375
v 858.79144287109375 22.775604248046875 491.446044921875
v 934.16351318359375 22.775604248046875 491.447998046875
v 858.78973388671875 184.33796691894531 545.803466796875
v 934.16180419921875 184.33796691894531 545.805419921875
v 858.7880859375 345.90032958984375 600.160888671875
v 934.16015625 345.90032958984375 600.162841796875
v 934.16015625 636.14581298828125 600.162841796875
v 858.7880859375 619.8017578125 600.160888671875
v 877.1016845703125 601.93609619140625 600.161376953125
v 896.47412109375 491.0230712890625 600.161865234375
v 896.47412109375 563.58441162109375 600.161865234375
v 877.631103515625 491.0230712890625 600.161376953125
v 877.631103515625 563.58441162109375 600.161376953125
v 916.95745849609375 636.14581298828125 600.16241455078125
v 915.317138671875 491.0230712890625 600.162353515625
v 915.317138671875 563.58441162109375 600.162353515625
v 924.7386474609375 563.58441162109375 600.16259765625
v 915.317138671875 599.8651123046875 600.162353515625
v 924.7386474609375 599.8651123046875 600.16259765625
v 934.16766357421875 636.14581298828125 356.05447387695313
v 858.8013916015625 361.150146484375 166.33413696289063
v 934.1734619140625 361.150146484375 166.33607482910156
v 858.8072509765625 86.154472351074219 -23.384279251098633
v 934.1793212890625 86.154472351074219 -23.382341384887695
v 896.4932861328125 86.154472351074219 -23.383310317993164
v 896.4903564453125 223.65229797363281 71.475898742675781
v 896.4918212890625 154.90338134765625 24.046293258666992
v 877.6473388671875 223.65229797363281 71.475410461425781
v 877.6488037109375 154.90338134765625 24.045808792114258
v 915.3333740234375 223.65229797363281 71.47637939453125
v 915.3348388671875 154.90338134765625 24.046775817871094
v 858.80810546875 72.906448364257813 -51.51708984375
v 934.18017578125 72.906448364257813 -51.515151977539063
v 858.80877685546875 49.682456970214844 -74.168525695800781
v 934.18084716796875 49.682456970214844 -74.166587829589844
v 858.8092041015625 20.859024047851563 -86.799728393554688
v 934.1812744140625 20.859024047851563 -86.79779052734375
v 858.80926513671875 -7.6961154937744141 -88.938499450683594
v 934.18133544921875 -7.6961154937744141 -88.936561584472656
v 858.8089599609375 -38.730083465576172 -80.431861877441406
v 934.1810302734375 -38.730083465576172 -80.429924011230469
v 858.80841064453125 -64.775131225585938 -61.429012298583984
v 934.18048095703125 -64.775131225585938 -61.427078247070313
v 858.80755615234375 -82.289474487304688 -34.609786987304688
v 934.17962646484375 -82.289474487304688 -34.60784912109375
v 858.80670166015625 -89.105903625488281 -5.4397130012512207
v 934.17877197265625 -89.105903625488281 -5.4377756118774414
v 858.8057861328125 -85.792984008789063 24.679458618164063
v 934.17779541015625 -85.792984008789063 24.681396484375
v 858.80487060546875 -71.890144348144531 52.928020477294922
v 934.17694091796875 -71.890144348144531 52.929958343505859
v 858.80419921875 -48.836658477783203 74.730133056640625
v 934.17626953125 -48.836658477783203 74.732070922851563
v 858.8033447265625 14.35924243927002 103.65733337402344
v 858.79150390625 117.99033355712891 489.51370239257813
v 858.79443359375 117.99033355712891 393.04962158203125
v 858.79742431640625 117.99033355712891 296.58551025390625
v 858.80035400390625 117.99033355712891 200.12142944335938
v 858.8033447265625 117.99033355712891 103.65733337402344
v 858.8062744140625 117.99033355712891 7.1932363510131836
v 858.79150390625 221.62142944335938 489.51370239257813
v 858.79443359375 221.62142944335938 393.04962158203125
v 858.79742431640625 221.62142944335938 296.58551025390625
v 858.80035400390625 221.62142944335938 200.12142944335938
v 858.8033447265625 221.62142944335938 103.65733337402344
v 858.79742431640625 325.25253295898438 296.58551025390625
v 858.80035400390625 325.25253295898438 200.12142944335938
v 858.8048095703125 14.35924243927002 55.425285339355469
v 858.8048095703125 -37.456302642822266 55.425285339355469
v 858.8062744140625 66.174789428710938 7.1932363510131836
v 858.80706787109375 66.174789428710938 -16.922786712646484
v 858.80780029296875 40.267017364501953 -41.038810729980469
v 858.8062744140625 40.267017364501953 7.1932363510131836
v 858.80706787109375 40.267017364501953 -16.922786712646484
v 858.8048095703125 117.99033355712891 55.425285339355469
v 858.8033447265625 66.174789428710938 103.65733337402344
v 858.8048095703125 66.174789428710938 55.425285339355469
v 858.8055419921875 66.174789428710938 31.309259414672852
v 858.8055419921875 14.35924243927002 31.309259414672852
v 858.8048095703125 40.267017364501953 55.425285339355469
v 858.8055419921875 40.267017364501953 31.309259414672852
v 858.8055419921875 -37.456302642822266 31.309259414672852
v 858.8048095703125 -11.548530578613281 55.425285339355469
v 858.8055419921875 -11.548530578613281 31.309259414672852
v 858.79742431640625 428.88360595703125 296.58551025390625
v 934.17529296875 14.35924243927002 107.71158599853516
v 934.17828369140625 14.35924243927002 9.2213315963745117
v 934.16314697265625 117.99033355712891 501.672607421875
v 934.16619873046875 117.99033355712891 403.18234252929688
v 934.16925048828125 117.99033355712891 304.69207763671875
v 934.1722412109375 117.99033355712891 206.20184326171875
v 934.17529296875 117.99033355712891 107.71158599853516
v 934.16314697265625 221.62142944335938 501.672607421875
v 934.16619873046875 221.62142944335938 403.18234252929688
v 934.16925048828125 221.62142944335938 304.69207763671875
v 934.1722412109375 221.62142944335938 206.20184326171875
v 934.17529296875 221.62142944335938 107.71158599853516
v 934.16925048828125 325.25253295898438 304.69207763671875
v 934.1722412109375 325.25253295898438 206.20184326171875
v 934.16387939453125 636.14581298828125 478.10867309570313
v 934.1798095703125 14.35924243927002 -40.023796081542969
v 934.17828369140625 66.174789428710938 9.2213315963745117
v 934.17828369140625 -37.456302642822266 9.2213315963745117
v 934.1798095703125 -37.456302642822266 -40.023796081542969
v 934.1767578125 14.35924243927002 58.466457366943359
v 934.1767578125 -37.456302642822266 58.466457366943359
v 934.16925048828125 428.88360595703125 304.69207763671875
v 916.95745849609375 636.14581298828125 525.50604248046875
v 916.95745849609375 636.14581298828125 450.84970092773438
v 916.95745849609375 636.14581298828125 376.193359375
v 858.79498291015625 636.14581298828125 376.19253540039063
v -230.92324829101563 1232.310302734375 714.521240234375
v -842.0343017578125 636.14581298828125 600.16046142578125
v -842.0343017578125 636.14581298828125 376.19229125976563
v -554.012451171875 917.12322998046875 513.32293701171875
v -858.7880859375 619.8017578125 600.160888671875
v -554.012451171875 917.12322998046875 613.92205810546875
v -715.55706787109375 759.5296630859375 513.32293701171875
v -715.55706787109375 759.5296630859375 613.92205810546875
v -715.55706787109375 759.5296630859375 563.62249755859375
v -796.32940673828125 680.73284912109375 513.32293701171875
v -796.32940673828125 680.73284912109375 563.62249755859375
v -554.012451171875 917.12322998046875 412.7237548828125
v -715.55706787109375 759.5296630859375 412.7237548828125
v -796.32940673828125 680.73284912109375 588.77227783203125
v -836.71551513671875 641.33447265625 563.62249755859375
v -836.71551513671875 641.33447265625 588.77227783203125
v -877.1016845703125 601.93609619140625 600.161376953125
v -536.4898681640625 934.21722412109375 344.158447265625
v -230.94546508789063 1232.2886962890625 312.12457275390625
v -230.93435668945313 1232.299560546875 513.32293701171875
v -392.46786499023438 1074.716796875 685.9312744140625
v -554.012451171875 917.12322998046875 657.34130859375
v -715.55706787109375 759.5296630859375 628.7513427734375
v -230.92314147949219 1251.14892578125 716.33953857421875
v -249.98320007324219 1259.68115234375 715.58447265625
v -269.04327392578125 1268.21337890625 714.8294677734375
v -249.98333740234375 1286.80712890625 713.18316650390625
v -230.92340087890625 1305.40087890625 711.536865234375
v -230.92327880859375 1278.27490234375 713.938232421875
v -349.98870849609375 1152.7022705078125 696.97650146484375
v -295.28433227539063 1206.0687255859375 706.65802001953125
v -359.9541015625 1161.2532958984375 696.97650146484375
v -305.24972534179688 1214.6197509765625 706.65802001953125
v -340.0233154296875 1144.1512451171875 696.97650146484375
v -285.31893920898438 1197.5177001953125 706.65802001953125
v -916.95745849609375 636.14581298828125 600.16241455078125
v -754.9788818359375 794.1627197265625 628.82916259765625
v -593.0003662109375 952.1795654296875 657.49591064453125
v -431.02182006835938 1110.1964111328125 686.16265869140625
v -573.9404296875 970.7733154296875 509.55001831054688
v -573.9404296875 970.7733154296875 612.18975830078125
v -402.43191528320313 1138.087158203125 509.55001831054688
v -402.43191528320313 1138.087158203125 612.18975830078125
v -316.67767333984375 1221.7440185546875 612.18975830078125
v -316.67767333984375 1221.7440185546875 663.50958251953125
v -316.67767333984375 1221.7440185546875 689.16949462890625
v -273.800537109375 1263.5723876953125 663.50958251953125
v -273.800537109375 1263.5723876953125 689.16949462890625
v -916.95745849609375 636.14581298828125 376.193359375
v -916.95745849609375 636.14581298828125 450.84970092773438
v -916.95745849609375 636.14581298828125 525.50604248046875
v -745.44891357421875 803.4595947265625 509.55001831054688
v -573.9404296875 970.7733154296875 406.91033935546875
v -745.44891357421875 803.4595947265625 406.91033935546875
v -230.93464660644531 1305.389892578125 507.90374755859375
v -230.94589233398438 1305.37890625 304.2706298828125
v -573.95166015625 970.76239013671875 340.23199462890625
v -858.79498291015625 636.14581298828125 376.19253540039063
v -1171.047607421875 378.42965698242188 372.98565673828125
v -1171.047607421875 378.42965698242188 556.769775390625
v -1171.047607421875 293.90451049804688 372.98565673828125
v -1171.047607421875 293.90451049804688 556.769775390625
v -1171.047607421875 293.90451049804688 464.87771606445313
v -1171.047607421875 378.42965698242188 464.87771606445313
v -934.1614990234375 293.90451049804688 556.769775390625
v -1052.6072998046875 293.90451049804688 372.98565673828125
v -934.1671142578125 293.90451049804688 372.98565673828125
v -1052.6044921875 293.90451049804688 556.769775390625
v -934.16522216796875 293.90451049804688 434.24703979492188
v -934.16339111328125 293.90451049804688 495.5084228515625
v -934.16766357421875 609.51605224609375 372.98565673828125
v -934.16766357421875 609.51605224609375 556.769775390625
v -934.16766357421875 609.51605224609375 495.5084228515625
v -934.16766357421875 609.51605224609375 434.24703979492188
v -1013.1276245117188 532.48724365234375 372.98565673828125
v -1092.087646484375 455.45846557617188 372.98565673828125
v -1092.087646484375 455.45846557617188 556.769775390625
v -1013.1276245117188 532.48724365234375 556.769775390625
v -934.167236328125 357.02682495117188 372.98565673828125
v -934.1673583984375 420.14910888671875 372.98565673828125
v -934.16741943359375 483.27142333984375 372.98565673828125
v -934.16754150390625 546.39373779296875 372.98565673828125
v -934.1627197265625 357.02682495117188 556.769775390625
v -934.1639404296875 420.14910888671875 556.769775390625
v -934.1651611328125 483.27142333984375 556.769775390625
v -934.1663818359375 546.39373779296875 556.769775390625
v -858.78851318359375 303.7449951171875 585.977783203125
v -230.93034362792969 303.7449951171875 585.961669921875
v -858.79559326171875 303.7449951171875 356.072265625
v -858.7908935546875 303.7449951171875 509.34262084960938
v -858.793212890625 303.7449951171875 432.70745849609375
v -544.86297607421875 303.7449951171875 471.0169677734375
v -701.8275146484375 303.7449951171875 471.02099609375
v -544.8612060546875 303.7449951171875 528.49334716796875
v -701.82574462890625 303.7449951171875 528.49737548828125
v -544.86474609375 303.7449951171875 413.54058837890625
v -701.82928466796875 303.7449951171875 413.54461669921875
v -544.86932373046875 303.7449951171875 356.064208984375
v -230.94303894042969 303.7449951171875 356.05612182617188
v -387.8948974609375 303.7449951171875 585.9656982421875
v -544.85943603515625 303.7449951171875 585.9697265625
v -701.823974609375 303.7449951171875 585.9737548828125
v -858.79559326171875 636.14581298828125 356.072265625
v -858.79559326171875 370.22515869140625 356.072265625
v -858.79559326171875 436.705322265625 356.072265625
v -858.79559326171875 503.18548583984375 356.072265625
v -858.79559326171875 569.6656494140625 356.072265625
v -544.86932373046875 469.94540405273438 356.064208984375
v -701.83245849609375 469.94540405273438 356.0682373046875
v -544.86932373046875 386.84521484375 356.064208984375
v -701.83245849609375 386.84521484375 356.0682373046875
v -544.86932373046875 553.04559326171875 356.064208984375
v -701.83245849609375 553.04559326171875 356.0682373046875
v -544.86932373046875 636.14581298828125 356.064208984375
v -230.94303894042969 636.14581298828125 356.05612182617188
v -230.9295654296875 636.14581298828125 600.144775390625
v -544.862548828125 636.14581298828125 478.1085205078125
v -544.86444091796875 636.14581298828125 417.08636474609375
v -701.8291015625 636.14581298828125 417.09039306640625
v -544.8653564453125 636.14581298828125 386.57528686523438
v -701.83001708984375 636.14581298828125 386.57931518554688
v -780.31231689453125 636.14581298828125 386.58132934570313
v -701.83050537109375 636.14581298828125 371.32379150390625
v -780.31280517578125 636.14581298828125 371.3258056640625
v -819.553466796875 636.14581298828125 386.58233642578125
v -780.31256103515625 636.14581298828125 378.95358276367188
v -819.553955078125 636.14581298828125 371.32681274414063
v -819.5537109375 636.14581298828125 378.95458984375
v -780.3114013671875 636.14581298828125 417.0924072265625
v -701.82952880859375 636.14581298828125 401.83486938476563
v -780.3118896484375 636.14581298828125 401.83688354492188
v -701.82720947265625 636.14581298828125 478.112548828125
v -544.863525390625 636.14581298828125 447.59744262695313
v -701.828125 636.14581298828125 447.60147094726563
v -536.48193359375 636.14581298828125 600.15264892578125
v -858.7880859375 345.90032958984375 600.160888671875
v -230.9295654296875 345.90032958984375 600.144775390625
v -387.89419555664063 345.90032958984375 600.1488037109375
v -544.85882568359375 345.90032958984375 600.15283203125
v -701.823486328125 345.90032958984375 600.1568603515625
v -858.8065185546875 -25.330574035644531 0.00099188624881207943
v -820.22320556640625 -25.330574035644531 1.1945466837914864E-08
v -858.80682373046875 -23.431369781494141 -9.6223573684692383
v -820.22344970703125 -23.431369781494141 -9.6233491897583008
v -858.80706787109375 -17.723894119262695 -18.096012115478516
v -820.2237548828125 -17.723894119262695 -18.097003936767578
v -858.8072509765625 -9.2063846588134766 -23.597322463989258
v -820.223876953125 -9.2063846588134766 -23.59831428527832
v -858.80731201171875 0 -25.329582214355469
v -820.22393798828125 0 -25.330574035644531
v -858.8072509765625 9.6233491897583008 -23.430377960205078
v -820.223876953125 9.6233491897583008 -23.431369781494141
v -858.80706787109375 18.097003936767578 -17.722902297973633
v -820.2237548828125 18.097003936767578 -17.723894119262695
v -858.80682373046875 23.59831428527832 -9.2053928375244141
v -820.22344970703125 23.59831428527832 -9.2063846588134766
v -858.8065185546875 25.330574035644531 0.00099188624881207943
v -820.22320556640625 25.330574035644531 1.1945466837914864E-08
v -858.80621337890625 23.431369781494141 9.6243410110473633
v -820.222900390625 23.431369781494141 9.6233491897583008
v -858.80596923828125 17.723894119262695 18.097995758056641
v -820.22265625 17.723894119262695 18.097003936767578
v -858.8057861328125 9.2063846588134766 23.599306106567383
v -820.22247314453125 9.2063846588134766 23.59831428527832
v -858.80572509765625 0 25.331565856933594
v -820.222412109375 0 25.330574035644531
v -858.8057861328125 -9.6233491897583008 23.432361602783203
v -820.22247314453125 -9.6233491897583008 23.431369781494141
v -858.80596923828125 -18.097003936767578 17.724885940551758
v -820.22265625 -18.097003936767578 17.723894119262695
v -858.80621337890625 -23.59831428527832 9.2073764801025391
v -820.222900390625 -23.59831428527832 9.2063846588134766
v -858.8038330078125 -20.712398529052734 86.836814880371094
v -934.1759033203125 -20.712398529052734 86.838752746582031
v -858.80084228515625 1.0316028594970703 184.84333801269531
v -934.17291259765625 1.0316028594970703 184.84527587890625
v -858.7978515625 22.775604248046875 282.84988403320313
v -934.169921875 22.775604248046875 282.851806640625
v -896.48388671875 22.775604248046875 282.85086059570313
v -896.4898681640625 -20.712398529052734 86.837783813476563
v -858.79461669921875 22.775604248046875 387.14794921875
v -934.16668701171875 22.775604248046875 387.14990234375
v -858.79144287109375 22.775604248046875 491.446044921875
v -934.16351318359375 22.775604248046875 491.447998046875
v -858.78973388671875 184.33796691894531 545.803466796875
v -934.16180419921875 184.33796691894531 545.805419921875
v -934.16015625 345.90032958984375 600.162841796875
v -934.16015625 636.14581298828125 600.162841796875
v -896.47412109375 491.0230712890625 600.161865234375
v -896.47412109375 563.58441162109375 600.161865234375
v -877.631103515625 491.0230712890625 600.161376953125
v -877.631103515625 563.58441162109375 600.161376953125
v -915.317138671875 491.0230712890625 600.162353515625
v -915.317138671875 563.58441162109375 600.162353515625
v -924.7386474609375 563.58441162109375 600.16259765625
v -915.317138671875 599.8651123046875 600.162353515625
v -924.7386474609375 599.8651123046875 600.16259765625
v -934.16766357421875 636.14581298828125 356.05447387695313
v -858.8013916015625 361.150146484375 166.33413696289063
v -934.1734619140625 361.150146484375 166.33607482910156
v -858.8072509765625 86.154472351074219 -23.384279251098633
v -934.1793212890625 86.154472351074219 -23.382341384887695
v -896.4932861328125 86.154472351074219 -23.383310317993164
v -896.4903564453125 223.65229797363281 71.475898742675781
v -896.4918212890625 154.90338134765625 24.046293258666992
v -877.6473388671875 223.65229797363281 71.475410461425781
v -877.6488037109375 154.90338134765625 24.045808792114258
v -915.3333740234375 223.65229797363281 71.47637939453125
v -915.3348388671875 154.90338134765625 24.046775817871094
v -858.80810546875 72.906448364257813 -51.51708984375
v -934.18017578125 72.906448364257813 -51.515151977539063
v -858.80877685546875 49.682456970214844 -74.168525695800781
v -934.18084716796875 49.682456970214844 -74.166587829589844
v -858.8092041015625 20.859024047851563 -86.799728393554688
v -934.1812744140625 20.859024047851563 -86.79779052734375
v -858.80926513671875 -7.6961154937744141 -88.938499450683594
v -934.18133544921875 -7.6961154937744141 -88.936561584472656
v -858.8089599609375 -38.730083465576172 -80.431861877441406
v -934.1810302734375 -38.730083465576172 -80.429924011230469
v -858.80841064453125 -64.775131225585938 -61.429012298583984
v -934.18048095703125 -64.775131225585938 -61.427078247070313
v -858.80755615234375 -82.289474487304688 -34.609786987304688
v -934.17962646484375 -82.289474487304688 -34.60784912109375
v -858.80670166015625 -89.105903625488281 -5.4397130012512207
v -934.17877197265625 -89.105903625488281 -5.4377756118774414
v -858.8057861328125 -85.792984008789063 24.679458618164063
v -934.17779541015625 -85.792984008789063 24.681396484375
v -858.80487060546875 -71.890144348144531 52.928020477294922
v -934.17694091796875 -71.890144348144531 52.929958343505859
v -858.80419921875 -48.836658477783203 74.730133056640625
v -934.17626953125 -48.836658477783203 74.732070922851563
v -858.8033447265625 14.35924243927002 103.65733337402344
v -858.79150390625 117.99033355712891 489.51370239257813
v -858.79443359375 117.99033355712891 393.04962158203125
v -858.79742431640625 117.99033355712891 296.58551025390625
v -858.80035400390625 117.99033355712891 200.12142944335938
v -858.8033447265625 117.99033355712891 103.65733337402344
v -858.8062744140625 117.99033355712891 7.1932363510131836
v -858.79150390625 221.62142944335938 489.51370239257813
v -858.79443359375 221.62142944335938 393.04962158203125
v -858.79742431640625 221.62142944335938 296.58551025390625
v -858.80035400390625 221.62142944335938 200.12142944335938
v -858.8033447265625 221.62142944335938 103.65733337402344
v -858.79742431640625 325.25253295898438 296.58551025390625
v -858.80035400390625 325.25253295898438 200.12142944335938
v -858.8048095703125 14.35924243927002 55.425285339355469
v -858.8048095703125 -37.456302642822266 55.425285339355469
v -858.8062744140625 66.174789428710938 7.1932363510131836
v -858.80706787109375 66.174789428710938 -16.922786712646484
v -858.80780029296875 40.267017364501953 -41.038810729980469
v -858.8062744140625 40.267017364501953 7.1932363510131836
v -858.80706787109375 40.267017364501953 -16.922786712646484
v -858.8048095703125 117.99033355712891 55.425285339355469
v -858.8033447265625 66.174789428710938 103.65733337402344
v -858.8048095703125 66.174789428710938 55.425285339355469
v -858.8055419921875 66.174789428710938 31.309259414672852
v -858.8055419921875 14.35924243927002 31.309259414672852
v -858.8048095703125 40.267017364501953 55.425285339355469
v -858.8055419921875 40.267017364501953 31.309259414672852
v -858.8055419921875 -37.456302642822266 31.309259414672852
v -858.8048095703125 -11.548530578613281 55.425285339355469
v -858.8055419921875 -11.548530578613281 31.309259414672852
v -858.79742431640625 428.88360595703125 296.58551025390625
v -934.17529296875 14.35924243927002 107.71158599853516
v -934.17828369140625 14.35924243927002 9.2213315963745117
v -934.16314697265625 117.99033355712891 501.672607421875
v -934.16619873046875 117.99033355712891 403.18234252929688
v -934.16925048828125 117.99033355712891 304.69207763671875
v -934.1722412109375 117.99033355712891 206.20184326171875
v -934.17529296875 117.99033355712891 107.71158599853516
v -934.16314697265625 221.62142944335938 501.672607421875
v -934.16619873046875 221.62142944335938 403.18234252929688
v -934.16925048828125 221.62142944335938 304.69207763671875
v -934.1722412109375 221.62142944335938 206.20184326171875
v -934.17529296875 221.62142944335938 107.71158599853516
v -934.16925048828125 325.25253295898438 304.69207763671875
v -934.1722412109375 325.25253295898438 206.20184326171875
v -934.16387939453125 636.14581298828125 478.10867309570313
v -934.1798095703125 14.35924243927002 -40.023796081542969
v -934.17828369140625 66.174789428710938 9.2213315963745117
v -934.17828369140625 -37.456302642822266 9.2213315963745117
v -934.1798095703125 -37.456302642822266 -40.023796081542969
v -934.1767578125 14.35924243927002 58.466457366943359
v -934.1767578125 -37.456302642822266 58.466457366943359
v -934.16925048828125 428.88360595703125 304.69207763671875
v -544.85882568359375 491.0230712890625 600.15283203125
v -701.823486328125 491.0230712890625 600.1568603515625
v -544.85882568359375 563.58441162109375 600.15283203125
v -701.823486328125 563.58441162109375 600.1568603515625
v -780.3057861328125 563.58441162109375 600.15887451171875
v -701.823486328125 599.8651123046875 600.1568603515625
v -780.3057861328125 599.8651123046875 600.15887451171875
v 106.11923217773438 5325.4775390625 454.83590698242188
v 106.1182861328125 5325.4775390625 529.3787841796875
v -106.11417388916016 5325.47900390625 529.3780517578125
v 35.374130249023438 5325.47802734375 529.3785400390625
v -35.370021820068359 5325.478515625 529.3782958984375
v -106.11322021484375 5325.47900390625 454.8387451171875
v -79.58416748046875 5325.47900390625 454.83837890625
v -53.055107116699219 5325.47900390625 454.83804321289063
v -26.526050567626953 5325.478515625 454.83767700195313
v 0.0030068990308791399 5325.478515625 454.83731079101563
v 26.532064437866211 5325.478515625 454.83697509765625
v 53.061122894287109 5325.47802734375 454.83660888671875
v 79.590179443359375 5325.47802734375 454.83624267578125
v 106.12351989746094 5515.16357421875 529.3787841796875
v -106.10893249511719 5515.1650390625 529.3780517578125
v 106.12090301513672 5420.32080078125 529.3787841796875
v 35.379367828369141 5515.1640625 529.3785400390625
v -35.364784240722656 5515.16455078125 529.3782958984375
v -106.11155700683594 5420.322265625 529.3780517578125
v 106.12476348876953 5515.16357421875 431.90158081054688
v 106.1241455078125 5515.16357421875 480.64016723632813
v -106.10768890380859 5515.1650390625 431.9044189453125
v -106.10831451416016 5515.1650390625 480.6412353515625
v 79.595710754394531 5515.1640625 431.90191650390625
v 53.066650390625 5515.1640625 431.90228271484375
v 26.537595748901367 5515.1640625 431.90264892578125
v 0.0085377683863043785 5515.16455078125 431.90298461914063
v -26.520519256591797 5515.16455078125 431.90335083007813
v -53.049575805664063 5515.1650390625 431.90371704101563
v -79.578636169433594 5515.1650390625 431.904052734375
v 106.12338256835938 5467.7421875 437.63516235351563
v 106.12200164794922 5420.32080078125 443.36874389648438
v 106.12062072753906 5372.8994140625 449.10232543945313
v -106.10907745361328 5467.74365234375 437.63800048828125
v -106.11045837402344 5420.322265625 443.37158203125
v -106.11183929443359 5372.90087890625 449.10516357421875
v -64.999496459960938 4226.78466796875 282.85079956054688
v -65.003395080566406 4226.78466796875 212.21525573730469
v -65.003395080566406 4124.89599609375 212.21525573730469
v -65.001441955566406 4226.78466796875 247.53303527832031
v -65.003395080566406 4175.84033203125 212.21525573730469
v -64.999496459960938 4175.84033203125 282.85079956054688
v -64.999496459960938 4124.89599609375 282.85079956054688
v -65.001441955566406 4124.89599609375 247.53303527832031
v 64.97247314453125 4226.78466796875 212.21339416503906
v 64.97247314453125 4124.89599609375 212.21339416503906
v -0.015461362898349762 4226.78466796875 212.21432495117188
v 64.97247314453125 4175.84033203125 212.21339416503906
v -0.015461362898349762 4124.89599609375 212.21432495117188
v 64.976371765136719 4226.78466796875 282.84893798828125
v 64.974418640136719 4226.78466796875 247.53117370605469
v 64.976371765136719 4175.84033203125 282.84893798828125
v 64.976371765136719 4124.89599609375 282.84893798828125
v 64.974418640136719 4124.89599609375 247.53117370605469
v -0.011560278013348579 4124.89599609375 282.84988403320313
v -0.011560278013348579 4226.78466796875 282.84988403320313
v -65.003395080566406 5321.6640625 212.21525573730469
v -64.9981689453125 5248.2060546875 282.85079956054688
v -65.003395080566406 5248.2060546875 212.21525573730469
v -65.003395080566406 5284.93505859375 212.21525573730469
v -65.001441955566406 5321.6640625 247.53303527832031
v -64.999496459960938 5321.6640625 282.85079956054688
v -64.998832702636719 5284.93505859375 282.85079956054688
v -65.000778198242188 5248.2060546875 247.53303527832031
v 64.97247314453125 5248.2060546875 212.21339416503906
v 64.977699279785156 5248.2060546875 282.84893798828125
v -0.015461362898349762 5248.2060546875 212.21432495117188
v -0.010232232511043549 5248.2060546875 282.84988403320313
v 64.975090026855469 5248.2060546875 247.53117370605469
v 64.97247314453125 5321.6640625 212.21339416503906
v 64.97247314453125 5284.93505859375 212.21339416503906
v 64.974418640136719 5321.6640625 247.53117370605469
v 64.976371765136719 5321.6640625 282.84893798828125
v 64.977035522460938 5284.93505859375 282.84893798828125
v -0.015461362898349762 5321.6640625 212.21432495117188
v -0.011560278013348579 5321.6640625 282.84988403320313
v 230.94108581542969 2758.02294921875 592.97662353515625
v -230.92994689941406 2758.02294921875 592.98321533203125
v 230.94493103027344 2763.383056640625 662.6585693359375
v -230.92610168457031 2763.383056640625 662.6651611328125
v 76.987922668457031 2763.383056640625 662.6607666015625
v -76.969093322753906 2763.383056640625 662.6629638671875
v -76.972938537597656 2758.02294921875 592.98101806640625
v 76.984077453613281 2758.02294921875 592.97882080078125
v 230.93614196777344 5279.7197265625 503.46743774414063
v -230.93489074707031 5279.7197265625 503.47406005859375
v 0.00062425067881122231 5279.7197265625 503.47073364257813
v 0.0050201830454170704 4021.551513671875 583.0662841796875
v -115.46273803710938 4021.551513671875 583.0679931640625
v 0.0072181494906544685 3392.46728515625 622.86407470703125
v -115.46054077148438 3392.46728515625 622.86572265625
v 115.4727783203125 4021.551513671875 583.06463623046875
v 115.4749755859375 3392.46728515625 622.8624267578125
v 230.94367980957031 3122.85986328125 639.9169921875
v 230.94242858886719 3482.33642578125 617.1754150390625
v 230.94117736816406 3841.813232421875 594.433837890625
v 230.93991088867188 4201.2900390625 571.69219970703125
v 230.93865966796875 4560.7666015625 548.95062255859375
v 230.93740844726563 4920.2431640625 526.20904541015625
v 153.9576416015625 5279.7197265625 503.46853637695313
v 76.979133605957031 5279.7197265625 503.46963500976563
v -76.977882385253906 5279.7197265625 503.47183227539063
v -153.95639038085938 5279.7197265625 503.47296142578125
v 0.0028222168330103159 4650.6357421875 543.2685546875
v 115.4705810546875 4650.6357421875 543.26690673828125
v 115.469482421875 4965.177734375 523.36798095703125
v 173.2044677734375 4650.6357421875 543.26605224609375
v 173.203369140625 4965.177734375 523.3671875
v 0.0017232337268069386 4965.177734375 523.36962890625
v 57.736701965332031 4650.6357421875 543.2677001953125
v 57.735603332519531 4965.177734375 523.36883544921875
v -115.46493530273438 4650.6357421875 543.27020263671875
v -115.46604156494141 4965.177734375 523.37127685546875
v -57.731060028076172 4650.6357421875 543.26934814453125
v -57.732158660888672 4965.177734375 523.3704833984375
v -173.19882202148438 4650.6357421875 543.27099609375
v -173.19992065429688 4965.177734375 523.37213134765625
v -230.93363952636719 4920.2431640625 526.21563720703125
v -230.93238830566406 4560.7666015625 548.95721435546875
v -230.93113708496094 4201.2900390625 571.69879150390625
v -230.92987060546875 3841.813232421875 594.4404296875
v -230.92861938476563 3482.33642578125 617.1820068359375
v -230.9273681640625 3122.85986328125 639.923583984375
v 230.93368530273438 5291.56298828125 458.93463134765625
v -0.0018352235201746225 5291.56298828125 458.93792724609375
v -230.93736267089844 5291.56298828125 458.94122314453125
v 184.74658203125 5291.56298828125 458.935302734375
v 138.55947875976563 5291.56298828125 458.93594360351563
v 92.37237548828125 5291.56298828125 458.93661499023438
v 46.185268402099609 5291.56298828125 458.937255859375
v -46.188938140869141 5291.56298828125 458.9385986328125
v -92.376045227050781 5291.56298828125 458.93923950195313
v -138.56314086914063 5291.56298828125 458.93991088867188
v -184.75025939941406 5291.56298828125 458.94058227539063
v 115.46715545654297 5285.6416015625 481.20269775390625
v -115.46836853027344 5285.6416015625 481.20599365234375
v 164.9503173828125 5559.35107421875 426.55816650390625
v 98.968742370605469 5559.35107421875 426.55911254882813
v 32.987167358398438 5559.35107421875 426.56005859375
v -32.994411468505859 5559.35107421875 426.56100463867188
v -98.975990295410156 5559.35107421875 426.56195068359375
v -164.95756530761719 5559.35107421875 426.56289672851563
v 164.94996643066406 5612.90869140625 420.08270263671875
v 98.9683837890625 5612.90869140625 420.08364868164063
v 32.986808776855469 5612.90869140625 420.0845947265625
v -32.994770050048828 5612.90869140625 420.08554077148438
v -98.976348876953125 5612.90869140625 420.08648681640625
v -164.95793151855469 5612.90869140625 420.08740234375
v 230.93118286132813 5666.46630859375 413.60629272460938
v -230.93986511230469 5666.46630859375 413.61288452148438
v 230.93338012695313 5338.42578125 453.26858520507813
v 230.93305969238281 5385.2890625 447.6025390625
v 230.93275451660156 5432.15185546875 441.93649291992188
v 230.93243408203125 5479.0146484375 436.27044677734375
v 230.93212890625 5525.87744140625 430.60440063476563
v 230.93180847167969 5572.740234375 424.9383544921875
v 230.93150329589844 5619.603515625 419.27230834960938
v 184.74407958984375 5666.46630859375 413.60693359375
v 138.55697631835938 5666.46630859375 413.60760498046875
v 92.369873046875 5666.46630859375 413.60824584960938
v 46.182765960693359 5666.46630859375 413.60891723632813
v -0.0043386342003941536 5666.46630859375 413.60958862304688
v -46.191444396972656 5666.46630859375 413.6102294921875
v -92.378547668457031 5666.46630859375 413.61090087890625
v -138.56565856933594 5666.46630859375 413.611572265625
v -184.75276184082031 5666.46630859375 413.61221313476563
v -230.93954467773438 5619.603515625 419.2789306640625
v -230.93923950195313 5572.740234375 424.94497680664063
v -230.93891906738281 5525.87744140625 430.61102294921875
v -230.93861389160156 5479.0146484375 436.27706909179688
v -230.93829345703125 5432.15185546875 441.943115234375
v -230.93798828125 5385.2890625 447.609130859375
v -230.93766784667969 5338.42578125 453.27517700195313
v 164.95175170898438 5345.12060546875 452.4600830078125
v 164.95103454589844 5452.23583984375 439.50912475585938
v 164.95068359375 5505.79345703125 433.03366088867188
v -164.95613098144531 5345.12060546875 452.46481323242188
v -164.95684814453125 5452.23583984375 439.51385498046875
v -164.95721435546875 5505.79345703125 433.03836059570313
v -0.0079494556412100792 5666.46630859375 348.229736328125
v 230.92396545410156 5666.46630859375 282.84658813476563
v -230.94708251953125 5666.46630859375 282.85317993164063
v -115.4757080078125 5666.46630859375 348.23138427734375
v -0.0061440449208021164 5666.46630859375 380.91964721679688
v -115.47390747070313 5666.46630859375 380.92129516601563
v 115.45980834960938 5666.46630859375 348.22808837890625
v 115.46161651611328 5666.46630859375 380.91799926757813
v 76.966949462890625 5666.46630859375 282.84878540039063
v -76.990066528320313 5666.46630859375 282.85098266601563
v 173.19007873535156 5339.1298828125 282.847412109375
v 115.45619964599609 5339.1298828125 282.84823608398438
v -115.47932434082031 5339.1298828125 282.85153198242188
v -173.21319580078125 5339.1298828125 282.85235595703125
v 173.19007873535156 5011.7939453125 282.847412109375
v 115.45619964599609 5011.7939453125 282.84823608398438
v 57.722320556640625 5011.7939453125 282.84906005859375
v -0.011560278013348579 5011.7939453125 282.84988403320313
v -57.745441436767578 5011.7939453125 282.8507080078125
v -115.47932434082031 5011.7939453125 282.85153198242188
v -173.21319580078125 5011.7939453125 282.85235595703125
v 173.19007873535156 4684.45751953125 282.847412109375
v 115.45619964599609 4684.45751953125 282.84823608398438
v 57.722320556640625 4684.45751953125 282.84906005859375
v -0.011560278013348579 4684.45751953125 282.84988403320313
v -57.745441436767578 4684.45751953125 282.8507080078125
v -115.47932434082031 4684.45751953125 282.85153198242188
v -173.21319580078125 4684.45751953125 282.85235595703125
v 173.19007873535156 4357.12158203125 282.847412109375
v 115.45619964599609 4357.12158203125 282.84823608398438
v 57.722320556640625 4357.12158203125 282.84906005859375
v -0.011560278013348579 4357.12158203125 282.84988403320313
v -57.745441436767578 4357.12158203125 282.8507080078125
v -115.47932434082031 4357.12158203125 282.85153198242188
v -173.21319580078125 4357.12158203125 282.85235595703125
v 173.19007873535156 4029.785400390625 282.847412109375
v 115.45619964599609 4029.785400390625 282.84823608398438
v 57.722320556640625 4029.785400390625 282.84906005859375
v -0.011560278013348579 4029.785400390625 282.84988403320313
v -57.745441436767578 4029.785400390625 282.8507080078125
v -115.47932434082031 4029.785400390625 282.85153198242188
v -173.21319580078125 4029.785400390625 282.85235595703125
v 173.19007873535156 3702.448974609375 282.847412109375
v 115.45619964599609 3702.448974609375 282.84823608398438
v 57.722320556640625 3702.448974609375 282.84906005859375
v -0.011560278013348579 3702.448974609375 282.84988403320313
v -57.745441436767578 3702.448974609375 282.8507080078125
v -115.47932434082031 3702.448974609375 282.85153198242188
v -173.21319580078125 3702.448974609375 282.85235595703125
v 173.19007873535156 3375.11279296875 282.847412109375
v 115.45619964599609 3375.11279296875 282.84823608398438
v 57.722320556640625 3375.11279296875 282.84906005859375
v -0.011560278013348579 3375.11279296875 282.84988403320313
v -57.745441436767578 3375.11279296875 282.8507080078125
v -115.47932434082031 3375.11279296875 282.85153198242188
v -173.21319580078125 3375.11279296875 282.85235595703125
v 173.19007873535156 3047.776611328125 282.847412109375
v 115.45619964599609 3047.776611328125 282.84823608398438
v 57.722320556640625 3047.776611328125 282.84906005859375
v -0.011560278013348579 3047.776611328125 282.84988403320313
v -57.745441436767578 3047.776611328125 282.8507080078125
v -115.47932434082031 3047.776611328125 282.85153198242188
v -173.21319580078125 3047.776611328125 282.85235595703125
v 173.19007873535156 2720.4404296875 282.847412109375
v 115.45619964599609 2720.4404296875 282.84823608398438
v 57.722320556640625 2720.4404296875 282.84906005859375
v -0.011560278013348579 2720.4404296875 282.84988403320313
v -57.745441436767578 2720.4404296875 282.8507080078125
v -115.47932434082031 2720.4404296875 282.85153198242188
v -173.21319580078125 2720.4404296875 282.85235595703125
v 173.19007873535156 2393.104248046875 282.847412109375
v 115.45619964599609 2393.104248046875 282.84823608398438
v 57.722320556640625 2393.104248046875 282.84906005859375
v -0.011560278013348579 2393.104248046875 282.84988403320313
v -57.745441436767578 2393.104248046875 282.8507080078125
v -115.47932434082031 2393.104248046875 282.85153198242188
v -173.21319580078125 2393.104248046875 282.85235595703125
v 173.19007873535156 2065.76806640625 282.847412109375
v 115.45619964599609 2065.76806640625 282.84823608398438
v 57.722320556640625 2065.76806640625 282.84906005859375
v -0.011560278013348579 2065.76806640625 282.84988403320313
v -57.745441436767578 2065.76806640625 282.8507080078125
v -115.47932434082031 2065.76806640625 282.85153198242188
v -173.21319580078125 2065.76806640625 282.85235595703125
v 173.19007873535156 1738.431884765625 282.847412109375
v 115.45619964599609 1738.431884765625 282.84823608398438
v 57.722320556640625 1738.431884765625 282.84906005859375
v -0.011560278013348579 1738.431884765625 282.84988403320313
v -57.745441436767578 1738.431884765625 282.8507080078125
v -115.47932434082031 1738.431884765625 282.85153198242188
v -173.21319580078125 1738.431884765625 282.85235595703125
v 230.92396545410156 1411.095703125 282.84658813476563
v -0.011560278013348579 1411.095703125 282.84988403320313
v -230.94708251953125 1411.095703125 282.85317993164063
v 230.92396545410156 5430.056640625 282.84658813476563
v 230.92396545410156 5193.6474609375 282.84658813476563
v 230.92396545410156 4957.23779296875 282.84658813476563
v 230.92396545410156 4720.828125 282.84658813476563
v 230.92396545410156 4484.4189453125 282.84658813476563
v 230.92396545410156 4248.00927734375 282.84658813476563
v 230.92396545410156 4011.599853515625 282.84658813476563
v 230.92396545410156 3775.1904296875 282.84658813476563
v 230.92396545410156 3538.781005859375 282.84658813476563
v 230.92396545410156 3302.37158203125 282.84658813476563
v 230.92396545410156 3065.9619140625 282.84658813476563
v 230.92396545410156 2829.552490234375 282.84658813476563
v 230.92396545410156 2593.14306640625 282.84658813476563
v 230.92396545410156 2356.733642578125 282.84658813476563
v 230.92396545410156 2120.32421875 282.84658813476563
v 230.92396545410156 1883.9146728515625 282.84658813476563
v 230.92396545410156 1647.505126953125 282.84658813476563
v -230.94708251953125 1647.505126953125 282.85317993164063
v -230.94708251953125 1883.9146728515625 282.85317993164063
v -230.94708251953125 2120.32421875 282.85317993164063
v -230.94708251953125 2356.733642578125 282.85317993164063
v -230.94708251953125 2593.14306640625 282.85317993164063
v -230.94708251953125 2829.552490234375 282.85317993164063
v -230.94708251953125 3065.9619140625 282.85317993164063
v -230.94708251953125 3302.37158203125 282.85317993164063
v -230.94708251953125 3538.781005859375 282.85317993164063
v -230.94708251953125 3775.1904296875 282.85317993164063
v -230.94708251953125 4011.599853515625 282.85317993164063
v -230.94708251953125 4248.00927734375 282.85317993164063
v -230.94708251953125 4484.4189453125 282.85317993164063
v -230.94708251953125 4720.828125 282.85317993164063
v -230.94708251953125 4957.23779296875 282.85317993164063
v -230.94708251953125 5193.6474609375 282.85317993164063
v -230.94708251953125 5430.056640625 282.85317993164063
v -86.612380981445313 5011.7939453125 282.85110473632813
v -115.47932434082031 5175.4619140625 282.85153198242188
v -86.612380981445313 5339.1298828125 282.85110473632813
v -57.745441436767578 5175.4619140625 282.8507080078125
v -86.612380981445313 5175.4619140625 282.85110473632813
v -72.178909301757813 5175.4619140625 282.85092163085938
v -86.612380981445313 5257.2958984375 282.85110473632813
v -72.178909301757813 5339.1298828125 282.85092163085938
v -72.178909301757813 5257.2958984375 282.85092163085938
v -115.47932434082031 5502.79833984375 282.85153198242188
v -86.612380981445313 5502.79833984375 282.85110473632813
v -28.878499984741211 5011.7939453125 282.85028076171875
v -0.011560278013348579 5175.4619140625 282.84988403320313
v -28.878499984741211 5175.4619140625 282.85028076171875
v 28.855379104614258 5011.7939453125 282.84945678710938
v 57.722320556640625 5175.4619140625 282.84906005859375
v 28.855379104614258 5175.4619140625 282.84945678710938
v 86.589263916015625 5011.7939453125 282.8486328125
v 86.589263916015625 5339.1298828125 282.8486328125
v 115.45619964599609 5175.4619140625 282.84823608398438
v 86.589263916015625 5175.4619140625 282.8486328125
v 72.155792236328125 5175.4619140625 282.84884643554688
v 72.155792236328125 5339.1298828125 282.84884643554688
v 86.589263916015625 5257.2958984375 282.8486328125
v 72.155792236328125 5257.2958984375 282.84884643554688
v 115.45619964599609 5502.79833984375 282.84823608398438
v 86.589263916015625 5502.79833984375 282.8486328125
v -86.612380981445313 4029.785400390625 282.85110473632813
v -115.47932434082031 4193.45361328125 282.85153198242188
v -86.612380981445313 4357.12158203125 282.85110473632813
v -86.612380981445313 4193.45361328125 282.85110473632813
v 86.589263916015625 4029.785400390625 282.8486328125
v 86.589263916015625 4357.12158203125 282.8486328125
v 115.45619964599609 4193.45361328125 282.84823608398438
v 86.589263916015625 4193.45361328125 282.8486328125
v -28.878499984741211 4029.785400390625 282.85028076171875
v -28.878499984741211 4357.12158203125 282.85028076171875
v -0.011560278013348579 5339.1298828125 282.84988403320313
v -57.745441436767578 5339.1298828125 282.8507080078125
v 230.92597961425781 1070.4765625 319.44805908203125
v -230.945068359375 1070.4765625 319.45465087890625
v 230.92800903320313 729.85748291015625 356.04953002929688
v -230.94303894042969 729.85748291015625 356.05612182617188
v -0.0075173983350396156 729.85748291015625 356.05282592773438
v 230.94265747070313 303.7449951171875 621.44635009765625
v -230.92837524414063 303.7449951171875 621.4530029296875
v 230.94923400878906 1091.6884765625 740.48822021484375
v -230.92181396484375 1091.6884765625 740.49481201171875
v 0.0071400334127247334 303.7449951171875 621.44970703125
v 230.94595336914063 697.71673583984375 680.96728515625
v -230.92509460449219 697.71673583984375 680.973876953125
v 230.94760131835938 1424.955322265625 710.98590087890625
v 230.94598388671875 1758.2222900390625 681.48358154296875
v 230.94435119628906 2091.4892578125 651.98126220703125
v 230.94271850585938 2424.756103515625 622.47894287109375
v -230.92832946777344 2424.756103515625 622.48553466796875
v -230.92669677734375 2091.4892578125 651.98785400390625
v -230.92506408691406 1758.2222900390625 681.49017333984375
v -230.92343139648438 1424.955322265625 710.99249267578125
v 230.92901611328125 5130.1943359375 374.37490844726563
v 230.93406677246094 5130.1943359375 465.90322875976563
v 230.92901611328125 4593.921875 374.37490844726563
v 230.93406677246094 4593.921875 465.90322875976563
v 230.92901611328125 4057.64990234375 374.37490844726563
v 230.93406677246094 4057.64990234375 465.90322875976563
v 230.93913269042969 4057.64990234375 557.43157958984375
v 230.92901611328125 3521.377685546875 374.37490844726563
v 230.93406677246094 3521.377685546875 465.90322875976563
v 230.93913269042969 3521.377685546875 557.43157958984375
v 230.92901611328125 2985.105712890625 374.37490844726563
v 230.93406677246094 2985.105712890625 465.90322875976563
v 230.93913269042969 2985.105712890625 557.43157958984375
v 230.92901611328125 2448.83349609375 374.37490844726563
v 230.93406677246094 2448.83349609375 465.90322875976563
v 230.93913269042969 2448.83349609375 557.43157958984375
v 230.92901611328125 1912.5614013671875 374.37490844726563
v 230.93406677246094 1912.5614013671875 465.90322875976563
v 230.93913269042969 1912.5614013671875 557.43157958984375
v 230.94418334960938 1912.5614013671875 648.95989990234375
v 230.92901611328125 1376.289306640625 374.37490844726563
v 230.93406677246094 1376.289306640625 465.90322875976563
v 230.93913269042969 1376.289306640625 557.43157958984375
v 230.94418334960938 1376.289306640625 648.95989990234375
v 230.93913269042969 840.01715087890625 557.43157958984375
v 230.94418334960938 840.01715087890625 648.95989990234375
v 230.93913269042969 2716.969482421875 557.43157958984375
v 230.93533325195313 5130.1943359375 488.78530883789063
v 230.93406677246094 5264.26220703125 465.90322875976563
v 230.93533325195313 5264.26220703125 488.78530883789063
v 230.93154907226563 5130.1943359375 420.13906860351563
v 230.92901611328125 5398.330078125 374.37490844726563
v 230.93154907226563 5398.330078125 420.13906860351563
v 230.93659973144531 4593.921875 511.66738891601563
v 230.93406677246094 4862.05810546875 465.90322875976563
v 230.93659973144531 4862.05810546875 511.66738891601563
v 230.93281555175781 5130.1943359375 443.02114868164063
v 230.93154907226563 5264.26220703125 420.13906860351563
v 230.93281555175781 5264.26220703125 443.02114868164063
v 230.93154907226563 4593.921875 420.13906860351563
v 230.92901611328125 4862.05810546875 374.37490844726563
v 230.93154907226563 4862.05810546875 420.13906860351563
v 230.93154907226563 5532.3984375 420.13906860351563
v 230.93028259277344 5398.330078125 397.25698852539063
v 230.92901611328125 5532.3984375 374.37490844726563
v 230.93028259277344 5532.3984375 397.25698852539063
v 230.92648315429688 5130.1943359375 328.61074829101563
v 230.92648315429688 5398.330078125 328.61074829101563
v 230.94779968261719 1232.286376953125 714.51690673828125
v 230.93669128417969 1232.2972412109375 513.3197021484375
v 230.92558288574219 1232.30810546875 312.12249755859375
v 230.9476318359375 1305.377197265625 711.53900146484375
v 230.94776916503906 1278.2685546875 713.93878173828125
v 230.94790649414063 1251.1600341796875 716.33856201171875
v 230.94671630859375 840.01715087890625 694.72406005859375
v 230.94418334960938 1108.1531982421875 648.95989990234375
v 230.94671630859375 1108.1531982421875 694.72406005859375
v 230.94796752929688 1108.1531982421875 717.60614013671875
v 230.94418334960938 1644.42529296875 648.95989990234375
v 230.94544982910156 1108.1531982421875 671.84197998046875
v 230.941650390625 840.01715087890625 603.19573974609375
v 230.941650390625 1376.289306640625 603.19573974609375
v 230.93913269042969 1108.1531982421875 557.43157958984375
v 230.941650390625 1108.1531982421875 603.19573974609375
v 230.94734191894531 1108.1531982421875 706.16510009765625
v 230.94796752929688 1175.187255859375 717.60614013671875
v 230.94671630859375 1175.187255859375 694.72406005859375
v 230.94734191894531 1175.187255859375 706.16510009765625
v 230.94671630859375 974.08514404296875 694.72406005859375
v 230.94796752929688 974.08514404296875 717.60614013671875
v 230.94418334960938 571.88104248046875 648.95989990234375
v 230.92514038085938 1305.399169921875 304.2684326171875
v 230.93638610839844 1305.38818359375 507.90371704101563
v 230.94148254394531 636.14581298828125 600.144775390625
v 230.94148254394531 345.90032958984375 600.144775390625
v 230.941650390625 437.81304931640625 603.19573974609375
v 230.94291687011719 571.88104248046875 626.07781982421875
v 230.94291687011719 437.81304931640625 626.07781982421875
v 230.93406677246094 840.01715087890625 465.90322875976563
v 112.14994812011719 303.7449951171875 356.05307006835938
v -112.14994812011719 303.7449951171875 356.05389404296875
v 0.0034756753593683243 303.7449951171875 555.1004638671875
v -115.46428680419922 303.7449951171875 555.10211181640625
v 0.0053078541532158852 303.7449951171875 588.27508544921875
v -115.46245574951172 303.7449951171875 588.2767333984375
v 115.47123718261719 303.7449951171875 555.09881591796875
v 115.47306823730469 303.7449951171875 588.2734375
v -230.94203186035156 5130.1943359375 374.38150024414063
v -230.93696594238281 5130.1943359375 465.90982055664063
v -230.94203186035156 4593.921875 374.38150024414063
v -230.93696594238281 4593.921875 465.90982055664063
v -230.94203186035156 4057.64990234375 374.38150024414063
v -230.93696594238281 4057.64990234375 465.90982055664063
v -230.93191528320313 4057.64990234375 557.43817138671875
v -230.94203186035156 3521.377685546875 374.38150024414063
v -230.93696594238281 3521.377685546875 465.90982055664063
v -230.93191528320313 3521.377685546875 557.43817138671875
v -230.94203186035156 2985.105712890625 374.38150024414063
v -230.93696594238281 2985.105712890625 465.90982055664063
v -230.93191528320313 2985.105712890625 557.43817138671875
v -230.94203186035156 2448.83349609375 374.38150024414063
v -230.93696594238281 2448.83349609375 465.90982055664063
v -230.93191528320313 2448.83349609375 557.43817138671875
v -230.94203186035156 1912.5614013671875 374.38150024414063
v -230.93696594238281 1912.5614013671875 465.90982055664063
v -230.93191528320313 1912.5614013671875 557.43817138671875
v -230.92686462402344 1912.5614013671875 648.96649169921875
v -230.94203186035156 1376.289306640625 374.38150024414063
v -230.93696594238281 1376.289306640625 465.90982055664063
v -230.93191528320313 1376.289306640625 557.43817138671875
v -230.92686462402344 1376.289306640625 648.96649169921875
v -230.93191528320313 840.01715087890625 557.43817138671875
v -230.92686462402344 840.01715087890625 648.96649169921875
v -230.93191528320313 2716.969482421875 557.43817138671875
v -230.93571472167969 5130.1943359375 488.79190063476563
v -230.93696594238281 5264.26220703125 465.90982055664063
v -230.93571472167969 5264.26220703125 488.79190063476563
v -230.93949890136719 5130.1943359375 420.14566040039063
v -230.94203186035156 5398.330078125 374.38150024414063
v -230.93949890136719 5398.330078125 420.14566040039063
v -230.9344482421875 4593.921875 511.67398071289063
v -230.93696594238281 4862.05810546875 465.90982055664063
v -230.9344482421875 4862.05810546875 511.67398071289063
v -230.938232421875 5130.1943359375 443.02774047851563
v -230.93949890136719 5264.26220703125 420.14566040039063
v -230.938232421875 5264.26220703125 443.02774047851563
v -230.93949890136719 4593.921875 420.14566040039063
v -230.94203186035156 4862.05810546875 374.38150024414063
v -230.93949890136719 4862.05810546875 420.14566040039063
v -230.93949890136719 5532.3984375 420.14566040039063
v -230.94076538085938 5398.330078125 397.26358032226563
v -230.94203186035156 5532.3984375 374.38150024414063
v -230.94076538085938 5532.3984375 397.26358032226563
v -230.94454956054688 5130.1943359375 328.61734008789063
v -230.94454956054688 5398.330078125 328.61734008789063
v -230.92433166503906 840.01715087890625 694.73065185546875
v -230.92686462402344 1108.1531982421875 648.96649169921875
v -230.92433166503906 1108.1531982421875 694.73065185546875
v -230.92306518554688 1108.1531982421875 717.61273193359375
v -230.92686462402344 1644.42529296875 648.96649169921875
v -230.92559814453125 1108.1531982421875 671.84857177734375
v -230.92939758300781 840.01715087890625 603.20233154296875
v -230.92939758300781 1376.289306640625 603.20233154296875
v -230.93191528320313 1108.1531982421875 557.43817138671875
v -230.92939758300781 1108.1531982421875 603.20233154296875
v -230.9237060546875 1108.1531982421875 706.17169189453125
v -230.92306518554688 1175.187255859375 717.61273193359375
v -230.92433166503906 1175.187255859375 694.73065185546875
v -230.9237060546875 1175.187255859375 706.17169189453125
v -230.92433166503906 974.08514404296875 694.73065185546875
v -230.92306518554688 974.08514404296875 717.61273193359375
v -230.92686462402344 571.88104248046875 648.96649169921875
v -230.92939758300781 437.81304931640625 603.20233154296875
v -230.92813110351563 571.88104248046875 626.08441162109375
v -230.92813110351563 437.81304931640625 626.08441162109375
v -230.93696594238281 840.01715087890625 465.90982055664063
v 842.0343017578125 636.14581298828125 600.16046142578125
v 842.0343017578125 636.14581298828125 376.19229125976563
v 554.01361083984375 917.1220703125 513.3197021484375
v 554.01361083984375 917.1220703125 613.91827392578125
v 715.55767822265625 759.529052734375 513.3197021484375
v 715.55767822265625 759.529052734375 613.91827392578125
v 715.55767822265625 759.529052734375 563.6190185546875
v 796.32965087890625 680.7325439453125 513.3197021484375
v 796.32965087890625 680.7325439453125 563.6190185546875
v 554.01361083984375 917.1220703125 412.72109985351563
v 715.55767822265625 759.529052734375 412.72109985351563
v 796.32965087890625 680.7325439453125 588.76861572265625
v 836.7156982421875 641.3343505859375 563.6190185546875
v 836.7156982421875 641.3343505859375 588.76861572265625
v 536.47991943359375 934.2269287109375 344.15740966796875
v 392.48626708984375 1074.6988525390625 685.92803955078125
v 554.02471923828125 917.1112060546875 657.339111328125
v 715.563232421875 759.523681640625 628.750244140625
v 249.99559020996094 1259.6866455078125 715.583984375
v 269.04327392578125 1268.21337890625 714.8294677734375
v 249.99545288085938 1286.7952880859375 713.1842041015625
v 349.99331665039063 1152.69775390625 696.9757080078125
v 295.2894287109375 1206.063720703125 706.6571044921875
v 359.95870971679688 1161.248779296875 696.9757080078125
v 305.25479125976563 1214.61474609375 706.6571044921875
v 340.0279541015625 1144.146728515625 696.9757080078125
v 285.32403564453125 1197.5126953125 706.6571044921875
v 754.9788818359375 794.1627197265625 628.82916259765625
v 593.0003662109375 952.1795654296875 657.49591064453125
v 431.02182006835938 1110.1964111328125 686.16265869140625
v 573.9412841796875 970.7724609375 509.5489501953125
v 573.9412841796875 970.7724609375 612.189208984375
v 402.4332275390625 1138.0858154296875 509.5489501953125
v 402.4332275390625 1138.0858154296875 612.189208984375
v 316.67916870117188 1221.7425537109375 612.189208984375
v 316.67916870117188 1221.7425537109375 663.50933837890625
v 316.67916870117188 1221.7425537109375 689.16937255859375
v 273.80215454101563 1263.57080078125 663.50933837890625
v 273.80215454101563 1263.57080078125 689.16937255859375
v 745.4493408203125 803.45916748046875 509.5489501953125
v 573.9412841796875 970.7724609375 406.90869140625
v 745.4493408203125 803.45916748046875 406.90869140625
v 573.9412841796875 970.7724609375 340.23089599609375
v 544.8580322265625 636.14581298828125 478.1085205078125
v 544.85992431640625 636.14581298828125 417.08636474609375
v 701.82684326171875 636.14581298828125 417.09039306640625
v 544.86083984375 636.14581298828125 386.57528686523438
v 701.8277587890625 636.14581298828125 386.57931518554688
v 780.31121826171875 636.14581298828125 386.58132934570313
v 701.8282470703125 636.14581298828125 371.32379150390625
v 780.3116455078125 636.14581298828125 371.3258056640625
v 819.55291748046875 636.14581298828125 386.58233642578125
v 780.31146240234375 636.14581298828125 378.95358276367188
v 819.55340576171875 636.14581298828125 371.32681274414063
v 819.55316162109375 636.14581298828125 378.95458984375
v 780.31024169921875 636.14581298828125 417.0924072265625
v 701.8272705078125 636.14581298828125 401.83486938476563
v 780.31072998046875 636.14581298828125 401.83688354492188
v 701.824951171875 636.14581298828125 478.112548828125
v 544.8590087890625 636.14581298828125 447.59744262695313
v 701.82586669921875 636.14581298828125 447.60147094726563
v 536.48785400390625 636.14581298828125 600.15264892578125
v 387.90313720703125 345.90032958984375 600.1488037109375
v 544.86480712890625 345.90032958984375 600.15283203125
v 701.826416015625 345.90032958984375 600.1568603515625
v 544.86480712890625 491.0230712890625 600.15283203125
v 701.826416015625 491.0230712890625 600.1568603515625
v 544.86480712890625 563.58441162109375 600.15283203125
v 701.826416015625 563.58441162109375 600.1568603515625
v 780.3072509765625 563.58441162109375 600.15887451171875
v 701.826416015625 599.8651123046875 600.1568603515625
v 780.3072509765625 599.8651123046875 600.15887451171875
vt 0.43392482399940491 0.34718224406242371
vt 0.43392482399940491 0.37738823890686035
vt 0.44781702756881714 0.34718224406242371
vt 0.44781702756881714 0.37738823890686035
vt 0.44781702756881714 0.36228522658348083
vt 0.43392482399940491 0.36228522658348083
vt 0.29091408848762512 0
vt 0.26070806384086609 0
vt 0.26070806384086609 0.038933634757995605
vt 0.27581107616424561 0
vt 0.29091408848762512 0.019466351717710495
vt 0.29091408848762512 0.03893270343542099
vt 0.26070806384086609 0.019466817378997803
vt 0.28084540367126465 0.038933016359806061
vt 0.27077674865722656 0.038933325558900833
vt 0.075216107070446014 0.18617956340312958
vt 0.075216107070446014 0.21638557314872742
vt 0.12960599362850189 0.18617956340312958
vt 0.12960599362850189 0.21638557314872742
vt 0.12960599362850189 0.2012825608253479
vt 0.075216107070446014 0.20631690323352814
vt 0.075216107070446014 0.19624823331832886
vt 0.10241105407476425 0.21638557314872742
vt 0.10241105407476425 0.18617956340312958
vt 0.2467445582151413 0.3351190984249115
vt 0.28567725419998169 0.3869917094707489
vt 0.28567725419998169 0.37309950590133667
vt 0.26621091365814209 0.3869917094707489
vt 0.26621091365814209 0.35410931706428528
vt 0.2467445582151413 0.3869917094707489
vt 0.2467445582151413 0.3766171932220459
vt 0.2467445582151413 0.36624264717102051
vt 0.2467445582151413 0.3558681309223175
vt 0.2467445582151413 0.3454936146736145
vt 0.31258070468902588 0.10227612406015396
vt 0.26070806384086609 0.14120975136756897
vt 0.27460026741027832 0.14120975136756897
vt 0.26070806384086609 0.12174293398857117
vt 0.293590247631073 0.12174317240715027
vt 0.26070806384086609 0.10227612406015396
vt 0.27108260989189148 0.10227612406015396
vt 0.28145712614059448 0.10227612406015396
vt 0.29183164238929749 0.10227612406015396
vt 0.30220615863800049 0.10227612406015396
vt 0.34993830323219299 0.28562042117118835
vt 0.34993830323219299 0.32340675592422485
vt 0.2467445582151413 0.32340675592422485
vt 0.34993830323219299 0.29821586608886719
vt 0.34993830323219299 0.31081131100654602
vt 0.29834142327308655 0.30451357364654541
vt 0.32413986325263977 0.30451357364654541
vt 0.29834142327308655 0.29506698250770569
vt 0.32413986325263977 0.29506698250770569
vt 0.29834142327308655 0.31396016478538513
vt 0.32413986325263977 0.31396016478538513
vt 0.29834142327308655 0.32340675592422485
vt 0.24674780666828156 0.28562042117118835
vt 0.27254542708396912 0.28562042117118835
vt 0.29834306240081787 0.28562042117118835
vt 0.32414066791534424 0.28562042117118835
vt 0.54995548725128174 0.84806758165359497
vt 0.54995548725128174 0.95126134157180786
vt 0.60458755493164063 0.84806758165359497
vt 0.54995548725128174 0.89966446161270142
vt 0.56088191270828247 0.84806758165359497
vt 0.5718083381652832 0.84806758165359497
vt 0.58273470401763916 0.84806758165359497
vt 0.59366112947463989 0.84806758165359497
vt 0.57727152109146118 0.89966446161270142
vt 0.57727152109146118 0.87386602163314819
vt 0.56361353397369385 0.89966446161270142
vt 0.56361353397369385 0.87386602163314819
vt 0.59092950820922852 0.89966446161270142
vt 0.59092950820922852 0.87386602163314819
vt 0.60458755493164063 0.89966446161270142
vt 0.60458755493164063 0.95126134157180786
vt 0.43392482399940491 0.30257278680801392
vt 0.43392482399940491 0.3089141845703125
vt 0.43561214208602905 0.30257278680801392
vt 0.43561214208602905 0.3089141845703125
vt 0.43723580241203308 0.30257278680801392
vt 0.43723580241203308 0.3089141845703125
vt 0.43885019421577454 0.30257278680801392
vt 0.43885019421577454 0.3089141845703125
vt 0.4404645562171936 0.30257278680801392
vt 0.4404645562171936 0.3089141845703125
vt 0.44215187430381775 0.30257278680801392
vt 0.44215187430381775 0.3089141845703125
vt 0.44377553462982178 0.30257278680801392
vt 0.44377553462982178 0.3089141845703125
vt 0.44538992643356323 0.30257278680801392
vt 0.44538992643356323 0.3089141845703125
vt 0.44700431823730469 0.30257278680801392
vt 0.44700431823730469 0.3089141845703125
vt 0.44869160652160645 0.30257278680801392
vt 0.44869160652160645 0.3089141845703125
vt 0.45031529664993286 0.30257278680801392
vt 0.45031529664993286 0.3089141845703125
vt 0.45192965865135193 0.30257278680801392
vt 0.45192965865135193 0.3089141845703125
vt 0.45354405045509338 0.30257278680801392
vt 0.45354405045509338 0.3089141845703125
vt 0.45523136854171753 0.30257278680801392
vt 0.45523136854171753 0.3089141845703125
vt 0.45685502886772156 0.30257278680801392
vt 0.45685502886772156 0.3089141845703125
vt 0.45846942067146301 0.30257278680801392
vt 0.45846942067146301 0.3089141845703125
vt 0.46008378267288208 0.30257278680801392
vt 0.46008378267288208 0.3089141845703125
vt 0.10227630287408829 0.022870106622576714
vt 0.10196415334939957 0.024451760575175285
vt 0.10102609544992447 0.025844456627964973
vt 0.099626198410987854 0.026748629286885262
vt 0.098113074898719788 0.027033336460590363
vt 0.096531420946121216 0.02672119066119194
vt 0.095138721168041229 0.025783132761716843
vt 0.094234548509120941 0.02438323013484478
vt 0.093949839472770691 0.022870106622576714
vt 0.094261988997459412 0.021288452669978142
vt 0.095200046896934509 0.019895756617188454
vt 0.096599951386451721 0.018991583958268166
vt 0.098113074898719788 0.018706876784563065
vt 0.099694728851318359 0.019019022583961487
vt 0.10108742117881775 0.019957080483436584
vt 0.10199159383773804 0.021356983110308647
vt 0.087603949010372162 0.1265474408864975
vt 0.075216107070446014 0.1265474408864975
vt 0.087603949010372162 0.14304706454277039
vt 0.075216107070446014 0.14304706454277039
vt 0.087603949010372162 0.15954670310020447
vt 0.075216107070446014 0.15954670310020447
vt 0.081410028040409088 0.15954670310020447
vt 0.081410028040409088 0.1265474408864975
vt 0.49374479055404663 0.29031994938850403
vt 0.48135694861412048 0.29031994938850403
vt 0.49374479055404663 0.3074619472026825
vt 0.48135694861412048 0.3074619472026825
vt 0.49374479055404663 0.32460397481918335
vt 0.48135694861412048 0.32460397481918335
vt 0.48755085468292236 0.29031994938850403
vt 0.26070806384086609 0.16986510157585144
vt 0.26070806384086609 0.18225294351577759
vt 0.28872442245483398 0.16986510157585144
vt 0.28872442245483398 0.18225294351577759
vt 0.31674078106880188 0.16986510157585144
vt 0.31674078106880188 0.18225294351577759
vt 0.30943068861961365 0.16986510157585144
vt 0.098916254937648773 0.51392155885696411
vt 0.087798602879047394 0.51392155885696411
vt 0.087798602879047394 0.56162512302398682
vt 0.098916254937648773 0.55893886089324951
vt 0.096214935183525085 0.55600249767303467
vt 0.093357428908348083 0.53777331113815308
vt 0.093357428908348083 0.54969918727874756
vt 0.096136845648288727 0.53777331113815308
vt 0.096136845648288727 0.54969918727874756
vt 0.090336069464683533 0.56162512302398682
vt 0.090578019618988037 0.53777331113815308
vt 0.090578019618988037 0.54969918727874756
vt 0.089188314974308014 0.54969918727874756
vt 0.090578019618988037 0.55566215515136719
vt 0.089188314974308014 0.55566215515136719
vt 0.42382693290710449 0
vt 0.41143909096717834 0
vt 0.42382693290710449 0.054909560829401016
vt 0.41143909096717834 0.054909560829401016
vt 0.42382693290710449 0.10981912165880203
vt 0.41143909096717834 0.10981912165880203
vt 0.41763302683830261 0.10981912165880203
vt 0.41763302683830261 0.082364343106746674
vt 0.41763302683830261 0.096091732382774353
vt 0.42072996497154236 0.082364343106746674
vt 0.42072996497154236 0.096091732382774353
vt 0.41453605890274048 0.082364343106746674
vt 0.41453605890274048 0.096091732382774353
vt 0.12291820347309113 0.10385382175445557
vt 0.12291820347309113 0.11624166369438171
vt 0.12798738479614258 0.10385382175445557
vt 0.12798738479614258 0.11624166369438171
vt 0.13312232494354248 0.10385382175445557
vt 0.13312232494354248 0.11624166369438171
vt 0.13827887177467346 0.10385382175445557
vt 0.13827887177467346 0.11624166369438171
vt 0.14337949454784393 0.10385382175445557
vt 0.14337949454784393 0.11624166369438171
vt 0.14883241057395935 0.10385382175445557
vt 0.14883241057395935 0.11624166369438171
vt 0.15396589040756226 0.10385382175445557
vt 0.15396589040756226 0.11624166369438171
vt 0.15908975899219513 0.10385382175445557
vt 0.15908975899219513 0.11624166369438171
vt 0.1642136424779892 0.10385382175445557
vt 0.1642136424779892 0.11624166369438171
vt 0.16957554221153259 0.10385382175445557
vt 0.16957554221153259 0.11624166369438171
vt 0.17469392716884613 0.10385382175445557
vt 0.17469392716884613 0.11624166369438171
vt 0.17971521615982056 0.10385382175445557
vt 0.17971521615982056 0.11624166369438171
vt 0.18473650515079498 0.10385382175445557
vt 0.18473650515079498 0.11624166369438171
vt 0.18473650515079498 0.11004774272441864
vt 0.12291820347309113 0.11004774272441864
vt 0.71813160181045532 0.078225389122962952
vt 0.73516398668289185 0.01564507931470871
vt 0.73516398668289185 0.031290158629417419
vt 0.73516398668289185 0.046935234218835831
vt 0.73516398668289185 0.062580317258834839
vt 0.73516398668289185 0.078225389122962952
vt 0.73516398668289185 0.093870468437671661
vt 0.75219637155532837 0.01564507931470871
vt 0.75219637155532837 0.031290158629417419
vt 0.75219637155532837 0.046935234218835831
vt 0.75219637155532837 0.062580317258834839
vt 0.75219637155532837 0.078225389122962952
vt 0.76922875642776489 0.046935234218835831
vt 0.76922875642776489 0.062580317258834839
vt 0.76569384336471558 0
vt 0.76569384336471558 0.012429115362465382
vt 0.76569384336471558 0.024858230724930763
vt 0.76569384336471558 0.037287343293428421
vt 0.77662026882171631 0.037287663668394089
vt 0.78754669427871704 0.037287984043359756
vt 0.798473060131073 0.037288304418325424
vt 0.80939948558807373 0.03728862851858139
vt 0.82032591104507446 0.03728894516825676
vt 0.71160835027694702 0.09503694623708725
vt 0.71192049980163574 0.096597716212272644
vt 0.71285855770111084 0.097972020506858826
vt 0.71425843238830566 0.098864249885082245
vt 0.71577155590057373 0.099145203828811646
vt 0.7173532247543335 0.098837174475193024
vt 0.7187458872795105 0.09791150689125061
vt 0.71965008974075317 0.096530087292194366
vt 0.71993482112884521 0.09503694623708725
vt 0.71962267160415649 0.093476183712482452
vt 0.7186846137046814 0.092101879417896271
vt 0.7172846794128418 0.091209642589092255
vt 0.71577155590057373 0.090928696095943451
vt 0.71418988704681396 0.091236717998981476
vt 0.71279722452163696 0.092162385582923889
vt 0.71189302206039429 0.093543805181980133
vt 0.71813160181045532 0.086047932505607605
vt 0.70961540937423706 0.086047932505607605
vt 0.72664779424667358 0.093870468437671661
vt 0.72664779424667358 0.097781740128993988
vt 0.72238969802856445 0.10169301182031631
vt 0.72238969802856445 0.093870468437671661
vt 0.72238969802856445 0.097781740128993988
vt 0.73516398668289185 0.086047932505607605
vt 0.72664779424667358 0.078225389122962952
vt 0.72664779424667358 0.086047932505607605
vt 0.72664779424667358 0.089959196746349335
vt 0.71813160181045532 0.089959196746349335
vt 0.72238969802856445 0.086047932505607605
vt 0.72238969802856445 0.089959196746349335
vt 0.70961540937423706 0.089959196746349335
vt 0.71387350559234619 0.086047932505607605
vt 0.71387350559234619 0.089959196746349335
vt 0.71236735582351685 0.080953434109687805
vt 0.71594113111495972 0.065058201551437378
vt 0.71951484680175781 0.049162957817316055
vt 0.71951484680175781 0.03224731981754303
vt 0.71951484680175781 0.015331681817770004
vt 0.74606859683990479 0.0065156938508152962
vt 0.77512872219085693 0.068060122430324554
vt 0.7299315333366394 0.098829701542854309
vt 0.72775417566299438 0.10339242964982986
vt 0.72393715381622314 0.10706616938114166
vt 0.71919989585876465 0.10911476612091064
vt 0.71450668573379517 0.10946164280176163
vt 0.70940601825714111 0.10808198899030685
vt 0.70512539148330688 0.10500000417232513
vt 0.70224678516387939 0.10065031051635742
vt 0.70112645626068115 0.095919348299503326
vt 0.70167100429534912 0.091034457087516785
vt 0.7039560079574585 0.086452946066856384
vt 0.70774495601654053 0.082916967570781708
vt 0.78626114130020142 0.046935234218835831
vt 0.10753639042377472 0.86507272720336914
vt 0.091348938643932343 0.86507272720336914
vt 0.17228621244430542 0.88210511207580566
vt 0.15609876811504364 0.88210511207580566
vt 0.13991130888462067 0.88210511207580566
vt 0.12372385710477829 0.88210511207580566
vt 0.10753639042377472 0.88210511207580566
vt 0.17228621244430542 0.89913749694824219
vt 0.15609876811504364 0.89913749694824219
vt 0.13991130888462067 0.89913749694824219
vt 0.12372385710477829 0.89913749694824219
vt 0.10753639042377472 0.89913749694824219
vt 0.13991130888462067 0.91616982221603394
vt 0.12372385710477829 0.91616982221603394
vt 0.15113575756549835 0.96289020776748657
vt 0.16120442748069763 0.96289020776748657
vt 0.17127309739589691 0.96289020776748657
vt 0.18134176731109619 0.96289020776748657
vt 0.10410582274198532 0.85930848121643066
vt 0.12021376937627792 0.86288219690322876
vt 0.13632172346115112 0.86645597219467163
vt 0.15346373617649078 0.86645597219467163
vt 0.17060574889183044 0.86645597219467163
vt 0.17953971028327942 0.8930097222328186
vt 0.18847367167472839 0.9195634126663208
vt 0.18847367167472839 0.96726697683334351
vt 0.16841334104537964 0.96726697683334351
vt 0.14835302531719208 0.96726697683334351
vt 0.11717167496681213 0.92206984758377075
vt 0.085990332067012787 0.87687265872955322
vt 0.081366539001464844 0.8746953010559082
vt 0.077643640339374542 0.87087827920913696
vt 0.075567632913589478 0.86614096164703369
vt 0.075216107070446014 0.86144775152206421
vt 0.076614230871200562 0.85634714365005493
vt 0.079737454652786255 0.8520665168762207
vt 0.084145359694957733 0.84918791055679321
vt 0.08893962949514389 0.84806758165359497
vt 0.093889892101287842 0.84861207008361816
vt 0.098532713949680328 0.85089707374572754
vt 0.10211601853370667 0.85468608140945435
vt 0.083255216479301453 0.86507272720336914
vt 0.091348938643932343 0.8735889196395874
vt 0.091348938643932343 0.85655653476715088
vt 0.083255216479301453 0.85655653476715088
vt 0.099442668259143829 0.86507272720336914
vt 0.099442668259143829 0.85655653476715088
vt 0.18134176731109619 0.91101759672164917
vt 0.17127309739589691 0.91101759672164917
vt 0.16120442748069763 0.91101759672164917
vt 0.15113575756549835 0.91101759672164917
vt 0.15113575756549835 0.92139214277267456
vt 0.15113575756549835 0.93176668882369995
vt 0.15113575756549835 0.94214117527008057
vt 0.15113575756549835 0.95251572132110596
vt 0.18134176731109619 0.95251572132110596
vt 0.18134176731109619 0.94214117527008057
vt 0.18134176731109619 0.93176668882369995
vt 0.18134176731109619 0.92139214277267456
vt 0.13991130888462067 0.93320220708847046
vt 0.23283661901950836 0
vt 0.23283661901950836 0.020060326904058456
vt 0.24522446095943451 0.040120653808116913
vt 0.23283661901950836 0.040120653808116913
vt 0.23566398024559021 0
vt 0.23566435277462006 0.012270212173461914
vt 0.2356647402048111 0.024540424346923828
vt 0.23566511273384094 0.036810636520385742
vt 0.24522446095943451 0.036810524761676788
vt 0.39459472894668579 0.54365295171737671
vt 0.25427782535552979 0.52527338266372681
vt 0.25427782535552979 0.4892781674861908
vt 0.32041037082672119 0.51131719350814819
vt 0.25043100118637085 0.52527344226837158
vt 0.32041037082672119 0.52748507261276245
vt 0.28331819176673889 0.51131719350814819
vt 0.28331819176673889 0.52748507261276245
vt 0.28331819176673889 0.51940113306045532
vt 0.26477211713790894 0.51131719350814819
vt 0.26477211713790894 0.51940113306045532
vt 0.32041037082672119 0.49514934420585632
vt 0.28331819176673889 0.49514934420585632
vt 0.26477211713790894 0.52344310283660889
vt 0.25549906492233276 0.51940113306045532
vt 0.25549906492233276 0.52344310283660889
vt 0.24622601270675659 0.52527350187301636
vt 0.32443374395370483 0.48412984609603882
vt 0.3945896327495575 0.47898149490356445
vt 0.39459219574928284 0.51131719350814819
vt 0.35750254988670349 0.53905808925628662
vt 0.32041037082672119 0.53446322679519653
vt 0.28331819176673889 0.52986836433410645
vt 0.093943841755390167 0
vt 0.097076475620269775 0.0014078051317483187
vt 0.10020910203456879 0.0028156102634966373
vt 0.097076490521430969 0.0058835558593273163
vt 0.093943871557712555 0.0089515019208192825
vt 0.093943856656551361 0.0044757509604096413
vt 0.78758823871612549 0.99853515625
vt 0.77895545959472656 0.85002338886260986
vt 0.78215932846069336 0.84904545545578003
vt 0.78536325693130493 0.84806758165359497
vt 0.78327184915542603 0.87314552068710327
vt 0.78327184915542603 0.86060655117034912
vt 0.78111368417739868 0.87314552068710327
vt 0.78111368417739868 0.86060655117034912
vt 0.78543007373809814 0.87314552068710327
vt 0.78543007373809814 0.86060655117034912
vt 0.77895545959472656 0.99853384494781494
vt 0.77895545959472656 0.96140623092651367
vt 0.77895545959472656 0.9242786169052124
vt 0.77895545959472656 0.88715100288391113
vt 0.78758823871612549 0.85042256116867065
vt 0.78758823871612549 0.8874506950378418
vt 0.78758823871612549 0.92447882890701294
vt 0.78758823871612549 0.96150702238082886
vt 0.17768794298171997 0.52267420291900635
vt 0.17795690894126892 0.51829785108566284
vt 0.17822585999965668 0.51392155885696411
vt 0.21122455596923828 0.59268152713775635
vt 0.19445624947547913 0.59268152713775635
vt 0.21122455596923828 0.55330151319503784
vt 0.19445624947547913 0.55330151319503784
vt 0.19445624947547913 0.53361153602600098
vt 0.18607209622859955 0.53361153602600098
vt 0.18188002705574036 0.53361153602600098
vt 0.18607209622859955 0.52376651763916016
vt 0.18188002705574036 0.52376651763916016
vt 0.23301111161708832 0.67144149541854858
vt 0.22081446647644043 0.67144149541854858
vt 0.20861782133579254 0.67144149541854858
vt 0.19642116129398346 0.67144149541854858
vt 0.21122455596923828 0.63206148147583008
vt 0.22799286246299744 0.59268152713775635
vt 0.22799286246299744 0.63206148147583008
vt 0.19173786044120789 0.63424968719482422
vt 0.18705455958843231 0.59705787897109985
vt 0.18237125873565674 0.55986601114273071
vt 0.21149350702762604 0.51392412185668945
vt 0.24476116895675659 0.51392668485641479
vt 0.23888613283634186 0.59268409013748169
vt 0.58884215354919434 0.392170250415802
vt 0.58884215354919434 0.40160542726516724
vt 0.58884215354919434 0.38945132493972778
vt 0.63811397552490234 0.3398856520652771
vt 0.68738579750061035 0.29031994938850403
vt 0.69946777820587158 0.2903200089931488
vt 0.64415496587753296 0.34596270322799683
vt 0.09770183265209198 0.1265474408864975
vt 0.09770183265209198 0.15675345063209534
vt 0.11159404367208481 0.1265474408864975
vt 0.11159404367208481 0.15675345063209534
vt 0.11159404367208481 0.14165043830871582
vt 0.09770183265209198 0.14165043830871582
vt 0.35503673553466797 0
vt 0.32483071088790894 0
vt 0.32483071088790894 0.038933634757995605
vt 0.33993372321128845 0
vt 0.35503673553466797 0.019466351717710495
vt 0.35503673553466797 0.03893270343542099
vt 0.32483071088790894 0.019466817378997803
vt 0.3449680507183075 0.038933016359806061
vt 0.33489939570426941 0.038933325558900833
vt 0.075216107070446014 0.23890084028244019
vt 0.075216107070446014 0.26910686492919922
vt 0.12960599362850189 0.23890084028244019
vt 0.12960599362850189 0.26910686492919922
vt 0.12960599362850189 0.2540038526058197
vt 0.075216107070446014 0.25903818011283875
vt 0.075216107070446014 0.24896951019763947
vt 0.093346074223518372 0.23890084028244019
vt 0.11147604137659073 0.23890084028244019
vt 0.11147604137659073 0.26910686492919922
vt 0.093346074223518372 0.26910686492919922
vt 0.3403346836566925 0.3351190984249115
vt 0.37926739454269409 0.3869917094707489
vt 0.37926739454269409 0.37309950590133667
vt 0.35980105400085449 0.3869917094707489
vt 0.35331228375434875 0.34777924418449402
vt 0.36628982424736023 0.36043936014175415
vt 0.3403346836566925 0.3869917094707489
vt 0.3403346836566925 0.3766171932220459
vt 0.3403346836566925 0.36624264717102051
vt 0.3403346836566925 0.3558681309223175
vt 0.3403346836566925 0.3454936146736145
vt 0.31258070468902588 0.051001589745283127
vt 0.26070806384086609 0.089935220777988434
vt 0.27460026741027832 0.089935220777988434
vt 0.26070806384086609 0.070468403398990631
vt 0.29992026090621948 0.063979782164096832
vt 0.2872602641582489 0.076957501471042633
vt 0.26070806384086609 0.051001589745283127
vt 0.27108260989189148 0.051001589745283127
vt 0.28145712614059448 0.051001589745283127
vt 0.29183164238929749 0.051001589745283127
vt 0.30220615863800049 0.051001589745283127
vt 0.52603375911712646 0.29031994938850403
vt 0.52603375911712646 0.39351215958595276
vt 0.56382006406784058 0.29031994938850403
vt 0.53862917423248291 0.29031994938850403
vt 0.55122464895248413 0.29031994938850403
vt 0.54492694139480591 0.34191605448722839
vt 0.54492694139480591 0.31611800193786621
vt 0.5354803204536438 0.34191605448722839
vt 0.5354803204536438 0.31611800193786621
vt 0.55437350273132324 0.34191605448722839
vt 0.55437350273132324 0.31611800193786621
vt 0.56382006406784058 0.34191557765007019
vt 0.56382006406784058 0.39351123571395874
vt 0.52603375911712646 0.36771410703659058
vt 0.52603375911712646 0.34191605448722839
vt 0.52603375911712646 0.31611800193786621
vt 0.58403158187866211 0
vt 0.58403158187866211 0.10319127887487411
vt 0.63866358995437622 0
vt 0.58403158187866211 0.051595639437437057
vt 0.59495794773101807 0
vt 0.6058843731880188 0
vt 0.61681079864501953 0
vt 0.62773722410202026 0
vt 0.61134761571884155 0.051595639437437057
vt 0.61134761571884155 0.025797819718718529
vt 0.59768956899642944 0.051595639437437057
vt 0.59768956899642944 0.025797819718718529
vt 0.62500560283660889 0.051595639437437057
vt 0.62500560283660889 0.025797819718718529
vt 0.63866358995437622 0.051595639437437057
vt 0.63866358995437622 0.10319127887487411
vt 0.17840836942195892 0.29162213206291199
vt 0.075216107070446014 0.33173954486846924
vt 0.075217090547084808 0.29162213206291199
vt 0.12681272625923157 0.29162213206291199
vt 0.17565365135669708 0.29492902755737305
vt 0.17565478384494781 0.33173954486846924
vt 0.17840836942195892 0.29492899775505066
vt 0.12681223452091217 0.31168082356452942
vt 0.12681223452091217 0.3016514778137207
vt 0.15261030197143555 0.3016514778137207
vt 0.12681223452091217 0.29663679003715515
vt 0.15261030197143555 0.29663679003715515
vt 0.16550934314727783 0.29663679003715515
vt 0.15261030197143555 0.29412946105003357
vt 0.16550934314727783 0.29412946105003357
vt 0.17195884883403778 0.29663679003715515
vt 0.16550934314727783 0.29538312554359436
vt 0.17195884883403778 0.29412946105003357
vt 0.17195884883403778 0.29538312554359436
vt 0.16550934314727783 0.3016514778137207
vt 0.15261030197143555 0.29914414882659912
vt 0.16550934314727783 0.29914414882659912
vt 0.15261030197143555 0.31168082356452942
vt 0.12681223452091217 0.30666616559028625
vt 0.15261030197143555 0.30666616559028625
vt 0.12543544173240662 0.33173954486846924
vt 0.3756844699382782 0.051001589745283127
vt 0.3756844699382782 0.15419384837150574
vt 0.38299456238746643 0.051001589745283127
vt 0.38299456238746643 0.076799638569355011
vt 0.38299456238746643 0.10259769111871719
vt 0.38299456238746643 0.12839575111865997
vt 0.38299456238746643 0.15419380366802216
vt 0.3756844699382782 0.12839578092098236
vt 0.3756844699382782 0.10259772092103958
vt 0.3756844699382782 0.076799653470516205
vt 0.43392482399940491 0.29031994938850403
vt 0.43392482399940491 0.29666134715080261
vt 0.43561214208602905 0.29031994938850403
vt 0.43561214208602905 0.29666134715080261
vt 0.43723580241203308 0.29031994938850403
vt 0.43723580241203308 0.29666134715080261
vt 0.43885019421577454 0.29031994938850403
vt 0.43885019421577454 0.29666134715080261
vt 0.4404645562171936 0.29031994938850403
vt 0.4404645562171936 0.29666134715080261
vt 0.44215187430381775 0.29031994938850403
vt 0.44215187430381775 0.29666134715080261
vt 0.44377553462982178 0.29031994938850403
vt 0.44377553462982178 0.29666134715080261
vt 0.44538992643356323 0.29031994938850403
vt 0.44538992643356323 0.29666134715080261
vt 0.44700431823730469 0.29031994938850403
vt 0.44700431823730469 0.29666134715080261
vt 0.44869160652160645 0.29031994938850403
vt 0.44869160652160645 0.29666134715080261
vt 0.45031529664993286 0.29031994938850403
vt 0.45031529664993286 0.29666134715080261
vt 0.45192965865135193 0.29031994938850403
vt 0.45192965865135193 0.29666134715080261
vt 0.45354405045509338 0.29031994938850403
vt 0.45354405045509338 0.29666134715080261
vt 0.45523136854171753 0.29031994938850403
vt 0.45523136854171753 0.29666134715080261
vt 0.45685502886772156 0.29031994938850403
vt 0.45685502886772156 0.29666134715080261
vt 0.45846942067146301 0.29031994938850403
vt 0.45846942067146301 0.29666134715080261
vt 0.46008378267288208 0.29031994938850403
vt 0.46008378267288208 0.29666134715080261
vt 0.083542570471763611 0.022870106622576714
vt 0.08323042094707489 0.024451760575175285
vt 0.082292363047599792 0.025844456627964973
vt 0.080892458558082581 0.026748629286885262
vt 0.079379335045814514 0.027033336460590363
vt 0.077797681093215942 0.02672119066119194
vt 0.076404988765716553 0.025783132761716843
vt 0.075500816106796265 0.02438323013484478
vt 0.075216107070446014 0.022870106622576714
vt 0.075528256595134735 0.021288452669978142
vt 0.076466314494609833 0.019895756617188454
vt 0.077866211533546448 0.018991583958268166
vt 0.079379335045814514 0.018706876784563065
vt 0.080960996448993683 0.019019022583961487
vt 0.082353688776493073 0.019957080483436584
vt 0.083257861435413361 0.021356983110308647
vt 0.51783055067062378 0.34718224406242371
vt 0.50544267892837524 0.34718224406242371
vt 0.51783055067062378 0.3636818528175354
vt 0.50544267892837524 0.3636818528175354
vt 0.51783055067062378 0.38018149137496948
vt 0.50544267892837524 0.38018149137496948
vt 0.51163661479949951 0.38018149137496948
vt 0.51163661479949951 0.34718224406242371
vt 0.46940428018569946 0.34718224406242371
vt 0.45701643824577332 0.34718224406242371
vt 0.46940428018569946 0.36432424187660217
vt 0.45701643824577332 0.36432424187660217
vt 0.46940428018569946 0.38146623969078064
vt 0.45701643824577332 0.38146623969078064
vt 0.4632103443145752 0.34718224406242371
vt 0.26070806384086609 0.1535506546497345
vt 0.26070806384086609 0.16593849658966064
vt 0.28872442245483398 0.1535506546497345
vt 0.28872442245483398 0.16593849658966064
vt 0.31674078106880188 0.1535506546497345
vt 0.31674078106880188 0.16593849658966064
vt 0.30943068861961365 0.1535506546497345
vt 0.086333759129047394 0.51392155885696411
vt 0.075216107070446014 0.51392155885696411
vt 0.075216107070446014 0.56162512302398682
vt 0.086333759129047394 0.55893886089324951
vt 0.083632439374923706 0.55600249767303467
vt 0.080774933099746704 0.53777331113815308
vt 0.080774933099746704 0.54969918727874756
vt 0.083554349839687347 0.53777331113815308
vt 0.083554349839687347 0.54969918727874756
vt 0.077753573656082153 0.56162512302398682
vt 0.077995523810386658 0.53777331113815308
vt 0.077995523810386658 0.54969918727874756
vt 0.076605811715126038 0.54969918727874756
vt 0.077995523810386658 0.55566215515136719
vt 0.076605811715126038 0.55566215515136719
vt 0.40134119987487793 0
vt 0.38895335793495178 0
vt 0.40134119987487793 0.054909560829401016
vt 0.38895335793495178 0.054909560829401016
vt 0.40134119987487793 0.10981912165880203
vt 0.38895335793495178 0.10981912165880203
vt 0.39514729380607605 0.10981912165880203
vt 0.39514729380607605 0.082364343106746674
vt 0.39514729380607605 0.096091732382774353
vt 0.39824426174163818 0.082364343106746674
vt 0.39824426174163818 0.096091732382774353
vt 0.39205032587051392 0.082364343106746674
vt 0.39205032587051392 0.096091732382774353
vt 0.12291820347309113 0.084589451551437378
vt 0.12291820347309113 0.096977293491363525
vt 0.12798738479614258 0.084589451551437378
vt 0.12798738479614258 0.096977293491363525
vt 0.13312232494354248 0.084589451551437378
vt 0.13312232494354248 0.096977293491363525
vt 0.13827887177467346 0.084589451551437378
vt 0.13827887177467346 0.096977293491363525
vt 0.14337949454784393 0.084589451551437378
vt 0.14337949454784393 0.096977293491363525
vt 0.14883241057395935 0.084589451551437378
vt 0.14883241057395935 0.096977293491363525
vt 0.15396589040756226 0.084589451551437378
vt 0.15396589040756226 0.096977293491363525
vt 0.15908975899219513 0.084589451551437378
vt 0.15908975899219513 0.096977293491363525
vt 0.1642136424779892 0.084589451551437378
vt 0.1642136424779892 0.096977293491363525
vt 0.16957554221153259 0.084589451551437378
vt 0.16957554221153259 0.096977293491363525
vt 0.17469392716884613 0.084589451551437378
vt 0.17469392716884613 0.096977293491363525
vt 0.17971521615982056 0.084589451551437378
vt 0.17971521615982056 0.096977293491363525
vt 0.18473650515079498 0.084589451551437378
vt 0.18473650515079498 0.096977293491363525
vt 0.18473650515079498 0.090783372521400452
vt 0.12291820347309113 0.090783372521400452
vt 0.45092993974685669 0.18731482326984406
vt 0.46796232461929321 0.12389703840017319
vt 0.46796232461929321 0.13975147902965546
vt 0.46796232461929321 0.15560592710971832
vt 0.46796232461929321 0.17146037518978119
vt 0.46796232461929321 0.18731482326984406
vt 0.46796232461929321 0.20316925644874573
vt 0.48499470949172974 0.12389703840017319
vt 0.48499470949172974 0.13975147902965546
vt 0.48499470949172974 0.15560592710971832
vt 0.48499470949172974 0.17146037518978119
vt 0.48499470949172974 0.18731482326984406
vt 0.50202709436416626 0.15560592710971832
vt 0.50202709436416626 0.17146037518978119
vt 0.49849218130111694 0.10804259777069092
vt 0.49849218130111694 0.12063804268836975
vt 0.49849218130111694 0.13323348760604858
vt 0.49849218130111694 0.14582893252372742
vt 0.50941860675811768 0.14582926034927368
vt 0.52034503221511841 0.14582957327365875
vt 0.53127139806747437 0.14582990109920502
vt 0.5421978235244751 0.14583022892475128
vt 0.55312424898147583 0.14583055675029755
vt 0.444406658411026 0.20435135066509247
vt 0.44471880793571472 0.20593300461769104
vt 0.44565686583518982 0.20732569694519043
vt 0.44705677032470703 0.20822986960411072
vt 0.4485698938369751 0.20851458609104156
vt 0.45015156269073486 0.20820243656635284
vt 0.45154425501823425 0.20726437866687775
vt 0.45244842767715454 0.20586447417736053
vt 0.45273312926292419 0.20435135066509247
vt 0.45242097973823547 0.2027696967124939
vt 0.45148292183876038 0.20137700438499451
vt 0.45008301734924316 0.20047283172607422
vt 0.4485698938369751 0.20018813014030457
vt 0.44698825478553772 0.20050026476383209
vt 0.44559556245803833 0.20143832266330719
vt 0.44469138979911804 0.2028382271528244
vt 0.45092993974685669 0.19524204730987549
vt 0.44241374731063843 0.19524204730987549
vt 0.45944613218307495 0.20316925644874573
vt 0.45944613218307495 0.20713287591934204
vt 0.45518803596496582 0.21109648048877716
vt 0.45518803596496582 0.20316925644874573
vt 0.45518803596496582 0.20713287591934204
vt 0.46796232461929321 0.19524204730987549
vt 0.45944613218307495 0.18731482326984406
vt 0.45944613218307495 0.19524204730987549
vt 0.45944613218307495 0.19920565187931061
vt 0.45092993974685669 0.19920565187931061
vt 0.45518803596496582 0.19524204730987549
vt 0.45518803596496582 0.19920565187931061
vt 0.44241374731063843 0.19920565187931061
vt 0.44667184352874756 0.19524204730987549
vt 0.44667184352874756 0.19920565187931061
vt 0.44516569375991821 0.19007937610149384
vt 0.4487394392490387 0.17397141456604004
vt 0.45231321454048157 0.15786346793174744
vt 0.45231321454048157 0.14072145521640778
vt 0.45231321454048157 0.12357944995164871
vt 0.47886693477630615 0.11464548110961914
vt 0.5079270601272583 0.17701351642608643
vt 0.46272990107536316 0.20819486677646637
vt 0.46055251359939575 0.21281865239143372
vt 0.4567355215549469 0.21654155850410461
vt 0.45199820399284363 0.21861755847930908
vt 0.44730499386787415 0.21896907687187195
vt 0.44220438599586487 0.217570960521698
vt 0.43792372941970825 0.2144477367401123
vt 0.43504515290260315 0.21003983914852142
vt 0.43392482399940491 0.20524556934833527
vt 0.4344693124294281 0.20029529929161072
vt 0.43675434589385986 0.19565248489379883
vt 0.44054332375526428 0.19206917285919189
vt 0.51905947923660278 0.15560592710971832
vt 0.71813160181045532 0.19081695377826691
vt 0.71813160181045532 0.20679503679275513
vt 0.73516398668289185 0.12690457701683044
vt 0.73516398668289185 0.14288267493247986
vt 0.73516398668289185 0.15886075794696808
vt 0.73516398668289185 0.17483885586261749
vt 0.73516398668289185 0.19081695377826691
vt 0.75219637155532837 0.12690457701683044
vt 0.75219637155532837 0.14288267493247986
vt 0.75219637155532837 0.15886075794696808
vt 0.75219637155532837 0.17483885586261749
vt 0.75219637155532837 0.19081695377826691
vt 0.76922875642776489 0.15886075794696808
vt 0.76922875642776489 0.17483885586261749
vt 0.81594914197921753 0.14778149127960205
vt 0.81594914197921753 0.13784304261207581
vt 0.81594914197921753 0.12790459394454956
vt 0.81594914197921753 0.11796615272760391
vt 0.71236735582351685 0.19420315325260162
vt 0.71594113111495972 0.17830353975296021
vt 0.71951484680175781 0.16240391135215759
vt 0.71951484680175781 0.14548361301422119
vt 0.71951484680175781 0.12856331467628479
vt 0.74606859683990479 0.11974490433931351
vt 0.77262234687805176 0.11092648655176163
vt 0.82032591104507446 0.11092648655176163
vt 0.82032591104507446 0.1307273656129837
vt 0.82032591104507446 0.15052823722362518
vt 0.77512872219085693 0.18130628764629364
vt 0.7299315333366394 0.2120843380689621
vt 0.72775417566299438 0.21664832532405853
vt 0.72393715381622314 0.22032307088375092
vt 0.71919989585876465 0.22237223386764526
vt 0.71450668573379517 0.22271920740604401
vt 0.70940601825714111 0.22133916616439819
vt 0.70512539148330688 0.21825633943080902
vt 0.70224678516387939 0.2139054536819458
vt 0.70112645626068115 0.20917318761348724
vt 0.70167100429534912 0.20428694784641266
vt 0.7039560079574585 0.19970418512821198
vt 0.70774495601654053 0.19616721570491791
vt 0.71813160181045532 0.21478408575057983
vt 0.72664779424667358 0.20679503679275513
vt 0.70961540937423706 0.20679503679275513
vt 0.70961540937423706 0.21478408575057983
vt 0.71813160181045532 0.19880598783493042
vt 0.70961540937423706 0.19880598783493042
vt 0.76407653093338013 0.11796615272760391
vt 0.76407653093338013 0.12790459394454956
vt 0.76407653093338013 0.13784304261207581
vt 0.76407653093338013 0.14778149127960205
vt 0.77445101737976074 0.14778149127960205
vt 0.78482556343078613 0.14778149127960205
vt 0.79520010948181152 0.14778149127960205
vt 0.80557459592819214 0.14778149127960205
vt 0.80557459592819214 0.11796615272760391
vt 0.79520010948181152 0.11796615272760391
vt 0.78482556343078613 0.11796615272760391
vt 0.77445101737976074 0.11796615272760391
vt 0.78626114130020142 0.15886075794696808
vt 0.24263471364974976 0.50619947910308838
vt 0.13944244384765625 0.50619947910308838
vt 0.24263471364974976 0.46118214726448059
vt 0.21683664619922638 0.50619947910308838
vt 0.191038578748703 0.50619947910308838
vt 0.16524051129817963 0.50619947910308838
vt 0.191038578748703 0.48234766721725464
vt 0.23988112807273865 0.45849588513374329
vt 0.21683664619922638 0.48234766721725464
vt 0.191038578748703 0.47042179107666016
vt 0.21683664619922638 0.47042179107666016
vt 0.22973568737506866 0.47042179107666016
vt 0.21683664619922638 0.46445885300636292
vt 0.22973568737506866 0.46445885300636292
vt 0.13944244384765625 0.45849588513374329
vt 0.18966178596019745 0.45849588513374329
vt 0.90468519926071167 0.84806758165359497
vt 0.90468519926071167 0.86812794208526611
vt 0.91707307100296021 0.88818824291229248
vt 0.90468519926071167 0.88818824291229248
vt 0.9075126051902771 0.84806758165359497
vt 0.90751296281814575 0.86033779382705688
vt 0.9075133204460144 0.8726080060005188
vt 0.90751373767852783 0.88487821817398071
vt 0.91707307100296021 0.88487809896469116
vt 0.50381892919540405 0.29031994938850403
vt 0.51607048511505127 0.29031994938850403
vt 0.51607048511505127 0.3252016007900238
vt 0.51607048511505127 0.30194717645645142
vt 0.51607048511505127 0.3135744035243988
vt 0.50381946563720703 0.3252016007900238
vt 0.50381940603256226 0.32084140181541443
vt 0.50381934642791748 0.31648120284080505
vt 0.50381928682327271 0.31212100386619568
vt 0.50381916761398315 0.30776077508926392
vt 0.50381910800933838 0.30340057611465454
vt 0.5038190484046936 0.29904037714004517
vt 0.50381898880004883 0.2946801483631134
vt 0.11009776592254639 0.036107536405324936
vt 0.075216107070446014 0.036107536405324936
vt 0.11009776592254639 0.067283548414707184
vt 0.075216107070446014 0.067283548414707184
vt 0.086843326687812805 0.036107536405324936
vt 0.098470546305179596 0.036107536405324936
vt 0.11009776592254639 0.051695544272661209
vt 0.098470546305179596 0.067283548414707184
vt 0.086843326687812805 0.067283548414707184
vt 0.075216107070446014 0.051695544272661209
vt 0.19679100811481476 0.026623459532856941
vt 0.19679100811481476 0.061505120247602463
vt 0.21281196177005768 0.026623459532856941
vt 0.19679100811481476 0.049877900630235672
vt 0.19679100811481476 0.038250681012868881
vt 0.20480148494243622 0.026623459532856941
vt 0.21281138062477112 0.061505120247602463
vt 0.20480118691921234 0.061505120247602463
vt 0.21281188726425171 0.030983667820692062
vt 0.21281181275844574 0.035343874245882034
vt 0.21281173825263977 0.039704080671072006
vt 0.2128116637468338 0.044064290821552277
vt 0.21281158924102783 0.048424497246742249
vt 0.21281151473522186 0.05278470367193222
vt 0.21281144022941589 0.057144913822412491
vt 0.16074670851230621 0.01602095365524292
vt 0.19192272424697876 0.01602095365524292
vt 0.17633470892906189 0.01602095365524292
vt 0.16074670851230621 0.00801047682762146
vt 0.16074670851230621 0
vt 0.16854071617126465 0.00094234797870740294
vt 0.17633470892906189 0.0018846959574148059
vt 0.18412871658802032 0.0028270441107451916
vt 0.19192272424697876 0.0037693919148296118
vt 0.16074670851230621 0.026623459532856941
vt 0.16074670851230621 0.057799473404884338
vt 0.16074670851230621 0.042211465537548065
vt 0.1687568873167038 0.026623459532856941
vt 0.17676708102226257 0.026623459532856941
vt 0.17582473158836365 0.034417461603879929
vt 0.17488238215446472 0.042211465537548065
vt 0.1739400327205658 0.050005469471216202
vt 0.17299768328666687 0.057799473404884338
vt 0.47760745882987976 0.34718224406242371
vt 0.47760745882987976 0.35879158973693848
vt 0.49435350298881531 0.35879158973693848
vt 0.47760745882987976 0.3529869019985199
vt 0.48598048090934753 0.35879158973693848
vt 0.48598048090934753 0.34718224406242371
vt 0.49435350298881531 0.34718224406242371
vt 0.49435350298881531 0.3529869019985199
vt 0.45528712868690491 0.31482559442520142
vt 0.43392482399940491 0.31482559442520142
vt 0.45528712868690491 0.33157163858413696
vt 0.43392482399940491 0.33157163858413696
vt 0.44460597634315491 0.31482559442520142
vt 0.45528712868690491 0.32319861650466919
vt 0.43392482399940491 0.32319861650466919
vt 0.44460597634315491 0.33157163858413696
vt 0.47760745882987976 0.37512624263763428
vt 0.47760745882987976 0.38673561811447144
vt 0.49435350298881531 0.38673561811447144
vt 0.47760745882987976 0.38093093037605286
vt 0.48598048090934753 0.38673561811447144
vt 0.48598048090934753 0.37512624263763428
vt 0.49435350298881531 0.37512624263763428
vt 0.49435350298881531 0.38093093037605286
vt 0.13404588401317596 0.018053768202662468
vt 0.11268357932567596 0.018053768202662468
vt 0.13404588401317596 0.029663139954209328
vt 0.11268357932567596 0.029663139954209328
vt 0.12336473166942596 0.018053768202662468
vt 0.12336473166942596 0.029663139954209328
vt 0.13404588401317596 0.023858454078435898
vt 0.11268357932567596 0.023858454078435898
vt 0.13404588401317596 0
vt 0.13404588401317596 0.011609370820224285
vt 0.11268357932567596 0.011609370820224285
vt 0.13404588401317596 0.0058046854101121426
vt 0.12336473166942596 0.011609370820224285
vt 0.11268357932567596 0.0058046854101121426
vt 0.11268357932567596 0
vt 0.12336473166942596 0
vt 0.099067158997058868 0.096198819577693939
vt 0.11114038527011871 0.084589451551437378
vt 0.11114038527011871 0.096198819577693939
vt 0.10510376840829849 0.096198819577693939
vt 0.099067158997058868 0.09039413183927536
vt 0.099067158997058868 0.084589451551437378
vt 0.10510376840829849 0.084589451551437378
vt 0.11114038527011871 0.09039413183927536
vt 0.83650356531143188 0.92403382062911987
vt 0.81514126062393188 0.92403382062911987
vt 0.83650356531143188 0.93564319610595703
vt 0.81514126062393188 0.93564319610595703
vt 0.82582241296768188 0.92403382062911987
vt 0.82582241296768188 0.93564319610595703
vt 0.83650356531143188 0.92983847856521606
vt 0.81514126062393188 0.92983847856521606
vt 0.099067158997058868 0.117177814245224
vt 0.11114038527011871 0.10556844621896744
vt 0.11114038527011871 0.117177814245224
vt 0.10510376840829849 0.117177814245224
vt 0.099067158997058868 0.11137312650680542
vt 0.099067158997058868 0.10556844621896744
vt 0.10510376840829849 0.10556844621896744
vt 0.11114038527011871 0.11137312650680542
vt 0.83650356531143188 0.84806758165359497
vt 0.83650356531143188 0.85967695713043213
vt 0.81514126062393188 0.85967695713043213
vt 0.83650356531143188 0.85387229919433594
vt 0.81514126062393188 0.85387229919433594
vt 0.82582241296768188 0.85967695713043213
vt 0.81514126062393188 0.84806758165359497
vt 0.82582241296768188 0.84806758165359497
vt 0.075216107070446014 0.084589451551437378
vt 0.075216107070446014 0.10595174878835678
vt 0.087289333343505859 0.084589451551437378
vt 0.087289333343505859 0.10595174878835678
vt 0.081252723932266235 0.084589451551437378
vt 0.087289333343505859 0.095270603895187378
vt 0.081252723932266235 0.10595174878835678
vt 0.075216107070446014 0.095270603895187378
vt 0.19882944226264954 0.16831690073013306
vt 0.12291820347309113 0.16831690073013306
vt 0.19882944226264954 0.17980338633060455
vt 0.12291820347309113 0.17980338633060455
vt 0.17352569103240967 0.17980338633060455
vt 0.14822195470333099 0.17980338633060455
vt 0.14822195470333099 0.16831690073013306
vt 0.17352569103240967 0.16831690073013306
vt 0.075216107070446014 0.77215635776519775
vt 0.075216107070446014 0.84660273790359497
vt 0.4896177351474762 0.77215635776519775
vt 0.4896177351474762 0.84660273790359497
vt 0.075216107070446014 0.82178729772567749
vt 0.075216107070446014 0.79697179794311523
vt 0.4896177351474762 0.80937957763671875
vt 0.28241690993309021 0.80937957763671875
vt 0.28241690993309021 0.82799112796783447
vt 0.17881651222705841 0.80937957763671875
vt 0.17881651222705841 0.82799112796783447
vt 0.28241690993309021 0.79076796770095825
vt 0.17881651222705841 0.79076796770095825
vt 0.13441634178161621 0.77215635776519775
vt 0.193616583943367 0.77215635776519775
vt 0.25281679630279541 0.77215635776519775
vt 0.3120170533657074 0.77215635776519775
vt 0.371217280626297 0.77215635776519775
vt 0.4304175078868866 0.77215635776519775
vt 0.4896177351474762 0.78456407785415649
vt 0.4896177351474762 0.79697179794311523
vt 0.4896177351474762 0.82178729772567749
vt 0.4896177351474762 0.83419501781463623
vt 0.3860173225402832 0.80937957763671875
vt 0.3860173225402832 0.79076796770095825
vt 0.43781751394271851 0.79076796770095825
vt 0.3860173225402832 0.78146213293075562
vt 0.43781751394271851 0.78146213293075562
vt 0.43781751394271851 0.80937957763671875
vt 0.3860173225402832 0.80007374286651611
vt 0.43781751394271851 0.80007374286651611
vt 0.3860173225402832 0.82799112796783447
vt 0.43781751394271851 0.82799112796783447
vt 0.3860173225402832 0.81868535280227661
vt 0.43781751394271851 0.81868535280227661
vt 0.3860173225402832 0.83729696273803711
vt 0.43781751394271851 0.83729696273803711
vt 0.4304175078868866 0.84660273790359497
vt 0.371217280626297 0.84660273790359497
vt 0.3120170533657074 0.84660273790359497
vt 0.25281679630279541 0.84660273790359497
vt 0.193616583943367 0.84660273790359497
vt 0.13441634178161621 0.84660273790359497
vt 0.19882944226264954 0.15653912723064423
vt 0.16087383031845093 0.15653912723064423
vt 0.12291820347309113 0.15653912723064423
vt 0.19882944226264954 0.16411276161670685
vt 0.16087383031845093 0.16411276161670685
vt 0.12291820347309113 0.16411276161670685
vt 0.13557007908821106 0.15653912723064423
vt 0.14822195470333099 0.15653912723064423
vt 0.17352569103240967 0.15653912723064423
vt 0.1861775666475296 0.15653912723064423
vt 0.19123831391334534 0.16411276161670685
vt 0.18364720046520233 0.16411276161670685
vt 0.17605607211589813 0.16411276161670685
vt 0.16846494376659393 0.16411276161670685
vt 0.15328270196914673 0.16411276161670685
vt 0.14569157361984253 0.16411276161670685
vt 0.13810044527053833 0.16411276161670685
vt 0.13050933182239532 0.16411276161670685
vt 0.17985163629055023 0.16032594442367554
vt 0.14189600944519043 0.16032594442367554
vt 0.075216107070446014 0.40307027101516724
vt 0.075216107070446014 0.47898149490356445
vt 0.11954918503761292 0.41391471028327942
vt 0.11954918503761292 0.42475917935371399
vt 0.11954918503761292 0.43560364842414856
vt 0.11954918503761292 0.44644811749458313
vt 0.11954918503761292 0.4572925865650177
vt 0.11954918503761292 0.46813702583312988
vt 0.12841580808162689 0.41391471028327942
vt 0.12841580808162689 0.42475917935371399
vt 0.12841580808162689 0.43560364842414856
vt 0.12841580808162689 0.44644811749458313
vt 0.12841580808162689 0.4572925865650177
vt 0.12841580808162689 0.46813702583312988
vt 0.13728241622447968 0.40307027101516724
vt 0.13728241622447968 0.47898149490356445
vt 0.075216107070446014 0.47139036655426025
vt 0.075216107070446014 0.46379923820495605
vt 0.075216107070446014 0.45620810985565186
vt 0.075216107070446014 0.44861701130867004
vt 0.075216107070446014 0.44102588295936584
vt 0.075216107070446014 0.43343475461006165
vt 0.075216107070446014 0.42584362626075745
vt 0.075216107070446014 0.41825249791145325
vt 0.075216107070446014 0.41066136956214905
vt 0.082974396646022797 0.40307027101516724
vt 0.090732686221599579 0.40307027101516724
vt 0.098490975797176361 0.40307027101516724
vt 0.10624926537275314 0.40307027101516724
vt 0.11400755494832993 0.40307027101516724
vt 0.12176583707332611 0.40307027101516724
vt 0.12952412664890289 0.40307027101516724
vt 0.13728241622447968 0.41066136956214905
vt 0.13728241622447968 0.41825249791145325
vt 0.13728241622447968 0.42584362626075745
vt 0.13728241622447968 0.43343475461006165
vt 0.13728241622447968 0.44102588295936584
vt 0.13728241622447968 0.44861701130867004
vt 0.13728241622447968 0.45620810985565186
vt 0.13728241622447968 0.46379923820495605
vt 0.13728241622447968 0.47139036655426025
vt 0.12952412664890289 0.47898149490356445
vt 0.12176583707332611 0.47898149490356445
vt 0.11400755494832993 0.47898149490356445
vt 0.10624926537275314 0.47898149490356445
vt 0.098490975797176361 0.47898149490356445
vt 0.090732686221599579 0.47898149490356445
vt 0.082974396646022797 0.47898149490356445
vt 0.080830782651901245 0.4235842227935791
vt 0.080830812454223633 0.42794442176818848
vt 0.080830842256546021 0.43230462074279785
vt 0.080830872058868408 0.43666484951972961
vt 0.080830909311771393 0.44102504849433899
vt 0.080830939114093781 0.44538524746894836
vt 0.080830968916416168 0.44974544644355774
vt 0.080830998718738556 0.4541056752204895
vt 0.080831035971641541 0.45846587419509888
vt 0.11223409324884415 0.45846477150917053
vt 0.11223405599594116 0.45410454273223877
vt 0.11223402619361877 0.44974434375762939
vt 0.11223399639129639 0.44538414478302002
vt 0.112233966588974 0.44102391600608826
vt 0.11223392933607101 0.43666371703147888
vt 0.11223390698432922 0.43230351805686951
vt 0.11223386973142624 0.42794328927993774
vt 0.11223383992910385 0.42358309030532837
vt 0.10438307374715805 0.42358338832855225
vt 0.096532315015792847 0.42358365654945374
vt 0.088681548833847046 0.42358392477035522
vt 0.088681794703006744 0.45846560597419739
vt 0.096532560884952545 0.45846530795097351
vt 0.10438332706689835 0.45846503973007202
vt 0.084082722663879395 0.41391471028327942
vt 0.10181595385074615 0.41391471028327942
vt 0.11068256944417953 0.41391471028327942
vt 0.084082722663879395 0.46813702583312988
vt 0.10181595385074615 0.46813702583312988
vt 0.11068256944417953 0.46813702583312988
vt 0.19882944226264954 0.12311819940805435
vt 0.16087383031845093 0.12311819940805435
vt 0.12291820347309113 0.12311819940805435
vt 0.16087383031845093 0.13386376202106476
vt 0.19882944226264954 0.14460933208465576
vt 0.12291820347309113 0.14460933208465576
vt 0.13050933182239532 0.12311819940805435
vt 0.13810044527053833 0.12311819940805435
vt 0.14569157361984253 0.12311819940805435
vt 0.15328270196914673 0.12311819940805435
vt 0.16846494376659393 0.12311819940805435
vt 0.17605607211589813 0.12311819940805435
vt 0.18364720046520233 0.12311819940805435
vt 0.19123831391334534 0.12311819940805435
vt 0.14189600944519043 0.13386376202106476
vt 0.16087383031845093 0.12849098443984985
vt 0.14189600944519043 0.12849098443984985
vt 0.17985163629055023 0.13386376202106476
vt 0.17985163629055023 0.12849098443984985
vt 0.17352569103240967 0.14460933208465576
vt 0.14822195470333099 0.14460933208465576
vt 0.24622601270675659 0.62102901935577393
vt 0.24622601270675659 0.69547539949417114
vt 0.30002564191818237 0.63033479452133179
vt 0.30002564191818237 0.63964062929153442
vt 0.30002564191818237 0.67686378955841064
vt 0.30002564191818237 0.68616962432861328
vt 0.35382530093193054 0.63033479452133179
vt 0.35382530093193054 0.63964062929153442
vt 0.35382530093193054 0.64894640445709229
vt 0.35382530093193054 0.65825217962265015
vt 0.35382530093193054 0.66755801439285278
vt 0.35382530093193054 0.67686378955841064
vt 0.35382530093193054 0.68616962432861328
vt 0.40762493014335632 0.63033479452133179
vt 0.40762493014335632 0.63964062929153442
vt 0.40762493014335632 0.64894640445709229
vt 0.40762493014335632 0.65825217962265015
vt 0.40762493014335632 0.66755801439285278
vt 0.40762493014335632 0.67686378955841064
vt 0.40762493014335632 0.68616962432861328
vt 0.46142458915710449 0.63033479452133179
vt 0.46142458915710449 0.63964062929153442
vt 0.46142458915710449 0.64894640445709229
vt 0.46142458915710449 0.65825217962265015
vt 0.46142458915710449 0.66755801439285278
vt 0.46142458915710449 0.67686378955841064
vt 0.46142458915710449 0.68616962432861328
vt 0.51522421836853027 0.63033479452133179
vt 0.51522421836853027 0.63964062929153442
vt 0.51522421836853027 0.64894640445709229
vt 0.51522421836853027 0.65825217962265015
vt 0.51522421836853027 0.66755801439285278
vt 0.51522421836853027 0.67686378955841064
vt 0.51522421836853027 0.68616962432861328
vt 0.56902384757995605 0.63033479452133179
vt 0.56902384757995605 0.63964062929153442
vt 0.56902384757995605 0.64894640445709229
vt 0.56902384757995605 0.65825217962265015
vt 0.56902384757995605 0.66755801439285278
vt 0.56902384757995605 0.67686378955841064
vt 0.56902384757995605 0.68616962432861328
vt 0.62282353639602661 0.63033479452133179
vt 0.62282353639602661 0.63964062929153442
vt 0.62282353639602661 0.64894640445709229
vt 0.62282353639602661 0.65825217962265015
vt 0.62282353639602661 0.66755801439285278
vt 0.62282353639602661 0.67686378955841064
vt 0.62282353639602661 0.68616962432861328
vt 0.67662316560745239 0.63033479452133179
vt 0.67662316560745239 0.63964062929153442
vt 0.67662316560745239 0.64894640445709229
vt 0.67662316560745239 0.65825217962265015
vt 0.67662316560745239 0.66755801439285278
vt 0.67662316560745239 0.67686378955841064
vt 0.67662316560745239 0.68616962432861328
vt 0.73042279481887817 0.63033479452133179
vt 0.73042279481887817 0.63964062929153442
vt 0.73042279481887817 0.64894640445709229
vt 0.73042279481887817 0.65825217962265015
vt 0.73042279481887817 0.66755801439285278
vt 0.73042279481887817 0.67686378955841064
vt 0.73042279481887817 0.68616962432861328
vt 0.78422242403030396 0.63033479452133179
vt 0.78422242403030396 0.63964062929153442
vt 0.78422242403030396 0.64894640445709229
vt 0.78422242403030396 0.65825217962265015
vt 0.78422242403030396 0.66755801439285278
vt 0.78422242403030396 0.67686378955841064
vt 0.78422242403030396 0.68616962432861328
vt 0.83802205324172974 0.63033479452133179
vt 0.83802205324172974 0.63964062929153442
vt 0.83802205324172974 0.64894640445709229
vt 0.83802205324172974 0.65825217962265015
vt 0.83802205324172974 0.66755801439285278
vt 0.83802205324172974 0.67686378955841064
vt 0.83802205324172974 0.68616962432861328
vt 0.89182168245315552 0.63033479452133179
vt 0.89182168245315552 0.63964062929153442
vt 0.89182168245315552 0.64894640445709229
vt 0.89182168245315552 0.65825217962265015
vt 0.89182168245315552 0.66755801439285278
vt 0.89182168245315552 0.67686378955841064
vt 0.89182168245315552 0.68616962432861328
vt 0.94562137126922607 0.62102901935577393
vt 0.94562137126922607 0.65825217962265015
vt 0.94562137126922607 0.69547539949417114
vt 0.24622601270675659 0.67065995931625366
vt 0.24622601270675659 0.64584445953369141
vt 0.28508129715919495 0.62102901935577393
vt 0.32393661141395569 0.62102901935577393
vt 0.36279189586639404 0.62102901935577393
vt 0.40164721012115479 0.62102901935577393
vt 0.44050249457359314 0.62102901935577393
vt 0.47935780882835388 0.62102901935577393
vt 0.51821309328079224 0.62102901935577393
vt 0.55706840753555298 0.62102901935577393
vt 0.59592366218566895 0.62102901935577393
vt 0.63477897644042969 0.62102901935577393
vt 0.67363429069519043 0.62102901935577393
vt 0.71248960494995117 0.62102901935577393
vt 0.75134485960006714 0.62102901935577393
vt 0.79020017385482788 0.62102901935577393
vt 0.82905542850494385 0.62102901935577393
vt 0.86791074275970459 0.62102901935577393
vt 0.90676605701446533 0.62102901935577393
vt 0.90676605701446533 0.69547539949417114
vt 0.86791074275970459 0.69547539949417114
vt 0.82905542850494385 0.69547539949417114
vt 0.79020017385482788 0.69547539949417114
vt 0.75134485960006714 0.69547539949417114
vt 0.71248960494995117 0.69547539949417114
vt 0.67363429069519043 0.69547539949417114
vt 0.63477897644042969 0.69547539949417114
vt 0.59592366218566895 0.69547539949417114
vt 0.55706840753555298 0.69547539949417114
vt 0.51821309328079224 0.69547539949417114
vt 0.47935780882835388 0.69547539949417114
vt 0.44050249457359314 0.69547539949417114
vt 0.40164721012115479 0.69547539949417114
vt 0.36279189586639404 0.69547539949417114
vt 0.32393661141395569 0.69547539949417114
vt 0.28508129715919495 0.69547539949417114
vt 0.30289632081985474 0.66872721910476685
vt 0.30893293023109436 0.66872715950012207
vt 0.31496953964233398 0.66872704029083252
vt 0.35382530093193054 0.67221087217330933
vt 0.32692548632621765 0.67686378955841064
vt 0.30002564191818237 0.67221087217330933
vt 0.32692548632621765 0.66755801439285278
vt 0.32692548632621765 0.67221087217330933
vt 0.32692548632621765 0.66988444328308105
vt 0.31347557902336121 0.67221087217330933
vt 0.30002564191818237 0.66988444328308105
vt 0.31347557902336121 0.66988444328308105
vt 0.27312582731246948 0.67686378955841064
vt 0.27312582731246948 0.67221087217330933
vt 0.35382530093193054 0.66290509700775146
vt 0.32692548632621765 0.65825217962265015
vt 0.32692548632621765 0.66290509700775146
vt 0.31496953964233398 0.65825200080871582
vt 0.31496953964233398 0.64777696132659912
vt 0.35382530093193054 0.6535993218421936
vt 0.32692548632621765 0.64894640445709229
vt 0.32692548632621765 0.6535993218421936
vt 0.35382530093193054 0.64429348707199097
vt 0.30002564191818237 0.64429348707199097
vt 0.32692548632621765 0.63964062929153442
vt 0.32692548632621765 0.64429348707199097
vt 0.30893293023109436 0.64777708053588867
vt 0.30289632081985474 0.64777714014053345
vt 0.32692548632621765 0.64661997556686401
vt 0.30002564191818237 0.64661997556686401
vt 0.31347557902336121 0.64429348707199097
vt 0.31347557902336121 0.64661997556686401
vt 0.27312582731246948 0.63964062929153442
vt 0.27312582731246948 0.64429348707199097
vt 0.30289632081985474 0.65825217962265015
vt 0.48284620046615601 0.66872721910476685
vt 0.49121922254562378 0.66872721910476685
vt 0.49959224462509155 0.66872721910476685
vt 0.51522421836853027 0.67221087217330933
vt 0.48832440376281738 0.67686378955841064
vt 0.46142458915710449 0.67221087217330933
vt 0.48832440376281738 0.67221087217330933
vt 0.49959224462509155 0.64777714014053345
vt 0.49121922254562378 0.64777714014053345
vt 0.48284620046615601 0.64777714014053345
vt 0.51522421836853027 0.64429348707199097
vt 0.46142458915710449 0.64429348707199097
vt 0.48832440376281738 0.63964062929153442
vt 0.48832440376281738 0.64429348707199097
vt 0.49959224462509155 0.65825217962265015
vt 0.51522421836853027 0.66290509700775146
vt 0.46142458915710449 0.66290509700775146
vt 0.48284620046615601 0.65825217962265015
vt 0.30002564191818237 0.65825217962265015
vt 0.30002564191818237 0.66755801439285278
vt 0.2467445582151413 0.18617956340312958
vt 0.2467445582151413 0.26209080219268799
vt 0.30304959416389465 0.18617956340312958
vt 0.30304959416389465 0.26209080219268799
vt 0.3593546450138092 0.18617956340312958
vt 0.3593546450138092 0.26209080219268799
vt 0.2467445582151413 0.22413517534732819
vt 0.3593546450138092 0.22413517534732819
vt 0.24622601270675659 0.54511779546737671
vt 0.24622601270675659 0.61956417560577393
vt 0.37719878554344177 0.54511779546737671
vt 0.37719878554344177 0.61956417560577393
vt 0.24622601270675659 0.58234095573425293
vt 0.31171241402626038 0.54511779546737671
vt 0.31171241402626038 0.61956417560577393
vt 0.24622601270675659 0.40307027101516724
vt 0.24622601270675659 0.47751665115356445
vt 0.52116894721984863 0.40307027101516724
vt 0.52116894721984863 0.47751665115356445
vt 0.52116894721984863 0.42788571119308472
vt 0.52116894721984863 0.45270118117332458
vt 0.30121460556983948 0.40307027101516724
vt 0.35620319843292236 0.40307027101516724
vt 0.41119179129600525 0.40307027101516724
vt 0.46618038415908813 0.40307027101516724
vt 0.46618038415908813 0.47751665115356445
vt 0.41119179129600525 0.47751665115356445
vt 0.35620319843292236 0.47751665115356445
vt 0.30121460556983948 0.47751665115356445
vt 0.059001009911298752 0.088139496743679047
vt 0.044250760227441788 0.088139496743679047
vt 0.059001009911298752 0.17627899348735809
vt 0.044250760227441788 0.17627899348735809
vt 0.059001009911298752 0.26441851258277893
vt 0.044250760227441788 0.26441851258277893
vt 0.029500504955649376 0.26441851258277893
vt 0.059001009911298752 0.35255798697471619
vt 0.044250760227441788 0.35255798697471619
vt 0.029500504955649376 0.35255798697471619
vt 0.059001009911298752 0.44069749116897583
vt 0.044250760227441788 0.44069749116897583
vt 0.029500504955649376 0.44069749116897583
vt 0.059001009911298752 0.52883702516555786
vt 0.044250760227441788 0.52883702516555786
vt 0.029500504955649376 0.52883702516555786
vt 0.059001009911298752 0.61697643995285034
vt 0.044250760227441788 0.61697643995285034
vt 0.029500504955649376 0.61697643995285034
vt 0.014750252477824688 0.61697643995285034
vt 0.059001009911298752 0.70511597394943237
vt 0.044250760227441788 0.70511597394943237
vt 0.029500504955649376 0.70511597394943237
vt 0.014750252477824688 0.70511597394943237
vt 0.029500504955649376 0.79325544834136963
vt 0.014750252477824688 0.79325544834136963
vt 0.023772235959768295 0.47801989316940308
vt 0.012542635202407837 0.47713890671730042
vt 0.029500504955649376 0.48476725816726685
vt 0.016207560896873474 0.41805675625801086
vt 0.019872481003403664 0.3589746356010437
vt 0.023537406697869301 0.29989251494407654
vt 0.02720232680439949 0.24081040918827057
vt 0.03086724691092968 0.18172828853130341
vt 0.034532174468040466 0.12264616787433624
vt 0.038197092711925507 0.063564054667949677
vt 0.045373782515525818 0.061617564409971237
vt 0.040563195943832397 0.088139496743679047
vt 0.044250760227441788 0.066104628145694733
vt 0.040563195943832397 0.066104628145694733
vt 0.05162588506937027 0.088139496743679047
vt 0.059001009911298752 0.044069748371839523
vt 0.05162588506937027 0.044069748371839523
vt 0.036875631660223007 0.17627899348735809
vt 0.044250760227441788 0.13220925629138947
vt 0.036875631660223007 0.13220925629138947
vt 0.04793832078576088 0.088139496743679047
vt 0.05162588506937027 0.066104628145694733
vt 0.04793832078576088 0.066104628145694733
vt 0.05162588506937027 0.17627899348735809
vt 0.059001009911298752 0.13220925629138947
vt 0.05162588506937027 0.13220925629138947
vt 0.046286895871162415 0.053915370255708694
vt 0.047200005501508713 0.046213172376155853
vt 0.048113118857145309 0.038510978221893311
vt 0.049026232212781906 0.030808782204985619
vt 0.049939341843128204 0.023106586188077927
vt 0.050852455198764801 0.015404391102492809
vt 0.051765564829111099 0.0077021955512464046
vt 0.052678674459457397 0
vt 0.05162588506937027 0.022034874185919762
vt 0.05531344935297966 0.044069748371839523
vt 0.059001009911298752 0.022034874185919762
vt 0.05531344935297966 0.022034874185919762
vt 0.066376134753227234 0.088139496743679047
vt 0.066376134753227234 0.044069748371839523
vt 0.073751263320446014 0
vt 0.073751263320446014 0.03885529562830925
vt 0.073751263320446014 0.0777105912566185
vt 0.073751263320446014 0.11656588315963745
vt 0.073751263320446014 0.155421182513237
vt 0.073751263320446014 0.19427648186683655
vt 0.073751263320446014 0.2331317663192749
vt 0.073751263320446014 0.27198708057403564
vt 0.073751263320446014 0.310842365026474
vt 0.073751263320446014 0.34969764947891235
vt 0.073751263320446014 0.3885529637336731
vt 0.073751263320446014 0.42740824818611145
vt 0.073751263320446014 0.4662635326385498
vt 0.073751263320446014 0.50511884689331055
vt 0.073751263320446014 0.54397416114807129
vt 0.073751263320446014 0.58282947540283203
vt 0.073751263320446014 0.621684730052948
vt 0.073751263320446014 0.66054004430770874
vt 0.073751263320446014 0.69939529895782471
vt 0.067852750420570374 0.75537806749343872
vt 0.061954237520694733 0.81136089563369751
vt 0.061954237520694733 0.82676297426223755
vt 0.019184190779924393 0.88139498233795166
vt 0.0095920953899621964 0.81664341688156128
vt 0 0.75189179182052612
vt 0.0047544487752020359 0.6971173882484436
vt 0.0095088938251137733 0.64234298467636108
vt 0.014263343065977097 0.58756864070892334
vt 0.019017791375517845 0.5327942967414856
vt 0.0041854060254991055 0.72878366708755493
vt 0.036609355360269547 0.72878187894821167
vt 0.069033302366733551 0.72878009080886841
vt 0.0046653128229081631 0.71677076816558838
vt 0.0042785778641700745 0.72122621536254883
vt 0.0038918380159884691 0.72568166255950928
vt 0.0073751281015574932 0.79325544834136963
vt 0.014750252477824688 0.74918574094772339
vt 0.0073751281015574932 0.74918574094772339
vt 0.0036875640507787466 0.74918574094772339
vt 0.014750252477824688 0.66104620695114136
vt 0.011062688194215298 0.74918574094772339
vt 0.022125380113720894 0.79325544834136963
vt 0.022125380113720894 0.70511597394943237
vt 0.029500504955649376 0.74918574094772339
vt 0.022125380113720894 0.74918574094772339
vt 0.0055313440971076488 0.74918574094772339
vt 0.0036875640507787466 0.73816823959350586
vt 0.0073751281015574932 0.73816823959350586
vt 0.0055313440971076488 0.73816823959350586
vt 0.0073751281015574932 0.7712206244468689
vt 0.0036875640507787466 0.7712206244468689
vt 0.014750252477824688 0.83732521533966064
vt 0.070299021899700165 0.71676719188690186
vt 0.037482168525457382 0.71676898002624512
vt 0.022617055103182793 0.82676297426223755
vt 0.022617055103182793 0.87446653842926025
vt 0.024902734905481339 0.88139498233795166
vt 0.022125380113720894 0.85936009883880615
vt 0.018437815830111504 0.83732521533966064
vt 0.018437815830111504 0.85936009883880615
vt 0.044250760227441788 0.79325544834136963
vt 0.43392482399940491 0
vt 0.43392482399940491 0.075911238789558411
vt 0.50395894050598145 0
vt 0.50395894050598145 0.075911238789558411
vt 0.43392482399940491 0.037955619394779205
vt 0.44932690262794495 0
vt 0.44932690262794495 0.075911238789558411
vt 0.50395894050598145 0.01952187716960907
vt 0.50395894050598145 0.056386891752481461
vt 0.17040504515171051 0.18617956340312958
vt 0.17040504515171051 0.26209080219268799
vt 0.21402458846569061 0.18617956340312958
vt 0.21402458846569061 0.26209080219268799
vt 0.20819246768951416 0.18617956340312958
vt 0.21402458846569061 0.22413517534732819
vt 0.20819137990474701 0.26209080219268799
vt 0.20311969518661499 0.22413517534732819
vt 0.20311969518661499 0.24311298131942749
vt 0.2085721492767334 0.22413517534732819
vt 0.2085721492767334 0.24311298131942749
vt 0.20311969518661499 0.20515736937522888
vt 0.2085721492767334 0.20515736937522888
vt 0.17040504515171051 0.24256645143032074
vt 0.17040504515171051 0.20570144057273865
vt 0.16320912539958954 0.71169048547744751
vt 0.16320912539958954 0.72644072771072388
vt 0.25120213627815247 0.71169048547744751
vt 0.25120213627815247 0.72644072771072388
vt 0.33919516205787659 0.71169048547744751
vt 0.33919516205787659 0.72644072771072388
vt 0.33919516205787659 0.74119102954864502
vt 0.42718815803527832 0.71169048547744751
vt 0.42718815803527832 0.72644072771072388
vt 0.42718815803527832 0.74119102954864502
vt 0.51518118381500244 0.71169048547744751
vt 0.51518118381500244 0.72644072771072388
vt 0.51518118381500244 0.74119102954864502
vt 0.60317420959472656 0.71169048547744751
vt 0.60317420959472656 0.72644072771072388
vt 0.60317420959472656 0.74119102954864502
vt 0.69116717576980591 0.71169048547744751
vt 0.69116717576980591 0.72644072771072388
vt 0.69116717576980591 0.74119102954864502
vt 0.69116717576980591 0.75594127178192139
vt 0.77916020154953003 0.71169048547744751
vt 0.77916020154953003 0.72644072771072388
vt 0.77916020154953003 0.74119102954864502
vt 0.77916020154953003 0.75594127178192139
vt 0.86715322732925415 0.74119102954864502
vt 0.86715322732925415 0.75594127178192139
vt 0.55244153738021851 0.74691927433013916
vt 0.55156201124191284 0.75814884901046753
vt 0.5591776967048645 0.74119102954864502
vt 0.49257808923721313 0.75448393821716309
vt 0.43359416723251343 0.75081902742385864
vt 0.37461021542549133 0.7471541166305542
vt 0.31562629342079163 0.74348920583724976
vt 0.25664237141609192 0.73982423543930054
vt 0.19765844941139221 0.73615932464599609
vt 0.1386745274066925 0.73249441385269165
vt 0.13673126697540283 0.72531771659851074
vt 0.16320912539958954 0.73012828826904297
vt 0.14121086895465851 0.72644072771072388
vt 0.14121086895465851 0.73012828826904297
vt 0.16320912539958954 0.71906560659408569
vt 0.11921261250972748 0.71169048547744751
vt 0.11921261250972748 0.71906560659408569
vt 0.25120213627815247 0.73381584882736206
vt 0.2072056382894516 0.72644072771072388
vt 0.2072056382894516 0.73381584882736206
vt 0.16320912539958954 0.72275316715240479
vt 0.14121086895465851 0.71906560659408569
vt 0.14121086895465851 0.72275316715240479
vt 0.25120213627815247 0.71906560659408569
vt 0.2072056382894516 0.71169048547744751
vt 0.2072056382894516 0.71906560659408569
vt 0.1290418803691864 0.72440463304519653
vt 0.12135247886180878 0.72349148988723755
vt 0.11366308480501175 0.72257840633392334
vt 0.10597369074821472 0.72166526317596436
vt 0.098284296691417694 0.72075217962265015
vt 0.09059489518404007 0.71983903646469116
vt 0.082905501127243042 0.71892595291137695
vt 0.075216107070446014 0.71801280975341797
vt 0.097214363515377045 0.71906560659408569
vt 0.11921261250972748 0.7153780460357666
vt 0.097214363515377045 0.71169048547744751
vt 0.097214363515377045 0.7153780460357666
vt 0.16320912539958954 0.70431536436080933
vt 0.11921261250972748 0.70431536436080933
vt 0.075216107070446014 0.69694024324417114
vt 0.11400682479143143 0.69694024324417114
vt 0.15279754996299744 0.69694024324417114
vt 0.19158826768398285 0.69694024324417114
vt 0.23037898540496826 0.69694024324417114
vt 0.26916971802711487 0.69694024324417114
vt 0.30796042084693909 0.69694024324417114
vt 0.34675115346908569 0.69694024324417114
vt 0.38554185628890991 0.69694024324417114
vt 0.42433258891105652 0.69694024324417114
vt 0.46312329173088074 0.69694024324417114
vt 0.50191402435302734 0.69694024324417114
vt 0.54070472717285156 0.69694024324417114
vt 0.57949548959732056 0.69694024324417114
vt 0.61828619241714478 0.69694024324417114
vt 0.65707695484161377 0.69694024324417114
vt 0.69586759805679321 0.69694024324417114
vt 0.73465836048126221 0.69694024324417114
vt 0.77344906330108643 0.69694024324417114
vt 0.82933878898620605 0.70283877849578857
vt 0.88522851467132568 0.70873725414276123
vt 0.90060502290725708 0.70873725414276123
vt 0.95514625310897827 0.75150734186172485
vt 0.89050227403640747 0.76109939813613892
vt 0.82585829496383667 0.77069151401519775
vt 0.77117490768432617 0.76593703031539917
vt 0.71649158000946045 0.76118260622024536
vt 0.66180825233459473 0.75642818212509155
vt 0.607124924659729 0.75167369842529297
vt 0.80278468132019043 0.76650571823120117
vt 0.80278640985488892 0.73408162593841553
vt 0.80278819799423218 0.70165747404098511
vt 0.79079174995422363 0.76602476835250854
vt 0.79524266719818115 0.76641178131103516
vt 0.79969358444213867 0.76679879426956177
vt 0.86715322732925415 0.76331639289855957
vt 0.82315671443939209 0.75594127178192139
vt 0.82315671443939209 0.76331639289855957
vt 0.82315671443939209 0.76700395345687866
vt 0.73516368865966797 0.75594127178192139
vt 0.82315671443939209 0.75962883234024048
vt 0.86715322732925415 0.7485661506652832
vt 0.77916020154953003 0.7485661506652832
vt 0.82315671443939209 0.74119102954864502
vt 0.82315671443939209 0.7485661506652832
vt 0.82315671443939209 0.76516014337539673
vt 0.81215757131576538 0.76700395345687866
vt 0.81215757131576538 0.76331639289855957
vt 0.81215757131576538 0.76516014337539673
vt 0.84515494108200073 0.76331639289855957
vt 0.84515494108200073 0.76700395345687866
vt 0.91114974021911621 0.75594127178192139
vt 0.79079538583755493 0.70039176940917969
vt 0.79079359769821167 0.7332082986831665
vt 0.90060502290725708 0.74807339906692505
vt 0.94822931289672852 0.74807339906692505
vt 0.95514625310897827 0.74578773975372314
vt 0.93314802646636963 0.7485661506652832
vt 0.91114974021911621 0.75225371122360229
vt 0.93314802646636963 0.75225371122360229
vt 0.86715322732925415 0.72644072771072388
vt 0.58229303359985352 0.22418405115604401
vt 0.4419766366481781 0.27047625184059143
vt 0.4419766366481781 0.23448106646537781
vt 0.50810891389846802 0.25651958584785461
vt 0.43812978267669678 0.27047631144523621
vt 0.50810891389846802 0.27268734574317932
vt 0.47101685404777527 0.25651958584785461
vt 0.47101685404777527 0.27268734574317932
vt 0.47101685404777527 0.26460346579551697
vt 0.45247083902359009 0.25651958584785461
vt 0.45247083902359009 0.26460346579551697
vt 0.50810891389846802 0.24035181105136871
vt 0.47101685404777527 0.24035181105136871
vt 0.45247083902359009 0.26864540576934814
vt 0.44319784641265869 0.26460346579551697
vt 0.44319784641265869 0.26864540576934814
vt 0.43392482399940491 0.27047640085220337
vt 0.51213479042053223 0.2293325662612915
vt 0.58229047060012817 0.25651958584785461
vt 0.58228790760040283 0.28885510563850403
vt 0.54519712924957275 0.28426042199134827
vt 0.50810635089874268 0.2796657383441925
vt 0.47101560235023499 0.27507108449935913
vt 0.075216107070446014 0.0089457733556628227
vt 0.07521616667509079 0
vt 0.078346759080886841 0.0014068908058106899
vt 0.081477358937263489 0.0028137816116213799
vt 0.07834673672914505 0.005879777017980814
vt 0.075216136872768402 0.0044728866778314114
vt 0.10768467932939529 0.66585266590118408
vt 0.10038109868764877 0.51589506864547729
vt 0.10308991372585297 0.5149083137512207
vt 0.10579872876405716 0.51392155885696411
vt 0.10403288900852203 0.53924340009689331
vt 0.10403288900852203 0.52658247947692871
vt 0.1022069975733757 0.53924340009689331
vt 0.1022069975733757 0.52658247947692871
vt 0.10585878044366837 0.53924340009689331
vt 0.10585878044366837 0.52658247947692871
vt 0.10038109868764877 0.66585129499435425
vt 0.10038109868764877 0.62836223840713501
vt 0.10038109868764877 0.59087318181991577
vt 0.10038109868764877 0.55338412523269653
vt 0.10768467932939529 0.51630383729934692
vt 0.10768467932939529 0.55369102954864502
vt 0.10768467932939529 0.59107822179794312
vt 0.10768467932939529 0.62846547365188599
vt 0.17622309923171997 0.51392155885696411
vt 0.10914952307939529 0.5226738452911377
vt 0.10941830277442932 0.51830023527145386
vt 0.10968708992004395 0.51392668485641479
vt 0.14268630743026733 0.59268128871917725
vt 0.12591791152954102 0.59268128871917725
vt 0.14268630743026733 0.55330145359039307
vt 0.12591791152954102 0.55330145359039307
vt 0.12591791152954102 0.5336114764213562
vt 0.11753372102975845 0.5336114764213562
vt 0.11334162205457687 0.5336114764213562
vt 0.11753372102975845 0.52376651763916016
vt 0.11334162205457687 0.52376651763916016
vt 0.16447268426418304 0.67144107818603516
vt 0.15227603912353516 0.67144107818603516
vt 0.14007939398288727 0.67144107818603516
vt 0.12788273394107819 0.67144107818603516
vt 0.14268630743026733 0.6320611834526062
vt 0.15945470333099365 0.59268128871917725
vt 0.15945470333099365 0.6320611834526062
vt 0.12319943308830261 0.63424926996231079
vt 0.11851613223552704 0.59705746173858643
vt 0.11383282393217087 0.55986565351486206
vt 0.14295509457588196 0.51392412185668945
vt 0.1703478991985321 0.59268128871917725
vt 0.88335281610488892 0.22418405115604401
vt 0.77272379398345947 0.32737836241722107
vt 0.77272379398345947 0.33693772554397583
vt 0.77272379398345947 0.32462364435195923
vt 0.82199722528457642 0.2744038999080658
vt 0.87127065658569336 0.22418414056301117
vt 0.82803833484649658 0.28056088089942932
vt 0.17840985953807831 0.34734618663787842
vt 0.075216107070446014 0.34734618663787842
vt 0.12681297957897186 0.34734618663787842
vt 0.17565514147281647 0.35065311193466187
vt 0.1756562739610672 0.38746359944343567
vt 0.17840985953807831 0.35065308213233948
vt 0.12681297957897186 0.36740490794181824
vt 0.12681297957897186 0.35737553238868713
vt 0.15261141955852509 0.35737553238868713
vt 0.12681297957897186 0.35236087441444397
vt 0.15261141955852509 0.35236087441444397
vt 0.1655106395483017 0.35236087441444397
vt 0.15261141955852509 0.349853515625
vt 0.1655106395483017 0.349853515625
vt 0.17196024954319 0.35236087441444397
vt 0.1655106395483017 0.35110720992088318
vt 0.17196024954319 0.349853515625
vt 0.17196024954319 0.35110720992088318
vt 0.1655106395483017 0.35737553238868713
vt 0.15261141955852509 0.35486820340156555
vt 0.1655106395483017 0.35486820340156555
vt 0.15261141955852509 0.36740490794181824
vt 0.12681297957897186 0.36239022016525269
vt 0.15261141955852509 0.36239022016525269
vt 0.12543791532516479 0.38746359944343567
vt 0.07521955668926239 0.38746359944343567
vt 0.36241555213928223 0.051001589745283127
vt 0.36972567439079285 0.051001589745283127
vt 0.36972567439079285 0.15419209003448486
vt 0.36972567439079285 0.076799213886260986
vt 0.36972567439079285 0.10259684175252914
vt 0.36972567439079285 0.1283944696187973
vt 0.36241555213928223 0.15419189631938934
vt 0.36241555213928223 0.12839432060718536
vt 0.36241555213928223 0.10259673744440079
vt 0.36241555213928223 0.076799161732196808
vt 0.24263274669647217 0.45077380537986755
vt 0.13944244384765625 0.45077380537986755
vt 0.24263274669647217 0.40575650334358215
vt 0.21683517098426819 0.45077380537986755
vt 0.19103759527206421 0.45077380537986755
vt 0.16524001955986023 0.45077380537986755
vt 0.19103759527206421 0.4269220232963562
vt 0.23987916111946106 0.40307027101516724
vt 0.21683517098426819 0.4269220232963562
vt 0.19103759527206421 0.41499614715576172
vt 0.21683517098426819 0.41499614715576172
vt 0.22973395884037018 0.41499614715576172
vt 0.21683517098426819 0.40903320908546448
vt 0.22973395884037018 0.40903320908546448
vt 0.13944244384765625 0.40307027101516724
vt 0.18966081738471985 0.40307027101516724
vn 1 0 0
vn 1 0 0
vn 1 0 0
vn 1 0 0
vn 1 0 0
vn 1 0 0
vn 0 -1 0
vn 0 -1 0
vn 0 -1 0
vn 0 -1 0
vn 0 -1 0
vn 0 -1 0
vn 0 -1 0
vn 0 -1 0
vn 0 -1 0
vn 0.69829905033111572 0.71580618619918823 0
vn 0.69829905033111572 0.71580618619918823 0
vn 0.69829905033111572 0.71580618619918823 0
vn 0.69829905033111572 0.71580618619918823 0
vn 0.69829905033111572 0.71580618619918823 0
vn 0.69829905033111572 0.71580618619918823 0
vn 0.69829905033111572 0.71580618619918823 0
vn 0.69829905033111572 0.71580618619918823 0
vn 0.69829905033111572 0.71580618619918823 0
vn 0 0 -1
vn 0 0 -1
vn 0 0 -1
vn 0 0 -1
vn 0 0 -1
vn 0 0 -1
vn 0 0 -1
vn 0 0 -1
vn 0 0 -1
vn 0 0 -1
vn 0 0 1
vn 0 0 1
vn 0 0 1
vn 0 0 1
vn 0 0 1
vn 0 0 1
vn 0 0 1
vn 0 0 1
vn 0 0 1
vn 0 0 1
vn 0 -1 0
vn 0 -1 0
vn 0 -1 0
vn 0 -1 0
vn 0 -1 0
vn 0 -1 0
vn 0 -1 0
vn 0 -1 0
vn 0 -1 0
vn 0 -1 0
vn 0 -1 0
vn 0 -1 0
vn 0 -1 0
vn 0 -1 0
vn 0 -1 0
vn 0 -1 0
vn 2.5707322492962703E-05 0 -1
vn 2.5707322492962703E-05 0 -1
vn 2.5707322492962703E-05 0 -1
vn 2.5707322492962703E-05 0 -1
vn 2.5707322492962703E-05 0 -1
vn 2.5707322492962703E-05 0 -1
vn 2.5707322492962703E-05 0 -1
vn 2.5707322492962703E-05 0 -1
vn 2.5707322492962703E-05 0 -1
vn 2.5707322492962703E-05 0 -1
vn 2.5707322492962703E-05 0 -1
vn 2.5707322492962703E-05 0 -1
vn 2.5707322492962703E-05 0 -1
vn 2.5707322492962703E-05 0 -1
vn 2.5707322492962703E-05 0 -1
vn 2.5707322492962703E-05 0 -1
vn 0 -1 0
vn 0 -1 0
vn 9.7664797067409381E-06 -0.92502325773239136 -0.37991040945053101
vn 9.7664797067409381E-06 -0.92502325773239136 -0.37991040945053101
vn 1.836616502259858E-05 -0.69970357418060303 -0.71443325281143188
vn 1.836616502259858E-05 -0.69970357418060303 -0.71443325281143188
vn 2.394929833826609E-05 -0.36344948410987854 -0.93161392211914063
vn 2.394929833826609E-05 -0.36344948410987854 -0.93161392211914063
vn 2.5707322492962703E-05 0 -1
vn 2.5707322492962703E-05 0 -1
vn 2.3779870389262214E-05 0.37991040945053101 -0.92502325773239136
vn 2.3779870389262214E-05 0.37991040945053101 -0.92502325773239136
vn 1.7987505998462439E-05 0.71443325281143188 -0.69970357418060303
vn 1.7987505998462439E-05 0.71443325281143188 -0.69970357418060303
vn 9.3433127403841354E-06 0.93161392211914063 -0.36344948410987854
vn 9.3433127403841354E-06 0.93161392211914063 -0.36344948410987854
vn 0 1 0
vn 0 1 0
vn -9.7664797067409381E-06 0.92502325773239136 0.37991040945053101
vn -9.7664797067409381E-06 0.92502325773239136 0.37991040945053101
vn -1.836616502259858E-05 0.69970357418060303 0.71443325281143188
vn -1.836616502259858E-05 0.69970357418060303 0.71443325281143188
vn -2.394929833826609E-05 0.36344948410987854 0.93161392211914063
vn -2.394929833826609E-05 0.36344948410987854 0.93161392211914063
vn -2.5707322492962703E-05 0 1
vn -2.5707322492962703E-05 0 1
vn -2.3779870389262214E-05 -0.37991040945053101 0.92502325773239136
vn -2.3779870389262214E-05 -0.37991040945053101 0.92502325773239136
vn -1.7987505998462439E-05 -0.71443325281143188 0.69970357418060303
vn -1.7987505998462439E-05 -0.71443325281143188 0.69970357418060303
vn -9.3433127403841354E-06 -0.93161392211914063 0.36344948410987854
vn -9.3433127403841354E-06 -0.93161392211914063 0.36344948410987854
vn 0 -1 0
vn 0 -1 0
vn -1 0 -3.0710496503161266E-05
vn -1 0 -3.0710496503161266E-05
vn -1 0 -3.0710496503161266E-05
vn -1 0 -3.0710496503161266E-05
vn -1 0 -3.0710496503161266E-05
vn -1 0 -3.0710496503161266E-05
vn -1 0 -3.0710496503161266E-05
vn -1 0 -3.0710496503161266E-05
vn -1 0 -3.0710496503161266E-05
vn -1 0 -3.0710496503161266E-05
vn -1 0 -3.0710496503161266E-05
vn -1 0 -3.0710496503161266E-05
vn -1 0 -3.0710496503161266E-05
vn -1 0 -3.0710496503161266E-05
vn -1 0 -3.0710496503161266E-05
vn -1 0 -3.0710496503161266E-05
vn -5.5681039157207124E-06 -0.97626131772994995 0.21659603714942932
vn -5.5681039157207124E-06 -0.97626131772994995 0.21659603714942932
vn -5.5681039157207124E-06 -0.97626131772994995 0.21659603714942932
vn -5.5681039157207124E-06 -0.97626131772994995 0.21659603714942932
vn -5.5681039157207124E-06 -0.97626131772994995 0.21659603714942932
vn -5.5681039157207124E-06 -0.97626131772994995 0.21659603714942932
vn -5.5681039157207124E-06 -0.97626131772994995 0.21659603714942932
vn -5.5681039157207124E-06 -0.97626131772994995 0.21659603714942932
vn 0 -1 0
vn 0 -1 0
vn 0 -1 0
vn 0 -1 0
vn 0 -1 0
vn 0 -1 0
vn 0 -1 0
vn -2.4365239369217306E-05 -0.31888389587402344 0.94779378175735474
vn -2.4365239369217306E-05 -0.31888389587402344 0.94779378175735474
vn -2.4365239369217306E-05 -0.31888389587402344 0.94779378175735474
vn -2.4365239369217306E-05 -0.31888389587402344 0.94779378175735474
vn -2.4365239369217306E-05 -0.31888389587402344 0.94779378175735474
vn -2.4365239369217306E-05 -0.31888389587402344 0.94779378175735474
vn -2.4365239369217306E-05 -0.31888389587402344 0.94779378175735474
vn -2.5707322492962703E-05 0 1
vn -2.5707322492962703E-05 0 1
vn -2.5707322492962703E-05 0 1
vn -2.5707322492962703E-05 0 1
vn -2.5707322492962703E-05 0 1
vn -2.5707322492962703E-05 0 1
vn -2.5707322492962703E-05 0 1
vn -2.5707322492962703E-05 0 1
vn -2.5707322492962703E-05 0 1
vn -2.5707322492962703E-05 0 1
vn -2.5707322492962703E-05 0 1
vn -2.5707322492962703E-05 0 1
vn -2.5707322492962703E-05 0 1
vn -2.5707322492962703E-05 0 1
vn -2.5707322492962703E-05 0 1
vn 2.1160214600968175E-05 0.56786727905273438 -0.8231201171875
vn 2.1160214600968175E-05 0.56786727905273438 -0.8231201171875
vn 2.1160214600968175E-05 0.56786727905273438 -0.8231201171875
vn 2.1160214600968175E-05 0.56786727905273438 -0.8231201171875
vn 2.1160214600968175E-05 0.56786727905273438 -0.8231201171875
vn 2.1160214600968175E-05 0.56786727905273438 -0.8231201171875
vn 2.1160214600968175E-05 0.56786727905273438 -0.8231201171875
vn 2.1160214600968175E-05 0.56786727905273438 -0.8231201171875
vn 2.1160214600968175E-05 0.56786727905273438 -0.8231201171875
vn 2.1160214600968175E-05 0.56786727905273438 -0.8231201171875
vn 2.1160214600968175E-05 0.56786727905273438 -0.8231201171875
vn 2.1160214600968175E-05 0.56786727905273438 -0.8231201171875
vn 2.1160214600968175E-05 0.56786727905273438 -0.8231201171875
vn 6.7341798057896085E-06 0.9650799036026001 -0.26195570826530457
vn 6.7341798057896085E-06 0.9650799036026001 -0.26195570826530457
vn 1.4835492038400844E-05 0.81667906045913696 -0.57709211111068726
vn 1.4835492038400844E-05 0.81667906045913696 -0.57709211111068726
vn 2.1358351659728214E-05 0.5565299391746521 -0.83082759380340576
vn 2.1358351659728214E-05 0.5565299391746521 -0.83082759380340576
vn 2.4995717467390932E-05 0.2336573451757431 -0.97231900691986084
vn 2.4995717467390932E-05 0.2336573451757431 -0.97231900691986084
vn 2.5611612727516331E-05 -0.086209878325462341 -0.99627697467803955
vn 2.5611612727516331E-05 -0.086209878325462341 -0.99627697467803955
vn 2.3161985154729337E-05 -0.43384429812431335 -0.90098786354064941
vn 2.3161985154729337E-05 -0.43384429812431335 -0.90098786354064941
vn 1.7689797459752299E-05 -0.725594162940979 -0.68812292814254761
vn 1.7689797459752299E-05 -0.725594162940979 -0.68812292814254761
vn 9.9667522590607405E-06 -0.92178523540496826 -0.38770091533660889
vn 9.9667522590607405E-06 -0.92178523540496826 -0.38770091533660889
vn 1.5667419575038366E-06 -0.99814110994338989 -0.060945361852645874
vn 1.5667419575038366E-06 -0.99814110994338989 -0.060945361852645874
vn -7.1065769589040428E-06 -0.96103066205978394 0.27644175291061401
vn -7.1065769589040428E-06 -0.96103066205978394 0.27644175291061401
vn -1.5241222172335256E-05 -0.8052946925163269 0.59287476539611816
vn -1.5241222172335256E-05 -0.8052946925163269 0.59287476539611816
vn -2.1519505025935359E-05 -0.54705548286437988 0.83709633350372314
vn -2.1519505025935359E-05 -0.54705548286437988 0.83709633350372314
vn -2.5005825591506436E-05 -0.23201487958431244 0.97271221876144409
vn -2.5005825591506436E-05 -0.23201487958431244 0.97271221876144409
vn -2.5005825591506436E-05 -0.23201487958431244 0.97271221876144409
vn 6.7341798057896085E-06 0.9650799036026001 -0.26195570826530457
vn -1 0 -3.0710496503161266E-05
vn -1 0 -3.0710496503161266E-05
vn -1 0 -3.0710496503161266E-05
vn -1 0 -3.0710496503161266E-05
vn -1 0 -3.0710496503161266E-05
vn -1 0 -3.0710496503161266E-05
vn -1 0 -3.0710496503161266E-05
vn -1 0 -3.0710496503161266E-05
vn -1 0 -3.0710496503161266E-05
vn -1 0 -3.0710496503161266E-05
vn -1 0 -3.0710496503161266E-05
vn -1 0 -3.0710496503161266E-05
vn -1 0 -3.0710496503161266E-05
vn -1 0 -3.0710496503161266E-05
vn -1 0 -3.0710496503161266E-05
vn -1 0 -3.0710496503161266E-05
vn -1 0 -3.0710496503161266E-05
vn -1 0 -3.0710496503161266E-05
vn -1 0 -3.0710496503161266E-05
vn -1 0 -3.0710496503161266E-05
vn -1 0 -3.0710496503161266E-05
vn -1 0 -3.0710496503161266E-05
vn -1 0 -3.0710496503161266E-05
vn -1 0 -3.0710496503161266E-05
vn -1 0 -3.0710496503161266E-05
vn -1 0 -3.0710496503161266E-05
vn -1 0 -3.0710496503161266E-05
vn -1 0 -3.0710496503161266E-05
vn -1 0 -3.0710496503161266E-05
vn -1 0 -3.0710496503161266E-05
vn -1 0 -3.0710496503161266E-05
vn -1 0 -3.0710496503161266E-05
vn -1 0 -3.0710496503161266E-05
vn -1 0 -3.0710496503161266E-05
vn -1 0 -3.0710496503161266E-05
vn -1 0 -3.0710496503161266E-05
vn -1 0 -3.0710496503161266E-05
vn -1 0 -3.0710496503161266E-05
vn -1 0 -3.0710496503161266E-05
vn -1 0 -3.0710496503161266E-05
vn -1 0 -3.0710496503161266E-05
vn -1 0 -3.0710496503161266E-05
vn -1 0 -3.0710496503161266E-05
vn -1 0 -3.0710496503161266E-05
vn -1 0 -3.0710496503161266E-05
vn -1 0 -3.0710496503161266E-05
vn -1 0 -3.0710496503161266E-05
vn -1 0 -3.0710496503161266E-05
vn -1 0 -3.0710496503161266E-05
vn -1 0 -3.0710496503161266E-05
vn -1 0 -3.0710496503161266E-05
vn -1 0 -3.0710496503161266E-05
vn -1 0 -3.0710496503161266E-05
vn -1 0 -3.0710496503161266E-05
vn -1 0 -3.0710496503161266E-05
vn -1 0 -3.0710496503161266E-05
vn -1 0 -3.0710496503161266E-05
vn -1 0 -3.0710496503161266E-05
vn -1 0 -3.0710496503161266E-05
vn -1 0 -3.0710496503161266E-05
vn -1 0 -3.0710496503161266E-05
vn -1 0 -3.0710496503161266E-05
vn -1 0 -3.0710496503161266E-05
vn -1 0 -3.0710496503161266E-05
vn -1 0 -3.0710496503161266E-05
vn -1 0 -3.0710496503161266E-05
vn -1 0 -3.0710496503161266E-05
vn -1 0 -3.0710496503161266E-05
vn -1 0 -3.0710496503161266E-05
vn -1 0 -3.0710496503161266E-05
vn -1 0 -3.0710496503161266E-05
vn -1 0 -3.0710496503161266E-05
vn -1 0 -3.0710496503161266E-05
vn -1 0 -3.0710496503161266E-05
vn -1 0 -3.0710496503161266E-05
vn -1 0 -3.0710496503161266E-05
vn 1 0 3.0710496503161266E-05
vn 1 0 3.0710496503161266E-05
vn 1 0 3.0710496503161266E-05
vn 1 0 3.0710496503161266E-05
vn 1 0 3.0710496503161266E-05
vn 1 0 3.0710496503161266E-05
vn 1 0 3.0710496503161266E-05
vn 1 0 3.0710496503161266E-05
vn 1 0 3.0710496503161266E-05
vn 1 0 3.0710496503161266E-05
vn 1 0 3.0710496503161266E-05
vn 1 0 3.0710496503161266E-05
vn 1 0 3.0710496503161266E-05
vn 1 0 3.0710496503161266E-05
vn 1 0 3.0710496503161266E-05
vn 1 0 3.0710496503161266E-05
vn 1 0 3.0710496503161266E-05
vn 1 0 3.0710496503161266E-05
vn 1 0 3.0710496503161266E-05
vn 1 0 3.0710496503161266E-05
vn 1 0 3.0710496503161266E-05
vn 1 0 3.0710496503161266E-05
vn 1 0 3.0710496503161266E-05
vn 1 0 3.0710496503161266E-05
vn 1 0 3.0710496503161266E-05
vn 1 0 3.0710496503161266E-05
vn 1 0 3.0710496503161266E-05
vn 1 0 3.0710496503161266E-05
vn 1 0 3.0710496503161266E-05
vn 1 0 3.0710496503161266E-05
vn 1 0 3.0710496503161266E-05
vn 1 0 3.0710496503161266E-05
vn 1 0 3.0710496503161266E-05
vn 1 0 3.0710496503161266E-05
vn 1 0 3.0710496503161266E-05
vn 1 0 3.0710496503161266E-05
vn 1 0 3.0710496503161266E-05
vn 1 0 3.0710496503161266E-05
vn 1 0 3.0710496503161266E-05
vn 1 0 3.0710496503161266E-05
vn 1 0 3.0710496503161266E-05
vn 1 0 3.0710496503161266E-05
vn 1 0 3.0710496503161266E-05
vn 1 0 3.0710496503161266E-05
vn 1 0 3.0710496503161266E-05
vn 1 0 3.0710496503161266E-05
vn 1 0 3.0710496503161266E-05
vn 1 0 3.0710496503161266E-05
vn 1 0 3.0710496503161266E-05
vn 1 0 3.0710496503161266E-05
vn 1 0 3.0710496503161266E-05
vn 1 0 3.0710496503161266E-05
vn 1 0 3.0710496503161266E-05
vn 1 0 3.0710496503161266E-05
vn 1 0 3.0710496503161266E-05
vn 1 0 3.0710496503161266E-05
vn 1 0 3.0710496503161266E-05
vn 1 0 3.0710496503161266E-05
vn 1 0 3.0710496503161266E-05
vn 1 0 3.0710496503161266E-05
vn 0 1 0
vn 0 1 0
vn 0 1 0
vn 0 1 0
vn 0 1 0
vn 0 1 0
vn 0 1 0
vn 0 1 0
vn 0 1 0
vn 0.69829905033111572 -0.71580618619918823 0
vn 0.69829905033111572 -0.71580618619918823 0
vn 0.69829905033111572 -0.71580618619918823 0
vn 0.69829905033111572 -0.71580618619918823 0
vn 0.69829905033111572 -0.71580618619918823 0
vn 0.69829905033111572 -0.71580618619918823 0
vn 0.69829905033111572 -0.71580618619918823 0
vn 0.69829905033111572 -0.71580618619918823 0
vn 0.69829905033111572 -0.71580618619918823 0
vn 0.69829905033111572 -0.71580618619918823 0
vn 0.69829905033111572 -0.71580618619918823 0
vn 0.69829905033111572 -0.71580618619918823 0
vn 0.69829905033111572 -0.71580618619918823 0
vn 0.69829905033111572 -0.71580618619918823 0
vn 0.69829905033111572 -0.71580618619918823 0
vn 0.69829905033111572 -0.71580618619918823 0
vn 0.69829905033111572 -0.71580618619918823 0
vn 0.69829905033111572 -0.71580618619918823 0
vn 0.69829905033111572 -0.71580618619918823 0
vn 0.69829905033111572 -0.71580618619918823 0
vn 0.69829905033111572 -0.71580618619918823 0
vn 0.69829905033111572 -0.71580618619918823 0
vn 0.69829905033111572 -0.71580618619918823 0
vn 1.4239228221413214E-05 0.088179752230644226 0.99610459804534912
vn 1.4239228221413214E-05 0.088179752230644226 0.99610459804534912
vn 1.4239228221413214E-05 0.088179752230644226 0.99610459804534912
vn 1.4239228221413214E-05 0.088179752230644226 0.99610459804534912
vn 1.4239228221413214E-05 0.088179752230644226 0.99610459804534912
vn 1.4239228221413214E-05 0.088179752230644226 0.99610459804534912
vn -0.082158558070659637 -0.095747798681259155 0.99200922250747681
vn -0.082158558070659637 -0.095747798681259155 0.99200922250747681
vn -0.082158558070659637 -0.095747798681259155 0.99200922250747681
vn -0.082158558070659637 -0.095747798681259155 0.99200922250747681
vn -0.082158558070659637 -0.095747798681259155 0.99200922250747681
vn -0.082158558070659637 -0.095747798681259155 0.99200922250747681
vn -0.082158558070659637 -0.095747798681259155 0.99200922250747681
vn -0.082158558070659637 -0.095747798681259155 0.99200922250747681
vn -0.082158558070659637 -0.095747798681259155 0.99200922250747681
vn -0.082158558070659637 -0.095747798681259155 0.99200922250747681
vn -0.082158558070659637 -0.095747798681259155 0.99200922250747681
vn -0.082158558070659637 -0.095747798681259155 0.99200922250747681
vn -0.082158558070659637 -0.095747798681259155 0.99200922250747681
vn -0.082158558070659637 -0.095747798681259155 0.99200922250747681
vn -0.082158558070659637 -0.095747798681259155 0.99200922250747681
vn -0.082158558070659637 -0.095747798681259155 0.99200922250747681
vn -0.082158558070659637 -0.095747798681259155 0.99200922250747681
vn -0.082158558070659637 -0.095747798681259155 0.99200922250747681
vn -0.69829905033111572 0.71580618619918823 0
vn -0.69829905033111572 0.71580618619918823 0
vn -0.69829905033111572 0.71580618619918823 0
vn -0.69829905033111572 0.71580618619918823 0
vn -0.69829905033111572 0.71580618619918823 0
vn -0.69829905033111572 0.71580618619918823 0
vn -0.69829905033111572 0.71580618619918823 0
vn -0.69829905033111572 0.71580618619918823 0
vn -0.69829905033111572 0.71580618619918823 0
vn -0.69829905033111572 0.71580618619918823 0
vn -0.69829905033111572 0.71580618619918823 0
vn -0.69829905033111572 0.71580618619918823 0
vn -0.69829905033111572 0.71580618619918823 0
vn -0.69829905033111572 0.71580618619918823 0
vn -0.69829905033111572 0.71580618619918823 0
vn -0.69829905033111572 0.71580618619918823 0
vn -0.69829905033111572 0.71580618619918823 0
vn -0.69829905033111572 0.71580618619918823 0
vn -0.69829905033111572 0.71580618619918823 0
vn -0.69829905033111572 0.71580618619918823 0
vn -0.69829905033111572 0.71580618619918823 0
vn -0.69829905033111572 0.71580618619918823 0
vn -0.69829905033111572 0.71580618619918823 0
vn -0.69829905033111572 0.71580618619918823 0
vn -0.69829905033111572 0.71580618619918823 0
vn -1.4213091162673663E-05 -0.10684068500995636 -0.99427616596221924
vn -1.4213091162673663E-05 -0.10684068500995636 -0.99427616596221924
vn -1.4213091162673663E-05 -0.10684068500995636 -0.99427616596221924
vn -1.4213091162673663E-05 -0.10684068500995636 -0.99427616596221924
vn -1.4213091162673663E-05 -0.10684068500995636 -0.99427616596221924
vn -1.4213091162673663E-05 -0.10684068500995636 -0.99427616596221924
vn -1.4213091162673663E-05 -0.10684068500995636 -0.99427616596221924
vn -1 0 0
vn -1 0 0
vn -1 0 0
vn -1 0 0
vn -1 0 0
vn -1 0 0
vn 0 -1 0
vn 0 -1 0
vn 0 -1 0
vn 0 -1 0
vn 0 -1 0
vn 0 -1 0
vn 0 -1 0
vn 0 -1 0
vn 0 -1 0
vn -0.69829905033111572 0.71580618619918823 0
vn -0.69829905033111572 0.71580618619918823 0
vn -0.69829905033111572 0.71580618619918823 0
vn -0.69829905033111572 0.71580618619918823 0
vn -0.69829905033111572 0.71580618619918823 0
vn -0.69829905033111572 0.71580618619918823 0
vn -0.69829905033111572 0.71580618619918823 0
vn -0.69829905033111572 0.71580618619918823 0
vn -0.69829905033111572 0.71580618619918823 0
vn -0.69829905033111572 0.71580618619918823 0
vn -0.69829905033111572 0.71580618619918823 0
vn 0 0 -1
vn 0 0 -1
vn 0 0 -1
vn 0 0 -1
vn 0 0 -1
vn 0 0 -1
vn 0 0 -1
vn 0 0 -1
vn 0 0 -1
vn 0 0 -1
vn 0 0 -1
vn 0 0 1
vn 0 0 1
vn 0 0 1
vn 0 0 1
vn 0 0 1
vn 0 0 1
vn 0 0 1
vn 0 0 1
vn 0 0 1
vn 0 0 1
vn 0 0 1
vn 0 -1 0
vn 0 -1 0
vn 0 -1 0
vn 0 -1 0
vn 0 -1 0
vn 0 -1 0
vn 0 -1 0
vn 0 -1 0
vn 0 -1 0
vn 0 -1 0
vn 0 -1 0
vn 0 -1 0
vn 0 -1 0
vn 0 -1 0
vn 0 -1 0
vn 0 -1 0
vn -2.5707322492962703E-05 0 -1
vn -2.5707322492962703E-05 0 -1
vn -2.5707322492962703E-05 0 -1
vn -2.5707322492962703E-05 0 -1
vn -2.5707322492962703E-05 0 -1
vn -2.5707322492962703E-05 0 -1
vn -2.5707322492962703E-05 0 -1
vn -2.5707322492962703E-05 0 -1
vn -2.5707322492962703E-05 0 -1
vn -2.5707322492962703E-05 0 -1
vn -2.5707322492962703E-05 0 -1
vn -2.5707322492962703E-05 0 -1
vn -2.5707322492962703E-05 0 -1
vn -2.5707322492962703E-05 0 -1
vn -2.5707322492962703E-05 0 -1
vn -2.5707322492962703E-05 0 -1
vn 0 1 0
vn 0 1 0
vn 0 1 0
vn 0 1 0
vn 0 1 0
vn 0 1 0
vn 0 1 0
vn 0 1 0
vn 0 1 0
vn 0 1 0
vn 0 1 0
vn 0 1 0
vn 0 1 0
vn 0 1 0
vn 0 1 0
vn 0 1 0
vn 0 1 0
vn 0 1 0
vn 0 1 0
vn 0 1 0
vn 0 1 0
vn 0 1 0
vn 0 1 0
vn 0 1 0
vn 0 1 0
vn 0 1 0
vn 2.4365239369217306E-05 -0.31888389587402344 0.94779378175735474
vn 2.4365239369217306E-05 -0.31888389587402344 0.94779378175735474
vn 2.4365239369217306E-05 -0.31888389587402344 0.94779378175735474
vn 2.4365239369217306E-05 -0.31888389587402344 0.94779378175735474
vn 2.4365239369217306E-05 -0.31888389587402344 0.94779378175735474
vn 2.4365239369217306E-05 -0.31888389587402344 0.94779378175735474
vn 2.4365239369217306E-05 -0.31888389587402344 0.94779378175735474
vn 2.4365239369217306E-05 -0.31888389587402344 0.94779378175735474
vn 2.4365239369217306E-05 -0.31888389587402344 0.94779378175735474
vn 2.4365239369217306E-05 -0.31888389587402344 0.94779378175735474
vn 0 -1 0
vn 0 -1 0
vn -9.7664797067409381E-06 -0.92502325773239136 -0.37991040945053101
vn -9.7664797067409381E-06 -0.92502325773239136 -0.37991040945053101
vn -1.836616502259858E-05 -0.69970357418060303 -0.71443325281143188
vn -1.836616502259858E-05 -0.69970357418060303 -0.71443325281143188
vn -2.394929833826609E-05 -0.36344948410987854 -0.93161392211914063
vn -2.394929833826609E-05 -0.36344948410987854 -0.93161392211914063
vn -2.5707322492962703E-05 0 -1
vn -2.5707322492962703E-05 0 -1
vn -2.3779870389262214E-05 0.37991040945053101 -0.92502325773239136
vn -2.3779870389262214E-05 0.37991040945053101 -0.92502325773239136
vn -1.7987505998462439E-05 0.71443325281143188 -0.69970357418060303
vn -1.7987505998462439E-05 0.71443325281143188 -0.69970357418060303
vn -9.3433127403841354E-06 0.93161392211914063 -0.36344948410987854
vn -9.3433127403841354E-06 0.93161392211914063 -0.36344948410987854
vn 0 1 0
vn 0 1 0
vn 9.7664797067409381E-06 0.92502325773239136 0.37991040945053101
vn 9.7664797067409381E-06 0.92502325773239136 0.37991040945053101
vn 1.836616502259858E-05 0.69970357418060303 0.71443325281143188
vn 1.836616502259858E-05 0.69970357418060303 0.71443325281143188
vn 2.394929833826609E-05 0.36344948410987854 0.93161392211914063
vn 2.394929833826609E-05 0.36344948410987854 0.93161392211914063
vn 2.5707322492962703E-05 0 1
vn 2.5707322492962703E-05 0 1
vn 2.3779870389262214E-05 -0.37991040945053101 0.92502325773239136
vn 2.3779870389262214E-05 -0.37991040945053101 0.92502325773239136
vn 1.7987505998462439E-05 -0.71443325281143188 0.69970357418060303
vn 1.7987505998462439E-05 -0.71443325281143188 0.69970357418060303
vn 9.3433127403841354E-06 -0.93161392211914063 0.36344948410987854
vn 9.3433127403841354E-06 -0.93161392211914063 0.36344948410987854
vn 0 -1 0
vn 0 -1 0
vn 1 0 -3.0710496503161266E-05
vn 1 0 -3.0710496503161266E-05
vn 1 0 -3.0710496503161266E-05
vn 1 0 -3.0710496503161266E-05
vn 1 0 -3.0710496503161266E-05
vn 1 0 -3.0710496503161266E-05
vn 1 0 -3.0710496503161266E-05
vn 1 0 -3.0710496503161266E-05
vn 1 0 -3.0710496503161266E-05
vn 1 0 -3.0710496503161266E-05
vn 1 0 -3.0710496503161266E-05
vn 1 0 -3.0710496503161266E-05
vn 1 0 -3.0710496503161266E-05
vn 1 0 -3.0710496503161266E-05
vn 1 0 -3.0710496503161266E-05
vn 1 0 -3.0710496503161266E-05
vn 5.5681039157207124E-06 -0.97626131772994995 0.21659603714942932
vn 5.5681039157207124E-06 -0.97626131772994995 0.21659603714942932
vn 5.5681039157207124E-06 -0.97626131772994995 0.21659603714942932
vn 5.5681039157207124E-06 -0.97626131772994995 0.21659603714942932
vn 5.5681039157207124E-06 -0.97626131772994995 0.21659603714942932
vn 5.5681039157207124E-06 -0.97626131772994995 0.21659603714942932
vn 5.5681039157207124E-06 -0.97626131772994995 0.21659603714942932
vn 5.5681039157207124E-06 -0.97626131772994995 0.21659603714942932
vn 0 -1 0
vn 0 -1 0
vn 0 -1 0
vn 0 -1 0
vn 0 -1 0
vn 0 -1 0
vn 0 -1 0
vn 2.4365239369217306E-05 -0.31888389587402344 0.94779378175735474
vn 2.4365239369217306E-05 -0.31888389587402344 0.94779378175735474
vn 2.4365239369217306E-05 -0.31888389587402344 0.94779378175735474
vn 2.4365239369217306E-05 -0.31888389587402344 0.94779378175735474
vn 2.4365239369217306E-05 -0.31888389587402344 0.94779378175735474
vn 2.4365239369217306E-05 -0.31888389587402344 0.94779378175735474
vn 2.4365239369217306E-05 -0.31888389587402344 0.94779378175735474
vn 2.5707322492962703E-05 0 1
vn 2.5707322492962703E-05 0 1
vn 2.5707322492962703E-05 0 1
vn 2.5707322492962703E-05 0 1
vn 2.5707322492962703E-05 0 1
vn 2.5707322492962703E-05 0 1
vn 2.5707322492962703E-05 0 1
vn 2.5707322492962703E-05 0 1
vn 2.5707322492962703E-05 0 1
vn 2.5707322492962703E-05 0 1
vn 2.5707322492962703E-05 0 1
vn 2.5707322492962703E-05 0 1
vn 2.5707322492962703E-05 0 1
vn 2.5707322492962703E-05 0 1
vn 2.5707322492962703E-05 0 1
vn -2.1160214600968175E-05 0.56786727905273438 -0.8231201171875
vn -2.1160214600968175E-05 0.56786727905273438 -0.8231201171875
vn -2.1160214600968175E-05 0.56786727905273438 -0.8231201171875
vn -2.1160214600968175E-05 0.56786727905273438 -0.8231201171875
vn -2.1160214600968175E-05 0.56786727905273438 -0.8231201171875
vn -2.1160214600968175E-05 0.56786727905273438 -0.8231201171875
vn -2.1160214600968175E-05 0.56786727905273438 -0.8231201171875
vn -2.1160214600968175E-05 0.56786727905273438 -0.8231201171875
vn -2.1160214600968175E-05 0.56786727905273438 -0.8231201171875
vn -2.1160214600968175E-05 0.56786727905273438 -0.8231201171875
vn -2.1160214600968175E-05 0.56786727905273438 -0.8231201171875
vn -2.1160214600968175E-05 0.56786727905273438 -0.8231201171875
vn -2.1160214600968175E-05 0.56786727905273438 -0.8231201171875
vn -6.7341798057896085E-06 0.9650799036026001 -0.26195570826530457
vn -6.7341798057896085E-06 0.9650799036026001 -0.26195570826530457
vn -1.4835492038400844E-05 0.81667906045913696 -0.57709211111068726
vn -1.4835492038400844E-05 0.81667906045913696 -0.57709211111068726
vn -2.1358351659728214E-05 0.5565299391746521 -0.83082759380340576
vn -2.1358351659728214E-05 0.5565299391746521 -0.83082759380340576
vn -2.4995717467390932E-05 0.2336573451757431 -0.97231900691986084
vn -2.4995717467390932E-05 0.2336573451757431 -0.97231900691986084
vn -2.5611612727516331E-05 -0.086209878325462341 -0.99627697467803955
vn -2.5611612727516331E-05 -0.086209878325462341 -0.99627697467803955
vn -2.3161985154729337E-05 -0.43384429812431335 -0.90098786354064941
vn -2.3161985154729337E-05 -0.43384429812431335 -0.90098786354064941
vn -1.7689797459752299E-05 -0.725594162940979 -0.68812292814254761
vn -1.7689797459752299E-05 -0.725594162940979 -0.68812292814254761
vn -9.9667522590607405E-06 -0.92178523540496826 -0.38770091533660889
vn -9.9667522590607405E-06 -0.92178523540496826 -0.38770091533660889
vn -1.5667419575038366E-06 -0.99814110994338989 -0.060945361852645874
vn -1.5667419575038366E-06 -0.99814110994338989 -0.060945361852645874
vn 7.1065769589040428E-06 -0.96103066205978394 0.27644175291061401
vn 7.1065769589040428E-06 -0.96103066205978394 0.27644175291061401
vn 1.5241222172335256E-05 -0.8052946925163269 0.59287476539611816
vn 1.5241222172335256E-05 -0.8052946925163269 0.59287476539611816
vn 2.1519505025935359E-05 -0.54705548286437988 0.83709633350372314
vn 2.1519505025935359E-05 -0.54705548286437988 0.83709633350372314
vn 2.5005825591506436E-05 -0.23201487958431244 0.97271221876144409
vn 2.5005825591506436E-05 -0.23201487958431244 0.97271221876144409
vn 2.5005825591506436E-05 -0.23201487958431244 0.97271221876144409
vn -6.7341798057896085E-06 0.9650799036026001 -0.26195570826530457
vn 1 0 -3.0710496503161266E-05
vn 1 0 -3.0710496503161266E-05
vn 1 0 -3.0710496503161266E-05
vn 1 0 -3.0710496503161266E-05
vn 1 0 -3.0710496503161266E-05
vn 1 0 -3.0710496503161266E-05
vn 1 0 -3.0710496503161266E-05
vn 1 0 -3.0710496503161266E-05
vn 1 0 -3.0710496503161266E-05
vn 1 0 -3.0710496503161266E-05
vn 1 0 -3.0710496503161266E-05
vn 1 0 -3.0710496503161266E-05
vn 1 0 -3.0710496503161266E-05
vn 1 0 -3.0710496503161266E-05
vn 1 0 -3.0710496503161266E-05
vn 1 0 -3.0710496503161266E-05
vn 1 0 -3.0710496503161266E-05
vn 1 0 -3.0710496503161266E-05
vn 1 0 -3.0710496503161266E-05
vn 1 0 -3.0710496503161266E-05
vn 1 0 -3.0710496503161266E-05
vn 1 0 -3.0710496503161266E-05
vn 1 0 -3.0710496503161266E-05
vn 1 0 -3.0710496503161266E-05
vn 1 0 -3.0710496503161266E-05
vn 1 0 -3.0710496503161266E-05
vn 1 0 -3.0710496503161266E-05
vn 1 0 -3.0710496503161266E-05
vn 1 0 -3.0710496503161266E-05
vn 1 0 -3.0710496503161266E-05
vn 1 0 -3.0710496503161266E-05
vn 1 0 -3.0710496503161266E-05
vn 1 0 -3.0710496503161266E-05
vn 1 0 -3.0710496503161266E-05
vn 1 0 -3.0710496503161266E-05
vn 1 0 -3.0710496503161266E-05
vn 1 0 -3.0710496503161266E-05
vn 1 0 -3.0710496503161266E-05
vn 1 0 -3.0710496503161266E-05
vn 1 0 -3.0710496503161266E-05
vn 1 0 -3.0710496503161266E-05
vn 1 0 -3.0710496503161266E-05
vn 1 0 -3.0710496503161266E-05
vn 1 0 -3.0710496503161266E-05
vn 1 0 -3.0710496503161266E-05
vn 1 0 -3.0710496503161266E-05
vn 1 0 -3.0710496503161266E-05
vn 1 0 -3.0710496503161266E-05
vn 1 0 -3.0710496503161266E-05
vn 1 0 -3.0710496503161266E-05
vn 1 0 -3.0710496503161266E-05
vn 1 0 -3.0710496503161266E-05
vn 1 0 -3.0710496503161266E-05
vn 1 0 -3.0710496503161266E-05
vn 1 0 -3.0710496503161266E-05
vn 1 0 -3.0710496503161266E-05
vn 1 0 -3.0710496503161266E-05
vn 1 0 -3.0710496503161266E-05
vn 1 0 -3.0710496503161266E-05
vn 1 0 -3.0710496503161266E-05
vn 1 0 -3.0710496503161266E-05
vn 1 0 -3.0710496503161266E-05
vn 1 0 -3.0710496503161266E-05
vn 1 0 -3.0710496503161266E-05
vn 1 0 -3.0710496503161266E-05
vn 1 0 -3.0710496503161266E-05
vn 1 0 -3.0710496503161266E-05
vn 1 0 -3.0710496503161266E-05
vn 1 0 -3.0710496503161266E-05
vn 1 0 -3.0710496503161266E-05
vn 1 0 -3.0710496503161266E-05
vn 1 0 -3.0710496503161266E-05
vn 1 0 -3.0710496503161266E-05
vn 1 0 -3.0710496503161266E-05
vn 1 0 -3.0710496503161266E-05
vn 1 0 -3.0710496503161266E-05
vn -1 0 3.0710496503161266E-05
vn -1 0 3.0710496503161266E-05
vn -1 0 3.0710496503161266E-05
vn -1 0 3.0710496503161266E-05
vn -1 0 3.0710496503161266E-05
vn -1 0 3.0710496503161266E-05
vn -1 0 3.0710496503161266E-05
vn -1 0 3.0710496503161266E-05
vn -1 0 3.0710496503161266E-05
vn -1 0 3.0710496503161266E-05
vn -1 0 3.0710496503161266E-05
vn -1 0 3.0710496503161266E-05
vn -1 0 3.0710496503161266E-05
vn -1 0 3.0710496503161266E-05
vn -1 0 3.0710496503161266E-05
vn -1 0 3.0710496503161266E-05
vn -1 0 3.0710496503161266E-05
vn -1 0 3.0710496503161266E-05
vn -1 0 3.0710496503161266E-05
vn -1 0 3.0710496503161266E-05
vn -1 0 3.0710496503161266E-05
vn -1 0 3.0710496503161266E-05
vn -1 0 3.0710496503161266E-05
vn -1 0 3.0710496503161266E-05
vn -1 0 3.0710496503161266E-05
vn -1 0 3.0710496503161266E-05
vn -1 0 3.0710496503161266E-05
vn -1 0 3.0710496503161266E-05
vn -1 0 3.0710496503161266E-05
vn -1 0 3.0710496503161266E-05
vn -1 0 3.0710496503161266E-05
vn -1 0 3.0710496503161266E-05
vn -1 0 3.0710496503161266E-05
vn -1 0 3.0710496503161266E-05
vn -1 0 3.0710496503161266E-05
vn -1 0 3.0710496503161266E-05
vn -1 0 3.0710496503161266E-05
vn -1 0 3.0710496503161266E-05
vn -1 0 3.0710496503161266E-05
vn -1 0 3.0710496503161266E-05
vn -1 0 3.0710496503161266E-05
vn -1 0 3.0710496503161266E-05
vn -1 0 3.0710496503161266E-05
vn -1 0 3.0710496503161266E-05
vn -1 0 3.0710496503161266E-05
vn -1 0 3.0710496503161266E-05
vn -1 0 3.0710496503161266E-05
vn -1 0 3.0710496503161266E-05
vn -1 0 3.0710496503161266E-05
vn -1 0 3.0710496503161266E-05
vn -1 0 3.0710496503161266E-05
vn -1 0 3.0710496503161266E-05
vn -1 0 3.0710496503161266E-05
vn -1 0 3.0710496503161266E-05
vn -1 0 3.0710496503161266E-05
vn -1 0 3.0710496503161266E-05
vn -1 0 3.0710496503161266E-05
vn -1 0 3.0710496503161266E-05
vn -1 0 3.0710496503161266E-05
vn -1 0 3.0710496503161266E-05
vn 2.5707322492962703E-05 0 1
vn 2.5707322492962703E-05 0 1
vn 2.5707322492962703E-05 0 1
vn 2.5707322492962703E-05 0 1
vn 2.5707322492962703E-05 0 1
vn 2.5707322492962703E-05 0 1
vn 2.5707322492962703E-05 0 1
vn 2.5707322492962703E-05 0 1
vn 2.5707322492962703E-05 0 1
vn 2.5707322492962703E-05 0 1
vn 2.5707322492962703E-05 0 1
vn 2.5707322492962703E-05 0 1
vn 2.5707322492962703E-05 0 1
vn 2.5707322492962703E-05 0 1
vn 2.5707322492962703E-05 0 1
vn 2.5707322492962703E-05 0 1
vn 0 1 0
vn 0 1 0
vn 0 1 0
vn 0 1 0
vn 0 1 0
vn 0 1 0
vn 0 1 0
vn 0 1 0
vn 0 1 0
vn -7.1474564720119815E-06 -1 4.7671006031535512E-10
vn -7.1474564720119815E-06 -1 4.7671006031535512E-10
vn -7.1474564720119815E-06 -1 4.7674347802839634E-10
vn -7.1474564720119815E-06 -1 4.7672954472943729E-10
vn -7.1474564720119815E-06 -1 4.7672676917187573E-10
vn -7.1474564720119815E-06 -1 4.7674347802839634E-10
vn -7.1474564720119815E-06 -1 4.7674347802839634E-10
vn -7.1474564720119815E-06 -1 4.7674347802839634E-10
vn -7.1474564720119815E-06 -1 4.767212180567526E-10
vn -7.1474564720119815E-06 -1 4.7673237579815009E-10
vn -7.1474564720119815E-06 -1 4.7671844249919104E-10
vn -7.1474564720119815E-06 -1 4.7671006031535512E-10
vn -7.1474564720119815E-06 -1 4.7670867253657434E-10
vn -3.3050177989935037E-06 4.8602039059986168E-10 1
vn -3.3050177989935037E-06 4.8601800362035874E-10 1
vn -3.3050177989935037E-06 4.8602039059986168E-10 1
vn -3.3050177989935037E-06 4.8601800362035874E-10 1
vn -3.3050177989935037E-06 4.860182811761149E-10 1
vn -3.3050177989935037E-06 4.8601933588798829E-10 1
vn -3.3050177989935037E-06 4.8602039059986168E-10 1
vn -3.3050177989935037E-06 4.8601933588798829E-10 1
vn -3.3050177989935037E-06 4.860182811761149E-10 1
vn -3.3050177989935037E-06 4.8601800362035874E-10 1
vn 7.1474564720119815E-06 1 -8.8077228843630451E-10
vn 7.1474564720119815E-06 1 -8.8074619819522582E-10
vn 7.1474564720119815E-06 1 -8.8077228843630451E-10
vn 7.1474564720119815E-06 1 -8.8075491344596912E-10
vn 7.1474564720119815E-06 1 -8.8076579363161045E-10
vn 7.1474564720119815E-06 1 -8.8077228843630451E-10
vn 7.1474564720119815E-06 1 -8.8074619819522582E-10
vn 7.1474564720119815E-06 1 -8.8074619819522582E-10
vn 7.1474564720119815E-06 1 -8.8077228843630451E-10
vn 7.1474564720119815E-06 1 -8.8076795856650847E-10
vn 7.1474564720119815E-06 1 -8.8075924331576516E-10
vn 7.1474564720119815E-06 1 -8.8075924331576516E-10
vn 7.1474564720119815E-06 1 -8.8075491344596912E-10
vn 7.1474564720119815E-06 1 -8.8075491344596912E-10
vn 7.1474564720119815E-06 1 -8.8075491344596912E-10
vn 1 -2.7614178179646842E-05 1.2768927263095975E-05
vn 1 -2.7614178179646842E-05 1.2768927263095975E-05
vn 1 -2.7614178179646842E-05 1.2768927263095975E-05
vn 1 -2.7614178179646842E-05 1.2768927263095975E-05
vn 1 -2.7614178179646842E-05 1.2768927263095975E-05
vn 1 -2.7614178179646842E-05 1.2768927263095975E-05
vn 1 -2.7614178179646842E-05 1.2768927263095975E-05
vn 1 -2.7614178179646842E-05 1.2768927263095975E-05
vn 1 -2.7614178179646842E-05 1.2768927263095975E-05
vn -1 2.7614178179646842E-05 -1.2768927263095975E-05
vn -1 2.7614178179646842E-05 -1.2768927263095975E-05
vn -1 2.7614178179646842E-05 -1.2768927263095975E-05
vn -1 2.7614178179646842E-05 -1.2768927263095975E-05
vn -1 2.7614178179646842E-05 -1.2768927263095975E-05
vn -1 2.7614178179646842E-05 -1.2768927263095975E-05
vn -1 2.7614178179646842E-05 -1.2768927263095975E-05
vn -1 2.7614178179646842E-05 -1.2768927263095975E-05
vn -1 2.7614178179646842E-05 -1.2768927263095975E-05
vn -1 -1.9884128050762229E-05 7.4029732786584646E-05
vn -1 -1.9884128050762229E-05 7.4029732786584646E-05
vn -1 -1.9884128050762229E-05 7.4029732786584646E-05
vn -1 -1.9884128050762229E-05 7.4029732786584646E-05
vn -1 -1.9884128050762229E-05 7.4029732786584646E-05
vn -1 -1.9884128050762229E-05 7.4029732786584646E-05
vn -1 -1.9884128050762229E-05 7.4029732786584646E-05
vn -1 -1.9884128050762229E-05 7.4029732786584646E-05
vn -1.4294912944023963E-05 0 -1
vn -1.4294912944023963E-05 0 -1
vn -1.4294912944023963E-05 0 -1
vn -1.4294912944023963E-05 0 -1
vn -1.4294912944023963E-05 0 -1
vn -1.4294912944023963E-05 0 -1
vn -1.4294912944023963E-05 0 -1
vn -1.4294912944023963E-05 0 -1
vn 1 1.9884128050762229E-05 -7.4029732786584646E-05
vn 1 1.9884128050762229E-05 -7.4029732786584646E-05
vn 1 1.9884128050762229E-05 -7.4029732786584646E-05
vn 1 1.9884128050762229E-05 -7.4029732786584646E-05
vn 1 1.9884128050762229E-05 -7.4029732786584646E-05
vn 1 1.9884128050762229E-05 -7.4029732786584646E-05
vn 1 1.9884128050762229E-05 -7.4029732786584646E-05
vn 1 1.9884128050762229E-05 -7.4029732786584646E-05
vn 0 -1 0
vn 0 -1 0
vn 0 -1 0
vn 0 -1 0
vn 0 -1 0
vn 0 -1 0
vn 0 -1 0
vn 0 -1 0
vn 0 1 0
vn 0 1 0
vn 0 1 0
vn 0 1 0
vn 0 1 0
vn 0 1 0
vn 0 1 0
vn 0 1 0
vn -1 -1.9884128050762229E-05 7.4029732786584646E-05
vn -1 -1.9884128050762229E-05 7.4029732786584646E-05
vn -1 -1.9884128050762229E-05 7.4029732786584646E-05
vn -1 -1.9884128050762229E-05 7.4029732786584646E-05
vn -1 -1.9884128050762229E-05 7.4029732786584646E-05
vn -1 -1.9884128050762229E-05 7.4029732786584646E-05
vn -1 -1.9884128050762229E-05 7.4029732786584646E-05
vn -1 -1.9884128050762229E-05 7.4029732786584646E-05
vn 0 -1 0
vn 0 -1 0
vn 0 -1 0
vn 0 -1 0
vn 0 -1 0
vn 0 -1 0
vn 0 -1 0
vn 0 -1 0
vn 1 1.9884128050762229E-05 -7.4029732786584646E-05
vn 1 1.9884128050762229E-05 -7.4029732786584646E-05
vn 1 1.9884128050762229E-05 -7.4029732786584646E-05
vn 1 1.9884128050762229E-05 -7.4029732786584646E-05
vn 1 1.9884128050762229E-05 -7.4029732786584646E-05
vn 1 1.9884128050762229E-05 -7.4029732786584646E-05
vn 1 1.9884128050762229E-05 -7.4029732786584646E-05
vn 1 1.9884128050762229E-05 -7.4029732786584646E-05
vn 0 1 0
vn 0 1 0
vn 0 1 0
vn 0 1 0
vn 0 1 0
vn 0 1 0
vn 0 1 0
vn 0 1 0
vn -1.4294912944023963E-05 0 -1
vn -1.4294912944023963E-05 0 -1
vn -1.4294912944023963E-05 0 -1
vn -1.4294912944023963E-05 0 -1
vn -1.4294912944023963E-05 0 -1
vn -1.4294912944023963E-05 0 -1
vn -1.4294912944023963E-05 0 -1
vn -1.4294912944023963E-05 0 -1
vn 1.0963698287014267E-06 -0.99705445766448975 0.076696500182151794
vn 1.0963698287014267E-06 -0.99705445766448975 0.076696500182151794
vn 1.0963698287014267E-06 -0.99705445766448975 0.076696500182151794
vn 1.0963698287014267E-06 -0.99705445766448975 0.076696500182151794
vn 1.0963698287014267E-06 -0.99705445766448975 0.076696500182151794
vn 1.0963698287014267E-06 -0.99705445766448975 0.076696500182151794
vn 1.0963698287014267E-06 -0.99705445766448975 0.076696500182151794
vn 1.0963698287014267E-06 -0.99705445766448975 0.076696500182151794
vn 1.4266393009165768E-05 0.063136830925941467 0.99800485372543335
vn 1.4266393009165768E-05 0.063136830925941467 0.99800485372543335
vn 1.4266393009165768E-05 0.063136830925941467 0.99800485372543335
vn 1.4266393009165768E-05 0.063136830925941467 0.99800485372543335
vn 1.4266393009165768E-05 0.063136830925941467 0.99800485372543335
vn 1.4266393009165768E-05 0.063136830925941467 0.99800485372543335
vn 1.4266393009165768E-05 0.063136830925941467 0.99800485372543335
vn 1.4266393009165768E-05 0.063136830925941467 0.99800485372543335
vn 1.4266393009165768E-05 0.063136830925941467 0.99800485372543335
vn 1.4266393009165768E-05 0.063136830925941467 0.99800485372543335
vn 1.4266393009165768E-05 0.063136830925941467 0.99800485372543335
vn 1.4266393009165768E-05 0.063136830925941467 0.99800485372543335
vn 1.4266393009165768E-05 0.063136830925941467 0.99800485372543335
vn 1.4266393009165768E-05 0.063136830925941467 0.99800485372543335
vn 1.4266393009165768E-05 0.063136830925941467 0.99800485372543335
vn 1.4266393009165768E-05 0.063136830925941467 0.99800485372543335
vn 1.4266393009165768E-05 0.063136830925941467 0.99800485372543335
vn 1.4266393009165768E-05 0.063136830925941467 0.99800485372543335
vn 1.4266393009165768E-05 0.063136830925941467 0.99800485372543335
vn 1.4266393009165768E-05 0.063136830925941467 0.99800485372543335
vn 1.4266393009165768E-05 0.063136830925941467 0.99800485372543335
vn 1.4266393009165768E-05 0.063136830925941467 0.99800485372543335
vn 1.4266393009165768E-05 0.063136830925941467 0.99800485372543335
vn 1.4266393009165768E-05 0.063136830925941467 0.99800485372543335
vn 1.4266393009165768E-05 0.063136830925941467 0.99800485372543335
vn 1.4266393009165768E-05 0.063136830925941467 0.99800485372543335
vn 1.4266393009165768E-05 0.063136830925941467 0.99800485372543335
vn 1.4266393009165768E-05 0.063136830925941467 0.99800485372543335
vn 1.4266393009165768E-05 0.063136830925941467 0.99800485372543335
vn 1.4266393009165768E-05 0.063136830925941467 0.99800485372543335
vn 1.4266393009165768E-05 0.063136830925941467 0.99800485372543335
vn 1.4266393009165768E-05 0.063136830925941467 0.99800485372543335
vn 1.4266393009165768E-05 0.063136830925941467 0.99800485372543335
vn 1.4266393009165768E-05 0.063136830925941467 0.99800485372543335
vn 1.4266393009165768E-05 0.063136830925941467 0.99800485372543335
vn 1.4266393009165768E-05 0.063136830925941467 0.99800485372543335
vn 1.4266393009165768E-05 0.063136830925941467 0.99800485372543335
vn 1.4266393009165768E-05 0.063136830925941467 0.99800485372543335
vn 1.4266393009165768E-05 0.063136830925941467 0.99800485372543335
vn 1.4266393009165768E-05 0.063136830925941467 0.99800485372543335
vn 1.4266393009165768E-05 0.063136830925941467 0.99800485372543335
vn 1.4266393009165768E-05 0.063136830925941467 0.99800485372543335
vn 1.4266393009165768E-05 0.063136830925941467 0.99800485372543335
vn 3.6739079405379016E-06 0.96640926599502563 0.25700807571411133
vn 3.6739079405379016E-06 0.96640926599502563 0.25700807571411133
vn 3.6739079405379016E-06 0.96640926599502563 0.25700807571411133
vn 3.6739079405379016E-06 0.96640926599502563 0.25700807571411133
vn 3.6739079405379016E-06 0.96640926599502563 0.25700807571411133
vn 3.6739079405379016E-06 0.96640926599502563 0.25700807571411133
vn 3.6739079405379016E-06 0.96640926599502563 0.25700807571411133
vn 3.6739079405379016E-06 0.96640926599502563 0.25700807571411133
vn 3.6739079405379016E-06 0.96640926599502563 0.25700807571411133
vn 3.6739079405379016E-06 0.96640926599502563 0.25700807571411133
vn 3.6739079405379016E-06 0.96640926599502563 0.25700807571411133
vn 3.6739079405379016E-06 0.96640926599502563 0.25700807571411133
vn 3.6739079405379016E-06 0.96640926599502563 0.25700807571411133
vn 3.6739079405379016E-06 0.96640926599502563 0.25700807571411133
vn 3.6739079405379016E-06 0.96640926599502563 0.25700807571411133
vn 3.6739079405379016E-06 0.96640926599502563 0.25700807571411133
vn 3.6739079405379016E-06 0.96640926599502563 0.25700807571411133
vn 3.6739079405379016E-06 0.96640926599502563 0.25700807571411133
vn 3.6739079405379016E-06 0.96640926599502563 0.25700807571411133
vn 3.6739079405379016E-06 0.96640926599502563 0.25700807571411133
vn 1.4191559785103891E-05 0.12003263831138611 0.99276995658874512
vn 1.4191559785103891E-05 0.12003263831138611 0.99276995658874512
vn 1.4191559785103891E-05 0.12003263831138611 0.99276995658874512
vn 1.4191559785103891E-05 0.12003263831138611 0.99276995658874512
vn 1.4191559785103891E-05 0.12003263831138611 0.99276995658874512
vn 1.4191559785103891E-05 0.12003263831138611 0.99276995658874512
vn 1.4191559785103891E-05 0.12003263831138611 0.99276995658874512
vn 1.4191559785103891E-05 0.12003263831138611 0.99276995658874512
vn 1.4191559785103891E-05 0.12003263831138611 0.99276995658874512
vn 1.4191559785103891E-05 0.12003263831138611 0.99276995658874512
vn 1.4191559785103891E-05 0.12003263831138611 0.99276995658874512
vn 1.4191559785103891E-05 0.12003263831138611 0.99276995658874512
vn 1.4191559785103891E-05 0.12003263831138611 0.99276995658874512
vn 1.4191559785103891E-05 0.12003263831138611 0.99276995658874512
vn 1.4191559785103891E-05 0.12003263831138611 0.99276995658874512
vn 1.4191559785103891E-05 0.12003263831138611 0.99276995658874512
vn 1.4191559785103891E-05 0.12003263831138611 0.99276995658874512
vn 1.4191559785103891E-05 0.12003263831138611 0.99276995658874512
vn 1.4191559785103891E-05 0.12003263831138611 0.99276995658874512
vn 1.4191559785103891E-05 0.12003263831138611 0.99276995658874512
vn 1.4191559785103891E-05 0.12003263831138611 0.99276995658874512
vn 1.4191559785103891E-05 0.12003263831138611 0.99276995658874512
vn 1.4191559785103891E-05 0.12003263831138611 0.99276995658874512
vn 1.4191559785103891E-05 0.12003263831138611 0.99276995658874512
vn 1.4191559785103891E-05 0.12003263831138611 0.99276995658874512
vn 1.4191559785103891E-05 0.12003263831138611 0.99276995658874512
vn 1.4191559785103891E-05 0.12003263831138611 0.99276995658874512
vn 1.4191559785103891E-05 0.12003263831138611 0.99276995658874512
vn 1.4191559785103891E-05 0.12003263831138611 0.99276995658874512
vn 1.4191559785103891E-05 0.12003263831138611 0.99276995658874512
vn 1.4191559785103891E-05 0.12003263831138611 0.99276995658874512
vn 1.4191559785103891E-05 0.12003263831138611 0.99276995658874512
vn 1.4191559785103891E-05 0.12003263831138611 0.99276995658874512
vn 1.4191559785103891E-05 0.12003263831138611 0.99276995658874512
vn 1.4191559785103891E-05 0.12003263831138611 0.99276995658874512
vn 1.4191559785103891E-05 0.12003263831138611 0.99276995658874512
vn 1.4191559785103891E-05 0.12003263831138611 0.99276995658874512
vn 1.4191559785103891E-05 0.12003263831138611 0.99276995658874512
vn 1.4191559785103891E-05 0.12003263831138611 0.99276995658874512
vn 1.4191559785103891E-05 0.12003263831138611 0.99276995658874512
vn 1.4191559785103891E-05 0.12003263831138611 0.99276995658874512
vn 1.4191559785103891E-05 0.12003263831138611 0.99276995658874512
vn 1.4191559785103891E-05 0.12003263831138611 0.99276995658874512
vn 1.4191559785103891E-05 0.12003263831138611 0.99276995658874512
vn 1.4191559785103891E-05 0.12003263831138611 0.99276995658874512
vn 1.4191559785103891E-05 0.12003263831138611 0.99276995658874512
vn 1.4191559785103891E-05 0.12003263831138611 0.99276995658874512
vn 1.4191559785103891E-05 0.12003263831138611 0.99276995658874512
vn 1.4191559785103891E-05 0.12003263831138611 0.99276995658874512
vn 1.4191559785103891E-05 0.12003263831138611 0.99276995658874512
vn 1.4191559785103891E-05 0.12003263831138611 0.99276995658874512
vn 1.4191559785103891E-05 0.12003263831138611 0.99276995658874512
vn 1.4191559785103891E-05 0.12003263831138611 0.99276995658874512
vn 1.4191559785103891E-05 0.12003263831138611 0.99276995658874512
vn 1.4191559785103891E-05 0.12003263831138611 0.99276995658874512
vn 1.4191559785103891E-05 0.12003263831138611 0.99276995658874512
vn 1.4191559785103891E-05 0.12003263831138611 0.99276995658874512
vn 1.4191559785103891E-05 0.12003263831138611 0.99276995658874512
vn 1.4191559785103891E-05 0.12003263831138611 0.99276995658874512
vn 1.4191559785103891E-05 0.12003263831138611 0.99276995658874512
vn 1.4191559785103891E-05 0.12003263831138611 0.99276995658874512
vn 1.4191559785103891E-05 0.12003263831138611 0.99276995658874512
vn 1.4191559785103891E-05 0.12003263831138611 0.99276995658874512
vn 1.4191559785103891E-05 0.12003263831138611 0.99276995658874512
vn 1.4191559785103891E-05 0.12003263831138611 0.99276995658874512
vn 1.4191559785103891E-05 0.12003263831138611 0.99276995658874512
vn 1.4191559785103891E-05 0.12003263831138611 0.99276995658874512
vn 1.4191559785103891E-05 0.12003263831138611 0.99276995658874512
vn 1.4191559785103891E-05 0.12003263831138611 0.99276995658874512
vn 1.4191559785103891E-05 0.12003263831138611 0.99276995658874512
vn 1.4191559785103891E-05 0.12003263831138611 0.99276995658874512
vn 1.4191559785103891E-05 0.12003263831138611 0.99276995658874512
vn 1.4191559785103891E-05 0.12003263831138611 0.99276995658874512
vn 1.4191559785103891E-05 0.12003263831138611 0.99276995658874512
vn 1.4191559785103891E-05 0.12003263831138611 0.99276995658874512
vn 1.4191559785103891E-05 0.12003263831138611 0.99276995658874512
vn 1.4191559785103891E-05 0.12003263831138611 0.99276995658874512
vn 1.4191559785103891E-05 0.12003263831138611 0.99276995658874512
vn 0 1 0
vn 0 1 0
vn 0 1 0
vn 0 1 0
vn 0 1 0
vn 0 1 0
vn 0 1 0
vn 0 1 0
vn 0 1 0
vn 0 1 0
vn 0 1 0
vn 0 1 0
vn 0 1 0
vn 0 1 0
vn 0 1 0
vn 0 1 0
vn 0 1 0
vn 0 1 0
vn 0 1 0
vn 0 1 0
vn 0 1 0
vn -1.4294912944023963E-05 0 -1
vn -1.4294912944023963E-05 0 -1
vn -1.4294912944023963E-05 0 -1
vn -1.4294912944023963E-05 0 -1
vn -1.4294912944023963E-05 0 -1
vn -1.4294912944023963E-05 0 -1
vn -1.4294912944023963E-05 0 -1
vn -1.4294912944023963E-05 0 -1
vn -1.4294912944023963E-05 0 -1
vn -1.4294912944023963E-05 0 -1
vn -1.4294912944023963E-05 0 -1
vn -1.4294912944023963E-05 0 -1
vn -1.4294912944023963E-05 0 -1
vn -1.4294912944023963E-05 0 -1
vn -1.4294912944023963E-05 0 -1
vn -1.4294912944023963E-05 0 -1
vn -1.4294912944023963E-05 0 -1
vn -1.4294912944023963E-05 0 -1
vn -1.4294912944023963E-05 0 -1
vn -1.4294912944023963E-05 0 -1
vn -1.4294912944023963E-05 0 -1
vn -1.4294912944023963E-05 0 -1
vn -1.4294912944023963E-05 0 -1
vn -1.4294912944023963E-05 0 -1
vn -1.4294912944023963E-05 0 -1
vn -1.4294912944023963E-05 0 -1
vn -1.4294912944023963E-05 0 -1
vn -1.4294912944023963E-05 0 -1
vn -1.4294912944023963E-05 0 -1
vn -1.4294912944023963E-05 0 -1
vn -1.4294912944023963E-05 0 -1
vn -1.4294912944023963E-05 0 -1
vn -1.4294912944023963E-05 0 -1
vn -1.4294912944023963E-05 0 -1
vn -1.4294912944023963E-05 0 -1
vn -1.4294912944023963E-05 0 -1
vn -1.4294912944023963E-05 0 -1
vn -1.4294912944023963E-05 0 -1
vn -1.4294912944023963E-05 0 -1
vn -1.4294912944023963E-05 0 -1
vn -1.4294912944023963E-05 0 -1
vn -1.4294912944023963E-05 0 -1
vn -1.4294912944023963E-05 0 -1
vn -1.4294912944023963E-05 0 -1
vn -1.4294912944023963E-05 0 -1
vn -1.4294912944023963E-05 0 -1
vn -1.4294912944023963E-05 0 -1
vn -1.4294912944023963E-05 0 -1
vn -1.4294912944023963E-05 0 -1
vn -1.4294912944023963E-05 0 -1
vn -1.4294912944023963E-05 0 -1
vn -1.4294912944023963E-05 0 -1
vn -1.4294912944023963E-05 0 -1
vn -1.4294912944023963E-05 0 -1
vn -1.4294912944023963E-05 0 -1
vn -1.4294912944023963E-05 0 -1
vn -1.4294912944023963E-05 0 -1
vn -1.4294912944023963E-05 0 -1
vn -1.4294912944023963E-05 0 -1
vn -1.4294912944023963E-05 0 -1
vn -1.4294912944023963E-05 0 -1
vn -1.4294912944023963E-05 0 -1
vn -1.4294912944023963E-05 0 -1
vn -1.4294912944023963E-05 0 -1
vn -1.4294912944023963E-05 0 -1
vn -1.4294912944023963E-05 0 -1
vn -1.4294912944023963E-05 0 -1
vn -1.4294912944023963E-05 0 -1
vn -1.4294912944023963E-05 0 -1
vn -1.4294912944023963E-05 0 -1
vn -1.4294912944023963E-05 0 -1
vn -1.4294912944023963E-05 0 -1
vn -1.4294912944023963E-05 0 -1
vn -1.4294912944023963E-05 0 -1
vn -1.4294912944023963E-05 0 -1
vn -1.4294912944023963E-05 0 -1
vn -1.4294912944023963E-05 0 -1
vn -1.4294912944023963E-05 0 -1
vn -1.4294912944023963E-05 0 -1
vn -1.4294912944023963E-05 0 -1
vn -1.4294912944023963E-05 0 -1
vn -1.4294912944023963E-05 0 -1
vn -1.4294912944023963E-05 0 -1
vn -1.4294912944023963E-05 0 -1
vn -1.4294912944023963E-05 0 -1
vn -1.4294912944023963E-05 0 -1
vn -1.4294912944023963E-05 0 -1
vn -1.4294912944023963E-05 0 -1
vn -1.4294912944023963E-05 0 -1
vn -1.4294912944023963E-05 0 -1
vn -1.4294912944023963E-05 0 -1
vn -1.4294912944023963E-05 0 -1
vn -1.4294912944023963E-05 0 -1
vn -1.4294912944023963E-05 0 -1
vn -1.4294912944023963E-05 0 -1
vn -1.4294912944023963E-05 0 -1
vn -1.4294912944023963E-05 0 -1
vn -1.4294912944023963E-05 0 -1
vn -1.4294912944023963E-05 0 -1
vn -1.4294912944023963E-05 0 -1
vn -1.4294912944023963E-05 0 -1
vn -1.4294912944023963E-05 0 -1
vn -1.4294912944023963E-05 0 -1
vn -1.4294912944023963E-05 0 -1
vn -1.4294912944023963E-05 0 -1
vn -1.4294912944023963E-05 0 -1
vn -1.4294912944023963E-05 0 -1
vn -1.4294912944023963E-05 0 -1
vn -1.4294912944023963E-05 0 -1
vn -1.4294912944023963E-05 0 -1
vn -1.4294912944023963E-05 0 -1
vn -1.4294912944023963E-05 0 -1
vn -1.4294912944023963E-05 0 -1
vn -1.4294912944023963E-05 0 -1
vn -1.4294912944023963E-05 0 -1
vn -1.4294912944023963E-05 0 -1
vn -1.4294912944023963E-05 0 -1
vn -1.4294912944023963E-05 0 -1
vn -1.4294912944023963E-05 0 -1
vn -1.4294912944023963E-05 0 -1
vn -1.4294912944023963E-05 0 -1
vn -1.4294912944023963E-05 0 -1
vn -1.4294912944023963E-05 0 -1
vn -1.4294912944023963E-05 0 -1
vn -1.4294912944023963E-05 0 -1
vn -1.4294912944023963E-05 0 -1
vn -1.4294912944023963E-05 0 -1
vn -1.4294912944023963E-05 0 -1
vn -1.4294912944023963E-05 0 -1
vn -1.4294912944023963E-05 0 -1
vn -1.4294912944023963E-05 0 -1
vn -1.4294912944023963E-05 0 -1
vn -1.4294912944023963E-05 0 -1
vn -1.4294912944023963E-05 0 -1
vn -1.4294912944023963E-05 0 -1
vn -1.4294912944023963E-05 0 -1
vn -1.4294912944023963E-05 0 -1
vn -1.4294912944023963E-05 0 -1
vn -1.4294912944023963E-05 0 -1
vn -1.4294912944023963E-05 0 -1
vn -1.4294912944023963E-05 0 -1
vn -1.4294912944023963E-05 0 -1
vn -1.4294912944023963E-05 0 -1
vn -1.4294912944023963E-05 0 -1
vn -1.4294912944023963E-05 0 -1
vn -1.4294912944023963E-05 0 -1
vn -1.4294912944023963E-05 0 -1
vn -1.4294912944023963E-05 0 -1
vn -1.4294912944023963E-05 0 -1
vn -1.4294912944023963E-05 0 -1
vn -1.4294912944023963E-05 0 -1
vn -1.4294912944023963E-05 0 -1
vn -1.4294912944023963E-05 0 -1
vn -1.4294912944023963E-05 0 -1
vn -1.4294912944023963E-05 0 -1
vn -1.4294912944023963E-05 0 -1
vn -1.4294912944023963E-05 0 -1
vn -1.4294912944023963E-05 0 -1
vn -1.4294912944023963E-05 0 -1
vn -1.4294912944023963E-05 0 -1
vn -1.4294912944023963E-05 0 -1
vn -1.4294912944023963E-05 0 -1
vn -1.4294912944023963E-05 0 -1
vn -1.4294912944023963E-05 0 -1
vn -1.4294912944023963E-05 0 -1
vn -1.4294912944023963E-05 0 -1
vn -1.4294912944023963E-05 0 -1
vn -1.4294912944023963E-05 0 -1
vn -1.4294912944023963E-05 0 -1
vn -1.4294912944023963E-05 0 -1
vn -1.4294912944023963E-05 0 -1
vn -1.4294912944023963E-05 0 -1
vn -1.4294912944023963E-05 0 -1
vn -1.4294912944023963E-05 0 -1
vn -1.4294912944023963E-05 0 -1
vn -1.4294912944023963E-05 0 -1
vn -1.4294912944023963E-05 0 -1
vn -1.4213091162673663E-05 -0.10684068500995636 -0.99427616596221924
vn -1.4213091162673663E-05 -0.10684068500995636 -0.99427616596221924
vn -1.4213091162673663E-05 -0.10684068500995636 -0.99427616596221924
vn -1.4213091162673663E-05 -0.10684068500995636 -0.99427616596221924
vn -1.4213091162673663E-05 -0.10684068500995636 -0.99427616596221924
vn -1.4213091162673663E-05 -0.10684068500995636 -0.99427616596221924
vn -1.4213091162673663E-05 -0.10684068500995636 -0.99427616596221924
vn -1.4213091162673663E-05 -0.10684068500995636 -0.99427616596221924
vn 1.4134513548924588E-05 -0.14938391745090485 0.98877924680709839
vn 1.4134513548924588E-05 -0.14938391745090485 0.98877924680709839
vn 1.4134513548924588E-05 -0.14938391745090485 0.98877924680709839
vn 1.4134513548924588E-05 -0.14938391745090485 0.98877924680709839
vn 1.4134513548924588E-05 -0.14938391745090485 0.98877924680709839
vn 1.4134513548924588E-05 -0.14938391745090485 0.98877924680709839
vn 1.4134513548924588E-05 -0.14938391745090485 0.98877924680709839
vn 1.4239228221413214E-05 0.088179752230644226 0.99610459804534912
vn 1.4239228221413214E-05 0.088179752230644226 0.99610459804534912
vn 1.4239228221413214E-05 0.088179752230644226 0.99610459804534912
vn 1.4239228221413214E-05 0.088179752230644226 0.99610459804534912
vn 1.4239228221413214E-05 0.088179752230644226 0.99610459804534912
vn 1.4239228221413214E-05 0.088179752230644226 0.99610459804534912
vn 1.4239228221413214E-05 0.088179752230644226 0.99610459804534912
vn 1.4239228221413214E-05 0.088179752230644226 0.99610459804534912
vn 1.4239228221413214E-05 0.088179752230644226 0.99610459804534912
vn 1.4239228221413214E-05 0.088179752230644226 0.99610459804534912
vn 1.4239228221413214E-05 0.088179752230644226 0.99610459804534912
vn 1.4239228221413214E-05 0.088179752230644226 0.99610459804534912
vn 1.4239228221413214E-05 0.088179752230644226 0.99610459804534912
vn 1.4239228221413214E-05 0.088179752230644226 0.99610459804534912
vn 1 0 -5.5228356359293684E-05
vn 1 0 -5.5228356359293684E-05
vn 1 0 -5.5228356359293684E-05
vn 1 0 -5.5228356359293684E-05
vn 1 0 -5.5228356359293684E-05
vn 1 0 -5.5228356359293684E-05
vn 1 0 -5.5228356359293684E-05
vn 1 0 -5.5228356359293684E-05
vn 1 0 -5.5228356359293684E-05
vn 1 0 -5.5228356359293684E-05
vn 1 0 -5.5228356359293684E-05
vn 1 0 -5.5228356359293684E-05
vn 1 0 -5.5228356359293684E-05
vn 1 0 -5.5228356359293684E-05
vn 1 0 -5.5228356359293684E-05
vn 1 0 -5.5228356359293684E-05
vn 1 0 -5.5228356359293684E-05
vn 1 0 -5.5228356359293684E-05
vn 1 0 -5.5228356359293684E-05
vn 1 0 -5.5228356359293684E-05
vn 1 0 -5.5228356359293684E-05
vn 1 0 -5.5228356359293684E-05
vn 1 0 -5.5228356359293684E-05
vn 1 0 -5.5228356359293684E-05
vn 1 0 -5.5228356359293684E-05
vn 1 0 -5.5228356359293684E-05
vn 1 0 -5.5228356359293684E-05
vn 1 0 -5.5228356359293684E-05
vn 1 0 -5.5228356359293684E-05
vn 1 0 -5.5228356359293684E-05
vn 1 0 -5.5228356359293684E-05
vn 1 0 -5.5228356359293684E-05
vn 1 0 -5.5228356359293684E-05
vn 1 0 -5.5228356359293684E-05
vn 1 0 -5.5228356359293684E-05
vn 1 0 -5.5228356359293684E-05
vn 1 0 -5.5228356359293684E-05
vn 1 0 -5.5228356359293684E-05
vn 1 0 -5.5228356359293684E-05
vn 1 0 -5.5228356359293684E-05
vn 1 0 -5.5228356359293684E-05
vn 1 0 -5.5228356359293684E-05
vn 1 0 -5.5228356359293684E-05
vn 1 0 -5.5228356359293684E-05
vn 1 0 -5.5228356359293684E-05
vn 1 0 -5.5228356359293684E-05
vn 1 0 -5.5228356359293684E-05
vn 1 0 -5.5228356359293684E-05
vn 1 0 -5.5228356359293684E-05
vn 1 0 -5.5228356359293684E-05
vn 1 0 -5.5228356359293684E-05
vn 1 0 -5.5228356359293684E-05
vn 1 0 -5.5228356359293684E-05
vn 1 0 -5.5228356359293684E-05
vn 1 0 -5.5228356359293684E-05
vn 1 0 -5.5228356359293684E-05
vn 1 0 -5.5228356359293684E-05
vn 1 0 -5.5228356359293684E-05
vn 1 0 -5.5228356359293684E-05
vn 1 0 -5.5228356359293684E-05
vn 1 0 -5.5228356359293684E-05
vn 1 0 -5.5228356359293684E-05
vn 1 0 -5.5228356359293684E-05
vn 1 0 -5.5228356359293684E-05
vn 1 0 -5.5228356359293684E-05
vn 1 0 -5.5228356359293684E-05
vn 1 0 -5.5228356359293684E-05
vn 1 0 -5.5228356359293684E-05
vn 1 0 -5.5228356359293684E-05
vn 1 0 -5.5228356359293684E-05
vn 1 0 -5.5228356359293684E-05
vn 1 0 -5.5228356359293684E-05
vn 1 0 -5.5228356359293684E-05
vn 1 0 -5.5228356359293684E-05
vn 1 0 -5.5228356359293684E-05
vn 1 0 -5.5228356359293684E-05
vn 1 0 -5.5228356359293684E-05
vn 1 0 -5.5228356359293684E-05
vn 1 0 -5.5228356359293684E-05
vn 1 0 -5.5228356359293684E-05
vn 1 0 -5.5228356359293684E-05
vn 1 0 -5.5228356359293684E-05
vn 1 0 -5.5228356359293684E-05
vn 1 0 -5.5228356359293684E-05
vn 1 0 -5.5228356359293684E-05
vn 1 0 -5.5228356359293684E-05
vn 1 0 -5.5228356359293684E-05
vn 1 0 -5.5228356359293684E-05
vn 1 0 -5.5228356359293684E-05
vn 1 0 -5.5228356359293684E-05
vn 1 0 -5.5228356359293684E-05
vn 1 0 -5.5228356359293684E-05
vn 1 0 -5.5228356359293684E-05
vn 1 0 -5.5228356359293684E-05
vn 1 0 -5.5228356359293684E-05
vn 1 0 -5.5228356359293684E-05
vn 1 0 -5.5228356359293684E-05
vn 1 0 -5.5228356359293684E-05
vn 1 0 -5.5228356359293684E-05
vn 1 0 -5.5228356359293684E-05
vn 1 0 -5.5228356359293684E-05
vn 1 0 -5.5228356359293684E-05
vn 1 0 -5.5228356359293684E-05
vn 1 0 -5.5228356359293684E-05
vn 1 0 -5.5228356359293684E-05
vn 1 0 -5.5228356359293684E-05
vn 1 0 -5.5228356359293684E-05
vn 1 0 -5.5228356359293684E-05
vn 1 0 -5.5228356359293684E-05
vn 1 0 -5.5228356359293684E-05
vn 1 0 -5.5228356359293684E-05
vn 1 0 -5.5228356359293684E-05
vn 1 0 -5.5228356359293684E-05
vn 1 0 -5.5228356359293684E-05
vn 1 0 -5.5228356359293684E-05
vn 1 0 -5.5228356359293684E-05
vn 1 0 -5.5228356359293684E-05
vn 1 0 -5.5228356359293684E-05
vn 1 0 -5.5228356359293684E-05
vn 1 0 -5.5228356359293684E-05
vn 1 0 -5.5228356359293684E-05
vn 1 0 -5.5228356359293684E-05
vn 1 0 -5.5228356359293684E-05
vn 1 0 -5.5228356359293684E-05
vn 1 0 -5.5228356359293684E-05
vn 1 0 -5.5228356359293684E-05
vn 1 0 -5.5228356359293684E-05
vn -1.4294912944023963E-05 0 -1
vn -1.4294912944023963E-05 0 -1
vn -1.4294912944023963E-05 0 -1
vn -1.4294912944023963E-05 0 -1
vn -1.4294912944023963E-05 0 -1
vn -1.4294912944023963E-05 0 -1
vn -1.4294912944023963E-05 0 -1
vn -1.4294912944023963E-05 0 -1
vn -1.4294912944023963E-05 0 -1
vn 0 -1 0
vn 0 -1 0
vn 0 -1 0
vn 0 -1 0
vn 0 -1 0
vn 0 -1 0
vn 0 -1 0
vn 0 -1 0
vn 0 -1 0
vn 0 -1 0
vn 0 -1 0
vn 0 -1 0
vn 0 -1 0
vn 0 -1 0
vn 0 -1 0
vn -1 0 5.5228356359293684E-05
vn -1 0 5.5228356359293684E-05
vn -1 0 5.5228356359293684E-05
vn -1 0 5.5228356359293684E-05
vn -1 0 5.5228356359293684E-05
vn -1 0 5.5228356359293684E-05
vn -1 0 5.5228356359293684E-05
vn -1 0 5.5228356359293684E-05
vn -1 0 5.5228356359293684E-05
vn -1 0 5.5228356359293684E-05
vn -1 0 5.5228356359293684E-05
vn -1 0 5.5228356359293684E-05
vn -1 0 5.5228356359293684E-05
vn -1 0 5.5228356359293684E-05
vn -1 0 5.5228356359293684E-05
vn -1 0 5.5228356359293684E-05
vn -1 0 5.5228356359293684E-05
vn -1 0 5.5228356359293684E-05
vn -1 0 5.5228356359293684E-05
vn -1 0 5.5228356359293684E-05
vn -1 0 5.5228356359293684E-05
vn -1 0 5.5228356359293684E-05
vn -1 0 5.5228356359293684E-05
vn -1 0 5.5228356359293684E-05
vn -1 0 5.5228356359293684E-05
vn -1 0 5.5228356359293684E-05
vn -1 0 5.5228356359293684E-05
vn -1 0 5.5228356359293684E-05
vn -1 0 5.5228356359293684E-05
vn -1 0 5.5228356359293684E-05
vn -1 0 5.5228356359293684E-05
vn -1 0 5.5228356359293684E-05
vn -1 0 5.5228356359293684E-05
vn -1 0 5.5228356359293684E-05
vn -1 0 5.5228356359293684E-05
vn -1 0 5.5228356359293684E-05
vn -1 0 5.5228356359293684E-05
vn -1 0 5.5228356359293684E-05
vn -1 0 5.5228356359293684E-05
vn -1 0 5.5228356359293684E-05
vn -1 0 5.5228356359293684E-05
vn -1 0 5.5228356359293684E-05
vn -1 0 5.5228356359293684E-05
vn -1 0 5.5228356359293684E-05
vn -1 0 5.5228356359293684E-05
vn -1 0 5.5228356359293684E-05
vn -1 0 5.5228356359293684E-05
vn -1 0 5.5228356359293684E-05
vn -1 0 5.5228356359293684E-05
vn -1 0 5.5228356359293684E-05
vn -1 0 5.5228356359293684E-05
vn -1 0 5.5228356359293684E-05
vn -1 0 5.5228356359293684E-05
vn -1 0 5.5228356359293684E-05
vn -1 0 5.5228356359293684E-05
vn -1 0 5.5228356359293684E-05
vn -1 0 5.5228356359293684E-05
vn -1 0 5.5228356359293684E-05
vn -1 0 5.5228356359293684E-05
vn -1 0 5.5228356359293684E-05
vn -1 0 5.5228356359293684E-05
vn -1 0 5.5228356359293684E-05
vn -1 0 5.5228356359293684E-05
vn -1 0 5.5228356359293684E-05
vn -1 0 5.5228356359293684E-05
vn -1 0 5.5228356359293684E-05
vn -1 0 5.5228356359293684E-05
vn -1 0 5.5228356359293684E-05
vn -1 0 5.5228356359293684E-05
vn -1 0 5.5228356359293684E-05
vn -1 0 5.5228356359293684E-05
vn -1 0 5.5228356359293684E-05
vn -1 0 5.5228356359293684E-05
vn -1 0 5.5228356359293684E-05
vn -1 0 5.5228356359293684E-05
vn -1 0 5.5228356359293684E-05
vn -1 0 5.5228356359293684E-05
vn -1 0 5.5228356359293684E-05
vn -1 0 5.5228356359293684E-05
vn -1 0 5.5228356359293684E-05
vn -1 0 5.5228356359293684E-05
vn -1 0 5.5228356359293684E-05
vn -1 0 5.5228356359293684E-05
vn -1 0 5.5228356359293684E-05
vn -1 0 5.5228356359293684E-05
vn -1 0 5.5228356359293684E-05
vn -1 0 5.5228356359293684E-05
vn -1 0 5.5228356359293684E-05
vn -1 0 5.5228356359293684E-05
vn -1 0 5.5228356359293684E-05
vn -1 0 5.5228356359293684E-05
vn -1 0 5.5228356359293684E-05
vn -1 0 5.5228356359293684E-05
vn -1 0 5.5228356359293684E-05
vn -1 0 5.5228356359293684E-05
vn -1 0 5.5228356359293684E-05
vn -1 0 5.5228356359293684E-05
vn -1 0 5.5228356359293684E-05
vn -1 0 5.5228356359293684E-05
vn -1 0 5.5228356359293684E-05
vn -1 0 5.5228356359293684E-05
vn -1 0 5.5228356359293684E-05
vn -1 0 5.5228356359293684E-05
vn -1 0 5.5228356359293684E-05
vn -1 0 5.5228356359293684E-05
vn -1 0 5.5228356359293684E-05
vn -1 0 5.5228356359293684E-05
vn -1 0 5.5228356359293684E-05
vn -1 0 5.5228356359293684E-05
vn -1 0 5.5228356359293684E-05
vn -1 0 5.5228356359293684E-05
vn -1 0 5.5228356359293684E-05
vn -1 0 5.5228356359293684E-05
vn -1 0 5.5228356359293684E-05
vn -1 0 5.5228356359293684E-05
vn -1 0 5.5228356359293684E-05
vn -1 0 5.5228356359293684E-05
vn -1 0 5.5228356359293684E-05
vn -1 0 5.5228356359293684E-05
vn -1 0 5.5228356359293684E-05
vn -1 0 5.5228356359293684E-05
vn -1 0 5.5228356359293684E-05
vn -1 0 5.5228356359293684E-05
vn -1 0 5.5228356359293684E-05
vn -1 0 5.5228356359293684E-05
vn -1 0 5.5228356359293684E-05
vn -1 0 5.5228356359293684E-05
vn -0.69829905033111572 -0.71580618619918823 0
vn -0.69829905033111572 -0.71580618619918823 0
vn -0.69829905033111572 -0.71580618619918823 0
vn -0.69829905033111572 -0.71580618619918823 0
vn -0.69829905033111572 -0.71580618619918823 0
vn -0.69829905033111572 -0.71580618619918823 0
vn -0.69829905033111572 -0.71580618619918823 0
vn -0.69829905033111572 -0.71580618619918823 0
vn -0.69829905033111572 -0.71580618619918823 0
vn -0.69829905033111572 -0.71580618619918823 0
vn -0.69829905033111572 -0.71580618619918823 0
vn -0.69829905033111572 -0.71580618619918823 0
vn -0.69829905033111572 -0.71580618619918823 0
vn -0.69829905033111572 -0.71580618619918823 0
vn -0.69829905033111572 -0.71580618619918823 0
vn -0.69829905033111572 -0.71580618619918823 0
vn -0.69829905033111572 -0.71580618619918823 0
vn -0.69829905033111572 -0.71580618619918823 0
vn -0.69829905033111572 -0.71580618619918823 0
vn -0.69829905033111572 -0.71580618619918823 0
vn -0.69829905033111572 -0.71580618619918823 0
vn -0.69829905033111572 -0.71580618619918823 0
vn -0.69829905033111572 -0.71580618619918823 0
vn -1.4239228221413214E-05 0.088179752230644226 0.99610459804534912
vn -1.4239228221413214E-05 0.088179752230644226 0.99610459804534912
vn -1.4239228221413214E-05 0.088179752230644226 0.99610459804534912
vn -1.4239228221413214E-05 0.088179752230644226 0.99610459804534912
vn -1.4239228221413214E-05 0.088179752230644226 0.99610459804534912
vn -1.4239228221413214E-05 0.088179752230644226 0.99610459804534912
vn 0.082158558070659637 -0.095747798681259155 0.99200922250747681
vn 0.082158558070659637 -0.095747798681259155 0.99200922250747681
vn 0.082158558070659637 -0.095747798681259155 0.99200922250747681
vn 0.082158558070659637 -0.095747798681259155 0.99200922250747681
vn 0.082158558070659637 -0.095747798681259155 0.99200922250747681
vn 0.082158558070659637 -0.095747798681259155 0.99200922250747681
vn 0.082158558070659637 -0.095747798681259155 0.99200922250747681
vn 0.082158558070659637 -0.095747798681259155 0.99200922250747681
vn 0.082158558070659637 -0.095747798681259155 0.99200922250747681
vn 0.082158558070659637 -0.095747798681259155 0.99200922250747681
vn 0.082158558070659637 -0.095747798681259155 0.99200922250747681
vn 0.082158558070659637 -0.095747798681259155 0.99200922250747681
vn 0.082158558070659637 -0.095747798681259155 0.99200922250747681
vn 0.082158558070659637 -0.095747798681259155 0.99200922250747681
vn 0.082158558070659637 -0.095747798681259155 0.99200922250747681
vn 0.082158558070659637 -0.095747798681259155 0.99200922250747681
vn 0.082158558070659637 -0.095747798681259155 0.99200922250747681
vn 0.082158558070659637 -0.095747798681259155 0.99200922250747681
vn 0.69829905033111572 0.71580618619918823 0
vn 0.69829905033111572 0.71580618619918823 0
vn 0.69829905033111572 0.71580618619918823 0
vn 0.69829905033111572 0.71580618619918823 0
vn 0.69829905033111572 0.71580618619918823 0
vn 0.69829905033111572 0.71580618619918823 0
vn 0.69829905033111572 0.71580618619918823 0
vn 0.69829905033111572 0.71580618619918823 0
vn 0.69829905033111572 0.71580618619918823 0
vn 0.69829905033111572 0.71580618619918823 0
vn 0.69829905033111572 0.71580618619918823 0
vn 0.69829905033111572 0.71580618619918823 0
vn 0.69829905033111572 0.71580618619918823 0
vn 0.69829905033111572 0.71580618619918823 0
vn 0.69829905033111572 0.71580618619918823 0
vn 0.69829905033111572 0.71580618619918823 0
vn 0.69829905033111572 0.71580618619918823 0
vn 0.69829905033111572 0.71580618619918823 0
vn 0.69829905033111572 0.71580618619918823 0
vn 0.69829905033111572 0.71580618619918823 0
vn 0.69829905033111572 0.71580618619918823 0
vn 0.69829905033111572 0.71580618619918823 0
vn 0.69829905033111572 0.71580618619918823 0
vn 0.69829905033111572 0.71580618619918823 0
vn 0.69829905033111572 0.71580618619918823 0
vn 1.4213091162673663E-05 -0.10684068500995636 -0.99427616596221924
vn 1.4213091162673663E-05 -0.10684068500995636 -0.99427616596221924
vn 1.4213091162673663E-05 -0.10684068500995636 -0.99427616596221924
vn 1.4213091162673663E-05 -0.10684068500995636 -0.99427616596221924
vn 1.4213091162673663E-05 -0.10684068500995636 -0.99427616596221924
vn 1.4213091162673663E-05 -0.10684068500995636 -0.99427616596221924
vn 1.4213091162673663E-05 -0.10684068500995636 -0.99427616596221924
vn 0 1 0
vn 0 1 0
vn 0 1 0
vn 0 1 0
vn 0 1 0
vn 0 1 0
vn 0 1 0
vn 0 1 0
vn 0 1 0
vn 0 1 0
vn 0 1 0
vn 0 1 0
vn 0 1 0
vn 0 1 0
vn 0 1 0
vn 0 1 0
vn 0 1 0
vn 0 1 0
vn 0 1 0
vn 0 1 0
vn 0 1 0
vn 0 1 0
vn 0 1 0
vn 0 1 0
vn 0 1 0
vn 0 1 0
vn -2.4365239369217306E-05 -0.31888389587402344 0.94779378175735474
vn -2.4365239369217306E-05 -0.31888389587402344 0.94779378175735474
vn -2.4365239369217306E-05 -0.31888389587402344 0.94779378175735474
vn -2.4365239369217306E-05 -0.31888389587402344 0.94779378175735474
vn -2.4365239369217306E-05 -0.31888389587402344 0.94779378175735474
vn -2.4365239369217306E-05 -0.31888389587402344 0.94779378175735474
vn -2.4365239369217306E-05 -0.31888389587402344 0.94779378175735474
vn -2.4365239369217306E-05 -0.31888389587402344 0.94779378175735474
vn -2.4365239369217306E-05 -0.31888389587402344 0.94779378175735474
vn -2.4365239369217306E-05 -0.31888389587402344 0.94779378175735474
vn -2.5707322492962703E-05 0 1
vn -2.5707322492962703E-05 0 1
vn -2.5707322492962703E-05 0 1
vn -2.5707322492962703E-05 0 1
vn -2.5707322492962703E-05 0 1
vn -2.5707322492962703E-05 0 1
vn -2.5707322492962703E-05 0 1
vn -2.5707322492962703E-05 0 1
vn -2.5707322492962703E-05 0 1
vn -2.5707322492962703E-05 0 1
vn -2.5707322492962703E-05 0 1
vn -2.5707322492962703E-05 0 1
vn -2.5707322492962703E-05 0 1
vn -2.5707322492962703E-05 0 1
vn -2.5707322492962703E-05 0 1
vn -2.5707322492962703E-05 0 1
f 6/6/6 5/5/5 3/3/3 1/1/1
f 2/2/2 4/4/4 5/5/5 6/6/6
f 5/10/10 8/11/11 3/7/7
f 5/10/10 4/8/8 10/13/13
f 10/13/13 8/11/11 5/10/10
f 8/11/11 10/13/13 11/14/14
f 7/9/9 12/15/15 10/13/13
f 11/14/14 10/13/13 12/15/15
f 9/12/12 8/11/11 11/14/14
f 18/24/24 13/16/16 16/22/22
f 17/23/23 15/21/21 14/17/17
f 15/21/21 17/23/23 16/22/22
f 6/20/20 1/18/18 18/24/24
f 2/19/19 6/20/20 17/23/23
f 18/24/24 17/23/23 6/20/20
f 16/22/22 17/23/23 18/24/24
f 18/29/29 22/34/34 13/25/25
f 18/29/29 20/32/32 21/33/33
f 8/28/28 19/31/31 20/32/32
f 21/33/33 22/34/34 18/29/29
f 8/28/28 18/29/29 1/27/27
f 8/28/28 9/30/30 19/31/31
f 1/27/27 3/26/26 8/28/28
f 18/29/29 8/28/28 20/32/32
f 17/39/39 14/35/35 26/44/44
f 17/39/39 25/43/43 24/42/42
f 10/38/38 24/42/42 23/41/41
f 25/43/43 17/39/39 26/44/44
f 10/38/38 2/37/37 17/39/39
f 10/38/38 23/41/41 7/40/40
f 2/37/37 10/38/38 4/36/36
f 17/39/39 24/42/42 10/38/38
f 32/50/50 33/51/51 35/53/53 34/52/52
f 36/54/54 37/55/55 33/51/51 32/50/50
f 35/53/53 27/45/45 42/60/60
f 27/45/45 35/53/53 30/48/48
f 41/59/59 34/52/52 35/53/53 42/60/60
f 34/52/52 41/59/59 40/58/58
f 32/50/50 34/52/52 39/57/57
f 40/58/58 39/57/57 34/52/52
f 33/51/51 30/48/48 35/53/53
f 37/55/55 31/49/49 33/51/51
f 30/48/48 33/51/51 31/49/49
f 38/56/56 28/46/46 37/55/55
f 31/49/49 37/55/55 28/46/46
f 29/47/47 36/54/54 32/50/50
f 36/54/54 29/47/47 38/56/56
f 36/54/54 38/56/56 37/55/55
f 39/57/57 29/47/47 32/50/50
f 48/69/69 49/70/70 51/72/72 50/71/71
f 52/73/73 53/74/74 49/70/70 48/69/69
f 51/72/72 44/65/65 28/61/61
f 49/70/70 45/66/66 44/65/65 51/72/72
f 38/64/64 51/72/72 28/61/61
f 50/71/71 38/64/64 29/62/62
f 48/69/69 50/71/71 29/62/62
f 51/72/72 38/64/64 50/71/71
f 49/70/70 46/67/67 45/66/66
f 46/67/67 49/70/70 53/74/74 47/68/68
f 53/74/74 43/63/63 47/68/68
f 54/75/75 43/63/63 53/74/74
f 55/76/76 52/73/73 48/69/69
f 52/73/73 55/76/76 54/75/75
f 52/73/73 54/75/75 53/74/74
f 29/62/62 55/76/76 48/69/69
f 58/79/79 56/77/77 57/78/78 59/80/80
f 62/83/83 60/81/81 61/82/82 63/84/84
f 60/81/81 58/79/79 59/80/80 61/82/82
f 66/87/87 64/85/85 65/86/86 67/88/88
f 70/91/91 68/89/89 69/90/90 71/92/92
f 68/89/89 66/87/87 67/88/88 69/90/90
f 64/85/85 62/83/83 63/84/84 65/86/86
f 72/93/93 70/91/91 71/92/92 73/94/94
f 76/97/97 74/95/95 75/96/96 77/98/98
f 80/101/101 78/99/99 79/100/100 81/102/102
f 78/99/99 76/97/97 77/98/98 79/100/100
f 84/105/105 82/103/103 83/104/104 85/106/106
f 56/109/109 86/107/107 87/108/108 57/110/110
f 86/107/107 84/105/105 85/106/106 87/108/108
f 82/103/103 80/101/101 81/102/102 83/104/104
f 74/95/95 72/93/93 73/94/94 75/96/96
f 77/121/121 75/120/120 85/125/125
f 83/124/124 79/122/122 77/121/121
f 87/126/126 75/120/120 73/119/119
f 57/111/111 73/119/119 71/118/118
f 69/117/117 67/116/116 61/113/113
f 59/112/112 71/118/118 69/117/117
f 81/123/123 79/122/122 83/124/124
f 75/120/120 87/126/126 85/125/125
f 87/126/126 73/119/119 57/111/111
f 71/118/118 59/112/112 57/111/111
f 63/114/114 67/116/116 65/115/115
f 61/113/113 67/116/116 63/114/114
f 69/117/117 61/113/113 59/112/112
f 85/125/125 83/124/124 77/121/121
f 95/134/134 90/129/129 88/127/127
f 95/134/134 89/128/128 91/130/130
f 91/130/130 90/129/129 95/134/134
f 91/130/130 94/133/133 92/131/131 90/129/129
f 94/133/133 91/130/130 93/132/132
f 96/137/137 92/135/135 94/141/141
f 97/138/138 94/141/141 93/136/136
f 98/139/139 96/137/137 97/138/138 99/140/140
f 94/141/141 97/138/138 96/137/137
f 99/143/143 101/145/145 100/144/144 98/142/142
f 103/147/147 102/146/146 27/148/148
f 103/147/147 27/148/148 100/144/144 101/145/145
f 116/163/163 115/162/162 113/160/160 114/161/161
f 113/160/160 108/155/155 107/154/154 112/159/159
f 108/155/155 110/157/157 109/156/156 107/154/154
f 110/157/157 105/152/152 109/156/156
f 102/149/149 109/156/156 105/152/152
f 107/154/154 109/156/156 102/149/149
f 112/159/159 107/154/154 103/150/150
f 102/149/149 103/150/150 107/154/154
f 114/161/161 112/159/159 103/150/150
f 108/155/155 106/153/153 110/157/157
f 115/162/162 108/155/155 113/160/160
f 115/162/162 111/158/158 108/155/155
f 111/158/158 106/153/153 108/155/155
f 106/153/153 105/152/152 110/157/157
f 104/151/151 116/163/163 114/161/161
f 116/163/163 104/151/151 111/158/158
f 116/163/163 111/158/158 115/162/162
f 103/150/150 104/151/151 114/161/161
f 112/159/159 114/161/161 113/160/160
f 128/176/176 124/172/172 123/171/171 127/175/175
f 124/172/172 126/174/174 125/173/173 123/171/171
f 118/166/166 43/164/164 117/165/165 119/167/167
f 120/168/168 118/166/166 125/173/173
f 125/173/173 118/166/166 123/171/171
f 123/171/171 118/166/166 119/167/167
f 127/175/175 123/171/171 119/167/167
f 122/170/170 126/174/174 124/172/172
f 125/173/173 126/174/174 120/168/168
f 120/168/168 126/174/174 122/170/170
f 121/169/169 128/176/176 127/175/175
f 128/176/176 121/169/169 122/170/170
f 128/176/176 122/170/170 124/172/172
f 119/167/167 121/169/169 127/175/175
f 122/204/204 129/179/179 120/177/177
f 131/181/181 129/179/179 130/180/180 132/182/182
f 135/185/185 133/183/183 134/184/184 136/186/186
f 138/188/188 140/190/190 139/189/189 137/187/187
f 137/187/187 135/185/185 136/186/186 138/188/188
f 133/183/183 131/181/181 132/182/182 134/184/184
f 121/178/178 130/180/180 122/204/204
f 130/180/180 129/179/179 122/204/204
f 143/193/193 141/191/191 142/192/192 144/194/194
f 145/195/195 143/193/193 144/194/194 146/196/196
f 149/199/199 147/197/197 148/198/198 150/200/200
f 149/199/199 95/203/203 88/201/201
f 147/197/197 145/195/195 146/196/196 148/198/198
f 95/203/203 149/199/199 150/200/200
f 141/191/191 139/189/189 140/190/190 142/192/192
f 95/203/203 150/200/200 89/202/202
f 181/260/260 179/258/258 166/245/245 180/259/259
f 155/209/209 156/210/210 173/252/252
f 173/252/252 151/205/205 155/209/209
f 175/254/254 174/253/253 172/251/251
f 157/211/211 167/246/246 175/254/254
f 172/251/251 157/211/211 175/254/254
f 167/246/246 170/249/249 178/257/257 175/254/254
f 178/257/257 176/255/255 165/244/244 177/256/256
f 175/254/254 178/257/257 177/256/256 174/253/253
f 177/256/256 165/244/244 151/205/205
f 173/252/252 174/253/253 177/256/256
f 151/205/205 173/252/252 177/256/256
f 172/251/251 174/253/253 173/252/252 156/210/210
f 169/248/248 171/250/250 168/247/247
f 168/247/247 171/250/250 170/249/249 167/246/246
f 159/213/213 153/207/207 152/206/206 158/212/212
f 160/214/214 154/208/208 153/207/207 159/213/213
f 161/215/215 155/209/209 154/208/208 160/214/214
f 162/216/216 156/210/210 155/209/209 161/215/215
f 164/218/218 161/215/215 160/214/214 163/217/217
f 147/278/278 149/279/279 166/245/245
f 88/261/261 166/245/245 149/279/279
f 166/245/245 88/261/261 180/259/259
f 165/244/244 180/259/259 88/261/261
f 179/258/258 145/277/277 147/278/278
f 181/260/260 84/242/242 179/258/258
f 166/245/245 179/258/258 147/278/278
f 181/260/260 80/240/240 82/241/241
f 143/276/276 145/277/277 179/258/258
f 181/260/260 82/241/241 84/242/242
f 181/260/260 180/259/259 165/244/244 176/255/255
f 155/209/209 151/205/205 90/262/262
f 96/264/264 154/208/208 92/263/263
f 155/209/209 90/262/262 92/263/263
f 176/255/255 78/239/239 80/240/240
f 76/238/238 176/255/255 178/257/257
f 181/260/260 176/255/255 80/240/240
f 88/261/261 151/205/205 165/244/244
f 76/238/238 78/239/239 176/255/255
f 90/262/262 151/205/205 88/261/261
f 58/229/229 143/276/276 56/228/228
f 56/228/228 143/276/276 179/258/258
f 86/243/243 56/228/228 179/258/258
f 86/243/243 179/258/258 84/242/242
f 60/230/230 139/274/274 141/275/275
f 62/231/231 137/273/273 139/274/274
f 58/229/229 60/230/230 141/275/275
f 60/230/230 62/231/231 139/274/274
f 58/229/229 141/275/275 143/276/276
f 178/257/257 74/237/237 76/238/238
f 68/234/234 169/248/248 66/233/233
f 137/273/273 62/231/231 135/272/272
f 64/232/232 135/272/272 62/231/231
f 169/248/248 133/271/271 64/232/232
f 64/232/232 66/233/233 169/248/248
f 135/272/272 64/232/232 133/271/271
f 171/250/250 68/234/234 70/235/235
f 153/207/207 96/264/264 98/265/265
f 158/212/212 152/206/206 100/266/266
f 98/265/265 100/266/266 152/206/206
f 158/212/212 30/220/220 31/221/221
f 30/220/220 158/212/212 100/266/266
f 31/221/221 159/213/213 158/212/212
f 154/208/208 155/209/209 92/263/263
f 160/214/214 159/213/213 28/222/222
f 31/221/221 28/222/222 159/213/213
f 163/217/217 160/214/214 28/222/222
f 154/208/208 96/264/264 153/207/207
f 100/266/266 27/219/219 30/220/220
f 182/280/280 44/223/223 45/224/224
f 28/222/222 44/223/223 163/217/217
f 164/218/218 163/217/217 182/280/280
f 182/280/280 163/217/217 44/223/223
f 118/267/267 182/280/280 47/226/226
f 182/280/280 46/225/225 47/226/226
f 182/280/280 45/224/224 46/225/225
f 43/227/227 118/267/267 47/226/226
f 72/236/236 74/237/237 170/249/249
f 74/237/237 178/257/257 170/249/249
f 171/250/250 72/236/236 170/249/249
f 171/250/250 169/248/248 68/234/234
f 131/270/270 169/248/248 129/269/269
f 168/247/247 129/269/269 169/248/248
f 168/247/247 120/268/268 129/269/269
f 169/248/248 131/270/270 133/271/271
f 120/268/268 168/247/247 167/246/246
f 171/250/250 70/235/235 72/236/236
f 162/216/216 161/215/215 164/218/218
f 182/280/280 118/267/267 164/218/218
f 164/218/218 118/267/267 162/216/216
f 157/211/211 172/251/251 162/216/216
f 156/210/210 162/216/216 172/251/251
f 157/211/211 162/216/216 118/267/267
f 167/246/246 157/211/211 120/268/268
f 118/267/267 120/268/268 157/211/211
f 152/206/206 153/207/207 98/265/265
f 184/282/282 202/326/326 203/327/327 200/324/324
f 198/322/322 184/282/282 200/324/324 201/325/325
f 188/286/286 183/281/281 189/287/287
f 198/322/322 199/323/323 184/282/282
f 191/289/289 190/288/288 185/283/283 186/284/284
f 192/290/290 191/289/289 186/284/284 187/285/285
f 193/291/291 192/290/290 187/285/285 188/286/286
f 194/292/292 193/291/291 188/286/286 189/287/287
f 196/294/294 195/293/293 192/290/290 193/291/291
f 183/281/281 91/300/300 89/299/299
f 183/281/281 188/286/286 91/300/300
f 202/326/326 183/281/281 89/299/299
f 203/327/327 150/321/321 148/320/320
f 200/324/324 203/327/327 148/320/320
f 89/299/299 150/321/321 203/327/327
f 203/327/327 202/326/326 89/299/299
f 202/326/326 189/287/287 183/281/281
f 186/284/284 99/303/303 97/302/302
f 99/303/303 186/284/284 185/283/283
f 185/283/283 101/304/304 99/303/303
f 187/285/285 186/284/284 97/302/302
f 188/286/286 187/285/285 93/301/301
f 97/302/302 93/301/301 187/285/285
f 93/301/301 91/300/300 188/286/286
f 199/323/323 189/287/287 202/326/326
f 200/324/324 146/319/319 144/318/318
f 200/324/324 148/320/320 146/319/319
f 142/317/317 200/324/324 144/318/318
f 201/325/325 142/317/317 140/316/316
f 136/314/314 201/325/325 138/315/315
f 140/316/316 138/315/315 201/325/325
f 201/325/325 200/324/324 142/317/317
f 201/325/325 136/314/314 198/322/322
f 130/311/311 199/323/323 198/322/322
f 189/287/287 199/323/323 121/310/310
f 121/310/310 199/323/323 130/311/311
f 134/313/313 198/322/322 136/314/314
f 132/312/312 198/322/322 134/313/313
f 132/312/312 130/311/311 198/322/322
f 121/310/310 119/309/309 194/292/292
f 184/282/282 199/323/323 202/326/326
f 121/310/310 194/292/292 189/287/287
f 23/339/339 103/305/305 7/328/328
f 101/304/304 7/328/328 103/305/305
f 24/338/338 103/305/305 23/339/339
f 190/288/288 7/328/328 101/304/304
f 190/288/288 11/330/330 12/329/329
f 190/288/288 12/329/329 7/328/328
f 191/289/289 11/330/330 190/288/288
f 25/337/337 103/305/305 24/338/338
f 14/298/298 104/306/306 26/336/336
f 25/337/337 26/336/336 104/306/306
f 25/337/337 104/306/306 103/305/305
f 197/307/307 14/298/298 15/297/297
f 117/308/308 197/307/307 16/296/296
f 15/297/297 16/296/296 197/307/307
f 197/307/307 104/306/306 14/298/298
f 192/290/290 9/331/331 191/289/289
f 9/331/331 11/330/330 191/289/289
f 195/293/293 9/331/331 192/290/290
f 196/294/294 193/291/291 194/292/292
f 204/340/340 195/293/293 196/294/294
f 119/309/309 196/294/294 194/292/292
f 195/293/293 19/332/332 9/331/331
f 204/340/340 20/333/333 19/332/332
f 204/340/340 22/335/335 21/334/334
f 204/340/340 21/334/334 20/333/333
f 117/308/308 204/340/340 119/309/309
f 204/340/340 196/294/294 119/309/309
f 22/335/335 204/340/340 117/308/308
f 16/296/296 13/295/295 117/308/308
f 117/308/308 13/295/295 22/335/335
f 19/332/332 195/293/293 204/340/340
f 101/304/304 185/283/283 190/288/288
f 104/341/341 205/346/346 111/345/345
f 205/346/346 104/341/341 197/342/342
f 197/342/342 206/347/347 205/346/346
f 207/348/348 43/343/343 208/349/349
f 117/344/344 207/348/348 206/347/347
f 43/343/343 207/348/348 117/344/344
f 197/342/342 117/344/344 206/347/347
f 222/363/363 224/365/365 223/364/364 219/360/360
f 217/358/358 219/360/360 218/359/359 215/356/356
f 217/358/358 215/356/356 212/353/353
f 214/355/355 216/357/357 217/358/358
f 212/353/353 214/355/355 217/358/358
f 212/353/353 215/356/356 221/362/362 220/361/361
f 211/352/352 223/364/364 210/351/351
f 218/359/359 223/364/364 211/352/352
f 215/356/356 218/359/359 221/362/362
f 211/352/352 221/362/362 218/359/359
f 219/360/360 223/364/364 218/359/359
f 221/362/362 211/352/352 226/367/367
f 231/372/372 213/354/354 210/351/351
f 231/372/372 225/366/366 213/354/354
f 224/365/365 210/351/351 223/364/364
f 219/360/360 217/358/358 222/363/363
f 210/351/351 224/365/365 222/363/363
f 231/372/372 210/351/351 222/363/363
f 228/369/369 212/353/353 220/361/361
f 220/361/361 227/368/368 228/369/369
f 226/367/367 227/368/368 220/361/361
f 220/361/361 221/362/362 226/367/367
f 228/369/369 214/355/355 212/353/353
f 231/372/372 216/357/357 214/355/355
f 230/371/371 231/372/372 214/355/355
f 222/363/363 216/357/357 231/372/372
f 214/355/355 229/370/370 230/371/371
f 228/369/369 229/370/370 214/355/355
f 229/370/370 228/369/369 209/350/350
f 222/363/363 217/358/358 216/357/357
f 233/374/374 232/373/373 237/378/378
f 235/376/376 237/378/378 236/377/377
f 235/376/376 234/375/375 233/374/374
f 237/378/378 235/376/376 233/374/374
f 238/383/383 239/384/384 241/386/386 240/385/385
f 242/387/387 243/388/388 239/384/384 238/383/383
f 240/385/385 241/386/386 234/380/380
f 233/381/381 234/380/380 241/386/386
f 241/386/386 239/384/384 233/381/381
f 232/382/382 233/381/381 239/384/384
f 246/391/391 230/395/395 229/394/394 247/392/392
f 245/390/390 231/396/396 230/395/395 246/391/391
f 238/383/383 240/385/385 247/392/392
f 244/389/389 225/379/379 231/396/396 245/390/390
f 240/385/385 234/380/380 247/392/392
f 232/382/382 239/384/384 243/388/388
f 232/382/382 243/388/388 209/393/393
f 209/393/393 243/388/388 242/387/387
f 209/393/393 242/387/387 229/394/394
f 238/383/383 229/394/394 242/387/387
f 247/392/392 229/394/394 238/383/383
f 249/401/401 248/400/400 260/413/413
f 254/406/406 256/408/408 255/407/407 253/405/405
f 253/405/405 252/404/404 251/403/403
f 249/401/401 251/403/403 250/402/402 248/400/400
f 260/413/413 248/400/400 261/414/414 262/415/415
f 252/404/404 255/407/407 263/419/419
f 264/420/420 250/402/402 263/419/419
f 236/399/399 263/419/419 255/407/407
f 251/403/403 252/404/404 250/402/402
f 263/419/419 250/402/402 252/404/404
f 253/405/405 255/407/407 252/404/404
f 250/402/402 264/420/420 261/414/414
f 234/397/397 235/398/398 256/408/408
f 236/399/399 256/408/408 235/398/398
f 255/407/407 256/408/408 236/399/399
f 253/405/405 247/418/418 254/406/406
f 234/397/397 256/408/408 254/406/406
f 247/418/418 234/397/397 254/406/406
f 247/418/418 253/405/405 251/403/403
f 261/414/414 248/400/400 250/402/402
f 265/421/421 262/415/415 261/414/414
f 258/410/410 262/415/415 257/409/409
f 265/421/421 257/409/409 262/415/415
f 260/413/413 262/415/415 258/410/410 259/411/411
f 246/417/417 247/418/418 249/401/401
f 247/418/418 251/403/403 249/401/401
f 245/416/416 246/417/417 249/401/401
f 244/412/412 260/413/413 259/411/411
f 260/413/413 244/412/412 245/416/416
f 249/401/401 260/413/413 245/416/416
f 265/421/421 261/414/414 264/420/420
f 265/428/428 227/426/426 226/425/425
f 264/427/427 227/426/426 265/428/428
f 257/423/423 265/428/428 226/425/425
f 211/424/424 266/422/422 226/425/425
f 257/423/423 226/425/425 266/422/422
f 272/434/434 267/429/429 269/431/431 271/433/433
f 268/430/430 272/434/434 271/433/433 270/432/432
f 271/438/438 269/435/435 274/439/439
f 271/438/438 276/441/441 270/436/436
f 276/441/441 271/438/438 274/439/439
f 274/439/439 277/442/442 276/441/441
f 273/437/437 276/441/441 278/443/443
f 277/442/442 278/443/443 276/441/441
f 275/440/440 277/442/442 274/439/439
f 282/450/450 279/444/444 283/451/451
f 283/451/451 281/449/449 282/450/450
f 281/449/449 286/454/454 280/445/445
f 286/454/454 281/449/449 283/451/451
f 272/448/448 284/452/452 267/446/446
f 285/453/453 284/452/452 272/448/448 268/447/447
f 284/452/452 285/453/453 286/454/454 283/451/451
f 283/459/459 279/455/455 290/465/465
f 283/459/459 289/464/464 288/463/463
f 274/458/458 288/463/463 287/462/462
f 289/464/464 283/459/459 290/465/465
f 274/458/458 284/460/460 288/463/463
f 267/457/457 284/460/460 274/458/458
f 274/458/458 287/462/462 275/461/461
f 267/457/457 274/458/458 269/456/456
f 284/460/460 283/459/459 288/463/463
f 286/470/470 294/476/476 280/466/466
f 286/470/470 292/474/474 293/475/475
f 276/469/469 291/473/473 292/474/474
f 293/475/475 294/476/476 286/470/470
f 276/469/469 285/471/471 268/468/468
f 292/474/474 285/471/471 276/469/469
f 276/469/469 273/472/472 291/473/473
f 268/468/468 270/467/467 276/469/469
f 285/471/471 292/474/474 286/470/470
f 300/482/482 302/484/484 303/485/485 301/483/483
f 304/486/486 300/482/482 301/483/483 305/487/487
f 303/485/485 310/492/492 295/477/477
f 295/477/477 298/480/480 303/485/485
f 309/491/491 310/492/492 303/485/485 302/484/484
f 302/484/484 308/490/490 309/491/491
f 300/482/482 296/478/478 302/484/484
f 308/490/490 302/484/484 296/478/478
f 301/483/483 303/485/485 298/480/480
f 305/487/487 301/483/483 299/481/481
f 298/480/480 299/481/481 301/483/483
f 306/488/488 305/487/487 297/479/479
f 299/481/481 297/479/479 305/487/487
f 307/489/489 300/482/482 304/486/486
f 304/486/486 306/488/488 307/489/489
f 304/486/486 305/487/487 306/488/488
f 296/478/478 300/482/482 307/489/489
f 316/501/501 318/503/503 319/504/504 317/502/502
f 320/505/505 316/501/501 317/502/502 321/506/506
f 319/504/504 297/493/493 312/497/497
f 317/502/502 319/504/504 312/497/497 313/498/498
f 306/496/496 297/493/493 319/504/504
f 318/503/503 307/494/494 306/496/496
f 316/501/501 307/494/494 318/503/503
f 319/504/504 318/503/503 306/496/496
f 317/502/502 313/498/498 314/499/499
f 314/499/499 315/500/500 321/506/506 317/502/502
f 321/506/506 315/500/500 311/495/495
f 322/507/507 321/506/506 311/495/495
f 323/508/508 316/501/501 320/505/505
f 320/505/505 322/507/507 323/508/508
f 320/505/505 321/506/506 322/507/507
f 307/494/494 316/501/501 323/508/508
f 338/529/529 327/518/518 326/517/517
f 328/519/519 329/520/520 338/529/529
f 326/517/517 328/519/519 338/529/529
f 334/525/525 330/521/521 329/520/520
f 331/522/522 332/523/523 334/525/525
f 329/520/520 331/522/522 334/525/525
f 330/521/521 334/525/525 336/527/527 333/524/524
f 334/525/525 332/523/523 335/526/526 336/527/527
f 327/518/518 338/529/529 339/530/530 337/528/528
f 338/529/529 329/520/520 330/521/521 339/530/530
f 325/516/516 341/532/532 342/533/533 340/531/531
f 341/532/532 326/517/517 327/518/518 342/533/533
f 335/526/526 311/509/509 266/515/515
f 211/513/513 335/526/526 266/515/515
f 332/523/523 311/509/509 335/526/526
f 336/527/527 211/513/513 333/524/524
f 335/526/526 211/513/513 336/527/527
f 211/513/513 337/528/528 333/524/524
f 322/512/512 328/519/519 323/511/511
f 332/523/523 331/522/522 311/509/509
f 331/522/522 322/512/512 311/509/509
f 328/519/519 322/512/512 331/522/522
f 331/522/522 329/520/520 328/519/519
f 330/521/521 333/524/524 339/530/530
f 337/528/528 339/530/530 333/524/524
f 342/533/533 327/518/518 337/528/528
f 342/533/533 337/528/528 340/531/531
f 210/514/514 340/531/531 337/528/528
f 210/514/514 343/534/534 325/516/516 340/531/531
f 211/513/513 210/514/514 337/528/528
f 326/517/517 341/532/532 323/511/511
f 341/532/532 325/516/516 323/511/511
f 324/510/510 325/516/516 343/534/534
f 325/516/516 324/510/510 323/511/511
f 328/519/519 326/517/517 323/511/511
f 348/544/544 344/535/535 295/537/537 310/538/538
f 346/542/542 347/543/543 309/539/539 308/540/540
f 345/536/536 346/542/542 308/540/540 296/541/541
f 347/543/543 348/544/544 310/538/538 309/539/539
f 351/547/547 352/548/548 350/546/546 349/545/545
f 355/551/551 356/552/552 354/550/550 353/549/549
f 353/549/549 354/550/550 352/548/548 351/547/547
f 359/555/555 360/556/556 358/554/554 357/553/553
f 363/559/559 364/560/560 362/558/558 361/557/557
f 361/557/557 362/558/558 360/556/556 359/555/555
f 357/553/553 358/554/554 356/552/552 355/551/551
f 365/561/561 366/562/562 364/560/560 363/559/559
f 369/565/565 370/566/566 368/564/564 367/563/563
f 373/569/569 374/570/570 372/568/568 371/567/567
f 371/567/567 372/568/568 370/566/566 369/565/565
f 377/573/573 378/574/574 376/572/572 375/571/571
f 349/577/577 350/578/578 380/576/576 379/575/575
f 379/575/575 380/576/576 378/574/574 377/573/573
f 375/571/571 376/572/572 374/570/570 373/569/569
f 367/563/563 368/564/564 366/562/562 365/561/561
f 370/589/589 378/593/593 368/588/588
f 376/592/592 370/589/589 372/590/590
f 380/594/594 366/587/587 368/588/588
f 350/579/579 364/586/586 366/587/587
f 362/585/585 354/581/581 360/584/584
f 352/580/580 362/585/585 364/586/586
f 374/591/591 376/592/592 372/590/590
f 368/588/588 378/593/593 380/594/594
f 380/594/594 350/579/579 366/587/587
f 364/586/586 350/579/579 352/580/580
f 356/582/582 358/583/583 360/584/584
f 354/581/581 356/582/582 360/584/584
f 362/585/585 352/580/580 354/581/581
f 378/593/593 370/589/589 376/592/592
f 388/602/602 381/595/595 383/597/597
f 388/602/602 384/598/598 382/596/596
f 384/598/598 388/602/602 383/597/597
f 384/598/598 383/597/597 385/599/599 387/601/601
f 387/601/601 386/600/600 384/598/598
f 389/605/605 387/609/609 385/603/603
f 390/606/606 386/604/604 387/609/609
f 391/607/607 392/608/608 390/606/606 389/605/605
f 387/609/609 389/605/605 390/606/606
f 392/611/611 391/610/610 393/612/612 394/613/613
f 395/615/615 295/616/616 344/614/614
f 395/615/615 394/613/613 393/612/612 295/616/616
f 405/631/631 403/629/629 402/628/628 404/630/630
f 402/628/628 401/627/627 397/622/622 398/623/623
f 398/623/623 397/622/622 399/624/624 400/625/625
f 400/625/625 399/624/624 213/620/620
f 344/617/617 213/620/620 399/624/624
f 397/622/622 344/617/617 399/624/624
f 401/627/627 395/618/618 397/622/622
f 344/617/617 397/622/622 395/618/618
f 403/629/629 395/618/618 401/627/627
f 398/623/623 400/625/625 225/621/621
f 404/630/630 402/628/628 398/623/623
f 404/630/630 398/623/623 244/626/626
f 244/626/626 398/623/623 225/621/621
f 225/621/621 400/625/625 213/620/620
f 396/619/619 403/629/629 405/631/631
f 405/631/631 244/626/626 396/619/619
f 405/631/631 404/630/630 244/626/626
f 395/618/618 403/629/629 396/619/619
f 401/627/627 402/628/628 403/629/629
f 417/644/644 416/643/643 412/639/639 413/640/640
f 413/640/640 412/639/639 414/641/641 415/642/642
f 407/634/634 408/635/635 406/633/633 311/632/632
f 409/636/636 414/641/641 407/634/634
f 414/641/641 412/639/639 407/634/634
f 412/639/639 408/635/635 407/634/634
f 416/643/643 408/635/635 412/639/639
f 411/638/638 413/640/640 415/642/642
f 414/641/641 409/636/636 415/642/642
f 409/636/636 411/638/638 415/642/642
f 410/637/637 416/643/643 417/644/644
f 417/644/644 411/638/638 410/637/637
f 417/644/644 413/640/640 411/638/638
f 408/635/635 416/643/643 410/637/637
f 411/672/672 409/645/645 418/647/647
f 420/649/649 421/650/650 419/648/648 418/647/647
f 424/653/653 425/654/654 423/652/652 422/651/651
f 427/656/656 426/655/655 428/657/657 429/658/658
f 426/655/655 427/656/656 425/654/654 424/653/653
f 422/651/651 423/652/652 421/650/650 420/649/649
f 410/646/646 411/672/672 419/648/648
f 419/648/648 411/672/672 418/647/647
f 432/661/661 433/662/662 431/660/660 430/659/659
f 434/663/663 435/664/664 433/662/662 432/661/661
f 438/667/667 439/668/668 437/666/666 436/665/665
f 438/667/667 381/669/669 388/671/671
f 436/665/665 437/666/666 435/664/664 434/663/663
f 388/671/671 439/668/668 438/667/667
f 430/659/659 431/660/660 429/658/658 428/657/657
f 388/671/671 382/670/670 439/668/668
f 470/728/728 469/727/727 455/713/713 468/726/726
f 444/677/677 462/720/720 445/678/678
f 462/720/720 444/677/677 440/673/673
f 464/722/722 461/719/719 463/721/721
f 446/679/679 464/722/722 456/714/714
f 461/719/719 464/722/722 446/679/679
f 456/714/714 464/722/722 467/725/725 459/717/717
f 467/725/725 466/724/724 454/712/712 465/723/723
f 464/722/722 463/721/721 466/724/724 467/725/725
f 466/724/724 440/673/673 454/712/712
f 462/720/720 466/724/724 463/721/721
f 440/673/673 466/724/724 462/720/720
f 461/719/719 445/678/678 462/720/720 463/721/721
f 458/716/716 457/715/715 460/718/718
f 457/715/715 456/714/714 459/717/717 460/718/718
f 448/681/681 447/680/680 441/674/674 442/675/675
f 449/682/682 448/681/681 442/675/675 443/676/676
f 450/683/683 449/682/682 443/676/676 444/677/677
f 451/684/684 450/683/683 444/677/677 445/678/678
f 453/686/686 452/685/685 449/682/682 450/683/683
f 436/746/746 455/713/713 438/747/747
f 381/729/729 438/747/747 455/713/713
f 455/713/713 469/727/727 381/729/729
f 454/712/712 381/729/729 469/727/727
f 468/726/726 436/746/746 434/745/745
f 470/728/728 468/726/726 377/710/710
f 455/713/713 436/746/746 468/726/726
f 470/728/728 375/709/709 373/708/708
f 432/744/744 468/726/726 434/745/745
f 470/728/728 377/710/710 375/709/709
f 470/728/728 465/723/723 454/712/712 469/727/727
f 444/677/677 383/730/730 440/673/673
f 389/732/732 385/731/731 443/676/676
f 444/677/677 385/731/731 383/730/730
f 465/723/723 373/708/708 371/707/707
f 369/706/706 467/725/725 465/723/723
f 470/728/728 373/708/708 465/723/723
f 381/729/729 454/712/712 440/673/673
f 369/706/706 465/723/723 371/707/707
f 383/730/730 381/729/729 440/673/673
f 351/697/697 349/696/696 432/744/744
f 349/696/696 468/726/726 432/744/744
f 379/711/711 468/726/726 349/696/696
f 379/711/711 377/710/710 468/726/726
f 353/698/698 430/743/743 428/742/742
f 355/699/699 428/742/742 426/741/741
f 351/697/697 430/743/743 353/698/698
f 353/698/698 428/742/742 355/699/699
f 351/697/697 432/744/744 430/743/743
f 467/725/725 369/706/706 367/705/705
f 361/702/702 359/701/701 458/716/716
f 426/741/741 424/740/740 355/699/699
f 357/700/700 355/699/699 424/740/740
f 458/716/716 357/700/700 422/739/739
f 357/700/700 458/716/716 359/701/701
f 424/740/740 422/739/739 357/700/700
f 460/718/718 363/703/703 361/702/702
f 442/675/675 391/733/733 389/732/732
f 447/680/680 393/734/734 441/674/674
f 391/733/733 441/674/674 393/734/734
f 447/680/680 299/689/689 298/688/688
f 298/688/688 393/734/734 447/680/680
f 299/689/689 447/680/680 448/681/681
f 443/676/676 385/731/731 444/677/677
f 449/682/682 297/690/690 448/681/681
f 299/689/689 448/681/681 297/690/690
f 452/685/685 297/690/690 449/682/682
f 443/676/676 442/675/675 389/732/732
f 393/734/734 298/688/688 295/687/687
f 471/748/748 313/692/692 312/691/691
f 297/690/690 452/685/685 312/691/691
f 453/686/686 471/748/748 452/685/685
f 471/748/748 312/691/691 452/685/685
f 407/735/735 315/694/694 471/748/748
f 471/748/748 315/694/694 314/693/693
f 471/748/748 314/693/693 313/692/692
f 311/695/695 315/694/694 407/735/735
f 365/704/704 459/717/717 367/705/705
f 367/705/705 459/717/717 467/725/725
f 460/718/718 459/717/717 365/704/704
f 460/718/718 361/702/702 458/716/716
f 420/738/738 418/737/737 458/716/716
f 457/715/715 458/716/716 418/737/737
f 457/715/715 418/737/737 409/736/736
f 458/716/716 422/739/739 420/738/738
f 409/736/736 456/714/714 457/715/715
f 460/718/718 365/704/704 363/703/703
f 451/684/684 453/686/686 450/683/683
f 471/748/748 453/686/686 407/735/735
f 453/686/686 451/684/684 407/735/735
f 446/679/679 451/684/684 461/719/719
f 445/678/678 461/719/719 451/684/684
f 446/679/679 407/735/735 451/684/684
f 456/714/714 409/736/736 446/679/679
f 407/735/735 446/679/679 409/736/736
f 441/674/674 391/733/733 442/675/675
f 473/750/750 489/792/792 492/795/795 491/794/794
f 487/790/790 490/793/793 489/792/792 473/750/750
f 477/754/754 478/755/755 472/749/749
f 487/790/790 473/750/750 488/791/791
f 480/757/757 475/752/752 474/751/751 479/756/756
f 481/758/758 476/753/753 475/752/752 480/757/757
f 482/759/759 477/754/754 476/753/753 481/758/758
f 483/760/760 478/755/755 477/754/754 482/759/759
f 485/762/762 482/759/759 481/758/758 484/761/761
f 472/749/749 382/767/767 384/768/768
f 472/749/749 384/768/768 477/754/754
f 491/794/794 382/767/767 472/749/749
f 492/795/795 437/788/788 439/789/789
f 489/792/792 437/788/788 492/795/795
f 382/767/767 492/795/795 439/789/789
f 492/795/795 382/767/767 491/794/794
f 491/794/794 472/749/749 478/755/755
f 475/752/752 390/770/770 392/771/771
f 392/771/771 474/751/751 475/752/752
f 474/751/751 392/771/771 394/772/772
f 476/753/753 390/770/770 475/752/752
f 477/754/754 386/769/769 476/753/753
f 390/770/770 476/753/753 386/769/769
f 386/769/769 477/754/754 384/768/768
f 488/791/791 491/794/794 478/755/755
f 489/792/792 433/786/786 435/787/787
f 489/792/792 435/787/787 437/788/788
f 431/785/785 433/786/786 489/792/792
f 490/793/793 429/784/784 431/785/785
f 425/782/782 427/783/783 490/793/793
f 429/784/784 490/793/793 427/783/783
f 490/793/793 431/785/785 489/792/792
f 490/793/793 487/790/790 425/782/782
f 419/779/779 487/790/790 488/791/791
f 478/755/755 410/778/778 488/791/791
f 410/778/778 419/779/779 488/791/791
f 423/781/781 425/782/782 487/790/790
f 421/780/780 423/781/781 487/790/790
f 421/780/780 487/790/790 419/779/779
f 410/778/778 483/760/760 408/777/777
f 473/750/750 491/794/794 488/791/791
f 410/778/778 478/755/755 483/760/760
f 291/807/807 273/796/796 395/773/773
f 394/772/772 395/773/773 273/796/796
f 292/806/806 291/807/807 395/773/773
f 479/756/756 394/772/772 273/796/796
f 479/756/756 278/797/797 277/798/798
f 479/756/756 273/796/796 278/797/797
f 480/757/757 479/756/756 277/798/798
f 293/805/805 292/806/806 395/773/773
f 280/766/766 294/804/804 396/774/774
f 293/805/805 396/774/774 294/804/804
f 293/805/805 395/773/773 396/774/774
f 486/775/775 281/765/765 280/766/766
f 406/776/776 282/764/764 486/775/775
f 281/765/765 486/775/775 282/764/764
f 486/775/775 280/766/766 396/774/774
f 481/758/758 480/757/757 275/799/799
f 275/799/799 480/757/757 277/798/798
f 484/761/761 481/758/758 275/799/799
f 485/762/762 483/760/760 482/759/759
f 493/808/808 485/762/762 484/761/761
f 408/777/777 483/760/760 485/762/762
f 484/761/761 275/799/799 287/800/800
f 493/808/808 287/800/800 288/801/801
f 493/808/808 288/801/801 289/802/802
f 290/803/803 493/808/808 289/802/802
f 406/776/776 408/777/777 493/808/808
f 493/808/808 408/777/777 485/762/762
f 290/803/803 406/776/776 493/808/808
f 282/764/764 406/776/776 279/763/763
f 406/776/776 290/803/803 279/763/763
f 287/800/800 493/808/808 484/761/761
f 394/772/772 479/756/756 474/751/751
f 494/815/815 496/818/818 497/819/819 495/817/817
f 497/819/819 499/821/821 500/822/822 498/820/820
f 500/822/822 210/816/816 213/811/811
f 213/811/811 498/820/820 500/822/822
f 498/820/820 213/811/811 344/809/809
f 499/821/821 210/816/816 500/822/822
f 343/824/824 496/818/818 324/823/823
f 496/818/818 343/824/824 499/821/821
f 499/821/821 343/824/824 210/816/816
f 499/821/821 497/819/819 496/818/818
f 497/819/819 498/820/820 495/817/817
f 495/817/817 344/809/809 348/812/812
f 344/809/809 495/817/817 498/820/820
f 348/812/812 347/813/813 494/815/815 495/817/817
f 346/814/814 494/815/815 347/813/813
f 494/815/815 346/814/814 345/810/810
f 494/815/815 345/810/810 324/823/823
f 496/818/818 494/815/815 324/823/823
f 396/825/825 244/829/829 259/830/830
f 259/830/830 486/826/826 396/825/825
f 486/826/826 259/830/830 258/831/831
f 257/832/832 266/833/833 311/827/827
f 406/828/828 258/831/831 257/832/832
f 311/827/827 406/828/828 257/832/832
f 486/826/826 258/831/831 406/828/828
f 512/845/845 513/846/846 504/837/837
f 501/834/834 502/835/835 513/846/846
f 511/844/844 504/837/837 510/843/843
f 510/843/843 505/838/838 509/842/842
f 512/845/845 504/837/837 511/844/844
f 504/837/837 505/838/838 510/843/843
f 509/842/842 505/838/838 508/841/841
f 507/840/840 508/841/841 505/838/838
f 507/840/840 503/836/836 506/839/839
f 507/840/840 505/838/838 503/836/836
f 502/835/835 504/837/837 513/846/846
f 505/851/851 504/852/852 517/854/854 518/855/855
f 503/848/848 505/851/851 519/856/856
f 505/851/851 518/855/855 515/850/850 519/856/856
f 516/853/853 504/852/852 502/847/847
f 517/854/854 516/853/853 514/849/849
f 517/854/854 504/852/852 516/853/853
f 517/861/861 514/857/857 521/862/862
f 517/861/861 527/868/868 518/860/860
f 523/864/864 515/858/858 518/860/860
f 523/864/864 530/871/871 522/863/863
f 518/860/860 529/870/870 523/864/864
f 525/866/866 517/861/861 521/862/862
f 517/861/861 526/867/867 527/868/868
f 521/862/862 524/865/865 525/866/866
f 524/865/865 521/862/862 520/859/859
f 529/870/870 530/871/871 523/864/864
f 527/868/868 528/869/869 518/860/860
f 529/870/870 518/860/860 528/869/869
f 526/867/867 517/861/861 525/866/866
f 521/875/875 531/877/877 520/876/876
f 521/875/875 514/872/872 516/874/874
f 532/878/878 531/877/877 521/875/875
f 516/874/874 533/879/879 532/878/878
f 516/874/874 502/873/873 533/879/879
f 501/880/880 533/879/879 502/873/873
f 521/875/875 516/874/874 532/878/878
f 523/884/884 522/885/885 534/886/886
f 523/884/884 519/883/883 515/881/881
f 535/887/887 523/884/884 534/886/886
f 519/883/883 535/887/887 536/888/888
f 519/883/883 536/888/888 503/882/882
f 506/889/889 503/882/882 536/888/888
f 523/884/884 535/887/887 519/883/883
f 540/893/893 542/895/895 537/890/890
f 540/893/893 538/891/891 541/894/894
f 541/894/894 542/895/895 540/893/893
f 542/895/895 541/894/894 544/897/897
f 544/897/897 541/894/894 539/892/892
f 543/896/896 542/895/895 544/897/897
f 541/903/903 547/902/902 548/904/904
f 547/902/902 545/899/899 548/904/904
f 541/903/903 538/898/898 547/902/902
f 549/905/905 539/900/900 541/903/903
f 549/905/905 548/904/904 546/901/901
f 541/903/903 548/904/904 549/905/905
f 551/909/909 550/906/906 552/911/911
f 551/909/909 548/910/910 545/907/907
f 548/910/910 551/909/909 552/911/911
f 552/911/911 554/913/913 548/910/910
f 554/913/913 546/908/908 548/910/910
f 553/912/912 554/913/913 552/911/911
f 549/918/918 544/920/920 539/914/914
f 549/918/918 546/915/915 554/921/921
f 555/919/919 544/920/920 549/918/918
f 549/918/918 554/921/921 555/919/919
f 555/919/919 554/921/921 553/917/917
f 543/916/916 544/920/920 555/919/919
f 547/926/926 556/929/929 551/927/927
f 556/929/929 550/928/928 551/927/927
f 540/925/925 537/922/922 556/929/929
f 547/926/926 538/923/923 540/925/925
f 547/926/926 551/927/927 545/924/924
f 540/925/925 556/929/929 547/926/926
f 561/934/934 563/936/936 562/935/935
f 561/934/934 557/930/930 560/933/933
f 560/933/933 563/936/936 561/934/934
f 563/936/936 560/933/933 564/937/937
f 564/937/937 560/933/933 559/932/932
f 558/931/931 563/936/936 564/937/937
f 567/942/942 564/944/944 559/938/938
f 567/942/942 565/939/939 569/945/945
f 568/943/943 564/944/944 567/942/942
f 567/942/942 569/945/945 568/943/943
f 568/943/943 569/945/945 566/941/941
f 558/940/940 564/944/944 568/943/943
f 572/950/950 573/951/951 574/952/952
f 572/950/950 571/949/949 570/946/946
f 571/949/949 572/950/950 574/952/952
f 574/952/952 569/953/953 571/949/949
f 569/953/953 565/948/948 571/949/949
f 566/947/947 569/953/953 574/952/952
f 575/959/959 576/961/961 572/958/958
f 576/961/961 573/960/960 572/958/958
f 561/957/957 562/954/954 576/961/961
f 575/959/959 557/955/955 561/957/957
f 575/959/959 572/958/958 570/956/956
f 561/957/957 576/961/961 575/959/959
f 567/967/967 575/969/969 571/968/968
f 575/969/969 570/963/963 571/968/968
f 560/966/966 557/962/962 575/969/969
f 567/967/967 559/964/964 560/966/966
f 567/967/967 571/968/968 565/965/965
f 560/966/966 575/969/969 567/967/967
f 584/977/977 577/970/970 579/972/972 581/974/974
f 578/971/971 583/976/976 582/975/975 580/973/973
f 583/976/976 584/977/977 581/974/974 582/975/975
f 617/1014/1014 616/1013/1013 612/1009/1009 613/1010/1010
f 614/1011/1011 612/1009/1009 589/986/986
f 588/985/985 604/1001/1001 614/1011/1011
f 589/986/986 588/985/985 614/1011/1011
f 613/1010/1010 612/1009/1009 614/1011/1011 615/1012/1012
f 615/1012/1012 614/1011/1011 604/1001/1001 609/1006/1006
f 589/986/986 591/988/988 590/987/987 588/985/985
f 588/985/985 590/987/987 593/990/990 592/989/989
f 609/1006/1006 604/1001/1001 610/1007/1007 611/1008/1008
f 611/1008/1008 610/1007/1007 605/1002/1002 606/1003/1003
f 610/1007/1007 604/1001/1001 588/985/985
f 592/989/989 605/1002/1002 610/1007/1007
f 588/985/985 592/989/989 610/1007/1007
f 606/1003/1003 605/1002/1002 607/1004/1004 608/1005/1005
f 581/983/983 579/978/978 594/991/991
f 593/990/990 590/987/987 581/983/983
f 594/991/991 593/990/990 581/983/983
f 593/990/990 594/991/991 595/992/992
f 592/989/989 593/990/990 595/992/992 596/993/993
f 597/994/994 607/1004/1004 592/989/989
f 596/993/993 597/994/994 592/989/989
f 591/988/988 582/982/982 590/987/987
f 581/983/983 590/987/987 582/982/982
f 580/979/979 582/982/982 623/1020/1020
f 591/988/988 623/1020/1020 582/982/982
f 622/1019/1019 623/1020/1020 591/988/988
f 621/1018/1018 622/1019/1019 591/988/988 589/986/986
f 589/986/986 620/1017/1017 621/1018/1018
f 620/1017/1017 616/1013/1013 619/1016/1016
f 589/986/986 616/1013/1013 620/1017/1017
f 598/995/995 607/1004/1004 597/994/994
f 608/1005/1005 607/1004/1004 598/995/995 599/996/996
f 600/997/997 606/1003/1003 608/1005/1005
f 608/1005/1005 599/996/996 585/980/980
f 592/989/989 607/1004/1004 605/1002/1002
f 600/997/997 601/998/998 611/1008/1008 606/1003/1003
f 609/1006/1006 611/1008/1008 601/998/998 587/984/984
f 585/980/980 600/997/997 608/1005/1005
f 616/1013/1013 617/1014/1014 618/1015/1015 619/1016/1016
f 613/1010/1010 615/1012/1012 602/999/999
f 589/986/986 612/1009/1009 616/1013/1013
f 602/999/999 603/1000/1000 613/1010/1010
f 586/981/981 617/1014/1014 603/1000/1000
f 603/1000/1000 617/1014/1014 613/1010/1010
f 618/1015/1015 617/1014/1014 586/981/981
f 587/984/984 602/999/999 615/1012/1012 609/1006/1006
f 635/1039/1039 600/1030/1030 585/1021/1021
f 601/1029/1029 600/1030/1030 635/1039/1039
f 624/1024/1024 635/1039/1039 585/1021/1021
f 625/1025/1025 636/1040/1040 635/1039/1039
f 587/1022/1022 601/1029/1029 635/1039/1039
f 636/1040/1040 602/1028/1028 587/1022/1022
f 586/1023/1023 603/1027/1027 636/1040/1040
f 602/1028/1028 636/1040/1040 603/1027/1027
f 626/1026/1026 586/1023/1023 636/1040/1040
f 636/1040/1040 587/1022/1022 635/1039/1039
f 627/1031/1031 635/1039/1039 624/1024/1024
f 635/1039/1039 627/1031/1031 628/1032/1032
f 635/1039/1039 629/1033/1033 630/1034/1034
f 635/1039/1039 630/1034/1034 625/1025/1025
f 635/1039/1039 628/1032/1032 629/1033/1033
f 636/1040/1040 631/1035/1035 632/1036/1036
f 636/1040/1040 633/1037/1037 634/1038/1038
f 636/1040/1040 634/1038/1038 626/1026/1026
f 636/1040/1040 632/1036/1036 633/1037/1037
f 636/1040/1040 625/1025/1025 631/1035/1035
f 644/1050/1050 638/1044/1044 637/1043/1043 643/1049/1049
f 645/1051/1051 639/1045/1045 638/1044/1044 644/1050/1050
f 646/1052/1052 640/1046/1046 639/1045/1045 645/1051/1051
f 647/1053/1053 641/1047/1047 640/1046/1046 646/1052/1052
f 648/1054/1054 642/1048/1048 641/1047/1047 647/1053/1053
f 627/1065/1065 674/1113/1113 628/1064/1064
f 629/1063/1063 628/1064/1064 501/1089/1089
f 628/1064/1064 674/1113/1113 501/1089/1089
f 651/1066/1066 627/1065/1065 624/1041/1041
f 513/1090/1090 630/1062/1062 629/1063/1063
f 630/1062/1062 512/1091/1091 511/1092/1092
f 513/1090/1090 512/1091/1091 630/1062/1062
f 513/1090/1090 629/1063/1063 501/1089/1089
f 625/1061/1061 630/1062/1062 511/1092/1092
f 627/1065/1065 651/1066/1066 674/1113/1113
f 652/1067/1067 674/1113/1113 651/1066/1066
f 675/1114/1114 674/1113/1113 652/1067/1067 653/1068/1068
f 654/1069/1069 675/1114/1114 653/1068/1068
f 532/1108/1108 533/1109/1109 674/1113/1113
f 531/1107/1107 675/1114/1114 676/1115/1115
f 654/1069/1069 676/1115/1115 675/1114/1114
f 532/1108/1108 675/1114/1114 531/1107/1107
f 532/1108/1108 674/1113/1113 675/1114/1114
f 676/1115/1115 654/1069/1069 655/1070/1070
f 501/1089/1089 674/1113/1113 533/1109/1109
f 509/1094/1094 631/1060/1060 625/1061/1061
f 631/1060/1060 509/1094/1094 508/1095/1095
f 510/1093/1093 509/1094/1094 625/1061/1061
f 510/1093/1093 625/1061/1061 511/1092/1092
f 507/1096/1096 631/1060/1060 508/1095/1095
f 632/1059/1059 506/1097/1097 633/1058/1058
f 673/1088/1088 626/1042/1042 634/1057/1057
f 634/1057/1057 633/1058/1058 677/1116/1116
f 506/1097/1097 632/1059/1059 507/1096/1096
f 507/1096/1096 632/1059/1059 631/1060/1060
f 634/1057/1057 677/1116/1116 673/1088/1088
f 536/1110/1110 677/1116/1116 506/1097/1097
f 678/1117/1117 677/1116/1116 535/1111/1111
f 536/1110/1110 535/1111/1111 677/1116/1116
f 534/1112/1112 678/1117/1117 535/1111/1111
f 672/1087/1087 673/1088/1088 677/1116/1116
f 670/1085/1085 671/1086/1086 678/1117/1117
f 672/1087/1087 678/1117/1117 671/1086/1086
f 678/1117/1117 679/1118/1118 670/1085/1085
f 672/1087/1087 677/1116/1116 678/1117/1117
f 534/1112/1112 679/1118/1118 678/1117/1117
f 506/1097/1097 677/1116/1116 633/1058/1058
f 676/1115/1115 520/1106/1106 531/1107/1107
f 520/1106/1106 676/1115/1115 637/1043/1043
f 637/1043/1043 676/1115/1115 655/1070/1070 656/1071/1071
f 520/1106/1106 637/1043/1043 638/1044/1044
f 524/1105/1105 520/1106/1106 638/1044/1044
f 525/1104/1104 524/1105/1105 638/1044/1044
f 527/1102/1102 526/1103/1103 639/1045/1045
f 525/1104/1104 639/1045/1045 526/1103/1103
f 639/1045/1045 640/1046/1046 527/1102/1102
f 525/1104/1104 638/1044/1044 639/1045/1045
f 656/1071/1071 657/1072/1072 643/1049/1049 637/1043/1043
f 658/1073/1073 657/1072/1072 649/1055/1055
f 643/1049/1049 657/1072/1072 658/1073/1073
f 659/1074/1074 643/1049/1049 658/1073/1073
f 645/1051/1051 644/1050/1050 660/1075/1075 661/1076/1076
f 644/1050/1050 659/1074/1074 660/1075/1075
f 659/1074/1074 644/1050/1050 643/1049/1049
f 661/1076/1076 662/1077/1077 645/1051/1051
f 640/1046/1046 529/1100/1100 528/1101/1101
f 530/1099/1099 529/1100/1100 641/1047/1047
f 640/1046/1046 641/1047/1047 529/1100/1100
f 522/1098/1098 530/1099/1099 641/1047/1047
f 528/1101/1101 527/1102/1102 640/1046/1046
f 642/1048/1048 679/1118/1118 522/1098/1098
f 522/1098/1098 679/1118/1118 534/1112/1112
f 668/1083/1083 669/1084/1084 679/1118/1118 642/1048/1048
f 642/1048/1048 648/1054/1054 667/1082/1082 668/1083/1083
f 642/1048/1048 522/1098/1098 641/1047/1047
f 670/1085/1085 679/1118/1118 669/1084/1084
f 647/1053/1053 646/1052/1052 663/1078/1078 664/1079/1079
f 646/1052/1052 662/1077/1077 663/1078/1078
f 665/1080/1080 647/1053/1053 664/1079/1079
f 666/1081/1081 667/1082/1082 648/1054/1054
f 648/1054/1054 665/1080/1080 666/1081/1081
f 667/1082/1082 666/1081/1081 650/1056/1056
f 665/1080/1080 648/1054/1054 647/1053/1053
f 645/1051/1051 662/1077/1077 646/1052/1052
f 680/1122/1122 684/1134/1134 687/1137/1137 686/1136/1136
f 683/1133/1133 685/1135/1135 684/1134/1134 680/1122/1122
f 687/1137/1137 658/1132/1132 649/1119/1119
f 687/1137/1137 660/1130/1130 659/1131/1131
f 687/1137/1137 661/1129/1129 660/1130/1130
f 659/1131/1131 658/1132/1132 687/1137/1137
f 684/1134/1134 663/1128/1128 662/1120/1120
f 685/1135/1135 665/1126/1126 664/1127/1127
f 685/1135/1135 666/1125/1125 665/1126/1126
f 664/1127/1127 663/1128/1128 685/1135/1135
f 662/1120/1120 661/1129/1129 684/1134/1134
f 684/1134/1134 685/1135/1135 663/1128/1128
f 688/1138/1138 686/1136/1136 681/1123/1123
f 649/1119/1119 686/1136/1136 687/1137/1137
f 686/1136/1136 649/1119/1119 681/1123/1123
f 688/1138/1138 680/1122/1122 686/1136/1136
f 685/1135/1135 683/1133/1133 650/1121/1121
f 685/1135/1135 650/1121/1121 666/1125/1125
f 682/1124/1124 683/1133/1133 689/1139/1139
f 680/1122/1122 689/1139/1139 683/1133/1133
f 650/1121/1121 683/1133/1133 682/1124/1124
f 689/1139/1139 680/1122/1122 688/1138/1138
f 687/1137/1137 684/1134/1134 661/1129/1129
f 826/1285/1285 834/1295/1295 833/1294/1294 691/1143/1143
f 692/1144/1144 817/1274/1274 818/1275/1275 810/1267/1267
f 827/1286/1286 691/1143/1143 690/1142/1142
f 694/1146/1146 695/1147/1147 827/1286/1286
f 690/1142/1142 694/1146/1146 827/1286/1286
f 829/1290/1290 828/1287/1287 825/1284/1284
f 696/1148/1148 823/1282/1282 829/1290/1290
f 825/1284/1284 696/1148/1148 829/1290/1290
f 832/1293/1293 830/1291/1291 826/1285/1285 831/1292/1292
f 829/1290/1290 832/1293/1293 831/1292/1292 828/1287/1287
f 831/1292/1292 826/1285/1285 691/1143/1143
f 827/1286/1286 828/1287/1287 831/1292/1292
f 691/1143/1143 827/1286/1286 831/1292/1292
f 825/1284/1284 828/1287/1287 827/1286/1286 695/1147/1147
f 697/1149/1149 820/1277/1277 824/1283/1283 822/1281/1281
f 822/1281/1281 824/1283/1283 823/1282/1282 696/1148/1148
f 698/1150/1150 811/1268/1268 821/1278/1278 819/1276/1276
f 819/1276/1276 821/1278/1278 820/1277/1277 697/1149/1149
f 699/1151/1151 809/1266/1266 812/1269/1269 808/1265/1265
f 814/1271/1271 812/1269/1269 809/1266/1266
f 692/1144/1144 810/1267/1267 814/1271/1271
f 809/1266/1266 692/1144/1144 814/1271/1271
f 812/1269/1269 814/1271/1271 816/1273/1273 813/1270/1270
f 814/1271/1271 810/1267/1267 815/1272/1272 816/1273/1273
f 813/1270/1270 811/1268/1268 698/1150/1150
f 808/1265/1265 812/1269/1269 813/1270/1270
f 698/1150/1150 808/1265/1265 813/1270/1270
f 809/1266/1266 699/1151/1151 700/1152/1152
f 693/1145/1145 692/1144/1144 809/1266/1266
f 700/1152/1152 693/1145/1145 809/1266/1266
f 702/1154/1154 695/1147/1147 694/1146/1146 701/1153/1153
f 825/1284/1284 695/1147/1147 702/1154/1154
f 703/1155/1155 696/1148/1148 825/1284/1284
f 702/1154/1154 703/1155/1155 825/1284/1284
f 822/1281/1281 696/1148/1148 703/1155/1155
f 704/1156/1156 697/1149/1149 822/1281/1281
f 703/1155/1155 704/1156/1156 822/1281/1281
f 819/1276/1276 697/1149/1149 704/1156/1156
f 705/1157/1157 698/1150/1150 819/1276/1276
f 704/1156/1156 705/1157/1157 819/1276/1276
f 808/1265/1265 698/1150/1150 705/1157/1157
f 706/1158/1158 699/1151/1151 808/1265/1265
f 705/1157/1157 706/1158/1158 808/1265/1265
f 707/1159/1159 700/1152/1152 699/1151/1151 706/1158/1158
f 709/1161/1161 702/1154/1154 701/1153/1153 708/1160/1160
f 840/1308/1308 710/1162/1162 703/1155/1155
f 702/1154/1154 709/1161/1161 840/1308/1308
f 703/1155/1155 702/1154/1154 840/1308/1308
f 711/1163/1163 704/1156/1156 703/1155/1155 710/1162/1162
f 844/1313/1313 712/1164/1164 705/1157/1157
f 704/1156/1156 711/1163/1163 844/1313/1313
f 705/1157/1157 704/1156/1156 844/1313/1313
f 837/1302/1302 713/1165/1165 706/1158/1158
f 705/1157/1157 712/1164/1164 837/1302/1302
f 706/1158/1158 705/1157/1157 837/1302/1302
f 714/1166/1166 707/1159/1159 706/1158/1158 713/1165/1165
f 841/1309/1309 709/1161/1161 708/1160/1160
f 715/1167/1167 716/1168/1168 841/1309/1309
f 708/1160/1160 715/1167/1167 841/1309/1309
f 842/1310/1310 840/1308/1308 709/1161/1161 841/1309/1309
f 839/1307/1307 842/1310/1310 841/1309/1309 716/1168/1168
f 720/1172/1172 836/1301/1301 838/1303/1303 835/1300/1300
f 836/1301/1301 713/1165/1165 837/1302/1302 838/1303/1303
f 836/1301/1301 720/1172/1172 721/1173/1173
f 714/1166/1166 713/1165/1165 836/1301/1301
f 721/1173/1173 714/1166/1166 836/1301/1301
f 723/1175/1175 716/1168/1168 715/1167/1167 722/1174/1174
f 839/1307/1307 716/1168/1168 723/1175/1175
f 724/1176/1176 717/1169/1169 839/1307/1307
f 723/1175/1175 724/1176/1176 839/1307/1307
f 725/1177/1177 718/1170/1170 717/1169/1169 724/1176/1176
f 843/1312/1312 718/1170/1170 725/1177/1177
f 726/1178/1178 719/1171/1171 843/1312/1312
f 725/1177/1177 726/1178/1178 843/1312/1312
f 835/1300/1300 719/1171/1171 726/1178/1178
f 727/1179/1179 720/1172/1172 835/1300/1300
f 726/1178/1178 727/1179/1179 835/1300/1300
f 728/1180/1180 721/1173/1173 720/1172/1172 727/1179/1179
f 730/1182/1182 723/1175/1175 722/1174/1174 729/1181/1181
f 731/1183/1183 724/1176/1176 723/1175/1175 730/1182/1182
f 732/1184/1184 725/1177/1177 724/1176/1176 731/1183/1183
f 733/1185/1185 726/1178/1178 725/1177/1177 732/1184/1184
f 734/1186/1186 727/1179/1179 726/1178/1178 733/1185/1185
f 735/1187/1187 728/1180/1180 727/1179/1179 734/1186/1186
f 737/1189/1189 730/1182/1182 729/1181/1181 736/1188/1188
f 738/1190/1190 731/1183/1183 730/1182/1182 737/1189/1189
f 739/1191/1191 732/1184/1184 731/1183/1183 738/1190/1190
f 740/1192/1192 733/1185/1185 732/1184/1184 739/1191/1191
f 741/1193/1193 734/1186/1186 733/1185/1185 740/1192/1192
f 742/1194/1194 735/1187/1187 734/1186/1186 741/1193/1193
f 744/1196/1196 737/1189/1189 736/1188/1188 743/1195/1195
f 745/1197/1197 738/1190/1190 737/1189/1189 744/1196/1196
f 746/1198/1198 739/1191/1191 738/1190/1190 745/1197/1197
f 747/1199/1199 740/1192/1192 739/1191/1191 746/1198/1198
f 748/1200/1200 741/1193/1193 740/1192/1192 747/1199/1199
f 749/1201/1201 742/1194/1194 741/1193/1193 748/1200/1200
f 751/1203/1203 744/1196/1196 743/1195/1195 750/1202/1202
f 752/1204/1204 745/1197/1197 744/1196/1196 751/1203/1203
f 753/1205/1205 746/1198/1198 745/1197/1197 752/1204/1204
f 754/1206/1206 747/1199/1199 746/1198/1198 753/1205/1205
f 755/1207/1207 748/1200/1200 747/1199/1199 754/1206/1206
f 756/1208/1208 749/1201/1201 748/1200/1200 755/1207/1207
f 758/1210/1210 751/1203/1203 750/1202/1202 757/1209/1209
f 759/1211/1211 752/1204/1204 751/1203/1203 758/1210/1210
f 760/1212/1212 753/1205/1205 752/1204/1204 759/1211/1211
f 761/1213/1213 754/1206/1206 753/1205/1205 760/1212/1212
f 762/1214/1214 755/1207/1207 754/1206/1206 761/1213/1213
f 763/1215/1215 756/1208/1208 755/1207/1207 762/1214/1214
f 765/1217/1217 758/1210/1210 757/1209/1209 764/1216/1216
f 766/1218/1218 759/1211/1211 758/1210/1210 765/1217/1217
f 767/1219/1219 760/1212/1212 759/1211/1211 766/1218/1218
f 768/1220/1220 761/1213/1213 760/1212/1212 767/1219/1219
f 769/1221/1221 762/1214/1214 761/1213/1213 768/1220/1220
f 770/1222/1222 763/1215/1215 762/1214/1214 769/1221/1221
f 833/1294/1294 688/1227/1227 681/1140/1140
f 690/1142/1142 833/1294/1294 681/1140/1140
f 834/1295/1295 688/1227/1227 833/1294/1294
f 833/1294/1294 690/1142/1142 691/1143/1143
f 775/1229/1229 690/1142/1142 774/1228/1228
f 690/1142/1142 681/1140/1140 774/1228/1228
f 830/1291/1291 834/1295/1295 826/1285/1285
f 834/1295/1295 830/1291/1291 688/1227/1227
f 845/1315/1315 830/1291/1291 573/1289/1289 576/1296/1296
f 830/1291/1291 845/1315/1315 688/1227/1227
f 573/1289/1289 830/1291/1291 574/1288/1288
f 689/1226/1226 688/1227/1227 845/1315/1315
f 574/1288/1288 832/1293/1293 566/1280/1280
f 832/1293/1293 829/1290/1290 566/1280/1280
f 566/1280/1280 823/1282/1282 824/1283/1283
f 830/1291/1291 832/1293/1293 574/1288/1288
f 694/1146/1146 775/1229/1229 776/1230/1230
f 701/1153/1153 694/1146/1146 776/1230/1230 777/1231/1231
f 701/1153/1153 777/1231/1231 778/1232/1232
f 779/1233/1233 708/1160/1160 778/1232/1232
f 701/1153/1153 778/1232/1232 708/1160/1160
f 829/1290/1290 823/1282/1282 566/1280/1280
f 824/1283/1283 820/1277/1277 568/1279/1279
f 568/1279/1279 566/1280/1280 824/1283/1283
f 842/1310/1310 550/1306/1306 840/1308/1308
f 840/1308/1308 550/1306/1306 710/1162/1162
f 711/1163/1163 710/1162/1162 550/1306/1306 556/1314/1314
f 715/1167/1167 708/1160/1160 779/1233/1233 780/1234/1234
f 775/1229/1229 694/1146/1146 690/1142/1142
f 820/1277/1277 821/1278/1278 568/1279/1279
f 562/1262/1262 815/1272/1272 846/1316/1316
f 845/1315/1315 846/1316/1316 689/1226/1226
f 846/1316/1316 845/1315/1315 576/1296/1296 562/1262/1262
f 818/1275/1275 846/1316/1316 815/1272/1272
f 816/1273/1273 563/1263/1263 558/1264/1264
f 562/1262/1262 563/1263/1263 815/1272/1272
f 816/1273/1273 815/1272/1272 563/1263/1263
f 817/1274/1274 689/1226/1226 818/1275/1275
f 818/1275/1275 689/1226/1226 846/1316/1316
f 693/1145/1145 682/1141/1141 817/1274/1274
f 689/1226/1226 817/1274/1274 682/1141/1141
f 692/1144/1144 693/1145/1145 817/1274/1274
f 806/1260/1260 807/1261/1261 693/1145/1145
f 693/1145/1145 807/1261/1261 682/1141/1141
f 818/1275/1275 815/1272/1272 810/1267/1267
f 813/1270/1270 816/1273/1273 558/1264/1264
f 811/1268/1268 813/1270/1270 558/1264/1264
f 556/1314/1314 844/1313/1313 711/1163/1163
f 537/1297/1297 837/1302/1302 712/1164/1164
f 712/1164/1164 844/1313/1313 537/1297/1297
f 558/1264/1264 568/1279/1279 821/1278/1278 811/1268/1268
f 805/1259/1259 806/1260/1260 700/1152/1152
f 700/1152/1152 806/1260/1260 693/1145/1145
f 804/1258/1258 805/1259/1259 700/1152/1152 707/1159/1159
f 707/1159/1159 714/1166/1166 803/1257/1257 804/1258/1258
f 714/1166/1166 802/1256/1256 803/1257/1257
f 714/1166/1166 721/1173/1173 801/1255/1255 802/1256/1256
f 780/1234/1234 781/1235/1235 722/1174/1174 715/1167/1167
f 729/1181/1181 722/1174/1174 782/1236/1236
f 783/1237/1237 784/1238/1238 736/1188/1188 729/1181/1181
f 729/1181/1181 782/1236/1236 783/1237/1237
f 781/1235/1235 782/1236/1236 722/1174/1174
f 553/1304/1304 842/1310/1310 839/1307/1307
f 842/1310/1310 553/1304/1304 552/1305/1305
f 553/1304/1304 839/1307/1307 717/1169/1169
f 555/1311/1311 553/1304/1304 717/1169/1169 718/1170/1170
f 784/1238/1238 785/1239/1239 743/1195/1195 736/1188/1188
f 743/1195/1195 785/1239/1239 786/1240/1240
f 750/1202/1202 786/1240/1240 787/1241/1241
f 757/1209/1209 788/1242/1242 789/1243/1243
f 764/1216/1216 790/1244/1244 771/1223/1223
f 764/1216/1216 789/1243/1243 790/1244/1244
f 787/1241/1241 788/1242/1242 757/1209/1209 750/1202/1202
f 786/1240/1240 750/1202/1202 743/1195/1195
f 789/1243/1243 764/1216/1216 757/1209/1209
f 772/1224/1224 766/1218/1218 765/1217/1217
f 768/1220/1220 767/1219/1219 772/1224/1224
f 766/1218/1218 772/1224/1224 767/1219/1219
f 765/1217/1217 764/1216/1216 771/1223/1223
f 765/1217/1217 771/1223/1223 772/1224/1224
f 844/1313/1313 556/1314/1314 537/1297/1297
f 542/1298/1298 838/1303/1303 537/1297/1297
f 835/1300/1300 543/1299/1299 719/1171/1171
f 843/1312/1312 719/1171/1171 543/1299/1299
f 843/1312/1312 543/1299/1299 555/1311/1311
f 543/1299/1299 838/1303/1303 542/1298/1298
f 543/1299/1299 835/1300/1300 838/1303/1303
f 800/1254/1254 801/1255/1255 721/1173/1173 728/1180/1180
f 799/1253/1253 728/1180/1180 735/1187/1187
f 728/1180/1180 799/1253/1253 800/1254/1254
f 799/1253/1253 735/1187/1187 798/1252/1252
f 843/1312/1312 555/1311/1311 718/1170/1170
f 537/1297/1297 838/1303/1303 837/1302/1302
f 797/1251/1251 798/1252/1252 735/1187/1187 742/1194/1194
f 749/1201/1201 756/1208/1208 794/1248/1248 795/1249/1249
f 742/1194/1194 749/1201/1201 796/1250/1250 797/1251/1251
f 769/1221/1221 768/1220/1220 772/1224/1224
f 756/1208/1208 763/1215/1215 793/1247/1247 794/1248/1248
f 770/1222/1222 769/1221/1221 773/1225/1225
f 763/1215/1215 770/1222/1222 792/1246/1246 793/1247/1247
f 795/1249/1249 796/1250/1250 749/1201/1201
f 770/1222/1222 773/1225/1225 791/1245/1245
f 791/1245/1245 792/1246/1246 770/1222/1222
f 769/1221/1221 772/1224/1224 773/1225/1225
f 842/1310/1310 552/1305/1305 550/1306/1306
f 772/1323/1323 771/1317/1317 847/1319/1319
f 772/1323/1323 848/1320/1320 773/1318/1318
f 848/1320/1320 772/1323/1323 847/1319/1319
f 847/1319/1319 851/1324/1324 848/1320/1320
f 851/1324/1324 850/1322/1322 848/1320/1320
f 849/1321/1321 851/1324/1324 847/1319/1319
f 857/1330/1330 856/1329/1329 852/1325/1325
f 858/1331/1331 853/1326/1326 856/1329/1329
f 854/1327/1327 855/1328/1328 858/1331/1331 857/1330/1330
f 856/1329/1329 857/1330/1330 858/1331/1331
f 859/1338/1338 866/1345/1345 855/1333/1333 854/1332/1332
f 860/1339/1339 865/1344/1344 866/1345/1345 859/1338/1338
f 861/1340/1340 864/1343/1343 865/1344/1344 860/1339/1339
f 584/1336/1336 862/1341/1341 577/1334/1334
f 583/1337/1337 862/1341/1341 584/1336/1336
f 862/1341/1341 863/1342/1342 864/1343/1343 861/1340/1340
f 863/1342/1342 583/1337/1337 578/1335/1335
f 863/1342/1342 862/1341/1341 583/1337/1337
f 867/1346/1346 913/1410/1410 914/1411/1411 898/1387/1387
f 899/1388/1388 905/1394/1394 904/1393/1393
f 903/1392/1392 897/1386/1386 904/1393/1393 905/1394/1394
f 899/1388/1388 910/1407/1407 912/1409/1409 909/1406/1406
f 910/1407/1407 898/1387/1387 911/1408/1408 912/1409/1409
f 904/1393/1393 910/1407/1407 899/1388/1388
f 910/1407/1407 867/1346/1346 898/1387/1387
f 867/1346/1346 904/1393/1393 897/1386/1386
f 904/1393/1393 867/1346/1346 910/1407/1407
f 894/1383/1383 868/1347/1347 895/1384/1384 896/1385/1385
f 870/1349/1349 906/1395/1395 908/1397/1397 901/1390/1390
f 903/1392/1392 908/1397/1397 897/1386/1386
f 901/1390/1390 903/1392/1392 868/1347/1347
f 908/1397/1397 903/1392/1392 901/1390/1390
f 908/1397/1397 907/1396/1396 867/1346/1346 897/1386/1386
f 906/1395/1395 869/1348/1348 907/1396/1396 908/1397/1397
f 900/1389/1389 870/1349/1349 901/1390/1390 902/1391/1391
f 906/1395/1395 871/1350/1350 869/1348/1348
f 872/1351/1351 906/1395/1395 870/1349/1349
f 871/1350/1350 906/1395/1395 872/1351/1351
f 875/1354/1354 874/1353/1353 871/1350/1350 872/1351/1351
f 876/1355/1355 875/1354/1354 872/1351/1351 873/1352/1352
f 878/1357/1357 877/1356/1356 874/1353/1353 875/1354/1354
f 879/1358/1358 878/1357/1357 875/1354/1354 876/1355/1355
f 881/1360/1360 880/1359/1359 877/1356/1356 878/1357/1357
f 893/1374/1374 878/1357/1357 879/1358/1358
f 881/1360/1360 893/1374/1374 882/1361/1361
f 878/1357/1357 893/1374/1374 881/1360/1360
f 884/1363/1363 883/1362/1362 880/1359/1359 881/1360/1360
f 885/1364/1364 884/1363/1363 881/1360/1360 882/1361/1361
f 888/1367/1367 887/1366/1366 883/1362/1362 884/1363/1363
f 928/1454/1454 925/1451/1451 890/1369/1369
f 925/1451/1451 885/1364/1364 886/1365/1365
f 885/1364/1364 928/1454/1454 889/1368/1368
f 928/1454/1454 885/1364/1364 925/1451/1451
f 892/1371/1371 927/1453/1453 930/1456/1456 922/1448/1448
f 927/1453/1453 891/1370/1370 929/1455/1455 930/1456/1456
f 931/1457/1457 935/1461/1461 923/1449/1449
f 936/1462/1462 931/1457/1457 924/1450/1450
f 935/1461/1461 931/1457/1457 936/1462/1462
f 924/1450/1450 931/1457/1457 934/1460/1460 932/1458/1458
f 931/1457/1457 923/1449/1449 933/1459/1459 934/1460/1460
f 935/1461/1461 926/1452/1452 923/1449/1449
f 926/1452/1452 892/1371/1371 922/1448/1448
f 892/1371/1371 935/1461/1461 921/1447/1447
f 935/1461/1461 892/1371/1371 926/1452/1452
f 942/1469/1469 943/1470/1470 944/1471/1471
f 937/1463/1463 927/1453/1453 892/1371/1371
f 914/1411/1411 681/1412/1412 911/1408/1408
f 774/1413/1413 681/1412/1412 914/1411/1411
f 649/1405/1405 911/1408/1408 681/1412/1412
f 913/1410/1410 775/1414/1414 774/1413/1413 914/1411/1411
f 913/1410/1410 776/1415/1415 775/1414/1414
f 911/1408/1408 898/1387/1387 914/1411/1411
f 656/1403/1403 909/1406/1406 657/1404/1404
f 649/1405/1405 657/1404/1404 912/1409/1409
f 655/1402/1402 909/1406/1406 656/1403/1403
f 657/1404/1404 909/1406/1406 912/1409/1409
f 912/1409/1409 911/1408/1408 649/1405/1405
f 909/1406/1406 655/1402/1402 899/1388/1388
f 867/1346/1346 907/1396/1396 913/1410/1410
f 907/1396/1396 777/1416/1416 776/1415/1415
f 869/1348/1348 778/1417/1417 777/1416/1416
f 871/1350/1350 780/1419/1419 779/1418/1418
f 874/1353/1353 782/1421/1421 781/1420/1420
f 871/1350/1350 781/1420/1420 780/1419/1419
f 869/1348/1348 779/1418/1418 778/1417/1417
f 869/1348/1348 777/1416/1416 907/1396/1396
f 874/1353/1353 781/1420/1420 871/1350/1350
f 869/1348/1348 871/1350/1350 779/1418/1418
f 877/1356/1356 784/1423/1423 783/1422/1422
f 784/1423/1423 877/1356/1356 785/1424/1424
f 874/1353/1353 877/1356/1356 783/1422/1422
f 783/1422/1422 782/1421/1421 874/1353/1353
f 913/1410/1410 907/1396/1396 776/1415/1415
f 654/1401/1401 653/1400/1400 899/1388/1388
f 899/1388/1388 655/1402/1402 654/1401/1401
f 624/1382/1382 905/1394/1394 651/1398/1398
f 899/1388/1388 652/1399/1399 905/1394/1394
f 905/1394/1394 652/1399/1399 651/1398/1398
f 903/1392/1392 905/1394/1394 895/1384/1384 868/1347/1347
f 899/1388/1388 653/1400/1400 652/1399/1399
f 896/1385/1385 624/1382/1382 585/1381/1381
f 895/1384/1384 905/1394/1394 624/1382/1382
f 894/1383/1383 896/1385/1385 585/1381/1381
f 624/1382/1382 896/1385/1385 895/1384/1384
f 894/1383/1383 901/1390/1390 868/1347/1347
f 585/1381/1381 599/1380/1380 894/1383/1383
f 894/1383/1383 599/1380/1380 902/1391/1391
f 902/1391/1391 901/1390/1390 894/1383/1383
f 872/1351/1351 870/1349/1349 900/1389/1389
f 598/1379/1379 900/1389/1389 902/1391/1391
f 597/1378/1378 900/1389/1389 598/1379/1379
f 872/1351/1351 900/1389/1389 873/1352/1352
f 596/1377/1377 876/1355/1355 873/1352/1352
f 873/1352/1352 900/1389/1389 597/1378/1378
f 599/1380/1380 598/1379/1379 902/1391/1391
f 596/1377/1377 873/1352/1352 597/1378/1378
f 595/1376/1376 594/1375/1375 879/1358/1358
f 595/1376/1376 876/1355/1355 596/1377/1377
f 577/1372/1372 893/1374/1374 879/1358/1358
f 577/1372/1372 594/1375/1375 579/1373/1373
f 882/1361/1361 893/1374/1374 577/1372/1372
f 879/1358/1358 594/1375/1375 577/1372/1372
f 876/1355/1355 595/1376/1376 879/1358/1358
f 880/1359/1359 786/1425/1425 785/1424/1424 877/1356/1356
f 880/1359/1359 787/1426/1426 786/1425/1425
f 788/1427/1427 787/1426/1426 880/1359/1359
f 883/1362/1362 788/1427/1427 880/1359/1359
f 790/1429/1429 789/1428/1428 883/1362/1362
f 789/1428/1428 788/1427/1427 883/1362/1362
f 790/1429/1429 887/1366/1366 938/1464/1464
f 885/1364/1364 889/1368/1368 888/1367/1367 884/1363/1363
f 889/1368/1368 939/1465/1465 888/1367/1367
f 887/1366/1366 790/1429/1429 883/1362/1362
f 885/1364/1364 882/1361/1361 862/1440/1440
f 938/1464/1464 771/1430/1430 790/1429/1429
f 577/1372/1372 862/1440/1440 882/1361/1361
f 917/1443/1443 945/1472/1472 847/1431/1431
f 917/1443/1443 771/1430/1430 938/1464/1464
f 939/1465/1465 938/1464/1464 887/1366/1366
f 55/1433/1433 849/1432/1432 945/1472/1472
f 917/1443/1443 916/1442/1442 945/1472/1472
f 847/1431/1431 945/1472/1472 849/1432/1432
f 917/1443/1443 847/1431/1431 771/1430/1430
f 887/1366/1366 888/1367/1367 939/1465/1465
f 891/1370/1370 916/1442/1442 929/1455/1455
f 915/1441/1441 922/1448/1448 930/1456/1456
f 915/1441/1441 930/1456/1456 916/1442/1442
f 916/1442/1442 930/1456/1456 929/1455/1455
f 945/1472/1472 891/1370/1370 940/1466/1466
f 945/1472/1472 916/1442/1442 891/1370/1370
f 940/1466/1466 891/1370/1370 927/1453/1453
f 941/1467/1467 852/1434/1434 39/1468/1468
f 55/1433/1433 945/1472/1472 940/1466/1466
f 941/1467/1467 940/1466/1466 942/1469/1469
f 862/1440/1440 861/1439/1439 885/1364/1364
f 861/1439/1439 886/1365/1365 885/1364/1364
f 860/1438/1438 886/1365/1365 861/1439/1439
f 859/1437/1437 925/1451/1451 860/1438/1438
f 933/1459/1459 922/1448/1448 915/1441/1441
f 859/1437/1437 890/1369/1369 925/1451/1451
f 889/1368/1368 928/1454/1454 939/1465/1465
f 886/1365/1365 860/1438/1438 925/1451/1451
f 919/1445/1445 918/1444/1444 859/1437/1437
f 918/1444/1444 890/1369/1369 859/1437/1437
f 859/1437/1437 920/1446/1446 919/1445/1445
f 928/1454/1454 890/1369/1369 918/1444/1444
f 854/1436/1436 920/1446/1446 859/1437/1437
f 920/1446/1446 932/1458/1458 915/1441/1441
f 934/1460/1460 915/1441/1441 932/1458/1458
f 934/1460/1460 933/1459/1459 915/1441/1441
f 939/1465/1465 928/1454/1454 918/1444/1444
f 854/1436/1436 932/1458/1458 920/1446/1446
f 926/1452/1452 922/1448/1448 933/1459/1459
f 927/1453/1453 937/1463/1463 943/1470/1470
f 943/1470/1470 940/1466/1466 927/1453/1453
f 944/1471/1471 852/1434/1434 942/1469/1469
f 941/1467/1467 942/1469/1469 852/1434/1434
f 852/1434/1434 944/1471/1471 937/1463/1463
f 944/1471/1471 943/1470/1470 937/1463/1463
f 937/1463/1463 857/1435/1435 852/1434/1434
f 943/1470/1470 942/1469/1469 940/1466/1466
f 857/1435/1435 937/1463/1463 892/1371/1371
f 933/1459/1459 923/1449/1449 926/1452/1452
f 932/1458/1458 854/1436/1436 924/1450/1450
f 924/1450/1450 854/1436/1436 936/1462/1462
f 857/1435/1435 921/1447/1447 936/1462/1462
f 935/1461/1461 936/1462/1462 921/1447/1447
f 936/1462/1462 854/1436/1436 857/1435/1435
f 921/1447/1447 857/1435/1435 892/1371/1371
f 851/1477/1477 849/1473/1473 55/1478/1478
f 851/1477/1477 323/1479/1479 850/1474/1474
f 946/1480/1480 851/1477/1477 55/1478/1478
f 946/1480/1480 947/1481/1481 851/1477/1477
f 307/1476/1476 323/1479/1479 947/1481/1481
f 947/1481/1481 323/1479/1479 851/1477/1477
f 29/1475/1475 946/1480/1480 55/1478/1478
f 951/1492/1492 949/1490/1490 948/1489/1489 950/1491/1491
f 950/1491/1491 948/1489/1489 952/1493/1493 953/1494/1494
f 946/1496/1496 29/1482/1482 952/1493/1493
f 39/1486/1486 952/1493/1493 29/1482/1482
f 948/1489/1489 946/1496/1496 952/1493/1493
f 949/1490/1490 307/1483/1483 947/1495/1495
f 947/1495/1495 948/1489/1489 949/1490/1490
f 948/1489/1489 947/1495/1495 946/1496/1496
f 296/1488/1488 307/1483/1483 949/1490/1490
f 852/1484/1484 953/1494/1494 39/1486/1486
f 852/1484/1484 856/1487/1487 953/1494/1494
f 950/1491/1491 953/1494/1494 856/1487/1487
f 853/1485/1485 296/1488/1488 951/1492/1492
f 951/1492/1492 296/1488/1488 949/1490/1490
f 951/1492/1492 856/1487/1487 853/1485/1485
f 856/1487/1487 951/1492/1492 950/1491/1491
f 953/1494/1494 952/1493/1493 39/1486/1486
f 954/1497/1497 985/1538/1538 1001/1562/1562 1000/1561/1561
f 986/1539/1539 991/1544/1544 992/1545/1545
f 990/1543/1543 992/1545/1545 991/1544/1544 984/1537/1537
f 986/1539/1539 996/1557/1557 999/1560/1560 997/1558/1558
f 997/1558/1558 999/1560/1560 998/1559/1559 985/1538/1538
f 991/1544/1544 986/1539/1539 997/1558/1558
f 997/1558/1558 985/1538/1538 954/1497/1497
f 954/1497/1497 984/1537/1537 991/1544/1544
f 991/1544/1544 997/1558/1558 954/1497/1497
f 981/1534/1534 983/1536/1536 982/1535/1535 955/1498/1498
f 957/1500/1500 988/1541/1541 995/1548/1548 993/1546/1546
f 990/1543/1543 984/1537/1537 995/1548/1548
f 988/1541/1541 955/1498/1498 990/1543/1543
f 995/1548/1548 988/1541/1541 990/1543/1543
f 995/1548/1548 984/1537/1537 954/1497/1497 994/1547/1547
f 993/1546/1546 995/1548/1548 994/1547/1547 956/1499/1499
f 987/1540/1540 989/1542/1542 988/1541/1541 957/1500/1500
f 993/1546/1546 956/1499/1499 958/1501/1501
f 959/1502/1502 957/1500/1500 993/1546/1546
f 958/1501/1501 959/1502/1502 993/1546/1546
f 962/1505/1505 959/1502/1502 958/1501/1501 961/1504/1504
f 963/1506/1506 960/1503/1503 959/1502/1502 962/1505/1505
f 965/1508/1508 962/1505/1505 961/1504/1504 964/1507/1507
f 966/1509/1509 963/1506/1506 962/1505/1505 965/1508/1508
f 968/1511/1511 965/1508/1508 964/1507/1507 967/1510/1510
f 980/1525/1525 966/1509/1509 965/1508/1508
f 968/1511/1511 969/1512/1512 980/1525/1525
f 965/1508/1508 968/1511/1511 980/1525/1525
f 971/1514/1514 968/1511/1511 967/1510/1510 970/1513/1513
f 972/1515/1515 969/1512/1512 968/1511/1511 971/1514/1514
f 975/1518/1518 971/1514/1514 970/1513/1513 974/1517/1517
f 1009/1605/1605 977/1520/1520 1006/1602/1602
f 1006/1602/1602 973/1516/1516 972/1515/1515
f 972/1515/1515 976/1519/1519 1009/1605/1605
f 1009/1605/1605 1006/1602/1602 972/1515/1515
f 979/1522/1522 1003/1599/1599 1011/1607/1607 1008/1604/1604
f 1008/1604/1604 1011/1607/1607 1010/1606/1606 978/1521/1521
f 1012/1608/1608 1004/1600/1600 1016/1612/1612
f 1017/1613/1613 1005/1601/1601 1012/1608/1608
f 1016/1612/1612 1017/1613/1613 1012/1608/1608
f 1005/1601/1601 1013/1609/1609 1015/1611/1611 1012/1608/1608
f 1012/1608/1608 1015/1611/1611 1014/1610/1610 1004/1600/1600
f 1016/1612/1612 1004/1600/1600 1007/1603/1603
f 1007/1603/1603 1003/1599/1599 979/1522/1522
f 979/1522/1522 1002/1598/1598 1016/1612/1612
f 1016/1612/1612 1007/1603/1603 979/1522/1522
f 1019/1620/1620 1021/1622/1622 1020/1621/1621
f 1018/1614/1614 979/1522/1522 1008/1604/1604
f 1001/1562/1562 998/1559/1559 682/1563/1563
f 807/1564/1564 1001/1562/1562 682/1563/1563
f 650/1556/1556 682/1563/1563 998/1559/1559
f 1000/1561/1561 1001/1562/1562 807/1564/1564 806/1565/1565
f 1000/1561/1561 806/1565/1565 805/1566/1566
f 998/1559/1559 1001/1562/1562 985/1538/1538
f 668/1554/1554 667/1555/1555 996/1557/1557
f 650/1556/1556 999/1560/1560 667/1555/1555
f 669/1553/1553 668/1554/1554 996/1557/1557
f 667/1555/1555 999/1560/1560 996/1557/1557
f 999/1560/1560 650/1556/1556 998/1559/1559
f 996/1557/1557 986/1539/1539 669/1553/1553
f 954/1497/1497 1000/1561/1561 994/1547/1547
f 994/1547/1547 805/1566/1566 804/1567/1567
f 956/1499/1499 804/1567/1567 803/1568/1568
f 958/1501/1501 802/1569/1569 801/1570/1570
f 961/1504/1504 800/1571/1571 799/1572/1572
f 958/1501/1501 801/1570/1570 800/1571/1571
f 956/1499/1499 803/1568/1568 802/1569/1569
f 956/1499/1499 994/1547/1547 804/1567/1567
f 961/1504/1504 958/1501/1501 800/1571/1571
f 956/1499/1499 802/1569/1569 958/1501/1501
f 964/1507/1507 798/1573/1573 797/1574/1574
f 797/1574/1574 796/1575/1575 964/1507/1507
f 961/1504/1504 798/1573/1573 964/1507/1507
f 798/1573/1573 961/1504/1504 799/1572/1572
f 1000/1561/1561 805/1566/1566 994/1547/1547
f 670/1552/1552 669/1553/1553 986/1539/1539
f 671/1551/1551 670/1552/1552 986/1539/1539
f 626/1533/1533 673/1549/1549 992/1545/1545
f 986/1539/1539 992/1545/1545 672/1550/1550
f 992/1545/1545 673/1549/1549 672/1550/1550
f 990/1543/1543 955/1498/1498 982/1535/1535 992/1545/1545
f 986/1539/1539 672/1550/1550 671/1551/1551
f 983/1536/1536 586/1532/1532 626/1533/1533
f 982/1535/1535 626/1533/1533 992/1545/1545
f 981/1534/1534 586/1532/1532 983/1536/1536
f 626/1533/1533 982/1535/1535 983/1536/1536
f 981/1534/1534 955/1498/1498 988/1541/1541
f 586/1532/1532 981/1534/1534 618/1531/1531
f 981/1534/1534 989/1542/1542 618/1531/1531
f 989/1542/1542 981/1534/1534 988/1541/1541
f 959/1502/1502 987/1540/1540 957/1500/1500
f 619/1530/1530 989/1542/1542 987/1540/1540
f 620/1529/1529 619/1530/1530 987/1540/1540
f 959/1502/1502 960/1503/1503 987/1540/1540
f 621/1528/1528 960/1503/1503 963/1506/1506
f 960/1503/1503 620/1529/1529 987/1540/1540
f 618/1531/1531 989/1542/1542 619/1530/1530
f 621/1528/1528 620/1529/1529 960/1503/1503
f 622/1527/1527 966/1509/1509 623/1526/1526
f 622/1527/1527 621/1528/1528 963/1506/1506
f 578/1523/1523 966/1509/1509 980/1525/1525
f 578/1523/1523 580/1524/1524 623/1526/1526
f 969/1512/1512 578/1523/1523 980/1525/1525
f 966/1509/1509 578/1523/1523 623/1526/1526
f 963/1506/1506 966/1509/1509 622/1527/1527
f 967/1510/1510 964/1507/1507 796/1575/1575 795/1576/1576
f 967/1510/1510 795/1576/1576 794/1577/1577
f 793/1578/1578 967/1510/1510 794/1577/1577
f 970/1513/1513 967/1510/1510 793/1578/1578
f 791/1580/1580 970/1513/1513 792/1579/1579
f 792/1579/1579 970/1513/1513 793/1578/1578
f 791/1580/1580 264/1615/1615 974/1517/1517
f 972/1515/1515 971/1514/1514 975/1518/1518 976/1519/1519
f 976/1519/1519 975/1518/1518 263/1616/1616
f 974/1517/1517 970/1513/1513 791/1580/1580
f 972/1515/1515 863/1591/1591 969/1512/1512
f 264/1615/1615 791/1580/1580 773/1581/1581
f 578/1523/1523 969/1512/1512 863/1591/1591
f 1022/1623/1623 227/1594/1594 848/1582/1582
f 227/1594/1594 264/1615/1615 773/1581/1581
f 263/1616/1616 974/1517/1517 264/1615/1615
f 323/1584/1584 1022/1623/1623 850/1583/1583
f 227/1594/1594 1022/1623/1623 228/1593/1593
f 848/1582/1582 850/1583/1583 1022/1623/1623
f 227/1594/1594 773/1581/1581 848/1582/1582
f 974/1517/1517 263/1616/1616 975/1518/1518
f 978/1521/1521 1010/1606/1606 228/1593/1593
f 209/1592/1592 1011/1607/1607 1003/1599/1599
f 209/1592/1592 228/1593/1593 1011/1607/1607
f 228/1593/1593 1010/1606/1606 1011/1607/1607
f 1022/1623/1623 324/1617/1617 978/1521/1521
f 1022/1623/1623 978/1521/1521 228/1593/1593
f 324/1617/1617 1008/1604/1604 978/1521/1521
f 345/1618/1618 296/1619/1619 853/1585/1585
f 323/1584/1584 324/1617/1617 1022/1623/1623
f 345/1618/1618 1019/1620/1620 324/1617/1617
f 863/1591/1591 972/1515/1515 864/1590/1590
f 864/1590/1590 972/1515/1515 973/1516/1516
f 865/1589/1589 864/1590/1590 973/1516/1516
f 866/1588/1588 865/1589/1589 1006/1602/1602
f 1014/1610/1610 209/1592/1592 1003/1599/1599
f 866/1588/1588 1006/1602/1602 977/1520/1520
f 976/1519/1519 263/1616/1616 1009/1605/1605
f 973/1516/1516 1006/1602/1602 865/1589/1589
f 237/1596/1596 866/1588/1588 236/1595/1595
f 236/1595/1595 866/1588/1588 977/1520/1520
f 866/1588/1588 237/1596/1596 232/1597/1597
f 1009/1605/1605 236/1595/1595 977/1520/1520
f 855/1587/1587 866/1588/1588 232/1597/1597
f 232/1597/1597 209/1592/1592 1013/1609/1609
f 1015/1611/1611 1013/1609/1609 209/1592/1592
f 1015/1611/1611 209/1592/1592 1014/1610/1610
f 263/1616/1616 236/1595/1595 1009/1605/1605
f 855/1587/1587 232/1597/1597 1013/1609/1609
f 1007/1603/1603 1014/1610/1610 1003/1599/1599
f 1008/1604/1604 1020/1621/1621 1018/1614/1614
f 1020/1621/1621 1008/1604/1604 324/1617/1617
f 1021/1622/1622 1019/1620/1620 853/1585/1585
f 345/1618/1618 853/1585/1585 1019/1620/1620
f 853/1585/1585 1018/1614/1614 1021/1622/1622
f 1021/1622/1622 1018/1614/1614 1020/1621/1621
f 1018/1614/1614 853/1585/1585 858/1586/1586
f 1020/1621/1621 324/1617/1617 1019/1620/1620
f 858/1586/1586 979/1522/1522 1018/1614/1614
f 1014/1610/1610 1007/1603/1603 1004/1600/1600
f 1013/1609/1609 1005/1601/1601 855/1587/1587
f 1005/1601/1601 1017/1613/1613 855/1587/1587
f 858/1586/1586 1017/1613/1613 1002/1598/1598
f 1016/1612/1612 1002/1598/1598 1017/1613/1613
f 1017/1613/1613 858/1586/1586 855/1587/1587
f 1002/1598/1598 979/1522/1522 858/1586/1586
f 1034/1637/1637 1031/1634/1634 1035/1638/1638 1036/1639/1639
f 1029/1632/1632 1027/1630/1630 1030/1633/1633 1031/1634/1634
f 1029/1632/1632 1025/1627/1627 1027/1630/1630
f 1026/1629/1629 1029/1632/1632 1028/1631/1631
f 1025/1627/1627 1029/1632/1632 1026/1629/1629
f 1025/1627/1627 1032/1635/1635 1033/1636/1636 1027/1630/1630
f 1024/1626/1626 1023/1625/1625 1035/1638/1638
f 1030/1633/1633 1024/1626/1626 1035/1638/1638
f 1031/1634/1634 1034/1637/1637 1029/1632/1632
f 1024/1626/1626 1030/1633/1633 1033/1636/1636
f 1035/1638/1638 1031/1634/1634 1030/1633/1633
f 1033/1636/1636 1037/1641/1641 1024/1626/1626
f 1040/1646/1646 1023/1625/1625 105/1628/1628
f 1040/1646/1646 105/1628/1628 106/1640/1640
f 1023/1625/1625 1040/1646/1646 1034/1637/1637
f 1034/1637/1637 1040/1646/1646 1028/1631/1631
f 1036/1639/1639 1023/1625/1625 1034/1637/1637
f 1023/1625/1625 1036/1639/1639 1035/1638/1638
f 1027/1630/1630 1033/1636/1636 1030/1633/1633
f 916/1642/1642 1032/1635/1635 1025/1627/1627
f 1032/1635/1635 916/1642/1642 917/1624/1624
f 1037/1641/1641 1032/1635/1635 917/1624/1624
f 1032/1635/1635 1037/1641/1641 1033/1636/1636
f 916/1642/1642 1025/1627/1627 1026/1629/1629
f 1040/1646/1646 1039/1645/1645 1026/1629/1629
f 1028/1631/1631 1040/1646/1646 1026/1629/1629
f 1034/1637/1637 1028/1631/1631 1029/1632/1632
f 1026/1629/1629 1038/1644/1644 916/1642/1642
f 915/1643/1643 916/1642/1642 1038/1644/1644
f 1039/1645/1645 1038/1644/1644 1026/1629/1629
f 1041/1649/1649 919/1652/1652 920/1648/1648
f 1043/1651/1651 918/1647/1647 919/1652/1652
f 1042/1650/1650 1043/1651/1651 1041/1649/1649
f 919/1652/1652 1041/1649/1649 1043/1651/1651
f 1044/1657/1657 1046/1659/1659 1047/1660/1660 1045/1658/1658
f 1048/1661/1661 1044/1657/1657 1045/1658/1658 1049/1662/1662
f 1046/1659/1659 1042/1654/1654 1047/1660/1660
f 1041/1655/1655 1047/1660/1660 1042/1654/1654
f 1047/1660/1660 1041/1655/1655 1045/1658/1658
f 920/1656/1656 1045/1658/1658 1041/1655/1655
f 1051/1665/1665 1052/1666/1666 1038/1668/1668 1039/1669/1669
f 1050/1664/1664 1051/1665/1665 1039/1669/1669 1040/1670/1670
f 1044/1657/1657 1052/1666/1666 1046/1659/1659
f 111/1663/1663 1050/1664/1664 1040/1670/1670 106/1653/1653
f 1046/1659/1659 1052/1666/1666 1042/1654/1654
f 920/1656/1656 1049/1662/1662 1045/1658/1658
f 920/1656/1656 915/1667/1667 1049/1662/1662
f 915/1667/1667 1048/1661/1661 1049/1662/1662
f 915/1667/1667 1038/1668/1668 1048/1661/1661
f 1044/1657/1657 1048/1661/1661 1038/1668/1668
f 1052/1666/1666 1044/1657/1657 1038/1668/1668
f 1054/1676/1676 1062/1688/1688 1053/1675/1675
f 1059/1681/1681 1058/1680/1680 1060/1682/1682 1061/1683/1683
f 1058/1680/1680 1056/1678/1678 1057/1679/1679
f 1054/1676/1676 1053/1675/1675 1055/1677/1677 1056/1678/1678
f 1062/1688/1688 1064/1690/1690 1063/1689/1689 1053/1675/1675
f 1060/1682/1682 1057/1679/1679 939/1694/1694
f 938/1671/1671 939/1694/1694 1055/1677/1677
f 918/1674/1674 1060/1682/1682 939/1694/1694
f 1056/1678/1678 1055/1677/1677 1057/1679/1679
f 939/1694/1694 1057/1679/1679 1055/1677/1677
f 1058/1680/1680 1057/1679/1679 1060/1682/1682
f 1055/1677/1677 1063/1689/1689 938/1671/1671
f 1042/1672/1672 1061/1683/1683 1043/1673/1673
f 918/1674/1674 1043/1673/1673 1061/1683/1683
f 1060/1682/1682 918/1674/1674 1061/1683/1683
f 1058/1680/1680 1059/1681/1681 1052/1693/1693
f 1042/1672/1672 1059/1681/1681 1061/1683/1683
f 1052/1693/1693 1059/1681/1681 1042/1672/1672
f 1052/1693/1693 1056/1678/1678 1058/1680/1680
f 1055/1677/1677 1053/1675/1675 1063/1689/1689
f 1064/1690/1690 1065/1695/1695 1063/1689/1689
f 206/1685/1685 207/1684/1684 1064/1690/1690
f 1065/1695/1695 1064/1690/1690 207/1684/1684
f 1062/1688/1688 205/1686/1686 206/1685/1685 1064/1690/1690
f 1051/1692/1692 1054/1676/1676 1052/1693/1693
f 1052/1693/1693 1054/1676/1676 1056/1678/1678
f 1050/1691/1691 1054/1676/1676 1051/1692/1692
f 111/1687/1687 205/1686/1686 1062/1688/1688
f 1062/1688/1688 1050/1691/1691 111/1687/1687
f 1054/1676/1676 1050/1691/1691 1062/1688/1688
f 1065/1695/1695 938/1671/1671 1063/1689/1689
f 1037/1700/1700 917/1701/1701 1065/1702/1702
f 938/1696/1696 1065/1702/1702 917/1701/1701
f 207/1698/1698 1037/1700/1700 1065/1702/1702
f 1024/1699/1699 1037/1700/1700 208/1697/1697
f 207/1698/1698 208/1697/1697 1037/1700/1700
f 1079/1722/1722 1067/1710/1710 1068/1711/1711
f 1069/1712/1712 1079/1722/1722 1070/1713/1713
f 1067/1710/1710 1079/1722/1722 1069/1712/1712
f 1075/1718/1718 1070/1713/1713 1071/1714/1714
f 1072/1715/1715 1075/1718/1718 1073/1716/1716
f 1070/1713/1713 1075/1718/1718 1072/1715/1715
f 1071/1714/1714 1074/1717/1717 1077/1720/1720 1075/1718/1718
f 1075/1718/1718 1077/1720/1720 1076/1719/1719 1073/1716/1716
f 1068/1711/1711 1078/1721/1721 1080/1723/1723 1079/1722/1722
f 1079/1722/1722 1080/1723/1723 1071/1714/1714 1070/1713/1713
f 1066/1709/1709 1081/1724/1724 1083/1726/1726 1082/1725/1725
f 1082/1725/1725 1083/1726/1726 1068/1711/1711 1067/1710/1710
f 1076/1719/1719 208/1708/1708 43/1703/1703
f 1024/1706/1706 208/1708/1708 1076/1719/1719
f 1073/1716/1716 1076/1719/1719 43/1703/1703
f 1077/1720/1720 1074/1717/1717 1024/1706/1706
f 1076/1719/1719 1077/1720/1720 1024/1706/1706
f 1024/1706/1706 1074/1717/1717 1078/1721/1721
f 54/1705/1705 55/1704/1704 1069/1712/1712
f 1073/1716/1716 43/1703/1703 1072/1715/1715
f 1072/1715/1715 43/1703/1703 54/1705/1705
f 1069/1712/1712 1072/1715/1715 54/1705/1705
f 1072/1715/1715 1069/1712/1712 1070/1713/1713
f 1071/1714/1714 1080/1723/1723 1074/1717/1717
f 1078/1721/1721 1074/1717/1717 1080/1723/1723
f 1083/1726/1726 1078/1721/1721 1068/1711/1711
f 1083/1726/1726 1081/1724/1724 1078/1721/1721
f 1023/1707/1707 1078/1721/1721 1081/1724/1724
f 1023/1707/1707 1081/1724/1724 1066/1709/1709 1084/1727/1727
f 1024/1706/1706 1078/1721/1721 1023/1707/1707
f 1067/1710/1710 55/1704/1704 1082/1725/1725
f 1082/1725/1725 55/1704/1704 1066/1709/1709
f 940/1728/1728 1084/1727/1727 1066/1709/1709
f 1066/1709/1709 55/1704/1704 940/1728/1728
f 1069/1712/1712 55/1704/1704 1067/1710/1710
f 1087/1738/1738 42/1732/1732 27/1730/1730 102/1729/1729
f 1085/1736/1736 40/1734/1734 41/1733/1733 1086/1737/1737
f 941/1735/1735 39/1731/1731 40/1734/1734 1085/1736/1736
f 1086/1737/1737 41/1733/1733 42/1732/1732 1087/1738/1738
f 1088/1745/1745 1089/1747/1747 1091/1749/1749 1090/1748/1748
f 1091/1749/1749 1092/1750/1750 1094/1752/1752 1093/1751/1751
f 1094/1752/1752 105/1741/1741 1023/1746/1746
f 105/1741/1741 1094/1752/1752 1092/1750/1750
f 1092/1750/1750 102/1739/1739 105/1741/1741
f 1093/1751/1751 1094/1752/1752 1023/1746/1746
f 1084/1754/1754 940/1753/1753 1090/1748/1748
f 1090/1748/1748 1093/1751/1751 1084/1754/1754
f 1093/1751/1751 1023/1746/1746 1084/1754/1754
f 1093/1751/1751 1090/1748/1748 1091/1749/1749
f 1091/1749/1749 1089/1747/1747 1092/1750/1750
f 1089/1747/1747 1087/1742/1742 102/1739/1739
f 102/1739/1739 1092/1750/1750 1089/1747/1747
f 1087/1742/1742 1089/1747/1747 1088/1745/1745 1086/1743/1743
f 1085/1744/1744 1086/1743/1743 1088/1745/1745
f 1088/1745/1745 941/1740/1740 1085/1744/1744
f 1088/1745/1745 940/1753/1753 941/1740/1740
f 1090/1748/1748 940/1753/1753 1088/1745/1745
